model_id,model_type,video_id,path,source_identity,label,manipulation,codec_environment,score,probability,prediction
trimoe,three_domain_moe,0,original_faces_c23/953,ffpp_test:68,0,real,canonical,0.3136604428291321,0.3136604428291321,0
trimoe,three_domain_moe,1,original_faces_c23/974,ffpp_test:68,0,real,canonical,0.34015390276908875,0.34015390276908875,0
trimoe,three_domain_moe,2,deepfakes_faces_c23/953_974,ffpp_test:68,1,deepfakes,canonical,0.6189019083976746,0.6189019083976746,0
trimoe,three_domain_moe,3,deepfakes_faces_c23/974_953,ffpp_test:68,1,deepfakes,canonical,0.7652571201324463,0.7652571201324463,1
trimoe,three_domain_moe,4,face2face_faces_c23/953_974,ffpp_test:68,1,face2face,canonical,0.8289459943771362,0.8289459943771362,1
trimoe,three_domain_moe,5,face2face_faces_c23/974_953,ffpp_test:68,1,face2face,canonical,0.7605373859405518,0.7605373859405518,1
trimoe,three_domain_moe,6,faceswap_faces_c23/953_974,ffpp_test:68,1,faceswap,canonical,0.8222877383232117,0.8222877383232117,1
trimoe,three_domain_moe,7,faceswap_faces_c23/974_953,ffpp_test:68,1,faceswap,canonical,0.8136353492736816,0.8136353492736816,1
trimoe,three_domain_moe,8,neuraltextures_faces_c23/953_974,ffpp_test:68,1,neuraltextures,canonical,0.7824468612670898,0.7824468612670898,1
trimoe,three_domain_moe,9,neuraltextures_faces_c23/974_953,ffpp_test:68,1,neuraltextures,canonical,0.47340404987335205,0.47340404987335205,0
trimoe,three_domain_moe,10,original_faces_c23/012,ffpp_test:1,0,real,canonical,0.4419476389884949,0.4419476389884949,1
trimoe,three_domain_moe,11,original_faces_c23/026,ffpp_test:1,0,real,canonical,0.33701473474502563,0.33701473474502563,1
trimoe,three_domain_moe,12,deepfakes_faces_c23/012_026,ffpp_test:1,1,deepfakes,canonical,0.46300041675567627,0.46300041675567627,1
trimoe,three_domain_moe,13,deepfakes_faces_c23/026_012,ffpp_test:1,1,deepfakes,canonical,0.7788047194480896,0.7788047194480896,1
trimoe,three_domain_moe,14,face2face_faces_c23/012_026,ffpp_test:1,1,face2face,canonical,0.5067291259765625,0.5067291259765625,1
trimoe,three_domain_moe,15,face2face_faces_c23/026_012,ffpp_test:1,1,face2face,canonical,0.49342358112335205,0.49342358112335205,1
trimoe,three_domain_moe,16,faceswap_faces_c23/012_026,ffpp_test:1,1,faceswap,canonical,0.7923177480697632,0.7923177480697632,1
trimoe,three_domain_moe,17,faceswap_faces_c23/026_012,ffpp_test:1,1,faceswap,canonical,0.7542990446090698,0.7542990446090698,1
trimoe,three_domain_moe,18,neuraltextures_faces_c23/012_026,ffpp_test:1,1,neuraltextures,canonical,0.7342149615287781,0.7342149615287781,1
trimoe,three_domain_moe,19,neuraltextures_faces_c23/026_012,ffpp_test:1,1,neuraltextures,canonical,0.41273850202560425,0.41273850202560425,1
trimoe,three_domain_moe,20,original_faces_c23/078,ffpp_test:8,0,real,canonical,0.24428127706050873,0.24428127706050873,0
trimoe,three_domain_moe,21,original_faces_c23/955,ffpp_test:8,0,real,canonical,0.3775331676006317,0.3775331676006317,1
trimoe,three_domain_moe,22,deepfakes_faces_c23/078_955,ffpp_test:8,1,deepfakes,canonical,0.8283298015594482,0.8283298015594482,1
trimoe,three_domain_moe,23,deepfakes_faces_c23/955_078,ffpp_test:8,1,deepfakes,canonical,0.5027158260345459,0.5027158260345459,1
trimoe,three_domain_moe,24,face2face_faces_c23/078_955,ffpp_test:8,1,face2face,canonical,0.7091151475906372,0.7091151475906372,1
trimoe,three_domain_moe,25,face2face_faces_c23/955_078,ffpp_test:8,1,face2face,canonical,0.8247706294059753,0.8247706294059753,1
trimoe,three_domain_moe,26,faceswap_faces_c23/078_955,ffpp_test:8,1,faceswap,canonical,0.805718183517456,0.805718183517456,1
trimoe,three_domain_moe,27,faceswap_faces_c23/955_078,ffpp_test:8,1,faceswap,canonical,0.8314725756645203,0.8314725756645203,1
trimoe,three_domain_moe,28,neuraltextures_faces_c23/078_955,ffpp_test:8,1,neuraltextures,canonical,0.7872878909111023,0.7872878909111023,1
trimoe,three_domain_moe,29,neuraltextures_faces_c23/955_078,ffpp_test:8,1,neuraltextures,canonical,0.8287464380264282,0.8287464380264282,1
trimoe,three_domain_moe,30,original_faces_c23/623,ffpp_test:51,0,real,canonical,0.3488897681236267,0.3488897681236267,0
trimoe,three_domain_moe,31,original_faces_c23/630,ffpp_test:51,0,real,canonical,0.399044007062912,0.399044007062912,0
trimoe,three_domain_moe,32,deepfakes_faces_c23/623_630,ffpp_test:51,1,deepfakes,canonical,0.3382304310798645,0.3382304310798645,0
trimoe,three_domain_moe,33,deepfakes_faces_c23/630_623,ffpp_test:51,1,deepfakes,canonical,0.792574405670166,0.792574405670166,1
trimoe,three_domain_moe,34,face2face_faces_c23/623_630,ffpp_test:51,1,face2face,canonical,0.45003360509872437,0.45003360509872437,0
trimoe,three_domain_moe,35,face2face_faces_c23/630_623,ffpp_test:51,1,face2face,canonical,0.8073202967643738,0.8073202967643738,1
trimoe,three_domain_moe,36,faceswap_faces_c23/623_630,ffpp_test:51,1,faceswap,canonical,0.6817693710327148,0.6817693710327148,1
trimoe,three_domain_moe,37,faceswap_faces_c23/630_623,ffpp_test:51,1,faceswap,canonical,0.8077864646911621,0.8077864646911621,1
trimoe,three_domain_moe,38,neuraltextures_faces_c23/623_630,ffpp_test:51,1,neuraltextures,canonical,0.4913606643676758,0.4913606643676758,0
trimoe,three_domain_moe,39,neuraltextures_faces_c23/630_623,ffpp_test:51,1,neuraltextures,canonical,0.7286046743392944,0.7286046743392944,1
trimoe,three_domain_moe,40,original_faces_c23/919,ffpp_test:2,0,real,canonical,0.39593857526779175,0.39593857526779175,0
trimoe,three_domain_moe,41,original_faces_c23/015,ffpp_test:2,0,real,canonical,0.45979592204093933,0.45979592204093933,0
trimoe,three_domain_moe,42,deepfakes_faces_c23/919_015,ffpp_test:2,1,deepfakes,canonical,0.8004574179649353,0.8004574179649353,1
trimoe,three_domain_moe,43,deepfakes_faces_c23/015_919,ffpp_test:2,1,deepfakes,canonical,0.7813255786895752,0.7813255786895752,1
trimoe,three_domain_moe,44,face2face_faces_c23/919_015,ffpp_test:2,1,face2face,canonical,0.8017412424087524,0.8017412424087524,1
trimoe,three_domain_moe,45,face2face_faces_c23/015_919,ffpp_test:2,1,face2face,canonical,0.5182080864906311,0.5182080864906311,0
trimoe,three_domain_moe,46,faceswap_faces_c23/919_015,ffpp_test:2,1,faceswap,canonical,0.8217183351516724,0.8217183351516724,1
trimoe,three_domain_moe,47,faceswap_faces_c23/015_919,ffpp_test:2,1,faceswap,canonical,0.8029453754425049,0.8029453754425049,1
trimoe,three_domain_moe,48,neuraltextures_faces_c23/919_015,ffpp_test:2,1,neuraltextures,canonical,0.7736600637435913,0.7736600637435913,1
trimoe,three_domain_moe,49,neuraltextures_faces_c23/015_919,ffpp_test:2,1,neuraltextures,canonical,0.7907142639160156,0.7907142639160156,1
trimoe,three_domain_moe,50,original_faces_c23/367,ffpp_test:30,0,real,canonical,0.3514252305030823,0.3514252305030823,0
trimoe,three_domain_moe,51,original_faces_c23/371,ffpp_test:30,0,real,canonical,0.48459136486053467,0.48459136486053467,0
trimoe,three_domain_moe,52,deepfakes_faces_c23/367_371,ffpp_test:30,1,deepfakes,canonical,0.781598687171936,0.781598687171936,1
trimoe,three_domain_moe,53,deepfakes_faces_c23/371_367,ffpp_test:30,1,deepfakes,canonical,0.7577230930328369,0.7577230930328369,1
trimoe,three_domain_moe,54,face2face_faces_c23/367_371,ffpp_test:30,1,face2face,canonical,0.44673216342926025,0.44673216342926025,0
trimoe,three_domain_moe,55,face2face_faces_c23/371_367,ffpp_test:30,1,face2face,canonical,0.8216639757156372,0.8216639757156372,1
trimoe,three_domain_moe,56,faceswap_faces_c23/367_371,ffpp_test:30,1,faceswap,canonical,0.8013148307800293,0.8013148307800293,1
trimoe,three_domain_moe,57,faceswap_faces_c23/371_367,ffpp_test:30,1,faceswap,canonical,0.8302047252655029,0.8302047252655029,1
trimoe,three_domain_moe,58,neuraltextures_faces_c23/367_371,ffpp_test:30,1,neuraltextures,canonical,0.4904540181159973,0.4904540181159973,0
trimoe,three_domain_moe,59,neuraltextures_faces_c23/371_367,ffpp_test:30,1,neuraltextures,canonical,0.8143836259841919,0.8143836259841919,1
trimoe,three_domain_moe,60,original_faces_c23/847,ffpp_test:65,0,real,canonical,0.368060827255249,0.368060827255249,0
trimoe,three_domain_moe,61,original_faces_c23/906,ffpp_test:65,0,real,canonical,0.2914994955062866,0.2914994955062866,0
trimoe,three_domain_moe,62,deepfakes_faces_c23/847_906,ffpp_test:65,1,deepfakes,canonical,0.8201453685760498,0.8201453685760498,1
trimoe,three_domain_moe,63,deepfakes_faces_c23/906_847,ffpp_test:65,1,deepfakes,canonical,0.820196807384491,0.820196807384491,1
trimoe,three_domain_moe,64,face2face_faces_c23/847_906,ffpp_test:65,1,face2face,canonical,0.8235738277435303,0.8235738277435303,1
trimoe,three_domain_moe,65,face2face_faces_c23/906_847,ffpp_test:65,1,face2face,canonical,0.7860755324363708,0.7860755324363708,1
trimoe,three_domain_moe,66,faceswap_faces_c23/847_906,ffpp_test:65,1,faceswap,canonical,0.7820233106613159,0.7820233106613159,1
trimoe,three_domain_moe,67,faceswap_faces_c23/906_847,ffpp_test:65,1,faceswap,canonical,0.8054248690605164,0.8054248690605164,1
trimoe,three_domain_moe,68,neuraltextures_faces_c23/847_906,ffpp_test:65,1,neuraltextures,canonical,0.8174223899841309,0.8174223899841309,1
trimoe,three_domain_moe,69,neuraltextures_faces_c23/906_847,ffpp_test:65,1,neuraltextures,canonical,0.8095722198486328,0.8095722198486328,1
trimoe,three_domain_moe,70,original_faces_c23/529,ffpp_test:46,0,real,canonical,0.16493678092956543,0.16493678092956543,0
trimoe,three_domain_moe,71,original_faces_c23/633,ffpp_test:46,0,real,canonical,0.4989045560359955,0.4989045560359955,0
trimoe,three_domain_moe,72,deepfakes_faces_c23/529_633,ffpp_test:46,1,deepfakes,canonical,0.5744084715843201,0.5744084715843201,0
trimoe,three_domain_moe,73,deepfakes_faces_c23/633_529,ffpp_test:46,1,deepfakes,canonical,0.8229956030845642,0.8229956030845642,1
trimoe,three_domain_moe,74,face2face_faces_c23/529_633,ffpp_test:46,1,face2face,canonical,0.49836570024490356,0.49836570024490356,0
trimoe,three_domain_moe,75,face2face_faces_c23/633_529,ffpp_test:46,1,face2face,canonical,0.7881137728691101,0.7881137728691101,1
trimoe,three_domain_moe,76,faceswap_faces_c23/529_633,ffpp_test:46,1,faceswap,canonical,0.5214440822601318,0.5214440822601318,0
trimoe,three_domain_moe,77,faceswap_faces_c23/633_529,ffpp_test:46,1,faceswap,canonical,0.8239757418632507,0.8239757418632507,1
trimoe,three_domain_moe,78,neuraltextures_faces_c23/529_633,ffpp_test:46,1,neuraltextures,canonical,0.4965376555919647,0.4965376555919647,0
trimoe,three_domain_moe,79,neuraltextures_faces_c23/633_529,ffpp_test:46,1,neuraltextures,canonical,0.6840972304344177,0.6840972304344177,1
trimoe,three_domain_moe,80,original_faces_c23/418,ffpp_test:36,0,real,canonical,0.40030714869499207,0.40030714869499207,0
trimoe,three_domain_moe,81,original_faces_c23/507,ffpp_test:36,0,real,canonical,0.504210352897644,0.504210352897644,0
trimoe,three_domain_moe,82,deepfakes_faces_c23/418_507,ffpp_test:36,1,deepfakes,canonical,0.8219432234764099,0.8219432234764099,1
trimoe,three_domain_moe,83,deepfakes_faces_c23/507_418,ffpp_test:36,1,deepfakes,canonical,0.8287355899810791,0.8287355899810791,1
trimoe,three_domain_moe,84,face2face_faces_c23/418_507,ffpp_test:36,1,face2face,canonical,0.8144468069076538,0.8144468069076538,1
trimoe,three_domain_moe,85,face2face_faces_c23/507_418,ffpp_test:36,1,face2face,canonical,0.8054536581039429,0.8054536581039429,1
trimoe,three_domain_moe,86,faceswap_faces_c23/418_507,ffpp_test:36,1,faceswap,canonical,0.8265084028244019,0.8265084028244019,1
trimoe,three_domain_moe,87,faceswap_faces_c23/507_418,ffpp_test:36,1,faceswap,canonical,0.8130450248718262,0.8130450248718262,1
trimoe,three_domain_moe,88,neuraltextures_faces_c23/418_507,ffpp_test:36,1,neuraltextures,canonical,0.7666184306144714,0.7666184306144714,1
trimoe,three_domain_moe,89,neuraltextures_faces_c23/507_418,ffpp_test:36,1,neuraltextures,canonical,0.7496742010116577,0.7496742010116577,1
trimoe,three_domain_moe,90,original_faces_c23/227,ffpp_test:16,0,real,canonical,0.45509132742881775,0.45509132742881775,1
trimoe,three_domain_moe,91,original_faces_c23/169,ffpp_test:16,0,real,canonical,0.3931760787963867,0.3931760787963867,1
trimoe,three_domain_moe,92,deepfakes_faces_c23/227_169,ffpp_test:16,1,deepfakes,canonical,0.8205079436302185,0.8205079436302185,1
trimoe,three_domain_moe,93,deepfakes_faces_c23/169_227,ffpp_test:16,1,deepfakes,canonical,0.8094778060913086,0.8094778060913086,1
trimoe,three_domain_moe,94,face2face_faces_c23/227_169,ffpp_test:16,1,face2face,canonical,0.4523337781429291,0.4523337781429291,1
trimoe,three_domain_moe,95,face2face_faces_c23/169_227,ffpp_test:16,1,face2face,canonical,0.49424290657043457,0.49424290657043457,1
trimoe,three_domain_moe,96,faceswap_faces_c23/227_169,ffpp_test:16,1,faceswap,canonical,0.8196669816970825,0.8196669816970825,1
trimoe,three_domain_moe,97,faceswap_faces_c23/169_227,ffpp_test:16,1,faceswap,canonical,0.8081576824188232,0.8081576824188232,1
trimoe,three_domain_moe,98,neuraltextures_faces_c23/227_169,ffpp_test:16,1,neuraltextures,canonical,0.46381592750549316,0.46381592750549316,1
trimoe,three_domain_moe,99,neuraltextures_faces_c23/169_227,ffpp_test:16,1,neuraltextures,canonical,0.8122155070304871,0.8122155070304871,1
trimoe,three_domain_moe,100,original_faces_c23/389,ffpp_test:33,0,real,canonical,0.42607277631759644,0.42607277631759644,1
trimoe,three_domain_moe,101,original_faces_c23/480,ffpp_test:33,0,real,canonical,0.3412832021713257,0.3412832021713257,0
trimoe,three_domain_moe,102,deepfakes_faces_c23/389_480,ffpp_test:33,1,deepfakes,canonical,0.7350858449935913,0.7350858449935913,1
trimoe,three_domain_moe,103,deepfakes_faces_c23/480_389,ffpp_test:33,1,deepfakes,canonical,0.7884851694107056,0.7884851694107056,1
trimoe,three_domain_moe,104,face2face_faces_c23/389_480,ffpp_test:33,1,face2face,canonical,0.8227441310882568,0.8227441310882568,1
trimoe,three_domain_moe,105,face2face_faces_c23/480_389,ffpp_test:33,1,face2face,canonical,0.8028192520141602,0.8028192520141602,1
trimoe,three_domain_moe,106,faceswap_faces_c23/389_480,ffpp_test:33,1,faceswap,canonical,0.537194550037384,0.537194550037384,0
trimoe,three_domain_moe,107,faceswap_faces_c23/480_389,ffpp_test:33,1,faceswap,canonical,0.7097303867340088,0.7097303867340088,1
trimoe,three_domain_moe,108,neuraltextures_faces_c23/389_480,ffpp_test:33,1,neuraltextures,canonical,0.8256463408470154,0.8256463408470154,1
trimoe,three_domain_moe,109,neuraltextures_faces_c23/480_389,ffpp_test:33,1,neuraltextures,canonical,0.7995392084121704,0.7995392084121704,1
trimoe,three_domain_moe,110,original_faces_c23/821,ffpp_test:64,0,real,canonical,0.47040271759033203,0.47040271759033203,0
trimoe,three_domain_moe,111,original_faces_c23/812,ffpp_test:64,0,real,canonical,0.3936474323272705,0.3936474323272705,1
trimoe,three_domain_moe,112,deepfakes_faces_c23/821_812,ffpp_test:64,1,deepfakes,canonical,0.7944860458374023,0.7944860458374023,1
trimoe,three_domain_moe,113,deepfakes_faces_c23/812_821,ffpp_test:64,1,deepfakes,canonical,0.6690504550933838,0.6690504550933838,1
trimoe,three_domain_moe,114,face2face_faces_c23/821_812,ffpp_test:64,1,face2face,canonical,0.8229544162750244,0.8229544162750244,1
trimoe,three_domain_moe,115,face2face_faces_c23/812_821,ffpp_test:64,1,face2face,canonical,0.8013291358947754,0.8013291358947754,1
trimoe,three_domain_moe,116,faceswap_faces_c23/821_812,ffpp_test:64,1,faceswap,canonical,0.8132781982421875,0.8132781982421875,1
trimoe,three_domain_moe,117,faceswap_faces_c23/812_821,ffpp_test:64,1,faceswap,canonical,0.8014034032821655,0.8014034032821655,1
trimoe,three_domain_moe,118,neuraltextures_faces_c23/821_812,ffpp_test:64,1,neuraltextures,canonical,0.787388265132904,0.787388265132904,1
trimoe,three_domain_moe,119,neuraltextures_faces_c23/812_821,ffpp_test:64,1,neuraltextures,canonical,0.7738286852836609,0.7738286852836609,1
trimoe,three_domain_moe,120,original_faces_c23/670,ffpp_test:54,0,real,canonical,0.4228896498680115,0.4228896498680115,1
trimoe,three_domain_moe,121,original_faces_c23/661,ffpp_test:54,0,real,canonical,0.4720558822154999,0.4720558822154999,0
trimoe,three_domain_moe,122,deepfakes_faces_c23/670_661,ffpp_test:54,1,deepfakes,canonical,0.8263155221939087,0.8263155221939087,1
trimoe,three_domain_moe,123,deepfakes_faces_c23/661_670,ffpp_test:54,1,deepfakes,canonical,0.3767109513282776,0.3767109513282776,0
trimoe,three_domain_moe,124,face2face_faces_c23/670_661,ffpp_test:54,1,face2face,canonical,0.8203071355819702,0.8203071355819702,1
trimoe,three_domain_moe,125,face2face_faces_c23/661_670,ffpp_test:54,1,face2face,canonical,0.7818235754966736,0.7818235754966736,1
trimoe,three_domain_moe,126,faceswap_faces_c23/670_661,ffpp_test:54,1,faceswap,canonical,0.7730525732040405,0.7730525732040405,1
trimoe,three_domain_moe,127,faceswap_faces_c23/661_670,ffpp_test:54,1,faceswap,canonical,0.8284232020378113,0.8284232020378113,1
trimoe,three_domain_moe,128,neuraltextures_faces_c23/670_661,ffpp_test:54,1,neuraltextures,canonical,0.803519606590271,0.803519606590271,1
trimoe,three_domain_moe,129,neuraltextures_faces_c23/661_670,ffpp_test:54,1,neuraltextures,canonical,0.7121769189834595,0.7121769189834595,1
trimoe,three_domain_moe,130,original_faces_c23/158,ffpp_test:15,0,real,canonical,0.47306665778160095,0.47306665778160095,0
trimoe,three_domain_moe,131,original_faces_c23/379,ffpp_test:15,0,real,canonical,0.43564602732658386,0.43564602732658386,0
trimoe,three_domain_moe,132,deepfakes_faces_c23/158_379,ffpp_test:15,1,deepfakes,canonical,0.5095739960670471,0.5095739960670471,0
trimoe,three_domain_moe,133,deepfakes_faces_c23/379_158,ffpp_test:15,1,deepfakes,canonical,0.7797731161117554,0.7797731161117554,1
trimoe,three_domain_moe,134,face2face_faces_c23/158_379,ffpp_test:15,1,face2face,canonical,0.5110476613044739,0.5110476613044739,0
trimoe,three_domain_moe,135,face2face_faces_c23/379_158,ffpp_test:15,1,face2face,canonical,0.49564051628112793,0.49564051628112793,0
trimoe,three_domain_moe,136,faceswap_faces_c23/158_379,ffpp_test:15,1,faceswap,canonical,0.4773932695388794,0.4773932695388794,0
trimoe,three_domain_moe,137,faceswap_faces_c23/379_158,ffpp_test:15,1,faceswap,canonical,0.6640844345092773,0.6640844345092773,1
trimoe,three_domain_moe,138,neuraltextures_faces_c23/158_379,ffpp_test:15,1,neuraltextures,canonical,0.508001446723938,0.508001446723938,0
trimoe,three_domain_moe,139,neuraltextures_faces_c23/379_158,ffpp_test:15,1,neuraltextures,canonical,0.47385773062705994,0.47385773062705994,0
trimoe,three_domain_moe,140,original_faces_c23/423,ffpp_test:37,0,real,canonical,0.4653223156929016,0.4653223156929016,0
trimoe,three_domain_moe,141,original_faces_c23/421,ffpp_test:37,0,real,canonical,0.2734123170375824,0.2734123170375824,0
trimoe,three_domain_moe,142,deepfakes_faces_c23/423_421,ffpp_test:37,1,deepfakes,canonical,0.7867657542228699,0.7867657542228699,1
trimoe,three_domain_moe,143,deepfakes_faces_c23/421_423,ffpp_test:37,1,deepfakes,canonical,0.7147067785263062,0.7147067785263062,1
trimoe,three_domain_moe,144,face2face_faces_c23/423_421,ffpp_test:37,1,face2face,canonical,0.8126418590545654,0.8126418590545654,1
trimoe,three_domain_moe,145,face2face_faces_c23/421_423,ffpp_test:37,1,face2face,canonical,0.7727452516555786,0.7727452516555786,1
trimoe,three_domain_moe,146,faceswap_faces_c23/423_421,ffpp_test:37,1,faceswap,canonical,0.8185056447982788,0.8185056447982788,1
trimoe,three_domain_moe,147,faceswap_faces_c23/421_423,ffpp_test:37,1,faceswap,canonical,0.6450141072273254,0.6450141072273254,0
trimoe,three_domain_moe,148,neuraltextures_faces_c23/423_421,ffpp_test:37,1,neuraltextures,canonical,0.48858651518821716,0.48858651518821716,0
trimoe,three_domain_moe,149,neuraltextures_faces_c23/421_423,ffpp_test:37,1,neuraltextures,canonical,0.6439120769500732,0.6439120769500732,1
trimoe,three_domain_moe,150,original_faces_c23/352,ffpp_test:28,0,real,canonical,0.4798855185508728,0.4798855185508728,0
trimoe,three_domain_moe,151,original_faces_c23/319,ffpp_test:28,0,real,canonical,0.4883786141872406,0.4883786141872406,0
trimoe,three_domain_moe,152,deepfakes_faces_c23/352_319,ffpp_test:28,1,deepfakes,canonical,0.7453699111938477,0.7453699111938477,1
trimoe,three_domain_moe,153,deepfakes_faces_c23/319_352,ffpp_test:28,1,deepfakes,canonical,0.8003050684928894,0.8003050684928894,1
trimoe,three_domain_moe,154,face2face_faces_c23/352_319,ffpp_test:28,1,face2face,canonical,0.463195264339447,0.463195264339447,0
trimoe,three_domain_moe,155,face2face_faces_c23/319_352,ffpp_test:28,1,face2face,canonical,0.7657038569450378,0.7657038569450378,1
trimoe,three_domain_moe,156,faceswap_faces_c23/352_319,ffpp_test:28,1,faceswap,canonical,0.7496463656425476,0.7496463656425476,1
trimoe,three_domain_moe,157,faceswap_faces_c23/319_352,ffpp_test:28,1,faceswap,canonical,0.8207048177719116,0.8207048177719116,1
trimoe,three_domain_moe,158,neuraltextures_faces_c23/352_319,ffpp_test:28,1,neuraltextures,canonical,0.8014921545982361,0.8014921545982361,1
trimoe,three_domain_moe,159,neuraltextures_faces_c23/319_352,ffpp_test:28,1,neuraltextures,canonical,0.8114219903945923,0.8114219903945923,1
trimoe,three_domain_moe,160,original_faces_c23/579,ffpp_test:48,0,real,canonical,0.4906463623046875,0.4906463623046875,1
trimoe,three_domain_moe,161,original_faces_c23/701,ffpp_test:48,0,real,canonical,0.42794275283813477,0.42794275283813477,1
trimoe,three_domain_moe,162,deepfakes_faces_c23/579_701,ffpp_test:48,1,deepfakes,canonical,0.8166233897209167,0.8166233897209167,1
trimoe,three_domain_moe,163,deepfakes_faces_c23/701_579,ffpp_test:48,1,deepfakes,canonical,0.81700599193573,0.81700599193573,1
trimoe,three_domain_moe,164,face2face_faces_c23/579_701,ffpp_test:48,1,face2face,canonical,0.7988030314445496,0.7988030314445496,1
trimoe,three_domain_moe,165,face2face_faces_c23/701_579,ffpp_test:48,1,face2face,canonical,0.8206741809844971,0.8206741809844971,1
trimoe,three_domain_moe,166,faceswap_faces_c23/579_701,ffpp_test:48,1,faceswap,canonical,0.766204833984375,0.766204833984375,1
trimoe,three_domain_moe,167,faceswap_faces_c23/701_579,ffpp_test:48,1,faceswap,canonical,0.6844029426574707,0.6844029426574707,1
trimoe,three_domain_moe,168,neuraltextures_faces_c23/579_701,ffpp_test:48,1,neuraltextures,canonical,0.8195756673812866,0.8195756673812866,1
trimoe,three_domain_moe,169,neuraltextures_faces_c23/701_579,ffpp_test:48,1,neuraltextures,canonical,0.7634209394454956,0.7634209394454956,1
trimoe,three_domain_moe,170,original_faces_c23/488,ffpp_test:34,0,real,canonical,0.4106237590312958,0.4106237590312958,1
trimoe,three_domain_moe,171,original_faces_c23/399,ffpp_test:34,0,real,canonical,0.7814311385154724,0.7814311385154724,1
trimoe,three_domain_moe,172,deepfakes_faces_c23/488_399,ffpp_test:34,1,deepfakes,canonical,0.7741137742996216,0.7741137742996216,1
trimoe,three_domain_moe,173,deepfakes_faces_c23/399_488,ffpp_test:34,1,deepfakes,canonical,0.7881910800933838,0.7881910800933838,1
trimoe,three_domain_moe,174,face2face_faces_c23/488_399,ffpp_test:34,1,face2face,canonical,0.798064112663269,0.798064112663269,1
trimoe,three_domain_moe,175,face2face_faces_c23/399_488,ffpp_test:34,1,face2face,canonical,0.822087287902832,0.822087287902832,1
trimoe,three_domain_moe,176,faceswap_faces_c23/488_399,ffpp_test:34,1,faceswap,canonical,0.823697566986084,0.823697566986084,1
trimoe,three_domain_moe,177,faceswap_faces_c23/399_488,ffpp_test:34,1,faceswap,canonical,0.8207054138183594,0.8207054138183594,1
trimoe,three_domain_moe,178,neuraltextures_faces_c23/488_399,ffpp_test:34,1,neuraltextures,canonical,0.7694951891899109,0.7694951891899109,1
trimoe,three_domain_moe,179,neuraltextures_faces_c23/399_488,ffpp_test:34,1,neuraltextures,canonical,0.815040111541748,0.815040111541748,1
trimoe,three_domain_moe,180,original_faces_c23/695,ffpp_test:38,0,real,canonical,0.16363033652305603,0.16363033652305603,0
trimoe,three_domain_moe,181,original_faces_c23/422,ffpp_test:38,0,real,canonical,0.4858552813529968,0.4858552813529968,1
trimoe,three_domain_moe,182,deepfakes_faces_c23/695_422,ffpp_test:38,1,deepfakes,canonical,0.5370716452598572,0.5370716452598572,0
trimoe,three_domain_moe,183,deepfakes_faces_c23/422_695,ffpp_test:38,1,deepfakes,canonical,0.7124277353286743,0.7124277353286743,1
trimoe,three_domain_moe,184,face2face_faces_c23/695_422,ffpp_test:38,1,face2face,canonical,0.1830679476261139,0.1830679476261139,0
trimoe,three_domain_moe,185,face2face_faces_c23/422_695,ffpp_test:38,1,face2face,canonical,0.8146039247512817,0.8146039247512817,1
trimoe,three_domain_moe,186,faceswap_faces_c23/695_422,ffpp_test:38,1,faceswap,canonical,0.4597230851650238,0.4597230851650238,0
trimoe,three_domain_moe,187,faceswap_faces_c23/422_695,ffpp_test:38,1,faceswap,canonical,0.2676122486591339,0.2676122486591339,0
trimoe,three_domain_moe,188,neuraltextures_faces_c23/695_422,ffpp_test:38,1,neuraltextures,canonical,0.49473485350608826,0.49473485350608826,0
trimoe,three_domain_moe,189,neuraltextures_faces_c23/422_695,ffpp_test:38,1,neuraltextures,canonical,0.8091315031051636,0.8091315031051636,1
trimoe,three_domain_moe,190,original_faces_c23/288,ffpp_test:25,0,real,canonical,0.4507816731929779,0.4507816731929779,1
trimoe,three_domain_moe,191,original_faces_c23/321,ffpp_test:25,0,real,canonical,0.34642893075942993,0.34642893075942993,0
trimoe,three_domain_moe,192,deepfakes_faces_c23/288_321,ffpp_test:25,1,deepfakes,canonical,0.43571996688842773,0.43571996688842773,1
trimoe,three_domain_moe,193,deepfakes_faces_c23/321_288,ffpp_test:25,1,deepfakes,canonical,0.48980483412742615,0.48980483412742615,0
trimoe,three_domain_moe,194,face2face_faces_c23/288_321,ffpp_test:25,1,face2face,canonical,0.7456496953964233,0.7456496953964233,1
trimoe,three_domain_moe,195,face2face_faces_c23/321_288,ffpp_test:25,1,face2face,canonical,0.49697956442832947,0.49697956442832947,0
trimoe,three_domain_moe,196,faceswap_faces_c23/288_321,ffpp_test:25,1,faceswap,canonical,0.7340885996818542,0.7340885996818542,1
trimoe,three_domain_moe,197,faceswap_faces_c23/321_288,ffpp_test:25,1,faceswap,canonical,0.6555044651031494,0.6555044651031494,0
trimoe,three_domain_moe,198,neuraltextures_faces_c23/288_321,ffpp_test:25,1,neuraltextures,canonical,0.3707060217857361,0.3707060217857361,1
trimoe,three_domain_moe,199,neuraltextures_faces_c23/321_288,ffpp_test:25,1,neuraltextures,canonical,0.44465172290802,0.44465172290802,0
trimoe,three_domain_moe,200,original_faces_c23/705,ffpp_test:57,0,real,canonical,0.4859086871147156,0.4859086871147156,0
trimoe,three_domain_moe,201,original_faces_c23/707,ffpp_test:57,0,real,canonical,0.3548271059989929,0.3548271059989929,0
trimoe,three_domain_moe,202,deepfakes_faces_c23/705_707,ffpp_test:57,1,deepfakes,canonical,0.799226701259613,0.799226701259613,1
trimoe,three_domain_moe,203,deepfakes_faces_c23/707_705,ffpp_test:57,1,deepfakes,canonical,0.8061788082122803,0.8061788082122803,1
trimoe,three_domain_moe,204,face2face_faces_c23/705_707,ffpp_test:57,1,face2face,canonical,0.8080525398254395,0.8080525398254395,1
trimoe,three_domain_moe,205,face2face_faces_c23/707_705,ffpp_test:57,1,face2face,canonical,0.8222672939300537,0.8222672939300537,1
trimoe,three_domain_moe,206,faceswap_faces_c23/705_707,ffpp_test:57,1,faceswap,canonical,0.8301619291305542,0.8301619291305542,1
trimoe,three_domain_moe,207,faceswap_faces_c23/707_705,ffpp_test:57,1,faceswap,canonical,0.7614181041717529,0.7614181041717529,1
trimoe,three_domain_moe,208,neuraltextures_faces_c23/705_707,ffpp_test:57,1,neuraltextures,canonical,0.8069829940795898,0.8069829940795898,1
trimoe,three_domain_moe,209,neuraltextures_faces_c23/707_705,ffpp_test:57,1,neuraltextures,canonical,0.7583686709403992,0.7583686709403992,1
trimoe,three_domain_moe,210,original_faces_c23/306,ffpp_test:24,0,real,canonical,0.47701454162597656,0.47701454162597656,0
trimoe,three_domain_moe,211,original_faces_c23/278,ffpp_test:24,0,real,canonical,0.46290323138237,0.46290323138237,1
trimoe,three_domain_moe,212,deepfakes_faces_c23/306_278,ffpp_test:24,1,deepfakes,canonical,0.7188905477523804,0.7188905477523804,1
trimoe,three_domain_moe,213,deepfakes_faces_c23/278_306,ffpp_test:24,1,deepfakes,canonical,0.4747309386730194,0.4747309386730194,1
trimoe,three_domain_moe,214,face2face_faces_c23/306_278,ffpp_test:24,1,face2face,canonical,0.4633803963661194,0.4633803963661194,0
trimoe,three_domain_moe,215,face2face_faces_c23/278_306,ffpp_test:24,1,face2face,canonical,0.4771406650543213,0.4771406650543213,1
trimoe,three_domain_moe,216,faceswap_faces_c23/306_278,ffpp_test:24,1,faceswap,canonical,0.825474739074707,0.825474739074707,1
trimoe,three_domain_moe,217,faceswap_faces_c23/278_306,ffpp_test:24,1,faceswap,canonical,0.49366992712020874,0.49366992712020874,1
trimoe,three_domain_moe,218,neuraltextures_faces_c23/306_278,ffpp_test:24,1,neuraltextures,canonical,0.731909453868866,0.731909453868866,1
trimoe,three_domain_moe,219,neuraltextures_faces_c23/278_306,ffpp_test:24,1,neuraltextures,canonical,0.45354658365249634,0.45354658365249634,1
trimoe,three_domain_moe,220,original_faces_c23/865,ffpp_test:61,0,real,canonical,0.47224172949790955,0.47224172949790955,0
trimoe,three_domain_moe,221,original_faces_c23/739,ffpp_test:61,0,real,canonical,0.5152770280838013,0.5152770280838013,1
trimoe,three_domain_moe,222,deepfakes_faces_c23/865_739,ffpp_test:61,1,deepfakes,canonical,0.7753579020500183,0.7753579020500183,1
trimoe,three_domain_moe,223,deepfakes_faces_c23/739_865,ffpp_test:61,1,deepfakes,canonical,0.8276431560516357,0.8276431560516357,1
trimoe,three_domain_moe,224,face2face_faces_c23/865_739,ffpp_test:61,1,face2face,canonical,0.4846231937408447,0.4846231937408447,0
trimoe,three_domain_moe,225,face2face_faces_c23/739_865,ffpp_test:61,1,face2face,canonical,0.5461443662643433,0.5461443662643433,1
trimoe,three_domain_moe,226,faceswap_faces_c23/865_739,ffpp_test:61,1,faceswap,canonical,0.7213435173034668,0.7213435173034668,1
trimoe,three_domain_moe,227,faceswap_faces_c23/739_865,ffpp_test:61,1,faceswap,canonical,0.7139622569084167,0.7139622569084167,1
trimoe,three_domain_moe,228,neuraltextures_faces_c23/865_739,ffpp_test:61,1,neuraltextures,canonical,0.7683312296867371,0.7683312296867371,1
trimoe,three_domain_moe,229,neuraltextures_faces_c23/739_865,ffpp_test:61,1,neuraltextures,canonical,0.6193851828575134,0.6193851828575134,1
trimoe,three_domain_moe,230,original_faces_c23/995,ffpp_test:21,0,real,canonical,0.5067723989486694,0.5067723989486694,1
trimoe,three_domain_moe,231,original_faces_c23/233,ffpp_test:21,0,real,canonical,0.49588632583618164,0.49588632583618164,0
trimoe,three_domain_moe,232,deepfakes_faces_c23/995_233,ffpp_test:21,1,deepfakes,canonical,0.7839115858078003,0.7839115858078003,1
trimoe,three_domain_moe,233,deepfakes_faces_c23/233_995,ffpp_test:21,1,deepfakes,canonical,0.8219861388206482,0.8219861388206482,1
trimoe,three_domain_moe,234,face2face_faces_c23/995_233,ffpp_test:21,1,face2face,canonical,0.822065532207489,0.822065532207489,1
trimoe,three_domain_moe,235,face2face_faces_c23/233_995,ffpp_test:21,1,face2face,canonical,0.4730827808380127,0.4730827808380127,0
trimoe,three_domain_moe,236,faceswap_faces_c23/995_233,ffpp_test:21,1,faceswap,canonical,0.8006660342216492,0.8006660342216492,1
trimoe,three_domain_moe,237,faceswap_faces_c23/233_995,ffpp_test:21,1,faceswap,canonical,0.8043038845062256,0.8043038845062256,1
trimoe,three_domain_moe,238,neuraltextures_faces_c23/995_233,ffpp_test:21,1,neuraltextures,canonical,0.8247324228286743,0.8247324228286743,1
trimoe,three_domain_moe,239,neuraltextures_faces_c23/233_995,ffpp_test:21,1,neuraltextures,canonical,0.491788387298584,0.491788387298584,0
trimoe,three_domain_moe,240,original_faces_c23/755,ffpp_test:62,0,real,canonical,0.4827191233634949,0.4827191233634949,1
trimoe,three_domain_moe,241,original_faces_c23/759,ffpp_test:62,0,real,canonical,0.5097007751464844,0.5097007751464844,0
trimoe,three_domain_moe,242,deepfakes_faces_c23/755_759,ffpp_test:62,1,deepfakes,canonical,0.8182965517044067,0.8182965517044067,1
trimoe,three_domain_moe,243,deepfakes_faces_c23/759_755,ffpp_test:62,1,deepfakes,canonical,0.7922865748405457,0.7922865748405457,1
trimoe,three_domain_moe,244,face2face_faces_c23/755_759,ffpp_test:62,1,face2face,canonical,0.7950517535209656,0.7950517535209656,1
trimoe,three_domain_moe,245,face2face_faces_c23/759_755,ffpp_test:62,1,face2face,canonical,0.779542863368988,0.779542863368988,1
trimoe,three_domain_moe,246,faceswap_faces_c23/755_759,ffpp_test:62,1,faceswap,canonical,0.8166970014572144,0.8166970014572144,1
trimoe,three_domain_moe,247,faceswap_faces_c23/759_755,ffpp_test:62,1,faceswap,canonical,0.750208854675293,0.750208854675293,1
trimoe,three_domain_moe,248,neuraltextures_faces_c23/755_759,ffpp_test:62,1,neuraltextures,canonical,0.7850445508956909,0.7850445508956909,1
trimoe,three_domain_moe,249,neuraltextures_faces_c23/759_755,ffpp_test:62,1,neuraltextures,canonical,0.7946531176567078,0.7946531176567078,1
trimoe,three_domain_moe,250,original_faces_c23/467,ffpp_test:43,0,real,canonical,0.456277459859848,0.456277459859848,0
trimoe,three_domain_moe,251,original_faces_c23/462,ffpp_test:43,0,real,canonical,0.405348539352417,0.405348539352417,1
trimoe,three_domain_moe,252,deepfakes_faces_c23/467_462,ffpp_test:43,1,deepfakes,canonical,0.4814184606075287,0.4814184606075287,0
trimoe,three_domain_moe,253,deepfakes_faces_c23/462_467,ffpp_test:43,1,deepfakes,canonical,0.80162113904953,0.80162113904953,1
trimoe,three_domain_moe,254,face2face_faces_c23/467_462,ffpp_test:43,1,face2face,canonical,0.7696358561515808,0.7696358561515808,1
trimoe,three_domain_moe,255,face2face_faces_c23/462_467,ffpp_test:43,1,face2face,canonical,0.8306354284286499,0.8306354284286499,1
trimoe,three_domain_moe,256,faceswap_faces_c23/467_462,ffpp_test:43,1,faceswap,canonical,0.8136810660362244,0.8136810660362244,1
trimoe,three_domain_moe,257,faceswap_faces_c23/462_467,ffpp_test:43,1,faceswap,canonical,0.8088557720184326,0.8088557720184326,1
trimoe,three_domain_moe,258,neuraltextures_faces_c23/467_462,ffpp_test:43,1,neuraltextures,canonical,0.8086550235748291,0.8086550235748291,1
trimoe,three_domain_moe,259,neuraltextures_faces_c23/462_467,ffpp_test:43,1,neuraltextures,canonical,0.797834038734436,0.797834038734436,1
trimoe,three_domain_moe,260,original_faces_c23/314,ffpp_test:27,0,real,canonical,0.5222225785255432,0.5222225785255432,0
trimoe,three_domain_moe,261,original_faces_c23/347,ffpp_test:27,0,real,canonical,0.17264428734779358,0.17264428734779358,0
trimoe,three_domain_moe,262,deepfakes_faces_c23/314_347,ffpp_test:27,1,deepfakes,canonical,0.7665915489196777,0.7665915489196777,1
trimoe,three_domain_moe,263,deepfakes_faces_c23/347_314,ffpp_test:27,1,deepfakes,canonical,0.5116963982582092,0.5116963982582092,0
trimoe,three_domain_moe,264,face2face_faces_c23/314_347,ffpp_test:27,1,face2face,canonical,0.7980789542198181,0.7980789542198181,1
trimoe,three_domain_moe,265,face2face_faces_c23/347_314,ffpp_test:27,1,face2face,canonical,0.2392629086971283,0.2392629086971283,0
trimoe,three_domain_moe,266,faceswap_faces_c23/314_347,ffpp_test:27,1,faceswap,canonical,0.8238588571548462,0.8238588571548462,1
trimoe,three_domain_moe,267,faceswap_faces_c23/347_314,ffpp_test:27,1,faceswap,canonical,0.675288200378418,0.675288200378418,1
trimoe,three_domain_moe,268,neuraltextures_faces_c23/314_347,ffpp_test:27,1,neuraltextures,canonical,0.7820957899093628,0.7820957899093628,1
trimoe,three_domain_moe,269,neuraltextures_faces_c23/347_314,ffpp_test:27,1,neuraltextures,canonical,0.30963993072509766,0.30963993072509766,0
trimoe,three_domain_moe,270,original_faces_c23/741,ffpp_test:60,0,real,canonical,0.49574169516563416,0.49574169516563416,0
trimoe,three_domain_moe,271,original_faces_c23/731,ffpp_test:60,0,real,canonical,0.49659499526023865,0.49659499526023865,0
trimoe,three_domain_moe,272,deepfakes_faces_c23/741_731,ffpp_test:60,1,deepfakes,canonical,0.7823261022567749,0.7823261022567749,1
trimoe,three_domain_moe,273,deepfakes_faces_c23/731_741,ffpp_test:60,1,deepfakes,canonical,0.8224139213562012,0.8224139213562012,1
trimoe,three_domain_moe,274,face2face_faces_c23/741_731,ffpp_test:60,1,face2face,canonical,0.7842975854873657,0.7842975854873657,1
trimoe,three_domain_moe,275,face2face_faces_c23/731_741,ffpp_test:60,1,face2face,canonical,0.7766628265380859,0.7766628265380859,1
trimoe,three_domain_moe,276,faceswap_faces_c23/741_731,ffpp_test:60,1,faceswap,canonical,0.8156053423881531,0.8156053423881531,1
trimoe,three_domain_moe,277,faceswap_faces_c23/731_741,ffpp_test:60,1,faceswap,canonical,0.8213415145874023,0.8213415145874023,1
trimoe,three_domain_moe,278,neuraltextures_faces_c23/741_731,ffpp_test:60,1,neuraltextures,canonical,0.7843284010887146,0.7843284010887146,1
trimoe,three_domain_moe,279,neuraltextures_faces_c23/731_741,ffpp_test:60,1,neuraltextures,canonical,0.7710692286491394,0.7710692286491394,1
trimoe,three_domain_moe,280,original_faces_c23/970,ffpp_test:69,0,real,canonical,0.4171420931816101,0.4171420931816101,1
trimoe,three_domain_moe,281,original_faces_c23/973,ffpp_test:69,0,real,canonical,0.43136197328567505,0.43136197328567505,0
trimoe,three_domain_moe,282,deepfakes_faces_c23/970_973,ffpp_test:69,1,deepfakes,canonical,0.7069815397262573,0.7069815397262573,1
trimoe,three_domain_moe,283,deepfakes_faces_c23/973_970,ffpp_test:69,1,deepfakes,canonical,0.7153620719909668,0.7153620719909668,1
trimoe,three_domain_moe,284,face2face_faces_c23/970_973,ffpp_test:69,1,face2face,canonical,0.7083091735839844,0.7083091735839844,1
trimoe,three_domain_moe,285,face2face_faces_c23/973_970,ffpp_test:69,1,face2face,canonical,0.7426638007164001,0.7426638007164001,1
trimoe,three_domain_moe,286,faceswap_faces_c23/970_973,ffpp_test:69,1,faceswap,canonical,0.5868815779685974,0.5868815779685974,1
trimoe,three_domain_moe,287,faceswap_faces_c23/973_970,ffpp_test:69,1,faceswap,canonical,0.8297537565231323,0.8297537565231323,1
trimoe,three_domain_moe,288,neuraltextures_faces_c23/970_973,ffpp_test:69,1,neuraltextures,canonical,0.7605246305465698,0.7605246305465698,1
trimoe,three_domain_moe,289,neuraltextures_faces_c23/973_970,ffpp_test:69,1,neuraltextures,canonical,0.4579465389251709,0.4579465389251709,0
trimoe,three_domain_moe,290,original_faces_c23/634,ffpp_test:53,0,real,canonical,0.4311603903770447,0.4311603903770447,0
trimoe,three_domain_moe,291,original_faces_c23/660,ffpp_test:53,0,real,canonical,0.4215932786464691,0.4215932786464691,1
trimoe,three_domain_moe,292,deepfakes_faces_c23/634_660,ffpp_test:53,1,deepfakes,canonical,0.80027836561203,0.80027836561203,1
trimoe,three_domain_moe,293,deepfakes_faces_c23/660_634,ffpp_test:53,1,deepfakes,canonical,0.4982009828090668,0.4982009828090668,1
trimoe,three_domain_moe,294,face2face_faces_c23/634_660,ffpp_test:53,1,face2face,canonical,0.8032357096672058,0.8032357096672058,1
trimoe,three_domain_moe,295,face2face_faces_c23/660_634,ffpp_test:53,1,face2face,canonical,0.734358012676239,0.734358012676239,1
trimoe,three_domain_moe,296,faceswap_faces_c23/634_660,ffpp_test:53,1,faceswap,canonical,0.8169448375701904,0.8169448375701904,1
trimoe,three_domain_moe,297,faceswap_faces_c23/660_634,ffpp_test:53,1,faceswap,canonical,0.6863447427749634,0.6863447427749634,1
trimoe,three_domain_moe,298,neuraltextures_faces_c23/634_660,ffpp_test:53,1,neuraltextures,canonical,0.7905738353729248,0.7905738353729248,1
trimoe,three_domain_moe,299,neuraltextures_faces_c23/660_634,ffpp_test:53,1,neuraltextures,canonical,0.6498050093650818,0.6498050093650818,1
trimoe,three_domain_moe,300,original_faces_c23/494,ffpp_test:40,0,real,canonical,0.3692159056663513,0.3692159056663513,1
trimoe,three_domain_moe,301,original_faces_c23/445,ffpp_test:40,0,real,canonical,0.45790940523147583,0.45790940523147583,0
trimoe,three_domain_moe,302,deepfakes_faces_c23/494_445,ffpp_test:40,1,deepfakes,canonical,0.8223883509635925,0.8223883509635925,1
trimoe,three_domain_moe,303,deepfakes_faces_c23/445_494,ffpp_test:40,1,deepfakes,canonical,0.7941314578056335,0.7941314578056335,1
trimoe,three_domain_moe,304,face2face_faces_c23/494_445,ffpp_test:40,1,face2face,canonical,0.2721661329269409,0.2721661329269409,0
trimoe,three_domain_moe,305,face2face_faces_c23/445_494,ffpp_test:40,1,face2face,canonical,0.5239558815956116,0.5239558815956116,0
trimoe,three_domain_moe,306,faceswap_faces_c23/494_445,ffpp_test:40,1,faceswap,canonical,0.5733867883682251,0.5733867883682251,1
trimoe,three_domain_moe,307,faceswap_faces_c23/445_494,ffpp_test:40,1,faceswap,canonical,0.7395006418228149,0.7395006418228149,1
trimoe,three_domain_moe,308,neuraltextures_faces_c23/494_445,ffpp_test:40,1,neuraltextures,canonical,0.44106048345565796,0.44106048345565796,1
trimoe,three_domain_moe,309,neuraltextures_faces_c23/445_494,ffpp_test:40,1,neuraltextures,canonical,0.7955052256584167,0.7955052256584167,1
trimoe,three_domain_moe,310,original_faces_c23/706,ffpp_test:44,0,real,canonical,0.37355273962020874,0.37355273962020874,0
trimoe,three_domain_moe,311,original_faces_c23/479,ffpp_test:44,0,real,canonical,0.4284335970878601,0.4284335970878601,1
trimoe,three_domain_moe,312,deepfakes_faces_c23/706_479,ffpp_test:44,1,deepfakes,canonical,0.8226888179779053,0.8226888179779053,1
trimoe,three_domain_moe,313,deepfakes_faces_c23/479_706,ffpp_test:44,1,deepfakes,canonical,0.7900688648223877,0.7900688648223877,1
trimoe,three_domain_moe,314,face2face_faces_c23/706_479,ffpp_test:44,1,face2face,canonical,0.5073112845420837,0.5073112845420837,0
trimoe,three_domain_moe,315,face2face_faces_c23/479_706,ffpp_test:44,1,face2face,canonical,0.8007685542106628,0.8007685542106628,1
trimoe,three_domain_moe,316,faceswap_faces_c23/706_479,ffpp_test:44,1,faceswap,canonical,0.7230696678161621,0.7230696678161621,1
trimoe,three_domain_moe,317,faceswap_faces_c23/479_706,ffpp_test:44,1,faceswap,canonical,0.49536824226379395,0.49536824226379395,1
trimoe,three_domain_moe,318,neuraltextures_faces_c23/706_479,ffpp_test:44,1,neuraltextures,canonical,0.801146388053894,0.801146388053894,1
trimoe,three_domain_moe,319,neuraltextures_faces_c23/479_706,ffpp_test:44,1,neuraltextures,canonical,0.7875950336456299,0.7875950336456299,1
trimoe,three_domain_moe,320,original_faces_c23/186,ffpp_test:17,0,real,canonical,0.1603112518787384,0.1603112518787384,0
trimoe,three_domain_moe,321,original_faces_c23/170,ffpp_test:17,0,real,canonical,0.4797929525375366,0.4797929525375366,0
trimoe,three_domain_moe,322,deepfakes_faces_c23/186_170,ffpp_test:17,1,deepfakes,canonical,0.7775629758834839,0.7775629758834839,1
trimoe,three_domain_moe,323,deepfakes_faces_c23/170_186,ffpp_test:17,1,deepfakes,canonical,0.48554134368896484,0.48554134368896484,0
trimoe,three_domain_moe,324,face2face_faces_c23/186_170,ffpp_test:17,1,face2face,canonical,0.3136472702026367,0.3136472702026367,0
trimoe,three_domain_moe,325,face2face_faces_c23/170_186,ffpp_test:17,1,face2face,canonical,0.7946164011955261,0.7946164011955261,1
trimoe,three_domain_moe,326,faceswap_faces_c23/186_170,ffpp_test:17,1,faceswap,canonical,0.4936321973800659,0.4936321973800659,0
trimoe,three_domain_moe,327,faceswap_faces_c23/170_186,ffpp_test:17,1,faceswap,canonical,0.5214338302612305,0.5214338302612305,0
trimoe,three_domain_moe,328,neuraltextures_faces_c23/186_170,ffpp_test:17,1,neuraltextures,canonical,0.5062756538391113,0.5062756538391113,0
trimoe,three_domain_moe,329,neuraltextures_faces_c23/170_186,ffpp_test:17,1,neuraltextures,canonical,0.8166899681091309,0.8166899681091309,1
trimoe,three_domain_moe,330,original_faces_c23/176,ffpp_test:18,0,real,canonical,0.3513807952404022,0.3513807952404022,1
trimoe,three_domain_moe,331,original_faces_c23/190,ffpp_test:18,0,real,canonical,0.23687653243541718,0.23687653243541718,0
trimoe,three_domain_moe,332,deepfakes_faces_c23/176_190,ffpp_test:18,1,deepfakes,canonical,0.8336890935897827,0.8336890935897827,1
trimoe,three_domain_moe,333,deepfakes_faces_c23/190_176,ffpp_test:18,1,deepfakes,canonical,0.6341578960418701,0.6341578960418701,0
trimoe,three_domain_moe,334,face2face_faces_c23/176_190,ffpp_test:18,1,face2face,canonical,0.7138679027557373,0.7138679027557373,1
trimoe,three_domain_moe,335,face2face_faces_c23/190_176,ffpp_test:18,1,face2face,canonical,0.5427423715591431,0.5427423715591431,0
trimoe,three_domain_moe,336,faceswap_faces_c23/176_190,ffpp_test:18,1,faceswap,canonical,0.8213810920715332,0.8213810920715332,1
trimoe,three_domain_moe,337,faceswap_faces_c23/190_176,ffpp_test:18,1,faceswap,canonical,0.7219488620758057,0.7219488620758057,1
trimoe,three_domain_moe,338,neuraltextures_faces_c23/176_190,ffpp_test:18,1,neuraltextures,canonical,0.7103569507598877,0.7103569507598877,1
trimoe,three_domain_moe,339,neuraltextures_faces_c23/190_176,ffpp_test:18,1,neuraltextures,canonical,0.6751875877380371,0.6751875877380371,1
trimoe,three_domain_moe,340,original_faces_c23/380,ffpp_test:29,0,real,canonical,0.4805886447429657,0.4805886447429657,0
trimoe,three_domain_moe,341,original_faces_c23/358,ffpp_test:29,0,real,canonical,0.49228763580322266,0.49228763580322266,0
trimoe,three_domain_moe,342,deepfakes_faces_c23/380_358,ffpp_test:29,1,deepfakes,canonical,0.5296473503112793,0.5296473503112793,0
trimoe,three_domain_moe,343,deepfakes_faces_c23/358_380,ffpp_test:29,1,deepfakes,canonical,0.5115512013435364,0.5115512013435364,0
trimoe,three_domain_moe,344,face2face_faces_c23/380_358,ffpp_test:29,1,face2face,canonical,0.4881671667098999,0.4881671667098999,0
trimoe,three_domain_moe,345,face2face_faces_c23/358_380,ffpp_test:29,1,face2face,canonical,0.5253772735595703,0.5253772735595703,0
trimoe,three_domain_moe,346,faceswap_faces_c23/380_358,ffpp_test:29,1,faceswap,canonical,0.5252405405044556,0.5252405405044556,0
trimoe,three_domain_moe,347,faceswap_faces_c23/358_380,ffpp_test:29,1,faceswap,canonical,0.46583569049835205,0.46583569049835205,0
trimoe,three_domain_moe,348,neuraltextures_faces_c23/380_358,ffpp_test:29,1,neuraltextures,canonical,0.7872028350830078,0.7872028350830078,1
trimoe,three_domain_moe,349,neuraltextures_faces_c23/358_380,ffpp_test:29,1,neuraltextures,canonical,0.5034955739974976,0.5034955739974976,0
trimoe,three_domain_moe,350,original_faces_c23/214,ffpp_test:19,0,real,canonical,0.40914782881736755,0.40914782881736755,1
trimoe,three_domain_moe,351,original_faces_c23/255,ffpp_test:19,0,real,canonical,0.21428494155406952,0.21428494155406952,0
trimoe,three_domain_moe,352,deepfakes_faces_c23/214_255,ffpp_test:19,1,deepfakes,canonical,0.8205031156539917,0.8205031156539917,1
trimoe,three_domain_moe,353,deepfakes_faces_c23/255_214,ffpp_test:19,1,deepfakes,canonical,0.8077282309532166,0.8077282309532166,1
trimoe,three_domain_moe,354,face2face_faces_c23/214_255,ffpp_test:19,1,face2face,canonical,0.7854775786399841,0.7854775786399841,1
trimoe,three_domain_moe,355,face2face_faces_c23/255_214,ffpp_test:19,1,face2face,canonical,0.7415250539779663,0.7415250539779663,1
trimoe,three_domain_moe,356,faceswap_faces_c23/214_255,ffpp_test:19,1,faceswap,canonical,0.8185325860977173,0.8185325860977173,1
trimoe,three_domain_moe,357,faceswap_faces_c23/255_214,ffpp_test:19,1,faceswap,canonical,0.8001915812492371,0.8001915812492371,1
trimoe,three_domain_moe,358,neuraltextures_faces_c23/214_255,ffpp_test:19,1,neuraltextures,canonical,0.7949273586273193,0.7949273586273193,1
trimoe,three_domain_moe,359,neuraltextures_faces_c23/255_214,ffpp_test:19,1,neuraltextures,canonical,0.5714899301528931,0.5714899301528931,0
trimoe,three_domain_moe,360,original_faces_c23/454,ffpp_test:42,0,real,canonical,0.4516393542289734,0.4516393542289734,1
trimoe,three_domain_moe,361,original_faces_c23/527,ffpp_test:42,0,real,canonical,0.1754024624824524,0.1754024624824524,0
trimoe,three_domain_moe,362,deepfakes_faces_c23/454_527,ffpp_test:42,1,deepfakes,canonical,0.8144252300262451,0.8144252300262451,1
trimoe,three_domain_moe,363,deepfakes_faces_c23/527_454,ffpp_test:42,1,deepfakes,canonical,0.8099567294120789,0.8099567294120789,1
trimoe,three_domain_moe,364,face2face_faces_c23/454_527,ffpp_test:42,1,face2face,canonical,0.809136152267456,0.809136152267456,1
trimoe,three_domain_moe,365,face2face_faces_c23/527_454,ffpp_test:42,1,face2face,canonical,0.8237396478652954,0.8237396478652954,1
trimoe,three_domain_moe,366,faceswap_faces_c23/454_527,ffpp_test:42,1,faceswap,canonical,0.5602439045906067,0.5602439045906067,1
trimoe,three_domain_moe,367,faceswap_faces_c23/527_454,ffpp_test:42,1,faceswap,canonical,0.8315751552581787,0.8315751552581787,1
trimoe,three_domain_moe,368,neuraltextures_faces_c23/454_527,ffpp_test:42,1,neuraltextures,canonical,0.8161532878875732,0.8161532878875732,1
trimoe,three_domain_moe,369,neuraltextures_faces_c23/527_454,ffpp_test:42,1,neuraltextures,canonical,0.7399969100952148,0.7399969100952148,1
trimoe,three_domain_moe,370,original_faces_c23/425,ffpp_test:39,0,real,canonical,0.27000051736831665,0.27000051736831665,0
trimoe,three_domain_moe,371,original_faces_c23/485,ffpp_test:39,0,real,canonical,0.43259233236312866,0.43259233236312866,0
trimoe,three_domain_moe,372,deepfakes_faces_c23/425_485,ffpp_test:39,1,deepfakes,canonical,0.7694835662841797,0.7694835662841797,1
trimoe,three_domain_moe,373,deepfakes_faces_c23/485_425,ffpp_test:39,1,deepfakes,canonical,0.7313728332519531,0.7313728332519531,1
trimoe,three_domain_moe,374,face2face_faces_c23/425_485,ffpp_test:39,1,face2face,canonical,0.5390307903289795,0.5390307903289795,0
trimoe,three_domain_moe,375,face2face_faces_c23/485_425,ffpp_test:39,1,face2face,canonical,0.42848023772239685,0.42848023772239685,0
trimoe,three_domain_moe,376,faceswap_faces_c23/425_485,ffpp_test:39,1,faceswap,canonical,0.6756059527397156,0.6756059527397156,1
trimoe,three_domain_moe,377,faceswap_faces_c23/485_425,ffpp_test:39,1,faceswap,canonical,0.7936663031578064,0.7936663031578064,1
trimoe,three_domain_moe,378,neuraltextures_faces_c23/425_485,ffpp_test:39,1,neuraltextures,canonical,0.6632811427116394,0.6632811427116394,1
trimoe,three_domain_moe,379,neuraltextures_faces_c23/485_425,ffpp_test:39,1,neuraltextures,canonical,0.3968999981880188,0.3968999981880188,0
trimoe,three_domain_moe,380,original_faces_c23/388,ffpp_test:26,0,real,canonical,0.3416655957698822,0.3416655957698822,1
trimoe,three_domain_moe,381,original_faces_c23/308,ffpp_test:26,0,real,canonical,0.46412283182144165,0.46412283182144165,0
trimoe,three_domain_moe,382,deepfakes_faces_c23/388_308,ffpp_test:26,1,deepfakes,canonical,0.7543694972991943,0.7543694972991943,1
trimoe,three_domain_moe,383,deepfakes_faces_c23/308_388,ffpp_test:26,1,deepfakes,canonical,0.7781333923339844,0.7781333923339844,1
trimoe,three_domain_moe,384,face2face_faces_c23/388_308,ffpp_test:26,1,face2face,canonical,0.747222900390625,0.747222900390625,1
trimoe,three_domain_moe,385,face2face_faces_c23/308_388,ffpp_test:26,1,face2face,canonical,0.6238151788711548,0.6238151788711548,0
trimoe,three_domain_moe,386,faceswap_faces_c23/388_308,ffpp_test:26,1,faceswap,canonical,0.8244427442550659,0.8244427442550659,1
trimoe,three_domain_moe,387,faceswap_faces_c23/308_388,ffpp_test:26,1,faceswap,canonical,0.7785153388977051,0.7785153388977051,1
trimoe,three_domain_moe,388,neuraltextures_faces_c23/388_308,ffpp_test:26,1,neuraltextures,canonical,0.41445958614349365,0.41445958614349365,1
trimoe,three_domain_moe,389,neuraltextures_faces_c23/308_388,ffpp_test:26,1,neuraltextures,canonical,0.7087054252624512,0.7087054252624512,1
trimoe,three_domain_moe,390,original_faces_c23/384,ffpp_test:32,0,real,canonical,0.4627402424812317,0.4627402424812317,0
trimoe,three_domain_moe,391,original_faces_c23/932,ffpp_test:32,0,real,canonical,0.22222492098808289,0.22222492098808289,0
trimoe,three_domain_moe,392,deepfakes_faces_c23/384_932,ffpp_test:32,1,deepfakes,canonical,0.7921398878097534,0.7921398878097534,1
trimoe,three_domain_moe,393,deepfakes_faces_c23/932_384,ffpp_test:32,1,deepfakes,canonical,0.5337290167808533,0.5337290167808533,1
trimoe,three_domain_moe,394,face2face_faces_c23/384_932,ffpp_test:32,1,face2face,canonical,0.7893030047416687,0.7893030047416687,1
trimoe,three_domain_moe,395,face2face_faces_c23/932_384,ffpp_test:32,1,face2face,canonical,0.5842431783676147,0.5842431783676147,1
trimoe,three_domain_moe,396,faceswap_faces_c23/384_932,ffpp_test:32,1,faceswap,canonical,0.7886844873428345,0.7886844873428345,1
trimoe,three_domain_moe,397,faceswap_faces_c23/932_384,ffpp_test:32,1,faceswap,canonical,0.6260356903076172,0.6260356903076172,1
trimoe,three_domain_moe,398,neuraltextures_faces_c23/384_932,ffpp_test:32,1,neuraltextures,canonical,0.8073648810386658,0.8073648810386658,1
trimoe,three_domain_moe,399,neuraltextures_faces_c23/932_384,ffpp_test:32,1,neuraltextures,canonical,0.5603606700897217,0.5603606700897217,1
trimoe,three_domain_moe,400,original_faces_c23/035,ffpp_test:5,0,real,canonical,0.4970192313194275,0.4970192313194275,0
trimoe,three_domain_moe,401,original_faces_c23/036,ffpp_test:5,0,real,canonical,0.27708080410957336,0.27708080410957336,0
trimoe,three_domain_moe,402,deepfakes_faces_c23/035_036,ffpp_test:5,1,deepfakes,canonical,0.4957422912120819,0.4957422912120819,0
trimoe,three_domain_moe,403,deepfakes_faces_c23/036_035,ffpp_test:5,1,deepfakes,canonical,0.5783171057701111,0.5783171057701111,0
trimoe,three_domain_moe,404,face2face_faces_c23/035_036,ffpp_test:5,1,face2face,canonical,0.5300250053405762,0.5300250053405762,0
trimoe,three_domain_moe,405,face2face_faces_c23/036_035,ffpp_test:5,1,face2face,canonical,0.367496132850647,0.367496132850647,0
trimoe,three_domain_moe,406,faceswap_faces_c23/035_036,ffpp_test:5,1,faceswap,canonical,0.8100041151046753,0.8100041151046753,1
trimoe,three_domain_moe,407,faceswap_faces_c23/036_035,ffpp_test:5,1,faceswap,canonical,0.6516871452331543,0.6516871452331543,0
trimoe,three_domain_moe,408,neuraltextures_faces_c23/035_036,ffpp_test:5,1,neuraltextures,canonical,0.8134023547172546,0.8134023547172546,1
trimoe,three_domain_moe,409,neuraltextures_faces_c23/036_035,ffpp_test:5,1,neuraltextures,canonical,0.44006165862083435,0.44006165862083435,0
trimoe,three_domain_moe,410,original_faces_c23/257,ffpp_test:23,0,real,canonical,0.4819716215133667,0.4819716215133667,0
trimoe,three_domain_moe,411,original_faces_c23/420,ffpp_test:23,0,real,canonical,0.46569931507110596,0.46569931507110596,0
trimoe,three_domain_moe,412,deepfakes_faces_c23/257_420,ffpp_test:23,1,deepfakes,canonical,0.5217263102531433,0.5217263102531433,0
trimoe,three_domain_moe,413,deepfakes_faces_c23/420_257,ffpp_test:23,1,deepfakes,canonical,0.38008642196655273,0.38008642196655273,0
trimoe,three_domain_moe,414,face2face_faces_c23/257_420,ffpp_test:23,1,face2face,canonical,0.494352787733078,0.494352787733078,0
trimoe,three_domain_moe,415,face2face_faces_c23/420_257,ffpp_test:23,1,face2face,canonical,0.42301344871520996,0.42301344871520996,0
trimoe,three_domain_moe,416,faceswap_faces_c23/257_420,ffpp_test:23,1,faceswap,canonical,0.792918860912323,0.792918860912323,1
trimoe,three_domain_moe,417,faceswap_faces_c23/420_257,ffpp_test:23,1,faceswap,canonical,0.4334641695022583,0.4334641695022583,0
trimoe,three_domain_moe,418,neuraltextures_faces_c23/257_420,ffpp_test:23,1,neuraltextures,canonical,0.49983692169189453,0.49983692169189453,0
trimoe,three_domain_moe,419,neuraltextures_faces_c23/420_257,ffpp_test:23,1,neuraltextures,canonical,0.4670499265193939,0.4670499265193939,0
trimoe,three_domain_moe,420,original_faces_c23/924,ffpp_test:67,0,real,canonical,0.3203009366989136,0.3203009366989136,0
trimoe,three_domain_moe,421,original_faces_c23/917,ffpp_test:67,0,real,canonical,0.4915207028388977,0.4915207028388977,1
trimoe,three_domain_moe,422,deepfakes_faces_c23/924_917,ffpp_test:67,1,deepfakes,canonical,0.7965958118438721,0.7965958118438721,1
trimoe,three_domain_moe,423,deepfakes_faces_c23/917_924,ffpp_test:67,1,deepfakes,canonical,0.805663526058197,0.805663526058197,1
trimoe,three_domain_moe,424,face2face_faces_c23/924_917,ffpp_test:67,1,face2face,canonical,0.7835344672203064,0.7835344672203064,1
trimoe,three_domain_moe,425,face2face_faces_c23/917_924,ffpp_test:67,1,face2face,canonical,0.7954432368278503,0.7954432368278503,1
trimoe,three_domain_moe,426,faceswap_faces_c23/924_917,ffpp_test:67,1,faceswap,canonical,0.8286578059196472,0.8286578059196472,1
trimoe,three_domain_moe,427,faceswap_faces_c23/917_924,ffpp_test:67,1,faceswap,canonical,0.8258457183837891,0.8258457183837891,1
trimoe,three_domain_moe,428,neuraltextures_faces_c23/924_917,ffpp_test:67,1,neuraltextures,canonical,0.7049528956413269,0.7049528956413269,1
trimoe,three_domain_moe,429,neuraltextures_faces_c23/917_924,ffpp_test:67,1,neuraltextures,canonical,0.814525306224823,0.814525306224823,1
trimoe,three_domain_moe,430,original_faces_c23/114,ffpp_test:9,0,real,canonical,0.4651808738708496,0.4651808738708496,1
trimoe,three_domain_moe,431,original_faces_c23/102,ffpp_test:9,0,real,canonical,0.2134132981300354,0.2134132981300354,0
trimoe,three_domain_moe,432,deepfakes_faces_c23/114_102,ffpp_test:9,1,deepfakes,canonical,0.8207703828811646,0.8207703828811646,1
trimoe,three_domain_moe,433,deepfakes_faces_c23/102_114,ffpp_test:9,1,deepfakes,canonical,0.7899049520492554,0.7899049520492554,1
trimoe,three_domain_moe,434,face2face_faces_c23/114_102,ffpp_test:9,1,face2face,canonical,0.8175616264343262,0.8175616264343262,1
trimoe,three_domain_moe,435,face2face_faces_c23/102_114,ffpp_test:9,1,face2face,canonical,0.4736919403076172,0.4736919403076172,0
trimoe,three_domain_moe,436,faceswap_faces_c23/114_102,ffpp_test:9,1,faceswap,canonical,0.8320030570030212,0.8320030570030212,1
trimoe,three_domain_moe,437,faceswap_faces_c23/102_114,ffpp_test:9,1,faceswap,canonical,0.6185271143913269,0.6185271143913269,0
trimoe,three_domain_moe,438,neuraltextures_faces_c23/114_102,ffpp_test:9,1,neuraltextures,canonical,0.8145883083343506,0.8145883083343506,1
trimoe,three_domain_moe,439,neuraltextures_faces_c23/102_114,ffpp_test:9,1,neuraltextures,canonical,0.8026332259178162,0.8026332259178162,1
trimoe,three_domain_moe,440,original_faces_c23/732,ffpp_test:56,0,real,canonical,0.49347370862960815,0.49347370862960815,0
trimoe,three_domain_moe,441,original_faces_c23/691,ffpp_test:56,0,real,canonical,0.4932677745819092,0.4932677745819092,1
trimoe,three_domain_moe,442,deepfakes_faces_c23/732_691,ffpp_test:56,1,deepfakes,canonical,0.5567015409469604,0.5567015409469604,0
trimoe,three_domain_moe,443,deepfakes_faces_c23/691_732,ffpp_test:56,1,deepfakes,canonical,0.812593936920166,0.812593936920166,1
trimoe,three_domain_moe,444,face2face_faces_c23/732_691,ffpp_test:56,1,face2face,canonical,0.7984769344329834,0.7984769344329834,1
trimoe,three_domain_moe,445,face2face_faces_c23/691_732,ffpp_test:56,1,face2face,canonical,0.8123297095298767,0.8123297095298767,1
trimoe,three_domain_moe,446,faceswap_faces_c23/732_691,ffpp_test:56,1,faceswap,canonical,0.4597247242927551,0.4597247242927551,0
trimoe,three_domain_moe,447,faceswap_faces_c23/691_732,ffpp_test:56,1,faceswap,canonical,0.8192514181137085,0.8192514181137085,1
trimoe,three_domain_moe,448,neuraltextures_faces_c23/732_691,ffpp_test:56,1,neuraltextures,canonical,0.5140540599822998,0.5140540599822998,0
trimoe,three_domain_moe,449,neuraltextures_faces_c23/691_732,ffpp_test:56,1,neuraltextures,canonical,0.784252405166626,0.784252405166626,1
trimoe,three_domain_moe,450,original_faces_c23/550,ffpp_test:41,0,real,canonical,0.4686912000179291,0.4686912000179291,0
trimoe,three_domain_moe,451,original_faces_c23/452,ffpp_test:41,0,real,canonical,0.5436136722564697,0.5436136722564697,0
trimoe,three_domain_moe,452,deepfakes_faces_c23/550_452,ffpp_test:41,1,deepfakes,canonical,0.7734658718109131,0.7734658718109131,1
trimoe,three_domain_moe,453,deepfakes_faces_c23/452_550,ffpp_test:41,1,deepfakes,canonical,0.7769788503646851,0.7769788503646851,1
trimoe,three_domain_moe,454,face2face_faces_c23/550_452,ffpp_test:41,1,face2face,canonical,0.4880754351615906,0.4880754351615906,0
trimoe,three_domain_moe,455,face2face_faces_c23/452_550,ffpp_test:41,1,face2face,canonical,0.807466983795166,0.807466983795166,1
trimoe,three_domain_moe,456,faceswap_faces_c23/550_452,ffpp_test:41,1,faceswap,canonical,0.4900355935096741,0.4900355935096741,1
trimoe,three_domain_moe,457,faceswap_faces_c23/452_550,ffpp_test:41,1,faceswap,canonical,0.5361477732658386,0.5361477732658386,0
trimoe,three_domain_moe,458,neuraltextures_faces_c23/550_452,ffpp_test:41,1,neuraltextures,canonical,0.46436402201652527,0.46436402201652527,0
trimoe,three_domain_moe,459,neuraltextures_faces_c23/452_550,ffpp_test:41,1,neuraltextures,canonical,0.8132140040397644,0.8132140040397644,1
trimoe,three_domain_moe,460,original_faces_c23/280,ffpp_test:22,0,real,canonical,0.4044307470321655,0.4044307470321655,1
trimoe,three_domain_moe,461,original_faces_c23/249,ffpp_test:22,0,real,canonical,0.17686501145362854,0.17686501145362854,0
trimoe,three_domain_moe,462,deepfakes_faces_c23/280_249,ffpp_test:22,1,deepfakes,canonical,0.3391568064689636,0.3391568064689636,0
trimoe,three_domain_moe,463,deepfakes_faces_c23/249_280,ffpp_test:22,1,deepfakes,canonical,0.8137038946151733,0.8137038946151733,1
trimoe,three_domain_moe,464,face2face_faces_c23/280_249,ffpp_test:22,1,face2face,canonical,0.7612020373344421,0.7612020373344421,1
trimoe,three_domain_moe,465,face2face_faces_c23/249_280,ffpp_test:22,1,face2face,canonical,0.8167706727981567,0.8167706727981567,1
trimoe,three_domain_moe,466,faceswap_faces_c23/280_249,ffpp_test:22,1,faceswap,canonical,0.8140012621879578,0.8140012621879578,1
trimoe,three_domain_moe,467,faceswap_faces_c23/249_280,ffpp_test:22,1,faceswap,canonical,0.6945977210998535,0.6945977210998535,1
trimoe,three_domain_moe,468,neuraltextures_faces_c23/280_249,ffpp_test:22,1,neuraltextures,canonical,0.31405752897262573,0.31405752897262573,0
trimoe,three_domain_moe,469,neuraltextures_faces_c23/249_280,ffpp_test:22,1,neuraltextures,canonical,0.4110686779022217,0.4110686779022217,0
trimoe,three_domain_moe,470,original_faces_c23/842,ffpp_test:58,0,real,canonical,0.27712684869766235,0.27712684869766235,0
trimoe,three_domain_moe,471,original_faces_c23/714,ffpp_test:58,0,real,canonical,0.16558878123760223,0.16558878123760223,0
trimoe,three_domain_moe,472,deepfakes_faces_c23/842_714,ffpp_test:58,1,deepfakes,canonical,0.6091817617416382,0.6091817617416382,0
trimoe,three_domain_moe,473,deepfakes_faces_c23/714_842,ffpp_test:58,1,deepfakes,canonical,0.45655450224876404,0.45655450224876404,0
trimoe,three_domain_moe,474,face2face_faces_c23/842_714,ffpp_test:58,1,face2face,canonical,0.709762454032898,0.709762454032898,1
trimoe,three_domain_moe,475,face2face_faces_c23/714_842,ffpp_test:58,1,face2face,canonical,0.6146918535232544,0.6146918535232544,0
trimoe,three_domain_moe,476,faceswap_faces_c23/842_714,ffpp_test:58,1,faceswap,canonical,0.5947854518890381,0.5947854518890381,0
trimoe,three_domain_moe,477,faceswap_faces_c23/714_842,ffpp_test:58,1,faceswap,canonical,0.49943026900291443,0.49943026900291443,0
trimoe,three_domain_moe,478,neuraltextures_faces_c23/842_714,ffpp_test:58,1,neuraltextures,canonical,0.3701469898223877,0.3701469898223877,0
trimoe,three_domain_moe,479,neuraltextures_faces_c23/714_842,ffpp_test:58,1,neuraltextures,canonical,0.5459092855453491,0.5459092855453491,0
trimoe,three_domain_moe,480,original_faces_c23/625,ffpp_test:52,0,real,canonical,0.4547758996486664,0.4547758996486664,0
trimoe,three_domain_moe,481,original_faces_c23/650,ffpp_test:52,0,real,canonical,0.49029144644737244,0.49029144644737244,0
trimoe,three_domain_moe,482,deepfakes_faces_c23/625_650,ffpp_test:52,1,deepfakes,canonical,0.8131455779075623,0.8131455779075623,1
trimoe,three_domain_moe,483,deepfakes_faces_c23/650_625,ffpp_test:52,1,deepfakes,canonical,0.7354474067687988,0.7354474067687988,1
trimoe,three_domain_moe,484,face2face_faces_c23/625_650,ffpp_test:52,1,face2face,canonical,0.8270062804222107,0.8270062804222107,1
trimoe,three_domain_moe,485,face2face_faces_c23/650_625,ffpp_test:52,1,face2face,canonical,0.774115800857544,0.774115800857544,1
trimoe,three_domain_moe,486,faceswap_faces_c23/625_650,ffpp_test:52,1,faceswap,canonical,0.8323640823364258,0.8323640823364258,1
trimoe,three_domain_moe,487,faceswap_faces_c23/650_625,ffpp_test:52,1,faceswap,canonical,0.8218409419059753,0.8218409419059753,1
trimoe,three_domain_moe,488,neuraltextures_faces_c23/625_650,ffpp_test:52,1,neuraltextures,canonical,0.770702064037323,0.770702064037323,1
trimoe,three_domain_moe,489,neuraltextures_faces_c23/650_625,ffpp_test:52,1,neuraltextures,canonical,0.6664818525314331,0.6664818525314331,1
trimoe,three_domain_moe,490,original_faces_c23/024,ffpp_test:3,0,real,canonical,0.18257975578308105,0.18257975578308105,0
trimoe,three_domain_moe,491,original_faces_c23/073,ffpp_test:3,0,real,canonical,0.3550442159175873,0.3550442159175873,0
trimoe,three_domain_moe,492,deepfakes_faces_c23/024_073,ffpp_test:3,1,deepfakes,canonical,0.7813891172409058,0.7813891172409058,1
trimoe,three_domain_moe,493,deepfakes_faces_c23/073_024,ffpp_test:3,1,deepfakes,canonical,0.8266459703445435,0.8266459703445435,1
trimoe,three_domain_moe,494,face2face_faces_c23/024_073,ffpp_test:3,1,face2face,canonical,0.3344365954399109,0.3344365954399109,0
trimoe,three_domain_moe,495,face2face_faces_c23/073_024,ffpp_test:3,1,face2face,canonical,0.47547417879104614,0.47547417879104614,0
trimoe,three_domain_moe,496,faceswap_faces_c23/024_073,ffpp_test:3,1,faceswap,canonical,0.8000836372375488,0.8000836372375488,1
trimoe,three_domain_moe,497,faceswap_faces_c23/073_024,ffpp_test:3,1,faceswap,canonical,0.8246947526931763,0.8246947526931763,1
trimoe,three_domain_moe,498,neuraltextures_faces_c23/024_073,ffpp_test:3,1,neuraltextures,canonical,0.7129155397415161,0.7129155397415161,1
trimoe,three_domain_moe,499,neuraltextures_faces_c23/073_024,ffpp_test:3,1,neuraltextures,canonical,0.4728083610534668,0.4728083610534668,0
trimoe,three_domain_moe,500,original_faces_c23/044,ffpp_test:6,0,real,canonical,0.21925394237041473,0.21925394237041473,0
trimoe,three_domain_moe,501,original_faces_c23/945,ffpp_test:6,0,real,canonical,0.2246684432029724,0.2246684432029724,0
trimoe,three_domain_moe,502,deepfakes_faces_c23/044_945,ffpp_test:6,1,deepfakes,canonical,0.8287703394889832,0.8287703394889832,1
trimoe,three_domain_moe,503,deepfakes_faces_c23/945_044,ffpp_test:6,1,deepfakes,canonical,0.7504784464836121,0.7504784464836121,1
trimoe,three_domain_moe,504,face2face_faces_c23/044_945,ffpp_test:6,1,face2face,canonical,0.8131502866744995,0.8131502866744995,1
trimoe,three_domain_moe,505,face2face_faces_c23/945_044,ffpp_test:6,1,face2face,canonical,0.5875191688537598,0.5875191688537598,1
trimoe,three_domain_moe,506,faceswap_faces_c23/044_945,ffpp_test:6,1,faceswap,canonical,0.8307501077651978,0.8307501077651978,1
trimoe,three_domain_moe,507,faceswap_faces_c23/945_044,ffpp_test:6,1,faceswap,canonical,0.5374791622161865,0.5374791622161865,1
trimoe,three_domain_moe,508,neuraltextures_faces_c23/044_945,ffpp_test:6,1,neuraltextures,canonical,0.8158348798751831,0.8158348798751831,1
trimoe,three_domain_moe,509,neuraltextures_faces_c23/945_044,ffpp_test:6,1,neuraltextures,canonical,0.5029988288879395,0.5029988288879395,1
trimoe,three_domain_moe,510,original_faces_c23/896,ffpp_test:10,0,real,canonical,0.48757168650627136,0.48757168650627136,1
trimoe,three_domain_moe,511,original_faces_c23/128,ffpp_test:10,0,real,canonical,0.3692186772823334,0.3692186772823334,0
trimoe,three_domain_moe,512,deepfakes_faces_c23/896_128,ffpp_test:10,1,deepfakes,canonical,0.5198924541473389,0.5198924541473389,1
trimoe,three_domain_moe,513,deepfakes_faces_c23/128_896,ffpp_test:10,1,deepfakes,canonical,0.7633733749389648,0.7633733749389648,1
trimoe,three_domain_moe,514,face2face_faces_c23/896_128,ffpp_test:10,1,face2face,canonical,0.41984009742736816,0.41984009742736816,1
trimoe,three_domain_moe,515,face2face_faces_c23/128_896,ffpp_test:10,1,face2face,canonical,0.7461810111999512,0.7461810111999512,1
trimoe,three_domain_moe,516,faceswap_faces_c23/896_128,ffpp_test:10,1,faceswap,canonical,0.8232779502868652,0.8232779502868652,1
trimoe,three_domain_moe,517,faceswap_faces_c23/128_896,ffpp_test:10,1,faceswap,canonical,0.7485835552215576,0.7485835552215576,1
trimoe,three_domain_moe,518,neuraltextures_faces_c23/896_128,ffpp_test:10,1,neuraltextures,canonical,0.49262601137161255,0.49262601137161255,1
trimoe,three_domain_moe,519,neuraltextures_faces_c23/128_896,ffpp_test:10,1,neuraltextures,canonical,0.745151162147522,0.745151162147522,1
trimoe,three_domain_moe,520,original_faces_c23/862,ffpp_test:7,0,real,canonical,0.4065062403678894,0.4065062403678894,0
trimoe,three_domain_moe,521,original_faces_c23/047,ffpp_test:7,0,real,canonical,0.4497116506099701,0.4497116506099701,0
trimoe,three_domain_moe,522,deepfakes_faces_c23/862_047,ffpp_test:7,1,deepfakes,canonical,0.7908586263656616,0.7908586263656616,1
trimoe,three_domain_moe,523,deepfakes_faces_c23/047_862,ffpp_test:7,1,deepfakes,canonical,0.6670182943344116,0.6670182943344116,1
trimoe,three_domain_moe,524,face2face_faces_c23/862_047,ffpp_test:7,1,face2face,canonical,0.4662143588066101,0.4662143588066101,1
trimoe,three_domain_moe,525,face2face_faces_c23/047_862,ffpp_test:7,1,face2face,canonical,0.35828936100006104,0.35828936100006104,0
trimoe,three_domain_moe,526,faceswap_faces_c23/862_047,ffpp_test:7,1,faceswap,canonical,0.7730789184570312,0.7730789184570312,1
trimoe,three_domain_moe,527,faceswap_faces_c23/047_862,ffpp_test:7,1,faceswap,canonical,0.7467319965362549,0.7467319965362549,1
trimoe,three_domain_moe,528,neuraltextures_faces_c23/862_047,ffpp_test:7,1,neuraltextures,canonical,0.4666069746017456,0.4666069746017456,1
trimoe,three_domain_moe,529,neuraltextures_faces_c23/047_862,ffpp_test:7,1,neuraltextures,canonical,0.44059598445892334,0.44059598445892334,0
trimoe,three_domain_moe,530,original_faces_c23/607,ffpp_test:49,0,real,canonical,0.42976340651512146,0.42976340651512146,1
trimoe,three_domain_moe,531,original_faces_c23/683,ffpp_test:49,0,real,canonical,0.47304460406303406,0.47304460406303406,0
trimoe,three_domain_moe,532,deepfakes_faces_c23/607_683,ffpp_test:49,1,deepfakes,canonical,0.3757997155189514,0.3757997155189514,1
trimoe,three_domain_moe,533,deepfakes_faces_c23/683_607,ffpp_test:49,1,deepfakes,canonical,0.8174500465393066,0.8174500465393066,1
trimoe,three_domain_moe,534,face2face_faces_c23/607_683,ffpp_test:49,1,face2face,canonical,0.4742204546928406,0.4742204546928406,1
trimoe,three_domain_moe,535,face2face_faces_c23/683_607,ffpp_test:49,1,face2face,canonical,0.45672568678855896,0.45672568678855896,0
trimoe,three_domain_moe,536,faceswap_faces_c23/607_683,ffpp_test:49,1,faceswap,canonical,0.5084909200668335,0.5084909200668335,1
trimoe,three_domain_moe,537,faceswap_faces_c23/683_607,ffpp_test:49,1,faceswap,canonical,0.5346233248710632,0.5346233248710632,0
trimoe,three_domain_moe,538,neuraltextures_faces_c23/607_683,ffpp_test:49,1,neuraltextures,canonical,0.738583505153656,0.738583505153656,1
trimoe,three_domain_moe,539,neuraltextures_faces_c23/683_607,ffpp_test:49,1,neuraltextures,canonical,0.48708030581474304,0.48708030581474304,0
trimoe,three_domain_moe,540,original_faces_c23/517,ffpp_test:45,0,real,canonical,0.4273681640625,0.4273681640625,0
trimoe,three_domain_moe,541,original_faces_c23/521,ffpp_test:45,0,real,canonical,0.39524218440055847,0.39524218440055847,0
trimoe,three_domain_moe,542,deepfakes_faces_c23/517_521,ffpp_test:45,1,deepfakes,canonical,0.4231860637664795,0.4231860637664795,0
trimoe,three_domain_moe,543,deepfakes_faces_c23/521_517,ffpp_test:45,1,deepfakes,canonical,0.7650210857391357,0.7650210857391357,1
trimoe,three_domain_moe,544,face2face_faces_c23/517_521,ffpp_test:45,1,face2face,canonical,0.8185387849807739,0.8185387849807739,1
trimoe,three_domain_moe,545,face2face_faces_c23/521_517,ffpp_test:45,1,face2face,canonical,0.7596837282180786,0.7596837282180786,1
trimoe,three_domain_moe,546,faceswap_faces_c23/517_521,ffpp_test:45,1,faceswap,canonical,0.8304351568222046,0.8304351568222046,1
trimoe,three_domain_moe,547,faceswap_faces_c23/521_517,ffpp_test:45,1,faceswap,canonical,0.6638978123664856,0.6638978123664856,1
trimoe,three_domain_moe,548,neuraltextures_faces_c23/517_521,ffpp_test:45,1,neuraltextures,canonical,0.44753140211105347,0.44753140211105347,0
trimoe,three_domain_moe,549,neuraltextures_faces_c23/521_517,ffpp_test:45,1,neuraltextures,canonical,0.7437721490859985,0.7437721490859985,1
trimoe,three_domain_moe,550,original_faces_c23/682,ffpp_test:55,0,real,canonical,0.7567686438560486,0.7567686438560486,1
trimoe,three_domain_moe,551,original_faces_c23/669,ffpp_test:55,0,real,canonical,0.49433407187461853,0.49433407187461853,0
trimoe,three_domain_moe,552,deepfakes_faces_c23/682_669,ffpp_test:55,1,deepfakes,canonical,0.7574777007102966,0.7574777007102966,1
trimoe,three_domain_moe,553,deepfakes_faces_c23/669_682,ffpp_test:55,1,deepfakes,canonical,0.793809175491333,0.793809175491333,1
trimoe,three_domain_moe,554,face2face_faces_c23/682_669,ffpp_test:55,1,face2face,canonical,0.7987149953842163,0.7987149953842163,1
trimoe,three_domain_moe,555,face2face_faces_c23/669_682,ffpp_test:55,1,face2face,canonical,0.8028718829154968,0.8028718829154968,1
trimoe,three_domain_moe,556,faceswap_faces_c23/682_669,ffpp_test:55,1,faceswap,canonical,0.5080890655517578,0.5080890655517578,0
trimoe,three_domain_moe,557,faceswap_faces_c23/669_682,ffpp_test:55,1,faceswap,canonical,0.8156369924545288,0.8156369924545288,1
trimoe,three_domain_moe,558,neuraltextures_faces_c23/682_669,ffpp_test:55,1,neuraltextures,canonical,0.6303415894508362,0.6303415894508362,0
trimoe,three_domain_moe,559,neuraltextures_faces_c23/669_682,ffpp_test:55,1,neuraltextures,canonical,0.7409067153930664,0.7409067153930664,1
trimoe,three_domain_moe,560,original_faces_c23/138,ffpp_test:12,0,real,canonical,0.4989078938961029,0.4989078938961029,1
trimoe,three_domain_moe,561,original_faces_c23/142,ffpp_test:12,0,real,canonical,0.267753005027771,0.267753005027771,0
trimoe,three_domain_moe,562,deepfakes_faces_c23/138_142,ffpp_test:12,1,deepfakes,canonical,0.8319686651229858,0.8319686651229858,1
trimoe,three_domain_moe,563,deepfakes_faces_c23/142_138,ffpp_test:12,1,deepfakes,canonical,0.5711734294891357,0.5711734294891357,1
trimoe,three_domain_moe,564,face2face_faces_c23/138_142,ffpp_test:12,1,face2face,canonical,0.8178033232688904,0.8178033232688904,1
trimoe,three_domain_moe,565,face2face_faces_c23/142_138,ffpp_test:12,1,face2face,canonical,0.46910446882247925,0.46910446882247925,0
trimoe,three_domain_moe,566,faceswap_faces_c23/138_142,ffpp_test:12,1,faceswap,canonical,0.810280442237854,0.810280442237854,1
trimoe,three_domain_moe,567,faceswap_faces_c23/142_138,ffpp_test:12,1,faceswap,canonical,0.6574832201004028,0.6574832201004028,0
trimoe,three_domain_moe,568,neuraltextures_faces_c23/138_142,ffpp_test:12,1,neuraltextures,canonical,0.8200759291648865,0.8200759291648865,1
trimoe,three_domain_moe,569,neuraltextures_faces_c23/142_138,ffpp_test:12,1,neuraltextures,canonical,0.5707489252090454,0.5707489252090454,0
trimoe,three_domain_moe,570,original_faces_c23/552,ffpp_test:47,0,real,canonical,0.48705148696899414,0.48705148696899414,0
trimoe,three_domain_moe,571,original_faces_c23/851,ffpp_test:47,0,real,canonical,0.33804547786712646,0.33804547786712646,0
trimoe,three_domain_moe,572,deepfakes_faces_c23/552_851,ffpp_test:47,1,deepfakes,canonical,0.8015483617782593,0.8015483617782593,1
trimoe,three_domain_moe,573,deepfakes_faces_c23/851_552,ffpp_test:47,1,deepfakes,canonical,0.5317338705062866,0.5317338705062866,0
trimoe,three_domain_moe,574,face2face_faces_c23/552_851,ffpp_test:47,1,face2face,canonical,0.818192720413208,0.818192720413208,1
trimoe,three_domain_moe,575,face2face_faces_c23/851_552,ffpp_test:47,1,face2face,canonical,0.8060938715934753,0.8060938715934753,1
trimoe,three_domain_moe,576,faceswap_faces_c23/552_851,ffpp_test:47,1,faceswap,canonical,0.8210031986236572,0.8210031986236572,1
trimoe,three_domain_moe,577,faceswap_faces_c23/851_552,ffpp_test:47,1,faceswap,canonical,0.8171412348747253,0.8171412348747253,1
trimoe,three_domain_moe,578,neuraltextures_faces_c23/552_851,ffpp_test:47,1,neuraltextures,canonical,0.8028342723846436,0.8028342723846436,1
trimoe,three_domain_moe,579,neuraltextures_faces_c23/851_552,ffpp_test:47,1,neuraltextures,canonical,0.8107355833053589,0.8107355833053589,1
trimoe,three_domain_moe,580,original_faces_c23/376,ffpp_test:31,0,real,canonical,0.2709670066833496,0.2709670066833496,0
trimoe,three_domain_moe,581,original_faces_c23/381,ffpp_test:31,0,real,canonical,0.24806778132915497,0.24806778132915497,0
trimoe,three_domain_moe,582,deepfakes_faces_c23/376_381,ffpp_test:31,1,deepfakes,canonical,0.7609423398971558,0.7609423398971558,1
trimoe,three_domain_moe,583,deepfakes_faces_c23/381_376,ffpp_test:31,1,deepfakes,canonical,0.7962643504142761,0.7962643504142761,1
trimoe,three_domain_moe,584,face2face_faces_c23/376_381,ffpp_test:31,1,face2face,canonical,0.6878759264945984,0.6878759264945984,1
trimoe,three_domain_moe,585,face2face_faces_c23/381_376,ffpp_test:31,1,face2face,canonical,0.25981009006500244,0.25981009006500244,0
trimoe,three_domain_moe,586,faceswap_faces_c23/376_381,ffpp_test:31,1,faceswap,canonical,0.803135871887207,0.803135871887207,1
trimoe,three_domain_moe,587,faceswap_faces_c23/381_376,ffpp_test:31,1,faceswap,canonical,0.8299474120140076,0.8299474120140076,1
trimoe,three_domain_moe,588,neuraltextures_faces_c23/376_381,ffpp_test:31,1,neuraltextures,canonical,0.6263322830200195,0.6263322830200195,0
trimoe,three_domain_moe,589,neuraltextures_faces_c23/381_376,ffpp_test:31,1,neuraltextures,canonical,0.3221023678779602,0.3221023678779602,0
trimoe,three_domain_moe,590,original_faces_c23/000,ffpp_test:0,0,real,canonical,0.4487581253051758,0.4487581253051758,0
trimoe,three_domain_moe,591,original_faces_c23/003,ffpp_test:0,0,real,canonical,0.3099372386932373,0.3099372386932373,0
trimoe,three_domain_moe,592,deepfakes_faces_c23/000_003,ffpp_test:0,1,deepfakes,canonical,0.8252884745597839,0.8252884745597839,1
trimoe,three_domain_moe,593,deepfakes_faces_c23/003_000,ffpp_test:0,1,deepfakes,canonical,0.47382408380508423,0.47382408380508423,0
trimoe,three_domain_moe,594,face2face_faces_c23/000_003,ffpp_test:0,1,face2face,canonical,0.807100236415863,0.807100236415863,1
trimoe,three_domain_moe,595,face2face_faces_c23/003_000,ffpp_test:0,1,face2face,canonical,0.788545548915863,0.788545548915863,1
trimoe,three_domain_moe,596,faceswap_faces_c23/000_003,ffpp_test:0,1,faceswap,canonical,0.8144876956939697,0.8144876956939697,1
trimoe,three_domain_moe,597,faceswap_faces_c23/003_000,ffpp_test:0,1,faceswap,canonical,0.7932420969009399,0.7932420969009399,1
trimoe,three_domain_moe,598,neuraltextures_faces_c23/000_003,ffpp_test:0,1,neuraltextures,canonical,0.5351014137268066,0.5351014137268066,1
trimoe,three_domain_moe,599,neuraltextures_faces_c23/003_000,ffpp_test:0,1,neuraltextures,canonical,0.7386412620544434,0.7386412620544434,1
trimoe,three_domain_moe,600,original_faces_c23/048,ffpp_test:4,0,real,canonical,0.20218387246131897,0.20218387246131897,0
trimoe,three_domain_moe,601,original_faces_c23/029,ffpp_test:4,0,real,canonical,0.3041399121284485,0.3041399121284485,0
trimoe,three_domain_moe,602,deepfakes_faces_c23/048_029,ffpp_test:4,1,deepfakes,canonical,0.6642916202545166,0.6642916202545166,1
trimoe,three_domain_moe,603,deepfakes_faces_c23/029_048,ffpp_test:4,1,deepfakes,canonical,0.5631190538406372,0.5631190538406372,1
trimoe,three_domain_moe,604,face2face_faces_c23/048_029,ffpp_test:4,1,face2face,canonical,0.731024444103241,0.731024444103241,1
trimoe,three_domain_moe,605,face2face_faces_c23/029_048,ffpp_test:4,1,face2face,canonical,0.6653513312339783,0.6653513312339783,1
trimoe,three_domain_moe,606,faceswap_faces_c23/048_029,ffpp_test:4,1,faceswap,canonical,0.7623318433761597,0.7623318433761597,1
trimoe,three_domain_moe,607,faceswap_faces_c23/029_048,ffpp_test:4,1,faceswap,canonical,0.8104585409164429,0.8104585409164429,1
trimoe,three_domain_moe,608,neuraltextures_faces_c23/048_029,ffpp_test:4,1,neuraltextures,canonical,0.7650456428527832,0.7650456428527832,1
trimoe,three_domain_moe,609,neuraltextures_faces_c23/029_048,ffpp_test:4,1,neuraltextures,canonical,0.7784907221794128,0.7784907221794128,1
trimoe,three_domain_moe,610,original_faces_c23/724,ffpp_test:59,0,real,canonical,0.478656530380249,0.478656530380249,0
trimoe,three_domain_moe,611,original_faces_c23/725,ffpp_test:59,0,real,canonical,0.7590607404708862,0.7590607404708862,1
trimoe,three_domain_moe,612,deepfakes_faces_c23/724_725,ffpp_test:59,1,deepfakes,canonical,0.8083507418632507,0.8083507418632507,1
trimoe,three_domain_moe,613,deepfakes_faces_c23/725_724,ffpp_test:59,1,deepfakes,canonical,0.7685286402702332,0.7685286402702332,1
trimoe,three_domain_moe,614,face2face_faces_c23/724_725,ffpp_test:59,1,face2face,canonical,0.8191242218017578,0.8191242218017578,1
trimoe,three_domain_moe,615,face2face_faces_c23/725_724,ffpp_test:59,1,face2face,canonical,0.831089437007904,0.831089437007904,1
trimoe,three_domain_moe,616,faceswap_faces_c23/724_725,ffpp_test:59,1,faceswap,canonical,0.822035014629364,0.822035014629364,1
trimoe,three_domain_moe,617,faceswap_faces_c23/725_724,ffpp_test:59,1,faceswap,canonical,0.8327045440673828,0.8327045440673828,1
trimoe,three_domain_moe,618,neuraltextures_faces_c23/724_725,ffpp_test:59,1,neuraltextures,canonical,0.8241711854934692,0.8241711854934692,1
trimoe,three_domain_moe,619,neuraltextures_faces_c23/725_724,ffpp_test:59,1,neuraltextures,canonical,0.8256528377532959,0.8256528377532959,1
trimoe,three_domain_moe,620,original_faces_c23/608,ffpp_test:50,0,real,canonical,0.47286123037338257,0.47286123037338257,0
trimoe,three_domain_moe,621,original_faces_c23/675,ffpp_test:50,0,real,canonical,0.1655290722846985,0.1655290722846985,0
trimoe,three_domain_moe,622,deepfakes_faces_c23/608_675,ffpp_test:50,1,deepfakes,canonical,0.8282122611999512,0.8282122611999512,1
trimoe,three_domain_moe,623,deepfakes_faces_c23/675_608,ffpp_test:50,1,deepfakes,canonical,0.527209997177124,0.527209997177124,0
trimoe,three_domain_moe,624,face2face_faces_c23/608_675,ffpp_test:50,1,face2face,canonical,0.5242277383804321,0.5242277383804321,0
trimoe,three_domain_moe,625,face2face_faces_c23/675_608,ffpp_test:50,1,face2face,canonical,0.5347105264663696,0.5347105264663696,0
trimoe,three_domain_moe,626,faceswap_faces_c23/608_675,ffpp_test:50,1,faceswap,canonical,0.8289850950241089,0.8289850950241089,1
trimoe,three_domain_moe,627,faceswap_faces_c23/675_608,ffpp_test:50,1,faceswap,canonical,0.4859704375267029,0.4859704375267029,0
trimoe,three_domain_moe,628,neuraltextures_faces_c23/608_675,ffpp_test:50,1,neuraltextures,canonical,0.7582709789276123,0.7582709789276123,1
trimoe,three_domain_moe,629,neuraltextures_faces_c23/675_608,ffpp_test:50,1,neuraltextures,canonical,0.3706512451171875,0.3706512451171875,0
trimoe,three_domain_moe,630,original_faces_c23/386,ffpp_test:14,0,real,canonical,0.2339857816696167,0.2339857816696167,0
trimoe,three_domain_moe,631,original_faces_c23/154,ffpp_test:14,0,real,canonical,0.201242595911026,0.201242595911026,0
trimoe,three_domain_moe,632,deepfakes_faces_c23/386_154,ffpp_test:14,1,deepfakes,canonical,0.8061704635620117,0.8061704635620117,1
trimoe,three_domain_moe,633,deepfakes_faces_c23/154_386,ffpp_test:14,1,deepfakes,canonical,0.4804205596446991,0.4804205596446991,0
trimoe,three_domain_moe,634,face2face_faces_c23/386_154,ffpp_test:14,1,face2face,canonical,0.48597094416618347,0.48597094416618347,0
trimoe,three_domain_moe,635,face2face_faces_c23/154_386,ffpp_test:14,1,face2face,canonical,0.5267256498336792,0.5267256498336792,1
trimoe,three_domain_moe,636,faceswap_faces_c23/386_154,ffpp_test:14,1,faceswap,canonical,0.46649107336997986,0.46649107336997986,0
trimoe,three_domain_moe,637,faceswap_faces_c23/154_386,ffpp_test:14,1,faceswap,canonical,0.6956989765167236,0.6956989765167236,1
trimoe,three_domain_moe,638,neuraltextures_faces_c23/386_154,ffpp_test:14,1,neuraltextures,canonical,0.4743179678916931,0.4743179678916931,0
trimoe,three_domain_moe,639,neuraltextures_faces_c23/154_386,ffpp_test:14,1,neuraltextures,canonical,0.6739136576652527,0.6739136576652527,1
trimoe,three_domain_moe,640,original_faces_c23/220,ffpp_test:20,0,real,canonical,0.2988594174385071,0.2988594174385071,0
trimoe,three_domain_moe,641,original_faces_c23/219,ffpp_test:20,0,real,canonical,0.4400908946990967,0.4400908946990967,0
trimoe,three_domain_moe,642,deepfakes_faces_c23/220_219,ffpp_test:20,1,deepfakes,canonical,0.6985213756561279,0.6985213756561279,1
trimoe,three_domain_moe,643,deepfakes_faces_c23/219_220,ffpp_test:20,1,deepfakes,canonical,0.8196638822555542,0.8196638822555542,1
trimoe,three_domain_moe,644,face2face_faces_c23/220_219,ffpp_test:20,1,face2face,canonical,0.7560994029045105,0.7560994029045105,1
trimoe,three_domain_moe,645,face2face_faces_c23/219_220,ffpp_test:20,1,face2face,canonical,0.7889324426651001,0.7889324426651001,1
trimoe,three_domain_moe,646,faceswap_faces_c23/220_219,ffpp_test:20,1,faceswap,canonical,0.8100012540817261,0.8100012540817261,1
trimoe,three_domain_moe,647,faceswap_faces_c23/219_220,ffpp_test:20,1,faceswap,canonical,0.8164132833480835,0.8164132833480835,1
trimoe,three_domain_moe,648,neuraltextures_faces_c23/220_219,ffpp_test:20,1,neuraltextures,canonical,0.7522100210189819,0.7522100210189819,1
trimoe,three_domain_moe,649,neuraltextures_faces_c23/219_220,ffpp_test:20,1,neuraltextures,canonical,0.7813403010368347,0.7813403010368347,1
trimoe,three_domain_moe,650,original_faces_c23/801,ffpp_test:63,0,real,canonical,0.46509143710136414,0.46509143710136414,1
trimoe,three_domain_moe,651,original_faces_c23/855,ffpp_test:63,0,real,canonical,0.43839582800865173,0.43839582800865173,1
trimoe,three_domain_moe,652,deepfakes_faces_c23/801_855,ffpp_test:63,1,deepfakes,canonical,0.7959122657775879,0.7959122657775879,1
trimoe,three_domain_moe,653,deepfakes_faces_c23/855_801,ffpp_test:63,1,deepfakes,canonical,0.8290438055992126,0.8290438055992126,1
trimoe,three_domain_moe,654,face2face_faces_c23/801_855,ffpp_test:63,1,face2face,canonical,0.7969138026237488,0.7969138026237488,1
trimoe,three_domain_moe,655,face2face_faces_c23/855_801,ffpp_test:63,1,face2face,canonical,0.712912917137146,0.712912917137146,1
trimoe,three_domain_moe,656,faceswap_faces_c23/801_855,ffpp_test:63,1,faceswap,canonical,0.7417625784873962,0.7417625784873962,1
trimoe,three_domain_moe,657,faceswap_faces_c23/855_801,ffpp_test:63,1,faceswap,canonical,0.8173682689666748,0.8173682689666748,1
trimoe,three_domain_moe,658,neuraltextures_faces_c23/801_855,ffpp_test:63,1,neuraltextures,canonical,0.7958313822746277,0.7958313822746277,1
trimoe,three_domain_moe,659,neuraltextures_faces_c23/855_801,ffpp_test:63,1,neuraltextures,canonical,0.8095123767852783,0.8095123767852783,1
trimoe,three_domain_moe,660,original_faces_c23/161,ffpp_test:13,0,real,canonical,0.27515900135040283,0.27515900135040283,0
trimoe,three_domain_moe,661,original_faces_c23/141,ffpp_test:13,0,real,canonical,0.4988726079463959,0.4988726079463959,0
trimoe,three_domain_moe,662,deepfakes_faces_c23/161_141,ffpp_test:13,1,deepfakes,canonical,0.7646123766899109,0.7646123766899109,1
trimoe,three_domain_moe,663,deepfakes_faces_c23/141_161,ffpp_test:13,1,deepfakes,canonical,0.5030770301818848,0.5030770301818848,0
trimoe,three_domain_moe,664,face2face_faces_c23/161_141,ffpp_test:13,1,face2face,canonical,0.4731220006942749,0.4731220006942749,1
trimoe,three_domain_moe,665,face2face_faces_c23/141_161,ffpp_test:13,1,face2face,canonical,0.7666292190551758,0.7666292190551758,1
trimoe,three_domain_moe,666,faceswap_faces_c23/161_141,ffpp_test:13,1,faceswap,canonical,0.827048659324646,0.827048659324646,1
trimoe,three_domain_moe,667,faceswap_faces_c23/141_161,ffpp_test:13,1,faceswap,canonical,0.7915641665458679,0.7915641665458679,1
trimoe,three_domain_moe,668,neuraltextures_faces_c23/161_141,ffpp_test:13,1,neuraltextures,canonical,0.38334572315216064,0.38334572315216064,1
trimoe,three_domain_moe,669,neuraltextures_faces_c23/141_161,ffpp_test:13,1,neuraltextures,canonical,0.7900012731552124,0.7900012731552124,1
trimoe,three_domain_moe,670,original_faces_c23/949,ffpp_test:66,0,real,canonical,0.42611202597618103,0.42611202597618103,0
trimoe,three_domain_moe,671,original_faces_c23/868,ffpp_test:66,0,real,canonical,0.48422420024871826,0.48422420024871826,0
trimoe,three_domain_moe,672,deepfakes_faces_c23/949_868,ffpp_test:66,1,deepfakes,canonical,0.7644035816192627,0.7644035816192627,1
trimoe,three_domain_moe,673,deepfakes_faces_c23/868_949,ffpp_test:66,1,deepfakes,canonical,0.8027297258377075,0.8027297258377075,1
trimoe,three_domain_moe,674,face2face_faces_c23/949_868,ffpp_test:66,1,face2face,canonical,0.7726708650588989,0.7726708650588989,1
trimoe,three_domain_moe,675,face2face_faces_c23/868_949,ffpp_test:66,1,face2face,canonical,0.7747186422348022,0.7747186422348022,1
trimoe,three_domain_moe,676,faceswap_faces_c23/949_868,ffpp_test:66,1,faceswap,canonical,0.8122605681419373,0.8122605681419373,1
trimoe,three_domain_moe,677,faceswap_faces_c23/868_949,ffpp_test:66,1,faceswap,canonical,0.8190779685974121,0.8190779685974121,1
trimoe,three_domain_moe,678,neuraltextures_faces_c23/949_868,ffpp_test:66,1,neuraltextures,canonical,0.7515169382095337,0.7515169382095337,1
trimoe,three_domain_moe,679,neuraltextures_faces_c23/868_949,ffpp_test:66,1,neuraltextures,canonical,0.7389844655990601,0.7389844655990601,1
trimoe,three_domain_moe,680,original_faces_c23/880,ffpp_test:11,0,real,canonical,0.5045353770256042,0.5045353770256042,0
trimoe,three_domain_moe,681,original_faces_c23/135,ffpp_test:11,0,real,canonical,0.4668944776058197,0.4668944776058197,1
trimoe,three_domain_moe,682,deepfakes_faces_c23/880_135,ffpp_test:11,1,deepfakes,canonical,0.794323205947876,0.794323205947876,1
trimoe,three_domain_moe,683,deepfakes_faces_c23/135_880,ffpp_test:11,1,deepfakes,canonical,0.8189105987548828,0.8189105987548828,1
trimoe,three_domain_moe,684,face2face_faces_c23/880_135,ffpp_test:11,1,face2face,canonical,0.8164815902709961,0.8164815902709961,1
trimoe,three_domain_moe,685,face2face_faces_c23/135_880,ffpp_test:11,1,face2face,canonical,0.7477627992630005,0.7477627992630005,1
trimoe,three_domain_moe,686,faceswap_faces_c23/880_135,ffpp_test:11,1,faceswap,canonical,0.8282216787338257,0.8282216787338257,1
trimoe,three_domain_moe,687,faceswap_faces_c23/135_880,ffpp_test:11,1,faceswap,canonical,0.8068586587905884,0.8068586587905884,1
trimoe,three_domain_moe,688,neuraltextures_faces_c23/880_135,ffpp_test:11,1,neuraltextures,canonical,0.8182114362716675,0.8182114362716675,1
trimoe,three_domain_moe,689,neuraltextures_faces_c23/135_880,ffpp_test:11,1,neuraltextures,canonical,0.812493085861206,0.812493085861206,1
trimoe,three_domain_moe,690,original_faces_c23/429,ffpp_test:35,0,real,canonical,0.43816882371902466,0.43816882371902466,0
trimoe,three_domain_moe,691,original_faces_c23/404,ffpp_test:35,0,real,canonical,0.47904855012893677,0.47904855012893677,1
trimoe,three_domain_moe,692,deepfakes_faces_c23/429_404,ffpp_test:35,1,deepfakes,canonical,0.7854741811752319,0.7854741811752319,1
trimoe,three_domain_moe,693,deepfakes_faces_c23/404_429,ffpp_test:35,1,deepfakes,canonical,0.6390233039855957,0.6390233039855957,1
trimoe,three_domain_moe,694,face2face_faces_c23/429_404,ffpp_test:35,1,face2face,canonical,0.7912076711654663,0.7912076711654663,1
trimoe,three_domain_moe,695,face2face_faces_c23/404_429,ffpp_test:35,1,face2face,canonical,0.7668530344963074,0.7668530344963074,1
trimoe,three_domain_moe,696,faceswap_faces_c23/429_404,ffpp_test:35,1,faceswap,canonical,0.6718019247055054,0.6718019247055054,1
trimoe,three_domain_moe,697,faceswap_faces_c23/404_429,ffpp_test:35,1,faceswap,canonical,0.7922511100769043,0.7922511100769043,1
trimoe,three_domain_moe,698,neuraltextures_faces_c23/429_404,ffpp_test:35,1,neuraltextures,canonical,0.7254995107650757,0.7254995107650757,1
trimoe,three_domain_moe,699,neuraltextures_faces_c23/404_429,ffpp_test:35,1,neuraltextures,canonical,0.718805193901062,0.718805193901062,1
trimoe,three_domain_moe,0,original_faces_c23/953,ffpp_test:68,0,real,jpeg40,0.3092132806777954,0.3092132806777954,0
trimoe,three_domain_moe,1,original_faces_c23/974,ffpp_test:68,0,real,jpeg40,0.2654394805431366,0.2654394805431366,0
trimoe,three_domain_moe,2,deepfakes_faces_c23/953_974,ffpp_test:68,1,deepfakes,jpeg40,0.47610872983932495,0.47610872983932495,0
trimoe,three_domain_moe,3,deepfakes_faces_c23/974_953,ffpp_test:68,1,deepfakes,jpeg40,0.4076731204986572,0.4076731204986572,0
trimoe,three_domain_moe,4,face2face_faces_c23/953_974,ffpp_test:68,1,face2face,jpeg40,0.4140017628669739,0.4140017628669739,0
trimoe,three_domain_moe,5,face2face_faces_c23/974_953,ffpp_test:68,1,face2face,jpeg40,0.4658582806587219,0.4658582806587219,0
trimoe,three_domain_moe,6,faceswap_faces_c23/953_974,ffpp_test:68,1,faceswap,jpeg40,0.34284549951553345,0.34284549951553345,0
trimoe,three_domain_moe,7,faceswap_faces_c23/974_953,ffpp_test:68,1,faceswap,jpeg40,0.3395102620124817,0.3395102620124817,0
trimoe,three_domain_moe,8,neuraltextures_faces_c23/953_974,ffpp_test:68,1,neuraltextures,jpeg40,0.4321076571941376,0.4321076571941376,0
trimoe,three_domain_moe,9,neuraltextures_faces_c23/974_953,ffpp_test:68,1,neuraltextures,jpeg40,0.4096224308013916,0.4096224308013916,0
trimoe,three_domain_moe,10,original_faces_c23/012,ffpp_test:1,0,real,jpeg40,0.415196031332016,0.415196031332016,1
trimoe,three_domain_moe,11,original_faces_c23/026,ffpp_test:1,0,real,jpeg40,0.3918324410915375,0.3918324410915375,1
trimoe,three_domain_moe,12,deepfakes_faces_c23/012_026,ffpp_test:1,1,deepfakes,jpeg40,0.4860392212867737,0.4860392212867737,1
trimoe,three_domain_moe,13,deepfakes_faces_c23/026_012,ffpp_test:1,1,deepfakes,jpeg40,0.49707552790641785,0.49707552790641785,1
trimoe,three_domain_moe,14,face2face_faces_c23/012_026,ffpp_test:1,1,face2face,jpeg40,0.42906951904296875,0.42906951904296875,1
trimoe,three_domain_moe,15,face2face_faces_c23/026_012,ffpp_test:1,1,face2face,jpeg40,0.479480504989624,0.479480504989624,1
trimoe,three_domain_moe,16,faceswap_faces_c23/012_026,ffpp_test:1,1,faceswap,jpeg40,0.46594661474227905,0.46594661474227905,1
trimoe,three_domain_moe,17,faceswap_faces_c23/026_012,ffpp_test:1,1,faceswap,jpeg40,0.39641064405441284,0.39641064405441284,1
trimoe,three_domain_moe,18,neuraltextures_faces_c23/012_026,ffpp_test:1,1,neuraltextures,jpeg40,0.46250757575035095,0.46250757575035095,1
trimoe,three_domain_moe,19,neuraltextures_faces_c23/026_012,ffpp_test:1,1,neuraltextures,jpeg40,0.4754636287689209,0.4754636287689209,1
trimoe,three_domain_moe,20,original_faces_c23/078,ffpp_test:8,0,real,jpeg40,0.322137713432312,0.322137713432312,0
trimoe,three_domain_moe,21,original_faces_c23/955,ffpp_test:8,0,real,jpeg40,0.49397653341293335,0.49397653341293335,1
trimoe,three_domain_moe,22,deepfakes_faces_c23/078_955,ffpp_test:8,1,deepfakes,jpeg40,0.4947817027568817,0.4947817027568817,0
trimoe,three_domain_moe,23,deepfakes_faces_c23/955_078,ffpp_test:8,1,deepfakes,jpeg40,0.2674524784088135,0.2674524784088135,0
trimoe,three_domain_moe,24,face2face_faces_c23/078_955,ffpp_test:8,1,face2face,jpeg40,0.4056492745876312,0.4056492745876312,0
trimoe,three_domain_moe,25,face2face_faces_c23/955_078,ffpp_test:8,1,face2face,jpeg40,0.4839295744895935,0.4839295744895935,1
trimoe,three_domain_moe,26,faceswap_faces_c23/078_955,ffpp_test:8,1,faceswap,jpeg40,0.310663640499115,0.310663640499115,0
trimoe,three_domain_moe,27,faceswap_faces_c23/955_078,ffpp_test:8,1,faceswap,jpeg40,0.29415321350097656,0.29415321350097656,0
trimoe,three_domain_moe,28,neuraltextures_faces_c23/078_955,ffpp_test:8,1,neuraltextures,jpeg40,0.3820585012435913,0.3820585012435913,0
trimoe,three_domain_moe,29,neuraltextures_faces_c23/955_078,ffpp_test:8,1,neuraltextures,jpeg40,0.4951415956020355,0.4951415956020355,1
trimoe,three_domain_moe,30,original_faces_c23/623,ffpp_test:51,0,real,jpeg40,0.3038586676120758,0.3038586676120758,0
trimoe,three_domain_moe,31,original_faces_c23/630,ffpp_test:51,0,real,jpeg40,0.46825742721557617,0.46825742721557617,0
trimoe,three_domain_moe,32,deepfakes_faces_c23/623_630,ffpp_test:51,1,deepfakes,jpeg40,0.270453542470932,0.270453542470932,0
trimoe,three_domain_moe,33,deepfakes_faces_c23/630_623,ffpp_test:51,1,deepfakes,jpeg40,0.3191397488117218,0.3191397488117218,0
trimoe,three_domain_moe,34,face2face_faces_c23/623_630,ffpp_test:51,1,face2face,jpeg40,0.42993447184562683,0.42993447184562683,0
trimoe,three_domain_moe,35,face2face_faces_c23/630_623,ffpp_test:51,1,face2face,jpeg40,0.48726874589920044,0.48726874589920044,0
trimoe,three_domain_moe,36,faceswap_faces_c23/623_630,ffpp_test:51,1,faceswap,jpeg40,0.4281904101371765,0.4281904101371765,0
trimoe,three_domain_moe,37,faceswap_faces_c23/630_623,ffpp_test:51,1,faceswap,jpeg40,0.2623678147792816,0.2623678147792816,0
trimoe,three_domain_moe,38,neuraltextures_faces_c23/623_630,ffpp_test:51,1,neuraltextures,jpeg40,0.34833401441574097,0.34833401441574097,0
trimoe,three_domain_moe,39,neuraltextures_faces_c23/630_623,ffpp_test:51,1,neuraltextures,jpeg40,0.405473530292511,0.405473530292511,0
trimoe,three_domain_moe,40,original_faces_c23/919,ffpp_test:2,0,real,jpeg40,0.4982571005821228,0.4982571005821228,0
trimoe,three_domain_moe,41,original_faces_c23/015,ffpp_test:2,0,real,jpeg40,0.4324645400047302,0.4324645400047302,0
trimoe,three_domain_moe,42,deepfakes_faces_c23/919_015,ffpp_test:2,1,deepfakes,jpeg40,0.44411343336105347,0.44411343336105347,0
trimoe,three_domain_moe,43,deepfakes_faces_c23/015_919,ffpp_test:2,1,deepfakes,jpeg40,0.4881698489189148,0.4881698489189148,0
trimoe,three_domain_moe,44,face2face_faces_c23/919_015,ffpp_test:2,1,face2face,jpeg40,0.49060606956481934,0.49060606956481934,0
trimoe,three_domain_moe,45,face2face_faces_c23/015_919,ffpp_test:2,1,face2face,jpeg40,0.4197590947151184,0.4197590947151184,0
trimoe,three_domain_moe,46,faceswap_faces_c23/919_015,ffpp_test:2,1,faceswap,jpeg40,0.41147133708000183,0.41147133708000183,0
trimoe,three_domain_moe,47,faceswap_faces_c23/015_919,ffpp_test:2,1,faceswap,jpeg40,0.44014522433280945,0.44014522433280945,0
trimoe,three_domain_moe,48,neuraltextures_faces_c23/919_015,ffpp_test:2,1,neuraltextures,jpeg40,0.4821424186229706,0.4821424186229706,0
trimoe,three_domain_moe,49,neuraltextures_faces_c23/015_919,ffpp_test:2,1,neuraltextures,jpeg40,0.3924707770347595,0.3924707770347595,0
trimoe,three_domain_moe,50,original_faces_c23/367,ffpp_test:30,0,real,jpeg40,0.4125472903251648,0.4125472903251648,0
trimoe,three_domain_moe,51,original_faces_c23/371,ffpp_test:30,0,real,jpeg40,0.48496532440185547,0.48496532440185547,0
trimoe,three_domain_moe,52,deepfakes_faces_c23/367_371,ffpp_test:30,1,deepfakes,jpeg40,0.44318097829818726,0.44318097829818726,0
trimoe,three_domain_moe,53,deepfakes_faces_c23/371_367,ffpp_test:30,1,deepfakes,jpeg40,0.48179906606674194,0.48179906606674194,0
trimoe,three_domain_moe,54,face2face_faces_c23/367_371,ffpp_test:30,1,face2face,jpeg40,0.48210203647613525,0.48210203647613525,0
trimoe,three_domain_moe,55,face2face_faces_c23/371_367,ffpp_test:30,1,face2face,jpeg40,0.4880638122558594,0.4880638122558594,0
trimoe,three_domain_moe,56,faceswap_faces_c23/367_371,ffpp_test:30,1,faceswap,jpeg40,0.48549962043762207,0.48549962043762207,0
trimoe,three_domain_moe,57,faceswap_faces_c23/371_367,ffpp_test:30,1,faceswap,jpeg40,0.4895904064178467,0.4895904064178467,0
trimoe,three_domain_moe,58,neuraltextures_faces_c23/367_371,ffpp_test:30,1,neuraltextures,jpeg40,0.4813324213027954,0.4813324213027954,0
trimoe,three_domain_moe,59,neuraltextures_faces_c23/371_367,ffpp_test:30,1,neuraltextures,jpeg40,0.4724830985069275,0.4724830985069275,0
trimoe,three_domain_moe,60,original_faces_c23/847,ffpp_test:65,0,real,jpeg40,0.47450730204582214,0.47450730204582214,0
trimoe,three_domain_moe,61,original_faces_c23/906,ffpp_test:65,0,real,jpeg40,0.49260157346725464,0.49260157346725464,0
trimoe,three_domain_moe,62,deepfakes_faces_c23/847_906,ffpp_test:65,1,deepfakes,jpeg40,0.4863552451133728,0.4863552451133728,0
trimoe,three_domain_moe,63,deepfakes_faces_c23/906_847,ffpp_test:65,1,deepfakes,jpeg40,0.4931071996688843,0.4931071996688843,0
trimoe,three_domain_moe,64,face2face_faces_c23/847_906,ffpp_test:65,1,face2face,jpeg40,0.47252246737480164,0.47252246737480164,0
trimoe,three_domain_moe,65,face2face_faces_c23/906_847,ffpp_test:65,1,face2face,jpeg40,0.49394094944000244,0.49394094944000244,0
trimoe,three_domain_moe,66,faceswap_faces_c23/847_906,ffpp_test:65,1,faceswap,jpeg40,0.35223719477653503,0.35223719477653503,0
trimoe,three_domain_moe,67,faceswap_faces_c23/906_847,ffpp_test:65,1,faceswap,jpeg40,0.4919092655181885,0.4919092655181885,0
trimoe,three_domain_moe,68,neuraltextures_faces_c23/847_906,ffpp_test:65,1,neuraltextures,jpeg40,0.4837249517440796,0.4837249517440796,0
trimoe,three_domain_moe,69,neuraltextures_faces_c23/906_847,ffpp_test:65,1,neuraltextures,jpeg40,0.47045275568962097,0.47045275568962097,0
trimoe,three_domain_moe,70,original_faces_c23/529,ffpp_test:46,0,real,jpeg40,0.16689030826091766,0.16689030826091766,0
trimoe,three_domain_moe,71,original_faces_c23/633,ffpp_test:46,0,real,jpeg40,0.4626109302043915,0.4626109302043915,0
trimoe,three_domain_moe,72,deepfakes_faces_c23/529_633,ffpp_test:46,1,deepfakes,jpeg40,0.3218872547149658,0.3218872547149658,0
trimoe,three_domain_moe,73,deepfakes_faces_c23/633_529,ffpp_test:46,1,deepfakes,jpeg40,0.4945376515388489,0.4945376515388489,0
trimoe,three_domain_moe,74,face2face_faces_c23/529_633,ffpp_test:46,1,face2face,jpeg40,0.169795423746109,0.169795423746109,0
trimoe,three_domain_moe,75,face2face_faces_c23/633_529,ffpp_test:46,1,face2face,jpeg40,0.49744975566864014,0.49744975566864014,0
trimoe,three_domain_moe,76,faceswap_faces_c23/529_633,ffpp_test:46,1,faceswap,jpeg40,0.2017846405506134,0.2017846405506134,0
trimoe,three_domain_moe,77,faceswap_faces_c23/633_529,ffpp_test:46,1,faceswap,jpeg40,0.4209718704223633,0.4209718704223633,0
trimoe,three_domain_moe,78,neuraltextures_faces_c23/529_633,ffpp_test:46,1,neuraltextures,jpeg40,0.4035322070121765,0.4035322070121765,0
trimoe,three_domain_moe,79,neuraltextures_faces_c23/633_529,ffpp_test:46,1,neuraltextures,jpeg40,0.42581456899642944,0.42581456899642944,0
trimoe,three_domain_moe,80,original_faces_c23/418,ffpp_test:36,0,real,jpeg40,0.2360517978668213,0.2360517978668213,0
trimoe,three_domain_moe,81,original_faces_c23/507,ffpp_test:36,0,real,jpeg40,0.4409233331680298,0.4409233331680298,0
trimoe,three_domain_moe,82,deepfakes_faces_c23/418_507,ffpp_test:36,1,deepfakes,jpeg40,0.4892563819885254,0.4892563819885254,0
trimoe,three_domain_moe,83,deepfakes_faces_c23/507_418,ffpp_test:36,1,deepfakes,jpeg40,0.5005740523338318,0.5005740523338318,0
trimoe,three_domain_moe,84,face2face_faces_c23/418_507,ffpp_test:36,1,face2face,jpeg40,0.22839407622814178,0.22839407622814178,0
trimoe,three_domain_moe,85,face2face_faces_c23/507_418,ffpp_test:36,1,face2face,jpeg40,0.4689825475215912,0.4689825475215912,0
trimoe,three_domain_moe,86,faceswap_faces_c23/418_507,ffpp_test:36,1,faceswap,jpeg40,0.38417762517929077,0.38417762517929077,0
trimoe,three_domain_moe,87,faceswap_faces_c23/507_418,ffpp_test:36,1,faceswap,jpeg40,0.47241494059562683,0.47241494059562683,0
trimoe,three_domain_moe,88,neuraltextures_faces_c23/418_507,ffpp_test:36,1,neuraltextures,jpeg40,0.23186275362968445,0.23186275362968445,0
trimoe,three_domain_moe,89,neuraltextures_faces_c23/507_418,ffpp_test:36,1,neuraltextures,jpeg40,0.49084898829460144,0.49084898829460144,0
trimoe,three_domain_moe,90,original_faces_c23/227,ffpp_test:16,0,real,jpeg40,0.4264567494392395,0.4264567494392395,1
trimoe,three_domain_moe,91,original_faces_c23/169,ffpp_test:16,0,real,jpeg40,0.4784218668937683,0.4784218668937683,1
trimoe,three_domain_moe,92,deepfakes_faces_c23/227_169,ffpp_test:16,1,deepfakes,jpeg40,0.4948243498802185,0.4948243498802185,1
trimoe,three_domain_moe,93,deepfakes_faces_c23/169_227,ffpp_test:16,1,deepfakes,jpeg40,0.45539069175720215,0.45539069175720215,1
trimoe,three_domain_moe,94,face2face_faces_c23/227_169,ffpp_test:16,1,face2face,jpeg40,0.3588279187679291,0.3588279187679291,1
trimoe,three_domain_moe,95,face2face_faces_c23/169_227,ffpp_test:16,1,face2face,jpeg40,0.4929715096950531,0.4929715096950531,1
trimoe,three_domain_moe,96,faceswap_faces_c23/227_169,ffpp_test:16,1,faceswap,jpeg40,0.2201392948627472,0.2201392948627472,0
trimoe,three_domain_moe,97,faceswap_faces_c23/169_227,ffpp_test:16,1,faceswap,jpeg40,0.4858178496360779,0.4858178496360779,1
trimoe,three_domain_moe,98,neuraltextures_faces_c23/227_169,ffpp_test:16,1,neuraltextures,jpeg40,0.4543338716030121,0.4543338716030121,1
trimoe,three_domain_moe,99,neuraltextures_faces_c23/169_227,ffpp_test:16,1,neuraltextures,jpeg40,0.45279014110565186,0.45279014110565186,1
trimoe,three_domain_moe,100,original_faces_c23/389,ffpp_test:33,0,real,jpeg40,0.377811998128891,0.377811998128891,1
trimoe,three_domain_moe,101,original_faces_c23/480,ffpp_test:33,0,real,jpeg40,0.16544315218925476,0.16544315218925476,0
trimoe,three_domain_moe,102,deepfakes_faces_c23/389_480,ffpp_test:33,1,deepfakes,jpeg40,0.4926697909832001,0.4926697909832001,1
trimoe,three_domain_moe,103,deepfakes_faces_c23/480_389,ffpp_test:33,1,deepfakes,jpeg40,0.38282716274261475,0.38282716274261475,0
trimoe,three_domain_moe,104,face2face_faces_c23/389_480,ffpp_test:33,1,face2face,jpeg40,0.3693827986717224,0.3693827986717224,0
trimoe,three_domain_moe,105,face2face_faces_c23/480_389,ffpp_test:33,1,face2face,jpeg40,0.31435200572013855,0.31435200572013855,0
trimoe,three_domain_moe,106,faceswap_faces_c23/389_480,ffpp_test:33,1,faceswap,jpeg40,0.20158188045024872,0.20158188045024872,0
trimoe,three_domain_moe,107,faceswap_faces_c23/480_389,ffpp_test:33,1,faceswap,jpeg40,0.18589304387569427,0.18589304387569427,0
trimoe,three_domain_moe,108,neuraltextures_faces_c23/389_480,ffpp_test:33,1,neuraltextures,jpeg40,0.3977338671684265,0.3977338671684265,1
trimoe,three_domain_moe,109,neuraltextures_faces_c23/480_389,ffpp_test:33,1,neuraltextures,jpeg40,0.23499760031700134,0.23499760031700134,0
trimoe,three_domain_moe,110,original_faces_c23/821,ffpp_test:64,0,real,jpeg40,0.41461271047592163,0.41461271047592163,0
trimoe,three_domain_moe,111,original_faces_c23/812,ffpp_test:64,0,real,jpeg40,0.21704116463661194,0.21704116463661194,0
trimoe,three_domain_moe,112,deepfakes_faces_c23/821_812,ffpp_test:64,1,deepfakes,jpeg40,0.4932451844215393,0.4932451844215393,0
trimoe,three_domain_moe,113,deepfakes_faces_c23/812_821,ffpp_test:64,1,deepfakes,jpeg40,0.40241000056266785,0.40241000056266785,1
trimoe,three_domain_moe,114,face2face_faces_c23/821_812,ffpp_test:64,1,face2face,jpeg40,0.48370620608329773,0.48370620608329773,0
trimoe,three_domain_moe,115,face2face_faces_c23/812_821,ffpp_test:64,1,face2face,jpeg40,0.3627244830131531,0.3627244830131531,0
trimoe,three_domain_moe,116,faceswap_faces_c23/821_812,ffpp_test:64,1,faceswap,jpeg40,0.2823391854763031,0.2823391854763031,0
trimoe,three_domain_moe,117,faceswap_faces_c23/812_821,ffpp_test:64,1,faceswap,jpeg40,0.37172767519950867,0.37172767519950867,0
trimoe,three_domain_moe,118,neuraltextures_faces_c23/821_812,ffpp_test:64,1,neuraltextures,jpeg40,0.4772647023200989,0.4772647023200989,0
trimoe,three_domain_moe,119,neuraltextures_faces_c23/812_821,ffpp_test:64,1,neuraltextures,jpeg40,0.43692725896835327,0.43692725896835327,0
trimoe,three_domain_moe,120,original_faces_c23/670,ffpp_test:54,0,real,jpeg40,0.32283470034599304,0.32283470034599304,0
trimoe,three_domain_moe,121,original_faces_c23/661,ffpp_test:54,0,real,jpeg40,0.44376230239868164,0.44376230239868164,0
trimoe,three_domain_moe,122,deepfakes_faces_c23/670_661,ffpp_test:54,1,deepfakes,jpeg40,0.4984564185142517,0.4984564185142517,1
trimoe,three_domain_moe,123,deepfakes_faces_c23/661_670,ffpp_test:54,1,deepfakes,jpeg40,0.3625626266002655,0.3625626266002655,0
trimoe,three_domain_moe,124,face2face_faces_c23/670_661,ffpp_test:54,1,face2face,jpeg40,0.49481791257858276,0.49481791257858276,1
trimoe,three_domain_moe,125,face2face_faces_c23/661_670,ffpp_test:54,1,face2face,jpeg40,0.4234886169433594,0.4234886169433594,0
trimoe,three_domain_moe,126,faceswap_faces_c23/670_661,ffpp_test:54,1,faceswap,jpeg40,0.4917498230934143,0.4917498230934143,1
trimoe,three_domain_moe,127,faceswap_faces_c23/661_670,ffpp_test:54,1,faceswap,jpeg40,0.4360502362251282,0.4360502362251282,0
trimoe,three_domain_moe,128,neuraltextures_faces_c23/670_661,ffpp_test:54,1,neuraltextures,jpeg40,0.49969029426574707,0.49969029426574707,1
trimoe,three_domain_moe,129,neuraltextures_faces_c23/661_670,ffpp_test:54,1,neuraltextures,jpeg40,0.4809287190437317,0.4809287190437317,0
trimoe,three_domain_moe,130,original_faces_c23/158,ffpp_test:15,0,real,jpeg40,0.4280984103679657,0.4280984103679657,0
trimoe,three_domain_moe,131,original_faces_c23/379,ffpp_test:15,0,real,jpeg40,0.44419801235198975,0.44419801235198975,0
trimoe,three_domain_moe,132,deepfakes_faces_c23/158_379,ffpp_test:15,1,deepfakes,jpeg40,0.2192268818616867,0.2192268818616867,0
trimoe,three_domain_moe,133,deepfakes_faces_c23/379_158,ffpp_test:15,1,deepfakes,jpeg40,0.3682445287704468,0.3682445287704468,0
trimoe,three_domain_moe,134,face2face_faces_c23/158_379,ffpp_test:15,1,face2face,jpeg40,0.44205784797668457,0.44205784797668457,0
trimoe,three_domain_moe,135,face2face_faces_c23/379_158,ffpp_test:15,1,face2face,jpeg40,0.2641366124153137,0.2641366124153137,0
trimoe,three_domain_moe,136,faceswap_faces_c23/158_379,ffpp_test:15,1,faceswap,jpeg40,0.4383065402507782,0.4383065402507782,0
trimoe,three_domain_moe,137,faceswap_faces_c23/379_158,ffpp_test:15,1,faceswap,jpeg40,0.4681123197078705,0.4681123197078705,1
trimoe,three_domain_moe,138,neuraltextures_faces_c23/158_379,ffpp_test:15,1,neuraltextures,jpeg40,0.4281017780303955,0.4281017780303955,0
trimoe,three_domain_moe,139,neuraltextures_faces_c23/379_158,ffpp_test:15,1,neuraltextures,jpeg40,0.44395899772644043,0.44395899772644043,0
trimoe,three_domain_moe,140,original_faces_c23/423,ffpp_test:37,0,real,jpeg40,0.40187692642211914,0.40187692642211914,0
trimoe,three_domain_moe,141,original_faces_c23/421,ffpp_test:37,0,real,jpeg40,0.42562180757522583,0.42562180757522583,0
trimoe,three_domain_moe,142,deepfakes_faces_c23/423_421,ffpp_test:37,1,deepfakes,jpeg40,0.3849620223045349,0.3849620223045349,0
trimoe,three_domain_moe,143,deepfakes_faces_c23/421_423,ffpp_test:37,1,deepfakes,jpeg40,0.457107275724411,0.457107275724411,0
trimoe,three_domain_moe,144,face2face_faces_c23/423_421,ffpp_test:37,1,face2face,jpeg40,0.47134074568748474,0.47134074568748474,0
trimoe,three_domain_moe,145,face2face_faces_c23/421_423,ffpp_test:37,1,face2face,jpeg40,0.4309244751930237,0.4309244751930237,0
trimoe,three_domain_moe,146,faceswap_faces_c23/423_421,ffpp_test:37,1,faceswap,jpeg40,0.4598657488822937,0.4598657488822937,0
trimoe,three_domain_moe,147,faceswap_faces_c23/421_423,ffpp_test:37,1,faceswap,jpeg40,0.3366295099258423,0.3366295099258423,0
trimoe,three_domain_moe,148,neuraltextures_faces_c23/423_421,ffpp_test:37,1,neuraltextures,jpeg40,0.30359041690826416,0.30359041690826416,0
trimoe,three_domain_moe,149,neuraltextures_faces_c23/421_423,ffpp_test:37,1,neuraltextures,jpeg40,0.3517686128616333,0.3517686128616333,0
trimoe,three_domain_moe,150,original_faces_c23/352,ffpp_test:28,0,real,jpeg40,0.4829119145870209,0.4829119145870209,0
trimoe,three_domain_moe,151,original_faces_c23/319,ffpp_test:28,0,real,jpeg40,0.4821889102458954,0.4821889102458954,0
trimoe,three_domain_moe,152,deepfakes_faces_c23/352_319,ffpp_test:28,1,deepfakes,jpeg40,0.4802475571632385,0.4802475571632385,0
trimoe,three_domain_moe,153,deepfakes_faces_c23/319_352,ffpp_test:28,1,deepfakes,jpeg40,0.47086700797080994,0.47086700797080994,0
trimoe,three_domain_moe,154,face2face_faces_c23/352_319,ffpp_test:28,1,face2face,jpeg40,0.43134593963623047,0.43134593963623047,0
trimoe,three_domain_moe,155,face2face_faces_c23/319_352,ffpp_test:28,1,face2face,jpeg40,0.49436235427856445,0.49436235427856445,0
trimoe,three_domain_moe,156,faceswap_faces_c23/352_319,ffpp_test:28,1,faceswap,jpeg40,0.34462714195251465,0.34462714195251465,0
trimoe,three_domain_moe,157,faceswap_faces_c23/319_352,ffpp_test:28,1,faceswap,jpeg40,0.4792632460594177,0.4792632460594177,0
trimoe,three_domain_moe,158,neuraltextures_faces_c23/352_319,ffpp_test:28,1,neuraltextures,jpeg40,0.42867693305015564,0.42867693305015564,0
trimoe,three_domain_moe,159,neuraltextures_faces_c23/319_352,ffpp_test:28,1,neuraltextures,jpeg40,0.494677871465683,0.494677871465683,0
trimoe,three_domain_moe,160,original_faces_c23/579,ffpp_test:48,0,real,jpeg40,0.4430113732814789,0.4430113732814789,1
trimoe,three_domain_moe,161,original_faces_c23/701,ffpp_test:48,0,real,jpeg40,0.4822179973125458,0.4822179973125458,1
trimoe,three_domain_moe,162,deepfakes_faces_c23/579_701,ffpp_test:48,1,deepfakes,jpeg40,0.4870768189430237,0.4870768189430237,0
trimoe,three_domain_moe,163,deepfakes_faces_c23/701_579,ffpp_test:48,1,deepfakes,jpeg40,0.5014817714691162,0.5014817714691162,1
trimoe,three_domain_moe,164,face2face_faces_c23/579_701,ffpp_test:48,1,face2face,jpeg40,0.4911007285118103,0.4911007285118103,1
trimoe,three_domain_moe,165,face2face_faces_c23/701_579,ffpp_test:48,1,face2face,jpeg40,0.2750239074230194,0.2750239074230194,0
trimoe,three_domain_moe,166,faceswap_faces_c23/579_701,ffpp_test:48,1,faceswap,jpeg40,0.46337729692459106,0.46337729692459106,1
trimoe,three_domain_moe,167,faceswap_faces_c23/701_579,ffpp_test:48,1,faceswap,jpeg40,0.2651819884777069,0.2651819884777069,0
trimoe,three_domain_moe,168,neuraltextures_faces_c23/579_701,ffpp_test:48,1,neuraltextures,jpeg40,0.3206648826599121,0.3206648826599121,0
trimoe,three_domain_moe,169,neuraltextures_faces_c23/701_579,ffpp_test:48,1,neuraltextures,jpeg40,0.253434419631958,0.253434419631958,0
trimoe,three_domain_moe,170,original_faces_c23/488,ffpp_test:34,0,real,jpeg40,0.3793935775756836,0.3793935775756836,1
trimoe,three_domain_moe,171,original_faces_c23/399,ffpp_test:34,0,real,jpeg40,0.3771960139274597,0.3771960139274597,0
trimoe,three_domain_moe,172,deepfakes_faces_c23/488_399,ffpp_test:34,1,deepfakes,jpeg40,0.40250787138938904,0.40250787138938904,1
trimoe,three_domain_moe,173,deepfakes_faces_c23/399_488,ffpp_test:34,1,deepfakes,jpeg40,0.49272581934928894,0.49272581934928894,0
trimoe,three_domain_moe,174,face2face_faces_c23/488_399,ffpp_test:34,1,face2face,jpeg40,0.43461641669273376,0.43461641669273376,1
trimoe,three_domain_moe,175,face2face_faces_c23/399_488,ffpp_test:34,1,face2face,jpeg40,0.39679092168807983,0.39679092168807983,0
trimoe,three_domain_moe,176,faceswap_faces_c23/488_399,ffpp_test:34,1,faceswap,jpeg40,0.39651018381118774,0.39651018381118774,1
trimoe,three_domain_moe,177,faceswap_faces_c23/399_488,ffpp_test:34,1,faceswap,jpeg40,0.1728343963623047,0.1728343963623047,0
trimoe,three_domain_moe,178,neuraltextures_faces_c23/488_399,ffpp_test:34,1,neuraltextures,jpeg40,0.39548444747924805,0.39548444747924805,1
trimoe,three_domain_moe,179,neuraltextures_faces_c23/399_488,ffpp_test:34,1,neuraltextures,jpeg40,0.4895789623260498,0.4895789623260498,0
trimoe,three_domain_moe,180,original_faces_c23/695,ffpp_test:38,0,real,jpeg40,0.16355794668197632,0.16355794668197632,0
trimoe,three_domain_moe,181,original_faces_c23/422,ffpp_test:38,0,real,jpeg40,0.453610360622406,0.453610360622406,1
trimoe,three_domain_moe,182,deepfakes_faces_c23/695_422,ffpp_test:38,1,deepfakes,jpeg40,0.22461192309856415,0.22461192309856415,0
trimoe,three_domain_moe,183,deepfakes_faces_c23/422_695,ffpp_test:38,1,deepfakes,jpeg40,0.3837658166885376,0.3837658166885376,1
trimoe,three_domain_moe,184,face2face_faces_c23/695_422,ffpp_test:38,1,face2face,jpeg40,0.16575978696346283,0.16575978696346283,0
trimoe,three_domain_moe,185,face2face_faces_c23/422_695,ffpp_test:38,1,face2face,jpeg40,0.449868381023407,0.449868381023407,1
trimoe,three_domain_moe,186,faceswap_faces_c23/695_422,ffpp_test:38,1,faceswap,jpeg40,0.1636112481355667,0.1636112481355667,0
trimoe,three_domain_moe,187,faceswap_faces_c23/422_695,ffpp_test:38,1,faceswap,jpeg40,0.22992968559265137,0.22992968559265137,0
trimoe,three_domain_moe,188,neuraltextures_faces_c23/695_422,ffpp_test:38,1,neuraltextures,jpeg40,0.16440927982330322,0.16440927982330322,0
trimoe,three_domain_moe,189,neuraltextures_faces_c23/422_695,ffpp_test:38,1,neuraltextures,jpeg40,0.47195863723754883,0.47195863723754883,1
trimoe,three_domain_moe,190,original_faces_c23/288,ffpp_test:25,0,real,jpeg40,0.3214453160762787,0.3214453160762787,0
trimoe,three_domain_moe,191,original_faces_c23/321,ffpp_test:25,0,real,jpeg40,0.3820289969444275,0.3820289969444275,0
trimoe,three_domain_moe,192,deepfakes_faces_c23/288_321,ffpp_test:25,1,deepfakes,jpeg40,0.42474788427352905,0.42474788427352905,1
trimoe,three_domain_moe,193,deepfakes_faces_c23/321_288,ffpp_test:25,1,deepfakes,jpeg40,0.38746851682662964,0.38746851682662964,0
trimoe,three_domain_moe,194,face2face_faces_c23/288_321,ffpp_test:25,1,face2face,jpeg40,0.3345201909542084,0.3345201909542084,0
trimoe,three_domain_moe,195,face2face_faces_c23/321_288,ffpp_test:25,1,face2face,jpeg40,0.4593287408351898,0.4593287408351898,0
trimoe,three_domain_moe,196,faceswap_faces_c23/288_321,ffpp_test:25,1,faceswap,jpeg40,0.4903241991996765,0.4903241991996765,1
trimoe,three_domain_moe,197,faceswap_faces_c23/321_288,ffpp_test:25,1,faceswap,jpeg40,0.46737998723983765,0.46737998723983765,0
trimoe,three_domain_moe,198,neuraltextures_faces_c23/288_321,ffpp_test:25,1,neuraltextures,jpeg40,0.4655551612377167,0.4655551612377167,1
trimoe,three_domain_moe,199,neuraltextures_faces_c23/321_288,ffpp_test:25,1,neuraltextures,jpeg40,0.38552412390708923,0.38552412390708923,0
trimoe,three_domain_moe,200,original_faces_c23/705,ffpp_test:57,0,real,jpeg40,0.4799427390098572,0.4799427390098572,0
trimoe,three_domain_moe,201,original_faces_c23/707,ffpp_test:57,0,real,jpeg40,0.3737800121307373,0.3737800121307373,0
trimoe,three_domain_moe,202,deepfakes_faces_c23/705_707,ffpp_test:57,1,deepfakes,jpeg40,0.3847903609275818,0.3847903609275818,0
trimoe,three_domain_moe,203,deepfakes_faces_c23/707_705,ffpp_test:57,1,deepfakes,jpeg40,0.44908607006073,0.44908607006073,0
trimoe,three_domain_moe,204,face2face_faces_c23/705_707,ffpp_test:57,1,face2face,jpeg40,0.490698903799057,0.490698903799057,0
trimoe,three_domain_moe,205,face2face_faces_c23/707_705,ffpp_test:57,1,face2face,jpeg40,0.43399327993392944,0.43399327993392944,0
trimoe,three_domain_moe,206,faceswap_faces_c23/705_707,ffpp_test:57,1,faceswap,jpeg40,0.4906556010246277,0.4906556010246277,0
trimoe,three_domain_moe,207,faceswap_faces_c23/707_705,ffpp_test:57,1,faceswap,jpeg40,0.4024246633052826,0.4024246633052826,0
trimoe,three_domain_moe,208,neuraltextures_faces_c23/705_707,ffpp_test:57,1,neuraltextures,jpeg40,0.48440027236938477,0.48440027236938477,0
trimoe,three_domain_moe,209,neuraltextures_faces_c23/707_705,ffpp_test:57,1,neuraltextures,jpeg40,0.416195809841156,0.416195809841156,0
trimoe,three_domain_moe,210,original_faces_c23/306,ffpp_test:24,0,real,jpeg40,0.47609516978263855,0.47609516978263855,0
trimoe,three_domain_moe,211,original_faces_c23/278,ffpp_test:24,0,real,jpeg40,0.447056382894516,0.447056382894516,1
trimoe,three_domain_moe,212,deepfakes_faces_c23/306_278,ffpp_test:24,1,deepfakes,jpeg40,0.4554325342178345,0.4554325342178345,0
trimoe,three_domain_moe,213,deepfakes_faces_c23/278_306,ffpp_test:24,1,deepfakes,jpeg40,0.35279417037963867,0.35279417037963867,1
trimoe,three_domain_moe,214,face2face_faces_c23/306_278,ffpp_test:24,1,face2face,jpeg40,0.479140043258667,0.479140043258667,0
trimoe,three_domain_moe,215,face2face_faces_c23/278_306,ffpp_test:24,1,face2face,jpeg40,0.2907346189022064,0.2907346189022064,0
trimoe,three_domain_moe,216,faceswap_faces_c23/306_278,ffpp_test:24,1,faceswap,jpeg40,0.4923044443130493,0.4923044443130493,0
trimoe,three_domain_moe,217,faceswap_faces_c23/278_306,ffpp_test:24,1,faceswap,jpeg40,0.3918045163154602,0.3918045163154602,1
trimoe,three_domain_moe,218,neuraltextures_faces_c23/306_278,ffpp_test:24,1,neuraltextures,jpeg40,0.47137579321861267,0.47137579321861267,0
trimoe,three_domain_moe,219,neuraltextures_faces_c23/278_306,ffpp_test:24,1,neuraltextures,jpeg40,0.3386184871196747,0.3386184871196747,1
trimoe,three_domain_moe,220,original_faces_c23/865,ffpp_test:61,0,real,jpeg40,0.2196929156780243,0.2196929156780243,0
trimoe,three_domain_moe,221,original_faces_c23/739,ffpp_test:61,0,real,jpeg40,0.17749164998531342,0.17749164998531342,0
trimoe,three_domain_moe,222,deepfakes_faces_c23/865_739,ffpp_test:61,1,deepfakes,jpeg40,0.19289962947368622,0.19289962947368622,0
trimoe,three_domain_moe,223,deepfakes_faces_c23/739_865,ffpp_test:61,1,deepfakes,jpeg40,0.48211950063705444,0.48211950063705444,1
trimoe,three_domain_moe,224,face2face_faces_c23/865_739,ffpp_test:61,1,face2face,jpeg40,0.3941469192504883,0.3941469192504883,0
trimoe,three_domain_moe,225,face2face_faces_c23/739_865,ffpp_test:61,1,face2face,jpeg40,0.43119287490844727,0.43119287490844727,1
trimoe,three_domain_moe,226,faceswap_faces_c23/865_739,ffpp_test:61,1,faceswap,jpeg40,0.2261253297328949,0.2261253297328949,0
trimoe,three_domain_moe,227,faceswap_faces_c23/739_865,ffpp_test:61,1,faceswap,jpeg40,0.47257256507873535,0.47257256507873535,1
trimoe,three_domain_moe,228,neuraltextures_faces_c23/865_739,ffpp_test:61,1,neuraltextures,jpeg40,0.28506606817245483,0.28506606817245483,0
trimoe,three_domain_moe,229,neuraltextures_faces_c23/739_865,ffpp_test:61,1,neuraltextures,jpeg40,0.4752540588378906,0.4752540588378906,1
trimoe,three_domain_moe,230,original_faces_c23/995,ffpp_test:21,0,real,jpeg40,0.4669581353664398,0.4669581353664398,1
trimoe,three_domain_moe,231,original_faces_c23/233,ffpp_test:21,0,real,jpeg40,0.4979683756828308,0.4979683756828308,0
trimoe,three_domain_moe,232,deepfakes_faces_c23/995_233,ffpp_test:21,1,deepfakes,jpeg40,0.4677015244960785,0.4677015244960785,1
trimoe,three_domain_moe,233,deepfakes_faces_c23/233_995,ffpp_test:21,1,deepfakes,jpeg40,0.5007782578468323,0.5007782578468323,0
trimoe,three_domain_moe,234,face2face_faces_c23/995_233,ffpp_test:21,1,face2face,jpeg40,0.4123567044734955,0.4123567044734955,1
trimoe,three_domain_moe,235,face2face_faces_c23/233_995,ffpp_test:21,1,face2face,jpeg40,0.49157291650772095,0.49157291650772095,0
trimoe,three_domain_moe,236,faceswap_faces_c23/995_233,ffpp_test:21,1,faceswap,jpeg40,0.46906229853630066,0.46906229853630066,1
trimoe,three_domain_moe,237,faceswap_faces_c23/233_995,ffpp_test:21,1,faceswap,jpeg40,0.47786349058151245,0.47786349058151245,0
trimoe,three_domain_moe,238,neuraltextures_faces_c23/995_233,ffpp_test:21,1,neuraltextures,jpeg40,0.4807433485984802,0.4807433485984802,1
trimoe,three_domain_moe,239,neuraltextures_faces_c23/233_995,ffpp_test:21,1,neuraltextures,jpeg40,0.4952230453491211,0.4952230453491211,0
trimoe,three_domain_moe,240,original_faces_c23/755,ffpp_test:62,0,real,jpeg40,0.2966437339782715,0.2966437339782715,0
trimoe,three_domain_moe,241,original_faces_c23/759,ffpp_test:62,0,real,jpeg40,0.4930817782878876,0.4930817782878876,0
trimoe,three_domain_moe,242,deepfakes_faces_c23/755_759,ffpp_test:62,1,deepfakes,jpeg40,0.48802313208580017,0.48802313208580017,1
trimoe,three_domain_moe,243,deepfakes_faces_c23/759_755,ffpp_test:62,1,deepfakes,jpeg40,0.2509593367576599,0.2509593367576599,0
trimoe,three_domain_moe,244,face2face_faces_c23/755_759,ffpp_test:62,1,face2face,jpeg40,0.49708375334739685,0.49708375334739685,0
trimoe,three_domain_moe,245,face2face_faces_c23/759_755,ffpp_test:62,1,face2face,jpeg40,0.46281862258911133,0.46281862258911133,1
trimoe,three_domain_moe,246,faceswap_faces_c23/755_759,ffpp_test:62,1,faceswap,jpeg40,0.3392687439918518,0.3392687439918518,0
trimoe,three_domain_moe,247,faceswap_faces_c23/759_755,ffpp_test:62,1,faceswap,jpeg40,0.3799065053462982,0.3799065053462982,1
trimoe,three_domain_moe,248,neuraltextures_faces_c23/755_759,ffpp_test:62,1,neuraltextures,jpeg40,0.49191731214523315,0.49191731214523315,0
trimoe,three_domain_moe,249,neuraltextures_faces_c23/759_755,ffpp_test:62,1,neuraltextures,jpeg40,0.44857263565063477,0.44857263565063477,1
trimoe,three_domain_moe,250,original_faces_c23/467,ffpp_test:43,0,real,jpeg40,0.4051036238670349,0.4051036238670349,0
trimoe,three_domain_moe,251,original_faces_c23/462,ffpp_test:43,0,real,jpeg40,0.43208155035972595,0.43208155035972595,1
trimoe,three_domain_moe,252,deepfakes_faces_c23/467_462,ffpp_test:43,1,deepfakes,jpeg40,0.4032779633998871,0.4032779633998871,0
trimoe,three_domain_moe,253,deepfakes_faces_c23/462_467,ffpp_test:43,1,deepfakes,jpeg40,0.4794125556945801,0.4794125556945801,1
trimoe,three_domain_moe,254,face2face_faces_c23/467_462,ffpp_test:43,1,face2face,jpeg40,0.35832807421684265,0.35832807421684265,0
trimoe,three_domain_moe,255,face2face_faces_c23/462_467,ffpp_test:43,1,face2face,jpeg40,0.47277817130088806,0.47277817130088806,1
trimoe,three_domain_moe,256,faceswap_faces_c23/467_462,ffpp_test:43,1,faceswap,jpeg40,0.21187862753868103,0.21187862753868103,0
trimoe,three_domain_moe,257,faceswap_faces_c23/462_467,ffpp_test:43,1,faceswap,jpeg40,0.48067817091941833,0.48067817091941833,0
trimoe,three_domain_moe,258,neuraltextures_faces_c23/467_462,ffpp_test:43,1,neuraltextures,jpeg40,0.2888648509979248,0.2888648509979248,0
trimoe,three_domain_moe,259,neuraltextures_faces_c23/462_467,ffpp_test:43,1,neuraltextures,jpeg40,0.4822825789451599,0.4822825789451599,1
trimoe,three_domain_moe,260,original_faces_c23/314,ffpp_test:27,0,real,jpeg40,0.45187005400657654,0.45187005400657654,0
trimoe,three_domain_moe,261,original_faces_c23/347,ffpp_test:27,0,real,jpeg40,0.2394431233406067,0.2394431233406067,0
trimoe,three_domain_moe,262,deepfakes_faces_c23/314_347,ffpp_test:27,1,deepfakes,jpeg40,0.37223196029663086,0.37223196029663086,0
trimoe,three_domain_moe,263,deepfakes_faces_c23/347_314,ffpp_test:27,1,deepfakes,jpeg40,0.46096915006637573,0.46096915006637573,0
trimoe,three_domain_moe,264,face2face_faces_c23/314_347,ffpp_test:27,1,face2face,jpeg40,0.47406864166259766,0.47406864166259766,0
trimoe,three_domain_moe,265,face2face_faces_c23/347_314,ffpp_test:27,1,face2face,jpeg40,0.3236662745475769,0.3236662745475769,0
trimoe,three_domain_moe,266,faceswap_faces_c23/314_347,ffpp_test:27,1,faceswap,jpeg40,0.46187782287597656,0.46187782287597656,0
trimoe,three_domain_moe,267,faceswap_faces_c23/347_314,ffpp_test:27,1,faceswap,jpeg40,0.27361273765563965,0.27361273765563965,0
trimoe,three_domain_moe,268,neuraltextures_faces_c23/314_347,ffpp_test:27,1,neuraltextures,jpeg40,0.4563863277435303,0.4563863277435303,0
trimoe,three_domain_moe,269,neuraltextures_faces_c23/347_314,ffpp_test:27,1,neuraltextures,jpeg40,0.27438223361968994,0.27438223361968994,0
trimoe,three_domain_moe,270,original_faces_c23/741,ffpp_test:60,0,real,jpeg40,0.489136278629303,0.489136278629303,0
trimoe,three_domain_moe,271,original_faces_c23/731,ffpp_test:60,0,real,jpeg40,0.4979866147041321,0.4979866147041321,0
trimoe,three_domain_moe,272,deepfakes_faces_c23/741_731,ffpp_test:60,1,deepfakes,jpeg40,0.49120455980300903,0.49120455980300903,0
trimoe,three_domain_moe,273,deepfakes_faces_c23/731_741,ffpp_test:60,1,deepfakes,jpeg40,0.4965992569923401,0.4965992569923401,0
trimoe,three_domain_moe,274,face2face_faces_c23/741_731,ffpp_test:60,1,face2face,jpeg40,0.4640696942806244,0.4640696942806244,0
trimoe,three_domain_moe,275,face2face_faces_c23/731_741,ffpp_test:60,1,face2face,jpeg40,0.49777859449386597,0.49777859449386597,0
trimoe,three_domain_moe,276,faceswap_faces_c23/741_731,ffpp_test:60,1,faceswap,jpeg40,0.4930381178855896,0.4930381178855896,0
trimoe,three_domain_moe,277,faceswap_faces_c23/731_741,ffpp_test:60,1,faceswap,jpeg40,0.4980204701423645,0.4980204701423645,0
trimoe,three_domain_moe,278,neuraltextures_faces_c23/741_731,ffpp_test:60,1,neuraltextures,jpeg40,0.49647319316864014,0.49647319316864014,0
trimoe,three_domain_moe,279,neuraltextures_faces_c23/731_741,ffpp_test:60,1,neuraltextures,jpeg40,0.4833414554595947,0.4833414554595947,0
trimoe,three_domain_moe,280,original_faces_c23/970,ffpp_test:69,0,real,jpeg40,0.4297933280467987,0.4297933280467987,1
trimoe,three_domain_moe,281,original_faces_c23/973,ffpp_test:69,0,real,jpeg40,0.4808902144432068,0.4808902144432068,0
trimoe,three_domain_moe,282,deepfakes_faces_c23/970_973,ffpp_test:69,1,deepfakes,jpeg40,0.3717823028564453,0.3717823028564453,1
trimoe,three_domain_moe,283,deepfakes_faces_c23/973_970,ffpp_test:69,1,deepfakes,jpeg40,0.4942999482154846,0.4942999482154846,0
trimoe,three_domain_moe,284,face2face_faces_c23/970_973,ffpp_test:69,1,face2face,jpeg40,0.4617968201637268,0.4617968201637268,1
trimoe,three_domain_moe,285,face2face_faces_c23/973_970,ffpp_test:69,1,face2face,jpeg40,0.4944729208946228,0.4944729208946228,0
trimoe,three_domain_moe,286,faceswap_faces_c23/970_973,ffpp_test:69,1,faceswap,jpeg40,0.3375633955001831,0.3375633955001831,1
trimoe,three_domain_moe,287,faceswap_faces_c23/973_970,ffpp_test:69,1,faceswap,jpeg40,0.47241926193237305,0.47241926193237305,0
trimoe,three_domain_moe,288,neuraltextures_faces_c23/970_973,ffpp_test:69,1,neuraltextures,jpeg40,0.2628575563430786,0.2628575563430786,0
trimoe,three_domain_moe,289,neuraltextures_faces_c23/973_970,ffpp_test:69,1,neuraltextures,jpeg40,0.4858561158180237,0.4858561158180237,0
trimoe,three_domain_moe,290,original_faces_c23/634,ffpp_test:53,0,real,jpeg40,0.4659906327724457,0.4659906327724457,0
trimoe,three_domain_moe,291,original_faces_c23/660,ffpp_test:53,0,real,jpeg40,0.47662389278411865,0.47662389278411865,1
trimoe,three_domain_moe,292,deepfakes_faces_c23/634_660,ffpp_test:53,1,deepfakes,jpeg40,0.4784221053123474,0.4784221053123474,0
trimoe,three_domain_moe,293,deepfakes_faces_c23/660_634,ffpp_test:53,1,deepfakes,jpeg40,0.4940025508403778,0.4940025508403778,1
trimoe,three_domain_moe,294,face2face_faces_c23/634_660,ffpp_test:53,1,face2face,jpeg40,0.47270530462265015,0.47270530462265015,0
trimoe,three_domain_moe,295,face2face_faces_c23/660_634,ffpp_test:53,1,face2face,jpeg40,0.3786029815673828,0.3786029815673828,1
trimoe,three_domain_moe,296,faceswap_faces_c23/634_660,ffpp_test:53,1,faceswap,jpeg40,0.45329761505126953,0.45329761505126953,0
trimoe,three_domain_moe,297,faceswap_faces_c23/660_634,ffpp_test:53,1,faceswap,jpeg40,0.4840322732925415,0.4840322732925415,1
trimoe,three_domain_moe,298,neuraltextures_faces_c23/634_660,ffpp_test:53,1,neuraltextures,jpeg40,0.37935012578964233,0.37935012578964233,0
trimoe,three_domain_moe,299,neuraltextures_faces_c23/660_634,ffpp_test:53,1,neuraltextures,jpeg40,0.4936330318450928,0.4936330318450928,1
trimoe,three_domain_moe,300,original_faces_c23/494,ffpp_test:40,0,real,jpeg40,0.5005483627319336,0.5005483627319336,1
trimoe,three_domain_moe,301,original_faces_c23/445,ffpp_test:40,0,real,jpeg40,0.3285069763660431,0.3285069763660431,0
trimoe,three_domain_moe,302,deepfakes_faces_c23/494_445,ffpp_test:40,1,deepfakes,jpeg40,0.49748319387435913,0.49748319387435913,1
trimoe,three_domain_moe,303,deepfakes_faces_c23/445_494,ffpp_test:40,1,deepfakes,jpeg40,0.464261531829834,0.464261531829834,0
trimoe,three_domain_moe,304,face2face_faces_c23/494_445,ffpp_test:40,1,face2face,jpeg40,0.48941466212272644,0.48941466212272644,1
trimoe,three_domain_moe,305,face2face_faces_c23/445_494,ffpp_test:40,1,face2face,jpeg40,0.44050607085227966,0.44050607085227966,0
trimoe,three_domain_moe,306,faceswap_faces_c23/494_445,ffpp_test:40,1,faceswap,jpeg40,0.4896899163722992,0.4896899163722992,1
trimoe,three_domain_moe,307,faceswap_faces_c23/445_494,ffpp_test:40,1,faceswap,jpeg40,0.3849334120750427,0.3849334120750427,0
trimoe,three_domain_moe,308,neuraltextures_faces_c23/494_445,ffpp_test:40,1,neuraltextures,jpeg40,0.501361072063446,0.501361072063446,1
trimoe,three_domain_moe,309,neuraltextures_faces_c23/445_494,ffpp_test:40,1,neuraltextures,jpeg40,0.4608769416809082,0.4608769416809082,0
trimoe,three_domain_moe,310,original_faces_c23/706,ffpp_test:44,0,real,jpeg40,0.4067850708961487,0.4067850708961487,0
trimoe,three_domain_moe,311,original_faces_c23/479,ffpp_test:44,0,real,jpeg40,0.2951197624206543,0.2951197624206543,0
trimoe,three_domain_moe,312,deepfakes_faces_c23/706_479,ffpp_test:44,1,deepfakes,jpeg40,0.48874029517173767,0.48874029517173767,0
trimoe,three_domain_moe,313,deepfakes_faces_c23/479_706,ffpp_test:44,1,deepfakes,jpeg40,0.49834108352661133,0.49834108352661133,1
trimoe,three_domain_moe,314,face2face_faces_c23/706_479,ffpp_test:44,1,face2face,jpeg40,0.4311525225639343,0.4311525225639343,0
trimoe,three_domain_moe,315,face2face_faces_c23/479_706,ffpp_test:44,1,face2face,jpeg40,0.41155797243118286,0.41155797243118286,1
trimoe,three_domain_moe,316,faceswap_faces_c23/706_479,ffpp_test:44,1,faceswap,jpeg40,0.34011849761009216,0.34011849761009216,0
trimoe,three_domain_moe,317,faceswap_faces_c23/479_706,ffpp_test:44,1,faceswap,jpeg40,0.31515467166900635,0.31515467166900635,0
trimoe,three_domain_moe,318,neuraltextures_faces_c23/706_479,ffpp_test:44,1,neuraltextures,jpeg40,0.452608585357666,0.452608585357666,0
trimoe,three_domain_moe,319,neuraltextures_faces_c23/479_706,ffpp_test:44,1,neuraltextures,jpeg40,0.4992135465145111,0.4992135465145111,1
trimoe,three_domain_moe,320,original_faces_c23/186,ffpp_test:17,0,real,jpeg40,0.2699069678783417,0.2699069678783417,0
trimoe,three_domain_moe,321,original_faces_c23/170,ffpp_test:17,0,real,jpeg40,0.488336443901062,0.488336443901062,0
trimoe,three_domain_moe,322,deepfakes_faces_c23/186_170,ffpp_test:17,1,deepfakes,jpeg40,0.4464336037635803,0.4464336037635803,0
trimoe,three_domain_moe,323,deepfakes_faces_c23/170_186,ffpp_test:17,1,deepfakes,jpeg40,0.4986083507537842,0.4986083507537842,0
trimoe,three_domain_moe,324,face2face_faces_c23/186_170,ffpp_test:17,1,face2face,jpeg40,0.21048852801322937,0.21048852801322937,0
trimoe,three_domain_moe,325,face2face_faces_c23/170_186,ffpp_test:17,1,face2face,jpeg40,0.48915237188339233,0.48915237188339233,0
trimoe,three_domain_moe,326,faceswap_faces_c23/186_170,ffpp_test:17,1,faceswap,jpeg40,0.22308151423931122,0.22308151423931122,0
trimoe,three_domain_moe,327,faceswap_faces_c23/170_186,ffpp_test:17,1,faceswap,jpeg40,0.4677572250366211,0.4677572250366211,0
trimoe,three_domain_moe,328,neuraltextures_faces_c23/186_170,ffpp_test:17,1,neuraltextures,jpeg40,0.24932824075222015,0.24932824075222015,0
trimoe,three_domain_moe,329,neuraltextures_faces_c23/170_186,ffpp_test:17,1,neuraltextures,jpeg40,0.44195741415023804,0.44195741415023804,0
trimoe,three_domain_moe,330,original_faces_c23/176,ffpp_test:18,0,real,jpeg40,0.24773935973644257,0.24773935973644257,0
trimoe,three_domain_moe,331,original_faces_c23/190,ffpp_test:18,0,real,jpeg40,0.21241238713264465,0.21241238713264465,0
trimoe,three_domain_moe,332,deepfakes_faces_c23/176_190,ffpp_test:18,1,deepfakes,jpeg40,0.49571001529693604,0.49571001529693604,1
trimoe,three_domain_moe,333,deepfakes_faces_c23/190_176,ffpp_test:18,1,deepfakes,jpeg40,0.1945389211177826,0.1945389211177826,0
trimoe,three_domain_moe,334,face2face_faces_c23/176_190,ffpp_test:18,1,face2face,jpeg40,0.2086007446050644,0.2086007446050644,0
trimoe,three_domain_moe,335,face2face_faces_c23/190_176,ffpp_test:18,1,face2face,jpeg40,0.24911360442638397,0.24911360442638397,0
trimoe,three_domain_moe,336,faceswap_faces_c23/176_190,ffpp_test:18,1,faceswap,jpeg40,0.4058062434196472,0.4058062434196472,1
trimoe,three_domain_moe,337,faceswap_faces_c23/190_176,ffpp_test:18,1,faceswap,jpeg40,0.1623067557811737,0.1623067557811737,0
trimoe,three_domain_moe,338,neuraltextures_faces_c23/176_190,ffpp_test:18,1,neuraltextures,jpeg40,0.2557142972946167,0.2557142972946167,0
trimoe,three_domain_moe,339,neuraltextures_faces_c23/190_176,ffpp_test:18,1,neuraltextures,jpeg40,0.30230674147605896,0.30230674147605896,0
trimoe,three_domain_moe,340,original_faces_c23/380,ffpp_test:29,0,real,jpeg40,0.49202531576156616,0.49202531576156616,0
trimoe,three_domain_moe,341,original_faces_c23/358,ffpp_test:29,0,real,jpeg40,0.4879724383354187,0.4879724383354187,0
trimoe,three_domain_moe,342,deepfakes_faces_c23/380_358,ffpp_test:29,1,deepfakes,jpeg40,0.48873910307884216,0.48873910307884216,0
trimoe,three_domain_moe,343,deepfakes_faces_c23/358_380,ffpp_test:29,1,deepfakes,jpeg40,0.4921271502971649,0.4921271502971649,0
trimoe,three_domain_moe,344,face2face_faces_c23/380_358,ffpp_test:29,1,face2face,jpeg40,0.46682530641555786,0.46682530641555786,0
trimoe,three_domain_moe,345,face2face_faces_c23/358_380,ffpp_test:29,1,face2face,jpeg40,0.4838535785675049,0.4838535785675049,0
trimoe,three_domain_moe,346,faceswap_faces_c23/380_358,ffpp_test:29,1,faceswap,jpeg40,0.4943796396255493,0.4943796396255493,0
trimoe,three_domain_moe,347,faceswap_faces_c23/358_380,ffpp_test:29,1,faceswap,jpeg40,0.2948649525642395,0.2948649525642395,0
trimoe,three_domain_moe,348,neuraltextures_faces_c23/380_358,ffpp_test:29,1,neuraltextures,jpeg40,0.49206671118736267,0.49206671118736267,0
trimoe,three_domain_moe,349,neuraltextures_faces_c23/358_380,ffpp_test:29,1,neuraltextures,jpeg40,0.4866224527359009,0.4866224527359009,0
trimoe,three_domain_moe,350,original_faces_c23/214,ffpp_test:19,0,real,jpeg40,0.39614376425743103,0.39614376425743103,1
trimoe,three_domain_moe,351,original_faces_c23/255,ffpp_test:19,0,real,jpeg40,0.1653876006603241,0.1653876006603241,0
trimoe,three_domain_moe,352,deepfakes_faces_c23/214_255,ffpp_test:19,1,deepfakes,jpeg40,0.40899714827537537,0.40899714827537537,1
trimoe,three_domain_moe,353,deepfakes_faces_c23/255_214,ffpp_test:19,1,deepfakes,jpeg40,0.45819658041000366,0.45819658041000366,0
trimoe,three_domain_moe,354,face2face_faces_c23/214_255,ffpp_test:19,1,face2face,jpeg40,0.2263869047164917,0.2263869047164917,0
trimoe,three_domain_moe,355,face2face_faces_c23/255_214,ffpp_test:19,1,face2face,jpeg40,0.16592758893966675,0.16592758893966675,0
trimoe,three_domain_moe,356,faceswap_faces_c23/214_255,ffpp_test:19,1,faceswap,jpeg40,0.2238505780696869,0.2238505780696869,0
trimoe,three_domain_moe,357,faceswap_faces_c23/255_214,ffpp_test:19,1,faceswap,jpeg40,0.2800174951553345,0.2800174951553345,0
trimoe,three_domain_moe,358,neuraltextures_faces_c23/214_255,ffpp_test:19,1,neuraltextures,jpeg40,0.49737685918807983,0.49737685918807983,1
trimoe,three_domain_moe,359,neuraltextures_faces_c23/255_214,ffpp_test:19,1,neuraltextures,jpeg40,0.22108381986618042,0.22108381986618042,0
trimoe,three_domain_moe,360,original_faces_c23/454,ffpp_test:42,0,real,jpeg40,0.34247201681137085,0.34247201681137085,1
trimoe,three_domain_moe,361,original_faces_c23/527,ffpp_test:42,0,real,jpeg40,0.4861873984336853,0.4861873984336853,1
trimoe,three_domain_moe,362,deepfakes_faces_c23/454_527,ffpp_test:42,1,deepfakes,jpeg40,0.48230355978012085,0.48230355978012085,1
trimoe,three_domain_moe,363,deepfakes_faces_c23/527_454,ffpp_test:42,1,deepfakes,jpeg40,0.49767205119132996,0.49767205119132996,0
trimoe,three_domain_moe,364,face2face_faces_c23/454_527,ffpp_test:42,1,face2face,jpeg40,0.37819379568099976,0.37819379568099976,1
trimoe,three_domain_moe,365,face2face_faces_c23/527_454,ffpp_test:42,1,face2face,jpeg40,0.4918668270111084,0.4918668270111084,1
trimoe,three_domain_moe,366,faceswap_faces_c23/454_527,ffpp_test:42,1,faceswap,jpeg40,0.41779017448425293,0.41779017448425293,1
trimoe,three_domain_moe,367,faceswap_faces_c23/527_454,ffpp_test:42,1,faceswap,jpeg40,0.4583263099193573,0.4583263099193573,1
trimoe,three_domain_moe,368,neuraltextures_faces_c23/454_527,ffpp_test:42,1,neuraltextures,jpeg40,0.4868992269039154,0.4868992269039154,1
trimoe,three_domain_moe,369,neuraltextures_faces_c23/527_454,ffpp_test:42,1,neuraltextures,jpeg40,0.49384409189224243,0.49384409189224243,0
trimoe,three_domain_moe,370,original_faces_c23/425,ffpp_test:39,0,real,jpeg40,0.3284926414489746,0.3284926414489746,0
trimoe,three_domain_moe,371,original_faces_c23/485,ffpp_test:39,0,real,jpeg40,0.2926100194454193,0.2926100194454193,0
trimoe,three_domain_moe,372,deepfakes_faces_c23/425_485,ffpp_test:39,1,deepfakes,jpeg40,0.4232591390609741,0.4232591390609741,0
trimoe,three_domain_moe,373,deepfakes_faces_c23/485_425,ffpp_test:39,1,deepfakes,jpeg40,0.2472388744354248,0.2472388744354248,0
trimoe,three_domain_moe,374,face2face_faces_c23/425_485,ffpp_test:39,1,face2face,jpeg40,0.3610670268535614,0.3610670268535614,0
trimoe,three_domain_moe,375,face2face_faces_c23/485_425,ffpp_test:39,1,face2face,jpeg40,0.29800736904144287,0.29800736904144287,0
trimoe,three_domain_moe,376,faceswap_faces_c23/425_485,ffpp_test:39,1,faceswap,jpeg40,0.4215182662010193,0.4215182662010193,0
trimoe,three_domain_moe,377,faceswap_faces_c23/485_425,ffpp_test:39,1,faceswap,jpeg40,0.255657434463501,0.255657434463501,0
trimoe,three_domain_moe,378,neuraltextures_faces_c23/425_485,ffpp_test:39,1,neuraltextures,jpeg40,0.3621407151222229,0.3621407151222229,0
trimoe,three_domain_moe,379,neuraltextures_faces_c23/485_425,ffpp_test:39,1,neuraltextures,jpeg40,0.21727906167507172,0.21727906167507172,0
trimoe,three_domain_moe,380,original_faces_c23/388,ffpp_test:26,0,real,jpeg40,0.24890725314617157,0.24890725314617157,0
trimoe,three_domain_moe,381,original_faces_c23/308,ffpp_test:26,0,real,jpeg40,0.3782120645046234,0.3782120645046234,0
trimoe,three_domain_moe,382,deepfakes_faces_c23/388_308,ffpp_test:26,1,deepfakes,jpeg40,0.27650266885757446,0.27650266885757446,0
trimoe,three_domain_moe,383,deepfakes_faces_c23/308_388,ffpp_test:26,1,deepfakes,jpeg40,0.45951348543167114,0.45951348543167114,0
trimoe,three_domain_moe,384,face2face_faces_c23/388_308,ffpp_test:26,1,face2face,jpeg40,0.4492165446281433,0.4492165446281433,1
trimoe,three_domain_moe,385,face2face_faces_c23/308_388,ffpp_test:26,1,face2face,jpeg40,0.39024513959884644,0.39024513959884644,0
trimoe,three_domain_moe,386,faceswap_faces_c23/388_308,ffpp_test:26,1,faceswap,jpeg40,0.4742403030395508,0.4742403030395508,0
trimoe,three_domain_moe,387,faceswap_faces_c23/308_388,ffpp_test:26,1,faceswap,jpeg40,0.3766970634460449,0.3766970634460449,0
trimoe,three_domain_moe,388,neuraltextures_faces_c23/388_308,ffpp_test:26,1,neuraltextures,jpeg40,0.44773000478744507,0.44773000478744507,1
trimoe,three_domain_moe,389,neuraltextures_faces_c23/308_388,ffpp_test:26,1,neuraltextures,jpeg40,0.3300037980079651,0.3300037980079651,0
trimoe,three_domain_moe,390,original_faces_c23/384,ffpp_test:32,0,real,jpeg40,0.4925837218761444,0.4925837218761444,0
trimoe,three_domain_moe,391,original_faces_c23/932,ffpp_test:32,0,real,jpeg40,0.1733311265707016,0.1733311265707016,0
trimoe,three_domain_moe,392,deepfakes_faces_c23/384_932,ffpp_test:32,1,deepfakes,jpeg40,0.4958748519420624,0.4958748519420624,0
trimoe,three_domain_moe,393,deepfakes_faces_c23/932_384,ffpp_test:32,1,deepfakes,jpeg40,0.18736384809017181,0.18736384809017181,0
trimoe,three_domain_moe,394,face2face_faces_c23/384_932,ffpp_test:32,1,face2face,jpeg40,0.47242337465286255,0.47242337465286255,0
trimoe,three_domain_moe,395,face2face_faces_c23/932_384,ffpp_test:32,1,face2face,jpeg40,0.37061604857444763,0.37061604857444763,1
trimoe,three_domain_moe,396,faceswap_faces_c23/384_932,ffpp_test:32,1,faceswap,jpeg40,0.3073866367340088,0.3073866367340088,0
trimoe,three_domain_moe,397,faceswap_faces_c23/932_384,ffpp_test:32,1,faceswap,jpeg40,0.35536989569664,0.35536989569664,1
trimoe,three_domain_moe,398,neuraltextures_faces_c23/384_932,ffpp_test:32,1,neuraltextures,jpeg40,0.47151464223861694,0.47151464223861694,0
trimoe,three_domain_moe,399,neuraltextures_faces_c23/932_384,ffpp_test:32,1,neuraltextures,jpeg40,0.18850873410701752,0.18850873410701752,0
trimoe,three_domain_moe,400,original_faces_c23/035,ffpp_test:5,0,real,jpeg40,0.49348318576812744,0.49348318576812744,0
trimoe,three_domain_moe,401,original_faces_c23/036,ffpp_test:5,0,real,jpeg40,0.3889511525630951,0.3889511525630951,0
trimoe,three_domain_moe,402,deepfakes_faces_c23/035_036,ffpp_test:5,1,deepfakes,jpeg40,0.48282623291015625,0.48282623291015625,0
trimoe,three_domain_moe,403,deepfakes_faces_c23/036_035,ffpp_test:5,1,deepfakes,jpeg40,0.2935050129890442,0.2935050129890442,0
trimoe,three_domain_moe,404,face2face_faces_c23/035_036,ffpp_test:5,1,face2face,jpeg40,0.48031434416770935,0.48031434416770935,0
trimoe,three_domain_moe,405,face2face_faces_c23/036_035,ffpp_test:5,1,face2face,jpeg40,0.42292889952659607,0.42292889952659607,0
trimoe,three_domain_moe,406,faceswap_faces_c23/035_036,ffpp_test:5,1,faceswap,jpeg40,0.45755451917648315,0.45755451917648315,0
trimoe,three_domain_moe,407,faceswap_faces_c23/036_035,ffpp_test:5,1,faceswap,jpeg40,0.22510671615600586,0.22510671615600586,0
trimoe,three_domain_moe,408,neuraltextures_faces_c23/035_036,ffpp_test:5,1,neuraltextures,jpeg40,0.48079821467399597,0.48079821467399597,0
trimoe,three_domain_moe,409,neuraltextures_faces_c23/036_035,ffpp_test:5,1,neuraltextures,jpeg40,0.3795892596244812,0.3795892596244812,0
trimoe,three_domain_moe,410,original_faces_c23/257,ffpp_test:23,0,real,jpeg40,0.4843529164791107,0.4843529164791107,0
trimoe,three_domain_moe,411,original_faces_c23/420,ffpp_test:23,0,real,jpeg40,0.4323667883872986,0.4323667883872986,0
trimoe,three_domain_moe,412,deepfakes_faces_c23/257_420,ffpp_test:23,1,deepfakes,jpeg40,0.443868488073349,0.443868488073349,0
trimoe,three_domain_moe,413,deepfakes_faces_c23/420_257,ffpp_test:23,1,deepfakes,jpeg40,0.3009161353111267,0.3009161353111267,0
trimoe,three_domain_moe,414,face2face_faces_c23/257_420,ffpp_test:23,1,face2face,jpeg40,0.4715251326560974,0.4715251326560974,0
trimoe,three_domain_moe,415,face2face_faces_c23/420_257,ffpp_test:23,1,face2face,jpeg40,0.29440397024154663,0.29440397024154663,0
trimoe,three_domain_moe,416,faceswap_faces_c23/257_420,ffpp_test:23,1,faceswap,jpeg40,0.46179306507110596,0.46179306507110596,0
trimoe,three_domain_moe,417,faceswap_faces_c23/420_257,ffpp_test:23,1,faceswap,jpeg40,0.3381659984588623,0.3381659984588623,0
trimoe,three_domain_moe,418,neuraltextures_faces_c23/257_420,ffpp_test:23,1,neuraltextures,jpeg40,0.287844717502594,0.287844717502594,0
trimoe,three_domain_moe,419,neuraltextures_faces_c23/420_257,ffpp_test:23,1,neuraltextures,jpeg40,0.4014749228954315,0.4014749228954315,0
trimoe,three_domain_moe,420,original_faces_c23/924,ffpp_test:67,0,real,jpeg40,0.48270219564437866,0.48270219564437866,1
trimoe,three_domain_moe,421,original_faces_c23/917,ffpp_test:67,0,real,jpeg40,0.48536238074302673,0.48536238074302673,1
trimoe,three_domain_moe,422,deepfakes_faces_c23/924_917,ffpp_test:67,1,deepfakes,jpeg40,0.4876434803009033,0.4876434803009033,1
trimoe,three_domain_moe,423,deepfakes_faces_c23/917_924,ffpp_test:67,1,deepfakes,jpeg40,0.48921117186546326,0.48921117186546326,1
trimoe,three_domain_moe,424,face2face_faces_c23/924_917,ffpp_test:67,1,face2face,jpeg40,0.4271538257598877,0.4271538257598877,1
trimoe,three_domain_moe,425,face2face_faces_c23/917_924,ffpp_test:67,1,face2face,jpeg40,0.4952572286128998,0.4952572286128998,1
trimoe,three_domain_moe,426,faceswap_faces_c23/924_917,ffpp_test:67,1,faceswap,jpeg40,0.3599271774291992,0.3599271774291992,0
trimoe,three_domain_moe,427,faceswap_faces_c23/917_924,ffpp_test:67,1,faceswap,jpeg40,0.4667345881462097,0.4667345881462097,1
trimoe,three_domain_moe,428,neuraltextures_faces_c23/924_917,ffpp_test:67,1,neuraltextures,jpeg40,0.4553774297237396,0.4553774297237396,0
trimoe,three_domain_moe,429,neuraltextures_faces_c23/917_924,ffpp_test:67,1,neuraltextures,jpeg40,0.4487540125846863,0.4487540125846863,1
trimoe,three_domain_moe,430,original_faces_c23/114,ffpp_test:9,0,real,jpeg40,0.4858516454696655,0.4858516454696655,1
trimoe,three_domain_moe,431,original_faces_c23/102,ffpp_test:9,0,real,jpeg40,0.3844261169433594,0.3844261169433594,0
trimoe,three_domain_moe,432,deepfakes_faces_c23/114_102,ffpp_test:9,1,deepfakes,jpeg40,0.4401121735572815,0.4401121735572815,0
trimoe,three_domain_moe,433,deepfakes_faces_c23/102_114,ffpp_test:9,1,deepfakes,jpeg40,0.4373209476470947,0.4373209476470947,0
trimoe,three_domain_moe,434,face2face_faces_c23/114_102,ffpp_test:9,1,face2face,jpeg40,0.4818597435951233,0.4818597435951233,1
trimoe,three_domain_moe,435,face2face_faces_c23/102_114,ffpp_test:9,1,face2face,jpeg40,0.4814531207084656,0.4814531207084656,0
trimoe,three_domain_moe,436,faceswap_faces_c23/114_102,ffpp_test:9,1,faceswap,jpeg40,0.48871463537216187,0.48871463537216187,1
trimoe,three_domain_moe,437,faceswap_faces_c23/102_114,ffpp_test:9,1,faceswap,jpeg40,0.48127567768096924,0.48127567768096924,0
trimoe,three_domain_moe,438,neuraltextures_faces_c23/114_102,ffpp_test:9,1,neuraltextures,jpeg40,0.46997809410095215,0.46997809410095215,1
trimoe,three_domain_moe,439,neuraltextures_faces_c23/102_114,ffpp_test:9,1,neuraltextures,jpeg40,0.4784763753414154,0.4784763753414154,0
trimoe,three_domain_moe,440,original_faces_c23/732,ffpp_test:56,0,real,jpeg40,0.40807610750198364,0.40807610750198364,0
trimoe,three_domain_moe,441,original_faces_c23/691,ffpp_test:56,0,real,jpeg40,0.4460921883583069,0.4460921883583069,1
trimoe,three_domain_moe,442,deepfakes_faces_c23/732_691,ffpp_test:56,1,deepfakes,jpeg40,0.48107045888900757,0.48107045888900757,0
trimoe,three_domain_moe,443,deepfakes_faces_c23/691_732,ffpp_test:56,1,deepfakes,jpeg40,0.48691797256469727,0.48691797256469727,1
trimoe,three_domain_moe,444,face2face_faces_c23/732_691,ffpp_test:56,1,face2face,jpeg40,0.48028215765953064,0.48028215765953064,0
trimoe,three_domain_moe,445,face2face_faces_c23/691_732,ffpp_test:56,1,face2face,jpeg40,0.49445852637290955,0.49445852637290955,1
trimoe,three_domain_moe,446,faceswap_faces_c23/732_691,ffpp_test:56,1,faceswap,jpeg40,0.33410465717315674,0.33410465717315674,0
trimoe,three_domain_moe,447,faceswap_faces_c23/691_732,ffpp_test:56,1,faceswap,jpeg40,0.42433834075927734,0.42433834075927734,1
trimoe,three_domain_moe,448,neuraltextures_faces_c23/732_691,ffpp_test:56,1,neuraltextures,jpeg40,0.47040295600891113,0.47040295600891113,0
trimoe,three_domain_moe,449,neuraltextures_faces_c23/691_732,ffpp_test:56,1,neuraltextures,jpeg40,0.4540519118309021,0.4540519118309021,1
trimoe,three_domain_moe,450,original_faces_c23/550,ffpp_test:41,0,real,jpeg40,0.3734641969203949,0.3734641969203949,0
trimoe,three_domain_moe,451,original_faces_c23/452,ffpp_test:41,0,real,jpeg40,0.3012892007827759,0.3012892007827759,0
trimoe,three_domain_moe,452,deepfakes_faces_c23/550_452,ffpp_test:41,1,deepfakes,jpeg40,0.4624270796775818,0.4624270796775818,0
trimoe,three_domain_moe,453,deepfakes_faces_c23/452_550,ffpp_test:41,1,deepfakes,jpeg40,0.3586272597312927,0.3586272597312927,0
trimoe,three_domain_moe,454,face2face_faces_c23/550_452,ffpp_test:41,1,face2face,jpeg40,0.4453643560409546,0.4453643560409546,0
trimoe,three_domain_moe,455,face2face_faces_c23/452_550,ffpp_test:41,1,face2face,jpeg40,0.3940053880214691,0.3940053880214691,0
trimoe,three_domain_moe,456,faceswap_faces_c23/550_452,ffpp_test:41,1,faceswap,jpeg40,0.4612042307853699,0.4612042307853699,1
trimoe,three_domain_moe,457,faceswap_faces_c23/452_550,ffpp_test:41,1,faceswap,jpeg40,0.37248095870018005,0.37248095870018005,0
trimoe,three_domain_moe,458,neuraltextures_faces_c23/550_452,ffpp_test:41,1,neuraltextures,jpeg40,0.34817981719970703,0.34817981719970703,0
trimoe,three_domain_moe,459,neuraltextures_faces_c23/452_550,ffpp_test:41,1,neuraltextures,jpeg40,0.24103382229804993,0.24103382229804993,0
trimoe,three_domain_moe,460,original_faces_c23/280,ffpp_test:22,0,real,jpeg40,0.47040867805480957,0.47040867805480957,1
trimoe,three_domain_moe,461,original_faces_c23/249,ffpp_test:22,0,real,jpeg40,0.4401952028274536,0.4401952028274536,0
trimoe,three_domain_moe,462,deepfakes_faces_c23/280_249,ffpp_test:22,1,deepfakes,jpeg40,0.4716683328151703,0.4716683328151703,1
trimoe,three_domain_moe,463,deepfakes_faces_c23/249_280,ffpp_test:22,1,deepfakes,jpeg40,0.48342519998550415,0.48342519998550415,0
trimoe,three_domain_moe,464,face2face_faces_c23/280_249,ffpp_test:22,1,face2face,jpeg40,0.3847007751464844,0.3847007751464844,1
trimoe,three_domain_moe,465,face2face_faces_c23/249_280,ffpp_test:22,1,face2face,jpeg40,0.4563862085342407,0.4563862085342407,0
trimoe,three_domain_moe,466,faceswap_faces_c23/280_249,ffpp_test:22,1,faceswap,jpeg40,0.30299848318099976,0.30299848318099976,0
trimoe,three_domain_moe,467,faceswap_faces_c23/249_280,ffpp_test:22,1,faceswap,jpeg40,0.4849245548248291,0.4849245548248291,0
trimoe,three_domain_moe,468,neuraltextures_faces_c23/280_249,ffpp_test:22,1,neuraltextures,jpeg40,0.42683038115501404,0.42683038115501404,1
trimoe,three_domain_moe,469,neuraltextures_faces_c23/249_280,ffpp_test:22,1,neuraltextures,jpeg40,0.470916748046875,0.470916748046875,0
trimoe,three_domain_moe,470,original_faces_c23/842,ffpp_test:58,0,real,jpeg40,0.19023530185222626,0.19023530185222626,0
trimoe,three_domain_moe,471,original_faces_c23/714,ffpp_test:58,0,real,jpeg40,0.20508122444152832,0.20508122444152832,0
trimoe,three_domain_moe,472,deepfakes_faces_c23/842_714,ffpp_test:58,1,deepfakes,jpeg40,0.38019654154777527,0.38019654154777527,0
trimoe,three_domain_moe,473,deepfakes_faces_c23/714_842,ffpp_test:58,1,deepfakes,jpeg40,0.4847564101219177,0.4847564101219177,0
trimoe,three_domain_moe,474,face2face_faces_c23/842_714,ffpp_test:58,1,face2face,jpeg40,0.3623567223548889,0.3623567223548889,0
trimoe,three_domain_moe,475,face2face_faces_c23/714_842,ffpp_test:58,1,face2face,jpeg40,0.17259275913238525,0.17259275913238525,0
trimoe,three_domain_moe,476,faceswap_faces_c23/842_714,ffpp_test:58,1,faceswap,jpeg40,0.20127609372138977,0.20127609372138977,0
trimoe,three_domain_moe,477,faceswap_faces_c23/714_842,ffpp_test:58,1,faceswap,jpeg40,0.20195260643959045,0.20195260643959045,0
trimoe,three_domain_moe,478,neuraltextures_faces_c23/842_714,ffpp_test:58,1,neuraltextures,jpeg40,0.3746586740016937,0.3746586740016937,0
trimoe,three_domain_moe,479,neuraltextures_faces_c23/714_842,ffpp_test:58,1,neuraltextures,jpeg40,0.2442844808101654,0.2442844808101654,0
trimoe,three_domain_moe,480,original_faces_c23/625,ffpp_test:52,0,real,jpeg40,0.44834253191947937,0.44834253191947937,0
trimoe,three_domain_moe,481,original_faces_c23/650,ffpp_test:52,0,real,jpeg40,0.45176395773887634,0.45176395773887634,0
trimoe,three_domain_moe,482,deepfakes_faces_c23/625_650,ffpp_test:52,1,deepfakes,jpeg40,0.48589667677879333,0.48589667677879333,0
trimoe,three_domain_moe,483,deepfakes_faces_c23/650_625,ffpp_test:52,1,deepfakes,jpeg40,0.4872438907623291,0.4872438907623291,0
trimoe,three_domain_moe,484,face2face_faces_c23/625_650,ffpp_test:52,1,face2face,jpeg40,0.4963860511779785,0.4963860511779785,0
trimoe,three_domain_moe,485,face2face_faces_c23/650_625,ffpp_test:52,1,face2face,jpeg40,0.46871185302734375,0.46871185302734375,0
trimoe,three_domain_moe,486,faceswap_faces_c23/625_650,ffpp_test:52,1,faceswap,jpeg40,0.24163827300071716,0.24163827300071716,0
trimoe,three_domain_moe,487,faceswap_faces_c23/650_625,ffpp_test:52,1,faceswap,jpeg40,0.40382975339889526,0.40382975339889526,0
trimoe,three_domain_moe,488,neuraltextures_faces_c23/625_650,ffpp_test:52,1,neuraltextures,jpeg40,0.45604103803634644,0.45604103803634644,0
trimoe,three_domain_moe,489,neuraltextures_faces_c23/650_625,ffpp_test:52,1,neuraltextures,jpeg40,0.40421468019485474,0.40421468019485474,0
trimoe,three_domain_moe,490,original_faces_c23/024,ffpp_test:3,0,real,jpeg40,0.2470160722732544,0.2470160722732544,0
trimoe,three_domain_moe,491,original_faces_c23/073,ffpp_test:3,0,real,jpeg40,0.4796246290206909,0.4796246290206909,0
trimoe,three_domain_moe,492,deepfakes_faces_c23/024_073,ffpp_test:3,1,deepfakes,jpeg40,0.46523261070251465,0.46523261070251465,0
trimoe,three_domain_moe,493,deepfakes_faces_c23/073_024,ffpp_test:3,1,deepfakes,jpeg40,0.49383077025413513,0.49383077025413513,0
trimoe,three_domain_moe,494,face2face_faces_c23/024_073,ffpp_test:3,1,face2face,jpeg40,0.18381032347679138,0.18381032347679138,0
trimoe,three_domain_moe,495,face2face_faces_c23/073_024,ffpp_test:3,1,face2face,jpeg40,0.3219190835952759,0.3219190835952759,0
trimoe,three_domain_moe,496,faceswap_faces_c23/024_073,ffpp_test:3,1,faceswap,jpeg40,0.37093183398246765,0.37093183398246765,0
trimoe,three_domain_moe,497,faceswap_faces_c23/073_024,ffpp_test:3,1,faceswap,jpeg40,0.24110153317451477,0.24110153317451477,0
trimoe,three_domain_moe,498,neuraltextures_faces_c23/024_073,ffpp_test:3,1,neuraltextures,jpeg40,0.41279298067092896,0.41279298067092896,0
trimoe,three_domain_moe,499,neuraltextures_faces_c23/073_024,ffpp_test:3,1,neuraltextures,jpeg40,0.485675573348999,0.485675573348999,0
trimoe,three_domain_moe,500,original_faces_c23/044,ffpp_test:6,0,real,jpeg40,0.43698734045028687,0.43698734045028687,0
trimoe,three_domain_moe,501,original_faces_c23/945,ffpp_test:6,0,real,jpeg40,0.19038209319114685,0.19038209319114685,0
trimoe,three_domain_moe,502,deepfakes_faces_c23/044_945,ffpp_test:6,1,deepfakes,jpeg40,0.502238929271698,0.502238929271698,0
trimoe,three_domain_moe,503,deepfakes_faces_c23/945_044,ffpp_test:6,1,deepfakes,jpeg40,0.2965640127658844,0.2965640127658844,0
trimoe,three_domain_moe,504,face2face_faces_c23/044_945,ffpp_test:6,1,face2face,jpeg40,0.24591496586799622,0.24591496586799622,0
trimoe,three_domain_moe,505,face2face_faces_c23/945_044,ffpp_test:6,1,face2face,jpeg40,0.19107148051261902,0.19107148051261902,0
trimoe,three_domain_moe,506,faceswap_faces_c23/044_945,ffpp_test:6,1,faceswap,jpeg40,0.4386863708496094,0.4386863708496094,0
trimoe,three_domain_moe,507,faceswap_faces_c23/945_044,ffpp_test:6,1,faceswap,jpeg40,0.17205888032913208,0.17205888032913208,0
trimoe,three_domain_moe,508,neuraltextures_faces_c23/044_945,ffpp_test:6,1,neuraltextures,jpeg40,0.4620073437690735,0.4620073437690735,0
trimoe,three_domain_moe,509,neuraltextures_faces_c23/945_044,ffpp_test:6,1,neuraltextures,jpeg40,0.176409512758255,0.176409512758255,0
trimoe,three_domain_moe,510,original_faces_c23/896,ffpp_test:10,0,real,jpeg40,0.49462637305259705,0.49462637305259705,1
trimoe,three_domain_moe,511,original_faces_c23/128,ffpp_test:10,0,real,jpeg40,0.45647573471069336,0.45647573471069336,0
trimoe,three_domain_moe,512,deepfakes_faces_c23/896_128,ffpp_test:10,1,deepfakes,jpeg40,0.4780620038509369,0.4780620038509369,1
trimoe,three_domain_moe,513,deepfakes_faces_c23/128_896,ffpp_test:10,1,deepfakes,jpeg40,0.47141027450561523,0.47141027450561523,0
trimoe,three_domain_moe,514,face2face_faces_c23/896_128,ffpp_test:10,1,face2face,jpeg40,0.4888143539428711,0.4888143539428711,1
trimoe,three_domain_moe,515,face2face_faces_c23/128_896,ffpp_test:10,1,face2face,jpeg40,0.47667884826660156,0.47667884826660156,0
trimoe,three_domain_moe,516,faceswap_faces_c23/896_128,ffpp_test:10,1,faceswap,jpeg40,0.4968223571777344,0.4968223571777344,1
trimoe,three_domain_moe,517,faceswap_faces_c23/128_896,ffpp_test:10,1,faceswap,jpeg40,0.4249102473258972,0.4249102473258972,0
trimoe,three_domain_moe,518,neuraltextures_faces_c23/896_128,ffpp_test:10,1,neuraltextures,jpeg40,0.46722257137298584,0.46722257137298584,1
trimoe,three_domain_moe,519,neuraltextures_faces_c23/128_896,ffpp_test:10,1,neuraltextures,jpeg40,0.4221908748149872,0.4221908748149872,0
trimoe,three_domain_moe,520,original_faces_c23/862,ffpp_test:7,0,real,jpeg40,0.3653399348258972,0.3653399348258972,0
trimoe,three_domain_moe,521,original_faces_c23/047,ffpp_test:7,0,real,jpeg40,0.4413325786590576,0.4413325786590576,0
trimoe,three_domain_moe,522,deepfakes_faces_c23/862_047,ffpp_test:7,1,deepfakes,jpeg40,0.3774641454219818,0.3774641454219818,1
trimoe,three_domain_moe,523,deepfakes_faces_c23/047_862,ffpp_test:7,1,deepfakes,jpeg40,0.4149126708507538,0.4149126708507538,0
trimoe,three_domain_moe,524,face2face_faces_c23/862_047,ffpp_test:7,1,face2face,jpeg40,0.47453364729881287,0.47453364729881287,1
trimoe,three_domain_moe,525,face2face_faces_c23/047_862,ffpp_test:7,1,face2face,jpeg40,0.4664110541343689,0.4664110541343689,0
trimoe,three_domain_moe,526,faceswap_faces_c23/862_047,ffpp_test:7,1,faceswap,jpeg40,0.40649646520614624,0.40649646520614624,1
trimoe,three_domain_moe,527,faceswap_faces_c23/047_862,ffpp_test:7,1,faceswap,jpeg40,0.4936121106147766,0.4936121106147766,0
trimoe,three_domain_moe,528,neuraltextures_faces_c23/862_047,ffpp_test:7,1,neuraltextures,jpeg40,0.44888561964035034,0.44888561964035034,1
trimoe,three_domain_moe,529,neuraltextures_faces_c23/047_862,ffpp_test:7,1,neuraltextures,jpeg40,0.4480765461921692,0.4480765461921692,0
trimoe,three_domain_moe,530,original_faces_c23/607,ffpp_test:49,0,real,jpeg40,0.4745039939880371,0.4745039939880371,1
trimoe,three_domain_moe,531,original_faces_c23/683,ffpp_test:49,0,real,jpeg40,0.4113146960735321,0.4113146960735321,0
trimoe,three_domain_moe,532,deepfakes_faces_c23/607_683,ffpp_test:49,1,deepfakes,jpeg40,0.37885308265686035,0.37885308265686035,1
trimoe,three_domain_moe,533,deepfakes_faces_c23/683_607,ffpp_test:49,1,deepfakes,jpeg40,0.4851193130016327,0.4851193130016327,0
trimoe,three_domain_moe,534,face2face_faces_c23/607_683,ffpp_test:49,1,face2face,jpeg40,0.45779192447662354,0.45779192447662354,1
trimoe,three_domain_moe,535,face2face_faces_c23/683_607,ffpp_test:49,1,face2face,jpeg40,0.4631938934326172,0.4631938934326172,0
trimoe,three_domain_moe,536,faceswap_faces_c23/607_683,ffpp_test:49,1,faceswap,jpeg40,0.3928137719631195,0.3928137719631195,1
trimoe,three_domain_moe,537,faceswap_faces_c23/683_607,ffpp_test:49,1,faceswap,jpeg40,0.47962793707847595,0.47962793707847595,0
trimoe,three_domain_moe,538,neuraltextures_faces_c23/607_683,ffpp_test:49,1,neuraltextures,jpeg40,0.4290775954723358,0.4290775954723358,1
trimoe,three_domain_moe,539,neuraltextures_faces_c23/683_607,ffpp_test:49,1,neuraltextures,jpeg40,0.4845570921897888,0.4845570921897888,0
trimoe,three_domain_moe,540,original_faces_c23/517,ffpp_test:45,0,real,jpeg40,0.46429020166397095,0.46429020166397095,0
trimoe,three_domain_moe,541,original_faces_c23/521,ffpp_test:45,0,real,jpeg40,0.16796451807022095,0.16796451807022095,0
trimoe,three_domain_moe,542,deepfakes_faces_c23/517_521,ffpp_test:45,1,deepfakes,jpeg40,0.4801424741744995,0.4801424741744995,0
trimoe,three_domain_moe,543,deepfakes_faces_c23/521_517,ffpp_test:45,1,deepfakes,jpeg40,0.41979295015335083,0.41979295015335083,0
trimoe,three_domain_moe,544,face2face_faces_c23/517_521,ffpp_test:45,1,face2face,jpeg40,0.4848713278770447,0.4848713278770447,0
trimoe,three_domain_moe,545,face2face_faces_c23/521_517,ffpp_test:45,1,face2face,jpeg40,0.4513220489025116,0.4513220489025116,0
trimoe,three_domain_moe,546,faceswap_faces_c23/517_521,ffpp_test:45,1,faceswap,jpeg40,0.4703085124492645,0.4703085124492645,0
trimoe,three_domain_moe,547,faceswap_faces_c23/521_517,ffpp_test:45,1,faceswap,jpeg40,0.44311338663101196,0.44311338663101196,0
trimoe,three_domain_moe,548,neuraltextures_faces_c23/517_521,ffpp_test:45,1,neuraltextures,jpeg40,0.4660498797893524,0.4660498797893524,0
trimoe,three_domain_moe,549,neuraltextures_faces_c23/521_517,ffpp_test:45,1,neuraltextures,jpeg40,0.23322343826293945,0.23322343826293945,0
trimoe,three_domain_moe,550,original_faces_c23/682,ffpp_test:55,0,real,jpeg40,0.4388996958732605,0.4388996958732605,0
trimoe,three_domain_moe,551,original_faces_c23/669,ffpp_test:55,0,real,jpeg40,0.4911324679851532,0.4911324679851532,0
trimoe,three_domain_moe,552,deepfakes_faces_c23/682_669,ffpp_test:55,1,deepfakes,jpeg40,0.48389124870300293,0.48389124870300293,0
trimoe,three_domain_moe,553,deepfakes_faces_c23/669_682,ffpp_test:55,1,deepfakes,jpeg40,0.4741468131542206,0.4741468131542206,0
trimoe,three_domain_moe,554,face2face_faces_c23/682_669,ffpp_test:55,1,face2face,jpeg40,0.3901101350784302,0.3901101350784302,0
trimoe,three_domain_moe,555,face2face_faces_c23/669_682,ffpp_test:55,1,face2face,jpeg40,0.44638174772262573,0.44638174772262573,0
trimoe,three_domain_moe,556,faceswap_faces_c23/682_669,ffpp_test:55,1,faceswap,jpeg40,0.4247218370437622,0.4247218370437622,0
trimoe,three_domain_moe,557,faceswap_faces_c23/669_682,ffpp_test:55,1,faceswap,jpeg40,0.496001660823822,0.496001660823822,0
trimoe,three_domain_moe,558,neuraltextures_faces_c23/682_669,ffpp_test:55,1,neuraltextures,jpeg40,0.25341424345970154,0.25341424345970154,0
trimoe,three_domain_moe,559,neuraltextures_faces_c23/669_682,ffpp_test:55,1,neuraltextures,jpeg40,0.35991963744163513,0.35991963744163513,0
trimoe,three_domain_moe,560,original_faces_c23/138,ffpp_test:12,0,real,jpeg40,0.49999135732650757,0.49999135732650757,1
trimoe,three_domain_moe,561,original_faces_c23/142,ffpp_test:12,0,real,jpeg40,0.33305004239082336,0.33305004239082336,0
trimoe,three_domain_moe,562,deepfakes_faces_c23/138_142,ffpp_test:12,1,deepfakes,jpeg40,0.5004948973655701,0.5004948973655701,1
trimoe,three_domain_moe,563,deepfakes_faces_c23/142_138,ffpp_test:12,1,deepfakes,jpeg40,0.4374896287918091,0.4374896287918091,1
trimoe,three_domain_moe,564,face2face_faces_c23/138_142,ffpp_test:12,1,face2face,jpeg40,0.49671515822410583,0.49671515822410583,1
trimoe,three_domain_moe,565,face2face_faces_c23/142_138,ffpp_test:12,1,face2face,jpeg40,0.4580996632575989,0.4580996632575989,0
trimoe,three_domain_moe,566,faceswap_faces_c23/138_142,ffpp_test:12,1,faceswap,jpeg40,0.49802732467651367,0.49802732467651367,1
trimoe,three_domain_moe,567,faceswap_faces_c23/142_138,ffpp_test:12,1,faceswap,jpeg40,0.25127112865448,0.25127112865448,0
trimoe,three_domain_moe,568,neuraltextures_faces_c23/138_142,ffpp_test:12,1,neuraltextures,jpeg40,0.49333256483078003,0.49333256483078003,1
trimoe,three_domain_moe,569,neuraltextures_faces_c23/142_138,ffpp_test:12,1,neuraltextures,jpeg40,0.2163550704717636,0.2163550704717636,0
trimoe,three_domain_moe,570,original_faces_c23/552,ffpp_test:47,0,real,jpeg40,0.45399636030197144,0.45399636030197144,0
trimoe,three_domain_moe,571,original_faces_c23/851,ffpp_test:47,0,real,jpeg40,0.44857057929039,0.44857057929039,0
trimoe,three_domain_moe,572,deepfakes_faces_c23/552_851,ffpp_test:47,1,deepfakes,jpeg40,0.4362362325191498,0.4362362325191498,0
trimoe,three_domain_moe,573,deepfakes_faces_c23/851_552,ffpp_test:47,1,deepfakes,jpeg40,0.46751531958580017,0.46751531958580017,0
trimoe,three_domain_moe,574,face2face_faces_c23/552_851,ffpp_test:47,1,face2face,jpeg40,0.4812145233154297,0.4812145233154297,0
trimoe,three_domain_moe,575,face2face_faces_c23/851_552,ffpp_test:47,1,face2face,jpeg40,0.47327399253845215,0.47327399253845215,0
trimoe,three_domain_moe,576,faceswap_faces_c23/552_851,ffpp_test:47,1,faceswap,jpeg40,0.2421463429927826,0.2421463429927826,0
trimoe,three_domain_moe,577,faceswap_faces_c23/851_552,ffpp_test:47,1,faceswap,jpeg40,0.49224767088890076,0.49224767088890076,0
trimoe,three_domain_moe,578,neuraltextures_faces_c23/552_851,ffpp_test:47,1,neuraltextures,jpeg40,0.4361899495124817,0.4361899495124817,0
trimoe,three_domain_moe,579,neuraltextures_faces_c23/851_552,ffpp_test:47,1,neuraltextures,jpeg40,0.46937835216522217,0.46937835216522217,0
trimoe,three_domain_moe,580,original_faces_c23/376,ffpp_test:31,0,real,jpeg40,0.20902737975120544,0.20902737975120544,0
trimoe,three_domain_moe,581,original_faces_c23/381,ffpp_test:31,0,real,jpeg40,0.40110915899276733,0.40110915899276733,1
trimoe,three_domain_moe,582,deepfakes_faces_c23/376_381,ffpp_test:31,1,deepfakes,jpeg40,0.2323569655418396,0.2323569655418396,0
trimoe,three_domain_moe,583,deepfakes_faces_c23/381_376,ffpp_test:31,1,deepfakes,jpeg40,0.4342392683029175,0.4342392683029175,1
trimoe,three_domain_moe,584,face2face_faces_c23/376_381,ffpp_test:31,1,face2face,jpeg40,0.33663448691368103,0.33663448691368103,0
trimoe,three_domain_moe,585,face2face_faces_c23/381_376,ffpp_test:31,1,face2face,jpeg40,0.4651484489440918,0.4651484489440918,1
trimoe,three_domain_moe,586,faceswap_faces_c23/376_381,ffpp_test:31,1,faceswap,jpeg40,0.18984970450401306,0.18984970450401306,0
trimoe,three_domain_moe,587,faceswap_faces_c23/381_376,ffpp_test:31,1,faceswap,jpeg40,0.3445471227169037,0.3445471227169037,0
trimoe,three_domain_moe,588,neuraltextures_faces_c23/376_381,ffpp_test:31,1,neuraltextures,jpeg40,0.18972305953502655,0.18972305953502655,0
trimoe,three_domain_moe,589,neuraltextures_faces_c23/381_376,ffpp_test:31,1,neuraltextures,jpeg40,0.3250572681427002,0.3250572681427002,0
trimoe,three_domain_moe,590,original_faces_c23/000,ffpp_test:0,0,real,jpeg40,0.39075350761413574,0.39075350761413574,0
trimoe,three_domain_moe,591,original_faces_c23/003,ffpp_test:0,0,real,jpeg40,0.3287479877471924,0.3287479877471924,0
trimoe,three_domain_moe,592,deepfakes_faces_c23/000_003,ffpp_test:0,1,deepfakes,jpeg40,0.456781268119812,0.456781268119812,1
trimoe,three_domain_moe,593,deepfakes_faces_c23/003_000,ffpp_test:0,1,deepfakes,jpeg40,0.351238489151001,0.351238489151001,0
trimoe,three_domain_moe,594,face2face_faces_c23/000_003,ffpp_test:0,1,face2face,jpeg40,0.47371000051498413,0.47371000051498413,1
trimoe,three_domain_moe,595,face2face_faces_c23/003_000,ffpp_test:0,1,face2face,jpeg40,0.37053582072257996,0.37053582072257996,0
trimoe,three_domain_moe,596,faceswap_faces_c23/000_003,ffpp_test:0,1,faceswap,jpeg40,0.3519287705421448,0.3519287705421448,1
trimoe,three_domain_moe,597,faceswap_faces_c23/003_000,ffpp_test:0,1,faceswap,jpeg40,0.2758062779903412,0.2758062779903412,0
trimoe,three_domain_moe,598,neuraltextures_faces_c23/000_003,ffpp_test:0,1,neuraltextures,jpeg40,0.3533727526664734,0.3533727526664734,1
trimoe,three_domain_moe,599,neuraltextures_faces_c23/003_000,ffpp_test:0,1,neuraltextures,jpeg40,0.4227461814880371,0.4227461814880371,0
trimoe,three_domain_moe,600,original_faces_c23/048,ffpp_test:4,0,real,jpeg40,0.4070683717727661,0.4070683717727661,1
trimoe,three_domain_moe,601,original_faces_c23/029,ffpp_test:4,0,real,jpeg40,0.48566144704818726,0.48566144704818726,1
trimoe,three_domain_moe,602,deepfakes_faces_c23/048_029,ffpp_test:4,1,deepfakes,jpeg40,0.4631827473640442,0.4631827473640442,1
trimoe,three_domain_moe,603,deepfakes_faces_c23/029_048,ffpp_test:4,1,deepfakes,jpeg40,0.37427014112472534,0.37427014112472534,1
trimoe,three_domain_moe,604,face2face_faces_c23/048_029,ffpp_test:4,1,face2face,jpeg40,0.4271472692489624,0.4271472692489624,1
trimoe,three_domain_moe,605,face2face_faces_c23/029_048,ffpp_test:4,1,face2face,jpeg40,0.4847707152366638,0.4847707152366638,1
trimoe,three_domain_moe,606,faceswap_faces_c23/048_029,ffpp_test:4,1,faceswap,jpeg40,0.5008548498153687,0.5008548498153687,1
trimoe,three_domain_moe,607,faceswap_faces_c23/029_048,ffpp_test:4,1,faceswap,jpeg40,0.25410494208335876,0.25410494208335876,0
trimoe,three_domain_moe,608,neuraltextures_faces_c23/048_029,ffpp_test:4,1,neuraltextures,jpeg40,0.39153194427490234,0.39153194427490234,1
trimoe,three_domain_moe,609,neuraltextures_faces_c23/029_048,ffpp_test:4,1,neuraltextures,jpeg40,0.4205951392650604,0.4205951392650604,1
trimoe,three_domain_moe,610,original_faces_c23/724,ffpp_test:59,0,real,jpeg40,0.35614824295043945,0.35614824295043945,0
trimoe,three_domain_moe,611,original_faces_c23/725,ffpp_test:59,0,real,jpeg40,0.31811031699180603,0.31811031699180603,0
trimoe,three_domain_moe,612,deepfakes_faces_c23/724_725,ffpp_test:59,1,deepfakes,jpeg40,0.47980326414108276,0.47980326414108276,0
trimoe,three_domain_moe,613,deepfakes_faces_c23/725_724,ffpp_test:59,1,deepfakes,jpeg40,0.48651647567749023,0.48651647567749023,0
trimoe,three_domain_moe,614,face2face_faces_c23/724_725,ffpp_test:59,1,face2face,jpeg40,0.47735852003097534,0.47735852003097534,0
trimoe,three_domain_moe,615,face2face_faces_c23/725_724,ffpp_test:59,1,face2face,jpeg40,0.3684752881526947,0.3684752881526947,1
trimoe,three_domain_moe,616,faceswap_faces_c23/724_725,ffpp_test:59,1,faceswap,jpeg40,0.33030080795288086,0.33030080795288086,0
trimoe,three_domain_moe,617,faceswap_faces_c23/725_724,ffpp_test:59,1,faceswap,jpeg40,0.4702145457267761,0.4702145457267761,1
trimoe,three_domain_moe,618,neuraltextures_faces_c23/724_725,ffpp_test:59,1,neuraltextures,jpeg40,0.4675557017326355,0.4675557017326355,0
trimoe,three_domain_moe,619,neuraltextures_faces_c23/725_724,ffpp_test:59,1,neuraltextures,jpeg40,0.31877413392066956,0.31877413392066956,0
trimoe,three_domain_moe,620,original_faces_c23/608,ffpp_test:50,0,real,jpeg40,0.49580228328704834,0.49580228328704834,0
trimoe,three_domain_moe,621,original_faces_c23/675,ffpp_test:50,0,real,jpeg40,0.3062431514263153,0.3062431514263153,0
trimoe,three_domain_moe,622,deepfakes_faces_c23/608_675,ffpp_test:50,1,deepfakes,jpeg40,0.49299538135528564,0.49299538135528564,0
trimoe,three_domain_moe,623,deepfakes_faces_c23/675_608,ffpp_test:50,1,deepfakes,jpeg40,0.3209916949272156,0.3209916949272156,0
trimoe,three_domain_moe,624,face2face_faces_c23/608_675,ffpp_test:50,1,face2face,jpeg40,0.4785880744457245,0.4785880744457245,0
trimoe,three_domain_moe,625,face2face_faces_c23/675_608,ffpp_test:50,1,face2face,jpeg40,0.33946263790130615,0.33946263790130615,0
trimoe,three_domain_moe,626,faceswap_faces_c23/608_675,ffpp_test:50,1,faceswap,jpeg40,0.3983878493309021,0.3983878493309021,0
trimoe,three_domain_moe,627,faceswap_faces_c23/675_608,ffpp_test:50,1,faceswap,jpeg40,0.23620757460594177,0.23620757460594177,0
trimoe,three_domain_moe,628,neuraltextures_faces_c23/608_675,ffpp_test:50,1,neuraltextures,jpeg40,0.48017334938049316,0.48017334938049316,0
trimoe,three_domain_moe,629,neuraltextures_faces_c23/675_608,ffpp_test:50,1,neuraltextures,jpeg40,0.3744686543941498,0.3744686543941498,0
trimoe,three_domain_moe,630,original_faces_c23/386,ffpp_test:14,0,real,jpeg40,0.4646760821342468,0.4646760821342468,0
trimoe,three_domain_moe,631,original_faces_c23/154,ffpp_test:14,0,real,jpeg40,0.18302464485168457,0.18302464485168457,0
trimoe,three_domain_moe,632,deepfakes_faces_c23/386_154,ffpp_test:14,1,deepfakes,jpeg40,0.48715513944625854,0.48715513944625854,0
trimoe,three_domain_moe,633,deepfakes_faces_c23/154_386,ffpp_test:14,1,deepfakes,jpeg40,0.4312579035758972,0.4312579035758972,0
trimoe,three_domain_moe,634,face2face_faces_c23/386_154,ffpp_test:14,1,face2face,jpeg40,0.4675193428993225,0.4675193428993225,0
trimoe,three_domain_moe,635,face2face_faces_c23/154_386,ffpp_test:14,1,face2face,jpeg40,0.1762053221464157,0.1762053221464157,0
trimoe,three_domain_moe,636,faceswap_faces_c23/386_154,ffpp_test:14,1,faceswap,jpeg40,0.4426136612892151,0.4426136612892151,0
trimoe,three_domain_moe,637,faceswap_faces_c23/154_386,ffpp_test:14,1,faceswap,jpeg40,0.27697139978408813,0.27697139978408813,0
trimoe,three_domain_moe,638,neuraltextures_faces_c23/386_154,ffpp_test:14,1,neuraltextures,jpeg40,0.47802671790122986,0.47802671790122986,0
trimoe,three_domain_moe,639,neuraltextures_faces_c23/154_386,ffpp_test:14,1,neuraltextures,jpeg40,0.4225740134716034,0.4225740134716034,1
trimoe,three_domain_moe,640,original_faces_c23/220,ffpp_test:20,0,real,jpeg40,0.41400882601737976,0.41400882601737976,1
trimoe,three_domain_moe,641,original_faces_c23/219,ffpp_test:20,0,real,jpeg40,0.4711952209472656,0.4711952209472656,0
trimoe,three_domain_moe,642,deepfakes_faces_c23/220_219,ffpp_test:20,1,deepfakes,jpeg40,0.3931431770324707,0.3931431770324707,1
trimoe,three_domain_moe,643,deepfakes_faces_c23/219_220,ffpp_test:20,1,deepfakes,jpeg40,0.37959691882133484,0.37959691882133484,0
trimoe,three_domain_moe,644,face2face_faces_c23/220_219,ffpp_test:20,1,face2face,jpeg40,0.4767181873321533,0.4767181873321533,1
trimoe,three_domain_moe,645,face2face_faces_c23/219_220,ffpp_test:20,1,face2face,jpeg40,0.4640228748321533,0.4640228748321533,0
trimoe,three_domain_moe,646,faceswap_faces_c23/220_219,ffpp_test:20,1,faceswap,jpeg40,0.33158501982688904,0.33158501982688904,0
trimoe,three_domain_moe,647,faceswap_faces_c23/219_220,ffpp_test:20,1,faceswap,jpeg40,0.4101996421813965,0.4101996421813965,0
trimoe,three_domain_moe,648,neuraltextures_faces_c23/220_219,ffpp_test:20,1,neuraltextures,jpeg40,0.45571398735046387,0.45571398735046387,1
trimoe,three_domain_moe,649,neuraltextures_faces_c23/219_220,ffpp_test:20,1,neuraltextures,jpeg40,0.3198712468147278,0.3198712468147278,0
trimoe,three_domain_moe,650,original_faces_c23/801,ffpp_test:63,0,real,jpeg40,0.3223133981227875,0.3223133981227875,0
trimoe,three_domain_moe,651,original_faces_c23/855,ffpp_test:63,0,real,jpeg40,0.28676486015319824,0.28676486015319824,0
trimoe,three_domain_moe,652,deepfakes_faces_c23/801_855,ffpp_test:63,1,deepfakes,jpeg40,0.3774448335170746,0.3774448335170746,1
trimoe,three_domain_moe,653,deepfakes_faces_c23/855_801,ffpp_test:63,1,deepfakes,jpeg40,0.4523083567619324,0.4523083567619324,1
trimoe,three_domain_moe,654,face2face_faces_c23/801_855,ffpp_test:63,1,face2face,jpeg40,0.36679607629776,0.36679607629776,1
trimoe,three_domain_moe,655,face2face_faces_c23/855_801,ffpp_test:63,1,face2face,jpeg40,0.39614152908325195,0.39614152908325195,0
trimoe,three_domain_moe,656,faceswap_faces_c23/801_855,ffpp_test:63,1,faceswap,jpeg40,0.46969351172447205,0.46969351172447205,1
trimoe,three_domain_moe,657,faceswap_faces_c23/855_801,ffpp_test:63,1,faceswap,jpeg40,0.31903302669525146,0.31903302669525146,0
trimoe,three_domain_moe,658,neuraltextures_faces_c23/801_855,ffpp_test:63,1,neuraltextures,jpeg40,0.42817386984825134,0.42817386984825134,1
trimoe,three_domain_moe,659,neuraltextures_faces_c23/855_801,ffpp_test:63,1,neuraltextures,jpeg40,0.46435970067977905,0.46435970067977905,0
trimoe,three_domain_moe,660,original_faces_c23/161,ffpp_test:13,0,real,jpeg40,0.4702787399291992,0.4702787399291992,1
trimoe,three_domain_moe,661,original_faces_c23/141,ffpp_test:13,0,real,jpeg40,0.49771249294281006,0.49771249294281006,0
trimoe,three_domain_moe,662,deepfakes_faces_c23/161_141,ffpp_test:13,1,deepfakes,jpeg40,0.3513430058956146,0.3513430058956146,1
trimoe,three_domain_moe,663,deepfakes_faces_c23/141_161,ffpp_test:13,1,deepfakes,jpeg40,0.4963751435279846,0.4963751435279846,0
trimoe,three_domain_moe,664,face2face_faces_c23/161_141,ffpp_test:13,1,face2face,jpeg40,0.47153669595718384,0.47153669595718384,1
trimoe,three_domain_moe,665,face2face_faces_c23/141_161,ffpp_test:13,1,face2face,jpeg40,0.4909786581993103,0.4909786581993103,0
trimoe,three_domain_moe,666,faceswap_faces_c23/161_141,ffpp_test:13,1,faceswap,jpeg40,0.22832894325256348,0.22832894325256348,0
trimoe,three_domain_moe,667,faceswap_faces_c23/141_161,ffpp_test:13,1,faceswap,jpeg40,0.49423545598983765,0.49423545598983765,0
trimoe,three_domain_moe,668,neuraltextures_faces_c23/161_141,ffpp_test:13,1,neuraltextures,jpeg40,0.4224293828010559,0.4224293828010559,1
trimoe,three_domain_moe,669,neuraltextures_faces_c23/141_161,ffpp_test:13,1,neuraltextures,jpeg40,0.478131502866745,0.478131502866745,0
trimoe,three_domain_moe,670,original_faces_c23/949,ffpp_test:66,0,real,jpeg40,0.4102771282196045,0.4102771282196045,0
trimoe,three_domain_moe,671,original_faces_c23/868,ffpp_test:66,0,real,jpeg40,0.42217347025871277,0.42217347025871277,0
trimoe,three_domain_moe,672,deepfakes_faces_c23/949_868,ffpp_test:66,1,deepfakes,jpeg40,0.43719178438186646,0.43719178438186646,0
trimoe,three_domain_moe,673,deepfakes_faces_c23/868_949,ffpp_test:66,1,deepfakes,jpeg40,0.49256131052970886,0.49256131052970886,0
trimoe,three_domain_moe,674,face2face_faces_c23/949_868,ffpp_test:66,1,face2face,jpeg40,0.3873470425605774,0.3873470425605774,0
trimoe,three_domain_moe,675,face2face_faces_c23/868_949,ffpp_test:66,1,face2face,jpeg40,0.4717620015144348,0.4717620015144348,0
trimoe,three_domain_moe,676,faceswap_faces_c23/949_868,ffpp_test:66,1,faceswap,jpeg40,0.22140471637248993,0.22140471637248993,0
trimoe,three_domain_moe,677,faceswap_faces_c23/868_949,ffpp_test:66,1,faceswap,jpeg40,0.44623059034347534,0.44623059034347534,0
trimoe,three_domain_moe,678,neuraltextures_faces_c23/949_868,ffpp_test:66,1,neuraltextures,jpeg40,0.3183000385761261,0.3183000385761261,0
trimoe,three_domain_moe,679,neuraltextures_faces_c23/868_949,ffpp_test:66,1,neuraltextures,jpeg40,0.45371243357658386,0.45371243357658386,0
trimoe,three_domain_moe,680,original_faces_c23/880,ffpp_test:11,0,real,jpeg40,0.48979443311691284,0.48979443311691284,0
trimoe,three_domain_moe,681,original_faces_c23/135,ffpp_test:11,0,real,jpeg40,0.4847724437713623,0.4847724437713623,1
trimoe,three_domain_moe,682,deepfakes_faces_c23/880_135,ffpp_test:11,1,deepfakes,jpeg40,0.47308868169784546,0.47308868169784546,0
trimoe,three_domain_moe,683,deepfakes_faces_c23/135_880,ffpp_test:11,1,deepfakes,jpeg40,0.48787927627563477,0.48787927627563477,1
trimoe,three_domain_moe,684,face2face_faces_c23/880_135,ffpp_test:11,1,face2face,jpeg40,0.3798726797103882,0.3798726797103882,0
trimoe,three_domain_moe,685,face2face_faces_c23/135_880,ffpp_test:11,1,face2face,jpeg40,0.45507490634918213,0.45507490634918213,1
trimoe,three_domain_moe,686,faceswap_faces_c23/880_135,ffpp_test:11,1,faceswap,jpeg40,0.4925626218318939,0.4925626218318939,0
trimoe,three_domain_moe,687,faceswap_faces_c23/135_880,ffpp_test:11,1,faceswap,jpeg40,0.4299381971359253,0.4299381971359253,1
trimoe,three_domain_moe,688,neuraltextures_faces_c23/880_135,ffpp_test:11,1,neuraltextures,jpeg40,0.49658095836639404,0.49658095836639404,0
trimoe,three_domain_moe,689,neuraltextures_faces_c23/135_880,ffpp_test:11,1,neuraltextures,jpeg40,0.49627190828323364,0.49627190828323364,1
trimoe,three_domain_moe,690,original_faces_c23/429,ffpp_test:35,0,real,jpeg40,0.3290514349937439,0.3290514349937439,0
trimoe,three_domain_moe,691,original_faces_c23/404,ffpp_test:35,0,real,jpeg40,0.4141107499599457,0.4141107499599457,1
trimoe,three_domain_moe,692,deepfakes_faces_c23/429_404,ffpp_test:35,1,deepfakes,jpeg40,0.45388123393058777,0.45388123393058777,0
trimoe,three_domain_moe,693,deepfakes_faces_c23/404_429,ffpp_test:35,1,deepfakes,jpeg40,0.43947502970695496,0.43947502970695496,1
trimoe,three_domain_moe,694,face2face_faces_c23/429_404,ffpp_test:35,1,face2face,jpeg40,0.47512269020080566,0.47512269020080566,0
trimoe,three_domain_moe,695,face2face_faces_c23/404_429,ffpp_test:35,1,face2face,jpeg40,0.4560195803642273,0.4560195803642273,0
trimoe,three_domain_moe,696,faceswap_faces_c23/429_404,ffpp_test:35,1,faceswap,jpeg40,0.27161508798599243,0.27161508798599243,0
trimoe,three_domain_moe,697,faceswap_faces_c23/404_429,ffpp_test:35,1,faceswap,jpeg40,0.3956727981567383,0.3956727981567383,0
trimoe,three_domain_moe,698,neuraltextures_faces_c23/429_404,ffpp_test:35,1,neuraltextures,jpeg40,0.42579445242881775,0.42579445242881775,0
trimoe,three_domain_moe,699,neuraltextures_faces_c23/404_429,ffpp_test:35,1,neuraltextures,jpeg40,0.48199111223220825,0.48199111223220825,0
trimoe,three_domain_moe,0,original_faces_c23/953,ffpp_test:68,0,real,webp50,0.46963855624198914,0.46963855624198914,0
trimoe,three_domain_moe,1,original_faces_c23/974,ffpp_test:68,0,real,webp50,0.42888328433036804,0.42888328433036804,0
trimoe,three_domain_moe,2,deepfakes_faces_c23/953_974,ffpp_test:68,1,deepfakes,webp50,0.43313688039779663,0.43313688039779663,0
trimoe,three_domain_moe,3,deepfakes_faces_c23/974_953,ffpp_test:68,1,deepfakes,webp50,0.7559167742729187,0.7559167742729187,1
trimoe,three_domain_moe,4,face2face_faces_c23/953_974,ffpp_test:68,1,face2face,webp50,0.8088905811309814,0.8088905811309814,1
trimoe,three_domain_moe,5,face2face_faces_c23/974_953,ffpp_test:68,1,face2face,webp50,0.48756083846092224,0.48756083846092224,0
trimoe,three_domain_moe,6,faceswap_faces_c23/953_974,ffpp_test:68,1,faceswap,webp50,0.7834452986717224,0.7834452986717224,1
trimoe,three_domain_moe,7,faceswap_faces_c23/974_953,ffpp_test:68,1,faceswap,webp50,0.7913841605186462,0.7913841605186462,1
trimoe,three_domain_moe,8,neuraltextures_faces_c23/953_974,ffpp_test:68,1,neuraltextures,webp50,0.2585110664367676,0.2585110664367676,0
trimoe,three_domain_moe,9,neuraltextures_faces_c23/974_953,ffpp_test:68,1,neuraltextures,webp50,0.47355979681015015,0.47355979681015015,0
trimoe,three_domain_moe,10,original_faces_c23/012,ffpp_test:1,0,real,webp50,0.45768648386001587,0.45768648386001587,1
trimoe,three_domain_moe,11,original_faces_c23/026,ffpp_test:1,0,real,webp50,0.49220556020736694,0.49220556020736694,1
trimoe,three_domain_moe,12,deepfakes_faces_c23/012_026,ffpp_test:1,1,deepfakes,webp50,0.49348053336143494,0.49348053336143494,1
trimoe,three_domain_moe,13,deepfakes_faces_c23/026_012,ffpp_test:1,1,deepfakes,webp50,0.46900448203086853,0.46900448203086853,1
trimoe,three_domain_moe,14,face2face_faces_c23/012_026,ffpp_test:1,1,face2face,webp50,0.4915478229522705,0.4915478229522705,1
trimoe,three_domain_moe,15,face2face_faces_c23/026_012,ffpp_test:1,1,face2face,webp50,0.49565887451171875,0.49565887451171875,1
trimoe,three_domain_moe,16,faceswap_faces_c23/012_026,ffpp_test:1,1,faceswap,webp50,0.49177175760269165,0.49177175760269165,1
trimoe,three_domain_moe,17,faceswap_faces_c23/026_012,ffpp_test:1,1,faceswap,webp50,0.7646230459213257,0.7646230459213257,1
trimoe,three_domain_moe,18,neuraltextures_faces_c23/012_026,ffpp_test:1,1,neuraltextures,webp50,0.47118180990219116,0.47118180990219116,1
trimoe,three_domain_moe,19,neuraltextures_faces_c23/026_012,ffpp_test:1,1,neuraltextures,webp50,0.4064880311489105,0.4064880311489105,1
trimoe,three_domain_moe,20,original_faces_c23/078,ffpp_test:8,0,real,webp50,0.49786269664764404,0.49786269664764404,0
trimoe,three_domain_moe,21,original_faces_c23/955,ffpp_test:8,0,real,webp50,0.46846675872802734,0.46846675872802734,1
trimoe,three_domain_moe,22,deepfakes_faces_c23/078_955,ffpp_test:8,1,deepfakes,webp50,0.8283273577690125,0.8283273577690125,1
trimoe,three_domain_moe,23,deepfakes_faces_c23/955_078,ffpp_test:8,1,deepfakes,webp50,0.2069433331489563,0.2069433331489563,0
trimoe,three_domain_moe,24,face2face_faces_c23/078_955,ffpp_test:8,1,face2face,webp50,0.36887574195861816,0.36887574195861816,0
trimoe,three_domain_moe,25,face2face_faces_c23/955_078,ffpp_test:8,1,face2face,webp50,0.5166341662406921,0.5166341662406921,1
trimoe,three_domain_moe,26,faceswap_faces_c23/078_955,ffpp_test:8,1,faceswap,webp50,0.8049973249435425,0.8049973249435425,1
trimoe,three_domain_moe,27,faceswap_faces_c23/955_078,ffpp_test:8,1,faceswap,webp50,0.4246252477169037,0.4246252477169037,1
trimoe,three_domain_moe,28,neuraltextures_faces_c23/078_955,ffpp_test:8,1,neuraltextures,webp50,0.49087977409362793,0.49087977409362793,0
trimoe,three_domain_moe,29,neuraltextures_faces_c23/955_078,ffpp_test:8,1,neuraltextures,webp50,0.8032944202423096,0.8032944202423096,1
trimoe,three_domain_moe,30,original_faces_c23/623,ffpp_test:51,0,real,webp50,0.4749985635280609,0.4749985635280609,0
trimoe,three_domain_moe,31,original_faces_c23/630,ffpp_test:51,0,real,webp50,0.39373117685317993,0.39373117685317993,0
trimoe,three_domain_moe,32,deepfakes_faces_c23/623_630,ffpp_test:51,1,deepfakes,webp50,0.35891735553741455,0.35891735553741455,0
trimoe,three_domain_moe,33,deepfakes_faces_c23/630_623,ffpp_test:51,1,deepfakes,webp50,0.42781829833984375,0.42781829833984375,0
trimoe,three_domain_moe,34,face2face_faces_c23/623_630,ffpp_test:51,1,face2face,webp50,0.46380627155303955,0.46380627155303955,0
trimoe,three_domain_moe,35,face2face_faces_c23/630_623,ffpp_test:51,1,face2face,webp50,0.824577808380127,0.824577808380127,1
trimoe,three_domain_moe,36,faceswap_faces_c23/623_630,ffpp_test:51,1,faceswap,webp50,0.5081223845481873,0.5081223845481873,0
trimoe,three_domain_moe,37,faceswap_faces_c23/630_623,ffpp_test:51,1,faceswap,webp50,0.7179979085922241,0.7179979085922241,1
trimoe,three_domain_moe,38,neuraltextures_faces_c23/623_630,ffpp_test:51,1,neuraltextures,webp50,0.33841046690940857,0.33841046690940857,0
trimoe,three_domain_moe,39,neuraltextures_faces_c23/630_623,ffpp_test:51,1,neuraltextures,webp50,0.7860730886459351,0.7860730886459351,1
trimoe,three_domain_moe,40,original_faces_c23/919,ffpp_test:2,0,real,webp50,0.48240360617637634,0.48240360617637634,0
trimoe,three_domain_moe,41,original_faces_c23/015,ffpp_test:2,0,real,webp50,0.49205121397972107,0.49205121397972107,0
trimoe,three_domain_moe,42,deepfakes_faces_c23/919_015,ffpp_test:2,1,deepfakes,webp50,0.4875941276550293,0.4875941276550293,1
trimoe,three_domain_moe,43,deepfakes_faces_c23/015_919,ffpp_test:2,1,deepfakes,webp50,0.4887275695800781,0.4887275695800781,0
trimoe,three_domain_moe,44,face2face_faces_c23/919_015,ffpp_test:2,1,face2face,webp50,0.4940575957298279,0.4940575957298279,0
trimoe,three_domain_moe,45,face2face_faces_c23/015_919,ffpp_test:2,1,face2face,webp50,0.4868989586830139,0.4868989586830139,0
trimoe,three_domain_moe,46,faceswap_faces_c23/919_015,ffpp_test:2,1,faceswap,webp50,0.4725549817085266,0.4725549817085266,0
trimoe,three_domain_moe,47,faceswap_faces_c23/015_919,ffpp_test:2,1,faceswap,webp50,0.49271291494369507,0.49271291494369507,0
trimoe,three_domain_moe,48,neuraltextures_faces_c23/919_015,ffpp_test:2,1,neuraltextures,webp50,0.4434746503829956,0.4434746503829956,0
trimoe,three_domain_moe,49,neuraltextures_faces_c23/015_919,ffpp_test:2,1,neuraltextures,webp50,0.4924325942993164,0.4924325942993164,0
trimoe,three_domain_moe,50,original_faces_c23/367,ffpp_test:30,0,real,webp50,0.48488420248031616,0.48488420248031616,0
trimoe,three_domain_moe,51,original_faces_c23/371,ffpp_test:30,0,real,webp50,0.4970916509628296,0.4970916509628296,0
trimoe,three_domain_moe,52,deepfakes_faces_c23/367_371,ffpp_test:30,1,deepfakes,webp50,0.50951087474823,0.50951087474823,0
trimoe,three_domain_moe,53,deepfakes_faces_c23/371_367,ffpp_test:30,1,deepfakes,webp50,0.49596989154815674,0.49596989154815674,0
trimoe,three_domain_moe,54,face2face_faces_c23/367_371,ffpp_test:30,1,face2face,webp50,0.5395519137382507,0.5395519137382507,0
trimoe,three_domain_moe,55,face2face_faces_c23/371_367,ffpp_test:30,1,face2face,webp50,0.5062170028686523,0.5062170028686523,0
trimoe,three_domain_moe,56,faceswap_faces_c23/367_371,ffpp_test:30,1,faceswap,webp50,0.7616082429885864,0.7616082429885864,1
trimoe,three_domain_moe,57,faceswap_faces_c23/371_367,ffpp_test:30,1,faceswap,webp50,0.8193444013595581,0.8193444013595581,1
trimoe,three_domain_moe,58,neuraltextures_faces_c23/367_371,ffpp_test:30,1,neuraltextures,webp50,0.47782182693481445,0.47782182693481445,0
trimoe,three_domain_moe,59,neuraltextures_faces_c23/371_367,ffpp_test:30,1,neuraltextures,webp50,0.4897639751434326,0.4897639751434326,0
trimoe,three_domain_moe,60,original_faces_c23/847,ffpp_test:65,0,real,webp50,0.5309526920318604,0.5309526920318604,0
trimoe,three_domain_moe,61,original_faces_c23/906,ffpp_test:65,0,real,webp50,0.27925369143486023,0.27925369143486023,0
trimoe,three_domain_moe,62,deepfakes_faces_c23/847_906,ffpp_test:65,1,deepfakes,webp50,0.810721755027771,0.810721755027771,1
trimoe,three_domain_moe,63,deepfakes_faces_c23/906_847,ffpp_test:65,1,deepfakes,webp50,0.49720868468284607,0.49720868468284607,0
trimoe,three_domain_moe,64,face2face_faces_c23/847_906,ffpp_test:65,1,face2face,webp50,0.7796162366867065,0.7796162366867065,1
trimoe,three_domain_moe,65,face2face_faces_c23/906_847,ffpp_test:65,1,face2face,webp50,0.8125101327896118,0.8125101327896118,1
trimoe,three_domain_moe,66,faceswap_faces_c23/847_906,ffpp_test:65,1,faceswap,webp50,0.6503415107727051,0.6503415107727051,1
trimoe,three_domain_moe,67,faceswap_faces_c23/906_847,ffpp_test:65,1,faceswap,webp50,0.8149656653404236,0.8149656653404236,1
trimoe,three_domain_moe,68,neuraltextures_faces_c23/847_906,ffpp_test:65,1,neuraltextures,webp50,0.4597678780555725,0.4597678780555725,0
trimoe,three_domain_moe,69,neuraltextures_faces_c23/906_847,ffpp_test:65,1,neuraltextures,webp50,0.776106059551239,0.776106059551239,1
trimoe,three_domain_moe,70,original_faces_c23/529,ffpp_test:46,0,real,webp50,0.1856204718351364,0.1856204718351364,0
trimoe,three_domain_moe,71,original_faces_c23/633,ffpp_test:46,0,real,webp50,0.49130210280418396,0.49130210280418396,0
trimoe,three_domain_moe,72,deepfakes_faces_c23/529_633,ffpp_test:46,1,deepfakes,webp50,0.411143958568573,0.411143958568573,0
trimoe,three_domain_moe,73,deepfakes_faces_c23/633_529,ffpp_test:46,1,deepfakes,webp50,0.4493459463119507,0.4493459463119507,0
trimoe,three_domain_moe,74,face2face_faces_c23/529_633,ffpp_test:46,1,face2face,webp50,0.4951658248901367,0.4951658248901367,0
trimoe,three_domain_moe,75,face2face_faces_c23/633_529,ffpp_test:46,1,face2face,webp50,0.4897075593471527,0.4897075593471527,0
trimoe,three_domain_moe,76,faceswap_faces_c23/529_633,ffpp_test:46,1,faceswap,webp50,0.492952436208725,0.492952436208725,0
trimoe,three_domain_moe,77,faceswap_faces_c23/633_529,ffpp_test:46,1,faceswap,webp50,0.8051273822784424,0.8051273822784424,1
trimoe,three_domain_moe,78,neuraltextures_faces_c23/529_633,ffpp_test:46,1,neuraltextures,webp50,0.30875271558761597,0.30875271558761597,0
trimoe,three_domain_moe,79,neuraltextures_faces_c23/633_529,ffpp_test:46,1,neuraltextures,webp50,0.4756954312324524,0.4756954312324524,0
trimoe,three_domain_moe,80,original_faces_c23/418,ffpp_test:36,0,real,webp50,0.41944774985313416,0.41944774985313416,0
trimoe,three_domain_moe,81,original_faces_c23/507,ffpp_test:36,0,real,webp50,0.511029064655304,0.511029064655304,0
trimoe,three_domain_moe,82,deepfakes_faces_c23/418_507,ffpp_test:36,1,deepfakes,webp50,0.7609409689903259,0.7609409689903259,1
trimoe,three_domain_moe,83,deepfakes_faces_c23/507_418,ffpp_test:36,1,deepfakes,webp50,0.7701634764671326,0.7701634764671326,1
trimoe,three_domain_moe,84,face2face_faces_c23/418_507,ffpp_test:36,1,face2face,webp50,0.4962094724178314,0.4962094724178314,0
trimoe,three_domain_moe,85,face2face_faces_c23/507_418,ffpp_test:36,1,face2face,webp50,0.7604917287826538,0.7604917287826538,1
trimoe,three_domain_moe,86,faceswap_faces_c23/418_507,ffpp_test:36,1,faceswap,webp50,0.7446976900100708,0.7446976900100708,1
trimoe,three_domain_moe,87,faceswap_faces_c23/507_418,ffpp_test:36,1,faceswap,webp50,0.7962607741355896,0.7962607741355896,1
trimoe,three_domain_moe,88,neuraltextures_faces_c23/418_507,ffpp_test:36,1,neuraltextures,webp50,0.4406721293926239,0.4406721293926239,0
trimoe,three_domain_moe,89,neuraltextures_faces_c23/507_418,ffpp_test:36,1,neuraltextures,webp50,0.8075968027114868,0.8075968027114868,1
trimoe,three_domain_moe,90,original_faces_c23/227,ffpp_test:16,0,real,webp50,0.4660271108150482,0.4660271108150482,1
trimoe,three_domain_moe,91,original_faces_c23/169,ffpp_test:16,0,real,webp50,0.48775720596313477,0.48775720596313477,1
trimoe,three_domain_moe,92,deepfakes_faces_c23/227_169,ffpp_test:16,1,deepfakes,webp50,0.5003761649131775,0.5003761649131775,1
trimoe,three_domain_moe,93,deepfakes_faces_c23/169_227,ffpp_test:16,1,deepfakes,webp50,0.3649151027202606,0.3649151027202606,1
trimoe,three_domain_moe,94,face2face_faces_c23/227_169,ffpp_test:16,1,face2face,webp50,0.45865485072135925,0.45865485072135925,1
trimoe,three_domain_moe,95,face2face_faces_c23/169_227,ffpp_test:16,1,face2face,webp50,0.5009902715682983,0.5009902715682983,1
trimoe,three_domain_moe,96,faceswap_faces_c23/227_169,ffpp_test:16,1,faceswap,webp50,0.728259801864624,0.728259801864624,1
trimoe,three_domain_moe,97,faceswap_faces_c23/169_227,ffpp_test:16,1,faceswap,webp50,0.3600693643093109,0.3600693643093109,1
trimoe,three_domain_moe,98,neuraltextures_faces_c23/227_169,ffpp_test:16,1,neuraltextures,webp50,0.476845383644104,0.476845383644104,1
trimoe,three_domain_moe,99,neuraltextures_faces_c23/169_227,ffpp_test:16,1,neuraltextures,webp50,0.4503285884857178,0.4503285884857178,1
trimoe,three_domain_moe,100,original_faces_c23/389,ffpp_test:33,0,real,webp50,0.22960112988948822,0.22960112988948822,0
trimoe,three_domain_moe,101,original_faces_c23/480,ffpp_test:33,0,real,webp50,0.19548547267913818,0.19548547267913818,0
trimoe,three_domain_moe,102,deepfakes_faces_c23/389_480,ffpp_test:33,1,deepfakes,webp50,0.532934844493866,0.532934844493866,1
trimoe,three_domain_moe,103,deepfakes_faces_c23/480_389,ffpp_test:33,1,deepfakes,webp50,0.40717774629592896,0.40717774629592896,0
trimoe,three_domain_moe,104,face2face_faces_c23/389_480,ffpp_test:33,1,face2face,webp50,0.17423127591609955,0.17423127591609955,0
trimoe,three_domain_moe,105,face2face_faces_c23/480_389,ffpp_test:33,1,face2face,webp50,0.6284736394882202,0.6284736394882202,0
trimoe,three_domain_moe,106,faceswap_faces_c23/389_480,ffpp_test:33,1,faceswap,webp50,0.5033417344093323,0.5033417344093323,0
trimoe,three_domain_moe,107,faceswap_faces_c23/480_389,ffpp_test:33,1,faceswap,webp50,0.5820053815841675,0.5820053815841675,0
trimoe,three_domain_moe,108,neuraltextures_faces_c23/389_480,ffpp_test:33,1,neuraltextures,webp50,0.2926109731197357,0.2926109731197357,0
trimoe,three_domain_moe,109,neuraltextures_faces_c23/480_389,ffpp_test:33,1,neuraltextures,webp50,0.46565183997154236,0.46565183997154236,0
trimoe,three_domain_moe,110,original_faces_c23/821,ffpp_test:64,0,real,webp50,0.4959823787212372,0.4959823787212372,0
trimoe,three_domain_moe,111,original_faces_c23/812,ffpp_test:64,0,real,webp50,0.4592587947845459,0.4592587947845459,1
trimoe,three_domain_moe,112,deepfakes_faces_c23/821_812,ffpp_test:64,1,deepfakes,webp50,0.7942985892295837,0.7942985892295837,1
trimoe,three_domain_moe,113,deepfakes_faces_c23/812_821,ffpp_test:64,1,deepfakes,webp50,0.6714372634887695,0.6714372634887695,1
trimoe,three_domain_moe,114,face2face_faces_c23/821_812,ffpp_test:64,1,face2face,webp50,0.7565194964408875,0.7565194964408875,1
trimoe,three_domain_moe,115,face2face_faces_c23/812_821,ffpp_test:64,1,face2face,webp50,0.7391359806060791,0.7391359806060791,1
trimoe,three_domain_moe,116,faceswap_faces_c23/821_812,ffpp_test:64,1,faceswap,webp50,0.8059983253479004,0.8059983253479004,1
trimoe,three_domain_moe,117,faceswap_faces_c23/812_821,ffpp_test:64,1,faceswap,webp50,0.6429001092910767,0.6429001092910767,0
trimoe,three_domain_moe,118,neuraltextures_faces_c23/821_812,ffpp_test:64,1,neuraltextures,webp50,0.5361654758453369,0.5361654758453369,0
trimoe,three_domain_moe,119,neuraltextures_faces_c23/812_821,ffpp_test:64,1,neuraltextures,webp50,0.4094699025154114,0.4094699025154114,0
trimoe,three_domain_moe,120,original_faces_c23/670,ffpp_test:54,0,real,webp50,0.4842796325683594,0.4842796325683594,1
trimoe,three_domain_moe,121,original_faces_c23/661,ffpp_test:54,0,real,webp50,0.4893411099910736,0.4893411099910736,0
trimoe,three_domain_moe,122,deepfakes_faces_c23/670_661,ffpp_test:54,1,deepfakes,webp50,0.8189746737480164,0.8189746737480164,1
trimoe,three_domain_moe,123,deepfakes_faces_c23/661_670,ffpp_test:54,1,deepfakes,webp50,0.4903492331504822,0.4903492331504822,0
trimoe,three_domain_moe,124,face2face_faces_c23/670_661,ffpp_test:54,1,face2face,webp50,0.5153069496154785,0.5153069496154785,1
trimoe,three_domain_moe,125,face2face_faces_c23/661_670,ffpp_test:54,1,face2face,webp50,0.5132810473442078,0.5132810473442078,0
trimoe,three_domain_moe,126,faceswap_faces_c23/670_661,ffpp_test:54,1,faceswap,webp50,0.4007488489151001,0.4007488489151001,1
trimoe,three_domain_moe,127,faceswap_faces_c23/661_670,ffpp_test:54,1,faceswap,webp50,0.8251314163208008,0.8251314163208008,1
trimoe,three_domain_moe,128,neuraltextures_faces_c23/670_661,ffpp_test:54,1,neuraltextures,webp50,0.5392206907272339,0.5392206907272339,1
trimoe,three_domain_moe,129,neuraltextures_faces_c23/661_670,ffpp_test:54,1,neuraltextures,webp50,0.39561188220977783,0.39561188220977783,0
trimoe,three_domain_moe,130,original_faces_c23/158,ffpp_test:15,0,real,webp50,0.24135634303092957,0.24135634303092957,0
trimoe,three_domain_moe,131,original_faces_c23/379,ffpp_test:15,0,real,webp50,0.46578025817871094,0.46578025817871094,0
trimoe,three_domain_moe,132,deepfakes_faces_c23/158_379,ffpp_test:15,1,deepfakes,webp50,0.2832731604576111,0.2832731604576111,0
trimoe,three_domain_moe,133,deepfakes_faces_c23/379_158,ffpp_test:15,1,deepfakes,webp50,0.5071308612823486,0.5071308612823486,0
trimoe,three_domain_moe,134,face2face_faces_c23/158_379,ffpp_test:15,1,face2face,webp50,0.42567285895347595,0.42567285895347595,0
trimoe,three_domain_moe,135,face2face_faces_c23/379_158,ffpp_test:15,1,face2face,webp50,0.2720385789871216,0.2720385789871216,0
trimoe,three_domain_moe,136,faceswap_faces_c23/158_379,ffpp_test:15,1,faceswap,webp50,0.4105340838432312,0.4105340838432312,0
trimoe,three_domain_moe,137,faceswap_faces_c23/379_158,ffpp_test:15,1,faceswap,webp50,0.4814310669898987,0.4814310669898987,1
trimoe,three_domain_moe,138,neuraltextures_faces_c23/158_379,ffpp_test:15,1,neuraltextures,webp50,0.35698986053466797,0.35698986053466797,0
trimoe,three_domain_moe,139,neuraltextures_faces_c23/379_158,ffpp_test:15,1,neuraltextures,webp50,0.341602623462677,0.341602623462677,0
trimoe,three_domain_moe,140,original_faces_c23/423,ffpp_test:37,0,real,webp50,0.4526406228542328,0.4526406228542328,0
trimoe,three_domain_moe,141,original_faces_c23/421,ffpp_test:37,0,real,webp50,0.4191058576107025,0.4191058576107025,0
trimoe,three_domain_moe,142,deepfakes_faces_c23/423_421,ffpp_test:37,1,deepfakes,webp50,0.4760519862174988,0.4760519862174988,0
trimoe,three_domain_moe,143,deepfakes_faces_c23/421_423,ffpp_test:37,1,deepfakes,webp50,0.4433930814266205,0.4433930814266205,0
trimoe,three_domain_moe,144,face2face_faces_c23/423_421,ffpp_test:37,1,face2face,webp50,0.4956744611263275,0.4956744611263275,0
trimoe,three_domain_moe,145,face2face_faces_c23/421_423,ffpp_test:37,1,face2face,webp50,0.8189530372619629,0.8189530372619629,1
trimoe,three_domain_moe,146,faceswap_faces_c23/423_421,ffpp_test:37,1,faceswap,webp50,0.4753873348236084,0.4753873348236084,0
trimoe,three_domain_moe,147,faceswap_faces_c23/421_423,ffpp_test:37,1,faceswap,webp50,0.4384128451347351,0.4384128451347351,0
trimoe,three_domain_moe,148,neuraltextures_faces_c23/423_421,ffpp_test:37,1,neuraltextures,webp50,0.480379194021225,0.480379194021225,0
trimoe,three_domain_moe,149,neuraltextures_faces_c23/421_423,ffpp_test:37,1,neuraltextures,webp50,0.24200883507728577,0.24200883507728577,0
trimoe,three_domain_moe,150,original_faces_c23/352,ffpp_test:28,0,real,webp50,0.4550863206386566,0.4550863206386566,0
trimoe,three_domain_moe,151,original_faces_c23/319,ffpp_test:28,0,real,webp50,0.4960954785346985,0.4960954785346985,0
trimoe,three_domain_moe,152,deepfakes_faces_c23/352_319,ffpp_test:28,1,deepfakes,webp50,0.5048083662986755,0.5048083662986755,0
trimoe,three_domain_moe,153,deepfakes_faces_c23/319_352,ffpp_test:28,1,deepfakes,webp50,0.5270214676856995,0.5270214676856995,0
trimoe,three_domain_moe,154,face2face_faces_c23/352_319,ffpp_test:28,1,face2face,webp50,0.4765145778656006,0.4765145778656006,0
trimoe,three_domain_moe,155,face2face_faces_c23/319_352,ffpp_test:28,1,face2face,webp50,0.4978972375392914,0.4978972375392914,0
trimoe,three_domain_moe,156,faceswap_faces_c23/352_319,ffpp_test:28,1,faceswap,webp50,0.802172839641571,0.802172839641571,1
trimoe,three_domain_moe,157,faceswap_faces_c23/319_352,ffpp_test:28,1,faceswap,webp50,0.8098575472831726,0.8098575472831726,1
trimoe,three_domain_moe,158,neuraltextures_faces_c23/352_319,ffpp_test:28,1,neuraltextures,webp50,0.514427661895752,0.514427661895752,0
trimoe,three_domain_moe,159,neuraltextures_faces_c23/319_352,ffpp_test:28,1,neuraltextures,webp50,0.5331898927688599,0.5331898927688599,0
trimoe,three_domain_moe,160,original_faces_c23/579,ffpp_test:48,0,real,webp50,0.406933069229126,0.406933069229126,1
trimoe,three_domain_moe,161,original_faces_c23/701,ffpp_test:48,0,real,webp50,0.23351788520812988,0.23351788520812988,0
trimoe,three_domain_moe,162,deepfakes_faces_c23/579_701,ffpp_test:48,1,deepfakes,webp50,0.822748601436615,0.822748601436615,1
trimoe,three_domain_moe,163,deepfakes_faces_c23/701_579,ffpp_test:48,1,deepfakes,webp50,0.8241233825683594,0.8241233825683594,1
trimoe,three_domain_moe,164,face2face_faces_c23/579_701,ffpp_test:48,1,face2face,webp50,0.8041481375694275,0.8041481375694275,1
trimoe,three_domain_moe,165,face2face_faces_c23/701_579,ffpp_test:48,1,face2face,webp50,0.8012089133262634,0.8012089133262634,1
trimoe,three_domain_moe,166,faceswap_faces_c23/579_701,ffpp_test:48,1,faceswap,webp50,0.8059713244438171,0.8059713244438171,1
trimoe,three_domain_moe,167,faceswap_faces_c23/701_579,ffpp_test:48,1,faceswap,webp50,0.7888692617416382,0.7888692617416382,1
trimoe,three_domain_moe,168,neuraltextures_faces_c23/579_701,ffpp_test:48,1,neuraltextures,webp50,0.8051838278770447,0.8051838278770447,1
trimoe,three_domain_moe,169,neuraltextures_faces_c23/701_579,ffpp_test:48,1,neuraltextures,webp50,0.503372073173523,0.503372073173523,1
trimoe,three_domain_moe,170,original_faces_c23/488,ffpp_test:34,0,real,webp50,0.41388988494873047,0.41388988494873047,1
trimoe,three_domain_moe,171,original_faces_c23/399,ffpp_test:34,0,real,webp50,0.4972986578941345,0.4972986578941345,0
trimoe,three_domain_moe,172,deepfakes_faces_c23/488_399,ffpp_test:34,1,deepfakes,webp50,0.7802382707595825,0.7802382707595825,1
trimoe,three_domain_moe,173,deepfakes_faces_c23/399_488,ffpp_test:34,1,deepfakes,webp50,0.4348192811012268,0.4348192811012268,0
trimoe,three_domain_moe,174,face2face_faces_c23/488_399,ffpp_test:34,1,face2face,webp50,0.48180434107780457,0.48180434107780457,1
trimoe,three_domain_moe,175,face2face_faces_c23/399_488,ffpp_test:34,1,face2face,webp50,0.7773167490959167,0.7773167490959167,1
trimoe,three_domain_moe,176,faceswap_faces_c23/488_399,ffpp_test:34,1,faceswap,webp50,0.7226053476333618,0.7226053476333618,1
trimoe,three_domain_moe,177,faceswap_faces_c23/399_488,ffpp_test:34,1,faceswap,webp50,0.8151692748069763,0.8151692748069763,1
trimoe,three_domain_moe,178,neuraltextures_faces_c23/488_399,ffpp_test:34,1,neuraltextures,webp50,0.43877550959587097,0.43877550959587097,1
trimoe,three_domain_moe,179,neuraltextures_faces_c23/399_488,ffpp_test:34,1,neuraltextures,webp50,0.7730454206466675,0.7730454206466675,1
trimoe,three_domain_moe,180,original_faces_c23/695,ffpp_test:38,0,real,webp50,0.16409829258918762,0.16409829258918762,0
trimoe,three_domain_moe,181,original_faces_c23/422,ffpp_test:38,0,real,webp50,0.2442857325077057,0.2442857325077057,0
trimoe,three_domain_moe,182,deepfakes_faces_c23/695_422,ffpp_test:38,1,deepfakes,webp50,0.1738245189189911,0.1738245189189911,0
trimoe,three_domain_moe,183,deepfakes_faces_c23/422_695,ffpp_test:38,1,deepfakes,webp50,0.4717828929424286,0.4717828929424286,1
trimoe,three_domain_moe,184,face2face_faces_c23/695_422,ffpp_test:38,1,face2face,webp50,0.1666090488433838,0.1666090488433838,0
trimoe,three_domain_moe,185,face2face_faces_c23/422_695,ffpp_test:38,1,face2face,webp50,0.6611740589141846,0.6611740589141846,1
trimoe,three_domain_moe,186,faceswap_faces_c23/695_422,ffpp_test:38,1,faceswap,webp50,0.18592499196529388,0.18592499196529388,0
trimoe,three_domain_moe,187,faceswap_faces_c23/422_695,ffpp_test:38,1,faceswap,webp50,0.3412315547466278,0.3412315547466278,0
trimoe,three_domain_moe,188,neuraltextures_faces_c23/695_422,ffpp_test:38,1,neuraltextures,webp50,0.30587244033813477,0.30587244033813477,0
trimoe,three_domain_moe,189,neuraltextures_faces_c23/422_695,ffpp_test:38,1,neuraltextures,webp50,0.43919190764427185,0.43919190764427185,1
trimoe,three_domain_moe,190,original_faces_c23/288,ffpp_test:25,0,real,webp50,0.48039883375167847,0.48039883375167847,1
trimoe,three_domain_moe,191,original_faces_c23/321,ffpp_test:25,0,real,webp50,0.2076408565044403,0.2076408565044403,0
trimoe,three_domain_moe,192,deepfakes_faces_c23/288_321,ffpp_test:25,1,deepfakes,webp50,0.7811803817749023,0.7811803817749023,1
trimoe,three_domain_moe,193,deepfakes_faces_c23/321_288,ffpp_test:25,1,deepfakes,webp50,0.2021525502204895,0.2021525502204895,0
trimoe,three_domain_moe,194,face2face_faces_c23/288_321,ffpp_test:25,1,face2face,webp50,0.4711483418941498,0.4711483418941498,1
trimoe,three_domain_moe,195,face2face_faces_c23/321_288,ffpp_test:25,1,face2face,webp50,0.485107958316803,0.485107958316803,0
trimoe,three_domain_moe,196,faceswap_faces_c23/288_321,ffpp_test:25,1,faceswap,webp50,0.8068291544914246,0.8068291544914246,1
trimoe,three_domain_moe,197,faceswap_faces_c23/321_288,ffpp_test:25,1,faceswap,webp50,0.8131498098373413,0.8131498098373413,1
trimoe,three_domain_moe,198,neuraltextures_faces_c23/288_321,ffpp_test:25,1,neuraltextures,webp50,0.4071783423423767,0.4071783423423767,1
trimoe,three_domain_moe,199,neuraltextures_faces_c23/321_288,ffpp_test:25,1,neuraltextures,webp50,0.5128260850906372,0.5128260850906372,0
trimoe,three_domain_moe,200,original_faces_c23/705,ffpp_test:57,0,real,webp50,0.49671873450279236,0.49671873450279236,0
trimoe,three_domain_moe,201,original_faces_c23/707,ffpp_test:57,0,real,webp50,0.43116074800491333,0.43116074800491333,0
trimoe,three_domain_moe,202,deepfakes_faces_c23/705_707,ffpp_test:57,1,deepfakes,webp50,0.4864146113395691,0.4864146113395691,0
trimoe,three_domain_moe,203,deepfakes_faces_c23/707_705,ffpp_test:57,1,deepfakes,webp50,0.8052283525466919,0.8052283525466919,1
trimoe,three_domain_moe,204,face2face_faces_c23/705_707,ffpp_test:57,1,face2face,webp50,0.4608292579650879,0.4608292579650879,0
trimoe,three_domain_moe,205,face2face_faces_c23/707_705,ffpp_test:57,1,face2face,webp50,0.8134099841117859,0.8134099841117859,1
trimoe,three_domain_moe,206,faceswap_faces_c23/705_707,ffpp_test:57,1,faceswap,webp50,0.7956626415252686,0.7956626415252686,1
trimoe,three_domain_moe,207,faceswap_faces_c23/707_705,ffpp_test:57,1,faceswap,webp50,0.8007094860076904,0.8007094860076904,1
trimoe,three_domain_moe,208,neuraltextures_faces_c23/705_707,ffpp_test:57,1,neuraltextures,webp50,0.49869510531425476,0.49869510531425476,0
trimoe,three_domain_moe,209,neuraltextures_faces_c23/707_705,ffpp_test:57,1,neuraltextures,webp50,0.762844979763031,0.762844979763031,1
trimoe,three_domain_moe,210,original_faces_c23/306,ffpp_test:24,0,real,webp50,0.5003408789634705,0.5003408789634705,0
trimoe,three_domain_moe,211,original_faces_c23/278,ffpp_test:24,0,real,webp50,0.4822445511817932,0.4822445511817932,1
trimoe,three_domain_moe,212,deepfakes_faces_c23/306_278,ffpp_test:24,1,deepfakes,webp50,0.803973376750946,0.803973376750946,1
trimoe,three_domain_moe,213,deepfakes_faces_c23/278_306,ffpp_test:24,1,deepfakes,webp50,0.4816014766693115,0.4816014766693115,1
trimoe,three_domain_moe,214,face2face_faces_c23/306_278,ffpp_test:24,1,face2face,webp50,0.4945313632488251,0.4945313632488251,0
trimoe,three_domain_moe,215,face2face_faces_c23/278_306,ffpp_test:24,1,face2face,webp50,0.7868285179138184,0.7868285179138184,1
trimoe,three_domain_moe,216,faceswap_faces_c23/306_278,ffpp_test:24,1,faceswap,webp50,0.8145673274993896,0.8145673274993896,1
trimoe,three_domain_moe,217,faceswap_faces_c23/278_306,ffpp_test:24,1,faceswap,webp50,0.42289814352989197,0.42289814352989197,1
trimoe,three_domain_moe,218,neuraltextures_faces_c23/306_278,ffpp_test:24,1,neuraltextures,webp50,0.4955701529979706,0.4955701529979706,0
trimoe,three_domain_moe,219,neuraltextures_faces_c23/278_306,ffpp_test:24,1,neuraltextures,webp50,0.7826854586601257,0.7826854586601257,1
trimoe,three_domain_moe,220,original_faces_c23/865,ffpp_test:61,0,real,webp50,0.27752870321273804,0.27752870321273804,0
trimoe,three_domain_moe,221,original_faces_c23/739,ffpp_test:61,0,real,webp50,0.46153491735458374,0.46153491735458374,1
trimoe,three_domain_moe,222,deepfakes_faces_c23/865_739,ffpp_test:61,1,deepfakes,webp50,0.17549072206020355,0.17549072206020355,0
trimoe,three_domain_moe,223,deepfakes_faces_c23/739_865,ffpp_test:61,1,deepfakes,webp50,0.5098783373832703,0.5098783373832703,1
trimoe,three_domain_moe,224,face2face_faces_c23/865_739,ffpp_test:61,1,face2face,webp50,0.3959018588066101,0.3959018588066101,0
trimoe,three_domain_moe,225,face2face_faces_c23/739_865,ffpp_test:61,1,face2face,webp50,0.5555499196052551,0.5555499196052551,1
trimoe,three_domain_moe,226,faceswap_faces_c23/865_739,ffpp_test:61,1,faceswap,webp50,0.2710131108760834,0.2710131108760834,0
trimoe,three_domain_moe,227,faceswap_faces_c23/739_865,ffpp_test:61,1,faceswap,webp50,0.7254890203475952,0.7254890203475952,1
trimoe,three_domain_moe,228,neuraltextures_faces_c23/865_739,ffpp_test:61,1,neuraltextures,webp50,0.43257981538772583,0.43257981538772583,0
trimoe,three_domain_moe,229,neuraltextures_faces_c23/739_865,ffpp_test:61,1,neuraltextures,webp50,0.31977254152297974,0.31977254152297974,0
trimoe,three_domain_moe,230,original_faces_c23/995,ffpp_test:21,0,real,webp50,0.4614885747432709,0.4614885747432709,1
trimoe,three_domain_moe,231,original_faces_c23/233,ffpp_test:21,0,real,webp50,0.4537580907344818,0.4537580907344818,0
trimoe,three_domain_moe,232,deepfakes_faces_c23/995_233,ffpp_test:21,1,deepfakes,webp50,0.4407542943954468,0.4407542943954468,1
trimoe,three_domain_moe,233,deepfakes_faces_c23/233_995,ffpp_test:21,1,deepfakes,webp50,0.5004427433013916,0.5004427433013916,0
trimoe,three_domain_moe,234,face2face_faces_c23/995_233,ffpp_test:21,1,face2face,webp50,0.5250471830368042,0.5250471830368042,1
trimoe,three_domain_moe,235,face2face_faces_c23/233_995,ffpp_test:21,1,face2face,webp50,0.4985487163066864,0.4985487163066864,0
trimoe,three_domain_moe,236,faceswap_faces_c23/995_233,ffpp_test:21,1,faceswap,webp50,0.2633477449417114,0.2633477449417114,0
trimoe,three_domain_moe,237,faceswap_faces_c23/233_995,ffpp_test:21,1,faceswap,webp50,0.8071159720420837,0.8071159720420837,1
trimoe,three_domain_moe,238,neuraltextures_faces_c23/995_233,ffpp_test:21,1,neuraltextures,webp50,0.49878209829330444,0.49878209829330444,1
trimoe,three_domain_moe,239,neuraltextures_faces_c23/233_995,ffpp_test:21,1,neuraltextures,webp50,0.4924924969673157,0.4924924969673157,0
trimoe,three_domain_moe,240,original_faces_c23/755,ffpp_test:62,0,real,webp50,0.7356066107749939,0.7356066107749939,1
trimoe,three_domain_moe,241,original_faces_c23/759,ffpp_test:62,0,real,webp50,0.21563464403152466,0.21563464403152466,0
trimoe,three_domain_moe,242,deepfakes_faces_c23/755_759,ffpp_test:62,1,deepfakes,webp50,0.8138729929924011,0.8138729929924011,1
trimoe,three_domain_moe,243,deepfakes_faces_c23/759_755,ffpp_test:62,1,deepfakes,webp50,0.3971874415874481,0.3971874415874481,0
trimoe,three_domain_moe,244,face2face_faces_c23/755_759,ffpp_test:62,1,face2face,webp50,0.8129400610923767,0.8129400610923767,1
trimoe,three_domain_moe,245,face2face_faces_c23/759_755,ffpp_test:62,1,face2face,webp50,0.759333610534668,0.759333610534668,1
trimoe,three_domain_moe,246,faceswap_faces_c23/755_759,ffpp_test:62,1,faceswap,webp50,0.7712641954421997,0.7712641954421997,1
trimoe,three_domain_moe,247,faceswap_faces_c23/759_755,ffpp_test:62,1,faceswap,webp50,0.7962530851364136,0.7962530851364136,1
trimoe,three_domain_moe,248,neuraltextures_faces_c23/755_759,ffpp_test:62,1,neuraltextures,webp50,0.7941306829452515,0.7941306829452515,1
trimoe,three_domain_moe,249,neuraltextures_faces_c23/759_755,ffpp_test:62,1,neuraltextures,webp50,0.5208552479743958,0.5208552479743958,1
trimoe,three_domain_moe,250,original_faces_c23/467,ffpp_test:43,0,real,webp50,0.4147491455078125,0.4147491455078125,0
trimoe,three_domain_moe,251,original_faces_c23/462,ffpp_test:43,0,real,webp50,0.4415404796600342,0.4415404796600342,1
trimoe,three_domain_moe,252,deepfakes_faces_c23/467_462,ffpp_test:43,1,deepfakes,webp50,0.31603965163230896,0.31603965163230896,0
trimoe,three_domain_moe,253,deepfakes_faces_c23/462_467,ffpp_test:43,1,deepfakes,webp50,0.4773761034011841,0.4773761034011841,1
trimoe,three_domain_moe,254,face2face_faces_c23/467_462,ffpp_test:43,1,face2face,webp50,0.4778130054473877,0.4778130054473877,0
trimoe,three_domain_moe,255,face2face_faces_c23/462_467,ffpp_test:43,1,face2face,webp50,0.5240415334701538,0.5240415334701538,1
trimoe,three_domain_moe,256,faceswap_faces_c23/467_462,ffpp_test:43,1,faceswap,webp50,0.7285289764404297,0.7285289764404297,1
trimoe,three_domain_moe,257,faceswap_faces_c23/462_467,ffpp_test:43,1,faceswap,webp50,0.5145003795623779,0.5145003795623779,0
trimoe,three_domain_moe,258,neuraltextures_faces_c23/467_462,ffpp_test:43,1,neuraltextures,webp50,0.4720090329647064,0.4720090329647064,0
trimoe,three_domain_moe,259,neuraltextures_faces_c23/462_467,ffpp_test:43,1,neuraltextures,webp50,0.47502559423446655,0.47502559423446655,1
trimoe,three_domain_moe,260,original_faces_c23/314,ffpp_test:27,0,real,webp50,0.48883265256881714,0.48883265256881714,0
trimoe,three_domain_moe,261,original_faces_c23/347,ffpp_test:27,0,real,webp50,0.254253625869751,0.254253625869751,0
trimoe,three_domain_moe,262,deepfakes_faces_c23/314_347,ffpp_test:27,1,deepfakes,webp50,0.49335598945617676,0.49335598945617676,0
trimoe,three_domain_moe,263,deepfakes_faces_c23/347_314,ffpp_test:27,1,deepfakes,webp50,0.3776976764202118,0.3776976764202118,0
trimoe,three_domain_moe,264,face2face_faces_c23/314_347,ffpp_test:27,1,face2face,webp50,0.5199428796768188,0.5199428796768188,0
trimoe,three_domain_moe,265,face2face_faces_c23/347_314,ffpp_test:27,1,face2face,webp50,0.5204634666442871,0.5204634666442871,0
trimoe,three_domain_moe,266,faceswap_faces_c23/314_347,ffpp_test:27,1,faceswap,webp50,0.7609173059463501,0.7609173059463501,1
trimoe,three_domain_moe,267,faceswap_faces_c23/347_314,ffpp_test:27,1,faceswap,webp50,0.346781849861145,0.346781849861145,0
trimoe,three_domain_moe,268,neuraltextures_faces_c23/314_347,ffpp_test:27,1,neuraltextures,webp50,0.38094791769981384,0.38094791769981384,0
trimoe,three_domain_moe,269,neuraltextures_faces_c23/347_314,ffpp_test:27,1,neuraltextures,webp50,0.2805464267730713,0.2805464267730713,0
trimoe,three_domain_moe,270,original_faces_c23/741,ffpp_test:60,0,real,webp50,0.5008141398429871,0.5008141398429871,0
trimoe,three_domain_moe,271,original_faces_c23/731,ffpp_test:60,0,real,webp50,0.5211071372032166,0.5211071372032166,0
trimoe,three_domain_moe,272,deepfakes_faces_c23/741_731,ffpp_test:60,1,deepfakes,webp50,0.5034176111221313,0.5034176111221313,0
trimoe,three_domain_moe,273,deepfakes_faces_c23/731_741,ffpp_test:60,1,deepfakes,webp50,0.8133987188339233,0.8133987188339233,1
trimoe,three_domain_moe,274,face2face_faces_c23/741_731,ffpp_test:60,1,face2face,webp50,0.8195159435272217,0.8195159435272217,1
trimoe,three_domain_moe,275,face2face_faces_c23/731_741,ffpp_test:60,1,face2face,webp50,0.8134832382202148,0.8134832382202148,1
trimoe,three_domain_moe,276,faceswap_faces_c23/741_731,ffpp_test:60,1,faceswap,webp50,0.8294817209243774,0.8294817209243774,1
trimoe,three_domain_moe,277,faceswap_faces_c23/731_741,ffpp_test:60,1,faceswap,webp50,0.8014798164367676,0.8014798164367676,1
trimoe,three_domain_moe,278,neuraltextures_faces_c23/741_731,ffpp_test:60,1,neuraltextures,webp50,0.8294792175292969,0.8294792175292969,1
trimoe,three_domain_moe,279,neuraltextures_faces_c23/731_741,ffpp_test:60,1,neuraltextures,webp50,0.8219096660614014,0.8219096660614014,1
trimoe,three_domain_moe,280,original_faces_c23/970,ffpp_test:69,0,real,webp50,0.36758720874786377,0.36758720874786377,1
trimoe,three_domain_moe,281,original_faces_c23/973,ffpp_test:69,0,real,webp50,0.48229116201400757,0.48229116201400757,0
trimoe,three_domain_moe,282,deepfakes_faces_c23/970_973,ffpp_test:69,1,deepfakes,webp50,0.2813865542411804,0.2813865542411804,0
trimoe,three_domain_moe,283,deepfakes_faces_c23/973_970,ffpp_test:69,1,deepfakes,webp50,0.5084768533706665,0.5084768533706665,0
trimoe,three_domain_moe,284,face2face_faces_c23/970_973,ffpp_test:69,1,face2face,webp50,0.21178829669952393,0.21178829669952393,0
trimoe,three_domain_moe,285,face2face_faces_c23/973_970,ffpp_test:69,1,face2face,webp50,0.5110510587692261,0.5110510587692261,0
trimoe,three_domain_moe,286,faceswap_faces_c23/970_973,ffpp_test:69,1,faceswap,webp50,0.6330572366714478,0.6330572366714478,1
trimoe,three_domain_moe,287,faceswap_faces_c23/973_970,ffpp_test:69,1,faceswap,webp50,0.8218387961387634,0.8218387961387634,1
trimoe,three_domain_moe,288,neuraltextures_faces_c23/970_973,ffpp_test:69,1,neuraltextures,webp50,0.27462464570999146,0.27462464570999146,0
trimoe,three_domain_moe,289,neuraltextures_faces_c23/973_970,ffpp_test:69,1,neuraltextures,webp50,0.49613305926322937,0.49613305926322937,0
trimoe,three_domain_moe,290,original_faces_c23/634,ffpp_test:53,0,real,webp50,0.48039740324020386,0.48039740324020386,0
trimoe,three_domain_moe,291,original_faces_c23/660,ffpp_test:53,0,real,webp50,0.44957202672958374,0.44957202672958374,1
trimoe,three_domain_moe,292,deepfakes_faces_c23/634_660,ffpp_test:53,1,deepfakes,webp50,0.507516622543335,0.507516622543335,0
trimoe,three_domain_moe,293,deepfakes_faces_c23/660_634,ffpp_test:53,1,deepfakes,webp50,0.4891509711742401,0.4891509711742401,1
trimoe,three_domain_moe,294,face2face_faces_c23/634_660,ffpp_test:53,1,face2face,webp50,0.508037805557251,0.508037805557251,0
trimoe,three_domain_moe,295,face2face_faces_c23/660_634,ffpp_test:53,1,face2face,webp50,0.715517520904541,0.715517520904541,1
trimoe,three_domain_moe,296,faceswap_faces_c23/634_660,ffpp_test:53,1,faceswap,webp50,0.7949697375297546,0.7949697375297546,1
trimoe,three_domain_moe,297,faceswap_faces_c23/660_634,ffpp_test:53,1,faceswap,webp50,0.5111947655677795,0.5111947655677795,1
trimoe,three_domain_moe,298,neuraltextures_faces_c23/634_660,ffpp_test:53,1,neuraltextures,webp50,0.4777320623397827,0.4777320623397827,0
trimoe,three_domain_moe,299,neuraltextures_faces_c23/660_634,ffpp_test:53,1,neuraltextures,webp50,0.47475045919418335,0.47475045919418335,1
trimoe,three_domain_moe,300,original_faces_c23/494,ffpp_test:40,0,real,webp50,0.5023268461227417,0.5023268461227417,1
trimoe,three_domain_moe,301,original_faces_c23/445,ffpp_test:40,0,real,webp50,0.3583502769470215,0.3583502769470215,0
trimoe,three_domain_moe,302,deepfakes_faces_c23/494_445,ffpp_test:40,1,deepfakes,webp50,0.5160571336746216,0.5160571336746216,1
trimoe,three_domain_moe,303,deepfakes_faces_c23/445_494,ffpp_test:40,1,deepfakes,webp50,0.7830743789672852,0.7830743789672852,1
trimoe,three_domain_moe,304,face2face_faces_c23/494_445,ffpp_test:40,1,face2face,webp50,0.5252333879470825,0.5252333879470825,1
trimoe,three_domain_moe,305,face2face_faces_c23/445_494,ffpp_test:40,1,face2face,webp50,0.489907830953598,0.489907830953598,0
trimoe,three_domain_moe,306,faceswap_faces_c23/494_445,ffpp_test:40,1,faceswap,webp50,0.7964528799057007,0.7964528799057007,1
trimoe,three_domain_moe,307,faceswap_faces_c23/445_494,ffpp_test:40,1,faceswap,webp50,0.8089980483055115,0.8089980483055115,1
trimoe,three_domain_moe,308,neuraltextures_faces_c23/494_445,ffpp_test:40,1,neuraltextures,webp50,0.5334597826004028,0.5334597826004028,1
trimoe,three_domain_moe,309,neuraltextures_faces_c23/445_494,ffpp_test:40,1,neuraltextures,webp50,0.4938441216945648,0.4938441216945648,0
trimoe,three_domain_moe,310,original_faces_c23/706,ffpp_test:44,0,real,webp50,0.4511847496032715,0.4511847496032715,0
trimoe,three_domain_moe,311,original_faces_c23/479,ffpp_test:44,0,real,webp50,0.4028927683830261,0.4028927683830261,1
trimoe,three_domain_moe,312,deepfakes_faces_c23/706_479,ffpp_test:44,1,deepfakes,webp50,0.4944842755794525,0.4944842755794525,0
trimoe,three_domain_moe,313,deepfakes_faces_c23/479_706,ffpp_test:44,1,deepfakes,webp50,0.48051688075065613,0.48051688075065613,1
trimoe,three_domain_moe,314,face2face_faces_c23/706_479,ffpp_test:44,1,face2face,webp50,0.7815784215927124,0.7815784215927124,1
trimoe,three_domain_moe,315,face2face_faces_c23/479_706,ffpp_test:44,1,face2face,webp50,0.4404856860637665,0.4404856860637665,1
trimoe,three_domain_moe,316,faceswap_faces_c23/706_479,ffpp_test:44,1,faceswap,webp50,0.47871726751327515,0.47871726751327515,0
trimoe,three_domain_moe,317,faceswap_faces_c23/479_706,ffpp_test:44,1,faceswap,webp50,0.33312317728996277,0.33312317728996277,0
trimoe,three_domain_moe,318,neuraltextures_faces_c23/706_479,ffpp_test:44,1,neuraltextures,webp50,0.4905521273612976,0.4905521273612976,0
trimoe,three_domain_moe,319,neuraltextures_faces_c23/479_706,ffpp_test:44,1,neuraltextures,webp50,0.49668678641319275,0.49668678641319275,1
trimoe,three_domain_moe,320,original_faces_c23/186,ffpp_test:17,0,real,webp50,0.1759541928768158,0.1759541928768158,0
trimoe,three_domain_moe,321,original_faces_c23/170,ffpp_test:17,0,real,webp50,0.4483117461204529,0.4483117461204529,0
trimoe,three_domain_moe,322,deepfakes_faces_c23/186_170,ffpp_test:17,1,deepfakes,webp50,0.39957499504089355,0.39957499504089355,0
trimoe,three_domain_moe,323,deepfakes_faces_c23/170_186,ffpp_test:17,1,deepfakes,webp50,0.4986002445220947,0.4986002445220947,0
trimoe,three_domain_moe,324,face2face_faces_c23/186_170,ffpp_test:17,1,face2face,webp50,0.20412491261959076,0.20412491261959076,0
trimoe,three_domain_moe,325,face2face_faces_c23/170_186,ffpp_test:17,1,face2face,webp50,0.8027068972587585,0.8027068972587585,1
trimoe,three_domain_moe,326,faceswap_faces_c23/186_170,ffpp_test:17,1,faceswap,webp50,0.20407193899154663,0.20407193899154663,0
trimoe,three_domain_moe,327,faceswap_faces_c23/170_186,ffpp_test:17,1,faceswap,webp50,0.7761875987052917,0.7761875987052917,1
trimoe,three_domain_moe,328,neuraltextures_faces_c23/186_170,ffpp_test:17,1,neuraltextures,webp50,0.16645848751068115,0.16645848751068115,0
trimoe,three_domain_moe,329,neuraltextures_faces_c23/170_186,ffpp_test:17,1,neuraltextures,webp50,0.4879441261291504,0.4879441261291504,0
trimoe,three_domain_moe,330,original_faces_c23/176,ffpp_test:18,0,real,webp50,0.1867510974407196,0.1867510974407196,0
trimoe,three_domain_moe,331,original_faces_c23/190,ffpp_test:18,0,real,webp50,0.17248040437698364,0.17248040437698364,0
trimoe,three_domain_moe,332,deepfakes_faces_c23/176_190,ffpp_test:18,1,deepfakes,webp50,0.5039443373680115,0.5039443373680115,1
trimoe,three_domain_moe,333,deepfakes_faces_c23/190_176,ffpp_test:18,1,deepfakes,webp50,0.48107752203941345,0.48107752203941345,0
trimoe,three_domain_moe,334,face2face_faces_c23/176_190,ffpp_test:18,1,face2face,webp50,0.5030578374862671,0.5030578374862671,1
trimoe,three_domain_moe,335,face2face_faces_c23/190_176,ffpp_test:18,1,face2face,webp50,0.5380502939224243,0.5380502939224243,0
trimoe,three_domain_moe,336,faceswap_faces_c23/176_190,ffpp_test:18,1,faceswap,webp50,0.7637226581573486,0.7637226581573486,1
trimoe,three_domain_moe,337,faceswap_faces_c23/190_176,ffpp_test:18,1,faceswap,webp50,0.5069071054458618,0.5069071054458618,0
trimoe,three_domain_moe,338,neuraltextures_faces_c23/176_190,ffpp_test:18,1,neuraltextures,webp50,0.2583457827568054,0.2583457827568054,0
trimoe,three_domain_moe,339,neuraltextures_faces_c23/190_176,ffpp_test:18,1,neuraltextures,webp50,0.4371586740016937,0.4371586740016937,0
trimoe,three_domain_moe,340,original_faces_c23/380,ffpp_test:29,0,real,webp50,0.49505680799484253,0.49505680799484253,0
trimoe,three_domain_moe,341,original_faces_c23/358,ffpp_test:29,0,real,webp50,0.4941563606262207,0.4941563606262207,0
trimoe,three_domain_moe,342,deepfakes_faces_c23/380_358,ffpp_test:29,1,deepfakes,webp50,0.49403855204582214,0.49403855204582214,0
trimoe,three_domain_moe,343,deepfakes_faces_c23/358_380,ffpp_test:29,1,deepfakes,webp50,0.49860426783561707,0.49860426783561707,0
trimoe,three_domain_moe,344,face2face_faces_c23/380_358,ffpp_test:29,1,face2face,webp50,0.4952865540981293,0.4952865540981293,0
trimoe,three_domain_moe,345,face2face_faces_c23/358_380,ffpp_test:29,1,face2face,webp50,0.49676764011383057,0.49676764011383057,0
trimoe,three_domain_moe,346,faceswap_faces_c23/380_358,ffpp_test:29,1,faceswap,webp50,0.4952406883239746,0.4952406883239746,0
trimoe,three_domain_moe,347,faceswap_faces_c23/358_380,ffpp_test:29,1,faceswap,webp50,0.4930442273616791,0.4930442273616791,0
trimoe,three_domain_moe,348,neuraltextures_faces_c23/380_358,ffpp_test:29,1,neuraltextures,webp50,0.5000591278076172,0.5000591278076172,0
trimoe,three_domain_moe,349,neuraltextures_faces_c23/358_380,ffpp_test:29,1,neuraltextures,webp50,0.49254506826400757,0.49254506826400757,0
trimoe,three_domain_moe,350,original_faces_c23/214,ffpp_test:19,0,real,webp50,0.4193424582481384,0.4193424582481384,1
trimoe,three_domain_moe,351,original_faces_c23/255,ffpp_test:19,0,real,webp50,0.16804103553295135,0.16804103553295135,0
trimoe,three_domain_moe,352,deepfakes_faces_c23/214_255,ffpp_test:19,1,deepfakes,webp50,0.4651925563812256,0.4651925563812256,1
trimoe,three_domain_moe,353,deepfakes_faces_c23/255_214,ffpp_test:19,1,deepfakes,webp50,0.48151636123657227,0.48151636123657227,0
trimoe,three_domain_moe,354,face2face_faces_c23/214_255,ffpp_test:19,1,face2face,webp50,0.40620970726013184,0.40620970726013184,1
trimoe,three_domain_moe,355,face2face_faces_c23/255_214,ffpp_test:19,1,face2face,webp50,0.16876238584518433,0.16876238584518433,0
trimoe,three_domain_moe,356,faceswap_faces_c23/214_255,ffpp_test:19,1,faceswap,webp50,0.46981319785118103,0.46981319785118103,1
trimoe,three_domain_moe,357,faceswap_faces_c23/255_214,ffpp_test:19,1,faceswap,webp50,0.19483640789985657,0.19483640789985657,0
trimoe,three_domain_moe,358,neuraltextures_faces_c23/214_255,ffpp_test:19,1,neuraltextures,webp50,0.3874075412750244,0.3874075412750244,1
trimoe,three_domain_moe,359,neuraltextures_faces_c23/255_214,ffpp_test:19,1,neuraltextures,webp50,0.18775276839733124,0.18775276839733124,0
trimoe,three_domain_moe,360,original_faces_c23/454,ffpp_test:42,0,real,webp50,0.7777681350708008,0.7777681350708008,1
trimoe,three_domain_moe,361,original_faces_c23/527,ffpp_test:42,0,real,webp50,0.48985856771469116,0.48985856771469116,1
trimoe,three_domain_moe,362,deepfakes_faces_c23/454_527,ffpp_test:42,1,deepfakes,webp50,0.8216480016708374,0.8216480016708374,1
trimoe,three_domain_moe,363,deepfakes_faces_c23/527_454,ffpp_test:42,1,deepfakes,webp50,0.7598731517791748,0.7598731517791748,1
trimoe,three_domain_moe,364,face2face_faces_c23/454_527,ffpp_test:42,1,face2face,webp50,0.7779375910758972,0.7779375910758972,1
trimoe,three_domain_moe,365,face2face_faces_c23/527_454,ffpp_test:42,1,face2face,webp50,0.510717511177063,0.510717511177063,1
trimoe,three_domain_moe,366,faceswap_faces_c23/454_527,ffpp_test:42,1,faceswap,webp50,0.7731091380119324,0.7731091380119324,1
trimoe,three_domain_moe,367,faceswap_faces_c23/527_454,ffpp_test:42,1,faceswap,webp50,0.8052095174789429,0.8052095174789429,1
trimoe,three_domain_moe,368,neuraltextures_faces_c23/454_527,ffpp_test:42,1,neuraltextures,webp50,0.8147043585777283,0.8147043585777283,1
trimoe,three_domain_moe,369,neuraltextures_faces_c23/527_454,ffpp_test:42,1,neuraltextures,webp50,0.49354690313339233,0.49354690313339233,0
trimoe,three_domain_moe,370,original_faces_c23/425,ffpp_test:39,0,real,webp50,0.44809144735336304,0.44809144735336304,0
trimoe,three_domain_moe,371,original_faces_c23/485,ffpp_test:39,0,real,webp50,0.4180547595024109,0.4180547595024109,0
trimoe,three_domain_moe,372,deepfakes_faces_c23/425_485,ffpp_test:39,1,deepfakes,webp50,0.7848600149154663,0.7848600149154663,1
trimoe,three_domain_moe,373,deepfakes_faces_c23/485_425,ffpp_test:39,1,deepfakes,webp50,0.3754754066467285,0.3754754066467285,0
trimoe,three_domain_moe,374,face2face_faces_c23/425_485,ffpp_test:39,1,face2face,webp50,0.6177429556846619,0.6177429556846619,0
trimoe,three_domain_moe,375,face2face_faces_c23/485_425,ffpp_test:39,1,face2face,webp50,0.47192415595054626,0.47192415595054626,0
trimoe,three_domain_moe,376,faceswap_faces_c23/425_485,ffpp_test:39,1,faceswap,webp50,0.7760075926780701,0.7760075926780701,1
trimoe,three_domain_moe,377,faceswap_faces_c23/485_425,ffpp_test:39,1,faceswap,webp50,0.6817264556884766,0.6817264556884766,1
trimoe,three_domain_moe,378,neuraltextures_faces_c23/425_485,ffpp_test:39,1,neuraltextures,webp50,0.3762742877006531,0.3762742877006531,0
trimoe,three_domain_moe,379,neuraltextures_faces_c23/485_425,ffpp_test:39,1,neuraltextures,webp50,0.6769139766693115,0.6769139766693115,1
trimoe,three_domain_moe,380,original_faces_c23/388,ffpp_test:26,0,real,webp50,0.47215932607650757,0.47215932607650757,1
trimoe,three_domain_moe,381,original_faces_c23/308,ffpp_test:26,0,real,webp50,0.34822940826416016,0.34822940826416016,0
trimoe,three_domain_moe,382,deepfakes_faces_c23/388_308,ffpp_test:26,1,deepfakes,webp50,0.4558236598968506,0.4558236598968506,1
trimoe,three_domain_moe,383,deepfakes_faces_c23/308_388,ffpp_test:26,1,deepfakes,webp50,0.4063081741333008,0.4063081741333008,0
trimoe,three_domain_moe,384,face2face_faces_c23/388_308,ffpp_test:26,1,face2face,webp50,0.3963638246059418,0.3963638246059418,1
trimoe,three_domain_moe,385,face2face_faces_c23/308_388,ffpp_test:26,1,face2face,webp50,0.7551300525665283,0.7551300525665283,1
trimoe,three_domain_moe,386,faceswap_faces_c23/388_308,ffpp_test:26,1,faceswap,webp50,0.8044462203979492,0.8044462203979492,1
trimoe,three_domain_moe,387,faceswap_faces_c23/308_388,ffpp_test:26,1,faceswap,webp50,0.7816935777664185,0.7816935777664185,1
trimoe,three_domain_moe,388,neuraltextures_faces_c23/388_308,ffpp_test:26,1,neuraltextures,webp50,0.47735488414764404,0.47735488414764404,1
trimoe,three_domain_moe,389,neuraltextures_faces_c23/308_388,ffpp_test:26,1,neuraltextures,webp50,0.484097421169281,0.484097421169281,0
trimoe,three_domain_moe,390,original_faces_c23/384,ffpp_test:32,0,real,webp50,0.49059736728668213,0.49059736728668213,0
trimoe,three_domain_moe,391,original_faces_c23/932,ffpp_test:32,0,real,webp50,0.5040954947471619,0.5040954947471619,1
trimoe,three_domain_moe,392,deepfakes_faces_c23/384_932,ffpp_test:32,1,deepfakes,webp50,0.8165847063064575,0.8165847063064575,1
trimoe,three_domain_moe,393,deepfakes_faces_c23/932_384,ffpp_test:32,1,deepfakes,webp50,0.2714115381240845,0.2714115381240845,0
trimoe,three_domain_moe,394,face2face_faces_c23/384_932,ffpp_test:32,1,face2face,webp50,0.5099055767059326,0.5099055767059326,0
trimoe,three_domain_moe,395,face2face_faces_c23/932_384,ffpp_test:32,1,face2face,webp50,0.5473226308822632,0.5473226308822632,1
trimoe,three_domain_moe,396,faceswap_faces_c23/384_932,ffpp_test:32,1,faceswap,webp50,0.5016647577285767,0.5016647577285767,0
trimoe,three_domain_moe,397,faceswap_faces_c23/932_384,ffpp_test:32,1,faceswap,webp50,0.5866665244102478,0.5866665244102478,1
trimoe,three_domain_moe,398,neuraltextures_faces_c23/384_932,ffpp_test:32,1,neuraltextures,webp50,0.49836039543151855,0.49836039543151855,0
trimoe,three_domain_moe,399,neuraltextures_faces_c23/932_384,ffpp_test:32,1,neuraltextures,webp50,0.49906739592552185,0.49906739592552185,1
trimoe,three_domain_moe,400,original_faces_c23/035,ffpp_test:5,0,real,webp50,0.4889369010925293,0.4889369010925293,0
trimoe,three_domain_moe,401,original_faces_c23/036,ffpp_test:5,0,real,webp50,0.422290176153183,0.422290176153183,0
trimoe,three_domain_moe,402,deepfakes_faces_c23/035_036,ffpp_test:5,1,deepfakes,webp50,0.4959976077079773,0.4959976077079773,0
trimoe,three_domain_moe,403,deepfakes_faces_c23/036_035,ffpp_test:5,1,deepfakes,webp50,0.4560568332672119,0.4560568332672119,0
trimoe,three_domain_moe,404,face2face_faces_c23/035_036,ffpp_test:5,1,face2face,webp50,0.49265992641448975,0.49265992641448975,0
trimoe,three_domain_moe,405,face2face_faces_c23/036_035,ffpp_test:5,1,face2face,webp50,0.3754578232765198,0.3754578232765198,0
trimoe,three_domain_moe,406,faceswap_faces_c23/035_036,ffpp_test:5,1,faceswap,webp50,0.46874678134918213,0.46874678134918213,0
trimoe,three_domain_moe,407,faceswap_faces_c23/036_035,ffpp_test:5,1,faceswap,webp50,0.7285448312759399,0.7285448312759399,1
trimoe,three_domain_moe,408,neuraltextures_faces_c23/035_036,ffpp_test:5,1,neuraltextures,webp50,0.4971010684967041,0.4971010684967041,0
trimoe,three_domain_moe,409,neuraltextures_faces_c23/036_035,ffpp_test:5,1,neuraltextures,webp50,0.3394831418991089,0.3394831418991089,0
trimoe,three_domain_moe,410,original_faces_c23/257,ffpp_test:23,0,real,webp50,0.7570033073425293,0.7570033073425293,1
trimoe,three_domain_moe,411,original_faces_c23/420,ffpp_test:23,0,real,webp50,0.4685058295726776,0.4685058295726776,0
trimoe,three_domain_moe,412,deepfakes_faces_c23/257_420,ffpp_test:23,1,deepfakes,webp50,0.4667221009731293,0.4667221009731293,0
trimoe,three_domain_moe,413,deepfakes_faces_c23/420_257,ffpp_test:23,1,deepfakes,webp50,0.5254417657852173,0.5254417657852173,0
trimoe,three_domain_moe,414,face2face_faces_c23/257_420,ffpp_test:23,1,face2face,webp50,0.7951883673667908,0.7951883673667908,1
trimoe,three_domain_moe,415,face2face_faces_c23/420_257,ffpp_test:23,1,face2face,webp50,0.3353745937347412,0.3353745937347412,0
trimoe,three_domain_moe,416,faceswap_faces_c23/257_420,ffpp_test:23,1,faceswap,webp50,0.7673236727714539,0.7673236727714539,1
trimoe,three_domain_moe,417,faceswap_faces_c23/420_257,ffpp_test:23,1,faceswap,webp50,0.4629276990890503,0.4629276990890503,0
trimoe,three_domain_moe,418,neuraltextures_faces_c23/257_420,ffpp_test:23,1,neuraltextures,webp50,0.7995649576187134,0.7995649576187134,1
trimoe,three_domain_moe,419,neuraltextures_faces_c23/420_257,ffpp_test:23,1,neuraltextures,webp50,0.315745085477829,0.315745085477829,0
trimoe,three_domain_moe,420,original_faces_c23/924,ffpp_test:67,0,real,webp50,0.40508756041526794,0.40508756041526794,1
trimoe,three_domain_moe,421,original_faces_c23/917,ffpp_test:67,0,real,webp50,0.49500879645347595,0.49500879645347595,1
trimoe,three_domain_moe,422,deepfakes_faces_c23/924_917,ffpp_test:67,1,deepfakes,webp50,0.42635807394981384,0.42635807394981384,1
trimoe,three_domain_moe,423,deepfakes_faces_c23/917_924,ffpp_test:67,1,deepfakes,webp50,0.5293272733688354,0.5293272733688354,1
trimoe,three_domain_moe,424,face2face_faces_c23/924_917,ffpp_test:67,1,face2face,webp50,0.8028239607810974,0.8028239607810974,1
trimoe,three_domain_moe,425,face2face_faces_c23/917_924,ffpp_test:67,1,face2face,webp50,0.4926944673061371,0.4926944673061371,1
trimoe,three_domain_moe,426,faceswap_faces_c23/924_917,ffpp_test:67,1,faceswap,webp50,0.7812962532043457,0.7812962532043457,1
trimoe,three_domain_moe,427,faceswap_faces_c23/917_924,ffpp_test:67,1,faceswap,webp50,0.8215784430503845,0.8215784430503845,1
trimoe,three_domain_moe,428,neuraltextures_faces_c23/924_917,ffpp_test:67,1,neuraltextures,webp50,0.7037212252616882,0.7037212252616882,1
trimoe,three_domain_moe,429,neuraltextures_faces_c23/917_924,ffpp_test:67,1,neuraltextures,webp50,0.5206023454666138,0.5206023454666138,1
trimoe,three_domain_moe,430,original_faces_c23/114,ffpp_test:9,0,real,webp50,0.4837048053741455,0.4837048053741455,1
trimoe,three_domain_moe,431,original_faces_c23/102,ffpp_test:9,0,real,webp50,0.18155992031097412,0.18155992031097412,0
trimoe,three_domain_moe,432,deepfakes_faces_c23/114_102,ffpp_test:9,1,deepfakes,webp50,0.47784268856048584,0.47784268856048584,0
trimoe,three_domain_moe,433,deepfakes_faces_c23/102_114,ffpp_test:9,1,deepfakes,webp50,0.47933071851730347,0.47933071851730347,0
trimoe,three_domain_moe,434,face2face_faces_c23/114_102,ffpp_test:9,1,face2face,webp50,0.497030109167099,0.497030109167099,1
trimoe,three_domain_moe,435,face2face_faces_c23/102_114,ffpp_test:9,1,face2face,webp50,0.478412002325058,0.478412002325058,0
trimoe,three_domain_moe,436,faceswap_faces_c23/114_102,ffpp_test:9,1,faceswap,webp50,0.8151665925979614,0.8151665925979614,1
trimoe,three_domain_moe,437,faceswap_faces_c23/102_114,ffpp_test:9,1,faceswap,webp50,0.4549062252044678,0.4549062252044678,0
trimoe,three_domain_moe,438,neuraltextures_faces_c23/114_102,ffpp_test:9,1,neuraltextures,webp50,0.4899001717567444,0.4899001717567444,1
trimoe,three_domain_moe,439,neuraltextures_faces_c23/102_114,ffpp_test:9,1,neuraltextures,webp50,0.4950946271419525,0.4950946271419525,0
trimoe,three_domain_moe,440,original_faces_c23/732,ffpp_test:56,0,real,webp50,0.4475488066673279,0.4475488066673279,0
trimoe,three_domain_moe,441,original_faces_c23/691,ffpp_test:56,0,real,webp50,0.3951508402824402,0.3951508402824402,1
trimoe,three_domain_moe,442,deepfakes_faces_c23/732_691,ffpp_test:56,1,deepfakes,webp50,0.4824562966823578,0.4824562966823578,0
trimoe,three_domain_moe,443,deepfakes_faces_c23/691_732,ffpp_test:56,1,deepfakes,webp50,0.8194377422332764,0.8194377422332764,1
trimoe,three_domain_moe,444,face2face_faces_c23/732_691,ffpp_test:56,1,face2face,webp50,0.41436249017715454,0.41436249017715454,0
trimoe,three_domain_moe,445,face2face_faces_c23/691_732,ffpp_test:56,1,face2face,webp50,0.5029183030128479,0.5029183030128479,1
trimoe,three_domain_moe,446,faceswap_faces_c23/732_691,ffpp_test:56,1,faceswap,webp50,0.34334588050842285,0.34334588050842285,0
trimoe,three_domain_moe,447,faceswap_faces_c23/691_732,ffpp_test:56,1,faceswap,webp50,0.47746968269348145,0.47746968269348145,1
trimoe,three_domain_moe,448,neuraltextures_faces_c23/732_691,ffpp_test:56,1,neuraltextures,webp50,0.3948450982570648,0.3948450982570648,0
trimoe,three_domain_moe,449,neuraltextures_faces_c23/691_732,ffpp_test:56,1,neuraltextures,webp50,0.49620264768600464,0.49620264768600464,1
trimoe,three_domain_moe,450,original_faces_c23/550,ffpp_test:41,0,real,webp50,0.4435803294181824,0.4435803294181824,0
trimoe,three_domain_moe,451,original_faces_c23/452,ffpp_test:41,0,real,webp50,0.3521404266357422,0.3521404266357422,0
trimoe,three_domain_moe,452,deepfakes_faces_c23/550_452,ffpp_test:41,1,deepfakes,webp50,0.7441555857658386,0.7441555857658386,1
trimoe,three_domain_moe,453,deepfakes_faces_c23/452_550,ffpp_test:41,1,deepfakes,webp50,0.4305574595928192,0.4305574595928192,0
trimoe,three_domain_moe,454,face2face_faces_c23/550_452,ffpp_test:41,1,face2face,webp50,0.4956345558166504,0.4956345558166504,0
trimoe,three_domain_moe,455,face2face_faces_c23/452_550,ffpp_test:41,1,face2face,webp50,0.43669700622558594,0.43669700622558594,0
trimoe,three_domain_moe,456,faceswap_faces_c23/550_452,ffpp_test:41,1,faceswap,webp50,0.4087713956832886,0.4087713956832886,0
trimoe,three_domain_moe,457,faceswap_faces_c23/452_550,ffpp_test:41,1,faceswap,webp50,0.35884833335876465,0.35884833335876465,0
trimoe,three_domain_moe,458,neuraltextures_faces_c23/550_452,ffpp_test:41,1,neuraltextures,webp50,0.46849310398101807,0.46849310398101807,0
trimoe,three_domain_moe,459,neuraltextures_faces_c23/452_550,ffpp_test:41,1,neuraltextures,webp50,0.47295820713043213,0.47295820713043213,0
trimoe,three_domain_moe,460,original_faces_c23/280,ffpp_test:22,0,real,webp50,0.48707836866378784,0.48707836866378784,1
trimoe,three_domain_moe,461,original_faces_c23/249,ffpp_test:22,0,real,webp50,0.46754372119903564,0.46754372119903564,0
trimoe,three_domain_moe,462,deepfakes_faces_c23/280_249,ffpp_test:22,1,deepfakes,webp50,0.4576070308685303,0.4576070308685303,1
trimoe,three_domain_moe,463,deepfakes_faces_c23/249_280,ffpp_test:22,1,deepfakes,webp50,0.48889264464378357,0.48889264464378357,0
trimoe,three_domain_moe,464,face2face_faces_c23/280_249,ffpp_test:22,1,face2face,webp50,0.49168992042541504,0.49168992042541504,1
trimoe,three_domain_moe,465,face2face_faces_c23/249_280,ffpp_test:22,1,face2face,webp50,0.4863680303096771,0.4863680303096771,0
trimoe,three_domain_moe,466,faceswap_faces_c23/280_249,ffpp_test:22,1,faceswap,webp50,0.7102253437042236,0.7102253437042236,1
trimoe,three_domain_moe,467,faceswap_faces_c23/249_280,ffpp_test:22,1,faceswap,webp50,0.4849197268486023,0.4849197268486023,0
trimoe,three_domain_moe,468,neuraltextures_faces_c23/280_249,ffpp_test:22,1,neuraltextures,webp50,0.49506330490112305,0.49506330490112305,1
trimoe,three_domain_moe,469,neuraltextures_faces_c23/249_280,ffpp_test:22,1,neuraltextures,webp50,0.45196038484573364,0.45196038484573364,0
trimoe,three_domain_moe,470,original_faces_c23/842,ffpp_test:58,0,real,webp50,0.2557615637779236,0.2557615637779236,0
trimoe,three_domain_moe,471,original_faces_c23/714,ffpp_test:58,0,real,webp50,0.1688241958618164,0.1688241958618164,0
trimoe,three_domain_moe,472,deepfakes_faces_c23/842_714,ffpp_test:58,1,deepfakes,webp50,0.63898766040802,0.63898766040802,0
trimoe,three_domain_moe,473,deepfakes_faces_c23/714_842,ffpp_test:58,1,deepfakes,webp50,0.46680331230163574,0.46680331230163574,0
trimoe,three_domain_moe,474,face2face_faces_c23/842_714,ffpp_test:58,1,face2face,webp50,0.5465837717056274,0.5465837717056274,0
trimoe,three_domain_moe,475,face2face_faces_c23/714_842,ffpp_test:58,1,face2face,webp50,0.5515468120574951,0.5515468120574951,0
trimoe,three_domain_moe,476,faceswap_faces_c23/842_714,ffpp_test:58,1,faceswap,webp50,0.6008533835411072,0.6008533835411072,0
trimoe,three_domain_moe,477,faceswap_faces_c23/714_842,ffpp_test:58,1,faceswap,webp50,0.4995235204696655,0.4995235204696655,0
trimoe,three_domain_moe,478,neuraltextures_faces_c23/842_714,ffpp_test:58,1,neuraltextures,webp50,0.284209668636322,0.284209668636322,0
trimoe,three_domain_moe,479,neuraltextures_faces_c23/714_842,ffpp_test:58,1,neuraltextures,webp50,0.4993543326854706,0.4993543326854706,0
trimoe,three_domain_moe,480,original_faces_c23/625,ffpp_test:52,0,real,webp50,0.38795405626296997,0.38795405626296997,0
trimoe,three_domain_moe,481,original_faces_c23/650,ffpp_test:52,0,real,webp50,0.4638160169124603,0.4638160169124603,0
trimoe,three_domain_moe,482,deepfakes_faces_c23/625_650,ffpp_test:52,1,deepfakes,webp50,0.49837803840637207,0.49837803840637207,0
trimoe,three_domain_moe,483,deepfakes_faces_c23/650_625,ffpp_test:52,1,deepfakes,webp50,0.47961723804473877,0.47961723804473877,0
trimoe,three_domain_moe,484,face2face_faces_c23/625_650,ffpp_test:52,1,face2face,webp50,0.5174612998962402,0.5174612998962402,0
trimoe,three_domain_moe,485,face2face_faces_c23/650_625,ffpp_test:52,1,face2face,webp50,0.8018956184387207,0.8018956184387207,1
trimoe,three_domain_moe,486,faceswap_faces_c23/625_650,ffpp_test:52,1,faceswap,webp50,0.8275320529937744,0.8275320529937744,1
trimoe,three_domain_moe,487,faceswap_faces_c23/650_625,ffpp_test:52,1,faceswap,webp50,0.7981635332107544,0.7981635332107544,1
trimoe,three_domain_moe,488,neuraltextures_faces_c23/625_650,ffpp_test:52,1,neuraltextures,webp50,0.49539482593536377,0.49539482593536377,0
trimoe,three_domain_moe,489,neuraltextures_faces_c23/650_625,ffpp_test:52,1,neuraltextures,webp50,0.5079068541526794,0.5079068541526794,0
trimoe,three_domain_moe,490,original_faces_c23/024,ffpp_test:3,0,real,webp50,0.30503493547439575,0.30503493547439575,0
trimoe,three_domain_moe,491,original_faces_c23/073,ffpp_test:3,0,real,webp50,0.45927414298057556,0.45927414298057556,0
trimoe,three_domain_moe,492,deepfakes_faces_c23/024_073,ffpp_test:3,1,deepfakes,webp50,0.49158328771591187,0.49158328771591187,0
trimoe,three_domain_moe,493,deepfakes_faces_c23/073_024,ffpp_test:3,1,deepfakes,webp50,0.5000773668289185,0.5000773668289185,0
trimoe,three_domain_moe,494,face2face_faces_c23/024_073,ffpp_test:3,1,face2face,webp50,0.4844575524330139,0.4844575524330139,0
trimoe,three_domain_moe,495,face2face_faces_c23/073_024,ffpp_test:3,1,face2face,webp50,0.483400821685791,0.483400821685791,0
trimoe,three_domain_moe,496,faceswap_faces_c23/024_073,ffpp_test:3,1,faceswap,webp50,0.7903321981430054,0.7903321981430054,1
trimoe,three_domain_moe,497,faceswap_faces_c23/073_024,ffpp_test:3,1,faceswap,webp50,0.46273308992385864,0.46273308992385864,0
trimoe,three_domain_moe,498,neuraltextures_faces_c23/024_073,ffpp_test:3,1,neuraltextures,webp50,0.5233184099197388,0.5233184099197388,0
trimoe,three_domain_moe,499,neuraltextures_faces_c23/073_024,ffpp_test:3,1,neuraltextures,webp50,0.4256666600704193,0.4256666600704193,0
trimoe,three_domain_moe,500,original_faces_c23/044,ffpp_test:6,0,real,webp50,0.4533829391002655,0.4533829391002655,0
trimoe,three_domain_moe,501,original_faces_c23/945,ffpp_test:6,0,real,webp50,0.565489649772644,0.565489649772644,1
trimoe,three_domain_moe,502,deepfakes_faces_c23/044_945,ffpp_test:6,1,deepfakes,webp50,0.8039959669113159,0.8039959669113159,1
trimoe,three_domain_moe,503,deepfakes_faces_c23/945_044,ffpp_test:6,1,deepfakes,webp50,0.6275147199630737,0.6275147199630737,1
trimoe,three_domain_moe,504,face2face_faces_c23/044_945,ffpp_test:6,1,face2face,webp50,0.70097815990448,0.70097815990448,1
trimoe,three_domain_moe,505,face2face_faces_c23/945_044,ffpp_test:6,1,face2face,webp50,0.4854513108730316,0.4854513108730316,1
trimoe,three_domain_moe,506,faceswap_faces_c23/044_945,ffpp_test:6,1,faceswap,webp50,0.8262196779251099,0.8262196779251099,1
trimoe,three_domain_moe,507,faceswap_faces_c23/945_044,ffpp_test:6,1,faceswap,webp50,0.5358121395111084,0.5358121395111084,1
trimoe,three_domain_moe,508,neuraltextures_faces_c23/044_945,ffpp_test:6,1,neuraltextures,webp50,0.3873814046382904,0.3873814046382904,0
trimoe,three_domain_moe,509,neuraltextures_faces_c23/945_044,ffpp_test:6,1,neuraltextures,webp50,0.6490331888198853,0.6490331888198853,1
trimoe,three_domain_moe,510,original_faces_c23/896,ffpp_test:10,0,real,webp50,0.4995580315589905,0.4995580315589905,1
trimoe,three_domain_moe,511,original_faces_c23/128,ffpp_test:10,0,real,webp50,0.39513668417930603,0.39513668417930603,0
trimoe,three_domain_moe,512,deepfakes_faces_c23/896_128,ffpp_test:10,1,deepfakes,webp50,0.4997994303703308,0.4997994303703308,1
trimoe,three_domain_moe,513,deepfakes_faces_c23/128_896,ffpp_test:10,1,deepfakes,webp50,0.48943281173706055,0.48943281173706055,0
trimoe,three_domain_moe,514,face2face_faces_c23/896_128,ffpp_test:10,1,face2face,webp50,0.47797149419784546,0.47797149419784546,1
trimoe,three_domain_moe,515,face2face_faces_c23/128_896,ffpp_test:10,1,face2face,webp50,0.49236831068992615,0.49236831068992615,0
trimoe,three_domain_moe,516,faceswap_faces_c23/896_128,ffpp_test:10,1,faceswap,webp50,0.5037693381309509,0.5037693381309509,1
trimoe,three_domain_moe,517,faceswap_faces_c23/128_896,ffpp_test:10,1,faceswap,webp50,0.48001664876937866,0.48001664876937866,0
trimoe,three_domain_moe,518,neuraltextures_faces_c23/896_128,ffpp_test:10,1,neuraltextures,webp50,0.4924594759941101,0.4924594759941101,1
trimoe,three_domain_moe,519,neuraltextures_faces_c23/128_896,ffpp_test:10,1,neuraltextures,webp50,0.46579551696777344,0.46579551696777344,0
trimoe,three_domain_moe,520,original_faces_c23/862,ffpp_test:7,0,real,webp50,0.4190523624420166,0.4190523624420166,0
trimoe,three_domain_moe,521,original_faces_c23/047,ffpp_test:7,0,real,webp50,0.39526915550231934,0.39526915550231934,0
trimoe,three_domain_moe,522,deepfakes_faces_c23/862_047,ffpp_test:7,1,deepfakes,webp50,0.7949126958847046,0.7949126958847046,1
trimoe,three_domain_moe,523,deepfakes_faces_c23/047_862,ffpp_test:7,1,deepfakes,webp50,0.4699479937553406,0.4699479937553406,0
trimoe,three_domain_moe,524,face2face_faces_c23/862_047,ffpp_test:7,1,face2face,webp50,0.48971670866012573,0.48971670866012573,1
trimoe,three_domain_moe,525,face2face_faces_c23/047_862,ffpp_test:7,1,face2face,webp50,0.7020174860954285,0.7020174860954285,1
trimoe,three_domain_moe,526,faceswap_faces_c23/862_047,ffpp_test:7,1,faceswap,webp50,0.3965815305709839,0.3965815305709839,1
trimoe,three_domain_moe,527,faceswap_faces_c23/047_862,ffpp_test:7,1,faceswap,webp50,0.7643147706985474,0.7643147706985474,1
trimoe,three_domain_moe,528,neuraltextures_faces_c23/862_047,ffpp_test:7,1,neuraltextures,webp50,0.4622710347175598,0.4622710347175598,1
trimoe,three_domain_moe,529,neuraltextures_faces_c23/047_862,ffpp_test:7,1,neuraltextures,webp50,0.412192702293396,0.412192702293396,0
trimoe,three_domain_moe,530,original_faces_c23/607,ffpp_test:49,0,real,webp50,0.41390013694763184,0.41390013694763184,1
trimoe,three_domain_moe,531,original_faces_c23/683,ffpp_test:49,0,real,webp50,0.4494647979736328,0.4494647979736328,0
trimoe,three_domain_moe,532,deepfakes_faces_c23/607_683,ffpp_test:49,1,deepfakes,webp50,0.41233837604522705,0.41233837604522705,1
trimoe,three_domain_moe,533,deepfakes_faces_c23/683_607,ffpp_test:49,1,deepfakes,webp50,0.4956161379814148,0.4956161379814148,0
trimoe,three_domain_moe,534,face2face_faces_c23/607_683,ffpp_test:49,1,face2face,webp50,0.42550128698349,0.42550128698349,1
trimoe,three_domain_moe,535,face2face_faces_c23/683_607,ffpp_test:49,1,face2face,webp50,0.4849013686180115,0.4849013686180115,0
trimoe,three_domain_moe,536,faceswap_faces_c23/607_683,ffpp_test:49,1,faceswap,webp50,0.4403989315032959,0.4403989315032959,1
trimoe,three_domain_moe,537,faceswap_faces_c23/683_607,ffpp_test:49,1,faceswap,webp50,0.7809567451477051,0.7809567451477051,1
trimoe,three_domain_moe,538,neuraltextures_faces_c23/607_683,ffpp_test:49,1,neuraltextures,webp50,0.39921098947525024,0.39921098947525024,1
trimoe,three_domain_moe,539,neuraltextures_faces_c23/683_607,ffpp_test:49,1,neuraltextures,webp50,0.24298004806041718,0.24298004806041718,0
trimoe,three_domain_moe,540,original_faces_c23/517,ffpp_test:45,0,real,webp50,0.48116081953048706,0.48116081953048706,0
trimoe,three_domain_moe,541,original_faces_c23/521,ffpp_test:45,0,real,webp50,0.24762777984142303,0.24762777984142303,0
trimoe,three_domain_moe,542,deepfakes_faces_c23/517_521,ffpp_test:45,1,deepfakes,webp50,0.5023319125175476,0.5023319125175476,0
trimoe,three_domain_moe,543,deepfakes_faces_c23/521_517,ffpp_test:45,1,deepfakes,webp50,0.6515238285064697,0.6515238285064697,1
trimoe,three_domain_moe,544,face2face_faces_c23/517_521,ffpp_test:45,1,face2face,webp50,0.5297877192497253,0.5297877192497253,0
trimoe,three_domain_moe,545,face2face_faces_c23/521_517,ffpp_test:45,1,face2face,webp50,0.5059486627578735,0.5059486627578735,0
trimoe,three_domain_moe,546,faceswap_faces_c23/517_521,ffpp_test:45,1,faceswap,webp50,0.7814868688583374,0.7814868688583374,1
trimoe,three_domain_moe,547,faceswap_faces_c23/521_517,ffpp_test:45,1,faceswap,webp50,0.5939543843269348,0.5939543843269348,0
trimoe,three_domain_moe,548,neuraltextures_faces_c23/517_521,ffpp_test:45,1,neuraltextures,webp50,0.4896687865257263,0.4896687865257263,0
trimoe,three_domain_moe,549,neuraltextures_faces_c23/521_517,ffpp_test:45,1,neuraltextures,webp50,0.6345922350883484,0.6345922350883484,0
trimoe,three_domain_moe,550,original_faces_c23/682,ffpp_test:55,0,real,webp50,0.31457602977752686,0.31457602977752686,0
trimoe,three_domain_moe,551,original_faces_c23/669,ffpp_test:55,0,real,webp50,0.484144926071167,0.484144926071167,0
trimoe,three_domain_moe,552,deepfakes_faces_c23/682_669,ffpp_test:55,1,deepfakes,webp50,0.5319315195083618,0.5319315195083618,0
trimoe,three_domain_moe,553,deepfakes_faces_c23/669_682,ffpp_test:55,1,deepfakes,webp50,0.48522788286209106,0.48522788286209106,0
trimoe,three_domain_moe,554,face2face_faces_c23/682_669,ffpp_test:55,1,face2face,webp50,0.8022376894950867,0.8022376894950867,1
trimoe,three_domain_moe,555,face2face_faces_c23/669_682,ffpp_test:55,1,face2face,webp50,0.48076996207237244,0.48076996207237244,0
trimoe,three_domain_moe,556,faceswap_faces_c23/682_669,ffpp_test:55,1,faceswap,webp50,0.40306180715560913,0.40306180715560913,0
trimoe,three_domain_moe,557,faceswap_faces_c23/669_682,ffpp_test:55,1,faceswap,webp50,0.8122867941856384,0.8122867941856384,1
trimoe,three_domain_moe,558,neuraltextures_faces_c23/682_669,ffpp_test:55,1,neuraltextures,webp50,0.5155112743377686,0.5155112743377686,0
trimoe,three_domain_moe,559,neuraltextures_faces_c23/669_682,ffpp_test:55,1,neuraltextures,webp50,0.48865434527397156,0.48865434527397156,0
trimoe,three_domain_moe,560,original_faces_c23/138,ffpp_test:12,0,real,webp50,0.7825652956962585,0.7825652956962585,1
trimoe,three_domain_moe,561,original_faces_c23/142,ffpp_test:12,0,real,webp50,0.44054967164993286,0.44054967164993286,0
trimoe,three_domain_moe,562,deepfakes_faces_c23/138_142,ffpp_test:12,1,deepfakes,webp50,0.5239720344543457,0.5239720344543457,1
trimoe,three_domain_moe,563,deepfakes_faces_c23/142_138,ffpp_test:12,1,deepfakes,webp50,0.6992103457450867,0.6992103457450867,1
trimoe,three_domain_moe,564,face2face_faces_c23/138_142,ffpp_test:12,1,face2face,webp50,0.8139731884002686,0.8139731884002686,1
trimoe,three_domain_moe,565,face2face_faces_c23/142_138,ffpp_test:12,1,face2face,webp50,0.8034327030181885,0.8034327030181885,1
trimoe,three_domain_moe,566,faceswap_faces_c23/138_142,ffpp_test:12,1,faceswap,webp50,0.8308622241020203,0.8308622241020203,1
trimoe,three_domain_moe,567,faceswap_faces_c23/142_138,ffpp_test:12,1,faceswap,webp50,0.6808258295059204,0.6808258295059204,1
trimoe,three_domain_moe,568,neuraltextures_faces_c23/138_142,ffpp_test:12,1,neuraltextures,webp50,0.774022102355957,0.774022102355957,1
trimoe,three_domain_moe,569,neuraltextures_faces_c23/142_138,ffpp_test:12,1,neuraltextures,webp50,0.4915315806865692,0.4915315806865692,0
trimoe,three_domain_moe,570,original_faces_c23/552,ffpp_test:47,0,real,webp50,0.4808856248855591,0.4808856248855591,0
trimoe,three_domain_moe,571,original_faces_c23/851,ffpp_test:47,0,real,webp50,0.6929057836532593,0.6929057836532593,1
trimoe,three_domain_moe,572,deepfakes_faces_c23/552_851,ffpp_test:47,1,deepfakes,webp50,0.8085718154907227,0.8085718154907227,1
trimoe,three_domain_moe,573,deepfakes_faces_c23/851_552,ffpp_test:47,1,deepfakes,webp50,0.30467164516448975,0.30467164516448975,0
trimoe,three_domain_moe,574,face2face_faces_c23/552_851,ffpp_test:47,1,face2face,webp50,0.44799572229385376,0.44799572229385376,0
trimoe,three_domain_moe,575,face2face_faces_c23/851_552,ffpp_test:47,1,face2face,webp50,0.7256603240966797,0.7256603240966797,1
trimoe,three_domain_moe,576,faceswap_faces_c23/552_851,ffpp_test:47,1,faceswap,webp50,0.8116719126701355,0.8116719126701355,1
trimoe,three_domain_moe,577,faceswap_faces_c23/851_552,ffpp_test:47,1,faceswap,webp50,0.6918268203735352,0.6918268203735352,1
trimoe,three_domain_moe,578,neuraltextures_faces_c23/552_851,ffpp_test:47,1,neuraltextures,webp50,0.46211516857147217,0.46211516857147217,0
trimoe,three_domain_moe,579,neuraltextures_faces_c23/851_552,ffpp_test:47,1,neuraltextures,webp50,0.7990612983703613,0.7990612983703613,1
trimoe,three_domain_moe,580,original_faces_c23/376,ffpp_test:31,0,real,webp50,0.3070485293865204,0.3070485293865204,0
trimoe,three_domain_moe,581,original_faces_c23/381,ffpp_test:31,0,real,webp50,0.4127729833126068,0.4127729833126068,1
trimoe,three_domain_moe,582,deepfakes_faces_c23/376_381,ffpp_test:31,1,deepfakes,webp50,0.44515055418014526,0.44515055418014526,0
trimoe,three_domain_moe,583,deepfakes_faces_c23/381_376,ffpp_test:31,1,deepfakes,webp50,0.7680098414421082,0.7680098414421082,1
trimoe,three_domain_moe,584,face2face_faces_c23/376_381,ffpp_test:31,1,face2face,webp50,0.7338735461235046,0.7338735461235046,1
trimoe,three_domain_moe,585,face2face_faces_c23/381_376,ffpp_test:31,1,face2face,webp50,0.6055745482444763,0.6055745482444763,1
trimoe,three_domain_moe,586,faceswap_faces_c23/376_381,ffpp_test:31,1,faceswap,webp50,0.4987332224845886,0.4987332224845886,0
trimoe,three_domain_moe,587,faceswap_faces_c23/381_376,ffpp_test:31,1,faceswap,webp50,0.7293294668197632,0.7293294668197632,1
trimoe,three_domain_moe,588,neuraltextures_faces_c23/376_381,ffpp_test:31,1,neuraltextures,webp50,0.4592742323875427,0.4592742323875427,0
trimoe,three_domain_moe,589,neuraltextures_faces_c23/381_376,ffpp_test:31,1,neuraltextures,webp50,0.45773130655288696,0.45773130655288696,1
trimoe,three_domain_moe,590,original_faces_c23/000,ffpp_test:0,0,real,webp50,0.748016357421875,0.748016357421875,1
trimoe,three_domain_moe,591,original_faces_c23/003,ffpp_test:0,0,real,webp50,0.45254451036453247,0.45254451036453247,0
trimoe,three_domain_moe,592,deepfakes_faces_c23/000_003,ffpp_test:0,1,deepfakes,webp50,0.49631592631340027,0.49631592631340027,1
trimoe,three_domain_moe,593,deepfakes_faces_c23/003_000,ffpp_test:0,1,deepfakes,webp50,0.4430782198905945,0.4430782198905945,0
trimoe,three_domain_moe,594,face2face_faces_c23/000_003,ffpp_test:0,1,face2face,webp50,0.5360575914382935,0.5360575914382935,1
trimoe,three_domain_moe,595,face2face_faces_c23/003_000,ffpp_test:0,1,face2face,webp50,0.5015212297439575,0.5015212297439575,0
trimoe,three_domain_moe,596,faceswap_faces_c23/000_003,ffpp_test:0,1,faceswap,webp50,0.8050795793533325,0.8050795793533325,1
trimoe,three_domain_moe,597,faceswap_faces_c23/003_000,ffpp_test:0,1,faceswap,webp50,0.6853200793266296,0.6853200793266296,1
trimoe,three_domain_moe,598,neuraltextures_faces_c23/000_003,ffpp_test:0,1,neuraltextures,webp50,0.49499768018722534,0.49499768018722534,1
trimoe,three_domain_moe,599,neuraltextures_faces_c23/003_000,ffpp_test:0,1,neuraltextures,webp50,0.43093717098236084,0.43093717098236084,0
trimoe,three_domain_moe,600,original_faces_c23/048,ffpp_test:4,0,real,webp50,0.37747472524642944,0.37747472524642944,1
trimoe,three_domain_moe,601,original_faces_c23/029,ffpp_test:4,0,real,webp50,0.4719657897949219,0.4719657897949219,1
trimoe,three_domain_moe,602,deepfakes_faces_c23/048_029,ffpp_test:4,1,deepfakes,webp50,0.8164849281311035,0.8164849281311035,1
trimoe,three_domain_moe,603,deepfakes_faces_c23/029_048,ffpp_test:4,1,deepfakes,webp50,0.36203712224960327,0.36203712224960327,1
trimoe,three_domain_moe,604,face2face_faces_c23/048_029,ffpp_test:4,1,face2face,webp50,0.35298627614974976,0.35298627614974976,1
trimoe,three_domain_moe,605,face2face_faces_c23/029_048,ffpp_test:4,1,face2face,webp50,0.4799362123012543,0.4799362123012543,1
trimoe,three_domain_moe,606,faceswap_faces_c23/048_029,ffpp_test:4,1,faceswap,webp50,0.7498573064804077,0.7498573064804077,1
trimoe,three_domain_moe,607,faceswap_faces_c23/029_048,ffpp_test:4,1,faceswap,webp50,0.6963980197906494,0.6963980197906494,1
trimoe,three_domain_moe,608,neuraltextures_faces_c23/048_029,ffpp_test:4,1,neuraltextures,webp50,0.4598327577114105,0.4598327577114105,1
trimoe,three_domain_moe,609,neuraltextures_faces_c23/029_048,ffpp_test:4,1,neuraltextures,webp50,0.7552690505981445,0.7552690505981445,1
trimoe,three_domain_moe,610,original_faces_c23/724,ffpp_test:59,0,real,webp50,0.4625365138053894,0.4625365138053894,0
trimoe,three_domain_moe,611,original_faces_c23/725,ffpp_test:59,0,real,webp50,0.2998713254928589,0.2998713254928589,0
trimoe,three_domain_moe,612,deepfakes_faces_c23/724_725,ffpp_test:59,1,deepfakes,webp50,0.47664639353752136,0.47664639353752136,0
trimoe,three_domain_moe,613,deepfakes_faces_c23/725_724,ffpp_test:59,1,deepfakes,webp50,0.4014464318752289,0.4014464318752289,0
trimoe,three_domain_moe,614,face2face_faces_c23/724_725,ffpp_test:59,1,face2face,webp50,0.4878348708152771,0.4878348708152771,0
trimoe,three_domain_moe,615,face2face_faces_c23/725_724,ffpp_test:59,1,face2face,webp50,0.686152458190918,0.686152458190918,1
trimoe,three_domain_moe,616,faceswap_faces_c23/724_725,ffpp_test:59,1,faceswap,webp50,0.8055406808853149,0.8055406808853149,1
trimoe,three_domain_moe,617,faceswap_faces_c23/725_724,ffpp_test:59,1,faceswap,webp50,0.8213450312614441,0.8213450312614441,1
trimoe,three_domain_moe,618,neuraltextures_faces_c23/724_725,ffpp_test:59,1,neuraltextures,webp50,0.4925802946090698,0.4925802946090698,0
trimoe,three_domain_moe,619,neuraltextures_faces_c23/725_724,ffpp_test:59,1,neuraltextures,webp50,0.4902745187282562,0.4902745187282562,1
trimoe,three_domain_moe,620,original_faces_c23/608,ffpp_test:50,0,real,webp50,0.49898260831832886,0.49898260831832886,0
trimoe,three_domain_moe,621,original_faces_c23/675,ffpp_test:50,0,real,webp50,0.19206230342388153,0.19206230342388153,0
trimoe,three_domain_moe,622,deepfakes_faces_c23/608_675,ffpp_test:50,1,deepfakes,webp50,0.5027567148208618,0.5027567148208618,0
trimoe,three_domain_moe,623,deepfakes_faces_c23/675_608,ffpp_test:50,1,deepfakes,webp50,0.5488545894622803,0.5488545894622803,0
trimoe,three_domain_moe,624,face2face_faces_c23/608_675,ffpp_test:50,1,face2face,webp50,0.5219447016716003,0.5219447016716003,0
trimoe,three_domain_moe,625,face2face_faces_c23/675_608,ffpp_test:50,1,face2face,webp50,0.3250226378440857,0.3250226378440857,0
trimoe,three_domain_moe,626,faceswap_faces_c23/608_675,ffpp_test:50,1,faceswap,webp50,0.8008124232292175,0.8008124232292175,1
trimoe,three_domain_moe,627,faceswap_faces_c23/675_608,ffpp_test:50,1,faceswap,webp50,0.6419874429702759,0.6419874429702759,0
trimoe,three_domain_moe,628,neuraltextures_faces_c23/608_675,ffpp_test:50,1,neuraltextures,webp50,0.49703559279441833,0.49703559279441833,0
trimoe,three_domain_moe,629,neuraltextures_faces_c23/675_608,ffpp_test:50,1,neuraltextures,webp50,0.40237197279930115,0.40237197279930115,0
trimoe,three_domain_moe,630,original_faces_c23/386,ffpp_test:14,0,real,webp50,0.2765010893344879,0.2765010893344879,0
trimoe,three_domain_moe,631,original_faces_c23/154,ffpp_test:14,0,real,webp50,0.20935681462287903,0.20935681462287903,0
trimoe,three_domain_moe,632,deepfakes_faces_c23/386_154,ffpp_test:14,1,deepfakes,webp50,0.7940191626548767,0.7940191626548767,1
trimoe,three_domain_moe,633,deepfakes_faces_c23/154_386,ffpp_test:14,1,deepfakes,webp50,0.4099038243293762,0.4099038243293762,0
trimoe,three_domain_moe,634,face2face_faces_c23/386_154,ffpp_test:14,1,face2face,webp50,0.47898873686790466,0.47898873686790466,0
trimoe,three_domain_moe,635,face2face_faces_c23/154_386,ffpp_test:14,1,face2face,webp50,0.5894604325294495,0.5894604325294495,1
trimoe,three_domain_moe,636,faceswap_faces_c23/386_154,ffpp_test:14,1,faceswap,webp50,0.48603150248527527,0.48603150248527527,0
trimoe,three_domain_moe,637,faceswap_faces_c23/154_386,ffpp_test:14,1,faceswap,webp50,0.7014420032501221,0.7014420032501221,1
trimoe,three_domain_moe,638,neuraltextures_faces_c23/386_154,ffpp_test:14,1,neuraltextures,webp50,0.47319865226745605,0.47319865226745605,0
trimoe,three_domain_moe,639,neuraltextures_faces_c23/154_386,ffpp_test:14,1,neuraltextures,webp50,0.3950727880001068,0.3950727880001068,1
trimoe,three_domain_moe,640,original_faces_c23/220,ffpp_test:20,0,real,webp50,0.49350959062576294,0.49350959062576294,1
trimoe,three_domain_moe,641,original_faces_c23/219,ffpp_test:20,0,real,webp50,0.4889417290687561,0.4889417290687561,0
trimoe,three_domain_moe,642,deepfakes_faces_c23/220_219,ffpp_test:20,1,deepfakes,webp50,0.33981558680534363,0.33981558680534363,1
trimoe,three_domain_moe,643,deepfakes_faces_c23/219_220,ffpp_test:20,1,deepfakes,webp50,0.8086375594139099,0.8086375594139099,1
trimoe,three_domain_moe,644,face2face_faces_c23/220_219,ffpp_test:20,1,face2face,webp50,0.8137068748474121,0.8137068748474121,1
trimoe,three_domain_moe,645,face2face_faces_c23/219_220,ffpp_test:20,1,face2face,webp50,0.5291168689727783,0.5291168689727783,0
trimoe,three_domain_moe,646,faceswap_faces_c23/220_219,ffpp_test:20,1,faceswap,webp50,0.8213659524917603,0.8213659524917603,1
trimoe,three_domain_moe,647,faceswap_faces_c23/219_220,ffpp_test:20,1,faceswap,webp50,0.8137392997741699,0.8137392997741699,1
trimoe,three_domain_moe,648,neuraltextures_faces_c23/220_219,ffpp_test:20,1,neuraltextures,webp50,0.6944814920425415,0.6944814920425415,1
trimoe,three_domain_moe,649,neuraltextures_faces_c23/219_220,ffpp_test:20,1,neuraltextures,webp50,0.4991565942764282,0.4991565942764282,0
trimoe,three_domain_moe,650,original_faces_c23/801,ffpp_test:63,0,real,webp50,0.29638105630874634,0.29638105630874634,0
trimoe,three_domain_moe,651,original_faces_c23/855,ffpp_test:63,0,real,webp50,0.4120577275753021,0.4120577275753021,1
trimoe,three_domain_moe,652,deepfakes_faces_c23/801_855,ffpp_test:63,1,deepfakes,webp50,0.8159562945365906,0.8159562945365906,1
trimoe,three_domain_moe,653,deepfakes_faces_c23/855_801,ffpp_test:63,1,deepfakes,webp50,0.49137234687805176,0.49137234687805176,1
trimoe,three_domain_moe,654,face2face_faces_c23/801_855,ffpp_test:63,1,face2face,webp50,0.5349141955375671,0.5349141955375671,1
trimoe,three_domain_moe,655,face2face_faces_c23/855_801,ffpp_test:63,1,face2face,webp50,0.519966721534729,0.519966721534729,0
trimoe,three_domain_moe,656,faceswap_faces_c23/801_855,ffpp_test:63,1,faceswap,webp50,0.5459846258163452,0.5459846258163452,1
trimoe,three_domain_moe,657,faceswap_faces_c23/855_801,ffpp_test:63,1,faceswap,webp50,0.2576279640197754,0.2576279640197754,0
trimoe,three_domain_moe,658,neuraltextures_faces_c23/801_855,ffpp_test:63,1,neuraltextures,webp50,0.4966890513896942,0.4966890513896942,1
trimoe,three_domain_moe,659,neuraltextures_faces_c23/855_801,ffpp_test:63,1,neuraltextures,webp50,0.47552764415740967,0.47552764415740967,0
trimoe,three_domain_moe,660,original_faces_c23/161,ffpp_test:13,0,real,webp50,0.40948352217674255,0.40948352217674255,1
trimoe,three_domain_moe,661,original_faces_c23/141,ffpp_test:13,0,real,webp50,0.4935121536254883,0.4935121536254883,0
trimoe,three_domain_moe,662,deepfakes_faces_c23/161_141,ffpp_test:13,1,deepfakes,webp50,0.4852272868156433,0.4852272868156433,1
trimoe,three_domain_moe,663,deepfakes_faces_c23/141_161,ffpp_test:13,1,deepfakes,webp50,0.4945378005504608,0.4945378005504608,0
trimoe,three_domain_moe,664,face2face_faces_c23/161_141,ffpp_test:13,1,face2face,webp50,0.4177500605583191,0.4177500605583191,1
trimoe,three_domain_moe,665,face2face_faces_c23/141_161,ffpp_test:13,1,face2face,webp50,0.49653977155685425,0.49653977155685425,0
trimoe,three_domain_moe,666,faceswap_faces_c23/161_141,ffpp_test:13,1,faceswap,webp50,0.8079512119293213,0.8079512119293213,1
trimoe,three_domain_moe,667,faceswap_faces_c23/141_161,ffpp_test:13,1,faceswap,webp50,0.774394154548645,0.774394154548645,1
trimoe,three_domain_moe,668,neuraltextures_faces_c23/161_141,ffpp_test:13,1,neuraltextures,webp50,0.45701345801353455,0.45701345801353455,1
trimoe,three_domain_moe,669,neuraltextures_faces_c23/141_161,ffpp_test:13,1,neuraltextures,webp50,0.49531838297843933,0.49531838297843933,0
trimoe,three_domain_moe,670,original_faces_c23/949,ffpp_test:66,0,real,webp50,0.4536896347999573,0.4536896347999573,0
trimoe,three_domain_moe,671,original_faces_c23/868,ffpp_test:66,0,real,webp50,0.4810207486152649,0.4810207486152649,0
trimoe,three_domain_moe,672,deepfakes_faces_c23/949_868,ffpp_test:66,1,deepfakes,webp50,0.4821006953716278,0.4821006953716278,0
trimoe,three_domain_moe,673,deepfakes_faces_c23/868_949,ffpp_test:66,1,deepfakes,webp50,0.4800453186035156,0.4800453186035156,0
trimoe,three_domain_moe,674,face2face_faces_c23/949_868,ffpp_test:66,1,face2face,webp50,0.4930077791213989,0.4930077791213989,0
trimoe,three_domain_moe,675,face2face_faces_c23/868_949,ffpp_test:66,1,face2face,webp50,0.4954831004142761,0.4954831004142761,0
trimoe,three_domain_moe,676,faceswap_faces_c23/949_868,ffpp_test:66,1,faceswap,webp50,0.5002720355987549,0.5002720355987549,0
trimoe,three_domain_moe,677,faceswap_faces_c23/868_949,ffpp_test:66,1,faceswap,webp50,0.41576850414276123,0.41576850414276123,0
trimoe,three_domain_moe,678,neuraltextures_faces_c23/949_868,ffpp_test:66,1,neuraltextures,webp50,0.4575296640396118,0.4575296640396118,0
trimoe,three_domain_moe,679,neuraltextures_faces_c23/868_949,ffpp_test:66,1,neuraltextures,webp50,0.49684882164001465,0.49684882164001465,0
trimoe,three_domain_moe,680,original_faces_c23/880,ffpp_test:11,0,real,webp50,0.5062463283538818,0.5062463283538818,0
trimoe,three_domain_moe,681,original_faces_c23/135,ffpp_test:11,0,real,webp50,0.36545222997665405,0.36545222997665405,1
trimoe,three_domain_moe,682,deepfakes_faces_c23/880_135,ffpp_test:11,1,deepfakes,webp50,0.3365860879421234,0.3365860879421234,0
trimoe,three_domain_moe,683,deepfakes_faces_c23/135_880,ffpp_test:11,1,deepfakes,webp50,0.7990186214447021,0.7990186214447021,1
trimoe,three_domain_moe,684,face2face_faces_c23/880_135,ffpp_test:11,1,face2face,webp50,0.5106106400489807,0.5106106400489807,0
trimoe,three_domain_moe,685,face2face_faces_c23/135_880,ffpp_test:11,1,face2face,webp50,0.47292041778564453,0.47292041778564453,1
trimoe,three_domain_moe,686,faceswap_faces_c23/880_135,ffpp_test:11,1,faceswap,webp50,0.814795970916748,0.814795970916748,1
trimoe,three_domain_moe,687,faceswap_faces_c23/135_880,ffpp_test:11,1,faceswap,webp50,0.7646908164024353,0.7646908164024353,1
trimoe,three_domain_moe,688,neuraltextures_faces_c23/880_135,ffpp_test:11,1,neuraltextures,webp50,0.5024552345275879,0.5024552345275879,0
trimoe,three_domain_moe,689,neuraltextures_faces_c23/135_880,ffpp_test:11,1,neuraltextures,webp50,0.48578542470932007,0.48578542470932007,1
trimoe,three_domain_moe,690,original_faces_c23/429,ffpp_test:35,0,real,webp50,0.4616241455078125,0.4616241455078125,0
trimoe,three_domain_moe,691,original_faces_c23/404,ffpp_test:35,0,real,webp50,0.39437419176101685,0.39437419176101685,1
trimoe,three_domain_moe,692,deepfakes_faces_c23/429_404,ffpp_test:35,1,deepfakes,webp50,0.7865211963653564,0.7865211963653564,1
trimoe,three_domain_moe,693,deepfakes_faces_c23/404_429,ffpp_test:35,1,deepfakes,webp50,0.45998257398605347,0.45998257398605347,1
trimoe,three_domain_moe,694,face2face_faces_c23/429_404,ffpp_test:35,1,face2face,webp50,0.5056976079940796,0.5056976079940796,0
trimoe,three_domain_moe,695,face2face_faces_c23/404_429,ffpp_test:35,1,face2face,webp50,0.7816423177719116,0.7816423177719116,1
trimoe,three_domain_moe,696,faceswap_faces_c23/429_404,ffpp_test:35,1,faceswap,webp50,0.7755640745162964,0.7755640745162964,1
trimoe,three_domain_moe,697,faceswap_faces_c23/404_429,ffpp_test:35,1,faceswap,webp50,0.4198036789894104,0.4198036789894104,0
trimoe,three_domain_moe,698,neuraltextures_faces_c23/429_404,ffpp_test:35,1,neuraltextures,webp50,0.44770950078964233,0.44770950078964233,0
trimoe,three_domain_moe,699,neuraltextures_faces_c23/404_429,ffpp_test:35,1,neuraltextures,webp50,0.4256511926651001,0.4256511926651001,0
trimoe,three_domain_moe,0,original_faces_c23/953,ffpp_test:68,0,real,h264_crf35,0.42894718050956726,0.42894718050956726,0
trimoe,three_domain_moe,1,original_faces_c23/974,ffpp_test:68,0,real,h264_crf35,0.38715583086013794,0.38715583086013794,0
trimoe,three_domain_moe,2,deepfakes_faces_c23/953_974,ffpp_test:68,1,deepfakes,h264_crf35,0.4845307767391205,0.4845307767391205,0
trimoe,three_domain_moe,3,deepfakes_faces_c23/974_953,ffpp_test:68,1,deepfakes,h264_crf35,0.46128398180007935,0.46128398180007935,0
trimoe,three_domain_moe,4,face2face_faces_c23/953_974,ffpp_test:68,1,face2face,h264_crf35,0.7697026133537292,0.7697026133537292,1
trimoe,three_domain_moe,5,face2face_faces_c23/974_953,ffpp_test:68,1,face2face,h264_crf35,0.4643101394176483,0.4643101394176483,0
trimoe,three_domain_moe,6,faceswap_faces_c23/953_974,ffpp_test:68,1,faceswap,h264_crf35,0.6533044576644897,0.6533044576644897,0
trimoe,three_domain_moe,7,faceswap_faces_c23/974_953,ffpp_test:68,1,faceswap,h264_crf35,0.23057571053504944,0.23057571053504944,0
trimoe,three_domain_moe,8,neuraltextures_faces_c23/953_974,ffpp_test:68,1,neuraltextures,h264_crf35,0.7378575205802917,0.7378575205802917,1
trimoe,three_domain_moe,9,neuraltextures_faces_c23/974_953,ffpp_test:68,1,neuraltextures,h264_crf35,0.36810898780822754,0.36810898780822754,0
trimoe,three_domain_moe,10,original_faces_c23/012,ffpp_test:1,0,real,h264_crf35,0.462919682264328,0.462919682264328,1
trimoe,three_domain_moe,11,original_faces_c23/026,ffpp_test:1,0,real,h264_crf35,0.20404407382011414,0.20404407382011414,0
trimoe,three_domain_moe,12,deepfakes_faces_c23/012_026,ffpp_test:1,1,deepfakes,h264_crf35,0.4513236880302429,0.4513236880302429,1
trimoe,three_domain_moe,13,deepfakes_faces_c23/026_012,ffpp_test:1,1,deepfakes,h264_crf35,0.45005059242248535,0.45005059242248535,1
trimoe,three_domain_moe,14,face2face_faces_c23/012_026,ffpp_test:1,1,face2face,h264_crf35,0.4034354090690613,0.4034354090690613,1
trimoe,three_domain_moe,15,face2face_faces_c23/026_012,ffpp_test:1,1,face2face,h264_crf35,0.3977069854736328,0.3977069854736328,1
trimoe,three_domain_moe,16,faceswap_faces_c23/012_026,ffpp_test:1,1,faceswap,h264_crf35,0.4845455586910248,0.4845455586910248,1
trimoe,three_domain_moe,17,faceswap_faces_c23/026_012,ffpp_test:1,1,faceswap,h264_crf35,0.806119441986084,0.806119441986084,1
trimoe,three_domain_moe,18,neuraltextures_faces_c23/012_026,ffpp_test:1,1,neuraltextures,h264_crf35,0.4082765579223633,0.4082765579223633,1
trimoe,three_domain_moe,19,neuraltextures_faces_c23/026_012,ffpp_test:1,1,neuraltextures,h264_crf35,0.718917727470398,0.718917727470398,1
trimoe,three_domain_moe,20,original_faces_c23/078,ffpp_test:8,0,real,h264_crf35,0.8205504417419434,0.8205504417419434,1
trimoe,three_domain_moe,21,original_faces_c23/955,ffpp_test:8,0,real,h264_crf35,0.4495738446712494,0.4495738446712494,1
trimoe,three_domain_moe,22,deepfakes_faces_c23/078_955,ffpp_test:8,1,deepfakes,h264_crf35,0.8203925490379333,0.8203925490379333,1
trimoe,three_domain_moe,23,deepfakes_faces_c23/955_078,ffpp_test:8,1,deepfakes,h264_crf35,0.3105636537075043,0.3105636537075043,0
trimoe,three_domain_moe,24,face2face_faces_c23/078_955,ffpp_test:8,1,face2face,h264_crf35,0.7993302345275879,0.7993302345275879,1
trimoe,three_domain_moe,25,face2face_faces_c23/955_078,ffpp_test:8,1,face2face,h264_crf35,0.5489971041679382,0.5489971041679382,1
trimoe,three_domain_moe,26,faceswap_faces_c23/078_955,ffpp_test:8,1,faceswap,h264_crf35,0.7693641185760498,0.7693641185760498,1
trimoe,three_domain_moe,27,faceswap_faces_c23/955_078,ffpp_test:8,1,faceswap,h264_crf35,0.5988511443138123,0.5988511443138123,1
trimoe,three_domain_moe,28,neuraltextures_faces_c23/078_955,ffpp_test:8,1,neuraltextures,h264_crf35,0.5576090216636658,0.5576090216636658,0
trimoe,three_domain_moe,29,neuraltextures_faces_c23/955_078,ffpp_test:8,1,neuraltextures,h264_crf35,0.5336921811103821,0.5336921811103821,1
trimoe,three_domain_moe,30,original_faces_c23/623,ffpp_test:51,0,real,h264_crf35,0.27963173389434814,0.27963173389434814,0
trimoe,three_domain_moe,31,original_faces_c23/630,ffpp_test:51,0,real,h264_crf35,0.24846971035003662,0.24846971035003662,0
trimoe,three_domain_moe,32,deepfakes_faces_c23/623_630,ffpp_test:51,1,deepfakes,h264_crf35,0.22004103660583496,0.22004103660583496,0
trimoe,three_domain_moe,33,deepfakes_faces_c23/630_623,ffpp_test:51,1,deepfakes,h264_crf35,0.3854001760482788,0.3854001760482788,0
trimoe,three_domain_moe,34,face2face_faces_c23/623_630,ffpp_test:51,1,face2face,h264_crf35,0.7635876536369324,0.7635876536369324,1
trimoe,three_domain_moe,35,face2face_faces_c23/630_623,ffpp_test:51,1,face2face,h264_crf35,0.4816312789916992,0.4816312789916992,0
trimoe,three_domain_moe,36,faceswap_faces_c23/623_630,ffpp_test:51,1,faceswap,h264_crf35,0.31090137362480164,0.31090137362480164,0
trimoe,three_domain_moe,37,faceswap_faces_c23/630_623,ffpp_test:51,1,faceswap,h264_crf35,0.6244890093803406,0.6244890093803406,0
trimoe,three_domain_moe,38,neuraltextures_faces_c23/623_630,ffpp_test:51,1,neuraltextures,h264_crf35,0.40101560950279236,0.40101560950279236,0
trimoe,three_domain_moe,39,neuraltextures_faces_c23/630_623,ffpp_test:51,1,neuraltextures,h264_crf35,0.4600844383239746,0.4600844383239746,0
trimoe,three_domain_moe,40,original_faces_c23/919,ffpp_test:2,0,real,h264_crf35,0.49518880248069763,0.49518880248069763,0
trimoe,three_domain_moe,41,original_faces_c23/015,ffpp_test:2,0,real,h264_crf35,0.4787397086620331,0.4787397086620331,0
trimoe,three_domain_moe,42,deepfakes_faces_c23/919_015,ffpp_test:2,1,deepfakes,h264_crf35,0.4000086188316345,0.4000086188316345,0
trimoe,three_domain_moe,43,deepfakes_faces_c23/015_919,ffpp_test:2,1,deepfakes,h264_crf35,0.48697710037231445,0.48697710037231445,0
trimoe,three_domain_moe,44,face2face_faces_c23/919_015,ffpp_test:2,1,face2face,h264_crf35,0.49969682097435,0.49969682097435,0
trimoe,three_domain_moe,45,face2face_faces_c23/015_919,ffpp_test:2,1,face2face,h264_crf35,0.4732336699962616,0.4732336699962616,0
trimoe,three_domain_moe,46,faceswap_faces_c23/919_015,ffpp_test:2,1,faceswap,h264_crf35,0.4800923466682434,0.4800923466682434,0
trimoe,three_domain_moe,47,faceswap_faces_c23/015_919,ffpp_test:2,1,faceswap,h264_crf35,0.47278594970703125,0.47278594970703125,0
trimoe,three_domain_moe,48,neuraltextures_faces_c23/919_015,ffpp_test:2,1,neuraltextures,h264_crf35,0.5008187294006348,0.5008187294006348,0
trimoe,three_domain_moe,49,neuraltextures_faces_c23/015_919,ffpp_test:2,1,neuraltextures,h264_crf35,0.39222976565361023,0.39222976565361023,0
trimoe,three_domain_moe,50,original_faces_c23/367,ffpp_test:30,0,real,h264_crf35,0.24507193267345428,0.24507193267345428,0
trimoe,three_domain_moe,51,original_faces_c23/371,ffpp_test:30,0,real,h264_crf35,0.6610292792320251,0.6610292792320251,1
trimoe,three_domain_moe,52,deepfakes_faces_c23/367_371,ffpp_test:30,1,deepfakes,h264_crf35,0.3859935700893402,0.3859935700893402,0
trimoe,three_domain_moe,53,deepfakes_faces_c23/371_367,ffpp_test:30,1,deepfakes,h264_crf35,0.7806255221366882,0.7806255221366882,1
trimoe,three_domain_moe,54,face2face_faces_c23/367_371,ffpp_test:30,1,face2face,h264_crf35,0.6492400169372559,0.6492400169372559,0
trimoe,three_domain_moe,55,face2face_faces_c23/371_367,ffpp_test:30,1,face2face,h264_crf35,0.4885702133178711,0.4885702133178711,0
trimoe,three_domain_moe,56,faceswap_faces_c23/367_371,ffpp_test:30,1,faceswap,h264_crf35,0.761064887046814,0.761064887046814,1
trimoe,three_domain_moe,57,faceswap_faces_c23/371_367,ffpp_test:30,1,faceswap,h264_crf35,0.4876331686973572,0.4876331686973572,0
trimoe,three_domain_moe,58,neuraltextures_faces_c23/367_371,ffpp_test:30,1,neuraltextures,h264_crf35,0.7454384565353394,0.7454384565353394,1
trimoe,three_domain_moe,59,neuraltextures_faces_c23/371_367,ffpp_test:30,1,neuraltextures,h264_crf35,0.4803294539451599,0.4803294539451599,0
trimoe,three_domain_moe,60,original_faces_c23/847,ffpp_test:65,0,real,h264_crf35,0.36451229453086853,0.36451229453086853,0
trimoe,three_domain_moe,61,original_faces_c23/906,ffpp_test:65,0,real,h264_crf35,0.45664048194885254,0.45664048194885254,0
trimoe,three_domain_moe,62,deepfakes_faces_c23/847_906,ffpp_test:65,1,deepfakes,h264_crf35,0.43988341093063354,0.43988341093063354,0
trimoe,three_domain_moe,63,deepfakes_faces_c23/906_847,ffpp_test:65,1,deepfakes,h264_crf35,0.49197524785995483,0.49197524785995483,0
trimoe,three_domain_moe,64,face2face_faces_c23/847_906,ffpp_test:65,1,face2face,h264_crf35,0.43982577323913574,0.43982577323913574,0
trimoe,three_domain_moe,65,face2face_faces_c23/906_847,ffpp_test:65,1,face2face,h264_crf35,0.36821120977401733,0.36821120977401733,0
trimoe,three_domain_moe,66,faceswap_faces_c23/847_906,ffpp_test:65,1,faceswap,h264_crf35,0.28622621297836304,0.28622621297836304,0
trimoe,three_domain_moe,67,faceswap_faces_c23/906_847,ffpp_test:65,1,faceswap,h264_crf35,0.5042591094970703,0.5042591094970703,0
trimoe,three_domain_moe,68,neuraltextures_faces_c23/847_906,ffpp_test:65,1,neuraltextures,h264_crf35,0.43380963802337646,0.43380963802337646,0
trimoe,three_domain_moe,69,neuraltextures_faces_c23/906_847,ffpp_test:65,1,neuraltextures,h264_crf35,0.41709837317466736,0.41709837317466736,0
trimoe,three_domain_moe,70,original_faces_c23/529,ffpp_test:46,0,real,h264_crf35,0.19532442092895508,0.19532442092895508,0
trimoe,three_domain_moe,71,original_faces_c23/633,ffpp_test:46,0,real,h264_crf35,0.8013386130332947,0.8013386130332947,1
trimoe,three_domain_moe,72,deepfakes_faces_c23/529_633,ffpp_test:46,1,deepfakes,h264_crf35,0.48042768239974976,0.48042768239974976,0
trimoe,three_domain_moe,73,deepfakes_faces_c23/633_529,ffpp_test:46,1,deepfakes,h264_crf35,0.4670736491680145,0.4670736491680145,0
trimoe,three_domain_moe,74,face2face_faces_c23/529_633,ffpp_test:46,1,face2face,h264_crf35,0.5023258924484253,0.5023258924484253,0
trimoe,three_domain_moe,75,face2face_faces_c23/633_529,ffpp_test:46,1,face2face,h264_crf35,0.4835805892944336,0.4835805892944336,0
trimoe,three_domain_moe,76,faceswap_faces_c23/529_633,ffpp_test:46,1,faceswap,h264_crf35,0.5063900947570801,0.5063900947570801,0
trimoe,three_domain_moe,77,faceswap_faces_c23/633_529,ffpp_test:46,1,faceswap,h264_crf35,0.5003728270530701,0.5003728270530701,0
trimoe,three_domain_moe,78,neuraltextures_faces_c23/529_633,ffpp_test:46,1,neuraltextures,h264_crf35,0.20090270042419434,0.20090270042419434,0
trimoe,three_domain_moe,79,neuraltextures_faces_c23/633_529,ffpp_test:46,1,neuraltextures,h264_crf35,0.42574188113212585,0.42574188113212585,0
trimoe,three_domain_moe,80,original_faces_c23/418,ffpp_test:36,0,real,h264_crf35,0.2788858413696289,0.2788858413696289,0
trimoe,three_domain_moe,81,original_faces_c23/507,ffpp_test:36,0,real,h264_crf35,0.7553927302360535,0.7553927302360535,1
trimoe,three_domain_moe,82,deepfakes_faces_c23/418_507,ffpp_test:36,1,deepfakes,h264_crf35,0.32846885919570923,0.32846885919570923,0
trimoe,three_domain_moe,83,deepfakes_faces_c23/507_418,ffpp_test:36,1,deepfakes,h264_crf35,0.466060996055603,0.466060996055603,0
trimoe,three_domain_moe,84,face2face_faces_c23/418_507,ffpp_test:36,1,face2face,h264_crf35,0.31330084800720215,0.31330084800720215,0
trimoe,three_domain_moe,85,face2face_faces_c23/507_418,ffpp_test:36,1,face2face,h264_crf35,0.6748713850975037,0.6748713850975037,1
trimoe,three_domain_moe,86,faceswap_faces_c23/418_507,ffpp_test:36,1,faceswap,h264_crf35,0.5119973421096802,0.5119973421096802,0
trimoe,three_domain_moe,87,faceswap_faces_c23/507_418,ffpp_test:36,1,faceswap,h264_crf35,0.7600412368774414,0.7600412368774414,1
trimoe,three_domain_moe,88,neuraltextures_faces_c23/418_507,ffpp_test:36,1,neuraltextures,h264_crf35,0.7134202718734741,0.7134202718734741,1
trimoe,three_domain_moe,89,neuraltextures_faces_c23/507_418,ffpp_test:36,1,neuraltextures,h264_crf35,0.7872462272644043,0.7872462272644043,1
trimoe,three_domain_moe,90,original_faces_c23/227,ffpp_test:16,0,real,h264_crf35,0.3693343997001648,0.3693343997001648,1
trimoe,three_domain_moe,91,original_faces_c23/169,ffpp_test:16,0,real,h264_crf35,0.21126508712768555,0.21126508712768555,0
trimoe,three_domain_moe,92,deepfakes_faces_c23/227_169,ffpp_test:16,1,deepfakes,h264_crf35,0.484127402305603,0.484127402305603,1
trimoe,three_domain_moe,93,deepfakes_faces_c23/169_227,ffpp_test:16,1,deepfakes,h264_crf35,0.25045347213745117,0.25045347213745117,0
trimoe,three_domain_moe,94,face2face_faces_c23/227_169,ffpp_test:16,1,face2face,h264_crf35,0.3161397874355316,0.3161397874355316,0
trimoe,three_domain_moe,95,face2face_faces_c23/169_227,ffpp_test:16,1,face2face,h264_crf35,0.3175274133682251,0.3175274133682251,0
trimoe,three_domain_moe,96,faceswap_faces_c23/227_169,ffpp_test:16,1,faceswap,h264_crf35,0.4777710437774658,0.4777710437774658,1
trimoe,three_domain_moe,97,faceswap_faces_c23/169_227,ffpp_test:16,1,faceswap,h264_crf35,0.33144044876098633,0.33144044876098633,0
trimoe,three_domain_moe,98,neuraltextures_faces_c23/227_169,ffpp_test:16,1,neuraltextures,h264_crf35,0.3674614429473877,0.3674614429473877,1
trimoe,three_domain_moe,99,neuraltextures_faces_c23/169_227,ffpp_test:16,1,neuraltextures,h264_crf35,0.25193536281585693,0.25193536281585693,0
trimoe,three_domain_moe,100,original_faces_c23/389,ffpp_test:33,0,real,h264_crf35,0.20337092876434326,0.20337092876434326,0
trimoe,three_domain_moe,101,original_faces_c23/480,ffpp_test:33,0,real,h264_crf35,0.49980950355529785,0.49980950355529785,0
trimoe,three_domain_moe,102,deepfakes_faces_c23/389_480,ffpp_test:33,1,deepfakes,h264_crf35,0.7579963207244873,0.7579963207244873,1
trimoe,three_domain_moe,103,deepfakes_faces_c23/480_389,ffpp_test:33,1,deepfakes,h264_crf35,0.22808293998241425,0.22808293998241425,0
trimoe,three_domain_moe,104,face2face_faces_c23/389_480,ffpp_test:33,1,face2face,h264_crf35,0.23444810509681702,0.23444810509681702,0
trimoe,three_domain_moe,105,face2face_faces_c23/480_389,ffpp_test:33,1,face2face,h264_crf35,0.4857301115989685,0.4857301115989685,0
trimoe,three_domain_moe,106,faceswap_faces_c23/389_480,ffpp_test:33,1,faceswap,h264_crf35,0.5007779002189636,0.5007779002189636,0
trimoe,three_domain_moe,107,faceswap_faces_c23/480_389,ffpp_test:33,1,faceswap,h264_crf35,0.49787458777427673,0.49787458777427673,0
trimoe,three_domain_moe,108,neuraltextures_faces_c23/389_480,ffpp_test:33,1,neuraltextures,h264_crf35,0.36058276891708374,0.36058276891708374,1
trimoe,three_domain_moe,109,neuraltextures_faces_c23/480_389,ffpp_test:33,1,neuraltextures,h264_crf35,0.26544275879859924,0.26544275879859924,0
trimoe,three_domain_moe,110,original_faces_c23/821,ffpp_test:64,0,real,h264_crf35,0.4744708240032196,0.4744708240032196,0
trimoe,three_domain_moe,111,original_faces_c23/812,ffpp_test:64,0,real,h264_crf35,0.40079498291015625,0.40079498291015625,1
trimoe,three_domain_moe,112,deepfakes_faces_c23/821_812,ffpp_test:64,1,deepfakes,h264_crf35,0.5163489580154419,0.5163489580154419,0
trimoe,three_domain_moe,113,deepfakes_faces_c23/812_821,ffpp_test:64,1,deepfakes,h264_crf35,0.4956338405609131,0.4956338405609131,1
trimoe,three_domain_moe,114,face2face_faces_c23/821_812,ffpp_test:64,1,face2face,h264_crf35,0.4489676356315613,0.4489676356315613,0
trimoe,three_domain_moe,115,face2face_faces_c23/812_821,ffpp_test:64,1,face2face,h264_crf35,0.6250031590461731,0.6250031590461731,0
trimoe,three_domain_moe,116,faceswap_faces_c23/821_812,ffpp_test:64,1,faceswap,h264_crf35,0.7687064409255981,0.7687064409255981,1
trimoe,three_domain_moe,117,faceswap_faces_c23/812_821,ffpp_test:64,1,faceswap,h264_crf35,0.37741702795028687,0.37741702795028687,0
trimoe,three_domain_moe,118,neuraltextures_faces_c23/821_812,ffpp_test:64,1,neuraltextures,h264_crf35,0.4322194755077362,0.4322194755077362,0
trimoe,three_domain_moe,119,neuraltextures_faces_c23/812_821,ffpp_test:64,1,neuraltextures,h264_crf35,0.27409160137176514,0.27409160137176514,0
trimoe,three_domain_moe,120,original_faces_c23/670,ffpp_test:54,0,real,h264_crf35,0.7572807669639587,0.7572807669639587,1
trimoe,three_domain_moe,121,original_faces_c23/661,ffpp_test:54,0,real,h264_crf35,0.4311392307281494,0.4311392307281494,0
trimoe,three_domain_moe,122,deepfakes_faces_c23/670_661,ffpp_test:54,1,deepfakes,h264_crf35,0.7877132296562195,0.7877132296562195,1
trimoe,three_domain_moe,123,deepfakes_faces_c23/661_670,ffpp_test:54,1,deepfakes,h264_crf35,0.7829744219779968,0.7829744219779968,1
trimoe,three_domain_moe,124,face2face_faces_c23/670_661,ffpp_test:54,1,face2face,h264_crf35,0.38928723335266113,0.38928723335266113,1
trimoe,three_domain_moe,125,face2face_faces_c23/661_670,ffpp_test:54,1,face2face,h264_crf35,0.7553797960281372,0.7553797960281372,1
trimoe,three_domain_moe,126,faceswap_faces_c23/670_661,ffpp_test:54,1,faceswap,h264_crf35,0.8100310564041138,0.8100310564041138,1
trimoe,three_domain_moe,127,faceswap_faces_c23/661_670,ffpp_test:54,1,faceswap,h264_crf35,0.7453330755233765,0.7453330755233765,1
trimoe,three_domain_moe,128,neuraltextures_faces_c23/670_661,ffpp_test:54,1,neuraltextures,h264_crf35,0.8009795546531677,0.8009795546531677,1
trimoe,three_domain_moe,129,neuraltextures_faces_c23/661_670,ffpp_test:54,1,neuraltextures,h264_crf35,0.48573827743530273,0.48573827743530273,0
trimoe,three_domain_moe,130,original_faces_c23/158,ffpp_test:15,0,real,h264_crf35,0.23358628153800964,0.23358628153800964,0
trimoe,three_domain_moe,131,original_faces_c23/379,ffpp_test:15,0,real,h264_crf35,0.4428766369819641,0.4428766369819641,0
trimoe,three_domain_moe,132,deepfakes_faces_c23/158_379,ffpp_test:15,1,deepfakes,h264_crf35,0.19298772513866425,0.19298772513866425,0
trimoe,three_domain_moe,133,deepfakes_faces_c23/379_158,ffpp_test:15,1,deepfakes,h264_crf35,0.4178275763988495,0.4178275763988495,0
trimoe,three_domain_moe,134,face2face_faces_c23/158_379,ffpp_test:15,1,face2face,h264_crf35,0.32456839084625244,0.32456839084625244,0
trimoe,three_domain_moe,135,face2face_faces_c23/379_158,ffpp_test:15,1,face2face,h264_crf35,0.17370754480361938,0.17370754480361938,0
trimoe,three_domain_moe,136,faceswap_faces_c23/158_379,ffpp_test:15,1,faceswap,h264_crf35,0.2041875571012497,0.2041875571012497,0
trimoe,three_domain_moe,137,faceswap_faces_c23/379_158,ffpp_test:15,1,faceswap,h264_crf35,0.4080846309661865,0.4080846309661865,1
trimoe,three_domain_moe,138,neuraltextures_faces_c23/158_379,ffpp_test:15,1,neuraltextures,h264_crf35,0.24521976709365845,0.24521976709365845,0
trimoe,three_domain_moe,139,neuraltextures_faces_c23/379_158,ffpp_test:15,1,neuraltextures,h264_crf35,0.4044536054134369,0.4044536054134369,0
trimoe,three_domain_moe,140,original_faces_c23/423,ffpp_test:37,0,real,h264_crf35,0.47214263677597046,0.47214263677597046,0
trimoe,three_domain_moe,141,original_faces_c23/421,ffpp_test:37,0,real,h264_crf35,0.392591655254364,0.392591655254364,0
trimoe,three_domain_moe,142,deepfakes_faces_c23/423_421,ffpp_test:37,1,deepfakes,h264_crf35,0.37935203313827515,0.37935203313827515,0
trimoe,three_domain_moe,143,deepfakes_faces_c23/421_423,ffpp_test:37,1,deepfakes,h264_crf35,0.35530656576156616,0.35530656576156616,0
trimoe,three_domain_moe,144,face2face_faces_c23/423_421,ffpp_test:37,1,face2face,h264_crf35,0.44896575808525085,0.44896575808525085,0
trimoe,three_domain_moe,145,face2face_faces_c23/421_423,ffpp_test:37,1,face2face,h264_crf35,0.4871136546134949,0.4871136546134949,0
trimoe,three_domain_moe,146,faceswap_faces_c23/423_421,ffpp_test:37,1,faceswap,h264_crf35,0.46271848678588867,0.46271848678588867,0
trimoe,three_domain_moe,147,faceswap_faces_c23/421_423,ffpp_test:37,1,faceswap,h264_crf35,0.41793569922447205,0.41793569922447205,0
trimoe,three_domain_moe,148,neuraltextures_faces_c23/423_421,ffpp_test:37,1,neuraltextures,h264_crf35,0.3857742249965668,0.3857742249965668,0
trimoe,three_domain_moe,149,neuraltextures_faces_c23/421_423,ffpp_test:37,1,neuraltextures,h264_crf35,0.4977041482925415,0.4977041482925415,0
trimoe,three_domain_moe,150,original_faces_c23/352,ffpp_test:28,0,real,h264_crf35,0.487434446811676,0.487434446811676,0
trimoe,three_domain_moe,151,original_faces_c23/319,ffpp_test:28,0,real,h264_crf35,0.4900289475917816,0.4900289475917816,0
trimoe,three_domain_moe,152,deepfakes_faces_c23/352_319,ffpp_test:28,1,deepfakes,h264_crf35,0.48994356393814087,0.48994356393814087,0
trimoe,three_domain_moe,153,deepfakes_faces_c23/319_352,ffpp_test:28,1,deepfakes,h264_crf35,0.8163575530052185,0.8163575530052185,1
trimoe,three_domain_moe,154,face2face_faces_c23/352_319,ffpp_test:28,1,face2face,h264_crf35,0.5210610628128052,0.5210610628128052,0
trimoe,three_domain_moe,155,face2face_faces_c23/319_352,ffpp_test:28,1,face2face,h264_crf35,0.49807438254356384,0.49807438254356384,0
trimoe,three_domain_moe,156,faceswap_faces_c23/352_319,ffpp_test:28,1,faceswap,h264_crf35,0.49104830622673035,0.49104830622673035,0
trimoe,three_domain_moe,157,faceswap_faces_c23/319_352,ffpp_test:28,1,faceswap,h264_crf35,0.5115078687667847,0.5115078687667847,0
trimoe,three_domain_moe,158,neuraltextures_faces_c23/352_319,ffpp_test:28,1,neuraltextures,h264_crf35,0.4441978633403778,0.4441978633403778,0
trimoe,three_domain_moe,159,neuraltextures_faces_c23/319_352,ffpp_test:28,1,neuraltextures,h264_crf35,0.5295186042785645,0.5295186042785645,0
trimoe,three_domain_moe,160,original_faces_c23/579,ffpp_test:48,0,real,h264_crf35,0.48451921343803406,0.48451921343803406,0
trimoe,three_domain_moe,161,original_faces_c23/701,ffpp_test:48,0,real,h264_crf35,0.4235871732234955,0.4235871732234955,1
trimoe,three_domain_moe,162,deepfakes_faces_c23/579_701,ffpp_test:48,1,deepfakes,h264_crf35,0.47423431277275085,0.47423431277275085,0
trimoe,three_domain_moe,163,deepfakes_faces_c23/701_579,ffpp_test:48,1,deepfakes,h264_crf35,0.7010215520858765,0.7010215520858765,1
trimoe,three_domain_moe,164,face2face_faces_c23/579_701,ffpp_test:48,1,face2face,h264_crf35,0.7811311483383179,0.7811311483383179,1
trimoe,three_domain_moe,165,face2face_faces_c23/701_579,ffpp_test:48,1,face2face,h264_crf35,0.45479798316955566,0.45479798316955566,1
trimoe,three_domain_moe,166,faceswap_faces_c23/579_701,ffpp_test:48,1,faceswap,h264_crf35,0.7551131248474121,0.7551131248474121,1
trimoe,three_domain_moe,167,faceswap_faces_c23/701_579,ffpp_test:48,1,faceswap,h264_crf35,0.5780559778213501,0.5780559778213501,1
trimoe,three_domain_moe,168,neuraltextures_faces_c23/579_701,ffpp_test:48,1,neuraltextures,h264_crf35,0.46390265226364136,0.46390265226364136,1
trimoe,three_domain_moe,169,neuraltextures_faces_c23/701_579,ffpp_test:48,1,neuraltextures,h264_crf35,0.4438033103942871,0.4438033103942871,1
trimoe,three_domain_moe,170,original_faces_c23/488,ffpp_test:34,0,real,h264_crf35,0.433315247297287,0.433315247297287,1
trimoe,three_domain_moe,171,original_faces_c23/399,ffpp_test:34,0,real,h264_crf35,0.2720891237258911,0.2720891237258911,0
trimoe,three_domain_moe,172,deepfakes_faces_c23/488_399,ffpp_test:34,1,deepfakes,h264_crf35,0.3851792812347412,0.3851792812347412,1
trimoe,three_domain_moe,173,deepfakes_faces_c23/399_488,ffpp_test:34,1,deepfakes,h264_crf35,0.2654692828655243,0.2654692828655243,0
trimoe,three_domain_moe,174,face2face_faces_c23/488_399,ffpp_test:34,1,face2face,h264_crf35,0.25149810314178467,0.25149810314178467,0
trimoe,three_domain_moe,175,face2face_faces_c23/399_488,ffpp_test:34,1,face2face,h264_crf35,0.7711054682731628,0.7711054682731628,1
trimoe,three_domain_moe,176,faceswap_faces_c23/488_399,ffpp_test:34,1,faceswap,h264_crf35,0.784699559211731,0.784699559211731,1
trimoe,three_domain_moe,177,faceswap_faces_c23/399_488,ffpp_test:34,1,faceswap,h264_crf35,0.7853560447692871,0.7853560447692871,1
trimoe,three_domain_moe,178,neuraltextures_faces_c23/488_399,ffpp_test:34,1,neuraltextures,h264_crf35,0.32495102286338806,0.32495102286338806,0
trimoe,three_domain_moe,179,neuraltextures_faces_c23/399_488,ffpp_test:34,1,neuraltextures,h264_crf35,0.5096694231033325,0.5096694231033325,0
trimoe,three_domain_moe,180,original_faces_c23/695,ffpp_test:38,0,real,h264_crf35,0.18596813082695007,0.18596813082695007,0
trimoe,three_domain_moe,181,original_faces_c23/422,ffpp_test:38,0,real,h264_crf35,0.22701287269592285,0.22701287269592285,0
trimoe,three_domain_moe,182,deepfakes_faces_c23/695_422,ffpp_test:38,1,deepfakes,h264_crf35,0.17503409087657928,0.17503409087657928,0
trimoe,three_domain_moe,183,deepfakes_faces_c23/422_695,ffpp_test:38,1,deepfakes,h264_crf35,0.46701809763908386,0.46701809763908386,1
trimoe,three_domain_moe,184,face2face_faces_c23/695_422,ffpp_test:38,1,face2face,h264_crf35,0.1647685468196869,0.1647685468196869,0
trimoe,three_domain_moe,185,face2face_faces_c23/422_695,ffpp_test:38,1,face2face,h264_crf35,0.4513833522796631,0.4513833522796631,1
trimoe,three_domain_moe,186,faceswap_faces_c23/695_422,ffpp_test:38,1,faceswap,h264_crf35,0.4888535141944885,0.4888535141944885,0
trimoe,three_domain_moe,187,faceswap_faces_c23/422_695,ffpp_test:38,1,faceswap,h264_crf35,0.18048988282680511,0.18048988282680511,0
trimoe,three_domain_moe,188,neuraltextures_faces_c23/695_422,ffpp_test:38,1,neuraltextures,h264_crf35,0.16460448503494263,0.16460448503494263,0
trimoe,three_domain_moe,189,neuraltextures_faces_c23/422_695,ffpp_test:38,1,neuraltextures,h264_crf35,0.36187824606895447,0.36187824606895447,1
trimoe,three_domain_moe,190,original_faces_c23/288,ffpp_test:25,0,real,h264_crf35,0.4918975830078125,0.4918975830078125,1
trimoe,three_domain_moe,191,original_faces_c23/321,ffpp_test:25,0,real,h264_crf35,0.344169944524765,0.344169944524765,0
trimoe,three_domain_moe,192,deepfakes_faces_c23/288_321,ffpp_test:25,1,deepfakes,h264_crf35,0.8094322681427002,0.8094322681427002,1
trimoe,three_domain_moe,193,deepfakes_faces_c23/321_288,ffpp_test:25,1,deepfakes,h264_crf35,0.3918569087982178,0.3918569087982178,0
trimoe,three_domain_moe,194,face2face_faces_c23/288_321,ffpp_test:25,1,face2face,h264_crf35,0.4932762086391449,0.4932762086391449,1
trimoe,three_domain_moe,195,face2face_faces_c23/321_288,ffpp_test:25,1,face2face,h264_crf35,0.33122336864471436,0.33122336864471436,0
trimoe,three_domain_moe,196,faceswap_faces_c23/288_321,ffpp_test:25,1,faceswap,h264_crf35,0.8122248649597168,0.8122248649597168,1
trimoe,three_domain_moe,197,faceswap_faces_c23/321_288,ffpp_test:25,1,faceswap,h264_crf35,0.771235466003418,0.771235466003418,1
trimoe,three_domain_moe,198,neuraltextures_faces_c23/288_321,ffpp_test:25,1,neuraltextures,h264_crf35,0.5020270347595215,0.5020270347595215,1
trimoe,three_domain_moe,199,neuraltextures_faces_c23/321_288,ffpp_test:25,1,neuraltextures,h264_crf35,0.7385483980178833,0.7385483980178833,1
trimoe,three_domain_moe,200,original_faces_c23/705,ffpp_test:57,0,real,h264_crf35,0.7264644503593445,0.7264644503593445,1
trimoe,three_domain_moe,201,original_faces_c23/707,ffpp_test:57,0,real,h264_crf35,0.4751278758049011,0.4751278758049011,0
trimoe,three_domain_moe,202,deepfakes_faces_c23/705_707,ffpp_test:57,1,deepfakes,h264_crf35,0.40265601873397827,0.40265601873397827,0
trimoe,three_domain_moe,203,deepfakes_faces_c23/707_705,ffpp_test:57,1,deepfakes,h264_crf35,0.4955798387527466,0.4955798387527466,0
trimoe,three_domain_moe,204,face2face_faces_c23/705_707,ffpp_test:57,1,face2face,h264_crf35,0.7081397771835327,0.7081397771835327,1
trimoe,three_domain_moe,205,face2face_faces_c23/707_705,ffpp_test:57,1,face2face,h264_crf35,0.7021862864494324,0.7021862864494324,1
trimoe,three_domain_moe,206,faceswap_faces_c23/705_707,ffpp_test:57,1,faceswap,h264_crf35,0.793592095375061,0.793592095375061,1
trimoe,three_domain_moe,207,faceswap_faces_c23/707_705,ffpp_test:57,1,faceswap,h264_crf35,0.5391706228256226,0.5391706228256226,0
trimoe,three_domain_moe,208,neuraltextures_faces_c23/705_707,ffpp_test:57,1,neuraltextures,h264_crf35,0.497962087392807,0.497962087392807,0
trimoe,three_domain_moe,209,neuraltextures_faces_c23/707_705,ffpp_test:57,1,neuraltextures,h264_crf35,0.3774632215499878,0.3774632215499878,0
trimoe,three_domain_moe,210,original_faces_c23/306,ffpp_test:24,0,real,h264_crf35,0.49854254722595215,0.49854254722595215,0
trimoe,three_domain_moe,211,original_faces_c23/278,ffpp_test:24,0,real,h264_crf35,0.39554890990257263,0.39554890990257263,1
trimoe,three_domain_moe,212,deepfakes_faces_c23/306_278,ffpp_test:24,1,deepfakes,h264_crf35,0.8068851232528687,0.8068851232528687,1
trimoe,three_domain_moe,213,deepfakes_faces_c23/278_306,ffpp_test:24,1,deepfakes,h264_crf35,0.42073190212249756,0.42073190212249756,1
trimoe,three_domain_moe,214,face2face_faces_c23/306_278,ffpp_test:24,1,face2face,h264_crf35,0.49044060707092285,0.49044060707092285,0
trimoe,three_domain_moe,215,face2face_faces_c23/278_306,ffpp_test:24,1,face2face,h264_crf35,0.5151642560958862,0.5151642560958862,1
trimoe,three_domain_moe,216,faceswap_faces_c23/306_278,ffpp_test:24,1,faceswap,h264_crf35,0.8095399141311646,0.8095399141311646,1
trimoe,three_domain_moe,217,faceswap_faces_c23/278_306,ffpp_test:24,1,faceswap,h264_crf35,0.5097285509109497,0.5097285509109497,1
trimoe,three_domain_moe,218,neuraltextures_faces_c23/306_278,ffpp_test:24,1,neuraltextures,h264_crf35,0.4894811511039734,0.4894811511039734,0
trimoe,three_domain_moe,219,neuraltextures_faces_c23/278_306,ffpp_test:24,1,neuraltextures,h264_crf35,0.453429639339447,0.453429639339447,1
trimoe,three_domain_moe,220,original_faces_c23/865,ffpp_test:61,0,real,h264_crf35,0.20726239681243896,0.20726239681243896,0
trimoe,three_domain_moe,221,original_faces_c23/739,ffpp_test:61,0,real,h264_crf35,0.5100040435791016,0.5100040435791016,1
trimoe,three_domain_moe,222,deepfakes_faces_c23/865_739,ffpp_test:61,1,deepfakes,h264_crf35,0.16306135058403015,0.16306135058403015,0
trimoe,three_domain_moe,223,deepfakes_faces_c23/739_865,ffpp_test:61,1,deepfakes,h264_crf35,0.5264708399772644,0.5264708399772644,1
trimoe,three_domain_moe,224,face2face_faces_c23/865_739,ffpp_test:61,1,face2face,h264_crf35,0.4753660559654236,0.4753660559654236,0
trimoe,three_domain_moe,225,face2face_faces_c23/739_865,ffpp_test:61,1,face2face,h264_crf35,0.5522639155387878,0.5522639155387878,1
trimoe,three_domain_moe,226,faceswap_faces_c23/865_739,ffpp_test:61,1,faceswap,h264_crf35,0.3691992461681366,0.3691992461681366,0
trimoe,three_domain_moe,227,faceswap_faces_c23/739_865,ffpp_test:61,1,faceswap,h264_crf35,0.6459275484085083,0.6459275484085083,1
trimoe,three_domain_moe,228,neuraltextures_faces_c23/865_739,ffpp_test:61,1,neuraltextures,h264_crf35,0.1984114646911621,0.1984114646911621,0
trimoe,three_domain_moe,229,neuraltextures_faces_c23/739_865,ffpp_test:61,1,neuraltextures,h264_crf35,0.44803786277770996,0.44803786277770996,1
trimoe,three_domain_moe,230,original_faces_c23/995,ffpp_test:21,0,real,h264_crf35,0.4641328454017639,0.4641328454017639,1
trimoe,three_domain_moe,231,original_faces_c23/233,ffpp_test:21,0,real,h264_crf35,0.47537630796432495,0.47537630796432495,0
trimoe,three_domain_moe,232,deepfakes_faces_c23/995_233,ffpp_test:21,1,deepfakes,h264_crf35,0.21461622416973114,0.21461622416973114,0
trimoe,three_domain_moe,233,deepfakes_faces_c23/233_995,ffpp_test:21,1,deepfakes,h264_crf35,0.5011640787124634,0.5011640787124634,0
trimoe,three_domain_moe,234,face2face_faces_c23/995_233,ffpp_test:21,1,face2face,h264_crf35,0.8147238492965698,0.8147238492965698,1
trimoe,three_domain_moe,235,face2face_faces_c23/233_995,ffpp_test:21,1,face2face,h264_crf35,0.44759535789489746,0.44759535789489746,0
trimoe,three_domain_moe,236,faceswap_faces_c23/995_233,ffpp_test:21,1,faceswap,h264_crf35,0.5961945056915283,0.5961945056915283,1
trimoe,three_domain_moe,237,faceswap_faces_c23/233_995,ffpp_test:21,1,faceswap,h264_crf35,0.740281343460083,0.740281343460083,1
trimoe,three_domain_moe,238,neuraltextures_faces_c23/995_233,ffpp_test:21,1,neuraltextures,h264_crf35,0.7774531245231628,0.7774531245231628,1
trimoe,three_domain_moe,239,neuraltextures_faces_c23/233_995,ffpp_test:21,1,neuraltextures,h264_crf35,0.4434274435043335,0.4434274435043335,0
trimoe,three_domain_moe,240,original_faces_c23/755,ffpp_test:62,0,real,h264_crf35,0.38381707668304443,0.38381707668304443,0
trimoe,three_domain_moe,241,original_faces_c23/759,ffpp_test:62,0,real,h264_crf35,0.4904257655143738,0.4904257655143738,0
trimoe,three_domain_moe,242,deepfakes_faces_c23/755_759,ffpp_test:62,1,deepfakes,h264_crf35,0.7958397269248962,0.7958397269248962,1
trimoe,three_domain_moe,243,deepfakes_faces_c23/759_755,ffpp_test:62,1,deepfakes,h264_crf35,0.4135398268699646,0.4135398268699646,0
trimoe,three_domain_moe,244,face2face_faces_c23/755_759,ffpp_test:62,1,face2face,h264_crf35,0.5187600255012512,0.5187600255012512,0
trimoe,three_domain_moe,245,face2face_faces_c23/759_755,ffpp_test:62,1,face2face,h264_crf35,0.4651455283164978,0.4651455283164978,1
trimoe,three_domain_moe,246,faceswap_faces_c23/755_759,ffpp_test:62,1,faceswap,h264_crf35,0.6128837466239929,0.6128837466239929,0
trimoe,three_domain_moe,247,faceswap_faces_c23/759_755,ffpp_test:62,1,faceswap,h264_crf35,0.49870797991752625,0.49870797991752625,1
trimoe,three_domain_moe,248,neuraltextures_faces_c23/755_759,ffpp_test:62,1,neuraltextures,h264_crf35,0.7517749667167664,0.7517749667167664,1
trimoe,three_domain_moe,249,neuraltextures_faces_c23/759_755,ffpp_test:62,1,neuraltextures,h264_crf35,0.4724659323692322,0.4724659323692322,1
trimoe,three_domain_moe,250,original_faces_c23/467,ffpp_test:43,0,real,h264_crf35,0.3978847861289978,0.3978847861289978,0
trimoe,three_domain_moe,251,original_faces_c23/462,ffpp_test:43,0,real,h264_crf35,0.31024467945098877,0.31024467945098877,0
trimoe,three_domain_moe,252,deepfakes_faces_c23/467_462,ffpp_test:43,1,deepfakes,h264_crf35,0.4365895986557007,0.4365895986557007,0
trimoe,three_domain_moe,253,deepfakes_faces_c23/462_467,ffpp_test:43,1,deepfakes,h264_crf35,0.4665716886520386,0.4665716886520386,1
trimoe,three_domain_moe,254,face2face_faces_c23/467_462,ffpp_test:43,1,face2face,h264_crf35,0.4496158957481384,0.4496158957481384,0
trimoe,three_domain_moe,255,face2face_faces_c23/462_467,ffpp_test:43,1,face2face,h264_crf35,0.6899873614311218,0.6899873614311218,1
trimoe,three_domain_moe,256,faceswap_faces_c23/467_462,ffpp_test:43,1,faceswap,h264_crf35,0.3248048722743988,0.3248048722743988,0
trimoe,three_domain_moe,257,faceswap_faces_c23/462_467,ffpp_test:43,1,faceswap,h264_crf35,0.48886820673942566,0.48886820673942566,0
trimoe,three_domain_moe,258,neuraltextures_faces_c23/467_462,ffpp_test:43,1,neuraltextures,h264_crf35,0.2639514207839966,0.2639514207839966,0
trimoe,three_domain_moe,259,neuraltextures_faces_c23/462_467,ffpp_test:43,1,neuraltextures,h264_crf35,0.4812309741973877,0.4812309741973877,0
trimoe,three_domain_moe,260,original_faces_c23/314,ffpp_test:27,0,real,h264_crf35,0.4284355640411377,0.4284355640411377,0
trimoe,three_domain_moe,261,original_faces_c23/347,ffpp_test:27,0,real,h264_crf35,0.22380733489990234,0.22380733489990234,0
trimoe,three_domain_moe,262,deepfakes_faces_c23/314_347,ffpp_test:27,1,deepfakes,h264_crf35,0.4572286605834961,0.4572286605834961,0
trimoe,three_domain_moe,263,deepfakes_faces_c23/347_314,ffpp_test:27,1,deepfakes,h264_crf35,0.2814157009124756,0.2814157009124756,0
trimoe,three_domain_moe,264,face2face_faces_c23/314_347,ffpp_test:27,1,face2face,h264_crf35,0.4451931118965149,0.4451931118965149,0
trimoe,three_domain_moe,265,face2face_faces_c23/347_314,ffpp_test:27,1,face2face,h264_crf35,0.3106191158294678,0.3106191158294678,0
trimoe,three_domain_moe,266,faceswap_faces_c23/314_347,ffpp_test:27,1,faceswap,h264_crf35,0.4906599521636963,0.4906599521636963,0
trimoe,three_domain_moe,267,faceswap_faces_c23/347_314,ffpp_test:27,1,faceswap,h264_crf35,0.3208417296409607,0.3208417296409607,0
trimoe,three_domain_moe,268,neuraltextures_faces_c23/314_347,ffpp_test:27,1,neuraltextures,h264_crf35,0.5072552561759949,0.5072552561759949,0
trimoe,three_domain_moe,269,neuraltextures_faces_c23/347_314,ffpp_test:27,1,neuraltextures,h264_crf35,0.2847614884376526,0.2847614884376526,0
trimoe,three_domain_moe,270,original_faces_c23/741,ffpp_test:60,0,real,h264_crf35,0.4920041561126709,0.4920041561126709,0
trimoe,three_domain_moe,271,original_faces_c23/731,ffpp_test:60,0,real,h264_crf35,0.7894536256790161,0.7894536256790161,1
trimoe,three_domain_moe,272,deepfakes_faces_c23/741_731,ffpp_test:60,1,deepfakes,h264_crf35,0.5092579126358032,0.5092579126358032,0
trimoe,three_domain_moe,273,deepfakes_faces_c23/731_741,ffpp_test:60,1,deepfakes,h264_crf35,0.49912378191947937,0.49912378191947937,0
trimoe,three_domain_moe,274,face2face_faces_c23/741_731,ffpp_test:60,1,face2face,h264_crf35,0.5245745182037354,0.5245745182037354,0
trimoe,three_domain_moe,275,face2face_faces_c23/731_741,ffpp_test:60,1,face2face,h264_crf35,0.5222160816192627,0.5222160816192627,0
trimoe,three_domain_moe,276,faceswap_faces_c23/741_731,ffpp_test:60,1,faceswap,h264_crf35,0.7525109052658081,0.7525109052658081,1
trimoe,three_domain_moe,277,faceswap_faces_c23/731_741,ffpp_test:60,1,faceswap,h264_crf35,0.504886269569397,0.504886269569397,0
trimoe,three_domain_moe,278,neuraltextures_faces_c23/741_731,ffpp_test:60,1,neuraltextures,h264_crf35,0.4961549937725067,0.4961549937725067,0
trimoe,three_domain_moe,279,neuraltextures_faces_c23/731_741,ffpp_test:60,1,neuraltextures,h264_crf35,0.7851924300193787,0.7851924300193787,1
trimoe,three_domain_moe,280,original_faces_c23/970,ffpp_test:69,0,real,h264_crf35,0.42947718501091003,0.42947718501091003,1
trimoe,three_domain_moe,281,original_faces_c23/973,ffpp_test:69,0,real,h264_crf35,0.43896812200546265,0.43896812200546265,0
trimoe,three_domain_moe,282,deepfakes_faces_c23/970_973,ffpp_test:69,1,deepfakes,h264_crf35,0.25812917947769165,0.25812917947769165,0
trimoe,three_domain_moe,283,deepfakes_faces_c23/973_970,ffpp_test:69,1,deepfakes,h264_crf35,0.7689262628555298,0.7689262628555298,1
trimoe,three_domain_moe,284,face2face_faces_c23/970_973,ffpp_test:69,1,face2face,h264_crf35,0.5096848011016846,0.5096848011016846,1
trimoe,three_domain_moe,285,face2face_faces_c23/973_970,ffpp_test:69,1,face2face,h264_crf35,0.4902070462703705,0.4902070462703705,0
trimoe,three_domain_moe,286,faceswap_faces_c23/970_973,ffpp_test:69,1,faceswap,h264_crf35,0.22306907176971436,0.22306907176971436,0
trimoe,three_domain_moe,287,faceswap_faces_c23/973_970,ffpp_test:69,1,faceswap,h264_crf35,0.7264722585678101,0.7264722585678101,1
trimoe,three_domain_moe,288,neuraltextures_faces_c23/970_973,ffpp_test:69,1,neuraltextures,h264_crf35,0.2522219121456146,0.2522219121456146,0
trimoe,three_domain_moe,289,neuraltextures_faces_c23/973_970,ffpp_test:69,1,neuraltextures,h264_crf35,0.48862648010253906,0.48862648010253906,0
trimoe,three_domain_moe,290,original_faces_c23/634,ffpp_test:53,0,real,h264_crf35,0.7327834963798523,0.7327834963798523,1
trimoe,three_domain_moe,291,original_faces_c23/660,ffpp_test:53,0,real,h264_crf35,0.4149998426437378,0.4149998426437378,1
trimoe,three_domain_moe,292,deepfakes_faces_c23/634_660,ffpp_test:53,1,deepfakes,h264_crf35,0.4784914255142212,0.4784914255142212,0
trimoe,three_domain_moe,293,deepfakes_faces_c23/660_634,ffpp_test:53,1,deepfakes,h264_crf35,0.4428350329399109,0.4428350329399109,1
trimoe,three_domain_moe,294,face2face_faces_c23/634_660,ffpp_test:53,1,face2face,h264_crf35,0.40125200152397156,0.40125200152397156,0
trimoe,three_domain_moe,295,face2face_faces_c23/660_634,ffpp_test:53,1,face2face,h264_crf35,0.4185052812099457,0.4185052812099457,1
trimoe,three_domain_moe,296,faceswap_faces_c23/634_660,ffpp_test:53,1,faceswap,h264_crf35,0.6404355764389038,0.6404355764389038,0
trimoe,three_domain_moe,297,faceswap_faces_c23/660_634,ffpp_test:53,1,faceswap,h264_crf35,0.4872649312019348,0.4872649312019348,1
trimoe,three_domain_moe,298,neuraltextures_faces_c23/634_660,ffpp_test:53,1,neuraltextures,h264_crf35,0.48926329612731934,0.48926329612731934,0
trimoe,three_domain_moe,299,neuraltextures_faces_c23/660_634,ffpp_test:53,1,neuraltextures,h264_crf35,0.4270174503326416,0.4270174503326416,1
trimoe,three_domain_moe,300,original_faces_c23/494,ffpp_test:40,0,real,h264_crf35,0.5082648992538452,0.5082648992538452,1
trimoe,three_domain_moe,301,original_faces_c23/445,ffpp_test:40,0,real,h264_crf35,0.4631918668746948,0.4631918668746948,0
trimoe,three_domain_moe,302,deepfakes_faces_c23/494_445,ffpp_test:40,1,deepfakes,h264_crf35,0.5062696933746338,0.5062696933746338,1
trimoe,three_domain_moe,303,deepfakes_faces_c23/445_494,ffpp_test:40,1,deepfakes,h264_crf35,0.5025700926780701,0.5025700926780701,0
trimoe,three_domain_moe,304,face2face_faces_c23/494_445,ffpp_test:40,1,face2face,h264_crf35,0.48010098934173584,0.48010098934173584,1
trimoe,three_domain_moe,305,face2face_faces_c23/445_494,ffpp_test:40,1,face2face,h264_crf35,0.4432649314403534,0.4432649314403534,0
trimoe,three_domain_moe,306,faceswap_faces_c23/494_445,ffpp_test:40,1,faceswap,h264_crf35,0.46951860189437866,0.46951860189437866,1
trimoe,three_domain_moe,307,faceswap_faces_c23/445_494,ffpp_test:40,1,faceswap,h264_crf35,0.7453405261039734,0.7453405261039734,1
trimoe,three_domain_moe,308,neuraltextures_faces_c23/494_445,ffpp_test:40,1,neuraltextures,h264_crf35,0.5358289480209351,0.5358289480209351,1
trimoe,three_domain_moe,309,neuraltextures_faces_c23/445_494,ffpp_test:40,1,neuraltextures,h264_crf35,0.4353223741054535,0.4353223741054535,0
trimoe,three_domain_moe,310,original_faces_c23/706,ffpp_test:44,0,real,h264_crf35,0.47018712759017944,0.47018712759017944,0
trimoe,three_domain_moe,311,original_faces_c23/479,ffpp_test:44,0,real,h264_crf35,0.3535324037075043,0.3535324037075043,1
trimoe,three_domain_moe,312,deepfakes_faces_c23/706_479,ffpp_test:44,1,deepfakes,h264_crf35,0.47350072860717773,0.47350072860717773,0
trimoe,three_domain_moe,313,deepfakes_faces_c23/479_706,ffpp_test:44,1,deepfakes,h264_crf35,0.448780357837677,0.448780357837677,1
trimoe,three_domain_moe,314,face2face_faces_c23/706_479,ffpp_test:44,1,face2face,h264_crf35,0.7480491995811462,0.7480491995811462,1
trimoe,three_domain_moe,315,face2face_faces_c23/479_706,ffpp_test:44,1,face2face,h264_crf35,0.48571571707725525,0.48571571707725525,1
trimoe,three_domain_moe,316,faceswap_faces_c23/706_479,ffpp_test:44,1,faceswap,h264_crf35,0.49100595712661743,0.49100595712661743,0
trimoe,three_domain_moe,317,faceswap_faces_c23/479_706,ffpp_test:44,1,faceswap,h264_crf35,0.3840363621711731,0.3840363621711731,1
trimoe,three_domain_moe,318,neuraltextures_faces_c23/706_479,ffpp_test:44,1,neuraltextures,h264_crf35,0.4624534547328949,0.4624534547328949,0
trimoe,three_domain_moe,319,neuraltextures_faces_c23/479_706,ffpp_test:44,1,neuraltextures,h264_crf35,0.49758705496788025,0.49758705496788025,1
trimoe,three_domain_moe,320,original_faces_c23/186,ffpp_test:17,0,real,h264_crf35,0.4809855818748474,0.4809855818748474,0
trimoe,three_domain_moe,321,original_faces_c23/170,ffpp_test:17,0,real,h264_crf35,0.4178408086299896,0.4178408086299896,0
trimoe,three_domain_moe,322,deepfakes_faces_c23/186_170,ffpp_test:17,1,deepfakes,h264_crf35,0.23444955050945282,0.23444955050945282,0
trimoe,three_domain_moe,323,deepfakes_faces_c23/170_186,ffpp_test:17,1,deepfakes,h264_crf35,0.51824951171875,0.51824951171875,0
trimoe,three_domain_moe,324,face2face_faces_c23/186_170,ffpp_test:17,1,face2face,h264_crf35,0.5579456090927124,0.5579456090927124,0
trimoe,three_domain_moe,325,face2face_faces_c23/170_186,ffpp_test:17,1,face2face,h264_crf35,0.48499155044555664,0.48499155044555664,0
trimoe,three_domain_moe,326,faceswap_faces_c23/186_170,ffpp_test:17,1,faceswap,h264_crf35,0.4097680449485779,0.4097680449485779,0
trimoe,three_domain_moe,327,faceswap_faces_c23/170_186,ffpp_test:17,1,faceswap,h264_crf35,0.5055481195449829,0.5055481195449829,0
trimoe,three_domain_moe,328,neuraltextures_faces_c23/186_170,ffpp_test:17,1,neuraltextures,h264_crf35,0.6286194324493408,0.6286194324493408,0
trimoe,three_domain_moe,329,neuraltextures_faces_c23/170_186,ffpp_test:17,1,neuraltextures,h264_crf35,0.4145220220088959,0.4145220220088959,0
trimoe,three_domain_moe,330,original_faces_c23/176,ffpp_test:18,0,real,h264_crf35,0.23661141097545624,0.23661141097545624,0
trimoe,three_domain_moe,331,original_faces_c23/190,ffpp_test:18,0,real,h264_crf35,0.20616011321544647,0.20616011321544647,0
trimoe,three_domain_moe,332,deepfakes_faces_c23/176_190,ffpp_test:18,1,deepfakes,h264_crf35,0.5062111020088196,0.5062111020088196,1
trimoe,three_domain_moe,333,deepfakes_faces_c23/190_176,ffpp_test:18,1,deepfakes,h264_crf35,0.19400492310523987,0.19400492310523987,0
trimoe,three_domain_moe,334,face2face_faces_c23/176_190,ffpp_test:18,1,face2face,h264_crf35,0.49282169342041016,0.49282169342041016,1
trimoe,three_domain_moe,335,face2face_faces_c23/190_176,ffpp_test:18,1,face2face,h264_crf35,0.6489942073822021,0.6489942073822021,0
trimoe,three_domain_moe,336,faceswap_faces_c23/176_190,ffpp_test:18,1,faceswap,h264_crf35,0.6088029146194458,0.6088029146194458,1
trimoe,three_domain_moe,337,faceswap_faces_c23/190_176,ffpp_test:18,1,faceswap,h264_crf35,0.4888107180595398,0.4888107180595398,0
trimoe,three_domain_moe,338,neuraltextures_faces_c23/176_190,ffpp_test:18,1,neuraltextures,h264_crf35,0.3994942307472229,0.3994942307472229,1
trimoe,three_domain_moe,339,neuraltextures_faces_c23/190_176,ffpp_test:18,1,neuraltextures,h264_crf35,0.4078781008720398,0.4078781008720398,0
trimoe,three_domain_moe,340,original_faces_c23/380,ffpp_test:29,0,real,h264_crf35,0.4929367005825043,0.4929367005825043,0
trimoe,three_domain_moe,341,original_faces_c23/358,ffpp_test:29,0,real,h264_crf35,0.46678289771080017,0.46678289771080017,0
trimoe,three_domain_moe,342,deepfakes_faces_c23/380_358,ffpp_test:29,1,deepfakes,h264_crf35,0.49541085958480835,0.49541085958480835,0
trimoe,three_domain_moe,343,deepfakes_faces_c23/358_380,ffpp_test:29,1,deepfakes,h264_crf35,0.45120489597320557,0.45120489597320557,0
trimoe,three_domain_moe,344,face2face_faces_c23/380_358,ffpp_test:29,1,face2face,h264_crf35,0.5006349086761475,0.5006349086761475,0
trimoe,three_domain_moe,345,face2face_faces_c23/358_380,ffpp_test:29,1,face2face,h264_crf35,0.5069079399108887,0.5069079399108887,0
trimoe,three_domain_moe,346,faceswap_faces_c23/380_358,ffpp_test:29,1,faceswap,h264_crf35,0.5068951845169067,0.5068951845169067,0
trimoe,three_domain_moe,347,faceswap_faces_c23/358_380,ffpp_test:29,1,faceswap,h264_crf35,0.4828724265098572,0.4828724265098572,0
trimoe,three_domain_moe,348,neuraltextures_faces_c23/380_358,ffpp_test:29,1,neuraltextures,h264_crf35,0.4932537078857422,0.4932537078857422,0
trimoe,three_domain_moe,349,neuraltextures_faces_c23/358_380,ffpp_test:29,1,neuraltextures,h264_crf35,0.379429429769516,0.379429429769516,0
trimoe,three_domain_moe,350,original_faces_c23/214,ffpp_test:19,0,real,h264_crf35,0.3482252061367035,0.3482252061367035,1
trimoe,three_domain_moe,351,original_faces_c23/255,ffpp_test:19,0,real,h264_crf35,0.1757187694311142,0.1757187694311142,0
trimoe,three_domain_moe,352,deepfakes_faces_c23/214_255,ffpp_test:19,1,deepfakes,h264_crf35,0.4889603555202484,0.4889603555202484,1
trimoe,three_domain_moe,353,deepfakes_faces_c23/255_214,ffpp_test:19,1,deepfakes,h264_crf35,0.2752039134502411,0.2752039134502411,0
trimoe,three_domain_moe,354,face2face_faces_c23/214_255,ffpp_test:19,1,face2face,h264_crf35,0.43420881032943726,0.43420881032943726,1
trimoe,three_domain_moe,355,face2face_faces_c23/255_214,ffpp_test:19,1,face2face,h264_crf35,0.17531022429466248,0.17531022429466248,0
trimoe,three_domain_moe,356,faceswap_faces_c23/214_255,ffpp_test:19,1,faceswap,h264_crf35,0.44949501752853394,0.44949501752853394,1
trimoe,three_domain_moe,357,faceswap_faces_c23/255_214,ffpp_test:19,1,faceswap,h264_crf35,0.3478846549987793,0.3478846549987793,0
trimoe,three_domain_moe,358,neuraltextures_faces_c23/214_255,ffpp_test:19,1,neuraltextures,h264_crf35,0.4387592673301697,0.4387592673301697,1
trimoe,three_domain_moe,359,neuraltextures_faces_c23/255_214,ffpp_test:19,1,neuraltextures,h264_crf35,0.5113972425460815,0.5113972425460815,0
trimoe,three_domain_moe,360,original_faces_c23/454,ffpp_test:42,0,real,h264_crf35,0.6358555555343628,0.6358555555343628,1
trimoe,three_domain_moe,361,original_faces_c23/527,ffpp_test:42,0,real,h264_crf35,0.7218379974365234,0.7218379974365234,1
trimoe,three_domain_moe,362,deepfakes_faces_c23/454_527,ffpp_test:42,1,deepfakes,h264_crf35,0.4839627146720886,0.4839627146720886,1
trimoe,three_domain_moe,363,deepfakes_faces_c23/527_454,ffpp_test:42,1,deepfakes,h264_crf35,0.48939967155456543,0.48939967155456543,0
trimoe,three_domain_moe,364,face2face_faces_c23/454_527,ffpp_test:42,1,face2face,h264_crf35,0.7256655693054199,0.7256655693054199,1
trimoe,three_domain_moe,365,face2face_faces_c23/527_454,ffpp_test:42,1,face2face,h264_crf35,0.7746875286102295,0.7746875286102295,1
trimoe,three_domain_moe,366,faceswap_faces_c23/454_527,ffpp_test:42,1,faceswap,h264_crf35,0.4527031183242798,0.4527031183242798,1
trimoe,three_domain_moe,367,faceswap_faces_c23/527_454,ffpp_test:42,1,faceswap,h264_crf35,0.5285784006118774,0.5285784006118774,0
trimoe,three_domain_moe,368,neuraltextures_faces_c23/454_527,ffpp_test:42,1,neuraltextures,h264_crf35,0.4418766498565674,0.4418766498565674,1
trimoe,three_domain_moe,369,neuraltextures_faces_c23/527_454,ffpp_test:42,1,neuraltextures,h264_crf35,0.3620429039001465,0.3620429039001465,0
trimoe,three_domain_moe,370,original_faces_c23/425,ffpp_test:39,0,real,h264_crf35,0.1835753619670868,0.1835753619670868,0
trimoe,three_domain_moe,371,original_faces_c23/485,ffpp_test:39,0,real,h264_crf35,0.2132474184036255,0.2132474184036255,0
trimoe,three_domain_moe,372,deepfakes_faces_c23/425_485,ffpp_test:39,1,deepfakes,h264_crf35,0.7706061601638794,0.7706061601638794,1
trimoe,three_domain_moe,373,deepfakes_faces_c23/485_425,ffpp_test:39,1,deepfakes,h264_crf35,0.4365205764770508,0.4365205764770508,0
trimoe,three_domain_moe,374,face2face_faces_c23/425_485,ffpp_test:39,1,face2face,h264_crf35,0.6062099933624268,0.6062099933624268,0
trimoe,three_domain_moe,375,face2face_faces_c23/485_425,ffpp_test:39,1,face2face,h264_crf35,0.3853108286857605,0.3853108286857605,0
trimoe,three_domain_moe,376,faceswap_faces_c23/425_485,ffpp_test:39,1,faceswap,h264_crf35,0.7165607810020447,0.7165607810020447,1
trimoe,three_domain_moe,377,faceswap_faces_c23/485_425,ffpp_test:39,1,faceswap,h264_crf35,0.7832042574882507,0.7832042574882507,1
trimoe,three_domain_moe,378,neuraltextures_faces_c23/425_485,ffpp_test:39,1,neuraltextures,h264_crf35,0.2823288142681122,0.2823288142681122,0
trimoe,three_domain_moe,379,neuraltextures_faces_c23/485_425,ffpp_test:39,1,neuraltextures,h264_crf35,0.38012298941612244,0.38012298941612244,0
trimoe,three_domain_moe,380,original_faces_c23/388,ffpp_test:26,0,real,h264_crf35,0.48747456073760986,0.48747456073760986,1
trimoe,three_domain_moe,381,original_faces_c23/308,ffpp_test:26,0,real,h264_crf35,0.33939027786254883,0.33939027786254883,0
trimoe,three_domain_moe,382,deepfakes_faces_c23/388_308,ffpp_test:26,1,deepfakes,h264_crf35,0.43761691451072693,0.43761691451072693,1
trimoe,three_domain_moe,383,deepfakes_faces_c23/308_388,ffpp_test:26,1,deepfakes,h264_crf35,0.29214176535606384,0.29214176535606384,0
trimoe,three_domain_moe,384,face2face_faces_c23/388_308,ffpp_test:26,1,face2face,h264_crf35,0.7861981391906738,0.7861981391906738,1
trimoe,three_domain_moe,385,face2face_faces_c23/308_388,ffpp_test:26,1,face2face,h264_crf35,0.6327220797538757,0.6327220797538757,0
trimoe,three_domain_moe,386,faceswap_faces_c23/388_308,ffpp_test:26,1,faceswap,h264_crf35,0.5881320238113403,0.5881320238113403,0
trimoe,three_domain_moe,387,faceswap_faces_c23/308_388,ffpp_test:26,1,faceswap,h264_crf35,0.7263290882110596,0.7263290882110596,1
trimoe,three_domain_moe,388,neuraltextures_faces_c23/388_308,ffpp_test:26,1,neuraltextures,h264_crf35,0.4979279935359955,0.4979279935359955,1
trimoe,three_domain_moe,389,neuraltextures_faces_c23/308_388,ffpp_test:26,1,neuraltextures,h264_crf35,0.7768611907958984,0.7768611907958984,1
trimoe,three_domain_moe,390,original_faces_c23/384,ffpp_test:32,0,real,h264_crf35,0.44027552008628845,0.44027552008628845,0
trimoe,three_domain_moe,391,original_faces_c23/932,ffpp_test:32,0,real,h264_crf35,0.5876790881156921,0.5876790881156921,1
trimoe,three_domain_moe,392,deepfakes_faces_c23/384_932,ffpp_test:32,1,deepfakes,h264_crf35,0.8270708322525024,0.8270708322525024,1
trimoe,three_domain_moe,393,deepfakes_faces_c23/932_384,ffpp_test:32,1,deepfakes,h264_crf35,0.22141659259796143,0.22141659259796143,0
trimoe,three_domain_moe,394,face2face_faces_c23/384_932,ffpp_test:32,1,face2face,h264_crf35,0.8111295700073242,0.8111295700073242,1
trimoe,three_domain_moe,395,face2face_faces_c23/932_384,ffpp_test:32,1,face2face,h264_crf35,0.28751856088638306,0.28751856088638306,0
trimoe,three_domain_moe,396,faceswap_faces_c23/384_932,ffpp_test:32,1,faceswap,h264_crf35,0.5318424701690674,0.5318424701690674,0
trimoe,three_domain_moe,397,faceswap_faces_c23/932_384,ffpp_test:32,1,faceswap,h264_crf35,0.24473819136619568,0.24473819136619568,0
trimoe,three_domain_moe,398,neuraltextures_faces_c23/384_932,ffpp_test:32,1,neuraltextures,h264_crf35,0.4979051947593689,0.4979051947593689,0
trimoe,three_domain_moe,399,neuraltextures_faces_c23/932_384,ffpp_test:32,1,neuraltextures,h264_crf35,0.5077061653137207,0.5077061653137207,1
trimoe,three_domain_moe,400,original_faces_c23/035,ffpp_test:5,0,real,h264_crf35,0.49961555004119873,0.49961555004119873,0
trimoe,three_domain_moe,401,original_faces_c23/036,ffpp_test:5,0,real,h264_crf35,0.24556666612625122,0.24556666612625122,0
trimoe,three_domain_moe,402,deepfakes_faces_c23/035_036,ffpp_test:5,1,deepfakes,h264_crf35,0.48902279138565063,0.48902279138565063,0
trimoe,three_domain_moe,403,deepfakes_faces_c23/036_035,ffpp_test:5,1,deepfakes,h264_crf35,0.45476263761520386,0.45476263761520386,0
trimoe,three_domain_moe,404,face2face_faces_c23/035_036,ffpp_test:5,1,face2face,h264_crf35,0.5057905316352844,0.5057905316352844,0
trimoe,three_domain_moe,405,face2face_faces_c23/036_035,ffpp_test:5,1,face2face,h264_crf35,0.4728493094444275,0.4728493094444275,0
trimoe,three_domain_moe,406,faceswap_faces_c23/035_036,ffpp_test:5,1,faceswap,h264_crf35,0.4960283637046814,0.4960283637046814,0
trimoe,three_domain_moe,407,faceswap_faces_c23/036_035,ffpp_test:5,1,faceswap,h264_crf35,0.24109278619289398,0.24109278619289398,0
trimoe,three_domain_moe,408,neuraltextures_faces_c23/035_036,ffpp_test:5,1,neuraltextures,h264_crf35,0.5055898427963257,0.5055898427963257,0
trimoe,three_domain_moe,409,neuraltextures_faces_c23/036_035,ffpp_test:5,1,neuraltextures,h264_crf35,0.31538116931915283,0.31538116931915283,0
trimoe,three_domain_moe,410,original_faces_c23/257,ffpp_test:23,0,real,h264_crf35,0.3696126341819763,0.3696126341819763,0
trimoe,three_domain_moe,411,original_faces_c23/420,ffpp_test:23,0,real,h264_crf35,0.38059505820274353,0.38059505820274353,0
trimoe,three_domain_moe,412,deepfakes_faces_c23/257_420,ffpp_test:23,1,deepfakes,h264_crf35,0.4832513928413391,0.4832513928413391,0
trimoe,three_domain_moe,413,deepfakes_faces_c23/420_257,ffpp_test:23,1,deepfakes,h264_crf35,0.40679165720939636,0.40679165720939636,0
trimoe,three_domain_moe,414,face2face_faces_c23/257_420,ffpp_test:23,1,face2face,h264_crf35,0.49677538871765137,0.49677538871765137,0
trimoe,three_domain_moe,415,face2face_faces_c23/420_257,ffpp_test:23,1,face2face,h264_crf35,0.3927948474884033,0.3927948474884033,0
trimoe,three_domain_moe,416,faceswap_faces_c23/257_420,ffpp_test:23,1,faceswap,h264_crf35,0.23924052715301514,0.23924052715301514,0
trimoe,three_domain_moe,417,faceswap_faces_c23/420_257,ffpp_test:23,1,faceswap,h264_crf35,0.4703737199306488,0.4703737199306488,0
trimoe,three_domain_moe,418,neuraltextures_faces_c23/257_420,ffpp_test:23,1,neuraltextures,h264_crf35,0.7426155805587769,0.7426155805587769,1
trimoe,three_domain_moe,419,neuraltextures_faces_c23/420_257,ffpp_test:23,1,neuraltextures,h264_crf35,0.4469315707683563,0.4469315707683563,0
trimoe,three_domain_moe,420,original_faces_c23/924,ffpp_test:67,0,real,h264_crf35,0.5461493134498596,0.5461493134498596,1
trimoe,three_domain_moe,421,original_faces_c23/917,ffpp_test:67,0,real,h264_crf35,0.7569610476493835,0.7569610476493835,1
trimoe,three_domain_moe,422,deepfakes_faces_c23/924_917,ffpp_test:67,1,deepfakes,h264_crf35,0.30834245681762695,0.30834245681762695,0
trimoe,three_domain_moe,423,deepfakes_faces_c23/917_924,ffpp_test:67,1,deepfakes,h264_crf35,0.4594314992427826,0.4594314992427826,1
trimoe,three_domain_moe,424,face2face_faces_c23/924_917,ffpp_test:67,1,face2face,h264_crf35,0.7873009443283081,0.7873009443283081,1
trimoe,three_domain_moe,425,face2face_faces_c23/917_924,ffpp_test:67,1,face2face,h264_crf35,0.4770570695400238,0.4770570695400238,1
trimoe,three_domain_moe,426,faceswap_faces_c23/924_917,ffpp_test:67,1,faceswap,h264_crf35,0.7721297144889832,0.7721297144889832,1
trimoe,three_domain_moe,427,faceswap_faces_c23/917_924,ffpp_test:67,1,faceswap,h264_crf35,0.7614850401878357,0.7614850401878357,1
trimoe,three_domain_moe,428,neuraltextures_faces_c23/924_917,ffpp_test:67,1,neuraltextures,h264_crf35,0.7437677383422852,0.7437677383422852,1
trimoe,three_domain_moe,429,neuraltextures_faces_c23/917_924,ffpp_test:67,1,neuraltextures,h264_crf35,0.7782605886459351,0.7782605886459351,1
trimoe,three_domain_moe,430,original_faces_c23/114,ffpp_test:9,0,real,h264_crf35,0.7986010313034058,0.7986010313034058,1
trimoe,three_domain_moe,431,original_faces_c23/102,ffpp_test:9,0,real,h264_crf35,0.22981399297714233,0.22981399297714233,0
trimoe,three_domain_moe,432,deepfakes_faces_c23/114_102,ffpp_test:9,1,deepfakes,h264_crf35,0.4600634276866913,0.4600634276866913,0
trimoe,three_domain_moe,433,deepfakes_faces_c23/102_114,ffpp_test:9,1,deepfakes,h264_crf35,0.3796854019165039,0.3796854019165039,0
trimoe,three_domain_moe,434,face2face_faces_c23/114_102,ffpp_test:9,1,face2face,h264_crf35,0.7697714567184448,0.7697714567184448,1
trimoe,three_domain_moe,435,face2face_faces_c23/102_114,ffpp_test:9,1,face2face,h264_crf35,0.4638168513774872,0.4638168513774872,0
trimoe,three_domain_moe,436,faceswap_faces_c23/114_102,ffpp_test:9,1,faceswap,h264_crf35,0.8277875781059265,0.8277875781059265,1
trimoe,three_domain_moe,437,faceswap_faces_c23/102_114,ffpp_test:9,1,faceswap,h264_crf35,0.4159214496612549,0.4159214496612549,0
trimoe,three_domain_moe,438,neuraltextures_faces_c23/114_102,ffpp_test:9,1,neuraltextures,h264_crf35,0.48327183723449707,0.48327183723449707,1
trimoe,three_domain_moe,439,neuraltextures_faces_c23/102_114,ffpp_test:9,1,neuraltextures,h264_crf35,0.6842323541641235,0.6842323541641235,1
trimoe,three_domain_moe,440,original_faces_c23/732,ffpp_test:56,0,real,h264_crf35,0.43647271394729614,0.43647271394729614,0
trimoe,three_domain_moe,441,original_faces_c23/691,ffpp_test:56,0,real,h264_crf35,0.2993982434272766,0.2993982434272766,0
trimoe,three_domain_moe,442,deepfakes_faces_c23/732_691,ffpp_test:56,1,deepfakes,h264_crf35,0.23664036393165588,0.23664036393165588,0
trimoe,three_domain_moe,443,deepfakes_faces_c23/691_732,ffpp_test:56,1,deepfakes,h264_crf35,0.46677523851394653,0.46677523851394653,1
trimoe,three_domain_moe,444,face2face_faces_c23/732_691,ffpp_test:56,1,face2face,h264_crf35,0.22237837314605713,0.22237837314605713,0
trimoe,three_domain_moe,445,face2face_faces_c23/691_732,ffpp_test:56,1,face2face,h264_crf35,0.48640191555023193,0.48640191555023193,1
trimoe,three_domain_moe,446,faceswap_faces_c23/732_691,ffpp_test:56,1,faceswap,h264_crf35,0.17388859391212463,0.17388859391212463,0
trimoe,three_domain_moe,447,faceswap_faces_c23/691_732,ffpp_test:56,1,faceswap,h264_crf35,0.3170592784881592,0.3170592784881592,0
trimoe,three_domain_moe,448,neuraltextures_faces_c23/732_691,ffpp_test:56,1,neuraltextures,h264_crf35,0.425076425075531,0.425076425075531,0
trimoe,three_domain_moe,449,neuraltextures_faces_c23/691_732,ffpp_test:56,1,neuraltextures,h264_crf35,0.4879770278930664,0.4879770278930664,1
trimoe,three_domain_moe,450,original_faces_c23/550,ffpp_test:41,0,real,h264_crf35,0.4294549822807312,0.4294549822807312,0
trimoe,three_domain_moe,451,original_faces_c23/452,ffpp_test:41,0,real,h264_crf35,0.2888312041759491,0.2888312041759491,0
trimoe,three_domain_moe,452,deepfakes_faces_c23/550_452,ffpp_test:41,1,deepfakes,h264_crf35,0.370878666639328,0.370878666639328,0
trimoe,three_domain_moe,453,deepfakes_faces_c23/452_550,ffpp_test:41,1,deepfakes,h264_crf35,0.3531579375267029,0.3531579375267029,0
trimoe,three_domain_moe,454,face2face_faces_c23/550_452,ffpp_test:41,1,face2face,h264_crf35,0.4364425837993622,0.4364425837993622,0
trimoe,three_domain_moe,455,face2face_faces_c23/452_550,ffpp_test:41,1,face2face,h264_crf35,0.26036810874938965,0.26036810874938965,0
trimoe,three_domain_moe,456,faceswap_faces_c23/550_452,ffpp_test:41,1,faceswap,h264_crf35,0.34408900141716003,0.34408900141716003,0
trimoe,three_domain_moe,457,faceswap_faces_c23/452_550,ffpp_test:41,1,faceswap,h264_crf35,0.3136521577835083,0.3136521577835083,0
trimoe,three_domain_moe,458,neuraltextures_faces_c23/550_452,ffpp_test:41,1,neuraltextures,h264_crf35,0.46516817808151245,0.46516817808151245,0
trimoe,three_domain_moe,459,neuraltextures_faces_c23/452_550,ffpp_test:41,1,neuraltextures,h264_crf35,0.24894103407859802,0.24894103407859802,0
trimoe,three_domain_moe,460,original_faces_c23/280,ffpp_test:22,0,real,h264_crf35,0.4177019000053406,0.4177019000053406,1
trimoe,three_domain_moe,461,original_faces_c23/249,ffpp_test:22,0,real,h264_crf35,0.46743059158325195,0.46743059158325195,0
trimoe,three_domain_moe,462,deepfakes_faces_c23/280_249,ffpp_test:22,1,deepfakes,h264_crf35,0.4846218526363373,0.4846218526363373,1
trimoe,three_domain_moe,463,deepfakes_faces_c23/249_280,ffpp_test:22,1,deepfakes,h264_crf35,0.49716663360595703,0.49716663360595703,0
trimoe,three_domain_moe,464,face2face_faces_c23/280_249,ffpp_test:22,1,face2face,h264_crf35,0.3804868161678314,0.3804868161678314,1
trimoe,three_domain_moe,465,face2face_faces_c23/249_280,ffpp_test:22,1,face2face,h264_crf35,0.7678378820419312,0.7678378820419312,1
trimoe,three_domain_moe,466,faceswap_faces_c23/280_249,ffpp_test:22,1,faceswap,h264_crf35,0.46678441762924194,0.46678441762924194,1
trimoe,three_domain_moe,467,faceswap_faces_c23/249_280,ffpp_test:22,1,faceswap,h264_crf35,0.4565766751766205,0.4565766751766205,0
trimoe,three_domain_moe,468,neuraltextures_faces_c23/280_249,ffpp_test:22,1,neuraltextures,h264_crf35,0.4541018605232239,0.4541018605232239,1
trimoe,three_domain_moe,469,neuraltextures_faces_c23/249_280,ffpp_test:22,1,neuraltextures,h264_crf35,0.35078686475753784,0.35078686475753784,0
trimoe,three_domain_moe,470,original_faces_c23/842,ffpp_test:58,0,real,h264_crf35,0.6006203889846802,0.6006203889846802,0
trimoe,three_domain_moe,471,original_faces_c23/714,ffpp_test:58,0,real,h264_crf35,0.21479003131389618,0.21479003131389618,0
trimoe,three_domain_moe,472,deepfakes_faces_c23/842_714,ffpp_test:58,1,deepfakes,h264_crf35,0.7008094191551208,0.7008094191551208,1
trimoe,three_domain_moe,473,deepfakes_faces_c23/714_842,ffpp_test:58,1,deepfakes,h264_crf35,0.45135924220085144,0.45135924220085144,0
trimoe,three_domain_moe,474,face2face_faces_c23/842_714,ffpp_test:58,1,face2face,h264_crf35,0.6337401270866394,0.6337401270866394,0
trimoe,three_domain_moe,475,face2face_faces_c23/714_842,ffpp_test:58,1,face2face,h264_crf35,0.6224896907806396,0.6224896907806396,0
trimoe,three_domain_moe,476,faceswap_faces_c23/842_714,ffpp_test:58,1,faceswap,h264_crf35,0.6199781894683838,0.6199781894683838,0
trimoe,three_domain_moe,477,faceswap_faces_c23/714_842,ffpp_test:58,1,faceswap,h264_crf35,0.5244216918945312,0.5244216918945312,0
trimoe,three_domain_moe,478,neuraltextures_faces_c23/842_714,ffpp_test:58,1,neuraltextures,h264_crf35,0.6916558146476746,0.6916558146476746,1
trimoe,three_domain_moe,479,neuraltextures_faces_c23/714_842,ffpp_test:58,1,neuraltextures,h264_crf35,0.26624175906181335,0.26624175906181335,0
trimoe,three_domain_moe,480,original_faces_c23/625,ffpp_test:52,0,real,h264_crf35,0.3178759515285492,0.3178759515285492,0
trimoe,three_domain_moe,481,original_faces_c23/650,ffpp_test:52,0,real,h264_crf35,0.4689663350582123,0.4689663350582123,0
trimoe,three_domain_moe,482,deepfakes_faces_c23/625_650,ffpp_test:52,1,deepfakes,h264_crf35,0.4706037938594818,0.4706037938594818,0
trimoe,three_domain_moe,483,deepfakes_faces_c23/650_625,ffpp_test:52,1,deepfakes,h264_crf35,0.3241978883743286,0.3241978883743286,0
trimoe,three_domain_moe,484,face2face_faces_c23/625_650,ffpp_test:52,1,face2face,h264_crf35,0.48356911540031433,0.48356911540031433,0
trimoe,three_domain_moe,485,face2face_faces_c23/650_625,ffpp_test:52,1,face2face,h264_crf35,0.41180551052093506,0.41180551052093506,0
trimoe,three_domain_moe,486,faceswap_faces_c23/625_650,ffpp_test:52,1,faceswap,h264_crf35,0.556545615196228,0.556545615196228,0
trimoe,three_domain_moe,487,faceswap_faces_c23/650_625,ffpp_test:52,1,faceswap,h264_crf35,0.7610511779785156,0.7610511779785156,1
trimoe,three_domain_moe,488,neuraltextures_faces_c23/625_650,ffpp_test:52,1,neuraltextures,h264_crf35,0.3637789189815521,0.3637789189815521,0
trimoe,three_domain_moe,489,neuraltextures_faces_c23/650_625,ffpp_test:52,1,neuraltextures,h264_crf35,0.46641263365745544,0.46641263365745544,0
trimoe,three_domain_moe,490,original_faces_c23/024,ffpp_test:3,0,real,h264_crf35,0.3590678572654724,0.3590678572654724,0
trimoe,three_domain_moe,491,original_faces_c23/073,ffpp_test:3,0,real,h264_crf35,0.3551114499568939,0.3551114499568939,0
trimoe,three_domain_moe,492,deepfakes_faces_c23/024_073,ffpp_test:3,1,deepfakes,h264_crf35,0.4465612769126892,0.4465612769126892,0
trimoe,three_domain_moe,493,deepfakes_faces_c23/073_024,ffpp_test:3,1,deepfakes,h264_crf35,0.4949871897697449,0.4949871897697449,0
trimoe,three_domain_moe,494,face2face_faces_c23/024_073,ffpp_test:3,1,face2face,h264_crf35,0.23944541811943054,0.23944541811943054,0
trimoe,three_domain_moe,495,face2face_faces_c23/073_024,ffpp_test:3,1,face2face,h264_crf35,0.8174235820770264,0.8174235820770264,1
trimoe,three_domain_moe,496,faceswap_faces_c23/024_073,ffpp_test:3,1,faceswap,h264_crf35,0.8110227584838867,0.8110227584838867,1
trimoe,three_domain_moe,497,faceswap_faces_c23/073_024,ffpp_test:3,1,faceswap,h264_crf35,0.6450424194335938,0.6450424194335938,0
trimoe,three_domain_moe,498,neuraltextures_faces_c23/024_073,ffpp_test:3,1,neuraltextures,h264_crf35,0.48734593391418457,0.48734593391418457,0
trimoe,three_domain_moe,499,neuraltextures_faces_c23/073_024,ffpp_test:3,1,neuraltextures,h264_crf35,0.7117307186126709,0.7117307186126709,1
trimoe,three_domain_moe,500,original_faces_c23/044,ffpp_test:6,0,real,h264_crf35,0.713773250579834,0.713773250579834,1
trimoe,three_domain_moe,501,original_faces_c23/945,ffpp_test:6,0,real,h264_crf35,0.30586713552474976,0.30586713552474976,0
trimoe,three_domain_moe,502,deepfakes_faces_c23/044_945,ffpp_test:6,1,deepfakes,h264_crf35,0.5234944224357605,0.5234944224357605,0
trimoe,three_domain_moe,503,deepfakes_faces_c23/945_044,ffpp_test:6,1,deepfakes,h264_crf35,0.2443513572216034,0.2443513572216034,0
trimoe,three_domain_moe,504,face2face_faces_c23/044_945,ffpp_test:6,1,face2face,h264_crf35,0.728745698928833,0.728745698928833,1
trimoe,three_domain_moe,505,face2face_faces_c23/945_044,ffpp_test:6,1,face2face,h264_crf35,0.21815094351768494,0.21815094351768494,0
trimoe,three_domain_moe,506,faceswap_faces_c23/044_945,ffpp_test:6,1,faceswap,h264_crf35,0.7941059470176697,0.7941059470176697,1
trimoe,three_domain_moe,507,faceswap_faces_c23/945_044,ffpp_test:6,1,faceswap,h264_crf35,0.5206510424613953,0.5206510424613953,1
trimoe,three_domain_moe,508,neuraltextures_faces_c23/044_945,ffpp_test:6,1,neuraltextures,h264_crf35,0.7498912215232849,0.7498912215232849,1
trimoe,three_domain_moe,509,neuraltextures_faces_c23/945_044,ffpp_test:6,1,neuraltextures,h264_crf35,0.2275591939687729,0.2275591939687729,0
trimoe,three_domain_moe,510,original_faces_c23/896,ffpp_test:10,0,real,h264_crf35,0.5014294385910034,0.5014294385910034,1
trimoe,three_domain_moe,511,original_faces_c23/128,ffpp_test:10,0,real,h264_crf35,0.4593748450279236,0.4593748450279236,0
trimoe,three_domain_moe,512,deepfakes_faces_c23/896_128,ffpp_test:10,1,deepfakes,h264_crf35,0.3534630239009857,0.3534630239009857,1
trimoe,three_domain_moe,513,deepfakes_faces_c23/128_896,ffpp_test:10,1,deepfakes,h264_crf35,0.48457401990890503,0.48457401990890503,0
trimoe,three_domain_moe,514,face2face_faces_c23/896_128,ffpp_test:10,1,face2face,h264_crf35,0.5045310258865356,0.5045310258865356,1
trimoe,three_domain_moe,515,face2face_faces_c23/128_896,ffpp_test:10,1,face2face,h264_crf35,0.47217750549316406,0.47217750549316406,0
trimoe,three_domain_moe,516,faceswap_faces_c23/896_128,ffpp_test:10,1,faceswap,h264_crf35,0.5299923419952393,0.5299923419952393,1
trimoe,three_domain_moe,517,faceswap_faces_c23/128_896,ffpp_test:10,1,faceswap,h264_crf35,0.4747653007507324,0.4747653007507324,0
trimoe,three_domain_moe,518,neuraltextures_faces_c23/896_128,ffpp_test:10,1,neuraltextures,h264_crf35,0.45128554105758667,0.45128554105758667,1
trimoe,three_domain_moe,519,neuraltextures_faces_c23/128_896,ffpp_test:10,1,neuraltextures,h264_crf35,0.48563218116760254,0.48563218116760254,0
trimoe,three_domain_moe,520,original_faces_c23/862,ffpp_test:7,0,real,h264_crf35,0.3729499280452728,0.3729499280452728,0
trimoe,three_domain_moe,521,original_faces_c23/047,ffpp_test:7,0,real,h264_crf35,0.46934664249420166,0.46934664249420166,0
trimoe,three_domain_moe,522,deepfakes_faces_c23/862_047,ffpp_test:7,1,deepfakes,h264_crf35,0.49501165747642517,0.49501165747642517,1
trimoe,three_domain_moe,523,deepfakes_faces_c23/047_862,ffpp_test:7,1,deepfakes,h264_crf35,0.4736994206905365,0.4736994206905365,0
trimoe,three_domain_moe,524,face2face_faces_c23/862_047,ffpp_test:7,1,face2face,h264_crf35,0.49298346042633057,0.49298346042633057,1
trimoe,three_domain_moe,525,face2face_faces_c23/047_862,ffpp_test:7,1,face2face,h264_crf35,0.8029348850250244,0.8029348850250244,1
trimoe,three_domain_moe,526,faceswap_faces_c23/862_047,ffpp_test:7,1,faceswap,h264_crf35,0.4991171360015869,0.4991171360015869,1
trimoe,three_domain_moe,527,faceswap_faces_c23/047_862,ffpp_test:7,1,faceswap,h264_crf35,0.812751293182373,0.812751293182373,1
trimoe,three_domain_moe,528,neuraltextures_faces_c23/862_047,ffpp_test:7,1,neuraltextures,h264_crf35,0.4942617118358612,0.4942617118358612,1
trimoe,three_domain_moe,529,neuraltextures_faces_c23/047_862,ffpp_test:7,1,neuraltextures,h264_crf35,0.4915692210197449,0.4915692210197449,0
trimoe,three_domain_moe,530,original_faces_c23/607,ffpp_test:49,0,real,h264_crf35,0.4083627164363861,0.4083627164363861,1
trimoe,three_domain_moe,531,original_faces_c23/683,ffpp_test:49,0,real,h264_crf35,0.4150828719139099,0.4150828719139099,0
trimoe,three_domain_moe,532,deepfakes_faces_c23/607_683,ffpp_test:49,1,deepfakes,h264_crf35,0.4136040210723877,0.4136040210723877,1
trimoe,three_domain_moe,533,deepfakes_faces_c23/683_607,ffpp_test:49,1,deepfakes,h264_crf35,0.4551647901535034,0.4551647901535034,0
trimoe,three_domain_moe,534,face2face_faces_c23/607_683,ffpp_test:49,1,face2face,h264_crf35,0.42527255415916443,0.42527255415916443,1
trimoe,three_domain_moe,535,face2face_faces_c23/683_607,ffpp_test:49,1,face2face,h264_crf35,0.37820714712142944,0.37820714712142944,0
trimoe,three_domain_moe,536,faceswap_faces_c23/607_683,ffpp_test:49,1,faceswap,h264_crf35,0.419688880443573,0.419688880443573,1
trimoe,three_domain_moe,537,faceswap_faces_c23/683_607,ffpp_test:49,1,faceswap,h264_crf35,0.7932731509208679,0.7932731509208679,1
trimoe,three_domain_moe,538,neuraltextures_faces_c23/607_683,ffpp_test:49,1,neuraltextures,h264_crf35,0.4100300073623657,0.4100300073623657,1
trimoe,three_domain_moe,539,neuraltextures_faces_c23/683_607,ffpp_test:49,1,neuraltextures,h264_crf35,0.3406427502632141,0.3406427502632141,0
trimoe,three_domain_moe,540,original_faces_c23/517,ffpp_test:45,0,real,h264_crf35,0.7240015268325806,0.7240015268325806,1
trimoe,three_domain_moe,541,original_faces_c23/521,ffpp_test:45,0,real,h264_crf35,0.2716045677661896,0.2716045677661896,0
trimoe,three_domain_moe,542,deepfakes_faces_c23/517_521,ffpp_test:45,1,deepfakes,h264_crf35,0.3736391067504883,0.3736391067504883,0
trimoe,three_domain_moe,543,deepfakes_faces_c23/521_517,ffpp_test:45,1,deepfakes,h264_crf35,0.7302296161651611,0.7302296161651611,1
trimoe,three_domain_moe,544,face2face_faces_c23/517_521,ffpp_test:45,1,face2face,h264_crf35,0.507512629032135,0.507512629032135,0
trimoe,three_domain_moe,545,face2face_faces_c23/521_517,ffpp_test:45,1,face2face,h264_crf35,0.6396792531013489,0.6396792531013489,1
trimoe,three_domain_moe,546,faceswap_faces_c23/517_521,ffpp_test:45,1,faceswap,h264_crf35,0.6366987824440002,0.6366987824440002,0
trimoe,three_domain_moe,547,faceswap_faces_c23/521_517,ffpp_test:45,1,faceswap,h264_crf35,0.6226601600646973,0.6226601600646973,0
trimoe,three_domain_moe,548,neuraltextures_faces_c23/517_521,ffpp_test:45,1,neuraltextures,h264_crf35,0.4618925452232361,0.4618925452232361,0
trimoe,three_domain_moe,549,neuraltextures_faces_c23/521_517,ffpp_test:45,1,neuraltextures,h264_crf35,0.5424178838729858,0.5424178838729858,0
trimoe,three_domain_moe,550,original_faces_c23/682,ffpp_test:55,0,real,h264_crf35,0.2000952661037445,0.2000952661037445,0
trimoe,three_domain_moe,551,original_faces_c23/669,ffpp_test:55,0,real,h264_crf35,0.4785277843475342,0.4785277843475342,0
trimoe,three_domain_moe,552,deepfakes_faces_c23/682_669,ffpp_test:55,1,deepfakes,h264_crf35,0.5018244981765747,0.5018244981765747,0
trimoe,three_domain_moe,553,deepfakes_faces_c23/669_682,ffpp_test:55,1,deepfakes,h264_crf35,0.34202277660369873,0.34202277660369873,0
trimoe,three_domain_moe,554,face2face_faces_c23/682_669,ffpp_test:55,1,face2face,h264_crf35,0.46775197982788086,0.46775197982788086,0
trimoe,three_domain_moe,555,face2face_faces_c23/669_682,ffpp_test:55,1,face2face,h264_crf35,0.4826452434062958,0.4826452434062958,0
trimoe,three_domain_moe,556,faceswap_faces_c23/682_669,ffpp_test:55,1,faceswap,h264_crf35,0.42547664046287537,0.42547664046287537,0
trimoe,three_domain_moe,557,faceswap_faces_c23/669_682,ffpp_test:55,1,faceswap,h264_crf35,0.6943299174308777,0.6943299174308777,1
trimoe,three_domain_moe,558,neuraltextures_faces_c23/682_669,ffpp_test:55,1,neuraltextures,h264_crf35,0.5141741633415222,0.5141741633415222,0
trimoe,three_domain_moe,559,neuraltextures_faces_c23/669_682,ffpp_test:55,1,neuraltextures,h264_crf35,0.7187206149101257,0.7187206149101257,1
trimoe,three_domain_moe,560,original_faces_c23/138,ffpp_test:12,0,real,h264_crf35,0.7336375713348389,0.7336375713348389,1
trimoe,three_domain_moe,561,original_faces_c23/142,ffpp_test:12,0,real,h264_crf35,0.473075270652771,0.473075270652771,0
trimoe,three_domain_moe,562,deepfakes_faces_c23/138_142,ffpp_test:12,1,deepfakes,h264_crf35,0.7999235987663269,0.7999235987663269,1
trimoe,three_domain_moe,563,deepfakes_faces_c23/142_138,ffpp_test:12,1,deepfakes,h264_crf35,0.4171966016292572,0.4171966016292572,1
trimoe,three_domain_moe,564,face2face_faces_c23/138_142,ffpp_test:12,1,face2face,h264_crf35,0.8240746259689331,0.8240746259689331,1
trimoe,three_domain_moe,565,face2face_faces_c23/142_138,ffpp_test:12,1,face2face,h264_crf35,0.7217235565185547,0.7217235565185547,1
trimoe,three_domain_moe,566,faceswap_faces_c23/138_142,ffpp_test:12,1,faceswap,h264_crf35,0.8164727091789246,0.8164727091789246,1
trimoe,three_domain_moe,567,faceswap_faces_c23/142_138,ffpp_test:12,1,faceswap,h264_crf35,0.4037134051322937,0.4037134051322937,0
trimoe,three_domain_moe,568,neuraltextures_faces_c23/138_142,ffpp_test:12,1,neuraltextures,h264_crf35,0.811944842338562,0.811944842338562,1
trimoe,three_domain_moe,569,neuraltextures_faces_c23/142_138,ffpp_test:12,1,neuraltextures,h264_crf35,0.3462972044944763,0.3462972044944763,0
trimoe,three_domain_moe,570,original_faces_c23/552,ffpp_test:47,0,real,h264_crf35,0.4173057973384857,0.4173057973384857,0
trimoe,three_domain_moe,571,original_faces_c23/851,ffpp_test:47,0,real,h264_crf35,0.5026654005050659,0.5026654005050659,0
trimoe,three_domain_moe,572,deepfakes_faces_c23/552_851,ffpp_test:47,1,deepfakes,h264_crf35,0.486758291721344,0.486758291721344,0
trimoe,three_domain_moe,573,deepfakes_faces_c23/851_552,ffpp_test:47,1,deepfakes,h264_crf35,0.4474552571773529,0.4474552571773529,0
trimoe,three_domain_moe,574,face2face_faces_c23/552_851,ffpp_test:47,1,face2face,h264_crf35,0.39219269156455994,0.39219269156455994,0
trimoe,three_domain_moe,575,face2face_faces_c23/851_552,ffpp_test:47,1,face2face,h264_crf35,0.7170238494873047,0.7170238494873047,1
trimoe,three_domain_moe,576,faceswap_faces_c23/552_851,ffpp_test:47,1,faceswap,h264_crf35,0.7502517700195312,0.7502517700195312,1
trimoe,three_domain_moe,577,faceswap_faces_c23/851_552,ffpp_test:47,1,faceswap,h264_crf35,0.5090286731719971,0.5090286731719971,0
trimoe,three_domain_moe,578,neuraltextures_faces_c23/552_851,ffpp_test:47,1,neuraltextures,h264_crf35,0.38617464900016785,0.38617464900016785,0
trimoe,three_domain_moe,579,neuraltextures_faces_c23/851_552,ffpp_test:47,1,neuraltextures,h264_crf35,0.7563327550888062,0.7563327550888062,1
trimoe,three_domain_moe,580,original_faces_c23/376,ffpp_test:31,0,real,h264_crf35,0.21564948558807373,0.21564948558807373,0
trimoe,three_domain_moe,581,original_faces_c23/381,ffpp_test:31,0,real,h264_crf35,0.45370686054229736,0.45370686054229736,0
trimoe,three_domain_moe,582,deepfakes_faces_c23/376_381,ffpp_test:31,1,deepfakes,h264_crf35,0.20426255464553833,0.20426255464553833,0
trimoe,three_domain_moe,583,deepfakes_faces_c23/381_376,ffpp_test:31,1,deepfakes,h264_crf35,0.49382132291793823,0.49382132291793823,1
trimoe,three_domain_moe,584,face2face_faces_c23/376_381,ffpp_test:31,1,face2face,h264_crf35,0.5463347434997559,0.5463347434997559,0
trimoe,three_domain_moe,585,face2face_faces_c23/381_376,ffpp_test:31,1,face2face,h264_crf35,0.5148093700408936,0.5148093700408936,1
trimoe,three_domain_moe,586,faceswap_faces_c23/376_381,ffpp_test:31,1,faceswap,h264_crf35,0.5004900693893433,0.5004900693893433,0
trimoe,three_domain_moe,587,faceswap_faces_c23/381_376,ffpp_test:31,1,faceswap,h264_crf35,0.7916923761367798,0.7916923761367798,1
trimoe,three_domain_moe,588,neuraltextures_faces_c23/376_381,ffpp_test:31,1,neuraltextures,h264_crf35,0.5039447546005249,0.5039447546005249,0
trimoe,three_domain_moe,589,neuraltextures_faces_c23/381_376,ffpp_test:31,1,neuraltextures,h264_crf35,0.4646584391593933,0.4646584391593933,1
trimoe,three_domain_moe,590,original_faces_c23/000,ffpp_test:0,0,real,h264_crf35,0.307725727558136,0.307725727558136,0
trimoe,three_domain_moe,591,original_faces_c23/003,ffpp_test:0,0,real,h264_crf35,0.2097625434398651,0.2097625434398651,0
trimoe,three_domain_moe,592,deepfakes_faces_c23/000_003,ffpp_test:0,1,deepfakes,h264_crf35,0.5021555423736572,0.5021555423736572,1
trimoe,three_domain_moe,593,deepfakes_faces_c23/003_000,ffpp_test:0,1,deepfakes,h264_crf35,0.43995222449302673,0.43995222449302673,0
trimoe,three_domain_moe,594,face2face_faces_c23/000_003,ffpp_test:0,1,face2face,h264_crf35,0.626940131187439,0.626940131187439,1
trimoe,three_domain_moe,595,face2face_faces_c23/003_000,ffpp_test:0,1,face2face,h264_crf35,0.423947811126709,0.423947811126709,0
trimoe,three_domain_moe,596,faceswap_faces_c23/000_003,ffpp_test:0,1,faceswap,h264_crf35,0.5376236438751221,0.5376236438751221,1
trimoe,three_domain_moe,597,faceswap_faces_c23/003_000,ffpp_test:0,1,faceswap,h264_crf35,0.5449288487434387,0.5449288487434387,0
trimoe,three_domain_moe,598,neuraltextures_faces_c23/000_003,ffpp_test:0,1,neuraltextures,h264_crf35,0.4930625855922699,0.4930625855922699,1
trimoe,three_domain_moe,599,neuraltextures_faces_c23/003_000,ffpp_test:0,1,neuraltextures,h264_crf35,0.34420129656791687,0.34420129656791687,0
trimoe,three_domain_moe,600,original_faces_c23/048,ffpp_test:4,0,real,h264_crf35,0.1817169487476349,0.1817169487476349,0
trimoe,three_domain_moe,601,original_faces_c23/029,ffpp_test:4,0,real,h264_crf35,0.46752938628196716,0.46752938628196716,1
trimoe,three_domain_moe,602,deepfakes_faces_c23/048_029,ffpp_test:4,1,deepfakes,h264_crf35,0.8107957243919373,0.8107957243919373,1
trimoe,three_domain_moe,603,deepfakes_faces_c23/029_048,ffpp_test:4,1,deepfakes,h264_crf35,0.39093464612960815,0.39093464612960815,1
trimoe,three_domain_moe,604,face2face_faces_c23/048_029,ffpp_test:4,1,face2face,h264_crf35,0.503907322883606,0.503907322883606,1
trimoe,three_domain_moe,605,face2face_faces_c23/029_048,ffpp_test:4,1,face2face,h264_crf35,0.8230806589126587,0.8230806589126587,1
trimoe,three_domain_moe,606,faceswap_faces_c23/048_029,ffpp_test:4,1,faceswap,h264_crf35,0.6613650321960449,0.6613650321960449,1
trimoe,three_domain_moe,607,faceswap_faces_c23/029_048,ffpp_test:4,1,faceswap,h264_crf35,0.7217561602592468,0.7217561602592468,1
trimoe,three_domain_moe,608,neuraltextures_faces_c23/048_029,ffpp_test:4,1,neuraltextures,h264_crf35,0.2959827780723572,0.2959827780723572,0
trimoe,three_domain_moe,609,neuraltextures_faces_c23/029_048,ffpp_test:4,1,neuraltextures,h264_crf35,0.46880874037742615,0.46880874037742615,1
trimoe,three_domain_moe,610,original_faces_c23/724,ffpp_test:59,0,real,h264_crf35,0.4420343339443207,0.4420343339443207,0
trimoe,three_domain_moe,611,original_faces_c23/725,ffpp_test:59,0,real,h264_crf35,0.7400969862937927,0.7400969862937927,1
trimoe,three_domain_moe,612,deepfakes_faces_c23/724_725,ffpp_test:59,1,deepfakes,h264_crf35,0.3685761094093323,0.3685761094093323,0
trimoe,three_domain_moe,613,deepfakes_faces_c23/725_724,ffpp_test:59,1,deepfakes,h264_crf35,0.3689180612564087,0.3689180612564087,0
trimoe,three_domain_moe,614,face2face_faces_c23/724_725,ffpp_test:59,1,face2face,h264_crf35,0.5014073848724365,0.5014073848724365,0
trimoe,three_domain_moe,615,face2face_faces_c23/725_724,ffpp_test:59,1,face2face,h264_crf35,0.7712520360946655,0.7712520360946655,1
trimoe,three_domain_moe,616,faceswap_faces_c23/724_725,ffpp_test:59,1,faceswap,h264_crf35,0.7729736566543579,0.7729736566543579,1
trimoe,three_domain_moe,617,faceswap_faces_c23/725_724,ffpp_test:59,1,faceswap,h264_crf35,0.644666850566864,0.644666850566864,1
trimoe,three_domain_moe,618,neuraltextures_faces_c23/724_725,ffpp_test:59,1,neuraltextures,h264_crf35,0.3790760636329651,0.3790760636329651,0
trimoe,three_domain_moe,619,neuraltextures_faces_c23/725_724,ffpp_test:59,1,neuraltextures,h264_crf35,0.6376552581787109,0.6376552581787109,1
trimoe,three_domain_moe,620,original_faces_c23/608,ffpp_test:50,0,real,h264_crf35,0.7348002791404724,0.7348002791404724,1
trimoe,three_domain_moe,621,original_faces_c23/675,ffpp_test:50,0,real,h264_crf35,0.19703319668769836,0.19703319668769836,0
trimoe,three_domain_moe,622,deepfakes_faces_c23/608_675,ffpp_test:50,1,deepfakes,h264_crf35,0.4942081868648529,0.4942081868648529,0
trimoe,three_domain_moe,623,deepfakes_faces_c23/675_608,ffpp_test:50,1,deepfakes,h264_crf35,0.2171047031879425,0.2171047031879425,0
trimoe,three_domain_moe,624,face2face_faces_c23/608_675,ffpp_test:50,1,face2face,h264_crf35,0.8139755129814148,0.8139755129814148,1
trimoe,three_domain_moe,625,face2face_faces_c23/675_608,ffpp_test:50,1,face2face,h264_crf35,0.2833603620529175,0.2833603620529175,0
trimoe,three_domain_moe,626,faceswap_faces_c23/608_675,ffpp_test:50,1,faceswap,h264_crf35,0.6627840995788574,0.6627840995788574,1
trimoe,three_domain_moe,627,faceswap_faces_c23/675_608,ffpp_test:50,1,faceswap,h264_crf35,0.5165481567382812,0.5165481567382812,0
trimoe,three_domain_moe,628,neuraltextures_faces_c23/608_675,ffpp_test:50,1,neuraltextures,h264_crf35,0.6993319988250732,0.6993319988250732,1
trimoe,three_domain_moe,629,neuraltextures_faces_c23/675_608,ffpp_test:50,1,neuraltextures,h264_crf35,0.3270719051361084,0.3270719051361084,0
trimoe,three_domain_moe,630,original_faces_c23/386,ffpp_test:14,0,real,h264_crf35,0.4102652966976166,0.4102652966976166,0
trimoe,three_domain_moe,631,original_faces_c23/154,ffpp_test:14,0,real,h264_crf35,0.2964422106742859,0.2964422106742859,0
trimoe,three_domain_moe,632,deepfakes_faces_c23/386_154,ffpp_test:14,1,deepfakes,h264_crf35,0.48843812942504883,0.48843812942504883,0
trimoe,three_domain_moe,633,deepfakes_faces_c23/154_386,ffpp_test:14,1,deepfakes,h264_crf35,0.4562324285507202,0.4562324285507202,0
trimoe,three_domain_moe,634,face2face_faces_c23/386_154,ffpp_test:14,1,face2face,h264_crf35,0.5049078464508057,0.5049078464508057,0
trimoe,three_domain_moe,635,face2face_faces_c23/154_386,ffpp_test:14,1,face2face,h264_crf35,0.416183203458786,0.416183203458786,1
trimoe,three_domain_moe,636,faceswap_faces_c23/386_154,ffpp_test:14,1,faceswap,h264_crf35,0.39681702852249146,0.39681702852249146,0
trimoe,three_domain_moe,637,faceswap_faces_c23/154_386,ffpp_test:14,1,faceswap,h264_crf35,0.4357137084007263,0.4357137084007263,1
trimoe,three_domain_moe,638,neuraltextures_faces_c23/386_154,ffpp_test:14,1,neuraltextures,h264_crf35,0.4745008647441864,0.4745008647441864,0
trimoe,three_domain_moe,639,neuraltextures_faces_c23/154_386,ffpp_test:14,1,neuraltextures,h264_crf35,0.301082581281662,0.301082581281662,0
trimoe,three_domain_moe,640,original_faces_c23/220,ffpp_test:20,0,real,h264_crf35,0.40455979108810425,0.40455979108810425,1
trimoe,three_domain_moe,641,original_faces_c23/219,ffpp_test:20,0,real,h264_crf35,0.4544088542461395,0.4544088542461395,0
trimoe,three_domain_moe,642,deepfakes_faces_c23/220_219,ffpp_test:20,1,deepfakes,h264_crf35,0.6064357757568359,0.6064357757568359,1
trimoe,three_domain_moe,643,deepfakes_faces_c23/219_220,ffpp_test:20,1,deepfakes,h264_crf35,0.41668081283569336,0.41668081283569336,0
trimoe,three_domain_moe,644,face2face_faces_c23/220_219,ffpp_test:20,1,face2face,h264_crf35,0.8156603574752808,0.8156603574752808,1
trimoe,three_domain_moe,645,face2face_faces_c23/219_220,ffpp_test:20,1,face2face,h264_crf35,0.49941954016685486,0.49941954016685486,0
trimoe,three_domain_moe,646,faceswap_faces_c23/220_219,ffpp_test:20,1,faceswap,h264_crf35,0.6232304573059082,0.6232304573059082,1
trimoe,three_domain_moe,647,faceswap_faces_c23/219_220,ffpp_test:20,1,faceswap,h264_crf35,0.78715580701828,0.78715580701828,1
trimoe,three_domain_moe,648,neuraltextures_faces_c23/220_219,ffpp_test:20,1,neuraltextures,h264_crf35,0.6635122299194336,0.6635122299194336,1
trimoe,three_domain_moe,649,neuraltextures_faces_c23/219_220,ffpp_test:20,1,neuraltextures,h264_crf35,0.465202659368515,0.465202659368515,0
trimoe,three_domain_moe,650,original_faces_c23/801,ffpp_test:63,0,real,h264_crf35,0.2680933177471161,0.2680933177471161,0
trimoe,three_domain_moe,651,original_faces_c23/855,ffpp_test:63,0,real,h264_crf35,0.5041002035140991,0.5041002035140991,1
trimoe,three_domain_moe,652,deepfakes_faces_c23/801_855,ffpp_test:63,1,deepfakes,h264_crf35,0.5177381038665771,0.5177381038665771,1
trimoe,three_domain_moe,653,deepfakes_faces_c23/855_801,ffpp_test:63,1,deepfakes,h264_crf35,0.4290783405303955,0.4290783405303955,1
trimoe,three_domain_moe,654,face2face_faces_c23/801_855,ffpp_test:63,1,face2face,h264_crf35,0.27118903398513794,0.27118903398513794,0
trimoe,three_domain_moe,655,face2face_faces_c23/855_801,ffpp_test:63,1,face2face,h264_crf35,0.6417956948280334,0.6417956948280334,0
trimoe,three_domain_moe,656,faceswap_faces_c23/801_855,ffpp_test:63,1,faceswap,h264_crf35,0.5625151991844177,0.5625151991844177,1
trimoe,three_domain_moe,657,faceswap_faces_c23/855_801,ffpp_test:63,1,faceswap,h264_crf35,0.5108563899993896,0.5108563899993896,0
trimoe,three_domain_moe,658,neuraltextures_faces_c23/801_855,ffpp_test:63,1,neuraltextures,h264_crf35,0.6777491569519043,0.6777491569519043,1
trimoe,three_domain_moe,659,neuraltextures_faces_c23/855_801,ffpp_test:63,1,neuraltextures,h264_crf35,0.3883516788482666,0.3883516788482666,0
trimoe,three_domain_moe,660,original_faces_c23/161,ffpp_test:13,0,real,h264_crf35,0.36965179443359375,0.36965179443359375,1
trimoe,three_domain_moe,661,original_faces_c23/141,ffpp_test:13,0,real,h264_crf35,0.5119789242744446,0.5119789242744446,0
trimoe,three_domain_moe,662,deepfakes_faces_c23/161_141,ffpp_test:13,1,deepfakes,h264_crf35,0.7835127115249634,0.7835127115249634,1
trimoe,three_domain_moe,663,deepfakes_faces_c23/141_161,ffpp_test:13,1,deepfakes,h264_crf35,0.4978814125061035,0.4978814125061035,0
trimoe,three_domain_moe,664,face2face_faces_c23/161_141,ffpp_test:13,1,face2face,h264_crf35,0.41720256209373474,0.41720256209373474,1
trimoe,three_domain_moe,665,face2face_faces_c23/141_161,ffpp_test:13,1,face2face,h264_crf35,0.7358441352844238,0.7358441352844238,1
trimoe,three_domain_moe,666,faceswap_faces_c23/161_141,ffpp_test:13,1,faceswap,h264_crf35,0.7887963056564331,0.7887963056564331,1
trimoe,three_domain_moe,667,faceswap_faces_c23/141_161,ffpp_test:13,1,faceswap,h264_crf35,0.7658313512802124,0.7658313512802124,1
trimoe,three_domain_moe,668,neuraltextures_faces_c23/161_141,ffpp_test:13,1,neuraltextures,h264_crf35,0.43066713213920593,0.43066713213920593,1
trimoe,three_domain_moe,669,neuraltextures_faces_c23/141_161,ffpp_test:13,1,neuraltextures,h264_crf35,0.4563344717025757,0.4563344717025757,0
trimoe,three_domain_moe,670,original_faces_c23/949,ffpp_test:66,0,real,h264_crf35,0.3922395408153534,0.3922395408153534,0
trimoe,three_domain_moe,671,original_faces_c23/868,ffpp_test:66,0,real,h264_crf35,0.4696011543273926,0.4696011543273926,0
trimoe,three_domain_moe,672,deepfakes_faces_c23/949_868,ffpp_test:66,1,deepfakes,h264_crf35,0.33450016379356384,0.33450016379356384,0
trimoe,three_domain_moe,673,deepfakes_faces_c23/868_949,ffpp_test:66,1,deepfakes,h264_crf35,0.49632930755615234,0.49632930755615234,0
trimoe,three_domain_moe,674,face2face_faces_c23/949_868,ffpp_test:66,1,face2face,h264_crf35,0.21115052700042725,0.21115052700042725,0
trimoe,three_domain_moe,675,face2face_faces_c23/868_949,ffpp_test:66,1,face2face,h264_crf35,0.4683072566986084,0.4683072566986084,0
trimoe,three_domain_moe,676,faceswap_faces_c23/949_868,ffpp_test:66,1,faceswap,h264_crf35,0.3049333989620209,0.3049333989620209,0
trimoe,three_domain_moe,677,faceswap_faces_c23/868_949,ffpp_test:66,1,faceswap,h264_crf35,0.6869515776634216,0.6869515776634216,1
trimoe,three_domain_moe,678,neuraltextures_faces_c23/949_868,ffpp_test:66,1,neuraltextures,h264_crf35,0.266845166683197,0.266845166683197,0
trimoe,three_domain_moe,679,neuraltextures_faces_c23/868_949,ffpp_test:66,1,neuraltextures,h264_crf35,0.441328227519989,0.441328227519989,0
trimoe,three_domain_moe,680,original_faces_c23/880,ffpp_test:11,0,real,h264_crf35,0.5043012499809265,0.5043012499809265,0
trimoe,three_domain_moe,681,original_faces_c23/135,ffpp_test:11,0,real,h264_crf35,0.4441722333431244,0.4441722333431244,1
trimoe,three_domain_moe,682,deepfakes_faces_c23/880_135,ffpp_test:11,1,deepfakes,h264_crf35,0.47655874490737915,0.47655874490737915,0
trimoe,three_domain_moe,683,deepfakes_faces_c23/135_880,ffpp_test:11,1,deepfakes,h264_crf35,0.46410369873046875,0.46410369873046875,1
trimoe,three_domain_moe,684,face2face_faces_c23/880_135,ffpp_test:11,1,face2face,h264_crf35,0.5133706331253052,0.5133706331253052,0
trimoe,three_domain_moe,685,face2face_faces_c23/135_880,ffpp_test:11,1,face2face,h264_crf35,0.5166763663291931,0.5166763663291931,1
trimoe,three_domain_moe,686,faceswap_faces_c23/880_135,ffpp_test:11,1,faceswap,h264_crf35,0.5116112232208252,0.5116112232208252,0
trimoe,three_domain_moe,687,faceswap_faces_c23/135_880,ffpp_test:11,1,faceswap,h264_crf35,0.6572951078414917,0.6572951078414917,1
trimoe,three_domain_moe,688,neuraltextures_faces_c23/880_135,ffpp_test:11,1,neuraltextures,h264_crf35,0.5006123781204224,0.5006123781204224,0
trimoe,three_domain_moe,689,neuraltextures_faces_c23/135_880,ffpp_test:11,1,neuraltextures,h264_crf35,0.47175583243370056,0.47175583243370056,1
trimoe,three_domain_moe,690,original_faces_c23/429,ffpp_test:35,0,real,h264_crf35,0.46856755018234253,0.46856755018234253,0
trimoe,three_domain_moe,691,original_faces_c23/404,ffpp_test:35,0,real,h264_crf35,0.4763469099998474,0.4763469099998474,1
trimoe,three_domain_moe,692,deepfakes_faces_c23/429_404,ffpp_test:35,1,deepfakes,h264_crf35,0.77789705991745,0.77789705991745,1
trimoe,three_domain_moe,693,deepfakes_faces_c23/404_429,ffpp_test:35,1,deepfakes,h264_crf35,0.34322589635849,0.34322589635849,1
trimoe,three_domain_moe,694,face2face_faces_c23/429_404,ffpp_test:35,1,face2face,h264_crf35,0.7876641154289246,0.7876641154289246,1
trimoe,three_domain_moe,695,face2face_faces_c23/404_429,ffpp_test:35,1,face2face,h264_crf35,0.3412179946899414,0.3412179946899414,0
trimoe,three_domain_moe,696,faceswap_faces_c23/429_404,ffpp_test:35,1,faceswap,h264_crf35,0.7485300898551941,0.7485300898551941,1
trimoe,three_domain_moe,697,faceswap_faces_c23/404_429,ffpp_test:35,1,faceswap,h264_crf35,0.39348381757736206,0.39348381757736206,0
trimoe,three_domain_moe,698,neuraltextures_faces_c23/429_404,ffpp_test:35,1,neuraltextures,h264_crf35,0.7989856600761414,0.7989856600761414,1
trimoe,three_domain_moe,699,neuraltextures_faces_c23/404_429,ffpp_test:35,1,neuraltextures,h264_crf35,0.36405688524246216,0.36405688524246216,0
trimoe,three_domain_moe,0,original_faces_c23/953,ffpp_test:68,0,real,h265_crf32,0.823429524898529,0.823429524898529,1
trimoe,three_domain_moe,1,original_faces_c23/974,ffpp_test:68,0,real,h265_crf32,0.4372689723968506,0.4372689723968506,0
trimoe,three_domain_moe,2,deepfakes_faces_c23/953_974,ffpp_test:68,1,deepfakes,h265_crf32,0.8185204863548279,0.8185204863548279,1
trimoe,three_domain_moe,3,deepfakes_faces_c23/974_953,ffpp_test:68,1,deepfakes,h265_crf32,0.7811347842216492,0.7811347842216492,1
trimoe,three_domain_moe,4,face2face_faces_c23/953_974,ffpp_test:68,1,face2face,h265_crf32,0.7904361486434937,0.7904361486434937,1
trimoe,three_domain_moe,5,face2face_faces_c23/974_953,ffpp_test:68,1,face2face,h265_crf32,0.8096873760223389,0.8096873760223389,1
trimoe,three_domain_moe,6,faceswap_faces_c23/953_974,ffpp_test:68,1,faceswap,h265_crf32,0.8189307451248169,0.8189307451248169,1
trimoe,three_domain_moe,7,faceswap_faces_c23/974_953,ffpp_test:68,1,faceswap,h265_crf32,0.7366511821746826,0.7366511821746826,1
trimoe,three_domain_moe,8,neuraltextures_faces_c23/953_974,ffpp_test:68,1,neuraltextures,h265_crf32,0.7847467660903931,0.7847467660903931,1
trimoe,three_domain_moe,9,neuraltextures_faces_c23/974_953,ffpp_test:68,1,neuraltextures,h265_crf32,0.7456282377243042,0.7456282377243042,1
trimoe,three_domain_moe,10,original_faces_c23/012,ffpp_test:1,0,real,h265_crf32,0.46126264333724976,0.46126264333724976,1
trimoe,three_domain_moe,11,original_faces_c23/026,ffpp_test:1,0,real,h265_crf32,0.4809425473213196,0.4809425473213196,1
trimoe,three_domain_moe,12,deepfakes_faces_c23/012_026,ffpp_test:1,1,deepfakes,h265_crf32,0.46058160066604614,0.46058160066604614,1
trimoe,three_domain_moe,13,deepfakes_faces_c23/026_012,ffpp_test:1,1,deepfakes,h265_crf32,0.8069056272506714,0.8069056272506714,1
trimoe,three_domain_moe,14,face2face_faces_c23/012_026,ffpp_test:1,1,face2face,h265_crf32,0.4418441653251648,0.4418441653251648,1
trimoe,three_domain_moe,15,face2face_faces_c23/026_012,ffpp_test:1,1,face2face,h265_crf32,0.4469092786312103,0.4469092786312103,1
trimoe,three_domain_moe,16,faceswap_faces_c23/012_026,ffpp_test:1,1,faceswap,h265_crf32,0.7324149012565613,0.7324149012565613,1
trimoe,three_domain_moe,17,faceswap_faces_c23/026_012,ffpp_test:1,1,faceswap,h265_crf32,0.8128849864006042,0.8128849864006042,1
trimoe,three_domain_moe,18,neuraltextures_faces_c23/012_026,ffpp_test:1,1,neuraltextures,h265_crf32,0.4652484357357025,0.4652484357357025,1
trimoe,three_domain_moe,19,neuraltextures_faces_c23/026_012,ffpp_test:1,1,neuraltextures,h265_crf32,0.5115886926651001,0.5115886926651001,1
trimoe,three_domain_moe,20,original_faces_c23/078,ffpp_test:8,0,real,h265_crf32,0.5762835144996643,0.5762835144996643,0
trimoe,three_domain_moe,21,original_faces_c23/955,ffpp_test:8,0,real,h265_crf32,0.8256189823150635,0.8256189823150635,1
trimoe,three_domain_moe,22,deepfakes_faces_c23/078_955,ffpp_test:8,1,deepfakes,h265_crf32,0.8303205370903015,0.8303205370903015,1
trimoe,three_domain_moe,23,deepfakes_faces_c23/955_078,ffpp_test:8,1,deepfakes,h265_crf32,0.8055906295776367,0.8055906295776367,1
trimoe,three_domain_moe,24,face2face_faces_c23/078_955,ffpp_test:8,1,face2face,h265_crf32,0.8222643733024597,0.8222643733024597,1
trimoe,three_domain_moe,25,face2face_faces_c23/955_078,ffpp_test:8,1,face2face,h265_crf32,0.8276227712631226,0.8276227712631226,1
trimoe,three_domain_moe,26,faceswap_faces_c23/078_955,ffpp_test:8,1,faceswap,h265_crf32,0.8206760883331299,0.8206760883331299,1
trimoe,three_domain_moe,27,faceswap_faces_c23/955_078,ffpp_test:8,1,faceswap,h265_crf32,0.8119019865989685,0.8119019865989685,1
trimoe,three_domain_moe,28,neuraltextures_faces_c23/078_955,ffpp_test:8,1,neuraltextures,h265_crf32,0.791378378868103,0.791378378868103,1
trimoe,three_domain_moe,29,neuraltextures_faces_c23/955_078,ffpp_test:8,1,neuraltextures,h265_crf32,0.8319903612136841,0.8319903612136841,1
trimoe,three_domain_moe,30,original_faces_c23/623,ffpp_test:51,0,real,h265_crf32,0.6819145083427429,0.6819145083427429,1
trimoe,three_domain_moe,31,original_faces_c23/630,ffpp_test:51,0,real,h265_crf32,0.46727555990219116,0.46727555990219116,0
trimoe,three_domain_moe,32,deepfakes_faces_c23/623_630,ffpp_test:51,1,deepfakes,h265_crf32,0.7084808349609375,0.7084808349609375,1
trimoe,three_domain_moe,33,deepfakes_faces_c23/630_623,ffpp_test:51,1,deepfakes,h265_crf32,0.49615687131881714,0.49615687131881714,0
trimoe,three_domain_moe,34,face2face_faces_c23/623_630,ffpp_test:51,1,face2face,h265_crf32,0.7642168998718262,0.7642168998718262,1
trimoe,three_domain_moe,35,face2face_faces_c23/630_623,ffpp_test:51,1,face2face,h265_crf32,0.5284751653671265,0.5284751653671265,0
trimoe,three_domain_moe,36,faceswap_faces_c23/623_630,ffpp_test:51,1,faceswap,h265_crf32,0.6219272017478943,0.6219272017478943,0
trimoe,three_domain_moe,37,faceswap_faces_c23/630_623,ffpp_test:51,1,faceswap,h265_crf32,0.7405108213424683,0.7405108213424683,1
trimoe,three_domain_moe,38,neuraltextures_faces_c23/623_630,ffpp_test:51,1,neuraltextures,h265_crf32,0.7467211484909058,0.7467211484909058,1
trimoe,three_domain_moe,39,neuraltextures_faces_c23/630_623,ffpp_test:51,1,neuraltextures,h265_crf32,0.488288015127182,0.488288015127182,0
trimoe,three_domain_moe,40,original_faces_c23/919,ffpp_test:2,0,real,h265_crf32,0.8127573728561401,0.8127573728561401,1
trimoe,three_domain_moe,41,original_faces_c23/015,ffpp_test:2,0,real,h265_crf32,0.5350181460380554,0.5350181460380554,0
trimoe,three_domain_moe,42,deepfakes_faces_c23/919_015,ffpp_test:2,1,deepfakes,h265_crf32,0.7659222483634949,0.7659222483634949,1
trimoe,three_domain_moe,43,deepfakes_faces_c23/015_919,ffpp_test:2,1,deepfakes,h265_crf32,0.8050085306167603,0.8050085306167603,1
trimoe,three_domain_moe,44,face2face_faces_c23/919_015,ffpp_test:2,1,face2face,h265_crf32,0.8250842094421387,0.8250842094421387,1
trimoe,three_domain_moe,45,face2face_faces_c23/015_919,ffpp_test:2,1,face2face,h265_crf32,0.49832209944725037,0.49832209944725037,0
trimoe,three_domain_moe,46,faceswap_faces_c23/919_015,ffpp_test:2,1,faceswap,h265_crf32,0.7935881614685059,0.7935881614685059,1
trimoe,three_domain_moe,47,faceswap_faces_c23/015_919,ffpp_test:2,1,faceswap,h265_crf32,0.3842669129371643,0.3842669129371643,0
trimoe,three_domain_moe,48,neuraltextures_faces_c23/919_015,ffpp_test:2,1,neuraltextures,h265_crf32,0.8008435964584351,0.8008435964584351,1
trimoe,three_domain_moe,49,neuraltextures_faces_c23/015_919,ffpp_test:2,1,neuraltextures,h265_crf32,0.7839422225952148,0.7839422225952148,1
trimoe,three_domain_moe,50,original_faces_c23/367,ffpp_test:30,0,real,h265_crf32,0.4563533663749695,0.4563533663749695,0
trimoe,three_domain_moe,51,original_faces_c23/371,ffpp_test:30,0,real,h265_crf32,0.81093430519104,0.81093430519104,1
trimoe,three_domain_moe,52,deepfakes_faces_c23/367_371,ffpp_test:30,1,deepfakes,h265_crf32,0.824455976486206,0.824455976486206,1
trimoe,three_domain_moe,53,deepfakes_faces_c23/371_367,ffpp_test:30,1,deepfakes,h265_crf32,0.8028690814971924,0.8028690814971924,1
trimoe,three_domain_moe,54,face2face_faces_c23/367_371,ffpp_test:30,1,face2face,h265_crf32,0.7795723676681519,0.7795723676681519,1
trimoe,three_domain_moe,55,face2face_faces_c23/371_367,ffpp_test:30,1,face2face,h265_crf32,0.7951676249504089,0.7951676249504089,1
trimoe,three_domain_moe,56,faceswap_faces_c23/367_371,ffpp_test:30,1,faceswap,h265_crf32,0.7684981226921082,0.7684981226921082,1
trimoe,three_domain_moe,57,faceswap_faces_c23/371_367,ffpp_test:30,1,faceswap,h265_crf32,0.8249524831771851,0.8249524831771851,1
trimoe,three_domain_moe,58,neuraltextures_faces_c23/367_371,ffpp_test:30,1,neuraltextures,h265_crf32,0.4448644518852234,0.4448644518852234,0
trimoe,three_domain_moe,59,neuraltextures_faces_c23/371_367,ffpp_test:30,1,neuraltextures,h265_crf32,0.7992364764213562,0.7992364764213562,1
trimoe,three_domain_moe,60,original_faces_c23/847,ffpp_test:65,0,real,h265_crf32,0.778214693069458,0.778214693069458,1
trimoe,three_domain_moe,61,original_faces_c23/906,ffpp_test:65,0,real,h265_crf32,0.7691982984542847,0.7691982984542847,1
trimoe,three_domain_moe,62,deepfakes_faces_c23/847_906,ffpp_test:65,1,deepfakes,h265_crf32,0.8024858832359314,0.8024858832359314,1
trimoe,three_domain_moe,63,deepfakes_faces_c23/906_847,ffpp_test:65,1,deepfakes,h265_crf32,0.8220660090446472,0.8220660090446472,1
trimoe,three_domain_moe,64,face2face_faces_c23/847_906,ffpp_test:65,1,face2face,h265_crf32,0.8115267157554626,0.8115267157554626,1
trimoe,three_domain_moe,65,face2face_faces_c23/906_847,ffpp_test:65,1,face2face,h265_crf32,0.8209724426269531,0.8209724426269531,1
trimoe,three_domain_moe,66,faceswap_faces_c23/847_906,ffpp_test:65,1,faceswap,h265_crf32,0.6886029243469238,0.6886029243469238,1
trimoe,three_domain_moe,67,faceswap_faces_c23/906_847,ffpp_test:65,1,faceswap,h265_crf32,0.7932347059249878,0.7932347059249878,1
trimoe,three_domain_moe,68,neuraltextures_faces_c23/847_906,ffpp_test:65,1,neuraltextures,h265_crf32,0.803235650062561,0.803235650062561,1
trimoe,three_domain_moe,69,neuraltextures_faces_c23/906_847,ffpp_test:65,1,neuraltextures,h265_crf32,0.8165683746337891,0.8165683746337891,1
trimoe,three_domain_moe,70,original_faces_c23/529,ffpp_test:46,0,real,h265_crf32,0.4926334321498871,0.4926334321498871,0
trimoe,three_domain_moe,71,original_faces_c23/633,ffpp_test:46,0,real,h265_crf32,0.7640447020530701,0.7640447020530701,1
trimoe,three_domain_moe,72,deepfakes_faces_c23/529_633,ffpp_test:46,1,deepfakes,h265_crf32,0.7546526789665222,0.7546526789665222,1
trimoe,three_domain_moe,73,deepfakes_faces_c23/633_529,ffpp_test:46,1,deepfakes,h265_crf32,0.7745518088340759,0.7745518088340759,1
trimoe,three_domain_moe,74,face2face_faces_c23/529_633,ffpp_test:46,1,face2face,h265_crf32,0.5302587747573853,0.5302587747573853,0
trimoe,three_domain_moe,75,face2face_faces_c23/633_529,ffpp_test:46,1,face2face,h265_crf32,0.8098191022872925,0.8098191022872925,1
trimoe,three_domain_moe,76,faceswap_faces_c23/529_633,ffpp_test:46,1,faceswap,h265_crf32,0.5252842307090759,0.5252842307090759,0
trimoe,three_domain_moe,77,faceswap_faces_c23/633_529,ffpp_test:46,1,faceswap,h265_crf32,0.774540901184082,0.774540901184082,1
trimoe,three_domain_moe,78,neuraltextures_faces_c23/529_633,ffpp_test:46,1,neuraltextures,h265_crf32,0.6242339015007019,0.6242339015007019,0
trimoe,three_domain_moe,79,neuraltextures_faces_c23/633_529,ffpp_test:46,1,neuraltextures,h265_crf32,0.8151149153709412,0.8151149153709412,1
trimoe,three_domain_moe,80,original_faces_c23/418,ffpp_test:36,0,real,h265_crf32,0.8019806146621704,0.8019806146621704,1
trimoe,three_domain_moe,81,original_faces_c23/507,ffpp_test:36,0,real,h265_crf32,0.7804304361343384,0.7804304361343384,1
trimoe,three_domain_moe,82,deepfakes_faces_c23/418_507,ffpp_test:36,1,deepfakes,h265_crf32,0.8188695907592773,0.8188695907592773,1
trimoe,three_domain_moe,83,deepfakes_faces_c23/507_418,ffpp_test:36,1,deepfakes,h265_crf32,0.8223862051963806,0.8223862051963806,1
trimoe,three_domain_moe,84,face2face_faces_c23/418_507,ffpp_test:36,1,face2face,h265_crf32,0.7724747061729431,0.7724747061729431,1
trimoe,three_domain_moe,85,face2face_faces_c23/507_418,ffpp_test:36,1,face2face,h265_crf32,0.8083276152610779,0.8083276152610779,1
trimoe,three_domain_moe,86,faceswap_faces_c23/418_507,ffpp_test:36,1,faceswap,h265_crf32,0.6297340393066406,0.6297340393066406,0
trimoe,three_domain_moe,87,faceswap_faces_c23/507_418,ffpp_test:36,1,faceswap,h265_crf32,0.8074500560760498,0.8074500560760498,1
trimoe,three_domain_moe,88,neuraltextures_faces_c23/418_507,ffpp_test:36,1,neuraltextures,h265_crf32,0.7254860401153564,0.7254860401153564,1
trimoe,three_domain_moe,89,neuraltextures_faces_c23/507_418,ffpp_test:36,1,neuraltextures,h265_crf32,0.8040981292724609,0.8040981292724609,1
trimoe,three_domain_moe,90,original_faces_c23/227,ffpp_test:16,0,real,h265_crf32,0.722899317741394,0.722899317741394,1
trimoe,three_domain_moe,91,original_faces_c23/169,ffpp_test:16,0,real,h265_crf32,0.7739739418029785,0.7739739418029785,1
trimoe,three_domain_moe,92,deepfakes_faces_c23/227_169,ffpp_test:16,1,deepfakes,h265_crf32,0.8000637888908386,0.8000637888908386,1
trimoe,three_domain_moe,93,deepfakes_faces_c23/169_227,ffpp_test:16,1,deepfakes,h265_crf32,0.7907952070236206,0.7907952070236206,1
trimoe,three_domain_moe,94,face2face_faces_c23/227_169,ffpp_test:16,1,face2face,h265_crf32,0.8128561973571777,0.8128561973571777,1
trimoe,three_domain_moe,95,face2face_faces_c23/169_227,ffpp_test:16,1,face2face,h265_crf32,0.8045350313186646,0.8045350313186646,1
trimoe,three_domain_moe,96,faceswap_faces_c23/227_169,ffpp_test:16,1,faceswap,h265_crf32,0.7586115598678589,0.7586115598678589,1
trimoe,three_domain_moe,97,faceswap_faces_c23/169_227,ffpp_test:16,1,faceswap,h265_crf32,0.7943426370620728,0.7943426370620728,1
trimoe,three_domain_moe,98,neuraltextures_faces_c23/227_169,ffpp_test:16,1,neuraltextures,h265_crf32,0.5700438022613525,0.5700438022613525,1
trimoe,three_domain_moe,99,neuraltextures_faces_c23/169_227,ffpp_test:16,1,neuraltextures,h265_crf32,0.7680283784866333,0.7680283784866333,1
trimoe,three_domain_moe,100,original_faces_c23/389,ffpp_test:33,0,real,h265_crf32,0.7478641867637634,0.7478641867637634,1
trimoe,three_domain_moe,101,original_faces_c23/480,ffpp_test:33,0,real,h265_crf32,0.49776560068130493,0.49776560068130493,0
trimoe,three_domain_moe,102,deepfakes_faces_c23/389_480,ffpp_test:33,1,deepfakes,h265_crf32,0.7869064211845398,0.7869064211845398,1
trimoe,three_domain_moe,103,deepfakes_faces_c23/480_389,ffpp_test:33,1,deepfakes,h265_crf32,0.7409102916717529,0.7409102916717529,1
trimoe,three_domain_moe,104,face2face_faces_c23/389_480,ffpp_test:33,1,face2face,h265_crf32,0.8183249235153198,0.8183249235153198,1
trimoe,three_domain_moe,105,face2face_faces_c23/480_389,ffpp_test:33,1,face2face,h265_crf32,0.6995064616203308,0.6995064616203308,1
trimoe,three_domain_moe,106,faceswap_faces_c23/389_480,ffpp_test:33,1,faceswap,h265_crf32,0.7248941659927368,0.7248941659927368,1
trimoe,three_domain_moe,107,faceswap_faces_c23/480_389,ffpp_test:33,1,faceswap,h265_crf32,0.541956901550293,0.541956901550293,0
trimoe,three_domain_moe,108,neuraltextures_faces_c23/389_480,ffpp_test:33,1,neuraltextures,h265_crf32,0.7648376226425171,0.7648376226425171,1
trimoe,three_domain_moe,109,neuraltextures_faces_c23/480_389,ffpp_test:33,1,neuraltextures,h265_crf32,0.47688692808151245,0.47688692808151245,0
trimoe,three_domain_moe,110,original_faces_c23/821,ffpp_test:64,0,real,h265_crf32,0.49500393867492676,0.49500393867492676,0
trimoe,three_domain_moe,111,original_faces_c23/812,ffpp_test:64,0,real,h265_crf32,0.7526882886886597,0.7526882886886597,1
trimoe,three_domain_moe,112,deepfakes_faces_c23/821_812,ffpp_test:64,1,deepfakes,h265_crf32,0.8187395334243774,0.8187395334243774,1
trimoe,three_domain_moe,113,deepfakes_faces_c23/812_821,ffpp_test:64,1,deepfakes,h265_crf32,0.8226901888847351,0.8226901888847351,1
trimoe,three_domain_moe,114,face2face_faces_c23/821_812,ffpp_test:64,1,face2face,h265_crf32,0.819828987121582,0.819828987121582,1
trimoe,three_domain_moe,115,face2face_faces_c23/812_821,ffpp_test:64,1,face2face,h265_crf32,0.7138971090316772,0.7138971090316772,1
trimoe,three_domain_moe,116,faceswap_faces_c23/821_812,ffpp_test:64,1,faceswap,h265_crf32,0.7268955707550049,0.7268955707550049,1
trimoe,three_domain_moe,117,faceswap_faces_c23/812_821,ffpp_test:64,1,faceswap,h265_crf32,0.7915842533111572,0.7915842533111572,1
trimoe,three_domain_moe,118,neuraltextures_faces_c23/821_812,ffpp_test:64,1,neuraltextures,h265_crf32,0.8121611475944519,0.8121611475944519,1
trimoe,three_domain_moe,119,neuraltextures_faces_c23/812_821,ffpp_test:64,1,neuraltextures,h265_crf32,0.8082902431488037,0.8082902431488037,1
trimoe,three_domain_moe,120,original_faces_c23/670,ffpp_test:54,0,real,h265_crf32,0.8294403553009033,0.8294403553009033,1
trimoe,three_domain_moe,121,original_faces_c23/661,ffpp_test:54,0,real,h265_crf32,0.8091086149215698,0.8091086149215698,1
trimoe,three_domain_moe,122,deepfakes_faces_c23/670_661,ffpp_test:54,1,deepfakes,h265_crf32,0.8128964304924011,0.8128964304924011,1
trimoe,three_domain_moe,123,deepfakes_faces_c23/661_670,ffpp_test:54,1,deepfakes,h265_crf32,0.7202697992324829,0.7202697992324829,1
trimoe,three_domain_moe,124,face2face_faces_c23/670_661,ffpp_test:54,1,face2face,h265_crf32,0.8233277201652527,0.8233277201652527,1
trimoe,three_domain_moe,125,face2face_faces_c23/661_670,ffpp_test:54,1,face2face,h265_crf32,0.804095983505249,0.804095983505249,1
trimoe,three_domain_moe,126,faceswap_faces_c23/670_661,ffpp_test:54,1,faceswap,h265_crf32,0.8142049312591553,0.8142049312591553,1
trimoe,three_domain_moe,127,faceswap_faces_c23/661_670,ffpp_test:54,1,faceswap,h265_crf32,0.8128926157951355,0.8128926157951355,1
trimoe,three_domain_moe,128,neuraltextures_faces_c23/670_661,ffpp_test:54,1,neuraltextures,h265_crf32,0.820521354675293,0.820521354675293,1
trimoe,three_domain_moe,129,neuraltextures_faces_c23/661_670,ffpp_test:54,1,neuraltextures,h265_crf32,0.8016332983970642,0.8016332983970642,1
trimoe,three_domain_moe,130,original_faces_c23/158,ffpp_test:15,0,real,h265_crf32,0.41745394468307495,0.41745394468307495,0
trimoe,three_domain_moe,131,original_faces_c23/379,ffpp_test:15,0,real,h265_crf32,0.7332818508148193,0.7332818508148193,1
trimoe,three_domain_moe,132,deepfakes_faces_c23/158_379,ffpp_test:15,1,deepfakes,h265_crf32,0.5750875473022461,0.5750875473022461,0
trimoe,three_domain_moe,133,deepfakes_faces_c23/379_158,ffpp_test:15,1,deepfakes,h265_crf32,0.6880986094474792,0.6880986094474792,1
trimoe,three_domain_moe,134,face2face_faces_c23/158_379,ffpp_test:15,1,face2face,h265_crf32,0.45283421874046326,0.45283421874046326,0
trimoe,three_domain_moe,135,face2face_faces_c23/379_158,ffpp_test:15,1,face2face,h265_crf32,0.774791419506073,0.774791419506073,1
trimoe,three_domain_moe,136,faceswap_faces_c23/158_379,ffpp_test:15,1,faceswap,h265_crf32,0.7521560192108154,0.7521560192108154,1
trimoe,three_domain_moe,137,faceswap_faces_c23/379_158,ffpp_test:15,1,faceswap,h265_crf32,0.7851817011833191,0.7851817011833191,1
trimoe,three_domain_moe,138,neuraltextures_faces_c23/158_379,ffpp_test:15,1,neuraltextures,h265_crf32,0.4881534278392792,0.4881534278392792,0
trimoe,three_domain_moe,139,neuraltextures_faces_c23/379_158,ffpp_test:15,1,neuraltextures,h265_crf32,0.7155460715293884,0.7155460715293884,1
trimoe,three_domain_moe,140,original_faces_c23/423,ffpp_test:37,0,real,h265_crf32,0.7569265365600586,0.7569265365600586,1
trimoe,three_domain_moe,141,original_faces_c23/421,ffpp_test:37,0,real,h265_crf32,0.43559500575065613,0.43559500575065613,0
trimoe,three_domain_moe,142,deepfakes_faces_c23/423_421,ffpp_test:37,1,deepfakes,h265_crf32,0.7462496757507324,0.7462496757507324,1
trimoe,three_domain_moe,143,deepfakes_faces_c23/421_423,ffpp_test:37,1,deepfakes,h265_crf32,0.4825376868247986,0.4825376868247986,0
trimoe,three_domain_moe,144,face2face_faces_c23/423_421,ffpp_test:37,1,face2face,h265_crf32,0.49071550369262695,0.49071550369262695,0
trimoe,three_domain_moe,145,face2face_faces_c23/421_423,ffpp_test:37,1,face2face,h265_crf32,0.7942807674407959,0.7942807674407959,1
trimoe,three_domain_moe,146,faceswap_faces_c23/423_421,ffpp_test:37,1,faceswap,h265_crf32,0.8140881061553955,0.8140881061553955,1
trimoe,three_domain_moe,147,faceswap_faces_c23/421_423,ffpp_test:37,1,faceswap,h265_crf32,0.49019163846969604,0.49019163846969604,0
trimoe,three_domain_moe,148,neuraltextures_faces_c23/423_421,ffpp_test:37,1,neuraltextures,h265_crf32,0.41077232360839844,0.41077232360839844,0
trimoe,three_domain_moe,149,neuraltextures_faces_c23/421_423,ffpp_test:37,1,neuraltextures,h265_crf32,0.7071585655212402,0.7071585655212402,1
trimoe,three_domain_moe,150,original_faces_c23/352,ffpp_test:28,0,real,h265_crf32,0.7716900110244751,0.7716900110244751,1
trimoe,three_domain_moe,151,original_faces_c23/319,ffpp_test:28,0,real,h265_crf32,0.8075591921806335,0.8075591921806335,1
trimoe,three_domain_moe,152,deepfakes_faces_c23/352_319,ffpp_test:28,1,deepfakes,h265_crf32,0.8187435865402222,0.8187435865402222,1
trimoe,three_domain_moe,153,deepfakes_faces_c23/319_352,ffpp_test:28,1,deepfakes,h265_crf32,0.8205103874206543,0.8205103874206543,1
trimoe,three_domain_moe,154,face2face_faces_c23/352_319,ffpp_test:28,1,face2face,h265_crf32,0.7657232284545898,0.7657232284545898,1
trimoe,three_domain_moe,155,face2face_faces_c23/319_352,ffpp_test:28,1,face2face,h265_crf32,0.8087761402130127,0.8087761402130127,1
trimoe,three_domain_moe,156,faceswap_faces_c23/352_319,ffpp_test:28,1,faceswap,h265_crf32,0.8098180294036865,0.8098180294036865,1
trimoe,three_domain_moe,157,faceswap_faces_c23/319_352,ffpp_test:28,1,faceswap,h265_crf32,0.8119429349899292,0.8119429349899292,1
trimoe,three_domain_moe,158,neuraltextures_faces_c23/352_319,ffpp_test:28,1,neuraltextures,h265_crf32,0.732887864112854,0.732887864112854,1
trimoe,three_domain_moe,159,neuraltextures_faces_c23/319_352,ffpp_test:28,1,neuraltextures,h265_crf32,0.8255226016044617,0.8255226016044617,1
trimoe,three_domain_moe,160,original_faces_c23/579,ffpp_test:48,0,real,h265_crf32,0.8261067867279053,0.8261067867279053,1
trimoe,three_domain_moe,161,original_faces_c23/701,ffpp_test:48,0,real,h265_crf32,0.32593175768852234,0.32593175768852234,0
trimoe,three_domain_moe,162,deepfakes_faces_c23/579_701,ffpp_test:48,1,deepfakes,h265_crf32,0.8049603700637817,0.8049603700637817,1
trimoe,three_domain_moe,163,deepfakes_faces_c23/701_579,ffpp_test:48,1,deepfakes,h265_crf32,0.8214036822319031,0.8214036822319031,1
trimoe,three_domain_moe,164,face2face_faces_c23/579_701,ffpp_test:48,1,face2face,h265_crf32,0.8240131735801697,0.8240131735801697,1
trimoe,three_domain_moe,165,face2face_faces_c23/701_579,ffpp_test:48,1,face2face,h265_crf32,0.7608289122581482,0.7608289122581482,1
trimoe,three_domain_moe,166,faceswap_faces_c23/579_701,ffpp_test:48,1,faceswap,h265_crf32,0.7926256060600281,0.7926256060600281,1
trimoe,three_domain_moe,167,faceswap_faces_c23/701_579,ffpp_test:48,1,faceswap,h265_crf32,0.5125662088394165,0.5125662088394165,1
trimoe,three_domain_moe,168,neuraltextures_faces_c23/579_701,ffpp_test:48,1,neuraltextures,h265_crf32,0.802208423614502,0.802208423614502,1
trimoe,three_domain_moe,169,neuraltextures_faces_c23/701_579,ffpp_test:48,1,neuraltextures,h265_crf32,0.6353111267089844,0.6353111267089844,1
trimoe,three_domain_moe,170,original_faces_c23/488,ffpp_test:34,0,real,h265_crf32,0.7149974703788757,0.7149974703788757,1
trimoe,three_domain_moe,171,original_faces_c23/399,ffpp_test:34,0,real,h265_crf32,0.5407204627990723,0.5407204627990723,0
trimoe,three_domain_moe,172,deepfakes_faces_c23/488_399,ffpp_test:34,1,deepfakes,h265_crf32,0.7483516931533813,0.7483516931533813,1
trimoe,three_domain_moe,173,deepfakes_faces_c23/399_488,ffpp_test:34,1,deepfakes,h265_crf32,0.7697526216506958,0.7697526216506958,1
trimoe,three_domain_moe,174,face2face_faces_c23/488_399,ffpp_test:34,1,face2face,h265_crf32,0.7942208647727966,0.7942208647727966,1
trimoe,three_domain_moe,175,face2face_faces_c23/399_488,ffpp_test:34,1,face2face,h265_crf32,0.8085913062095642,0.8085913062095642,1
trimoe,three_domain_moe,176,faceswap_faces_c23/488_399,ffpp_test:34,1,faceswap,h265_crf32,0.7669142484664917,0.7669142484664917,1
trimoe,three_domain_moe,177,faceswap_faces_c23/399_488,ffpp_test:34,1,faceswap,h265_crf32,0.788968026638031,0.788968026638031,1
trimoe,three_domain_moe,178,neuraltextures_faces_c23/488_399,ffpp_test:34,1,neuraltextures,h265_crf32,0.7148637771606445,0.7148637771606445,1
trimoe,three_domain_moe,179,neuraltextures_faces_c23/399_488,ffpp_test:34,1,neuraltextures,h265_crf32,0.7876014709472656,0.7876014709472656,1
trimoe,three_domain_moe,180,original_faces_c23/695,ffpp_test:38,0,real,h265_crf32,0.4888356924057007,0.4888356924057007,0
trimoe,three_domain_moe,181,original_faces_c23/422,ffpp_test:38,0,real,h265_crf32,0.6811631917953491,0.6811631917953491,1
trimoe,three_domain_moe,182,deepfakes_faces_c23/695_422,ffpp_test:38,1,deepfakes,h265_crf32,0.49599242210388184,0.49599242210388184,0
trimoe,three_domain_moe,183,deepfakes_faces_c23/422_695,ffpp_test:38,1,deepfakes,h265_crf32,0.6239745616912842,0.6239745616912842,1
trimoe,three_domain_moe,184,face2face_faces_c23/695_422,ffpp_test:38,1,face2face,h265_crf32,0.4951596260070801,0.4951596260070801,0
trimoe,three_domain_moe,185,face2face_faces_c23/422_695,ffpp_test:38,1,face2face,h265_crf32,0.8134312629699707,0.8134312629699707,1
trimoe,three_domain_moe,186,faceswap_faces_c23/695_422,ffpp_test:38,1,faceswap,h265_crf32,0.4962536692619324,0.4962536692619324,0
trimoe,three_domain_moe,187,faceswap_faces_c23/422_695,ffpp_test:38,1,faceswap,h265_crf32,0.6764721274375916,0.6764721274375916,1
trimoe,three_domain_moe,188,neuraltextures_faces_c23/695_422,ffpp_test:38,1,neuraltextures,h265_crf32,0.4887295663356781,0.4887295663356781,0
trimoe,three_domain_moe,189,neuraltextures_faces_c23/422_695,ffpp_test:38,1,neuraltextures,h265_crf32,0.7868284583091736,0.7868284583091736,1
trimoe,three_domain_moe,190,original_faces_c23/288,ffpp_test:25,0,real,h265_crf32,0.43603047728538513,0.43603047728538513,1
trimoe,three_domain_moe,191,original_faces_c23/321,ffpp_test:25,0,real,h265_crf32,0.7195411920547485,0.7195411920547485,1
trimoe,three_domain_moe,192,deepfakes_faces_c23/288_321,ffpp_test:25,1,deepfakes,h265_crf32,0.7509287595748901,0.7509287595748901,1
trimoe,three_domain_moe,193,deepfakes_faces_c23/321_288,ffpp_test:25,1,deepfakes,h265_crf32,0.3758789896965027,0.3758789896965027,0
trimoe,three_domain_moe,194,face2face_faces_c23/288_321,ffpp_test:25,1,face2face,h265_crf32,0.8186194896697998,0.8186194896697998,1
trimoe,three_domain_moe,195,face2face_faces_c23/321_288,ffpp_test:25,1,face2face,h265_crf32,0.6330527067184448,0.6330527067184448,0
trimoe,three_domain_moe,196,faceswap_faces_c23/288_321,ffpp_test:25,1,faceswap,h265_crf32,0.8209163546562195,0.8209163546562195,1
trimoe,three_domain_moe,197,faceswap_faces_c23/321_288,ffpp_test:25,1,faceswap,h265_crf32,0.738257884979248,0.738257884979248,1
trimoe,three_domain_moe,198,neuraltextures_faces_c23/288_321,ffpp_test:25,1,neuraltextures,h265_crf32,0.5687532424926758,0.5687532424926758,1
trimoe,three_domain_moe,199,neuraltextures_faces_c23/321_288,ffpp_test:25,1,neuraltextures,h265_crf32,0.7961115837097168,0.7961115837097168,1
trimoe,three_domain_moe,200,original_faces_c23/705,ffpp_test:57,0,real,h265_crf32,0.8109619617462158,0.8109619617462158,1
trimoe,three_domain_moe,201,original_faces_c23/707,ffpp_test:57,0,real,h265_crf32,0.797259509563446,0.797259509563446,1
trimoe,three_domain_moe,202,deepfakes_faces_c23/705_707,ffpp_test:57,1,deepfakes,h265_crf32,0.7797638177871704,0.7797638177871704,1
trimoe,three_domain_moe,203,deepfakes_faces_c23/707_705,ffpp_test:57,1,deepfakes,h265_crf32,0.8246929049491882,0.8246929049491882,1
trimoe,three_domain_moe,204,face2face_faces_c23/705_707,ffpp_test:57,1,face2face,h265_crf32,0.8170995712280273,0.8170995712280273,1
trimoe,three_domain_moe,205,face2face_faces_c23/707_705,ffpp_test:57,1,face2face,h265_crf32,0.7578686475753784,0.7578686475753784,1
trimoe,three_domain_moe,206,faceswap_faces_c23/705_707,ffpp_test:57,1,faceswap,h265_crf32,0.8132809996604919,0.8132809996604919,1
trimoe,three_domain_moe,207,faceswap_faces_c23/707_705,ffpp_test:57,1,faceswap,h265_crf32,0.5458696484565735,0.5458696484565735,0
trimoe,three_domain_moe,208,neuraltextures_faces_c23/705_707,ffpp_test:57,1,neuraltextures,h265_crf32,0.8252301216125488,0.8252301216125488,1
trimoe,three_domain_moe,209,neuraltextures_faces_c23/707_705,ffpp_test:57,1,neuraltextures,h265_crf32,0.811132550239563,0.811132550239563,1
trimoe,three_domain_moe,210,original_faces_c23/306,ffpp_test:24,0,real,h265_crf32,0.7785128951072693,0.7785128951072693,1
trimoe,three_domain_moe,211,original_faces_c23/278,ffpp_test:24,0,real,h265_crf32,0.49928292632102966,0.49928292632102966,1
trimoe,three_domain_moe,212,deepfakes_faces_c23/306_278,ffpp_test:24,1,deepfakes,h265_crf32,0.7912274599075317,0.7912274599075317,1
trimoe,three_domain_moe,213,deepfakes_faces_c23/278_306,ffpp_test:24,1,deepfakes,h265_crf32,0.4998553395271301,0.4998553395271301,1
trimoe,three_domain_moe,214,face2face_faces_c23/306_278,ffpp_test:24,1,face2face,h265_crf32,0.7926251888275146,0.7926251888275146,1
trimoe,three_domain_moe,215,face2face_faces_c23/278_306,ffpp_test:24,1,face2face,h265_crf32,0.8117644786834717,0.8117644786834717,1
trimoe,three_domain_moe,216,faceswap_faces_c23/306_278,ffpp_test:24,1,faceswap,h265_crf32,0.8233531713485718,0.8233531713485718,1
trimoe,three_domain_moe,217,faceswap_faces_c23/278_306,ffpp_test:24,1,faceswap,h265_crf32,0.49896439909935,0.49896439909935,1
trimoe,three_domain_moe,218,neuraltextures_faces_c23/306_278,ffpp_test:24,1,neuraltextures,h265_crf32,0.7962872982025146,0.7962872982025146,1
trimoe,three_domain_moe,219,neuraltextures_faces_c23/278_306,ffpp_test:24,1,neuraltextures,h265_crf32,0.5060909986495972,0.5060909986495972,1
trimoe,three_domain_moe,220,original_faces_c23/865,ffpp_test:61,0,real,h265_crf32,0.5720682144165039,0.5720682144165039,0
trimoe,three_domain_moe,221,original_faces_c23/739,ffpp_test:61,0,real,h265_crf32,0.588704526424408,0.588704526424408,1
trimoe,three_domain_moe,222,deepfakes_faces_c23/865_739,ffpp_test:61,1,deepfakes,h265_crf32,0.791217029094696,0.791217029094696,1
trimoe,three_domain_moe,223,deepfakes_faces_c23/739_865,ffpp_test:61,1,deepfakes,h265_crf32,0.8102643489837646,0.8102643489837646,1
trimoe,three_domain_moe,224,face2face_faces_c23/865_739,ffpp_test:61,1,face2face,h265_crf32,0.6543405652046204,0.6543405652046204,0
trimoe,three_domain_moe,225,face2face_faces_c23/739_865,ffpp_test:61,1,face2face,h265_crf32,0.7208075523376465,0.7208075523376465,1
trimoe,three_domain_moe,226,faceswap_faces_c23/865_739,ffpp_test:61,1,faceswap,h265_crf32,0.6941536664962769,0.6941536664962769,1
trimoe,three_domain_moe,227,faceswap_faces_c23/739_865,ffpp_test:61,1,faceswap,h265_crf32,0.6999143958091736,0.6999143958091736,1
trimoe,three_domain_moe,228,neuraltextures_faces_c23/865_739,ffpp_test:61,1,neuraltextures,h265_crf32,0.6385021209716797,0.6385021209716797,0
trimoe,three_domain_moe,229,neuraltextures_faces_c23/739_865,ffpp_test:61,1,neuraltextures,h265_crf32,0.7785360217094421,0.7785360217094421,1
trimoe,three_domain_moe,230,original_faces_c23/995,ffpp_test:21,0,real,h265_crf32,0.8269428610801697,0.8269428610801697,1
trimoe,three_domain_moe,231,original_faces_c23/233,ffpp_test:21,0,real,h265_crf32,0.8005268573760986,0.8005268573760986,1
trimoe,three_domain_moe,232,deepfakes_faces_c23/995_233,ffpp_test:21,1,deepfakes,h265_crf32,0.44632548093795776,0.44632548093795776,1
trimoe,three_domain_moe,233,deepfakes_faces_c23/233_995,ffpp_test:21,1,deepfakes,h265_crf32,0.8242439031600952,0.8242439031600952,1
trimoe,three_domain_moe,234,face2face_faces_c23/995_233,ffpp_test:21,1,face2face,h265_crf32,0.8064445853233337,0.8064445853233337,1
trimoe,three_domain_moe,235,face2face_faces_c23/233_995,ffpp_test:21,1,face2face,h265_crf32,0.7969701290130615,0.7969701290130615,1
trimoe,three_domain_moe,236,faceswap_faces_c23/995_233,ffpp_test:21,1,faceswap,h265_crf32,0.8228062987327576,0.8228062987327576,1
trimoe,three_domain_moe,237,faceswap_faces_c23/233_995,ffpp_test:21,1,faceswap,h265_crf32,0.8261730670928955,0.8261730670928955,1
trimoe,three_domain_moe,238,neuraltextures_faces_c23/995_233,ffpp_test:21,1,neuraltextures,h265_crf32,0.8155032992362976,0.8155032992362976,1
trimoe,three_domain_moe,239,neuraltextures_faces_c23/233_995,ffpp_test:21,1,neuraltextures,h265_crf32,0.8062660098075867,0.8062660098075867,1
trimoe,three_domain_moe,240,original_faces_c23/755,ffpp_test:62,0,real,h265_crf32,0.8019530177116394,0.8019530177116394,1
trimoe,three_domain_moe,241,original_faces_c23/759,ffpp_test:62,0,real,h265_crf32,0.548844575881958,0.548844575881958,0
trimoe,three_domain_moe,242,deepfakes_faces_c23/755_759,ffpp_test:62,1,deepfakes,h265_crf32,0.8265842795372009,0.8265842795372009,1
trimoe,three_domain_moe,243,deepfakes_faces_c23/759_755,ffpp_test:62,1,deepfakes,h265_crf32,0.8093804121017456,0.8093804121017456,1
trimoe,three_domain_moe,244,face2face_faces_c23/755_759,ffpp_test:62,1,face2face,h265_crf32,0.8195358514785767,0.8195358514785767,1
trimoe,three_domain_moe,245,face2face_faces_c23/759_755,ffpp_test:62,1,face2face,h265_crf32,0.8127427101135254,0.8127427101135254,1
trimoe,three_domain_moe,246,faceswap_faces_c23/755_759,ffpp_test:62,1,faceswap,h265_crf32,0.7837106585502625,0.7837106585502625,1
trimoe,three_domain_moe,247,faceswap_faces_c23/759_755,ffpp_test:62,1,faceswap,h265_crf32,0.7712118029594421,0.7712118029594421,1
trimoe,three_domain_moe,248,neuraltextures_faces_c23/755_759,ffpp_test:62,1,neuraltextures,h265_crf32,0.8290848731994629,0.8290848731994629,1
trimoe,three_domain_moe,249,neuraltextures_faces_c23/759_755,ffpp_test:62,1,neuraltextures,h265_crf32,0.5627347230911255,0.5627347230911255,1
trimoe,three_domain_moe,250,original_faces_c23/467,ffpp_test:43,0,real,h265_crf32,0.782354474067688,0.782354474067688,1
trimoe,three_domain_moe,251,original_faces_c23/462,ffpp_test:43,0,real,h265_crf32,0.5022987723350525,0.5022987723350525,1
trimoe,three_domain_moe,252,deepfakes_faces_c23/467_462,ffpp_test:43,1,deepfakes,h265_crf32,0.506767988204956,0.506767988204956,0
trimoe,three_domain_moe,253,deepfakes_faces_c23/462_467,ffpp_test:43,1,deepfakes,h265_crf32,0.7993382215499878,0.7993382215499878,1
trimoe,three_domain_moe,254,face2face_faces_c23/467_462,ffpp_test:43,1,face2face,h265_crf32,0.740606963634491,0.740606963634491,1
trimoe,three_domain_moe,255,face2face_faces_c23/462_467,ffpp_test:43,1,face2face,h265_crf32,0.8169106245040894,0.8169106245040894,1
trimoe,three_domain_moe,256,faceswap_faces_c23/467_462,ffpp_test:43,1,faceswap,h265_crf32,0.7898582220077515,0.7898582220077515,1
trimoe,three_domain_moe,257,faceswap_faces_c23/462_467,ffpp_test:43,1,faceswap,h265_crf32,0.8167850375175476,0.8167850375175476,1
trimoe,three_domain_moe,258,neuraltextures_faces_c23/467_462,ffpp_test:43,1,neuraltextures,h265_crf32,0.7139829397201538,0.7139829397201538,1
trimoe,three_domain_moe,259,neuraltextures_faces_c23/462_467,ffpp_test:43,1,neuraltextures,h265_crf32,0.8171921968460083,0.8171921968460083,1
trimoe,three_domain_moe,260,original_faces_c23/314,ffpp_test:27,0,real,h265_crf32,0.7815792560577393,0.7815792560577393,1
trimoe,three_domain_moe,261,original_faces_c23/347,ffpp_test:27,0,real,h265_crf32,0.33785730600357056,0.33785730600357056,0
trimoe,three_domain_moe,262,deepfakes_faces_c23/314_347,ffpp_test:27,1,deepfakes,h265_crf32,0.7784410715103149,0.7784410715103149,1
trimoe,three_domain_moe,263,deepfakes_faces_c23/347_314,ffpp_test:27,1,deepfakes,h265_crf32,0.5709354281425476,0.5709354281425476,0
trimoe,three_domain_moe,264,face2face_faces_c23/314_347,ffpp_test:27,1,face2face,h265_crf32,0.7765586376190186,0.7765586376190186,1
trimoe,three_domain_moe,265,face2face_faces_c23/347_314,ffpp_test:27,1,face2face,h265_crf32,0.5229170322418213,0.5229170322418213,0
trimoe,three_domain_moe,266,faceswap_faces_c23/314_347,ffpp_test:27,1,faceswap,h265_crf32,0.8150937557220459,0.8150937557220459,1
trimoe,three_domain_moe,267,faceswap_faces_c23/347_314,ffpp_test:27,1,faceswap,h265_crf32,0.5967875719070435,0.5967875719070435,0
trimoe,three_domain_moe,268,neuraltextures_faces_c23/314_347,ffpp_test:27,1,neuraltextures,h265_crf32,0.773746907711029,0.773746907711029,1
trimoe,three_domain_moe,269,neuraltextures_faces_c23/347_314,ffpp_test:27,1,neuraltextures,h265_crf32,0.6434159278869629,0.6434159278869629,1
trimoe,three_domain_moe,270,original_faces_c23/741,ffpp_test:60,0,real,h265_crf32,0.8268071413040161,0.8268071413040161,1
trimoe,three_domain_moe,271,original_faces_c23/731,ffpp_test:60,0,real,h265_crf32,0.8232932090759277,0.8232932090759277,1
trimoe,three_domain_moe,272,deepfakes_faces_c23/741_731,ffpp_test:60,1,deepfakes,h265_crf32,0.8195008039474487,0.8195008039474487,1
trimoe,three_domain_moe,273,deepfakes_faces_c23/731_741,ffpp_test:60,1,deepfakes,h265_crf32,0.8257622122764587,0.8257622122764587,1
trimoe,three_domain_moe,274,face2face_faces_c23/741_731,ffpp_test:60,1,face2face,h265_crf32,0.8244757652282715,0.8244757652282715,1
trimoe,three_domain_moe,275,face2face_faces_c23/731_741,ffpp_test:60,1,face2face,h265_crf32,0.8123070001602173,0.8123070001602173,1
trimoe,three_domain_moe,276,faceswap_faces_c23/741_731,ffpp_test:60,1,faceswap,h265_crf32,0.8250929117202759,0.8250929117202759,1
trimoe,three_domain_moe,277,faceswap_faces_c23/731_741,ffpp_test:60,1,faceswap,h265_crf32,0.8219761848449707,0.8219761848449707,1
trimoe,three_domain_moe,278,neuraltextures_faces_c23/741_731,ffpp_test:60,1,neuraltextures,h265_crf32,0.8145146369934082,0.8145146369934082,1
trimoe,three_domain_moe,279,neuraltextures_faces_c23/731_741,ffpp_test:60,1,neuraltextures,h265_crf32,0.8236009478569031,0.8236009478569031,1
trimoe,three_domain_moe,280,original_faces_c23/970,ffpp_test:69,0,real,h265_crf32,0.7032535076141357,0.7032535076141357,1
trimoe,three_domain_moe,281,original_faces_c23/973,ffpp_test:69,0,real,h265_crf32,0.5170544385910034,0.5170544385910034,0
trimoe,three_domain_moe,282,deepfakes_faces_c23/970_973,ffpp_test:69,1,deepfakes,h265_crf32,0.767170786857605,0.767170786857605,1
trimoe,three_domain_moe,283,deepfakes_faces_c23/973_970,ffpp_test:69,1,deepfakes,h265_crf32,0.8069895505905151,0.8069895505905151,1
trimoe,three_domain_moe,284,face2face_faces_c23/970_973,ffpp_test:69,1,face2face,h265_crf32,0.7385743856430054,0.7385743856430054,1
trimoe,three_domain_moe,285,face2face_faces_c23/973_970,ffpp_test:69,1,face2face,h265_crf32,0.8154758810997009,0.8154758810997009,1
trimoe,three_domain_moe,286,faceswap_faces_c23/970_973,ffpp_test:69,1,faceswap,h265_crf32,0.7804421782493591,0.7804421782493591,1
trimoe,three_domain_moe,287,faceswap_faces_c23/973_970,ffpp_test:69,1,faceswap,h265_crf32,0.8161124587059021,0.8161124587059021,1
trimoe,three_domain_moe,288,neuraltextures_faces_c23/970_973,ffpp_test:69,1,neuraltextures,h265_crf32,0.7033193111419678,0.7033193111419678,1
trimoe,three_domain_moe,289,neuraltextures_faces_c23/973_970,ffpp_test:69,1,neuraltextures,h265_crf32,0.8103877305984497,0.8103877305984497,1
trimoe,three_domain_moe,290,original_faces_c23/634,ffpp_test:53,0,real,h265_crf32,0.44648560881614685,0.44648560881614685,0
trimoe,three_domain_moe,291,original_faces_c23/660,ffpp_test:53,0,real,h265_crf32,0.7979602217674255,0.7979602217674255,1
trimoe,three_domain_moe,292,deepfakes_faces_c23/634_660,ffpp_test:53,1,deepfakes,h265_crf32,0.7702268362045288,0.7702268362045288,1
trimoe,three_domain_moe,293,deepfakes_faces_c23/660_634,ffpp_test:53,1,deepfakes,h265_crf32,0.7883323431015015,0.7883323431015015,1
trimoe,three_domain_moe,294,face2face_faces_c23/634_660,ffpp_test:53,1,face2face,h265_crf32,0.814437747001648,0.814437747001648,1
trimoe,three_domain_moe,295,face2face_faces_c23/660_634,ffpp_test:53,1,face2face,h265_crf32,0.8041462302207947,0.8041462302207947,1
trimoe,three_domain_moe,296,faceswap_faces_c23/634_660,ffpp_test:53,1,faceswap,h265_crf32,0.7962512969970703,0.7962512969970703,1
trimoe,three_domain_moe,297,faceswap_faces_c23/660_634,ffpp_test:53,1,faceswap,h265_crf32,0.7895695567131042,0.7895695567131042,1
trimoe,three_domain_moe,298,neuraltextures_faces_c23/634_660,ffpp_test:53,1,neuraltextures,h265_crf32,0.7974535226821899,0.7974535226821899,1
trimoe,three_domain_moe,299,neuraltextures_faces_c23/660_634,ffpp_test:53,1,neuraltextures,h265_crf32,0.7928568124771118,0.7928568124771118,1
trimoe,three_domain_moe,300,original_faces_c23/494,ffpp_test:40,0,real,h265_crf32,0.5248592495918274,0.5248592495918274,1
trimoe,three_domain_moe,301,original_faces_c23/445,ffpp_test:40,0,real,h265_crf32,0.5379910469055176,0.5379910469055176,0
trimoe,three_domain_moe,302,deepfakes_faces_c23/494_445,ffpp_test:40,1,deepfakes,h265_crf32,0.801536500453949,0.801536500453949,1
trimoe,three_domain_moe,303,deepfakes_faces_c23/445_494,ffpp_test:40,1,deepfakes,h265_crf32,0.48406872153282166,0.48406872153282166,0
trimoe,three_domain_moe,304,face2face_faces_c23/494_445,ffpp_test:40,1,face2face,h265_crf32,0.8043457269668579,0.8043457269668579,1
trimoe,three_domain_moe,305,face2face_faces_c23/445_494,ffpp_test:40,1,face2face,h265_crf32,0.5082554221153259,0.5082554221153259,0
trimoe,three_domain_moe,306,faceswap_faces_c23/494_445,ffpp_test:40,1,faceswap,h265_crf32,0.7677266597747803,0.7677266597747803,1
trimoe,three_domain_moe,307,faceswap_faces_c23/445_494,ffpp_test:40,1,faceswap,h265_crf32,0.8032004237174988,0.8032004237174988,1
trimoe,three_domain_moe,308,neuraltextures_faces_c23/494_445,ffpp_test:40,1,neuraltextures,h265_crf32,0.7795581221580505,0.7795581221580505,1
trimoe,three_domain_moe,309,neuraltextures_faces_c23/445_494,ffpp_test:40,1,neuraltextures,h265_crf32,0.5544813871383667,0.5544813871383667,0
trimoe,three_domain_moe,310,original_faces_c23/706,ffpp_test:44,0,real,h265_crf32,0.7681097388267517,0.7681097388267517,1
trimoe,three_domain_moe,311,original_faces_c23/479,ffpp_test:44,0,real,h265_crf32,0.48216602206230164,0.48216602206230164,1
trimoe,three_domain_moe,312,deepfakes_faces_c23/706_479,ffpp_test:44,1,deepfakes,h265_crf32,0.8151368498802185,0.8151368498802185,1
trimoe,three_domain_moe,313,deepfakes_faces_c23/479_706,ffpp_test:44,1,deepfakes,h265_crf32,0.8268251419067383,0.8268251419067383,1
trimoe,three_domain_moe,314,face2face_faces_c23/706_479,ffpp_test:44,1,face2face,h265_crf32,0.7769958972930908,0.7769958972930908,1
trimoe,three_domain_moe,315,face2face_faces_c23/479_706,ffpp_test:44,1,face2face,h265_crf32,0.7722424864768982,0.7722424864768982,1
trimoe,three_domain_moe,316,faceswap_faces_c23/706_479,ffpp_test:44,1,faceswap,h265_crf32,0.7881202697753906,0.7881202697753906,1
trimoe,three_domain_moe,317,faceswap_faces_c23/479_706,ffpp_test:44,1,faceswap,h265_crf32,0.7679457664489746,0.7679457664489746,1
trimoe,three_domain_moe,318,neuraltextures_faces_c23/706_479,ffpp_test:44,1,neuraltextures,h265_crf32,0.7568672895431519,0.7568672895431519,1
trimoe,three_domain_moe,319,neuraltextures_faces_c23/479_706,ffpp_test:44,1,neuraltextures,h265_crf32,0.5284990072250366,0.5284990072250366,1
trimoe,three_domain_moe,320,original_faces_c23/186,ffpp_test:17,0,real,h265_crf32,0.5374760031700134,0.5374760031700134,0
trimoe,three_domain_moe,321,original_faces_c23/170,ffpp_test:17,0,real,h265_crf32,0.7916889190673828,0.7916889190673828,1
trimoe,three_domain_moe,322,deepfakes_faces_c23/186_170,ffpp_test:17,1,deepfakes,h265_crf32,0.7344777584075928,0.7344777584075928,1
trimoe,three_domain_moe,323,deepfakes_faces_c23/170_186,ffpp_test:17,1,deepfakes,h265_crf32,0.8150976896286011,0.8150976896286011,1
trimoe,three_domain_moe,324,face2face_faces_c23/186_170,ffpp_test:17,1,face2face,h265_crf32,0.5176686644554138,0.5176686644554138,0
trimoe,three_domain_moe,325,face2face_faces_c23/170_186,ffpp_test:17,1,face2face,h265_crf32,0.8228127360343933,0.8228127360343933,1
trimoe,three_domain_moe,326,faceswap_faces_c23/186_170,ffpp_test:17,1,faceswap,h265_crf32,0.5412268042564392,0.5412268042564392,0
trimoe,three_domain_moe,327,faceswap_faces_c23/170_186,ffpp_test:17,1,faceswap,h265_crf32,0.8114285469055176,0.8114285469055176,1
trimoe,three_domain_moe,328,neuraltextures_faces_c23/186_170,ffpp_test:17,1,neuraltextures,h265_crf32,0.6713886260986328,0.6713886260986328,1
trimoe,three_domain_moe,329,neuraltextures_faces_c23/170_186,ffpp_test:17,1,neuraltextures,h265_crf32,0.820854663848877,0.820854663848877,1
trimoe,three_domain_moe,330,original_faces_c23/176,ffpp_test:18,0,real,h265_crf32,0.47566741704940796,0.47566741704940796,1
trimoe,three_domain_moe,331,original_faces_c23/190,ffpp_test:18,0,real,h265_crf32,0.517591655254364,0.517591655254364,0
trimoe,three_domain_moe,332,deepfakes_faces_c23/176_190,ffpp_test:18,1,deepfakes,h265_crf32,0.8348261117935181,0.8348261117935181,1
trimoe,three_domain_moe,333,deepfakes_faces_c23/190_176,ffpp_test:18,1,deepfakes,h265_crf32,0.7530101537704468,0.7530101537704468,1
trimoe,three_domain_moe,334,face2face_faces_c23/176_190,ffpp_test:18,1,face2face,h265_crf32,0.6642227172851562,0.6642227172851562,1
trimoe,three_domain_moe,335,face2face_faces_c23/190_176,ffpp_test:18,1,face2face,h265_crf32,0.681272029876709,0.681272029876709,1
trimoe,three_domain_moe,336,faceswap_faces_c23/176_190,ffpp_test:18,1,faceswap,h265_crf32,0.8293696641921997,0.8293696641921997,1
trimoe,three_domain_moe,337,faceswap_faces_c23/190_176,ffpp_test:18,1,faceswap,h265_crf32,0.4925696849822998,0.4925696849822998,0
trimoe,three_domain_moe,338,neuraltextures_faces_c23/176_190,ffpp_test:18,1,neuraltextures,h265_crf32,0.654043436050415,0.654043436050415,1
trimoe,three_domain_moe,339,neuraltextures_faces_c23/190_176,ffpp_test:18,1,neuraltextures,h265_crf32,0.5260059237480164,0.5260059237480164,0
trimoe,three_domain_moe,340,original_faces_c23/380,ffpp_test:29,0,real,h265_crf32,0.8139482736587524,0.8139482736587524,1
trimoe,three_domain_moe,341,original_faces_c23/358,ffpp_test:29,0,real,h265_crf32,0.8021563291549683,0.8021563291549683,1
trimoe,three_domain_moe,342,deepfakes_faces_c23/380_358,ffpp_test:29,1,deepfakes,h265_crf32,0.5522398352622986,0.5522398352622986,0
trimoe,three_domain_moe,343,deepfakes_faces_c23/358_380,ffpp_test:29,1,deepfakes,h265_crf32,0.8038675785064697,0.8038675785064697,1
trimoe,three_domain_moe,344,face2face_faces_c23/380_358,ffpp_test:29,1,face2face,h265_crf32,0.548205554485321,0.548205554485321,0
trimoe,three_domain_moe,345,face2face_faces_c23/358_380,ffpp_test:29,1,face2face,h265_crf32,0.8183892965316772,0.8183892965316772,1
trimoe,three_domain_moe,346,faceswap_faces_c23/380_358,ffpp_test:29,1,faceswap,h265_crf32,0.801588237285614,0.801588237285614,1
trimoe,three_domain_moe,347,faceswap_faces_c23/358_380,ffpp_test:29,1,faceswap,h265_crf32,0.7993556261062622,0.7993556261062622,1
trimoe,three_domain_moe,348,neuraltextures_faces_c23/380_358,ffpp_test:29,1,neuraltextures,h265_crf32,0.8087764978408813,0.8087764978408813,1
trimoe,three_domain_moe,349,neuraltextures_faces_c23/358_380,ffpp_test:29,1,neuraltextures,h265_crf32,0.7982102632522583,0.7982102632522583,1
trimoe,three_domain_moe,350,original_faces_c23/214,ffpp_test:19,0,real,h265_crf32,0.801243007183075,0.801243007183075,1
trimoe,three_domain_moe,351,original_faces_c23/255,ffpp_test:19,0,real,h265_crf32,0.4909559488296509,0.4909559488296509,0
trimoe,three_domain_moe,352,deepfakes_faces_c23/214_255,ffpp_test:19,1,deepfakes,h265_crf32,0.7763530015945435,0.7763530015945435,1
trimoe,three_domain_moe,353,deepfakes_faces_c23/255_214,ffpp_test:19,1,deepfakes,h265_crf32,0.7505687475204468,0.7505687475204468,1
trimoe,three_domain_moe,354,face2face_faces_c23/214_255,ffpp_test:19,1,face2face,h265_crf32,0.8216192126274109,0.8216192126274109,1
trimoe,three_domain_moe,355,face2face_faces_c23/255_214,ffpp_test:19,1,face2face,h265_crf32,0.5724751949310303,0.5724751949310303,0
trimoe,three_domain_moe,356,faceswap_faces_c23/214_255,ffpp_test:19,1,faceswap,h265_crf32,0.7296201586723328,0.7296201586723328,1
trimoe,three_domain_moe,357,faceswap_faces_c23/255_214,ffpp_test:19,1,faceswap,h265_crf32,0.5002108812332153,0.5002108812332153,0
trimoe,three_domain_moe,358,neuraltextures_faces_c23/214_255,ffpp_test:19,1,neuraltextures,h265_crf32,0.8273352384567261,0.8273352384567261,1
trimoe,three_domain_moe,359,neuraltextures_faces_c23/255_214,ffpp_test:19,1,neuraltextures,h265_crf32,0.5216943025588989,0.5216943025588989,0
trimoe,three_domain_moe,360,original_faces_c23/454,ffpp_test:42,0,real,h265_crf32,0.6938070058822632,0.6938070058822632,1
trimoe,three_domain_moe,361,original_faces_c23/527,ffpp_test:42,0,real,h265_crf32,0.578132152557373,0.578132152557373,1
trimoe,three_domain_moe,362,deepfakes_faces_c23/454_527,ffpp_test:42,1,deepfakes,h265_crf32,0.8107234239578247,0.8107234239578247,1
trimoe,three_domain_moe,363,deepfakes_faces_c23/527_454,ffpp_test:42,1,deepfakes,h265_crf32,0.7848793864250183,0.7848793864250183,1
trimoe,three_domain_moe,364,face2face_faces_c23/454_527,ffpp_test:42,1,face2face,h265_crf32,0.7711820006370544,0.7711820006370544,1
trimoe,three_domain_moe,365,face2face_faces_c23/527_454,ffpp_test:42,1,face2face,h265_crf32,0.8200116157531738,0.8200116157531738,1
trimoe,three_domain_moe,366,faceswap_faces_c23/454_527,ffpp_test:42,1,faceswap,h265_crf32,0.8059121370315552,0.8059121370315552,1
trimoe,three_domain_moe,367,faceswap_faces_c23/527_454,ffpp_test:42,1,faceswap,h265_crf32,0.8078919649124146,0.8078919649124146,1
trimoe,three_domain_moe,368,neuraltextures_faces_c23/454_527,ffpp_test:42,1,neuraltextures,h265_crf32,0.8335156440734863,0.8335156440734863,1
trimoe,three_domain_moe,369,neuraltextures_faces_c23/527_454,ffpp_test:42,1,neuraltextures,h265_crf32,0.7281019687652588,0.7281019687652588,1
trimoe,three_domain_moe,370,original_faces_c23/425,ffpp_test:39,0,real,h265_crf32,0.738620936870575,0.738620936870575,1
trimoe,three_domain_moe,371,original_faces_c23/485,ffpp_test:39,0,real,h265_crf32,0.6977190375328064,0.6977190375328064,1
trimoe,three_domain_moe,372,deepfakes_faces_c23/425_485,ffpp_test:39,1,deepfakes,h265_crf32,0.7578881978988647,0.7578881978988647,1
trimoe,three_domain_moe,373,deepfakes_faces_c23/485_425,ffpp_test:39,1,deepfakes,h265_crf32,0.6154983043670654,0.6154983043670654,0
trimoe,three_domain_moe,374,face2face_faces_c23/425_485,ffpp_test:39,1,face2face,h265_crf32,0.7764155864715576,0.7764155864715576,1
trimoe,three_domain_moe,375,face2face_faces_c23/485_425,ffpp_test:39,1,face2face,h265_crf32,0.2518031597137451,0.2518031597137451,0
trimoe,three_domain_moe,376,faceswap_faces_c23/425_485,ffpp_test:39,1,faceswap,h265_crf32,0.7525361776351929,0.7525361776351929,1
trimoe,three_domain_moe,377,faceswap_faces_c23/485_425,ffpp_test:39,1,faceswap,h265_crf32,0.748297393321991,0.748297393321991,1
trimoe,three_domain_moe,378,neuraltextures_faces_c23/425_485,ffpp_test:39,1,neuraltextures,h265_crf32,0.5247570276260376,0.5247570276260376,0
trimoe,three_domain_moe,379,neuraltextures_faces_c23/485_425,ffpp_test:39,1,neuraltextures,h265_crf32,0.6106504797935486,0.6106504797935486,0
trimoe,three_domain_moe,380,original_faces_c23/388,ffpp_test:26,0,real,h265_crf32,0.7492550611495972,0.7492550611495972,1
trimoe,three_domain_moe,381,original_faces_c23/308,ffpp_test:26,0,real,h265_crf32,0.6640884280204773,0.6640884280204773,1
trimoe,three_domain_moe,382,deepfakes_faces_c23/388_308,ffpp_test:26,1,deepfakes,h265_crf32,0.7819687724113464,0.7819687724113464,1
trimoe,three_domain_moe,383,deepfakes_faces_c23/308_388,ffpp_test:26,1,deepfakes,h265_crf32,0.8054729700088501,0.8054729700088501,1
trimoe,three_domain_moe,384,face2face_faces_c23/388_308,ffpp_test:26,1,face2face,h265_crf32,0.7460110187530518,0.7460110187530518,1
trimoe,three_domain_moe,385,face2face_faces_c23/308_388,ffpp_test:26,1,face2face,h265_crf32,0.7682759165763855,0.7682759165763855,1
trimoe,three_domain_moe,386,faceswap_faces_c23/388_308,ffpp_test:26,1,faceswap,h265_crf32,0.7973114252090454,0.7973114252090454,1
trimoe,three_domain_moe,387,faceswap_faces_c23/308_388,ffpp_test:26,1,faceswap,h265_crf32,0.7601715326309204,0.7601715326309204,1
trimoe,three_domain_moe,388,neuraltextures_faces_c23/388_308,ffpp_test:26,1,neuraltextures,h265_crf32,0.7850064039230347,0.7850064039230347,1
trimoe,three_domain_moe,389,neuraltextures_faces_c23/308_388,ffpp_test:26,1,neuraltextures,h265_crf32,0.7819263935089111,0.7819263935089111,1
trimoe,three_domain_moe,390,original_faces_c23/384,ffpp_test:32,0,real,h265_crf32,0.7732874751091003,0.7732874751091003,1
trimoe,three_domain_moe,391,original_faces_c23/932,ffpp_test:32,0,real,h265_crf32,0.5208021402359009,0.5208021402359009,1
trimoe,three_domain_moe,392,deepfakes_faces_c23/384_932,ffpp_test:32,1,deepfakes,h265_crf32,0.8291552066802979,0.8291552066802979,1
trimoe,three_domain_moe,393,deepfakes_faces_c23/932_384,ffpp_test:32,1,deepfakes,h265_crf32,0.5504844188690186,0.5504844188690186,1
trimoe,three_domain_moe,394,face2face_faces_c23/384_932,ffpp_test:32,1,face2face,h265_crf32,0.7856494784355164,0.7856494784355164,1
trimoe,three_domain_moe,395,face2face_faces_c23/932_384,ffpp_test:32,1,face2face,h265_crf32,0.5632907152175903,0.5632907152175903,1
trimoe,three_domain_moe,396,faceswap_faces_c23/384_932,ffpp_test:32,1,faceswap,h265_crf32,0.7779536247253418,0.7779536247253418,1
trimoe,three_domain_moe,397,faceswap_faces_c23/932_384,ffpp_test:32,1,faceswap,h265_crf32,0.656578540802002,0.656578540802002,1
trimoe,three_domain_moe,398,neuraltextures_faces_c23/384_932,ffpp_test:32,1,neuraltextures,h265_crf32,0.8158566355705261,0.8158566355705261,1
trimoe,three_domain_moe,399,neuraltextures_faces_c23/932_384,ffpp_test:32,1,neuraltextures,h265_crf32,0.628917932510376,0.628917932510376,1
trimoe,three_domain_moe,400,original_faces_c23/035,ffpp_test:5,0,real,h265_crf32,0.5266190767288208,0.5266190767288208,0
trimoe,three_domain_moe,401,original_faces_c23/036,ffpp_test:5,0,real,h265_crf32,0.3534209728240967,0.3534209728240967,0
trimoe,three_domain_moe,402,deepfakes_faces_c23/035_036,ffpp_test:5,1,deepfakes,h265_crf32,0.5041981935501099,0.5041981935501099,0
trimoe,three_domain_moe,403,deepfakes_faces_c23/036_035,ffpp_test:5,1,deepfakes,h265_crf32,0.33422088623046875,0.33422088623046875,0
trimoe,three_domain_moe,404,face2face_faces_c23/035_036,ffpp_test:5,1,face2face,h265_crf32,0.5335670709609985,0.5335670709609985,0
trimoe,three_domain_moe,405,face2face_faces_c23/036_035,ffpp_test:5,1,face2face,h265_crf32,0.4246079921722412,0.4246079921722412,0
trimoe,three_domain_moe,406,faceswap_faces_c23/035_036,ffpp_test:5,1,faceswap,h265_crf32,0.541782557964325,0.541782557964325,0
trimoe,three_domain_moe,407,faceswap_faces_c23/036_035,ffpp_test:5,1,faceswap,h265_crf32,0.5711959600448608,0.5711959600448608,0
trimoe,three_domain_moe,408,neuraltextures_faces_c23/035_036,ffpp_test:5,1,neuraltextures,h265_crf32,0.4935619533061981,0.4935619533061981,0
trimoe,three_domain_moe,409,neuraltextures_faces_c23/036_035,ffpp_test:5,1,neuraltextures,h265_crf32,0.4732670485973358,0.4732670485973358,0
trimoe,three_domain_moe,410,original_faces_c23/257,ffpp_test:23,0,real,h265_crf32,0.730876088142395,0.730876088142395,1
trimoe,three_domain_moe,411,original_faces_c23/420,ffpp_test:23,0,real,h265_crf32,0.4434407651424408,0.4434407651424408,0
trimoe,three_domain_moe,412,deepfakes_faces_c23/257_420,ffpp_test:23,1,deepfakes,h265_crf32,0.46072351932525635,0.46072351932525635,0
trimoe,three_domain_moe,413,deepfakes_faces_c23/420_257,ffpp_test:23,1,deepfakes,h265_crf32,0.4817469120025635,0.4817469120025635,0
trimoe,three_domain_moe,414,face2face_faces_c23/257_420,ffpp_test:23,1,face2face,h265_crf32,0.5126338005065918,0.5126338005065918,0
trimoe,three_domain_moe,415,face2face_faces_c23/420_257,ffpp_test:23,1,face2face,h265_crf32,0.4077736735343933,0.4077736735343933,0
trimoe,three_domain_moe,416,faceswap_faces_c23/257_420,ffpp_test:23,1,faceswap,h265_crf32,0.5085843801498413,0.5085843801498413,0
trimoe,three_domain_moe,417,faceswap_faces_c23/420_257,ffpp_test:23,1,faceswap,h265_crf32,0.5313860177993774,0.5313860177993774,0
trimoe,three_domain_moe,418,neuraltextures_faces_c23/257_420,ffpp_test:23,1,neuraltextures,h265_crf32,0.774010419845581,0.774010419845581,1
trimoe,three_domain_moe,419,neuraltextures_faces_c23/420_257,ffpp_test:23,1,neuraltextures,h265_crf32,0.43041595816612244,0.43041595816612244,0
trimoe,three_domain_moe,420,original_faces_c23/924,ffpp_test:67,0,real,h265_crf32,0.7967681884765625,0.7967681884765625,1
trimoe,three_domain_moe,421,original_faces_c23/917,ffpp_test:67,0,real,h265_crf32,0.8286201357841492,0.8286201357841492,1
trimoe,three_domain_moe,422,deepfakes_faces_c23/924_917,ffpp_test:67,1,deepfakes,h265_crf32,0.7786568999290466,0.7786568999290466,1
trimoe,three_domain_moe,423,deepfakes_faces_c23/917_924,ffpp_test:67,1,deepfakes,h265_crf32,0.8288249373435974,0.8288249373435974,1
trimoe,three_domain_moe,424,face2face_faces_c23/924_917,ffpp_test:67,1,face2face,h265_crf32,0.8230205774307251,0.8230205774307251,1
trimoe,three_domain_moe,425,face2face_faces_c23/917_924,ffpp_test:67,1,face2face,h265_crf32,0.82078617811203,0.82078617811203,1
trimoe,three_domain_moe,426,faceswap_faces_c23/924_917,ffpp_test:67,1,faceswap,h265_crf32,0.8017978668212891,0.8017978668212891,1
trimoe,three_domain_moe,427,faceswap_faces_c23/917_924,ffpp_test:67,1,faceswap,h265_crf32,0.8295077681541443,0.8295077681541443,1
trimoe,three_domain_moe,428,neuraltextures_faces_c23/924_917,ffpp_test:67,1,neuraltextures,h265_crf32,0.8265531063079834,0.8265531063079834,1
trimoe,three_domain_moe,429,neuraltextures_faces_c23/917_924,ffpp_test:67,1,neuraltextures,h265_crf32,0.8180251121520996,0.8180251121520996,1
trimoe,three_domain_moe,430,original_faces_c23/114,ffpp_test:9,0,real,h265_crf32,0.8121177554130554,0.8121177554130554,1
trimoe,three_domain_moe,431,original_faces_c23/102,ffpp_test:9,0,real,h265_crf32,0.7736415266990662,0.7736415266990662,1
trimoe,three_domain_moe,432,deepfakes_faces_c23/114_102,ffpp_test:9,1,deepfakes,h265_crf32,0.8077576160430908,0.8077576160430908,1
trimoe,three_domain_moe,433,deepfakes_faces_c23/102_114,ffpp_test:9,1,deepfakes,h265_crf32,0.7976725101470947,0.7976725101470947,1
trimoe,three_domain_moe,434,face2face_faces_c23/114_102,ffpp_test:9,1,face2face,h265_crf32,0.8052582144737244,0.8052582144737244,1
trimoe,three_domain_moe,435,face2face_faces_c23/102_114,ffpp_test:9,1,face2face,h265_crf32,0.8236411809921265,0.8236411809921265,1
trimoe,three_domain_moe,436,faceswap_faces_c23/114_102,ffpp_test:9,1,faceswap,h265_crf32,0.8290517330169678,0.8290517330169678,1
trimoe,three_domain_moe,437,faceswap_faces_c23/102_114,ffpp_test:9,1,faceswap,h265_crf32,0.8191066980361938,0.8191066980361938,1
trimoe,three_domain_moe,438,neuraltextures_faces_c23/114_102,ffpp_test:9,1,neuraltextures,h265_crf32,0.8270770907402039,0.8270770907402039,1
trimoe,three_domain_moe,439,neuraltextures_faces_c23/102_114,ffpp_test:9,1,neuraltextures,h265_crf32,0.8152705430984497,0.8152705430984497,1
trimoe,three_domain_moe,440,original_faces_c23/732,ffpp_test:56,0,real,h265_crf32,0.5067540407180786,0.5067540407180786,0
trimoe,three_domain_moe,441,original_faces_c23/691,ffpp_test:56,0,real,h265_crf32,0.7925035357475281,0.7925035357475281,1
trimoe,three_domain_moe,442,deepfakes_faces_c23/732_691,ffpp_test:56,1,deepfakes,h265_crf32,0.8094668388366699,0.8094668388366699,1
trimoe,three_domain_moe,443,deepfakes_faces_c23/691_732,ffpp_test:56,1,deepfakes,h265_crf32,0.8031185865402222,0.8031185865402222,1
trimoe,three_domain_moe,444,face2face_faces_c23/732_691,ffpp_test:56,1,face2face,h265_crf32,0.7992194890975952,0.7992194890975952,1
trimoe,three_domain_moe,445,face2face_faces_c23/691_732,ffpp_test:56,1,face2face,h265_crf32,0.810402512550354,0.810402512550354,1
trimoe,three_domain_moe,446,faceswap_faces_c23/732_691,ffpp_test:56,1,faceswap,h265_crf32,0.642540693283081,0.642540693283081,0
trimoe,three_domain_moe,447,faceswap_faces_c23/691_732,ffpp_test:56,1,faceswap,h265_crf32,0.7768318057060242,0.7768318057060242,1
trimoe,three_domain_moe,448,neuraltextures_faces_c23/732_691,ffpp_test:56,1,neuraltextures,h265_crf32,0.553439736366272,0.553439736366272,0
trimoe,three_domain_moe,449,neuraltextures_faces_c23/691_732,ffpp_test:56,1,neuraltextures,h265_crf32,0.8158776164054871,0.8158776164054871,1
trimoe,three_domain_moe,450,original_faces_c23/550,ffpp_test:41,0,real,h265_crf32,0.42343205213546753,0.42343205213546753,0
trimoe,three_domain_moe,451,original_faces_c23/452,ffpp_test:41,0,real,h265_crf32,0.593066394329071,0.593066394329071,0
trimoe,three_domain_moe,452,deepfakes_faces_c23/550_452,ffpp_test:41,1,deepfakes,h265_crf32,0.49837952852249146,0.49837952852249146,0
trimoe,three_domain_moe,453,deepfakes_faces_c23/452_550,ffpp_test:41,1,deepfakes,h265_crf32,0.43902164697647095,0.43902164697647095,0
trimoe,three_domain_moe,454,face2face_faces_c23/550_452,ffpp_test:41,1,face2face,h265_crf32,0.4780125617980957,0.4780125617980957,0
trimoe,three_domain_moe,455,face2face_faces_c23/452_550,ffpp_test:41,1,face2face,h265_crf32,0.4479498267173767,0.4479498267173767,0
trimoe,three_domain_moe,456,faceswap_faces_c23/550_452,ffpp_test:41,1,faceswap,h265_crf32,0.35155487060546875,0.35155487060546875,0
trimoe,three_domain_moe,457,faceswap_faces_c23/452_550,ffpp_test:41,1,faceswap,h265_crf32,0.6188502311706543,0.6188502311706543,0
trimoe,three_domain_moe,458,neuraltextures_faces_c23/550_452,ffpp_test:41,1,neuraltextures,h265_crf32,0.451343297958374,0.451343297958374,0
trimoe,three_domain_moe,459,neuraltextures_faces_c23/452_550,ffpp_test:41,1,neuraltextures,h265_crf32,0.7791781425476074,0.7791781425476074,1
trimoe,three_domain_moe,460,original_faces_c23/280,ffpp_test:22,0,real,h265_crf32,0.739471435546875,0.739471435546875,1
trimoe,three_domain_moe,461,original_faces_c23/249,ffpp_test:22,0,real,h265_crf32,0.6967129707336426,0.6967129707336426,1
trimoe,three_domain_moe,462,deepfakes_faces_c23/280_249,ffpp_test:22,1,deepfakes,h265_crf32,0.7462140321731567,0.7462140321731567,1
trimoe,three_domain_moe,463,deepfakes_faces_c23/249_280,ffpp_test:22,1,deepfakes,h265_crf32,0.8165937662124634,0.8165937662124634,1
trimoe,three_domain_moe,464,face2face_faces_c23/280_249,ffpp_test:22,1,face2face,h265_crf32,0.7399023771286011,0.7399023771286011,1
trimoe,three_domain_moe,465,face2face_faces_c23/249_280,ffpp_test:22,1,face2face,h265_crf32,0.8197246789932251,0.8197246789932251,1
trimoe,three_domain_moe,466,faceswap_faces_c23/280_249,ffpp_test:22,1,faceswap,h265_crf32,0.7482198476791382,0.7482198476791382,1
trimoe,three_domain_moe,467,faceswap_faces_c23/249_280,ffpp_test:22,1,faceswap,h265_crf32,0.8086446523666382,0.8086446523666382,1
trimoe,three_domain_moe,468,neuraltextures_faces_c23/280_249,ffpp_test:22,1,neuraltextures,h265_crf32,0.4190775752067566,0.4190775752067566,1
trimoe,three_domain_moe,469,neuraltextures_faces_c23/249_280,ffpp_test:22,1,neuraltextures,h265_crf32,0.819920003414154,0.819920003414154,1
trimoe,three_domain_moe,470,original_faces_c23/842,ffpp_test:58,0,real,h265_crf32,0.6176788806915283,0.6176788806915283,0
trimoe,three_domain_moe,471,original_faces_c23/714,ffpp_test:58,0,real,h265_crf32,0.5352748036384583,0.5352748036384583,0
trimoe,three_domain_moe,472,deepfakes_faces_c23/842_714,ffpp_test:58,1,deepfakes,h265_crf32,0.7034012079238892,0.7034012079238892,1
trimoe,three_domain_moe,473,deepfakes_faces_c23/714_842,ffpp_test:58,1,deepfakes,h265_crf32,0.7345055341720581,0.7345055341720581,1
trimoe,three_domain_moe,474,face2face_faces_c23/842_714,ffpp_test:58,1,face2face,h265_crf32,0.5948961973190308,0.5948961973190308,0
trimoe,three_domain_moe,475,face2face_faces_c23/714_842,ffpp_test:58,1,face2face,h265_crf32,0.7460637092590332,0.7460637092590332,1
trimoe,three_domain_moe,476,faceswap_faces_c23/842_714,ffpp_test:58,1,faceswap,h265_crf32,0.7288033962249756,0.7288033962249756,1
trimoe,three_domain_moe,477,faceswap_faces_c23/714_842,ffpp_test:58,1,faceswap,h265_crf32,0.5884354114532471,0.5884354114532471,0
trimoe,three_domain_moe,478,neuraltextures_faces_c23/842_714,ffpp_test:58,1,neuraltextures,h265_crf32,0.641164243221283,0.641164243221283,0
trimoe,three_domain_moe,479,neuraltextures_faces_c23/714_842,ffpp_test:58,1,neuraltextures,h265_crf32,0.7593187093734741,0.7593187093734741,1
trimoe,three_domain_moe,480,original_faces_c23/625,ffpp_test:52,0,real,h265_crf32,0.8029928207397461,0.8029928207397461,1
trimoe,three_domain_moe,481,original_faces_c23/650,ffpp_test:52,0,real,h265_crf32,0.8011634349822998,0.8011634349822998,1
trimoe,three_domain_moe,482,deepfakes_faces_c23/625_650,ffpp_test:52,1,deepfakes,h265_crf32,0.781427800655365,0.781427800655365,1
trimoe,three_domain_moe,483,deepfakes_faces_c23/650_625,ffpp_test:52,1,deepfakes,h265_crf32,0.6676634550094604,0.6676634550094604,1
trimoe,three_domain_moe,484,face2face_faces_c23/625_650,ffpp_test:52,1,face2face,h265_crf32,0.7871135473251343,0.7871135473251343,1
trimoe,three_domain_moe,485,face2face_faces_c23/650_625,ffpp_test:52,1,face2face,h265_crf32,0.7803936004638672,0.7803936004638672,1
trimoe,three_domain_moe,486,faceswap_faces_c23/625_650,ffpp_test:52,1,faceswap,h265_crf32,0.7816171646118164,0.7816171646118164,1
trimoe,three_domain_moe,487,faceswap_faces_c23/650_625,ffpp_test:52,1,faceswap,h265_crf32,0.5867741107940674,0.5867741107940674,0
trimoe,three_domain_moe,488,neuraltextures_faces_c23/625_650,ffpp_test:52,1,neuraltextures,h265_crf32,0.745762288570404,0.745762288570404,1
trimoe,three_domain_moe,489,neuraltextures_faces_c23/650_625,ffpp_test:52,1,neuraltextures,h265_crf32,0.7082052230834961,0.7082052230834961,1
trimoe,three_domain_moe,490,original_faces_c23/024,ffpp_test:3,0,real,h265_crf32,0.7802945375442505,0.7802945375442505,1
trimoe,three_domain_moe,491,original_faces_c23/073,ffpp_test:3,0,real,h265_crf32,0.6704152822494507,0.6704152822494507,1
trimoe,three_domain_moe,492,deepfakes_faces_c23/024_073,ffpp_test:3,1,deepfakes,h265_crf32,0.7606016993522644,0.7606016993522644,1
trimoe,three_domain_moe,493,deepfakes_faces_c23/073_024,ffpp_test:3,1,deepfakes,h265_crf32,0.8265218138694763,0.8265218138694763,1
trimoe,three_domain_moe,494,face2face_faces_c23/024_073,ffpp_test:3,1,face2face,h265_crf32,0.7899417877197266,0.7899417877197266,1
trimoe,three_domain_moe,495,face2face_faces_c23/073_024,ffpp_test:3,1,face2face,h265_crf32,0.8034073114395142,0.8034073114395142,1
trimoe,three_domain_moe,496,faceswap_faces_c23/024_073,ffpp_test:3,1,faceswap,h265_crf32,0.735958993434906,0.735958993434906,1
trimoe,three_domain_moe,497,faceswap_faces_c23/073_024,ffpp_test:3,1,faceswap,h265_crf32,0.6592399477958679,0.6592399477958679,0
trimoe,three_domain_moe,498,neuraltextures_faces_c23/024_073,ffpp_test:3,1,neuraltextures,h265_crf32,0.8037128448486328,0.8037128448486328,1
trimoe,three_domain_moe,499,neuraltextures_faces_c23/073_024,ffpp_test:3,1,neuraltextures,h265_crf32,0.8061848878860474,0.8061848878860474,1
trimoe,three_domain_moe,500,original_faces_c23/044,ffpp_test:6,0,real,h265_crf32,0.7319605350494385,0.7319605350494385,1
trimoe,three_domain_moe,501,original_faces_c23/945,ffpp_test:6,0,real,h265_crf32,0.48758405447006226,0.48758405447006226,1
trimoe,three_domain_moe,502,deepfakes_faces_c23/044_945,ffpp_test:6,1,deepfakes,h265_crf32,0.824053168296814,0.824053168296814,1
trimoe,three_domain_moe,503,deepfakes_faces_c23/945_044,ffpp_test:6,1,deepfakes,h265_crf32,0.5926274061203003,0.5926274061203003,1
trimoe,three_domain_moe,504,face2face_faces_c23/044_945,ffpp_test:6,1,face2face,h265_crf32,0.6782513856887817,0.6782513856887817,1
trimoe,three_domain_moe,505,face2face_faces_c23/945_044,ffpp_test:6,1,face2face,h265_crf32,0.50137859582901,0.50137859582901,1
trimoe,three_domain_moe,506,faceswap_faces_c23/044_945,ffpp_test:6,1,faceswap,h265_crf32,0.7160717844963074,0.7160717844963074,1
trimoe,three_domain_moe,507,faceswap_faces_c23/945_044,ffpp_test:6,1,faceswap,h265_crf32,0.5324386954307556,0.5324386954307556,1
trimoe,three_domain_moe,508,neuraltextures_faces_c23/044_945,ffpp_test:6,1,neuraltextures,h265_crf32,0.7719200849533081,0.7719200849533081,1
trimoe,three_domain_moe,509,neuraltextures_faces_c23/945_044,ffpp_test:6,1,neuraltextures,h265_crf32,0.6140621900558472,0.6140621900558472,1
trimoe,three_domain_moe,510,original_faces_c23/896,ffpp_test:10,0,real,h265_crf32,0.5172441005706787,0.5172441005706787,1
trimoe,three_domain_moe,511,original_faces_c23/128,ffpp_test:10,0,real,h265_crf32,0.8109474182128906,0.8109474182128906,1
trimoe,three_domain_moe,512,deepfakes_faces_c23/896_128,ffpp_test:10,1,deepfakes,h265_crf32,0.7992376685142517,0.7992376685142517,1
trimoe,three_domain_moe,513,deepfakes_faces_c23/128_896,ffpp_test:10,1,deepfakes,h265_crf32,0.7915189266204834,0.7915189266204834,1
trimoe,three_domain_moe,514,face2face_faces_c23/896_128,ffpp_test:10,1,face2face,h265_crf32,0.7836565375328064,0.7836565375328064,1
trimoe,three_domain_moe,515,face2face_faces_c23/128_896,ffpp_test:10,1,face2face,h265_crf32,0.798724889755249,0.798724889755249,1
trimoe,three_domain_moe,516,faceswap_faces_c23/896_128,ffpp_test:10,1,faceswap,h265_crf32,0.8121081590652466,0.8121081590652466,1
trimoe,three_domain_moe,517,faceswap_faces_c23/128_896,ffpp_test:10,1,faceswap,h265_crf32,0.7881041765213013,0.7881041765213013,1
trimoe,three_domain_moe,518,neuraltextures_faces_c23/896_128,ffpp_test:10,1,neuraltextures,h265_crf32,0.5049346685409546,0.5049346685409546,1
trimoe,three_domain_moe,519,neuraltextures_faces_c23/128_896,ffpp_test:10,1,neuraltextures,h265_crf32,0.7924596071243286,0.7924596071243286,1
trimoe,three_domain_moe,520,original_faces_c23/862,ffpp_test:7,0,real,h265_crf32,0.47149330377578735,0.47149330377578735,0
trimoe,three_domain_moe,521,original_faces_c23/047,ffpp_test:7,0,real,h265_crf32,0.7580656409263611,0.7580656409263611,1
trimoe,three_domain_moe,522,deepfakes_faces_c23/862_047,ffpp_test:7,1,deepfakes,h265_crf32,0.45475634932518005,0.45475634932518005,1
trimoe,three_domain_moe,523,deepfakes_faces_c23/047_862,ffpp_test:7,1,deepfakes,h265_crf32,0.7188739776611328,0.7188739776611328,1
trimoe,three_domain_moe,524,face2face_faces_c23/862_047,ffpp_test:7,1,face2face,h265_crf32,0.7915375232696533,0.7915375232696533,1
trimoe,three_domain_moe,525,face2face_faces_c23/047_862,ffpp_test:7,1,face2face,h265_crf32,0.7606973648071289,0.7606973648071289,1
trimoe,three_domain_moe,526,faceswap_faces_c23/862_047,ffpp_test:7,1,faceswap,h265_crf32,0.4871703088283539,0.4871703088283539,1
trimoe,three_domain_moe,527,faceswap_faces_c23/047_862,ffpp_test:7,1,faceswap,h265_crf32,0.761062741279602,0.761062741279602,1
trimoe,three_domain_moe,528,neuraltextures_faces_c23/862_047,ffpp_test:7,1,neuraltextures,h265_crf32,0.7927941679954529,0.7927941679954529,1
trimoe,three_domain_moe,529,neuraltextures_faces_c23/047_862,ffpp_test:7,1,neuraltextures,h265_crf32,0.7405253648757935,0.7405253648757935,1
trimoe,three_domain_moe,530,original_faces_c23/607,ffpp_test:49,0,real,h265_crf32,0.46150121092796326,0.46150121092796326,1
trimoe,three_domain_moe,531,original_faces_c23/683,ffpp_test:49,0,real,h265_crf32,0.4497840106487274,0.4497840106487274,0
trimoe,three_domain_moe,532,deepfakes_faces_c23/607_683,ffpp_test:49,1,deepfakes,h265_crf32,0.7228478193283081,0.7228478193283081,1
trimoe,three_domain_moe,533,deepfakes_faces_c23/683_607,ffpp_test:49,1,deepfakes,h265_crf32,0.8127861022949219,0.8127861022949219,1
trimoe,three_domain_moe,534,face2face_faces_c23/607_683,ffpp_test:49,1,face2face,h265_crf32,0.43670159578323364,0.43670159578323364,1
trimoe,three_domain_moe,535,face2face_faces_c23/683_607,ffpp_test:49,1,face2face,h265_crf32,0.7777659296989441,0.7777659296989441,1
trimoe,three_domain_moe,536,faceswap_faces_c23/607_683,ffpp_test:49,1,faceswap,h265_crf32,0.7350260019302368,0.7350260019302368,1
trimoe,three_domain_moe,537,faceswap_faces_c23/683_607,ffpp_test:49,1,faceswap,h265_crf32,0.7976123690605164,0.7976123690605164,1
trimoe,three_domain_moe,538,neuraltextures_faces_c23/607_683,ffpp_test:49,1,neuraltextures,h265_crf32,0.428702712059021,0.428702712059021,1
trimoe,three_domain_moe,539,neuraltextures_faces_c23/683_607,ffpp_test:49,1,neuraltextures,h265_crf32,0.5053678750991821,0.5053678750991821,0
trimoe,three_domain_moe,540,original_faces_c23/517,ffpp_test:45,0,real,h265_crf32,0.29391905665397644,0.29391905665397644,0
trimoe,three_domain_moe,541,original_faces_c23/521,ffpp_test:45,0,real,h265_crf32,0.6542057991027832,0.6542057991027832,1
trimoe,three_domain_moe,542,deepfakes_faces_c23/517_521,ffpp_test:45,1,deepfakes,h265_crf32,0.7779750823974609,0.7779750823974609,1
trimoe,three_domain_moe,543,deepfakes_faces_c23/521_517,ffpp_test:45,1,deepfakes,h265_crf32,0.7050998210906982,0.7050998210906982,1
trimoe,three_domain_moe,544,face2face_faces_c23/517_521,ffpp_test:45,1,face2face,h265_crf32,0.746492862701416,0.746492862701416,1
trimoe,three_domain_moe,545,face2face_faces_c23/521_517,ffpp_test:45,1,face2face,h265_crf32,0.49011605978012085,0.49011605978012085,0
trimoe,three_domain_moe,546,faceswap_faces_c23/517_521,ffpp_test:45,1,faceswap,h265_crf32,0.765252947807312,0.765252947807312,1
trimoe,three_domain_moe,547,faceswap_faces_c23/521_517,ffpp_test:45,1,faceswap,h265_crf32,0.7430960536003113,0.7430960536003113,1
trimoe,three_domain_moe,548,neuraltextures_faces_c23/517_521,ffpp_test:45,1,neuraltextures,h265_crf32,0.46765539050102234,0.46765539050102234,0
trimoe,three_domain_moe,549,neuraltextures_faces_c23/521_517,ffpp_test:45,1,neuraltextures,h265_crf32,0.549586296081543,0.549586296081543,0
trimoe,three_domain_moe,550,original_faces_c23/682,ffpp_test:55,0,real,h265_crf32,0.6697317361831665,0.6697317361831665,1
trimoe,three_domain_moe,551,original_faces_c23/669,ffpp_test:55,0,real,h265_crf32,0.8151464462280273,0.8151464462280273,1
trimoe,three_domain_moe,552,deepfakes_faces_c23/682_669,ffpp_test:55,1,deepfakes,h265_crf32,0.7561582326889038,0.7561582326889038,1
trimoe,three_domain_moe,553,deepfakes_faces_c23/669_682,ffpp_test:55,1,deepfakes,h265_crf32,0.7690913081169128,0.7690913081169128,1
trimoe,three_domain_moe,554,face2face_faces_c23/682_669,ffpp_test:55,1,face2face,h265_crf32,0.8144196271896362,0.8144196271896362,1
trimoe,three_domain_moe,555,face2face_faces_c23/669_682,ffpp_test:55,1,face2face,h265_crf32,0.7996532917022705,0.7996532917022705,1
trimoe,three_domain_moe,556,faceswap_faces_c23/682_669,ffpp_test:55,1,faceswap,h265_crf32,0.5030559301376343,0.5030559301376343,0
trimoe,three_domain_moe,557,faceswap_faces_c23/669_682,ffpp_test:55,1,faceswap,h265_crf32,0.8178142309188843,0.8178142309188843,1
trimoe,three_domain_moe,558,neuraltextures_faces_c23/682_669,ffpp_test:55,1,neuraltextures,h265_crf32,0.7908362746238708,0.7908362746238708,1
trimoe,three_domain_moe,559,neuraltextures_faces_c23/669_682,ffpp_test:55,1,neuraltextures,h265_crf32,0.8065140247344971,0.8065140247344971,1
trimoe,three_domain_moe,560,original_faces_c23/138,ffpp_test:12,0,real,h265_crf32,0.8326581716537476,0.8326581716537476,1
trimoe,three_domain_moe,561,original_faces_c23/142,ffpp_test:12,0,real,h265_crf32,0.6322283744812012,0.6322283744812012,0
trimoe,three_domain_moe,562,deepfakes_faces_c23/138_142,ffpp_test:12,1,deepfakes,h265_crf32,0.8299357295036316,0.8299357295036316,1
trimoe,three_domain_moe,563,deepfakes_faces_c23/142_138,ffpp_test:12,1,deepfakes,h265_crf32,0.7804581522941589,0.7804581522941589,1
trimoe,three_domain_moe,564,face2face_faces_c23/138_142,ffpp_test:12,1,face2face,h265_crf32,0.8306311368942261,0.8306311368942261,1
trimoe,three_domain_moe,565,face2face_faces_c23/142_138,ffpp_test:12,1,face2face,h265_crf32,0.7814608812332153,0.7814608812332153,1
trimoe,three_domain_moe,566,faceswap_faces_c23/138_142,ffpp_test:12,1,faceswap,h265_crf32,0.8189642429351807,0.8189642429351807,1
trimoe,three_domain_moe,567,faceswap_faces_c23/142_138,ffpp_test:12,1,faceswap,h265_crf32,0.8047396540641785,0.8047396540641785,1
trimoe,three_domain_moe,568,neuraltextures_faces_c23/138_142,ffpp_test:12,1,neuraltextures,h265_crf32,0.8322827816009521,0.8322827816009521,1
trimoe,three_domain_moe,569,neuraltextures_faces_c23/142_138,ffpp_test:12,1,neuraltextures,h265_crf32,0.7988485097885132,0.7988485097885132,1
trimoe,three_domain_moe,570,original_faces_c23/552,ffpp_test:47,0,real,h265_crf32,0.7512184977531433,0.7512184977531433,1
trimoe,three_domain_moe,571,original_faces_c23/851,ffpp_test:47,0,real,h265_crf32,0.8266605734825134,0.8266605734825134,1
trimoe,three_domain_moe,572,deepfakes_faces_c23/552_851,ffpp_test:47,1,deepfakes,h265_crf32,0.7994430065155029,0.7994430065155029,1
trimoe,three_domain_moe,573,deepfakes_faces_c23/851_552,ffpp_test:47,1,deepfakes,h265_crf32,0.8144259452819824,0.8144259452819824,1
trimoe,three_domain_moe,574,face2face_faces_c23/552_851,ffpp_test:47,1,face2face,h265_crf32,0.7368437647819519,0.7368437647819519,1
trimoe,three_domain_moe,575,face2face_faces_c23/851_552,ffpp_test:47,1,face2face,h265_crf32,0.7948047518730164,0.7948047518730164,1
trimoe,three_domain_moe,576,faceswap_faces_c23/552_851,ffpp_test:47,1,faceswap,h265_crf32,0.6760443449020386,0.6760443449020386,1
trimoe,three_domain_moe,577,faceswap_faces_c23/851_552,ffpp_test:47,1,faceswap,h265_crf32,0.7865169048309326,0.7865169048309326,1
trimoe,three_domain_moe,578,neuraltextures_faces_c23/552_851,ffpp_test:47,1,neuraltextures,h265_crf32,0.7709826827049255,0.7709826827049255,1
trimoe,three_domain_moe,579,neuraltextures_faces_c23/851_552,ffpp_test:47,1,neuraltextures,h265_crf32,0.8249315619468689,0.8249315619468689,1
trimoe,three_domain_moe,580,original_faces_c23/376,ffpp_test:31,0,real,h265_crf32,0.5876573920249939,0.5876573920249939,0
trimoe,three_domain_moe,581,original_faces_c23/381,ffpp_test:31,0,real,h265_crf32,0.692957878112793,0.692957878112793,1
trimoe,three_domain_moe,582,deepfakes_faces_c23/376_381,ffpp_test:31,1,deepfakes,h265_crf32,0.7760905027389526,0.7760905027389526,1
trimoe,three_domain_moe,583,deepfakes_faces_c23/381_376,ffpp_test:31,1,deepfakes,h265_crf32,0.770000159740448,0.770000159740448,1
trimoe,three_domain_moe,584,face2face_faces_c23/376_381,ffpp_test:31,1,face2face,h265_crf32,0.7203440070152283,0.7203440070152283,1
trimoe,three_domain_moe,585,face2face_faces_c23/381_376,ffpp_test:31,1,face2face,h265_crf32,0.7440881729125977,0.7440881729125977,1
trimoe,three_domain_moe,586,faceswap_faces_c23/376_381,ffpp_test:31,1,faceswap,h265_crf32,0.63496994972229,0.63496994972229,0
trimoe,three_domain_moe,587,faceswap_faces_c23/381_376,ffpp_test:31,1,faceswap,h265_crf32,0.8143640756607056,0.8143640756607056,1
trimoe,three_domain_moe,588,neuraltextures_faces_c23/376_381,ffpp_test:31,1,neuraltextures,h265_crf32,0.6281452178955078,0.6281452178955078,0
trimoe,three_domain_moe,589,neuraltextures_faces_c23/381_376,ffpp_test:31,1,neuraltextures,h265_crf32,0.7549180388450623,0.7549180388450623,1
trimoe,three_domain_moe,590,original_faces_c23/000,ffpp_test:0,0,real,h265_crf32,0.8162224292755127,0.8162224292755127,1
trimoe,three_domain_moe,591,original_faces_c23/003,ffpp_test:0,0,real,h265_crf32,0.5278476476669312,0.5278476476669312,0
trimoe,three_domain_moe,592,deepfakes_faces_c23/000_003,ffpp_test:0,1,deepfakes,h265_crf32,0.8197935819625854,0.8197935819625854,1
trimoe,three_domain_moe,593,deepfakes_faces_c23/003_000,ffpp_test:0,1,deepfakes,h265_crf32,0.7912163734436035,0.7912163734436035,1
trimoe,three_domain_moe,594,face2face_faces_c23/000_003,ffpp_test:0,1,face2face,h265_crf32,0.7953936457633972,0.7953936457633972,1
trimoe,three_domain_moe,595,face2face_faces_c23/003_000,ffpp_test:0,1,face2face,h265_crf32,0.7676429748535156,0.7676429748535156,1
trimoe,three_domain_moe,596,faceswap_faces_c23/000_003,ffpp_test:0,1,faceswap,h265_crf32,0.7655302286148071,0.7655302286148071,1
trimoe,three_domain_moe,597,faceswap_faces_c23/003_000,ffpp_test:0,1,faceswap,h265_crf32,0.6989170908927917,0.6989170908927917,1
trimoe,three_domain_moe,598,neuraltextures_faces_c23/000_003,ffpp_test:0,1,neuraltextures,h265_crf32,0.7911641597747803,0.7911641597747803,1
trimoe,three_domain_moe,599,neuraltextures_faces_c23/003_000,ffpp_test:0,1,neuraltextures,h265_crf32,0.7704643607139587,0.7704643607139587,1
trimoe,three_domain_moe,600,original_faces_c23/048,ffpp_test:4,0,real,h265_crf32,0.7942635416984558,0.7942635416984558,1
trimoe,three_domain_moe,601,original_faces_c23/029,ffpp_test:4,0,real,h265_crf32,0.6605695486068726,0.6605695486068726,1
trimoe,three_domain_moe,602,deepfakes_faces_c23/048_029,ffpp_test:4,1,deepfakes,h265_crf32,0.8215579390525818,0.8215579390525818,1
trimoe,three_domain_moe,603,deepfakes_faces_c23/029_048,ffpp_test:4,1,deepfakes,h265_crf32,0.7462037801742554,0.7462037801742554,1
trimoe,three_domain_moe,604,face2face_faces_c23/048_029,ffpp_test:4,1,face2face,h265_crf32,0.8265835046768188,0.8265835046768188,1
trimoe,three_domain_moe,605,face2face_faces_c23/029_048,ffpp_test:4,1,face2face,h265_crf32,0.7271329164505005,0.7271329164505005,1
trimoe,three_domain_moe,606,faceswap_faces_c23/048_029,ffpp_test:4,1,faceswap,h265_crf32,0.826404333114624,0.826404333114624,1
trimoe,three_domain_moe,607,faceswap_faces_c23/029_048,ffpp_test:4,1,faceswap,h265_crf32,0.7918631434440613,0.7918631434440613,1
trimoe,three_domain_moe,608,neuraltextures_faces_c23/048_029,ffpp_test:4,1,neuraltextures,h265_crf32,0.8114473223686218,0.8114473223686218,1
trimoe,three_domain_moe,609,neuraltextures_faces_c23/029_048,ffpp_test:4,1,neuraltextures,h265_crf32,0.6804172992706299,0.6804172992706299,1
trimoe,three_domain_moe,610,original_faces_c23/724,ffpp_test:59,0,real,h265_crf32,0.8029887080192566,0.8029887080192566,1
trimoe,three_domain_moe,611,original_faces_c23/725,ffpp_test:59,0,real,h265_crf32,0.8237684965133667,0.8237684965133667,1
trimoe,three_domain_moe,612,deepfakes_faces_c23/724_725,ffpp_test:59,1,deepfakes,h265_crf32,0.8061854243278503,0.8061854243278503,1
trimoe,three_domain_moe,613,deepfakes_faces_c23/725_724,ffpp_test:59,1,deepfakes,h265_crf32,0.80116868019104,0.80116868019104,1
trimoe,three_domain_moe,614,face2face_faces_c23/724_725,ffpp_test:59,1,face2face,h265_crf32,0.7807332873344421,0.7807332873344421,1
trimoe,three_domain_moe,615,face2face_faces_c23/725_724,ffpp_test:59,1,face2face,h265_crf32,0.8322743773460388,0.8322743773460388,1
trimoe,three_domain_moe,616,faceswap_faces_c23/724_725,ffpp_test:59,1,faceswap,h265_crf32,0.7519148588180542,0.7519148588180542,1
trimoe,three_domain_moe,617,faceswap_faces_c23/725_724,ffpp_test:59,1,faceswap,h265_crf32,0.8237371444702148,0.8237371444702148,1
trimoe,three_domain_moe,618,neuraltextures_faces_c23/724_725,ffpp_test:59,1,neuraltextures,h265_crf32,0.7793373465538025,0.7793373465538025,1
trimoe,three_domain_moe,619,neuraltextures_faces_c23/725_724,ffpp_test:59,1,neuraltextures,h265_crf32,0.7994650602340698,0.7994650602340698,1
trimoe,three_domain_moe,620,original_faces_c23/608,ffpp_test:50,0,real,h265_crf32,0.7736443877220154,0.7736443877220154,1
trimoe,three_domain_moe,621,original_faces_c23/675,ffpp_test:50,0,real,h265_crf32,0.7786456346511841,0.7786456346511841,1
trimoe,three_domain_moe,622,deepfakes_faces_c23/608_675,ffpp_test:50,1,deepfakes,h265_crf32,0.8137499690055847,0.8137499690055847,1
trimoe,three_domain_moe,623,deepfakes_faces_c23/675_608,ffpp_test:50,1,deepfakes,h265_crf32,0.6184860467910767,0.6184860467910767,0
trimoe,three_domain_moe,624,face2face_faces_c23/608_675,ffpp_test:50,1,face2face,h265_crf32,0.8181807994842529,0.8181807994842529,1
trimoe,three_domain_moe,625,face2face_faces_c23/675_608,ffpp_test:50,1,face2face,h265_crf32,0.7413792610168457,0.7413792610168457,1
trimoe,three_domain_moe,626,faceswap_faces_c23/608_675,ffpp_test:50,1,faceswap,h265_crf32,0.8225404024124146,0.8225404024124146,1
trimoe,three_domain_moe,627,faceswap_faces_c23/675_608,ffpp_test:50,1,faceswap,h265_crf32,0.6647675037384033,0.6647675037384033,1
trimoe,three_domain_moe,628,neuraltextures_faces_c23/608_675,ffpp_test:50,1,neuraltextures,h265_crf32,0.7669973373413086,0.7669973373413086,1
trimoe,three_domain_moe,629,neuraltextures_faces_c23/675_608,ffpp_test:50,1,neuraltextures,h265_crf32,0.72935950756073,0.72935950756073,1
trimoe,three_domain_moe,630,original_faces_c23/386,ffpp_test:14,0,real,h265_crf32,0.43663954734802246,0.43663954734802246,0
trimoe,three_domain_moe,631,original_faces_c23/154,ffpp_test:14,0,real,h265_crf32,0.8114272952079773,0.8114272952079773,1
trimoe,three_domain_moe,632,deepfakes_faces_c23/386_154,ffpp_test:14,1,deepfakes,h265_crf32,0.8064743876457214,0.8064743876457214,1
trimoe,three_domain_moe,633,deepfakes_faces_c23/154_386,ffpp_test:14,1,deepfakes,h265_crf32,0.7407011985778809,0.7407011985778809,1
trimoe,three_domain_moe,634,face2face_faces_c23/386_154,ffpp_test:14,1,face2face,h265_crf32,0.5240001082420349,0.5240001082420349,0
trimoe,three_domain_moe,635,face2face_faces_c23/154_386,ffpp_test:14,1,face2face,h265_crf32,0.5768439769744873,0.5768439769744873,1
trimoe,three_domain_moe,636,faceswap_faces_c23/386_154,ffpp_test:14,1,faceswap,h265_crf32,0.7975420951843262,0.7975420951843262,1
trimoe,three_domain_moe,637,faceswap_faces_c23/154_386,ffpp_test:14,1,faceswap,h265_crf32,0.8139614462852478,0.8139614462852478,1
trimoe,three_domain_moe,638,neuraltextures_faces_c23/386_154,ffpp_test:14,1,neuraltextures,h265_crf32,0.4657096266746521,0.4657096266746521,0
trimoe,three_domain_moe,639,neuraltextures_faces_c23/154_386,ffpp_test:14,1,neuraltextures,h265_crf32,0.7525429725646973,0.7525429725646973,1
trimoe,three_domain_moe,640,original_faces_c23/220,ffpp_test:20,0,real,h265_crf32,0.7940749526023865,0.7940749526023865,1
trimoe,three_domain_moe,641,original_faces_c23/219,ffpp_test:20,0,real,h265_crf32,0.7913340926170349,0.7913340926170349,1
trimoe,three_domain_moe,642,deepfakes_faces_c23/220_219,ffpp_test:20,1,deepfakes,h265_crf32,0.7414101362228394,0.7414101362228394,1
trimoe,three_domain_moe,643,deepfakes_faces_c23/219_220,ffpp_test:20,1,deepfakes,h265_crf32,0.7814130187034607,0.7814130187034607,1
trimoe,three_domain_moe,644,face2face_faces_c23/220_219,ffpp_test:20,1,face2face,h265_crf32,0.8013774752616882,0.8013774752616882,1
trimoe,three_domain_moe,645,face2face_faces_c23/219_220,ffpp_test:20,1,face2face,h265_crf32,0.8097976446151733,0.8097976446151733,1
trimoe,three_domain_moe,646,faceswap_faces_c23/220_219,ffpp_test:20,1,faceswap,h265_crf32,0.7609454989433289,0.7609454989433289,1
trimoe,three_domain_moe,647,faceswap_faces_c23/219_220,ffpp_test:20,1,faceswap,h265_crf32,0.8171812891960144,0.8171812891960144,1
trimoe,three_domain_moe,648,neuraltextures_faces_c23/220_219,ffpp_test:20,1,neuraltextures,h265_crf32,0.7737274169921875,0.7737274169921875,1
trimoe,three_domain_moe,649,neuraltextures_faces_c23/219_220,ffpp_test:20,1,neuraltextures,h265_crf32,0.7398642301559448,0.7398642301559448,1
trimoe,three_domain_moe,650,original_faces_c23/801,ffpp_test:63,0,real,h265_crf32,0.7092940807342529,0.7092940807342529,1
trimoe,three_domain_moe,651,original_faces_c23/855,ffpp_test:63,0,real,h265_crf32,0.6310315728187561,0.6310315728187561,1
trimoe,three_domain_moe,652,deepfakes_faces_c23/801_855,ffpp_test:63,1,deepfakes,h265_crf32,0.8151599168777466,0.8151599168777466,1
trimoe,three_domain_moe,653,deepfakes_faces_c23/855_801,ffpp_test:63,1,deepfakes,h265_crf32,0.8250989317893982,0.8250989317893982,1
trimoe,three_domain_moe,654,face2face_faces_c23/801_855,ffpp_test:63,1,face2face,h265_crf32,0.7577750086784363,0.7577750086784363,1
trimoe,three_domain_moe,655,face2face_faces_c23/855_801,ffpp_test:63,1,face2face,h265_crf32,0.8221653699874878,0.8221653699874878,1
trimoe,three_domain_moe,656,faceswap_faces_c23/801_855,ffpp_test:63,1,faceswap,h265_crf32,0.8212262988090515,0.8212262988090515,1
trimoe,three_domain_moe,657,faceswap_faces_c23/855_801,ffpp_test:63,1,faceswap,h265_crf32,0.7729262709617615,0.7729262709617615,1
trimoe,three_domain_moe,658,neuraltextures_faces_c23/801_855,ffpp_test:63,1,neuraltextures,h265_crf32,0.8201459646224976,0.8201459646224976,1
trimoe,three_domain_moe,659,neuraltextures_faces_c23/855_801,ffpp_test:63,1,neuraltextures,h265_crf32,0.8257829546928406,0.8257829546928406,1
trimoe,three_domain_moe,660,original_faces_c23/161,ffpp_test:13,0,real,h265_crf32,0.7243660688400269,0.7243660688400269,1
trimoe,three_domain_moe,661,original_faces_c23/141,ffpp_test:13,0,real,h265_crf32,0.5263804197311401,0.5263804197311401,0
trimoe,three_domain_moe,662,deepfakes_faces_c23/161_141,ffpp_test:13,1,deepfakes,h265_crf32,0.7780253291130066,0.7780253291130066,1
trimoe,three_domain_moe,663,deepfakes_faces_c23/141_161,ffpp_test:13,1,deepfakes,h265_crf32,0.8128972053527832,0.8128972053527832,1
trimoe,three_domain_moe,664,face2face_faces_c23/161_141,ffpp_test:13,1,face2face,h265_crf32,0.5119659900665283,0.5119659900665283,1
trimoe,three_domain_moe,665,face2face_faces_c23/141_161,ffpp_test:13,1,face2face,h265_crf32,0.805862545967102,0.805862545967102,1
trimoe,three_domain_moe,666,faceswap_faces_c23/161_141,ffpp_test:13,1,faceswap,h265_crf32,0.8248302340507507,0.8248302340507507,1
trimoe,three_domain_moe,667,faceswap_faces_c23/141_161,ffpp_test:13,1,faceswap,h265_crf32,0.8199245929718018,0.8199245929718018,1
trimoe,three_domain_moe,668,neuraltextures_faces_c23/161_141,ffpp_test:13,1,neuraltextures,h265_crf32,0.8052594065666199,0.8052594065666199,1
trimoe,three_domain_moe,669,neuraltextures_faces_c23/141_161,ffpp_test:13,1,neuraltextures,h265_crf32,0.7892298698425293,0.7892298698425293,1
trimoe,three_domain_moe,670,original_faces_c23/949,ffpp_test:66,0,real,h265_crf32,0.46495360136032104,0.46495360136032104,0
trimoe,three_domain_moe,671,original_faces_c23/868,ffpp_test:66,0,real,h265_crf32,0.6883248686790466,0.6883248686790466,1
trimoe,three_domain_moe,672,deepfakes_faces_c23/949_868,ffpp_test:66,1,deepfakes,h265_crf32,0.663249135017395,0.663249135017395,1
trimoe,three_domain_moe,673,deepfakes_faces_c23/868_949,ffpp_test:66,1,deepfakes,h265_crf32,0.8192281723022461,0.8192281723022461,1
trimoe,three_domain_moe,674,face2face_faces_c23/949_868,ffpp_test:66,1,face2face,h265_crf32,0.6932067275047302,0.6932067275047302,1
trimoe,three_domain_moe,675,face2face_faces_c23/868_949,ffpp_test:66,1,face2face,h265_crf32,0.7880167961120605,0.7880167961120605,1
trimoe,three_domain_moe,676,faceswap_faces_c23/949_868,ffpp_test:66,1,faceswap,h265_crf32,0.6600496768951416,0.6600496768951416,1
trimoe,three_domain_moe,677,faceswap_faces_c23/868_949,ffpp_test:66,1,faceswap,h265_crf32,0.79667729139328,0.79667729139328,1
trimoe,three_domain_moe,678,neuraltextures_faces_c23/949_868,ffpp_test:66,1,neuraltextures,h265_crf32,0.7660057544708252,0.7660057544708252,1
trimoe,three_domain_moe,679,neuraltextures_faces_c23/868_949,ffpp_test:66,1,neuraltextures,h265_crf32,0.8175086975097656,0.8175086975097656,1
trimoe,three_domain_moe,680,original_faces_c23/880,ffpp_test:11,0,real,h265_crf32,0.8258995413780212,0.8258995413780212,1
trimoe,three_domain_moe,681,original_faces_c23/135,ffpp_test:11,0,real,h265_crf32,0.25891274213790894,0.25891274213790894,0
trimoe,three_domain_moe,682,deepfakes_faces_c23/880_135,ffpp_test:11,1,deepfakes,h265_crf32,0.810320258140564,0.810320258140564,1
trimoe,three_domain_moe,683,deepfakes_faces_c23/135_880,ffpp_test:11,1,deepfakes,h265_crf32,0.47352656722068787,0.47352656722068787,1
trimoe,three_domain_moe,684,face2face_faces_c23/880_135,ffpp_test:11,1,face2face,h265_crf32,0.8231298327445984,0.8231298327445984,1
trimoe,three_domain_moe,685,face2face_faces_c23/135_880,ffpp_test:11,1,face2face,h265_crf32,0.7837890386581421,0.7837890386581421,1
trimoe,three_domain_moe,686,faceswap_faces_c23/880_135,ffpp_test:11,1,faceswap,h265_crf32,0.8243507742881775,0.8243507742881775,1
trimoe,three_domain_moe,687,faceswap_faces_c23/135_880,ffpp_test:11,1,faceswap,h265_crf32,0.7180094122886658,0.7180094122886658,1
trimoe,three_domain_moe,688,neuraltextures_faces_c23/880_135,ffpp_test:11,1,neuraltextures,h265_crf32,0.819991946220398,0.819991946220398,1
trimoe,three_domain_moe,689,neuraltextures_faces_c23/135_880,ffpp_test:11,1,neuraltextures,h265_crf32,0.8159463405609131,0.8159463405609131,1
trimoe,three_domain_moe,690,original_faces_c23/429,ffpp_test:35,0,real,h265_crf32,0.8123421669006348,0.8123421669006348,1
trimoe,three_domain_moe,691,original_faces_c23/404,ffpp_test:35,0,real,h265_crf32,0.790219783782959,0.790219783782959,1
trimoe,three_domain_moe,692,deepfakes_faces_c23/429_404,ffpp_test:35,1,deepfakes,h265_crf32,0.6444334387779236,0.6444334387779236,0
trimoe,three_domain_moe,693,deepfakes_faces_c23/404_429,ffpp_test:35,1,deepfakes,h265_crf32,0.7145025730133057,0.7145025730133057,1
trimoe,three_domain_moe,694,face2face_faces_c23/429_404,ffpp_test:35,1,face2face,h265_crf32,0.8165079355239868,0.8165079355239868,1
trimoe,three_domain_moe,695,face2face_faces_c23/404_429,ffpp_test:35,1,face2face,h265_crf32,0.7992885112762451,0.7992885112762451,1
trimoe,three_domain_moe,696,faceswap_faces_c23/429_404,ffpp_test:35,1,faceswap,h265_crf32,0.7972139716148376,0.7972139716148376,1
trimoe,three_domain_moe,697,faceswap_faces_c23/404_429,ffpp_test:35,1,faceswap,h265_crf32,0.723852276802063,0.723852276802063,1
trimoe,three_domain_moe,698,neuraltextures_faces_c23/429_404,ffpp_test:35,1,neuraltextures,h265_crf32,0.6189165115356445,0.6189165115356445,0
trimoe,three_domain_moe,699,neuraltextures_faces_c23/404_429,ffpp_test:35,1,neuraltextures,h265_crf32,0.6521282196044922,0.6521282196044922,0
trimoe,three_domain_moe,0,original_faces_c23/953,ffpp_test:68,0,real,resize075_then_h264_crf30,0.3613249659538269,0.3613249659538269,0
trimoe,three_domain_moe,1,original_faces_c23/974,ffpp_test:68,0,real,resize075_then_h264_crf30,0.4697023332118988,0.4697023332118988,0
trimoe,three_domain_moe,2,deepfakes_faces_c23/953_974,ffpp_test:68,1,deepfakes,resize075_then_h264_crf30,0.3118365406990051,0.3118365406990051,0
trimoe,three_domain_moe,3,deepfakes_faces_c23/974_953,ffpp_test:68,1,deepfakes,resize075_then_h264_crf30,0.44310665130615234,0.44310665130615234,0
trimoe,three_domain_moe,4,face2face_faces_c23/953_974,ffpp_test:68,1,face2face,resize075_then_h264_crf30,0.3718949258327484,0.3718949258327484,0
trimoe,three_domain_moe,5,face2face_faces_c23/974_953,ffpp_test:68,1,face2face,resize075_then_h264_crf30,0.517591118812561,0.517591118812561,0
trimoe,three_domain_moe,6,faceswap_faces_c23/953_974,ffpp_test:68,1,faceswap,resize075_then_h264_crf30,0.733805775642395,0.733805775642395,1
trimoe,three_domain_moe,7,faceswap_faces_c23/974_953,ffpp_test:68,1,faceswap,resize075_then_h264_crf30,0.40925735235214233,0.40925735235214233,0
trimoe,three_domain_moe,8,neuraltextures_faces_c23/953_974,ffpp_test:68,1,neuraltextures,resize075_then_h264_crf30,0.33131858706474304,0.33131858706474304,0
trimoe,three_domain_moe,9,neuraltextures_faces_c23/974_953,ffpp_test:68,1,neuraltextures,resize075_then_h264_crf30,0.46628984808921814,0.46628984808921814,0
trimoe,three_domain_moe,10,original_faces_c23/012,ffpp_test:1,0,real,resize075_then_h264_crf30,0.4292508065700531,0.4292508065700531,1
trimoe,three_domain_moe,11,original_faces_c23/026,ffpp_test:1,0,real,resize075_then_h264_crf30,0.17577897012233734,0.17577897012233734,0
trimoe,three_domain_moe,12,deepfakes_faces_c23/012_026,ffpp_test:1,1,deepfakes,resize075_then_h264_crf30,0.28627848625183105,0.28627848625183105,0
trimoe,three_domain_moe,13,deepfakes_faces_c23/026_012,ffpp_test:1,1,deepfakes,resize075_then_h264_crf30,0.36583560705184937,0.36583560705184937,1
trimoe,three_domain_moe,14,face2face_faces_c23/012_026,ffpp_test:1,1,face2face,resize075_then_h264_crf30,0.4510412812232971,0.4510412812232971,1
trimoe,three_domain_moe,15,face2face_faces_c23/026_012,ffpp_test:1,1,face2face,resize075_then_h264_crf30,0.4223117232322693,0.4223117232322693,1
trimoe,three_domain_moe,16,faceswap_faces_c23/012_026,ffpp_test:1,1,faceswap,resize075_then_h264_crf30,0.4436468482017517,0.4436468482017517,1
trimoe,three_domain_moe,17,faceswap_faces_c23/026_012,ffpp_test:1,1,faceswap,resize075_then_h264_crf30,0.7274572253227234,0.7274572253227234,1
trimoe,three_domain_moe,18,neuraltextures_faces_c23/012_026,ffpp_test:1,1,neuraltextures,resize075_then_h264_crf30,0.462740421295166,0.462740421295166,1
trimoe,three_domain_moe,19,neuraltextures_faces_c23/026_012,ffpp_test:1,1,neuraltextures,resize075_then_h264_crf30,0.45755696296691895,0.45755696296691895,1
trimoe,three_domain_moe,20,original_faces_c23/078,ffpp_test:8,0,real,resize075_then_h264_crf30,0.7690156698226929,0.7690156698226929,1
trimoe,three_domain_moe,21,original_faces_c23/955,ffpp_test:8,0,real,resize075_then_h264_crf30,0.45021578669548035,0.45021578669548035,1
trimoe,three_domain_moe,22,deepfakes_faces_c23/078_955,ffpp_test:8,1,deepfakes,resize075_then_h264_crf30,0.6004688143730164,0.6004688143730164,0
trimoe,three_domain_moe,23,deepfakes_faces_c23/955_078,ffpp_test:8,1,deepfakes,resize075_then_h264_crf30,0.43507879972457886,0.43507879972457886,1
trimoe,three_domain_moe,24,face2face_faces_c23/078_955,ffpp_test:8,1,face2face,resize075_then_h264_crf30,0.7634539604187012,0.7634539604187012,1
trimoe,three_domain_moe,25,face2face_faces_c23/955_078,ffpp_test:8,1,face2face,resize075_then_h264_crf30,0.5240857601165771,0.5240857601165771,1
trimoe,three_domain_moe,26,faceswap_faces_c23/078_955,ffpp_test:8,1,faceswap,resize075_then_h264_crf30,0.7353157997131348,0.7353157997131348,1
trimoe,three_domain_moe,27,faceswap_faces_c23/955_078,ffpp_test:8,1,faceswap,resize075_then_h264_crf30,0.39661821722984314,0.39661821722984314,1
trimoe,three_domain_moe,28,neuraltextures_faces_c23/078_955,ffpp_test:8,1,neuraltextures,resize075_then_h264_crf30,0.7902511954307556,0.7902511954307556,1
trimoe,three_domain_moe,29,neuraltextures_faces_c23/955_078,ffpp_test:8,1,neuraltextures,resize075_then_h264_crf30,0.8124732375144958,0.8124732375144958,1
trimoe,three_domain_moe,30,original_faces_c23/623,ffpp_test:51,0,real,resize075_then_h264_crf30,0.2323395013809204,0.2323395013809204,0
trimoe,three_domain_moe,31,original_faces_c23/630,ffpp_test:51,0,real,resize075_then_h264_crf30,0.20145778357982635,0.20145778357982635,0
trimoe,three_domain_moe,32,deepfakes_faces_c23/623_630,ffpp_test:51,1,deepfakes,resize075_then_h264_crf30,0.3598431348800659,0.3598431348800659,0
trimoe,three_domain_moe,33,deepfakes_faces_c23/630_623,ffpp_test:51,1,deepfakes,resize075_then_h264_crf30,0.24367982149124146,0.24367982149124146,0
trimoe,three_domain_moe,34,face2face_faces_c23/623_630,ffpp_test:51,1,face2face,resize075_then_h264_crf30,0.38884371519088745,0.38884371519088745,0
trimoe,three_domain_moe,35,face2face_faces_c23/630_623,ffpp_test:51,1,face2face,resize075_then_h264_crf30,0.7700030207633972,0.7700030207633972,1
trimoe,three_domain_moe,36,faceswap_faces_c23/623_630,ffpp_test:51,1,faceswap,resize075_then_h264_crf30,0.5686512589454651,0.5686512589454651,0
trimoe,three_domain_moe,37,faceswap_faces_c23/630_623,ffpp_test:51,1,faceswap,resize075_then_h264_crf30,0.5620014071464539,0.5620014071464539,0
trimoe,three_domain_moe,38,neuraltextures_faces_c23/623_630,ffpp_test:51,1,neuraltextures,resize075_then_h264_crf30,0.5673708915710449,0.5673708915710449,0
trimoe,three_domain_moe,39,neuraltextures_faces_c23/630_623,ffpp_test:51,1,neuraltextures,resize075_then_h264_crf30,0.442220538854599,0.442220538854599,0
trimoe,three_domain_moe,40,original_faces_c23/919,ffpp_test:2,0,real,resize075_then_h264_crf30,0.4737713932991028,0.4737713932991028,0
trimoe,three_domain_moe,41,original_faces_c23/015,ffpp_test:2,0,real,resize075_then_h264_crf30,0.48178601264953613,0.48178601264953613,0
trimoe,three_domain_moe,42,deepfakes_faces_c23/919_015,ffpp_test:2,1,deepfakes,resize075_then_h264_crf30,0.46777448058128357,0.46777448058128357,0
trimoe,three_domain_moe,43,deepfakes_faces_c23/015_919,ffpp_test:2,1,deepfakes,resize075_then_h264_crf30,0.48428457975387573,0.48428457975387573,0
trimoe,three_domain_moe,44,face2face_faces_c23/919_015,ffpp_test:2,1,face2face,resize075_then_h264_crf30,0.7429503202438354,0.7429503202438354,1
trimoe,three_domain_moe,45,face2face_faces_c23/015_919,ffpp_test:2,1,face2face,resize075_then_h264_crf30,0.4708706736564636,0.4708706736564636,0
trimoe,three_domain_moe,46,faceswap_faces_c23/919_015,ffpp_test:2,1,faceswap,resize075_then_h264_crf30,0.43221697211265564,0.43221697211265564,0
trimoe,three_domain_moe,47,faceswap_faces_c23/015_919,ffpp_test:2,1,faceswap,resize075_then_h264_crf30,0.2166357934474945,0.2166357934474945,0
trimoe,three_domain_moe,48,neuraltextures_faces_c23/919_015,ffpp_test:2,1,neuraltextures,resize075_then_h264_crf30,0.48509812355041504,0.48509812355041504,0
trimoe,three_domain_moe,49,neuraltextures_faces_c23/015_919,ffpp_test:2,1,neuraltextures,resize075_then_h264_crf30,0.48730871081352234,0.48730871081352234,0
trimoe,three_domain_moe,50,original_faces_c23/367,ffpp_test:30,0,real,resize075_then_h264_crf30,0.3912806510925293,0.3912806510925293,0
trimoe,three_domain_moe,51,original_faces_c23/371,ffpp_test:30,0,real,resize075_then_h264_crf30,0.4860681891441345,0.4860681891441345,0
trimoe,three_domain_moe,52,deepfakes_faces_c23/367_371,ffpp_test:30,1,deepfakes,resize075_then_h264_crf30,0.42518919706344604,0.42518919706344604,0
trimoe,three_domain_moe,53,deepfakes_faces_c23/371_367,ffpp_test:30,1,deepfakes,resize075_then_h264_crf30,0.5145964622497559,0.5145964622497559,0
trimoe,three_domain_moe,54,face2face_faces_c23/367_371,ffpp_test:30,1,face2face,resize075_then_h264_crf30,0.4521370828151703,0.4521370828151703,0
trimoe,three_domain_moe,55,face2face_faces_c23/371_367,ffpp_test:30,1,face2face,resize075_then_h264_crf30,0.44730257987976074,0.44730257987976074,0
trimoe,three_domain_moe,56,faceswap_faces_c23/367_371,ffpp_test:30,1,faceswap,resize075_then_h264_crf30,0.42784810066223145,0.42784810066223145,0
trimoe,three_domain_moe,57,faceswap_faces_c23/371_367,ffpp_test:30,1,faceswap,resize075_then_h264_crf30,0.49681469798088074,0.49681469798088074,0
trimoe,three_domain_moe,58,neuraltextures_faces_c23/367_371,ffpp_test:30,1,neuraltextures,resize075_then_h264_crf30,0.32218658924102783,0.32218658924102783,0
trimoe,three_domain_moe,59,neuraltextures_faces_c23/371_367,ffpp_test:30,1,neuraltextures,resize075_then_h264_crf30,0.4960094690322876,0.4960094690322876,0
trimoe,three_domain_moe,60,original_faces_c23/847,ffpp_test:65,0,real,resize075_then_h264_crf30,0.32447218894958496,0.32447218894958496,0
trimoe,three_domain_moe,61,original_faces_c23/906,ffpp_test:65,0,real,resize075_then_h264_crf30,0.3288285434246063,0.3288285434246063,0
trimoe,three_domain_moe,62,deepfakes_faces_c23/847_906,ffpp_test:65,1,deepfakes,resize075_then_h264_crf30,0.8046596050262451,0.8046596050262451,1
trimoe,three_domain_moe,63,deepfakes_faces_c23/906_847,ffpp_test:65,1,deepfakes,resize075_then_h264_crf30,0.5033223628997803,0.5033223628997803,0
trimoe,three_domain_moe,64,face2face_faces_c23/847_906,ffpp_test:65,1,face2face,resize075_then_h264_crf30,0.7958946228027344,0.7958946228027344,1
trimoe,three_domain_moe,65,face2face_faces_c23/906_847,ffpp_test:65,1,face2face,resize075_then_h264_crf30,0.6433401703834534,0.6433401703834534,1
trimoe,three_domain_moe,66,faceswap_faces_c23/847_906,ffpp_test:65,1,faceswap,resize075_then_h264_crf30,0.603019118309021,0.603019118309021,0
trimoe,three_domain_moe,67,faceswap_faces_c23/906_847,ffpp_test:65,1,faceswap,resize075_then_h264_crf30,0.7932299375534058,0.7932299375534058,1
trimoe,three_domain_moe,68,neuraltextures_faces_c23/847_906,ffpp_test:65,1,neuraltextures,resize075_then_h264_crf30,0.5361276865005493,0.5361276865005493,0
trimoe,three_domain_moe,69,neuraltextures_faces_c23/906_847,ffpp_test:65,1,neuraltextures,resize075_then_h264_crf30,0.6657590866088867,0.6657590866088867,1
trimoe,three_domain_moe,70,original_faces_c23/529,ffpp_test:46,0,real,resize075_then_h264_crf30,0.16969607770442963,0.16969607770442963,0
trimoe,three_domain_moe,71,original_faces_c23/633,ffpp_test:46,0,real,resize075_then_h264_crf30,0.48572564125061035,0.48572564125061035,0
trimoe,three_domain_moe,72,deepfakes_faces_c23/529_633,ffpp_test:46,1,deepfakes,resize075_then_h264_crf30,0.7702053785324097,0.7702053785324097,1
trimoe,three_domain_moe,73,deepfakes_faces_c23/633_529,ffpp_test:46,1,deepfakes,resize075_then_h264_crf30,0.45531129837036133,0.45531129837036133,0
trimoe,three_domain_moe,74,face2face_faces_c23/529_633,ffpp_test:46,1,face2face,resize075_then_h264_crf30,0.4899646043777466,0.4899646043777466,0
trimoe,three_domain_moe,75,face2face_faces_c23/633_529,ffpp_test:46,1,face2face,resize075_then_h264_crf30,0.4816436171531677,0.4816436171531677,0
trimoe,three_domain_moe,76,faceswap_faces_c23/529_633,ffpp_test:46,1,faceswap,resize075_then_h264_crf30,0.5564470291137695,0.5564470291137695,0
trimoe,three_domain_moe,77,faceswap_faces_c23/633_529,ffpp_test:46,1,faceswap,resize075_then_h264_crf30,0.7276099920272827,0.7276099920272827,1
trimoe,three_domain_moe,78,neuraltextures_faces_c23/529_633,ffpp_test:46,1,neuraltextures,resize075_then_h264_crf30,0.3126309812068939,0.3126309812068939,0
trimoe,three_domain_moe,79,neuraltextures_faces_c23/633_529,ffpp_test:46,1,neuraltextures,resize075_then_h264_crf30,0.4089871644973755,0.4089871644973755,0
trimoe,three_domain_moe,80,original_faces_c23/418,ffpp_test:36,0,real,resize075_then_h264_crf30,0.7038204669952393,0.7038204669952393,1
trimoe,three_domain_moe,81,original_faces_c23/507,ffpp_test:36,0,real,resize075_then_h264_crf30,0.5928323864936829,0.5928323864936829,0
trimoe,three_domain_moe,82,deepfakes_faces_c23/418_507,ffpp_test:36,1,deepfakes,resize075_then_h264_crf30,0.5515597462654114,0.5515597462654114,0
trimoe,three_domain_moe,83,deepfakes_faces_c23/507_418,ffpp_test:36,1,deepfakes,resize075_then_h264_crf30,0.7704512476921082,0.7704512476921082,1
trimoe,three_domain_moe,84,face2face_faces_c23/418_507,ffpp_test:36,1,face2face,resize075_then_h264_crf30,0.5251452326774597,0.5251452326774597,0
trimoe,three_domain_moe,85,face2face_faces_c23/507_418,ffpp_test:36,1,face2face,resize075_then_h264_crf30,0.5000160932540894,0.5000160932540894,0
trimoe,three_domain_moe,86,faceswap_faces_c23/418_507,ffpp_test:36,1,faceswap,resize075_then_h264_crf30,0.5042015314102173,0.5042015314102173,0
trimoe,three_domain_moe,87,faceswap_faces_c23/507_418,ffpp_test:36,1,faceswap,resize075_then_h264_crf30,0.6981775760650635,0.6981775760650635,1
trimoe,three_domain_moe,88,neuraltextures_faces_c23/418_507,ffpp_test:36,1,neuraltextures,resize075_then_h264_crf30,0.6369644403457642,0.6369644403457642,0
trimoe,three_domain_moe,89,neuraltextures_faces_c23/507_418,ffpp_test:36,1,neuraltextures,resize075_then_h264_crf30,0.5481976866722107,0.5481976866722107,0
trimoe,three_domain_moe,90,original_faces_c23/227,ffpp_test:16,0,real,resize075_then_h264_crf30,0.461182177066803,0.461182177066803,1
trimoe,three_domain_moe,91,original_faces_c23/169,ffpp_test:16,0,real,resize075_then_h264_crf30,0.4714641273021698,0.4714641273021698,1
trimoe,three_domain_moe,92,deepfakes_faces_c23/227_169,ffpp_test:16,1,deepfakes,resize075_then_h264_crf30,0.4890419840812683,0.4890419840812683,1
trimoe,three_domain_moe,93,deepfakes_faces_c23/169_227,ffpp_test:16,1,deepfakes,resize075_then_h264_crf30,0.38739141821861267,0.38739141821861267,1
trimoe,three_domain_moe,94,face2face_faces_c23/227_169,ffpp_test:16,1,face2face,resize075_then_h264_crf30,0.45655322074890137,0.45655322074890137,1
trimoe,three_domain_moe,95,face2face_faces_c23/169_227,ffpp_test:16,1,face2face,resize075_then_h264_crf30,0.40467458963394165,0.40467458963394165,1
trimoe,three_domain_moe,96,faceswap_faces_c23/227_169,ffpp_test:16,1,faceswap,resize075_then_h264_crf30,0.620366096496582,0.620366096496582,1
trimoe,three_domain_moe,97,faceswap_faces_c23/169_227,ffpp_test:16,1,faceswap,resize075_then_h264_crf30,0.45340967178344727,0.45340967178344727,1
trimoe,three_domain_moe,98,neuraltextures_faces_c23/227_169,ffpp_test:16,1,neuraltextures,resize075_then_h264_crf30,0.4504663348197937,0.4504663348197937,1
trimoe,three_domain_moe,99,neuraltextures_faces_c23/169_227,ffpp_test:16,1,neuraltextures,resize075_then_h264_crf30,0.3810969293117523,0.3810969293117523,1
trimoe,three_domain_moe,100,original_faces_c23/389,ffpp_test:33,0,real,resize075_then_h264_crf30,0.203594371676445,0.203594371676445,0
trimoe,three_domain_moe,101,original_faces_c23/480,ffpp_test:33,0,real,resize075_then_h264_crf30,0.3180122971534729,0.3180122971534729,0
trimoe,three_domain_moe,102,deepfakes_faces_c23/389_480,ffpp_test:33,1,deepfakes,resize075_then_h264_crf30,0.695945143699646,0.695945143699646,1
trimoe,three_domain_moe,103,deepfakes_faces_c23/480_389,ffpp_test:33,1,deepfakes,resize075_then_h264_crf30,0.340276300907135,0.340276300907135,0
trimoe,three_domain_moe,104,face2face_faces_c23/389_480,ffpp_test:33,1,face2face,resize075_then_h264_crf30,0.35872575640678406,0.35872575640678406,0
trimoe,three_domain_moe,105,face2face_faces_c23/480_389,ffpp_test:33,1,face2face,resize075_then_h264_crf30,0.44492626190185547,0.44492626190185547,0
trimoe,three_domain_moe,106,faceswap_faces_c23/389_480,ffpp_test:33,1,faceswap,resize075_then_h264_crf30,0.4762321412563324,0.4762321412563324,0
trimoe,three_domain_moe,107,faceswap_faces_c23/480_389,ffpp_test:33,1,faceswap,resize075_then_h264_crf30,0.602662980556488,0.602662980556488,0
trimoe,three_domain_moe,108,neuraltextures_faces_c23/389_480,ffpp_test:33,1,neuraltextures,resize075_then_h264_crf30,0.35898542404174805,0.35898542404174805,1
trimoe,three_domain_moe,109,neuraltextures_faces_c23/480_389,ffpp_test:33,1,neuraltextures,resize075_then_h264_crf30,0.7733508348464966,0.7733508348464966,1
trimoe,three_domain_moe,110,original_faces_c23/821,ffpp_test:64,0,real,resize075_then_h264_crf30,0.46615952253341675,0.46615952253341675,0
trimoe,three_domain_moe,111,original_faces_c23/812,ffpp_test:64,0,real,resize075_then_h264_crf30,0.35783466696739197,0.35783466696739197,1
trimoe,three_domain_moe,112,deepfakes_faces_c23/821_812,ffpp_test:64,1,deepfakes,resize075_then_h264_crf30,0.792171835899353,0.792171835899353,1
trimoe,three_domain_moe,113,deepfakes_faces_c23/812_821,ffpp_test:64,1,deepfakes,resize075_then_h264_crf30,0.8017357587814331,0.8017357587814331,1
trimoe,three_domain_moe,114,face2face_faces_c23/821_812,ffpp_test:64,1,face2face,resize075_then_h264_crf30,0.4932708740234375,0.4932708740234375,0
trimoe,three_domain_moe,115,face2face_faces_c23/812_821,ffpp_test:64,1,face2face,resize075_then_h264_crf30,0.32202041149139404,0.32202041149139404,0
trimoe,three_domain_moe,116,faceswap_faces_c23/821_812,ffpp_test:64,1,faceswap,resize075_then_h264_crf30,0.7639791369438171,0.7639791369438171,1
trimoe,three_domain_moe,117,faceswap_faces_c23/812_821,ffpp_test:64,1,faceswap,resize075_then_h264_crf30,0.7578036189079285,0.7578036189079285,1
trimoe,three_domain_moe,118,neuraltextures_faces_c23/821_812,ffpp_test:64,1,neuraltextures,resize075_then_h264_crf30,0.42821288108825684,0.42821288108825684,0
trimoe,three_domain_moe,119,neuraltextures_faces_c23/812_821,ffpp_test:64,1,neuraltextures,resize075_then_h264_crf30,0.3443359136581421,0.3443359136581421,0
trimoe,three_domain_moe,120,original_faces_c23/670,ffpp_test:54,0,real,resize075_then_h264_crf30,0.3546905517578125,0.3546905517578125,0
trimoe,three_domain_moe,121,original_faces_c23/661,ffpp_test:54,0,real,resize075_then_h264_crf30,0.4421372413635254,0.4421372413635254,0
trimoe,three_domain_moe,122,deepfakes_faces_c23/670_661,ffpp_test:54,1,deepfakes,resize075_then_h264_crf30,0.8025709986686707,0.8025709986686707,1
trimoe,three_domain_moe,123,deepfakes_faces_c23/661_670,ffpp_test:54,1,deepfakes,resize075_then_h264_crf30,0.4249133765697479,0.4249133765697479,0
trimoe,three_domain_moe,124,face2face_faces_c23/670_661,ffpp_test:54,1,face2face,resize075_then_h264_crf30,0.5039488077163696,0.5039488077163696,1
trimoe,three_domain_moe,125,face2face_faces_c23/661_670,ffpp_test:54,1,face2face,resize075_then_h264_crf30,0.4126107394695282,0.4126107394695282,0
trimoe,three_domain_moe,126,faceswap_faces_c23/670_661,ffpp_test:54,1,faceswap,resize075_then_h264_crf30,0.8075758218765259,0.8075758218765259,1
trimoe,three_domain_moe,127,faceswap_faces_c23/661_670,ffpp_test:54,1,faceswap,resize075_then_h264_crf30,0.4280950427055359,0.4280950427055359,0
trimoe,three_domain_moe,128,neuraltextures_faces_c23/670_661,ffpp_test:54,1,neuraltextures,resize075_then_h264_crf30,0.4976879060268402,0.4976879060268402,1
trimoe,three_domain_moe,129,neuraltextures_faces_c23/661_670,ffpp_test:54,1,neuraltextures,resize075_then_h264_crf30,0.48635292053222656,0.48635292053222656,0
trimoe,three_domain_moe,130,original_faces_c23/158,ffpp_test:15,0,real,resize075_then_h264_crf30,0.18646010756492615,0.18646010756492615,0
trimoe,three_domain_moe,131,original_faces_c23/379,ffpp_test:15,0,real,resize075_then_h264_crf30,0.3209598958492279,0.3209598958492279,0
trimoe,three_domain_moe,132,deepfakes_faces_c23/158_379,ffpp_test:15,1,deepfakes,resize075_then_h264_crf30,0.18869882822036743,0.18869882822036743,0
trimoe,three_domain_moe,133,deepfakes_faces_c23/379_158,ffpp_test:15,1,deepfakes,resize075_then_h264_crf30,0.427555650472641,0.427555650472641,0
trimoe,three_domain_moe,134,face2face_faces_c23/158_379,ffpp_test:15,1,face2face,resize075_then_h264_crf30,0.3058640658855438,0.3058640658855438,0
trimoe,three_domain_moe,135,face2face_faces_c23/379_158,ffpp_test:15,1,face2face,resize075_then_h264_crf30,0.42711156606674194,0.42711156606674194,0
trimoe,three_domain_moe,136,faceswap_faces_c23/158_379,ffpp_test:15,1,faceswap,resize075_then_h264_crf30,0.17468243837356567,0.17468243837356567,0
trimoe,three_domain_moe,137,faceswap_faces_c23/379_158,ffpp_test:15,1,faceswap,resize075_then_h264_crf30,0.46855124831199646,0.46855124831199646,1
trimoe,three_domain_moe,138,neuraltextures_faces_c23/158_379,ffpp_test:15,1,neuraltextures,resize075_then_h264_crf30,0.3593767285346985,0.3593767285346985,0
trimoe,three_domain_moe,139,neuraltextures_faces_c23/379_158,ffpp_test:15,1,neuraltextures,resize075_then_h264_crf30,0.46086880564689636,0.46086880564689636,0
trimoe,three_domain_moe,140,original_faces_c23/423,ffpp_test:37,0,real,resize075_then_h264_crf30,0.40641355514526367,0.40641355514526367,0
trimoe,three_domain_moe,141,original_faces_c23/421,ffpp_test:37,0,real,resize075_then_h264_crf30,0.4584752321243286,0.4584752321243286,0
trimoe,three_domain_moe,142,deepfakes_faces_c23/423_421,ffpp_test:37,1,deepfakes,resize075_then_h264_crf30,0.3716784417629242,0.3716784417629242,0
trimoe,three_domain_moe,143,deepfakes_faces_c23/421_423,ffpp_test:37,1,deepfakes,resize075_then_h264_crf30,0.503616452217102,0.503616452217102,0
trimoe,three_domain_moe,144,face2face_faces_c23/423_421,ffpp_test:37,1,face2face,resize075_then_h264_crf30,0.4056966006755829,0.4056966006755829,0
trimoe,three_domain_moe,145,face2face_faces_c23/421_423,ffpp_test:37,1,face2face,resize075_then_h264_crf30,0.6111437082290649,0.6111437082290649,0
trimoe,three_domain_moe,146,faceswap_faces_c23/423_421,ffpp_test:37,1,faceswap,resize075_then_h264_crf30,0.46377813816070557,0.46377813816070557,0
trimoe,three_domain_moe,147,faceswap_faces_c23/421_423,ffpp_test:37,1,faceswap,resize075_then_h264_crf30,0.43519580364227295,0.43519580364227295,0
trimoe,three_domain_moe,148,neuraltextures_faces_c23/423_421,ffpp_test:37,1,neuraltextures,resize075_then_h264_crf30,0.46040651202201843,0.46040651202201843,0
trimoe,three_domain_moe,149,neuraltextures_faces_c23/421_423,ffpp_test:37,1,neuraltextures,resize075_then_h264_crf30,0.2914658784866333,0.2914658784866333,0
trimoe,three_domain_moe,150,original_faces_c23/352,ffpp_test:28,0,real,resize075_then_h264_crf30,0.464225172996521,0.464225172996521,0
trimoe,three_domain_moe,151,original_faces_c23/319,ffpp_test:28,0,real,resize075_then_h264_crf30,0.5075201988220215,0.5075201988220215,0
trimoe,three_domain_moe,152,deepfakes_faces_c23/352_319,ffpp_test:28,1,deepfakes,resize075_then_h264_crf30,0.7609497904777527,0.7609497904777527,1
trimoe,three_domain_moe,153,deepfakes_faces_c23/319_352,ffpp_test:28,1,deepfakes,resize075_then_h264_crf30,0.7951316237449646,0.7951316237449646,1
trimoe,three_domain_moe,154,face2face_faces_c23/352_319,ffpp_test:28,1,face2face,resize075_then_h264_crf30,0.421119749546051,0.421119749546051,0
trimoe,three_domain_moe,155,face2face_faces_c23/319_352,ffpp_test:28,1,face2face,resize075_then_h264_crf30,0.8073214292526245,0.8073214292526245,1
trimoe,three_domain_moe,156,faceswap_faces_c23/352_319,ffpp_test:28,1,faceswap,resize075_then_h264_crf30,0.44589099287986755,0.44589099287986755,0
trimoe,three_domain_moe,157,faceswap_faces_c23/319_352,ffpp_test:28,1,faceswap,resize075_then_h264_crf30,0.8159202933311462,0.8159202933311462,1
trimoe,three_domain_moe,158,neuraltextures_faces_c23/352_319,ffpp_test:28,1,neuraltextures,resize075_then_h264_crf30,0.799324631690979,0.799324631690979,1
trimoe,three_domain_moe,159,neuraltextures_faces_c23/319_352,ffpp_test:28,1,neuraltextures,resize075_then_h264_crf30,0.8002892732620239,0.8002892732620239,1
trimoe,three_domain_moe,160,original_faces_c23/579,ffpp_test:48,0,real,resize075_then_h264_crf30,0.5035243034362793,0.5035243034362793,0
trimoe,three_domain_moe,161,original_faces_c23/701,ffpp_test:48,0,real,resize075_then_h264_crf30,0.2919432818889618,0.2919432818889618,0
trimoe,three_domain_moe,162,deepfakes_faces_c23/579_701,ffpp_test:48,1,deepfakes,resize075_then_h264_crf30,0.7700715065002441,0.7700715065002441,1
trimoe,three_domain_moe,163,deepfakes_faces_c23/701_579,ffpp_test:48,1,deepfakes,resize075_then_h264_crf30,0.6561720371246338,0.6561720371246338,1
trimoe,three_domain_moe,164,face2face_faces_c23/579_701,ffpp_test:48,1,face2face,resize075_then_h264_crf30,0.5195630192756653,0.5195630192756653,0
trimoe,three_domain_moe,165,face2face_faces_c23/701_579,ffpp_test:48,1,face2face,resize075_then_h264_crf30,0.5265182852745056,0.5265182852745056,1
trimoe,three_domain_moe,166,faceswap_faces_c23/579_701,ffpp_test:48,1,faceswap,resize075_then_h264_crf30,0.7388617992401123,0.7388617992401123,1
trimoe,three_domain_moe,167,faceswap_faces_c23/701_579,ffpp_test:48,1,faceswap,resize075_then_h264_crf30,0.7198083400726318,0.7198083400726318,1
trimoe,three_domain_moe,168,neuraltextures_faces_c23/579_701,ffpp_test:48,1,neuraltextures,resize075_then_h264_crf30,0.8118852376937866,0.8118852376937866,1
trimoe,three_domain_moe,169,neuraltextures_faces_c23/701_579,ffpp_test:48,1,neuraltextures,resize075_then_h264_crf30,0.43960532546043396,0.43960532546043396,1
trimoe,three_domain_moe,170,original_faces_c23/488,ffpp_test:34,0,real,resize075_then_h264_crf30,0.3733442723751068,0.3733442723751068,1
trimoe,three_domain_moe,171,original_faces_c23/399,ffpp_test:34,0,real,resize075_then_h264_crf30,0.3863608241081238,0.3863608241081238,0
trimoe,three_domain_moe,172,deepfakes_faces_c23/488_399,ffpp_test:34,1,deepfakes,resize075_then_h264_crf30,0.431762158870697,0.431762158870697,1
trimoe,three_domain_moe,173,deepfakes_faces_c23/399_488,ffpp_test:34,1,deepfakes,resize075_then_h264_crf30,0.36023736000061035,0.36023736000061035,0
trimoe,three_domain_moe,174,face2face_faces_c23/488_399,ffpp_test:34,1,face2face,resize075_then_h264_crf30,0.6863558292388916,0.6863558292388916,1
trimoe,three_domain_moe,175,face2face_faces_c23/399_488,ffpp_test:34,1,face2face,resize075_then_h264_crf30,0.7363430857658386,0.7363430857658386,1
trimoe,three_domain_moe,176,faceswap_faces_c23/488_399,ffpp_test:34,1,faceswap,resize075_then_h264_crf30,0.6627795100212097,0.6627795100212097,1
trimoe,three_domain_moe,177,faceswap_faces_c23/399_488,ffpp_test:34,1,faceswap,resize075_then_h264_crf30,0.7329875826835632,0.7329875826835632,1
trimoe,three_domain_moe,178,neuraltextures_faces_c23/488_399,ffpp_test:34,1,neuraltextures,resize075_then_h264_crf30,0.43399834632873535,0.43399834632873535,1
trimoe,three_domain_moe,179,neuraltextures_faces_c23/399_488,ffpp_test:34,1,neuraltextures,resize075_then_h264_crf30,0.33346205949783325,0.33346205949783325,0
trimoe,three_domain_moe,180,original_faces_c23/695,ffpp_test:38,0,real,resize075_then_h264_crf30,0.1652260720729828,0.1652260720729828,0
trimoe,three_domain_moe,181,original_faces_c23/422,ffpp_test:38,0,real,resize075_then_h264_crf30,0.20505909621715546,0.20505909621715546,0
trimoe,three_domain_moe,182,deepfakes_faces_c23/695_422,ffpp_test:38,1,deepfakes,resize075_then_h264_crf30,0.47575801610946655,0.47575801610946655,0
trimoe,three_domain_moe,183,deepfakes_faces_c23/422_695,ffpp_test:38,1,deepfakes,resize075_then_h264_crf30,0.23957085609436035,0.23957085609436035,0
trimoe,three_domain_moe,184,face2face_faces_c23/695_422,ffpp_test:38,1,face2face,resize075_then_h264_crf30,0.17978700995445251,0.17978700995445251,0
trimoe,three_domain_moe,185,face2face_faces_c23/422_695,ffpp_test:38,1,face2face,resize075_then_h264_crf30,0.6520578861236572,0.6520578861236572,1
trimoe,three_domain_moe,186,faceswap_faces_c23/695_422,ffpp_test:38,1,faceswap,resize075_then_h264_crf30,0.17980441451072693,0.17980441451072693,0
trimoe,three_domain_moe,187,faceswap_faces_c23/422_695,ffpp_test:38,1,faceswap,resize075_then_h264_crf30,0.22974823415279388,0.22974823415279388,0
trimoe,three_domain_moe,188,neuraltextures_faces_c23/695_422,ffpp_test:38,1,neuraltextures,resize075_then_h264_crf30,0.1916389763355255,0.1916389763355255,0
trimoe,three_domain_moe,189,neuraltextures_faces_c23/422_695,ffpp_test:38,1,neuraltextures,resize075_then_h264_crf30,0.20485326647758484,0.20485326647758484,0
trimoe,three_domain_moe,190,original_faces_c23/288,ffpp_test:25,0,real,resize075_then_h264_crf30,0.2538427710533142,0.2538427710533142,0
trimoe,three_domain_moe,191,original_faces_c23/321,ffpp_test:25,0,real,resize075_then_h264_crf30,0.49986958503723145,0.49986958503723145,0
trimoe,three_domain_moe,192,deepfakes_faces_c23/288_321,ffpp_test:25,1,deepfakes,resize075_then_h264_crf30,0.7740403413772583,0.7740403413772583,1
trimoe,three_domain_moe,193,deepfakes_faces_c23/321_288,ffpp_test:25,1,deepfakes,resize075_then_h264_crf30,0.29784631729125977,0.29784631729125977,0
trimoe,three_domain_moe,194,face2face_faces_c23/288_321,ffpp_test:25,1,face2face,resize075_then_h264_crf30,0.4872894287109375,0.4872894287109375,1
trimoe,three_domain_moe,195,face2face_faces_c23/321_288,ffpp_test:25,1,face2face,resize075_then_h264_crf30,0.31783467531204224,0.31783467531204224,0
trimoe,three_domain_moe,196,faceswap_faces_c23/288_321,ffpp_test:25,1,faceswap,resize075_then_h264_crf30,0.788847804069519,0.788847804069519,1
trimoe,three_domain_moe,197,faceswap_faces_c23/321_288,ffpp_test:25,1,faceswap,resize075_then_h264_crf30,0.6943789720535278,0.6943789720535278,1
trimoe,three_domain_moe,198,neuraltextures_faces_c23/288_321,ffpp_test:25,1,neuraltextures,resize075_then_h264_crf30,0.47850918769836426,0.47850918769836426,1
trimoe,three_domain_moe,199,neuraltextures_faces_c23/321_288,ffpp_test:25,1,neuraltextures,resize075_then_h264_crf30,0.6623910665512085,0.6623910665512085,1
trimoe,three_domain_moe,200,original_faces_c23/705,ffpp_test:57,0,real,resize075_then_h264_crf30,0.5173666477203369,0.5173666477203369,0
trimoe,three_domain_moe,201,original_faces_c23/707,ffpp_test:57,0,real,resize075_then_h264_crf30,0.4020861089229584,0.4020861089229584,0
trimoe,three_domain_moe,202,deepfakes_faces_c23/705_707,ffpp_test:57,1,deepfakes,resize075_then_h264_crf30,0.43516549468040466,0.43516549468040466,0
trimoe,three_domain_moe,203,deepfakes_faces_c23/707_705,ffpp_test:57,1,deepfakes,resize075_then_h264_crf30,0.8034284114837646,0.8034284114837646,1
trimoe,three_domain_moe,204,face2face_faces_c23/705_707,ffpp_test:57,1,face2face,resize075_then_h264_crf30,0.4798423647880554,0.4798423647880554,0
trimoe,three_domain_moe,205,face2face_faces_c23/707_705,ffpp_test:57,1,face2face,resize075_then_h264_crf30,0.7125041484832764,0.7125041484832764,1
trimoe,three_domain_moe,206,faceswap_faces_c23/705_707,ffpp_test:57,1,faceswap,resize075_then_h264_crf30,0.47236794233322144,0.47236794233322144,0
trimoe,three_domain_moe,207,faceswap_faces_c23/707_705,ffpp_test:57,1,faceswap,resize075_then_h264_crf30,0.6898518800735474,0.6898518800735474,1
trimoe,three_domain_moe,208,neuraltextures_faces_c23/705_707,ffpp_test:57,1,neuraltextures,resize075_then_h264_crf30,0.8128007650375366,0.8128007650375366,1
trimoe,three_domain_moe,209,neuraltextures_faces_c23/707_705,ffpp_test:57,1,neuraltextures,resize075_then_h264_crf30,0.7918268442153931,0.7918268442153931,1
trimoe,three_domain_moe,210,original_faces_c23/306,ffpp_test:24,0,real,resize075_then_h264_crf30,0.7722454071044922,0.7722454071044922,1
trimoe,three_domain_moe,211,original_faces_c23/278,ffpp_test:24,0,real,resize075_then_h264_crf30,0.4633101224899292,0.4633101224899292,1
trimoe,three_domain_moe,212,deepfakes_faces_c23/306_278,ffpp_test:24,1,deepfakes,resize075_then_h264_crf30,0.8043438196182251,0.8043438196182251,1
trimoe,three_domain_moe,213,deepfakes_faces_c23/278_306,ffpp_test:24,1,deepfakes,resize075_then_h264_crf30,0.7519577741622925,0.7519577741622925,1
trimoe,three_domain_moe,214,face2face_faces_c23/306_278,ffpp_test:24,1,face2face,resize075_then_h264_crf30,0.7427405714988708,0.7427405714988708,1
trimoe,three_domain_moe,215,face2face_faces_c23/278_306,ffpp_test:24,1,face2face,resize075_then_h264_crf30,0.5267378091812134,0.5267378091812134,1
trimoe,three_domain_moe,216,faceswap_faces_c23/306_278,ffpp_test:24,1,faceswap,resize075_then_h264_crf30,0.7695450782775879,0.7695450782775879,1
trimoe,three_domain_moe,217,faceswap_faces_c23/278_306,ffpp_test:24,1,faceswap,resize075_then_h264_crf30,0.7764017581939697,0.7764017581939697,1
trimoe,three_domain_moe,218,neuraltextures_faces_c23/306_278,ffpp_test:24,1,neuraltextures,resize075_then_h264_crf30,0.4569511115550995,0.4569511115550995,0
trimoe,three_domain_moe,219,neuraltextures_faces_c23/278_306,ffpp_test:24,1,neuraltextures,resize075_then_h264_crf30,0.5027543902397156,0.5027543902397156,1
trimoe,three_domain_moe,220,original_faces_c23/865,ffpp_test:61,0,real,resize075_then_h264_crf30,0.3680468201637268,0.3680468201637268,0
trimoe,three_domain_moe,221,original_faces_c23/739,ffpp_test:61,0,real,resize075_then_h264_crf30,0.4754703640937805,0.4754703640937805,1
trimoe,three_domain_moe,222,deepfakes_faces_c23/865_739,ffpp_test:61,1,deepfakes,resize075_then_h264_crf30,0.3096678555011749,0.3096678555011749,0
trimoe,three_domain_moe,223,deepfakes_faces_c23/739_865,ffpp_test:61,1,deepfakes,resize075_then_h264_crf30,0.4995778799057007,0.4995778799057007,1
trimoe,three_domain_moe,224,face2face_faces_c23/865_739,ffpp_test:61,1,face2face,resize075_then_h264_crf30,0.16458138823509216,0.16458138823509216,0
trimoe,three_domain_moe,225,face2face_faces_c23/739_865,ffpp_test:61,1,face2face,resize075_then_h264_crf30,0.7255985140800476,0.7255985140800476,1
trimoe,three_domain_moe,226,faceswap_faces_c23/865_739,ffpp_test:61,1,faceswap,resize075_then_h264_crf30,0.23269139230251312,0.23269139230251312,0
trimoe,three_domain_moe,227,faceswap_faces_c23/739_865,ffpp_test:61,1,faceswap,resize075_then_h264_crf30,0.684454619884491,0.684454619884491,1
trimoe,three_domain_moe,228,neuraltextures_faces_c23/865_739,ffpp_test:61,1,neuraltextures,resize075_then_h264_crf30,0.2868652045726776,0.2868652045726776,0
trimoe,three_domain_moe,229,neuraltextures_faces_c23/739_865,ffpp_test:61,1,neuraltextures,resize075_then_h264_crf30,0.5869953632354736,0.5869953632354736,1
trimoe,three_domain_moe,230,original_faces_c23/995,ffpp_test:21,0,real,resize075_then_h264_crf30,0.7752575874328613,0.7752575874328613,1
trimoe,three_domain_moe,231,original_faces_c23/233,ffpp_test:21,0,real,resize075_then_h264_crf30,0.487951397895813,0.487951397895813,0
trimoe,three_domain_moe,232,deepfakes_faces_c23/995_233,ffpp_test:21,1,deepfakes,resize075_then_h264_crf30,0.365119993686676,0.365119993686676,1
trimoe,three_domain_moe,233,deepfakes_faces_c23/233_995,ffpp_test:21,1,deepfakes,resize075_then_h264_crf30,0.8054863810539246,0.8054863810539246,1
trimoe,three_domain_moe,234,face2face_faces_c23/995_233,ffpp_test:21,1,face2face,resize075_then_h264_crf30,0.8058727979660034,0.8058727979660034,1
trimoe,three_domain_moe,235,face2face_faces_c23/233_995,ffpp_test:21,1,face2face,resize075_then_h264_crf30,0.49480172991752625,0.49480172991752625,0
trimoe,three_domain_moe,236,faceswap_faces_c23/995_233,ffpp_test:21,1,faceswap,resize075_then_h264_crf30,0.4327547550201416,0.4327547550201416,1
trimoe,three_domain_moe,237,faceswap_faces_c23/233_995,ffpp_test:21,1,faceswap,resize075_then_h264_crf30,0.8097531199455261,0.8097531199455261,1
trimoe,three_domain_moe,238,neuraltextures_faces_c23/995_233,ffpp_test:21,1,neuraltextures,resize075_then_h264_crf30,0.6313439607620239,0.6313439607620239,1
trimoe,three_domain_moe,239,neuraltextures_faces_c23/233_995,ffpp_test:21,1,neuraltextures,resize075_then_h264_crf30,0.47774261236190796,0.47774261236190796,0
trimoe,three_domain_moe,240,original_faces_c23/755,ffpp_test:62,0,real,resize075_then_h264_crf30,0.44503265619277954,0.44503265619277954,0
trimoe,three_domain_moe,241,original_faces_c23/759,ffpp_test:62,0,real,resize075_then_h264_crf30,0.4855431020259857,0.4855431020259857,0
trimoe,three_domain_moe,242,deepfakes_faces_c23/755_759,ffpp_test:62,1,deepfakes,resize075_then_h264_crf30,0.825599193572998,0.825599193572998,1
trimoe,three_domain_moe,243,deepfakes_faces_c23/759_755,ffpp_test:62,1,deepfakes,resize075_then_h264_crf30,0.4825385510921478,0.4825385510921478,0
trimoe,three_domain_moe,244,face2face_faces_c23/755_759,ffpp_test:62,1,face2face,resize075_then_h264_crf30,0.79558265209198,0.79558265209198,1
trimoe,three_domain_moe,245,face2face_faces_c23/759_755,ffpp_test:62,1,face2face,resize075_then_h264_crf30,0.7948629260063171,0.7948629260063171,1
trimoe,three_domain_moe,246,faceswap_faces_c23/755_759,ffpp_test:62,1,faceswap,resize075_then_h264_crf30,0.5222763419151306,0.5222763419151306,0
trimoe,three_domain_moe,247,faceswap_faces_c23/759_755,ffpp_test:62,1,faceswap,resize075_then_h264_crf30,0.4851139187812805,0.4851139187812805,1
trimoe,three_domain_moe,248,neuraltextures_faces_c23/755_759,ffpp_test:62,1,neuraltextures,resize075_then_h264_crf30,0.7987242937088013,0.7987242937088013,1
trimoe,three_domain_moe,249,neuraltextures_faces_c23/759_755,ffpp_test:62,1,neuraltextures,resize075_then_h264_crf30,0.5185753703117371,0.5185753703117371,1
trimoe,three_domain_moe,250,original_faces_c23/467,ffpp_test:43,0,real,resize075_then_h264_crf30,0.3938939571380615,0.3938939571380615,0
trimoe,three_domain_moe,251,original_faces_c23/462,ffpp_test:43,0,real,resize075_then_h264_crf30,0.4727805256843567,0.4727805256843567,1
trimoe,three_domain_moe,252,deepfakes_faces_c23/467_462,ffpp_test:43,1,deepfakes,resize075_then_h264_crf30,0.3829537034034729,0.3829537034034729,0
trimoe,three_domain_moe,253,deepfakes_faces_c23/462_467,ffpp_test:43,1,deepfakes,resize075_then_h264_crf30,0.8054453730583191,0.8054453730583191,1
trimoe,three_domain_moe,254,face2face_faces_c23/467_462,ffpp_test:43,1,face2face,resize075_then_h264_crf30,0.7407476305961609,0.7407476305961609,1
trimoe,three_domain_moe,255,face2face_faces_c23/462_467,ffpp_test:43,1,face2face,resize075_then_h264_crf30,0.4116446375846863,0.4116446375846863,0
trimoe,three_domain_moe,256,faceswap_faces_c23/467_462,ffpp_test:43,1,faceswap,resize075_then_h264_crf30,0.40045708417892456,0.40045708417892456,0
trimoe,three_domain_moe,257,faceswap_faces_c23/462_467,ffpp_test:43,1,faceswap,resize075_then_h264_crf30,0.7075176239013672,0.7075176239013672,1
trimoe,three_domain_moe,258,neuraltextures_faces_c23/467_462,ffpp_test:43,1,neuraltextures,resize075_then_h264_crf30,0.4412636160850525,0.4412636160850525,0
trimoe,three_domain_moe,259,neuraltextures_faces_c23/462_467,ffpp_test:43,1,neuraltextures,resize075_then_h264_crf30,0.646547257900238,0.646547257900238,1
trimoe,three_domain_moe,260,original_faces_c23/314,ffpp_test:27,0,real,resize075_then_h264_crf30,0.7152546644210815,0.7152546644210815,1
trimoe,three_domain_moe,261,original_faces_c23/347,ffpp_test:27,0,real,resize075_then_h264_crf30,0.4832150936126709,0.4832150936126709,0
trimoe,three_domain_moe,262,deepfakes_faces_c23/314_347,ffpp_test:27,1,deepfakes,resize075_then_h264_crf30,0.4662350118160248,0.4662350118160248,0
trimoe,three_domain_moe,263,deepfakes_faces_c23/347_314,ffpp_test:27,1,deepfakes,resize075_then_h264_crf30,0.38285136222839355,0.38285136222839355,0
trimoe,three_domain_moe,264,face2face_faces_c23/314_347,ffpp_test:27,1,face2face,resize075_then_h264_crf30,0.5041952729225159,0.5041952729225159,0
trimoe,three_domain_moe,265,face2face_faces_c23/347_314,ffpp_test:27,1,face2face,resize075_then_h264_crf30,0.4951584041118622,0.4951584041118622,0
trimoe,three_domain_moe,266,faceswap_faces_c23/314_347,ffpp_test:27,1,faceswap,resize075_then_h264_crf30,0.49390265345573425,0.49390265345573425,0
trimoe,three_domain_moe,267,faceswap_faces_c23/347_314,ffpp_test:27,1,faceswap,resize075_then_h264_crf30,0.4465840458869934,0.4465840458869934,0
trimoe,three_domain_moe,268,neuraltextures_faces_c23/314_347,ffpp_test:27,1,neuraltextures,resize075_then_h264_crf30,0.4176740348339081,0.4176740348339081,0
trimoe,three_domain_moe,269,neuraltextures_faces_c23/347_314,ffpp_test:27,1,neuraltextures,resize075_then_h264_crf30,0.2661682963371277,0.2661682963371277,0
trimoe,three_domain_moe,270,original_faces_c23/741,ffpp_test:60,0,real,resize075_then_h264_crf30,0.49068039655685425,0.49068039655685425,0
trimoe,three_domain_moe,271,original_faces_c23/731,ffpp_test:60,0,real,resize075_then_h264_crf30,0.5164871215820312,0.5164871215820312,0
trimoe,three_domain_moe,272,deepfakes_faces_c23/741_731,ffpp_test:60,1,deepfakes,resize075_then_h264_crf30,0.5091307163238525,0.5091307163238525,0
trimoe,three_domain_moe,273,deepfakes_faces_c23/731_741,ffpp_test:60,1,deepfakes,resize075_then_h264_crf30,0.8004507422447205,0.8004507422447205,1
trimoe,three_domain_moe,274,face2face_faces_c23/741_731,ffpp_test:60,1,face2face,resize075_then_h264_crf30,0.8061870336532593,0.8061870336532593,1
trimoe,three_domain_moe,275,face2face_faces_c23/731_741,ffpp_test:60,1,face2face,resize075_then_h264_crf30,0.7944678664207458,0.7944678664207458,1
trimoe,three_domain_moe,276,faceswap_faces_c23/741_731,ffpp_test:60,1,faceswap,resize075_then_h264_crf30,0.7895686030387878,0.7895686030387878,1
trimoe,three_domain_moe,277,faceswap_faces_c23/731_741,ffpp_test:60,1,faceswap,resize075_then_h264_crf30,0.5143916010856628,0.5143916010856628,0
trimoe,three_domain_moe,278,neuraltextures_faces_c23/741_731,ffpp_test:60,1,neuraltextures,resize075_then_h264_crf30,0.8144301772117615,0.8144301772117615,1
trimoe,three_domain_moe,279,neuraltextures_faces_c23/731_741,ffpp_test:60,1,neuraltextures,resize075_then_h264_crf30,0.7682456374168396,0.7682456374168396,1
trimoe,three_domain_moe,280,original_faces_c23/970,ffpp_test:69,0,real,resize075_then_h264_crf30,0.35446760058403015,0.35446760058403015,1
trimoe,three_domain_moe,281,original_faces_c23/973,ffpp_test:69,0,real,resize075_then_h264_crf30,0.39480161666870117,0.39480161666870117,0
trimoe,three_domain_moe,282,deepfakes_faces_c23/970_973,ffpp_test:69,1,deepfakes,resize075_then_h264_crf30,0.39818090200424194,0.39818090200424194,1
trimoe,three_domain_moe,283,deepfakes_faces_c23/973_970,ffpp_test:69,1,deepfakes,resize075_then_h264_crf30,0.7621872425079346,0.7621872425079346,1
trimoe,three_domain_moe,284,face2face_faces_c23/970_973,ffpp_test:69,1,face2face,resize075_then_h264_crf30,0.4234766960144043,0.4234766960144043,1
trimoe,three_domain_moe,285,face2face_faces_c23/973_970,ffpp_test:69,1,face2face,resize075_then_h264_crf30,0.3872234523296356,0.3872234523296356,0
trimoe,three_domain_moe,286,faceswap_faces_c23/970_973,ffpp_test:69,1,faceswap,resize075_then_h264_crf30,0.24099409580230713,0.24099409580230713,0
trimoe,three_domain_moe,287,faceswap_faces_c23/973_970,ffpp_test:69,1,faceswap,resize075_then_h264_crf30,0.6006535291671753,0.6006535291671753,0
trimoe,three_domain_moe,288,neuraltextures_faces_c23/970_973,ffpp_test:69,1,neuraltextures,resize075_then_h264_crf30,0.30035072565078735,0.30035072565078735,0
trimoe,three_domain_moe,289,neuraltextures_faces_c23/973_970,ffpp_test:69,1,neuraltextures,resize075_then_h264_crf30,0.4921776056289673,0.4921776056289673,0
trimoe,three_domain_moe,290,original_faces_c23/634,ffpp_test:53,0,real,resize075_then_h264_crf30,0.37693995237350464,0.37693995237350464,0
trimoe,three_domain_moe,291,original_faces_c23/660,ffpp_test:53,0,real,resize075_then_h264_crf30,0.46499666571617126,0.46499666571617126,1
trimoe,three_domain_moe,292,deepfakes_faces_c23/634_660,ffpp_test:53,1,deepfakes,resize075_then_h264_crf30,0.4697783887386322,0.4697783887386322,0
trimoe,three_domain_moe,293,deepfakes_faces_c23/660_634,ffpp_test:53,1,deepfakes,resize075_then_h264_crf30,0.47701263427734375,0.47701263427734375,1
trimoe,three_domain_moe,294,face2face_faces_c23/634_660,ffpp_test:53,1,face2face,resize075_then_h264_crf30,0.5161443948745728,0.5161443948745728,0
trimoe,three_domain_moe,295,face2face_faces_c23/660_634,ffpp_test:53,1,face2face,resize075_then_h264_crf30,0.7538986206054688,0.7538986206054688,1
trimoe,three_domain_moe,296,faceswap_faces_c23/634_660,ffpp_test:53,1,faceswap,resize075_then_h264_crf30,0.7859410047531128,0.7859410047531128,1
trimoe,three_domain_moe,297,faceswap_faces_c23/660_634,ffpp_test:53,1,faceswap,resize075_then_h264_crf30,0.48616743087768555,0.48616743087768555,1
trimoe,three_domain_moe,298,neuraltextures_faces_c23/634_660,ffpp_test:53,1,neuraltextures,resize075_then_h264_crf30,0.4304409623146057,0.4304409623146057,0
trimoe,three_domain_moe,299,neuraltextures_faces_c23/660_634,ffpp_test:53,1,neuraltextures,resize075_then_h264_crf30,0.37003666162490845,0.37003666162490845,1
trimoe,three_domain_moe,300,original_faces_c23/494,ffpp_test:40,0,real,resize075_then_h264_crf30,0.49893492460250854,0.49893492460250854,1
trimoe,three_domain_moe,301,original_faces_c23/445,ffpp_test:40,0,real,resize075_then_h264_crf30,0.4795931577682495,0.4795931577682495,0
trimoe,three_domain_moe,302,deepfakes_faces_c23/494_445,ffpp_test:40,1,deepfakes,resize075_then_h264_crf30,0.8301259875297546,0.8301259875297546,1
trimoe,three_domain_moe,303,deepfakes_faces_c23/445_494,ffpp_test:40,1,deepfakes,resize075_then_h264_crf30,0.7848831415176392,0.7848831415176392,1
trimoe,three_domain_moe,304,face2face_faces_c23/494_445,ffpp_test:40,1,face2face,resize075_then_h264_crf30,0.49324584007263184,0.49324584007263184,1
trimoe,three_domain_moe,305,face2face_faces_c23/445_494,ffpp_test:40,1,face2face,resize075_then_h264_crf30,0.3982124924659729,0.3982124924659729,0
trimoe,three_domain_moe,306,faceswap_faces_c23/494_445,ffpp_test:40,1,faceswap,resize075_then_h264_crf30,0.5052427649497986,0.5052427649497986,1
trimoe,three_domain_moe,307,faceswap_faces_c23/445_494,ffpp_test:40,1,faceswap,resize075_then_h264_crf30,0.7702750563621521,0.7702750563621521,1
trimoe,three_domain_moe,308,neuraltextures_faces_c23/494_445,ffpp_test:40,1,neuraltextures,resize075_then_h264_crf30,0.5002905130386353,0.5002905130386353,1
trimoe,three_domain_moe,309,neuraltextures_faces_c23/445_494,ffpp_test:40,1,neuraltextures,resize075_then_h264_crf30,0.44436025619506836,0.44436025619506836,0
trimoe,three_domain_moe,310,original_faces_c23/706,ffpp_test:44,0,real,resize075_then_h264_crf30,0.4337220788002014,0.4337220788002014,0
trimoe,three_domain_moe,311,original_faces_c23/479,ffpp_test:44,0,real,resize075_then_h264_crf30,0.4778217673301697,0.4778217673301697,1
trimoe,three_domain_moe,312,deepfakes_faces_c23/706_479,ffpp_test:44,1,deepfakes,resize075_then_h264_crf30,0.46752119064331055,0.46752119064331055,0
trimoe,three_domain_moe,313,deepfakes_faces_c23/479_706,ffpp_test:44,1,deepfakes,resize075_then_h264_crf30,0.37857168912887573,0.37857168912887573,1
trimoe,three_domain_moe,314,face2face_faces_c23/706_479,ffpp_test:44,1,face2face,resize075_then_h264_crf30,0.4728567600250244,0.4728567600250244,0
trimoe,three_domain_moe,315,face2face_faces_c23/479_706,ffpp_test:44,1,face2face,resize075_then_h264_crf30,0.7745445966720581,0.7745445966720581,1
trimoe,three_domain_moe,316,faceswap_faces_c23/706_479,ffpp_test:44,1,faceswap,resize075_then_h264_crf30,0.4871099591255188,0.4871099591255188,0
trimoe,three_domain_moe,317,faceswap_faces_c23/479_706,ffpp_test:44,1,faceswap,resize075_then_h264_crf30,0.4990163743495941,0.4990163743495941,1
trimoe,three_domain_moe,318,neuraltextures_faces_c23/706_479,ffpp_test:44,1,neuraltextures,resize075_then_h264_crf30,0.4095247983932495,0.4095247983932495,0
trimoe,three_domain_moe,319,neuraltextures_faces_c23/479_706,ffpp_test:44,1,neuraltextures,resize075_then_h264_crf30,0.4695683419704437,0.4695683419704437,1
trimoe,three_domain_moe,320,original_faces_c23/186,ffpp_test:17,0,real,resize075_then_h264_crf30,0.6237057447433472,0.6237057447433472,1
trimoe,three_domain_moe,321,original_faces_c23/170,ffpp_test:17,0,real,resize075_then_h264_crf30,0.47559911012649536,0.47559911012649536,0
trimoe,three_domain_moe,322,deepfakes_faces_c23/186_170,ffpp_test:17,1,deepfakes,resize075_then_h264_crf30,0.4645596444606781,0.4645596444606781,0
trimoe,three_domain_moe,323,deepfakes_faces_c23/170_186,ffpp_test:17,1,deepfakes,resize075_then_h264_crf30,0.5053918361663818,0.5053918361663818,0
trimoe,three_domain_moe,324,face2face_faces_c23/186_170,ffpp_test:17,1,face2face,resize075_then_h264_crf30,0.5547321438789368,0.5547321438789368,0
trimoe,three_domain_moe,325,face2face_faces_c23/170_186,ffpp_test:17,1,face2face,resize075_then_h264_crf30,0.8067662715911865,0.8067662715911865,1
trimoe,three_domain_moe,326,faceswap_faces_c23/186_170,ffpp_test:17,1,faceswap,resize075_then_h264_crf30,0.4019742012023926,0.4019742012023926,0
trimoe,three_domain_moe,327,faceswap_faces_c23/170_186,ffpp_test:17,1,faceswap,resize075_then_h264_crf30,0.43980130553245544,0.43980130553245544,0
trimoe,three_domain_moe,328,neuraltextures_faces_c23/186_170,ffpp_test:17,1,neuraltextures,resize075_then_h264_crf30,0.5432011485099792,0.5432011485099792,0
trimoe,three_domain_moe,329,neuraltextures_faces_c23/170_186,ffpp_test:17,1,neuraltextures,resize075_then_h264_crf30,0.48249444365501404,0.48249444365501404,0
trimoe,three_domain_moe,330,original_faces_c23/176,ffpp_test:18,0,real,resize075_then_h264_crf30,0.2297612875699997,0.2297612875699997,0
trimoe,three_domain_moe,331,original_faces_c23/190,ffpp_test:18,0,real,resize075_then_h264_crf30,0.5044419765472412,0.5044419765472412,0
trimoe,three_domain_moe,332,deepfakes_faces_c23/176_190,ffpp_test:18,1,deepfakes,resize075_then_h264_crf30,0.523626983165741,0.523626983165741,1
trimoe,three_domain_moe,333,deepfakes_faces_c23/190_176,ffpp_test:18,1,deepfakes,resize075_then_h264_crf30,0.24774578213691711,0.24774578213691711,0
trimoe,three_domain_moe,334,face2face_faces_c23/176_190,ffpp_test:18,1,face2face,resize075_then_h264_crf30,0.5544687509536743,0.5544687509536743,1
trimoe,three_domain_moe,335,face2face_faces_c23/190_176,ffpp_test:18,1,face2face,resize075_then_h264_crf30,0.5736829042434692,0.5736829042434692,0
trimoe,three_domain_moe,336,faceswap_faces_c23/176_190,ffpp_test:18,1,faceswap,resize075_then_h264_crf30,0.6061685085296631,0.6061685085296631,1
trimoe,three_domain_moe,337,faceswap_faces_c23/190_176,ffpp_test:18,1,faceswap,resize075_then_h264_crf30,0.4852432608604431,0.4852432608604431,0
trimoe,three_domain_moe,338,neuraltextures_faces_c23/176_190,ffpp_test:18,1,neuraltextures,resize075_then_h264_crf30,0.23941051959991455,0.23941051959991455,0
trimoe,three_domain_moe,339,neuraltextures_faces_c23/190_176,ffpp_test:18,1,neuraltextures,resize075_then_h264_crf30,0.49279147386550903,0.49279147386550903,0
trimoe,three_domain_moe,340,original_faces_c23/380,ffpp_test:29,0,real,resize075_then_h264_crf30,0.4599207043647766,0.4599207043647766,0
trimoe,three_domain_moe,341,original_faces_c23/358,ffpp_test:29,0,real,resize075_then_h264_crf30,0.48377203941345215,0.48377203941345215,0
trimoe,three_domain_moe,342,deepfakes_faces_c23/380_358,ffpp_test:29,1,deepfakes,resize075_then_h264_crf30,0.4927520453929901,0.4927520453929901,0
trimoe,three_domain_moe,343,deepfakes_faces_c23/358_380,ffpp_test:29,1,deepfakes,resize075_then_h264_crf30,0.48637229204177856,0.48637229204177856,0
trimoe,three_domain_moe,344,face2face_faces_c23/380_358,ffpp_test:29,1,face2face,resize075_then_h264_crf30,0.482119619846344,0.482119619846344,0
trimoe,three_domain_moe,345,face2face_faces_c23/358_380,ffpp_test:29,1,face2face,resize075_then_h264_crf30,0.47179028391838074,0.47179028391838074,0
trimoe,three_domain_moe,346,faceswap_faces_c23/380_358,ffpp_test:29,1,faceswap,resize075_then_h264_crf30,0.5164356827735901,0.5164356827735901,0
trimoe,three_domain_moe,347,faceswap_faces_c23/358_380,ffpp_test:29,1,faceswap,resize075_then_h264_crf30,0.4778386950492859,0.4778386950492859,0
trimoe,three_domain_moe,348,neuraltextures_faces_c23/380_358,ffpp_test:29,1,neuraltextures,resize075_then_h264_crf30,0.5050345659255981,0.5050345659255981,0
trimoe,three_domain_moe,349,neuraltextures_faces_c23/358_380,ffpp_test:29,1,neuraltextures,resize075_then_h264_crf30,0.46304166316986084,0.46304166316986084,0
trimoe,three_domain_moe,350,original_faces_c23/214,ffpp_test:19,0,real,resize075_then_h264_crf30,0.4699127674102783,0.4699127674102783,1
trimoe,three_domain_moe,351,original_faces_c23/255,ffpp_test:19,0,real,resize075_then_h264_crf30,0.2394791841506958,0.2394791841506958,0
trimoe,three_domain_moe,352,deepfakes_faces_c23/214_255,ffpp_test:19,1,deepfakes,resize075_then_h264_crf30,0.5217278003692627,0.5217278003692627,1
trimoe,three_domain_moe,353,deepfakes_faces_c23/255_214,ffpp_test:19,1,deepfakes,resize075_then_h264_crf30,0.36869561672210693,0.36869561672210693,0
trimoe,three_domain_moe,354,face2face_faces_c23/214_255,ffpp_test:19,1,face2face,resize075_then_h264_crf30,0.4760195016860962,0.4760195016860962,1
trimoe,three_domain_moe,355,face2face_faces_c23/255_214,ffpp_test:19,1,face2face,resize075_then_h264_crf30,0.49204525351524353,0.49204525351524353,0
trimoe,three_domain_moe,356,faceswap_faces_c23/214_255,ffpp_test:19,1,faceswap,resize075_then_h264_crf30,0.49740517139434814,0.49740517139434814,1
trimoe,three_domain_moe,357,faceswap_faces_c23/255_214,ffpp_test:19,1,faceswap,resize075_then_h264_crf30,0.22001546621322632,0.22001546621322632,0
trimoe,three_domain_moe,358,neuraltextures_faces_c23/214_255,ffpp_test:19,1,neuraltextures,resize075_then_h264_crf30,0.4309994578361511,0.4309994578361511,1
trimoe,three_domain_moe,359,neuraltextures_faces_c23/255_214,ffpp_test:19,1,neuraltextures,resize075_then_h264_crf30,0.20586508512496948,0.20586508512496948,0
trimoe,three_domain_moe,360,original_faces_c23/454,ffpp_test:42,0,real,resize075_then_h264_crf30,0.480491042137146,0.480491042137146,1
trimoe,three_domain_moe,361,original_faces_c23/527,ffpp_test:42,0,real,resize075_then_h264_crf30,0.24358616769313812,0.24358616769313812,0
trimoe,three_domain_moe,362,deepfakes_faces_c23/454_527,ffpp_test:42,1,deepfakes,resize075_then_h264_crf30,0.6767487525939941,0.6767487525939941,1
trimoe,three_domain_moe,363,deepfakes_faces_c23/527_454,ffpp_test:42,1,deepfakes,resize075_then_h264_crf30,0.7769535779953003,0.7769535779953003,1
trimoe,three_domain_moe,364,face2face_faces_c23/454_527,ffpp_test:42,1,face2face,resize075_then_h264_crf30,0.7913403511047363,0.7913403511047363,1
trimoe,three_domain_moe,365,face2face_faces_c23/527_454,ffpp_test:42,1,face2face,resize075_then_h264_crf30,0.8029274344444275,0.8029274344444275,1
trimoe,three_domain_moe,366,faceswap_faces_c23/454_527,ffpp_test:42,1,faceswap,resize075_then_h264_crf30,0.7473725080490112,0.7473725080490112,1
trimoe,three_domain_moe,367,faceswap_faces_c23/527_454,ffpp_test:42,1,faceswap,resize075_then_h264_crf30,0.6900289058685303,0.6900289058685303,1
trimoe,three_domain_moe,368,neuraltextures_faces_c23/454_527,ffpp_test:42,1,neuraltextures,resize075_then_h264_crf30,0.7257388830184937,0.7257388830184937,1
trimoe,three_domain_moe,369,neuraltextures_faces_c23/527_454,ffpp_test:42,1,neuraltextures,resize075_then_h264_crf30,0.43700164556503296,0.43700164556503296,0
trimoe,three_domain_moe,370,original_faces_c23/425,ffpp_test:39,0,real,resize075_then_h264_crf30,0.3034689128398895,0.3034689128398895,0
trimoe,three_domain_moe,371,original_faces_c23/485,ffpp_test:39,0,real,resize075_then_h264_crf30,0.25629156827926636,0.25629156827926636,0
trimoe,three_domain_moe,372,deepfakes_faces_c23/425_485,ffpp_test:39,1,deepfakes,resize075_then_h264_crf30,0.6209478378295898,0.6209478378295898,0
trimoe,three_domain_moe,373,deepfakes_faces_c23/485_425,ffpp_test:39,1,deepfakes,resize075_then_h264_crf30,0.3753330409526825,0.3753330409526825,0
trimoe,three_domain_moe,374,face2face_faces_c23/425_485,ffpp_test:39,1,face2face,resize075_then_h264_crf30,0.7001709938049316,0.7001709938049316,1
trimoe,three_domain_moe,375,face2face_faces_c23/485_425,ffpp_test:39,1,face2face,resize075_then_h264_crf30,0.32204553484916687,0.32204553484916687,0
trimoe,three_domain_moe,376,faceswap_faces_c23/425_485,ffpp_test:39,1,faceswap,resize075_then_h264_crf30,0.4970601201057434,0.4970601201057434,0
trimoe,three_domain_moe,377,faceswap_faces_c23/485_425,ffpp_test:39,1,faceswap,resize075_then_h264_crf30,0.5151678919792175,0.5151678919792175,0
trimoe,three_domain_moe,378,neuraltextures_faces_c23/425_485,ffpp_test:39,1,neuraltextures,resize075_then_h264_crf30,0.6108936667442322,0.6108936667442322,0
trimoe,three_domain_moe,379,neuraltextures_faces_c23/485_425,ffpp_test:39,1,neuraltextures,resize075_then_h264_crf30,0.3135412335395813,0.3135412335395813,0
trimoe,three_domain_moe,380,original_faces_c23/388,ffpp_test:26,0,real,resize075_then_h264_crf30,0.6362307667732239,0.6362307667732239,1
trimoe,three_domain_moe,381,original_faces_c23/308,ffpp_test:26,0,real,resize075_then_h264_crf30,0.3908688724040985,0.3908688724040985,0
trimoe,three_domain_moe,382,deepfakes_faces_c23/388_308,ffpp_test:26,1,deepfakes,resize075_then_h264_crf30,0.29292595386505127,0.29292595386505127,0
trimoe,three_domain_moe,383,deepfakes_faces_c23/308_388,ffpp_test:26,1,deepfakes,resize075_then_h264_crf30,0.6988892555236816,0.6988892555236816,1
trimoe,three_domain_moe,384,face2face_faces_c23/388_308,ffpp_test:26,1,face2face,resize075_then_h264_crf30,0.7902724146842957,0.7902724146842957,1
trimoe,three_domain_moe,385,face2face_faces_c23/308_388,ffpp_test:26,1,face2face,resize075_then_h264_crf30,0.6193315982818604,0.6193315982818604,0
trimoe,three_domain_moe,386,faceswap_faces_c23/388_308,ffpp_test:26,1,faceswap,resize075_then_h264_crf30,0.6804014444351196,0.6804014444351196,1
trimoe,three_domain_moe,387,faceswap_faces_c23/308_388,ffpp_test:26,1,faceswap,resize075_then_h264_crf30,0.6613156795501709,0.6613156795501709,1
trimoe,three_domain_moe,388,neuraltextures_faces_c23/388_308,ffpp_test:26,1,neuraltextures,resize075_then_h264_crf30,0.6095625162124634,0.6095625162124634,1
trimoe,three_domain_moe,389,neuraltextures_faces_c23/308_388,ffpp_test:26,1,neuraltextures,resize075_then_h264_crf30,0.3747189939022064,0.3747189939022064,0
trimoe,three_domain_moe,390,original_faces_c23/384,ffpp_test:32,0,real,resize075_then_h264_crf30,0.46308958530426025,0.46308958530426025,0
trimoe,three_domain_moe,391,original_faces_c23/932,ffpp_test:32,0,real,resize075_then_h264_crf30,0.29140815138816833,0.29140815138816833,0
trimoe,three_domain_moe,392,deepfakes_faces_c23/384_932,ffpp_test:32,1,deepfakes,resize075_then_h264_crf30,0.7901723384857178,0.7901723384857178,1
trimoe,three_domain_moe,393,deepfakes_faces_c23/932_384,ffpp_test:32,1,deepfakes,resize075_then_h264_crf30,0.28959840536117554,0.28959840536117554,0
trimoe,three_domain_moe,394,face2face_faces_c23/384_932,ffpp_test:32,1,face2face,resize075_then_h264_crf30,0.8119983077049255,0.8119983077049255,1
trimoe,three_domain_moe,395,face2face_faces_c23/932_384,ffpp_test:32,1,face2face,resize075_then_h264_crf30,0.3544690012931824,0.3544690012931824,0
trimoe,three_domain_moe,396,faceswap_faces_c23/384_932,ffpp_test:32,1,faceswap,resize075_then_h264_crf30,0.6357684135437012,0.6357684135437012,0
trimoe,three_domain_moe,397,faceswap_faces_c23/932_384,ffpp_test:32,1,faceswap,resize075_then_h264_crf30,0.47421905398368835,0.47421905398368835,1
trimoe,three_domain_moe,398,neuraltextures_faces_c23/384_932,ffpp_test:32,1,neuraltextures,resize075_then_h264_crf30,0.8169457912445068,0.8169457912445068,1
trimoe,three_domain_moe,399,neuraltextures_faces_c23/932_384,ffpp_test:32,1,neuraltextures,resize075_then_h264_crf30,0.7249263525009155,0.7249263525009155,1
trimoe,three_domain_moe,400,original_faces_c23/035,ffpp_test:5,0,real,resize075_then_h264_crf30,0.8175899982452393,0.8175899982452393,1
trimoe,three_domain_moe,401,original_faces_c23/036,ffpp_test:5,0,real,resize075_then_h264_crf30,0.35322484374046326,0.35322484374046326,0
trimoe,three_domain_moe,402,deepfakes_faces_c23/035_036,ffpp_test:5,1,deepfakes,resize075_then_h264_crf30,0.7966800928115845,0.7966800928115845,1
trimoe,three_domain_moe,403,deepfakes_faces_c23/036_035,ffpp_test:5,1,deepfakes,resize075_then_h264_crf30,0.510362982749939,0.510362982749939,0
trimoe,three_domain_moe,404,face2face_faces_c23/035_036,ffpp_test:5,1,face2face,resize075_then_h264_crf30,0.8158237338066101,0.8158237338066101,1
trimoe,three_domain_moe,405,face2face_faces_c23/036_035,ffpp_test:5,1,face2face,resize075_then_h264_crf30,0.4705296754837036,0.4705296754837036,0
trimoe,three_domain_moe,406,faceswap_faces_c23/035_036,ffpp_test:5,1,faceswap,resize075_then_h264_crf30,0.4892321228981018,0.4892321228981018,0
trimoe,three_domain_moe,407,faceswap_faces_c23/036_035,ffpp_test:5,1,faceswap,resize075_then_h264_crf30,0.7105147242546082,0.7105147242546082,1
trimoe,three_domain_moe,408,neuraltextures_faces_c23/035_036,ffpp_test:5,1,neuraltextures,resize075_then_h264_crf30,0.81099933385849,0.81099933385849,1
trimoe,three_domain_moe,409,neuraltextures_faces_c23/036_035,ffpp_test:5,1,neuraltextures,resize075_then_h264_crf30,0.37545955181121826,0.37545955181121826,0
trimoe,three_domain_moe,410,original_faces_c23/257,ffpp_test:23,0,real,resize075_then_h264_crf30,0.5944322347640991,0.5944322347640991,0
trimoe,three_domain_moe,411,original_faces_c23/420,ffpp_test:23,0,real,resize075_then_h264_crf30,0.4433121681213379,0.4433121681213379,0
trimoe,three_domain_moe,412,deepfakes_faces_c23/257_420,ffpp_test:23,1,deepfakes,resize075_then_h264_crf30,0.34553831815719604,0.34553831815719604,0
trimoe,three_domain_moe,413,deepfakes_faces_c23/420_257,ffpp_test:23,1,deepfakes,resize075_then_h264_crf30,0.45026320219039917,0.45026320219039917,0
trimoe,three_domain_moe,414,face2face_faces_c23/257_420,ffpp_test:23,1,face2face,resize075_then_h264_crf30,0.620364785194397,0.620364785194397,0
trimoe,three_domain_moe,415,face2face_faces_c23/420_257,ffpp_test:23,1,face2face,resize075_then_h264_crf30,0.3551379144191742,0.3551379144191742,0
trimoe,three_domain_moe,416,faceswap_faces_c23/257_420,ffpp_test:23,1,faceswap,resize075_then_h264_crf30,0.560182511806488,0.560182511806488,0
trimoe,three_domain_moe,417,faceswap_faces_c23/420_257,ffpp_test:23,1,faceswap,resize075_then_h264_crf30,0.45142149925231934,0.45142149925231934,0
trimoe,three_domain_moe,418,neuraltextures_faces_c23/257_420,ffpp_test:23,1,neuraltextures,resize075_then_h264_crf30,0.43370839953422546,0.43370839953422546,0
trimoe,three_domain_moe,419,neuraltextures_faces_c23/420_257,ffpp_test:23,1,neuraltextures,resize075_then_h264_crf30,0.41542309522628784,0.41542309522628784,0
trimoe,three_domain_moe,420,original_faces_c23/924,ffpp_test:67,0,real,resize075_then_h264_crf30,0.5051144361495972,0.5051144361495972,1
trimoe,three_domain_moe,421,original_faces_c23/917,ffpp_test:67,0,real,resize075_then_h264_crf30,0.47887009382247925,0.47887009382247925,1
trimoe,three_domain_moe,422,deepfakes_faces_c23/924_917,ffpp_test:67,1,deepfakes,resize075_then_h264_crf30,0.7287524938583374,0.7287524938583374,1
trimoe,three_domain_moe,423,deepfakes_faces_c23/917_924,ffpp_test:67,1,deepfakes,resize075_then_h264_crf30,0.7857545614242554,0.7857545614242554,1
trimoe,three_domain_moe,424,face2face_faces_c23/924_917,ffpp_test:67,1,face2face,resize075_then_h264_crf30,0.6652724742889404,0.6652724742889404,0
trimoe,three_domain_moe,425,face2face_faces_c23/917_924,ffpp_test:67,1,face2face,resize075_then_h264_crf30,0.6938375234603882,0.6938375234603882,1
trimoe,three_domain_moe,426,faceswap_faces_c23/924_917,ffpp_test:67,1,faceswap,resize075_then_h264_crf30,0.5374631881713867,0.5374631881713867,0
trimoe,three_domain_moe,427,faceswap_faces_c23/917_924,ffpp_test:67,1,faceswap,resize075_then_h264_crf30,0.8026776313781738,0.8026776313781738,1
trimoe,three_domain_moe,428,neuraltextures_faces_c23/924_917,ffpp_test:67,1,neuraltextures,resize075_then_h264_crf30,0.8001236319541931,0.8001236319541931,1
trimoe,three_domain_moe,429,neuraltextures_faces_c23/917_924,ffpp_test:67,1,neuraltextures,resize075_then_h264_crf30,0.8065862059593201,0.8065862059593201,1
trimoe,three_domain_moe,430,original_faces_c23/114,ffpp_test:9,0,real,resize075_then_h264_crf30,0.47640371322631836,0.47640371322631836,1
trimoe,three_domain_moe,431,original_faces_c23/102,ffpp_test:9,0,real,resize075_then_h264_crf30,0.36466050148010254,0.36466050148010254,0
trimoe,three_domain_moe,432,deepfakes_faces_c23/114_102,ffpp_test:9,1,deepfakes,resize075_then_h264_crf30,0.5269856452941895,0.5269856452941895,0
trimoe,three_domain_moe,433,deepfakes_faces_c23/102_114,ffpp_test:9,1,deepfakes,resize075_then_h264_crf30,0.4730015695095062,0.4730015695095062,0
trimoe,three_domain_moe,434,face2face_faces_c23/114_102,ffpp_test:9,1,face2face,resize075_then_h264_crf30,0.8009504675865173,0.8009504675865173,1
trimoe,three_domain_moe,435,face2face_faces_c23/102_114,ffpp_test:9,1,face2face,resize075_then_h264_crf30,0.4661632180213928,0.4661632180213928,0
trimoe,three_domain_moe,436,faceswap_faces_c23/114_102,ffpp_test:9,1,faceswap,resize075_then_h264_crf30,0.8069955110549927,0.8069955110549927,1
trimoe,three_domain_moe,437,faceswap_faces_c23/102_114,ffpp_test:9,1,faceswap,resize075_then_h264_crf30,0.40878790616989136,0.40878790616989136,0
trimoe,three_domain_moe,438,neuraltextures_faces_c23/114_102,ffpp_test:9,1,neuraltextures,resize075_then_h264_crf30,0.7971493005752563,0.7971493005752563,1
trimoe,three_domain_moe,439,neuraltextures_faces_c23/102_114,ffpp_test:9,1,neuraltextures,resize075_then_h264_crf30,0.326822429895401,0.326822429895401,0
trimoe,three_domain_moe,440,original_faces_c23/732,ffpp_test:56,0,real,resize075_then_h264_crf30,0.48129165172576904,0.48129165172576904,0
trimoe,three_domain_moe,441,original_faces_c23/691,ffpp_test:56,0,real,resize075_then_h264_crf30,0.4735277593135834,0.4735277593135834,1
trimoe,three_domain_moe,442,deepfakes_faces_c23/732_691,ffpp_test:56,1,deepfakes,resize075_then_h264_crf30,0.4525895118713379,0.4525895118713379,0
trimoe,three_domain_moe,443,deepfakes_faces_c23/691_732,ffpp_test:56,1,deepfakes,resize075_then_h264_crf30,0.7819869518280029,0.7819869518280029,1
trimoe,three_domain_moe,444,face2face_faces_c23/732_691,ffpp_test:56,1,face2face,resize075_then_h264_crf30,0.5403187274932861,0.5403187274932861,0
trimoe,three_domain_moe,445,face2face_faces_c23/691_732,ffpp_test:56,1,face2face,resize075_then_h264_crf30,0.5051387548446655,0.5051387548446655,1
trimoe,three_domain_moe,446,faceswap_faces_c23/732_691,ffpp_test:56,1,faceswap,resize075_then_h264_crf30,0.48410099744796753,0.48410099744796753,0
trimoe,three_domain_moe,447,faceswap_faces_c23/691_732,ffpp_test:56,1,faceswap,resize075_then_h264_crf30,0.4650549292564392,0.4650549292564392,1
trimoe,three_domain_moe,448,neuraltextures_faces_c23/732_691,ffpp_test:56,1,neuraltextures,resize075_then_h264_crf30,0.6866675615310669,0.6866675615310669,1
trimoe,three_domain_moe,449,neuraltextures_faces_c23/691_732,ffpp_test:56,1,neuraltextures,resize075_then_h264_crf30,0.5053291320800781,0.5053291320800781,1
trimoe,three_domain_moe,450,original_faces_c23/550,ffpp_test:41,0,real,resize075_then_h264_crf30,0.40981656312942505,0.40981656312942505,0
trimoe,three_domain_moe,451,original_faces_c23/452,ffpp_test:41,0,real,resize075_then_h264_crf30,0.4072449207305908,0.4072449207305908,0
trimoe,three_domain_moe,452,deepfakes_faces_c23/550_452,ffpp_test:41,1,deepfakes,resize075_then_h264_crf30,0.7920477390289307,0.7920477390289307,1
trimoe,three_domain_moe,453,deepfakes_faces_c23/452_550,ffpp_test:41,1,deepfakes,resize075_then_h264_crf30,0.44478368759155273,0.44478368759155273,0
trimoe,three_domain_moe,454,face2face_faces_c23/550_452,ffpp_test:41,1,face2face,resize075_then_h264_crf30,0.460625022649765,0.460625022649765,0
trimoe,three_domain_moe,455,face2face_faces_c23/452_550,ffpp_test:41,1,face2face,resize075_then_h264_crf30,0.38430356979370117,0.38430356979370117,0
trimoe,three_domain_moe,456,faceswap_faces_c23/550_452,ffpp_test:41,1,faceswap,resize075_then_h264_crf30,0.2244586944580078,0.2244586944580078,0
trimoe,three_domain_moe,457,faceswap_faces_c23/452_550,ffpp_test:41,1,faceswap,resize075_then_h264_crf30,0.2589300870895386,0.2589300870895386,0
trimoe,three_domain_moe,458,neuraltextures_faces_c23/550_452,ffpp_test:41,1,neuraltextures,resize075_then_h264_crf30,0.4510709047317505,0.4510709047317505,0
trimoe,three_domain_moe,459,neuraltextures_faces_c23/452_550,ffpp_test:41,1,neuraltextures,resize075_then_h264_crf30,0.5291547179222107,0.5291547179222107,0
trimoe,three_domain_moe,460,original_faces_c23/280,ffpp_test:22,0,real,resize075_then_h264_crf30,0.43546995520591736,0.43546995520591736,1
trimoe,three_domain_moe,461,original_faces_c23/249,ffpp_test:22,0,real,resize075_then_h264_crf30,0.23261182010173798,0.23261182010173798,0
trimoe,three_domain_moe,462,deepfakes_faces_c23/280_249,ffpp_test:22,1,deepfakes,resize075_then_h264_crf30,0.3535248637199402,0.3535248637199402,1
trimoe,three_domain_moe,463,deepfakes_faces_c23/249_280,ffpp_test:22,1,deepfakes,resize075_then_h264_crf30,0.4192464351654053,0.4192464351654053,0
trimoe,three_domain_moe,464,face2face_faces_c23/280_249,ffpp_test:22,1,face2face,resize075_then_h264_crf30,0.3198269009590149,0.3198269009590149,0
trimoe,three_domain_moe,465,face2face_faces_c23/249_280,ffpp_test:22,1,face2face,resize075_then_h264_crf30,0.3449958264827728,0.3449958264827728,0
trimoe,three_domain_moe,466,faceswap_faces_c23/280_249,ffpp_test:22,1,faceswap,resize075_then_h264_crf30,0.2878832221031189,0.2878832221031189,0
trimoe,three_domain_moe,467,faceswap_faces_c23/249_280,ffpp_test:22,1,faceswap,resize075_then_h264_crf30,0.40959233045578003,0.40959233045578003,0
trimoe,three_domain_moe,468,neuraltextures_faces_c23/280_249,ffpp_test:22,1,neuraltextures,resize075_then_h264_crf30,0.3805076479911804,0.3805076479911804,1
trimoe,three_domain_moe,469,neuraltextures_faces_c23/249_280,ffpp_test:22,1,neuraltextures,resize075_then_h264_crf30,0.4306349456310272,0.4306349456310272,0
trimoe,three_domain_moe,470,original_faces_c23/842,ffpp_test:58,0,real,resize075_then_h264_crf30,0.7285224199295044,0.7285224199295044,1
trimoe,three_domain_moe,471,original_faces_c23/714,ffpp_test:58,0,real,resize075_then_h264_crf30,0.30907565355300903,0.30907565355300903,0
trimoe,three_domain_moe,472,deepfakes_faces_c23/842_714,ffpp_test:58,1,deepfakes,resize075_then_h264_crf30,0.6041146516799927,0.6041146516799927,0
trimoe,three_domain_moe,473,deepfakes_faces_c23/714_842,ffpp_test:58,1,deepfakes,resize075_then_h264_crf30,0.3602221608161926,0.3602221608161926,0
trimoe,three_domain_moe,474,face2face_faces_c23/842_714,ffpp_test:58,1,face2face,resize075_then_h264_crf30,0.5933612585067749,0.5933612585067749,0
trimoe,three_domain_moe,475,face2face_faces_c23/714_842,ffpp_test:58,1,face2face,resize075_then_h264_crf30,0.4266505837440491,0.4266505837440491,0
trimoe,three_domain_moe,476,faceswap_faces_c23/842_714,ffpp_test:58,1,faceswap,resize075_then_h264_crf30,0.702250599861145,0.702250599861145,1
trimoe,three_domain_moe,477,faceswap_faces_c23/714_842,ffpp_test:58,1,faceswap,resize075_then_h264_crf30,0.5127083659172058,0.5127083659172058,0
trimoe,three_domain_moe,478,neuraltextures_faces_c23/842_714,ffpp_test:58,1,neuraltextures,resize075_then_h264_crf30,0.6730234622955322,0.6730234622955322,1
trimoe,three_domain_moe,479,neuraltextures_faces_c23/714_842,ffpp_test:58,1,neuraltextures,resize075_then_h264_crf30,0.4433252513408661,0.4433252513408661,0
trimoe,three_domain_moe,480,original_faces_c23/625,ffpp_test:52,0,real,resize075_then_h264_crf30,0.22774818539619446,0.22774818539619446,0
trimoe,three_domain_moe,481,original_faces_c23/650,ffpp_test:52,0,real,resize075_then_h264_crf30,0.30514511466026306,0.30514511466026306,0
trimoe,three_domain_moe,482,deepfakes_faces_c23/625_650,ffpp_test:52,1,deepfakes,resize075_then_h264_crf30,0.7924172282218933,0.7924172282218933,1
trimoe,three_domain_moe,483,deepfakes_faces_c23/650_625,ffpp_test:52,1,deepfakes,resize075_then_h264_crf30,0.7455655336380005,0.7455655336380005,1
trimoe,three_domain_moe,484,face2face_faces_c23/625_650,ffpp_test:52,1,face2face,resize075_then_h264_crf30,0.8039963245391846,0.8039963245391846,1
trimoe,three_domain_moe,485,face2face_faces_c23/650_625,ffpp_test:52,1,face2face,resize075_then_h264_crf30,0.7864715456962585,0.7864715456962585,1
trimoe,three_domain_moe,486,faceswap_faces_c23/625_650,ffpp_test:52,1,faceswap,resize075_then_h264_crf30,0.6787540912628174,0.6787540912628174,1
trimoe,three_domain_moe,487,faceswap_faces_c23/650_625,ffpp_test:52,1,faceswap,resize075_then_h264_crf30,0.5430874228477478,0.5430874228477478,0
trimoe,three_domain_moe,488,neuraltextures_faces_c23/625_650,ffpp_test:52,1,neuraltextures,resize075_then_h264_crf30,0.7270016074180603,0.7270016074180603,1
trimoe,three_domain_moe,489,neuraltextures_faces_c23/650_625,ffpp_test:52,1,neuraltextures,resize075_then_h264_crf30,0.31968146562576294,0.31968146562576294,0
trimoe,three_domain_moe,490,original_faces_c23/024,ffpp_test:3,0,real,resize075_then_h264_crf30,0.3645470142364502,0.3645470142364502,0
trimoe,three_domain_moe,491,original_faces_c23/073,ffpp_test:3,0,real,resize075_then_h264_crf30,0.42460986971855164,0.42460986971855164,0
trimoe,three_domain_moe,492,deepfakes_faces_c23/024_073,ffpp_test:3,1,deepfakes,resize075_then_h264_crf30,0.7666045427322388,0.7666045427322388,1
trimoe,three_domain_moe,493,deepfakes_faces_c23/073_024,ffpp_test:3,1,deepfakes,resize075_then_h264_crf30,0.8216366171836853,0.8216366171836853,1
trimoe,three_domain_moe,494,face2face_faces_c23/024_073,ffpp_test:3,1,face2face,resize075_then_h264_crf30,0.7872428297996521,0.7872428297996521,1
trimoe,three_domain_moe,495,face2face_faces_c23/073_024,ffpp_test:3,1,face2face,resize075_then_h264_crf30,0.7613939046859741,0.7613939046859741,1
trimoe,three_domain_moe,496,faceswap_faces_c23/024_073,ffpp_test:3,1,faceswap,resize075_then_h264_crf30,0.8064987063407898,0.8064987063407898,1
trimoe,three_domain_moe,497,faceswap_faces_c23/073_024,ffpp_test:3,1,faceswap,resize075_then_h264_crf30,0.7231388092041016,0.7231388092041016,1
trimoe,three_domain_moe,498,neuraltextures_faces_c23/024_073,ffpp_test:3,1,neuraltextures,resize075_then_h264_crf30,0.5072263479232788,0.5072263479232788,0
trimoe,three_domain_moe,499,neuraltextures_faces_c23/073_024,ffpp_test:3,1,neuraltextures,resize075_then_h264_crf30,0.5182133316993713,0.5182133316993713,0
trimoe,three_domain_moe,500,original_faces_c23/044,ffpp_test:6,0,real,resize075_then_h264_crf30,0.42785653471946716,0.42785653471946716,0
trimoe,three_domain_moe,501,original_faces_c23/945,ffpp_test:6,0,real,resize075_then_h264_crf30,0.22989967465400696,0.22989967465400696,0
trimoe,three_domain_moe,502,deepfakes_faces_c23/044_945,ffpp_test:6,1,deepfakes,resize075_then_h264_crf30,0.7138833999633789,0.7138833999633789,1
trimoe,three_domain_moe,503,deepfakes_faces_c23/945_044,ffpp_test:6,1,deepfakes,resize075_then_h264_crf30,0.48647522926330566,0.48647522926330566,1
trimoe,three_domain_moe,504,face2face_faces_c23/044_945,ffpp_test:6,1,face2face,resize075_then_h264_crf30,0.8014244437217712,0.8014244437217712,1
trimoe,three_domain_moe,505,face2face_faces_c23/945_044,ffpp_test:6,1,face2face,resize075_then_h264_crf30,0.5551192760467529,0.5551192760467529,1
trimoe,three_domain_moe,506,faceswap_faces_c23/044_945,ffpp_test:6,1,faceswap,resize075_then_h264_crf30,0.7072595357894897,0.7072595357894897,1
trimoe,three_domain_moe,507,faceswap_faces_c23/945_044,ffpp_test:6,1,faceswap,resize075_then_h264_crf30,0.534288763999939,0.534288763999939,1
trimoe,three_domain_moe,508,neuraltextures_faces_c23/044_945,ffpp_test:6,1,neuraltextures,resize075_then_h264_crf30,0.7790603637695312,0.7790603637695312,1
trimoe,three_domain_moe,509,neuraltextures_faces_c23/945_044,ffpp_test:6,1,neuraltextures,resize075_then_h264_crf30,0.523913562297821,0.523913562297821,1
trimoe,three_domain_moe,510,original_faces_c23/896,ffpp_test:10,0,real,resize075_then_h264_crf30,0.4986240267753601,0.4986240267753601,1
trimoe,three_domain_moe,511,original_faces_c23/128,ffpp_test:10,0,real,resize075_then_h264_crf30,0.43595990538597107,0.43595990538597107,0
trimoe,three_domain_moe,512,deepfakes_faces_c23/896_128,ffpp_test:10,1,deepfakes,resize075_then_h264_crf30,0.46725985407829285,0.46725985407829285,1
trimoe,three_domain_moe,513,deepfakes_faces_c23/128_896,ffpp_test:10,1,deepfakes,resize075_then_h264_crf30,0.693269670009613,0.693269670009613,1
trimoe,three_domain_moe,514,face2face_faces_c23/896_128,ffpp_test:10,1,face2face,resize075_then_h264_crf30,0.4834361672401428,0.4834361672401428,1
trimoe,three_domain_moe,515,face2face_faces_c23/128_896,ffpp_test:10,1,face2face,resize075_then_h264_crf30,0.45304638147354126,0.45304638147354126,0
trimoe,three_domain_moe,516,faceswap_faces_c23/896_128,ffpp_test:10,1,faceswap,resize075_then_h264_crf30,0.8113422393798828,0.8113422393798828,1
trimoe,three_domain_moe,517,faceswap_faces_c23/128_896,ffpp_test:10,1,faceswap,resize075_then_h264_crf30,0.5326575040817261,0.5326575040817261,0
trimoe,three_domain_moe,518,neuraltextures_faces_c23/896_128,ffpp_test:10,1,neuraltextures,resize075_then_h264_crf30,0.5196996927261353,0.5196996927261353,1
trimoe,three_domain_moe,519,neuraltextures_faces_c23/128_896,ffpp_test:10,1,neuraltextures,resize075_then_h264_crf30,0.4820585250854492,0.4820585250854492,0
trimoe,three_domain_moe,520,original_faces_c23/862,ffpp_test:7,0,real,resize075_then_h264_crf30,0.40934082865715027,0.40934082865715027,0
trimoe,three_domain_moe,521,original_faces_c23/047,ffpp_test:7,0,real,resize075_then_h264_crf30,0.45099732279777527,0.45099732279777527,0
trimoe,three_domain_moe,522,deepfakes_faces_c23/862_047,ffpp_test:7,1,deepfakes,resize075_then_h264_crf30,0.7873513698577881,0.7873513698577881,1
trimoe,three_domain_moe,523,deepfakes_faces_c23/047_862,ffpp_test:7,1,deepfakes,resize075_then_h264_crf30,0.45658016204833984,0.45658016204833984,0
trimoe,three_domain_moe,524,face2face_faces_c23/862_047,ffpp_test:7,1,face2face,resize075_then_h264_crf30,0.6634582281112671,0.6634582281112671,1
trimoe,three_domain_moe,525,face2face_faces_c23/047_862,ffpp_test:7,1,face2face,resize075_then_h264_crf30,0.7085622549057007,0.7085622549057007,1
trimoe,three_domain_moe,526,faceswap_faces_c23/862_047,ffpp_test:7,1,faceswap,resize075_then_h264_crf30,0.578952968120575,0.578952968120575,1
trimoe,three_domain_moe,527,faceswap_faces_c23/047_862,ffpp_test:7,1,faceswap,resize075_then_h264_crf30,0.6904783248901367,0.6904783248901367,1
trimoe,three_domain_moe,528,neuraltextures_faces_c23/862_047,ffpp_test:7,1,neuraltextures,resize075_then_h264_crf30,0.4306255280971527,0.4306255280971527,1
trimoe,three_domain_moe,529,neuraltextures_faces_c23/047_862,ffpp_test:7,1,neuraltextures,resize075_then_h264_crf30,0.4746365249156952,0.4746365249156952,0
trimoe,three_domain_moe,530,original_faces_c23/607,ffpp_test:49,0,real,resize075_then_h264_crf30,0.4238525331020355,0.4238525331020355,1
trimoe,three_domain_moe,531,original_faces_c23/683,ffpp_test:49,0,real,resize075_then_h264_crf30,0.49515828490257263,0.49515828490257263,0
trimoe,three_domain_moe,532,deepfakes_faces_c23/607_683,ffpp_test:49,1,deepfakes,resize075_then_h264_crf30,0.44680285453796387,0.44680285453796387,1
trimoe,three_domain_moe,533,deepfakes_faces_c23/683_607,ffpp_test:49,1,deepfakes,resize075_then_h264_crf30,0.786693811416626,0.786693811416626,1
trimoe,three_domain_moe,534,face2face_faces_c23/607_683,ffpp_test:49,1,face2face,resize075_then_h264_crf30,0.41402578353881836,0.41402578353881836,1
trimoe,three_domain_moe,535,face2face_faces_c23/683_607,ffpp_test:49,1,face2face,resize075_then_h264_crf30,0.4958403706550598,0.4958403706550598,0
trimoe,three_domain_moe,536,faceswap_faces_c23/607_683,ffpp_test:49,1,faceswap,resize075_then_h264_crf30,0.44787025451660156,0.44787025451660156,1
trimoe,three_domain_moe,537,faceswap_faces_c23/683_607,ffpp_test:49,1,faceswap,resize075_then_h264_crf30,0.7032052874565125,0.7032052874565125,1
trimoe,three_domain_moe,538,neuraltextures_faces_c23/607_683,ffpp_test:49,1,neuraltextures,resize075_then_h264_crf30,0.45682114362716675,0.45682114362716675,1
trimoe,three_domain_moe,539,neuraltextures_faces_c23/683_607,ffpp_test:49,1,neuraltextures,resize075_then_h264_crf30,0.20966210961341858,0.20966210961341858,0
trimoe,three_domain_moe,540,original_faces_c23/517,ffpp_test:45,0,real,resize075_then_h264_crf30,0.43792924284935,0.43792924284935,0
trimoe,three_domain_moe,541,original_faces_c23/521,ffpp_test:45,0,real,resize075_then_h264_crf30,0.38198789954185486,0.38198789954185486,0
trimoe,three_domain_moe,542,deepfakes_faces_c23/517_521,ffpp_test:45,1,deepfakes,resize075_then_h264_crf30,0.4565630853176117,0.4565630853176117,0
trimoe,three_domain_moe,543,deepfakes_faces_c23/521_517,ffpp_test:45,1,deepfakes,resize075_then_h264_crf30,0.7539107799530029,0.7539107799530029,1
trimoe,three_domain_moe,544,face2face_faces_c23/517_521,ffpp_test:45,1,face2face,resize075_then_h264_crf30,0.7323421239852905,0.7323421239852905,1
trimoe,three_domain_moe,545,face2face_faces_c23/521_517,ffpp_test:45,1,face2face,resize075_then_h264_crf30,0.32315701246261597,0.32315701246261597,0
trimoe,three_domain_moe,546,faceswap_faces_c23/517_521,ffpp_test:45,1,faceswap,resize075_then_h264_crf30,0.41775792837142944,0.41775792837142944,0
trimoe,three_domain_moe,547,faceswap_faces_c23/521_517,ffpp_test:45,1,faceswap,resize075_then_h264_crf30,0.6448922753334045,0.6448922753334045,0
trimoe,three_domain_moe,548,neuraltextures_faces_c23/517_521,ffpp_test:45,1,neuraltextures,resize075_then_h264_crf30,0.49987244606018066,0.49987244606018066,0
trimoe,three_domain_moe,549,neuraltextures_faces_c23/521_517,ffpp_test:45,1,neuraltextures,resize075_then_h264_crf30,0.2874988913536072,0.2874988913536072,0
trimoe,three_domain_moe,550,original_faces_c23/682,ffpp_test:55,0,real,resize075_then_h264_crf30,0.38956141471862793,0.38956141471862793,0
trimoe,three_domain_moe,551,original_faces_c23/669,ffpp_test:55,0,real,resize075_then_h264_crf30,0.4872434139251709,0.4872434139251709,0
trimoe,three_domain_moe,552,deepfakes_faces_c23/682_669,ffpp_test:55,1,deepfakes,resize075_then_h264_crf30,0.48877817392349243,0.48877817392349243,0
trimoe,three_domain_moe,553,deepfakes_faces_c23/669_682,ffpp_test:55,1,deepfakes,resize075_then_h264_crf30,0.5783882141113281,0.5783882141113281,0
trimoe,three_domain_moe,554,face2face_faces_c23/682_669,ffpp_test:55,1,face2face,resize075_then_h264_crf30,0.7908994555473328,0.7908994555473328,1
trimoe,three_domain_moe,555,face2face_faces_c23/669_682,ffpp_test:55,1,face2face,resize075_then_h264_crf30,0.7570213675498962,0.7570213675498962,1
trimoe,three_domain_moe,556,faceswap_faces_c23/682_669,ffpp_test:55,1,faceswap,resize075_then_h264_crf30,0.4216308295726776,0.4216308295726776,0
trimoe,three_domain_moe,557,faceswap_faces_c23/669_682,ffpp_test:55,1,faceswap,resize075_then_h264_crf30,0.7751753330230713,0.7751753330230713,1
trimoe,three_domain_moe,558,neuraltextures_faces_c23/682_669,ffpp_test:55,1,neuraltextures,resize075_then_h264_crf30,0.5322582125663757,0.5322582125663757,0
trimoe,three_domain_moe,559,neuraltextures_faces_c23/669_682,ffpp_test:55,1,neuraltextures,resize075_then_h264_crf30,0.48063015937805176,0.48063015937805176,0
trimoe,three_domain_moe,560,original_faces_c23/138,ffpp_test:12,0,real,resize075_then_h264_crf30,0.5096887350082397,0.5096887350082397,1
trimoe,three_domain_moe,561,original_faces_c23/142,ffpp_test:12,0,real,resize075_then_h264_crf30,0.19405639171600342,0.19405639171600342,0
trimoe,three_domain_moe,562,deepfakes_faces_c23/138_142,ffpp_test:12,1,deepfakes,resize075_then_h264_crf30,0.5045964121818542,0.5045964121818542,1
trimoe,three_domain_moe,563,deepfakes_faces_c23/142_138,ffpp_test:12,1,deepfakes,resize075_then_h264_crf30,0.20393520593643188,0.20393520593643188,0
trimoe,three_domain_moe,564,face2face_faces_c23/138_142,ffpp_test:12,1,face2face,resize075_then_h264_crf30,0.7973245978355408,0.7973245978355408,1
trimoe,three_domain_moe,565,face2face_faces_c23/142_138,ffpp_test:12,1,face2face,resize075_then_h264_crf30,0.3354818522930145,0.3354818522930145,0
trimoe,three_domain_moe,566,faceswap_faces_c23/138_142,ffpp_test:12,1,faceswap,resize075_then_h264_crf30,0.8247405886650085,0.8247405886650085,1
trimoe,three_domain_moe,567,faceswap_faces_c23/142_138,ffpp_test:12,1,faceswap,resize075_then_h264_crf30,0.5226745009422302,0.5226745009422302,0
trimoe,three_domain_moe,568,neuraltextures_faces_c23/138_142,ffpp_test:12,1,neuraltextures,resize075_then_h264_crf30,0.7819498777389526,0.7819498777389526,1
trimoe,three_domain_moe,569,neuraltextures_faces_c23/142_138,ffpp_test:12,1,neuraltextures,resize075_then_h264_crf30,0.4268752336502075,0.4268752336502075,0
trimoe,three_domain_moe,570,original_faces_c23/552,ffpp_test:47,0,real,resize075_then_h264_crf30,0.4566105008125305,0.4566105008125305,0
trimoe,three_domain_moe,571,original_faces_c23/851,ffpp_test:47,0,real,resize075_then_h264_crf30,0.7797567248344421,0.7797567248344421,1
trimoe,three_domain_moe,572,deepfakes_faces_c23/552_851,ffpp_test:47,1,deepfakes,resize075_then_h264_crf30,0.7324668765068054,0.7324668765068054,1
trimoe,three_domain_moe,573,deepfakes_faces_c23/851_552,ffpp_test:47,1,deepfakes,resize075_then_h264_crf30,0.5032623410224915,0.5032623410224915,0
trimoe,three_domain_moe,574,face2face_faces_c23/552_851,ffpp_test:47,1,face2face,resize075_then_h264_crf30,0.4033411741256714,0.4033411741256714,0
trimoe,three_domain_moe,575,face2face_faces_c23/851_552,ffpp_test:47,1,face2face,resize075_then_h264_crf30,0.813945472240448,0.813945472240448,1
trimoe,three_domain_moe,576,faceswap_faces_c23/552_851,ffpp_test:47,1,faceswap,resize075_then_h264_crf30,0.7008436918258667,0.7008436918258667,1
trimoe,three_domain_moe,577,faceswap_faces_c23/851_552,ffpp_test:47,1,faceswap,resize075_then_h264_crf30,0.818036675453186,0.818036675453186,1
trimoe,three_domain_moe,578,neuraltextures_faces_c23/552_851,ffpp_test:47,1,neuraltextures,resize075_then_h264_crf30,0.7794243097305298,0.7794243097305298,1
trimoe,three_domain_moe,579,neuraltextures_faces_c23/851_552,ffpp_test:47,1,neuraltextures,resize075_then_h264_crf30,0.8138362765312195,0.8138362765312195,1
trimoe,three_domain_moe,580,original_faces_c23/376,ffpp_test:31,0,real,resize075_then_h264_crf30,0.16404055058956146,0.16404055058956146,0
trimoe,three_domain_moe,581,original_faces_c23/381,ffpp_test:31,0,real,resize075_then_h264_crf30,0.2670370936393738,0.2670370936393738,0
trimoe,three_domain_moe,582,deepfakes_faces_c23/376_381,ffpp_test:31,1,deepfakes,resize075_then_h264_crf30,0.3838169574737549,0.3838169574737549,0
trimoe,three_domain_moe,583,deepfakes_faces_c23/381_376,ffpp_test:31,1,deepfakes,resize075_then_h264_crf30,0.6991291046142578,0.6991291046142578,1
trimoe,three_domain_moe,584,face2face_faces_c23/376_381,ffpp_test:31,1,face2face,resize075_then_h264_crf30,0.30418550968170166,0.30418550968170166,0
trimoe,three_domain_moe,585,face2face_faces_c23/381_376,ffpp_test:31,1,face2face,resize075_then_h264_crf30,0.4935566782951355,0.4935566782951355,1
trimoe,three_domain_moe,586,faceswap_faces_c23/376_381,ffpp_test:31,1,faceswap,resize075_then_h264_crf30,0.5761158466339111,0.5761158466339111,0
trimoe,three_domain_moe,587,faceswap_faces_c23/381_376,ffpp_test:31,1,faceswap,resize075_then_h264_crf30,0.51279616355896,0.51279616355896,0
trimoe,three_domain_moe,588,neuraltextures_faces_c23/376_381,ffpp_test:31,1,neuraltextures,resize075_then_h264_crf30,0.1903565227985382,0.1903565227985382,0
trimoe,three_domain_moe,589,neuraltextures_faces_c23/381_376,ffpp_test:31,1,neuraltextures,resize075_then_h264_crf30,0.42355555295944214,0.42355555295944214,1
trimoe,three_domain_moe,590,original_faces_c23/000,ffpp_test:0,0,real,resize075_then_h264_crf30,0.49301081895828247,0.49301081895828247,0
trimoe,three_domain_moe,591,original_faces_c23/003,ffpp_test:0,0,real,resize075_then_h264_crf30,0.22722041606903076,0.22722041606903076,0
trimoe,three_domain_moe,592,deepfakes_faces_c23/000_003,ffpp_test:0,1,deepfakes,resize075_then_h264_crf30,0.48284193873405457,0.48284193873405457,1
trimoe,three_domain_moe,593,deepfakes_faces_c23/003_000,ffpp_test:0,1,deepfakes,resize075_then_h264_crf30,0.43569692969322205,0.43569692969322205,0
trimoe,three_domain_moe,594,face2face_faces_c23/000_003,ffpp_test:0,1,face2face,resize075_then_h264_crf30,0.768108069896698,0.768108069896698,1
trimoe,three_domain_moe,595,face2face_faces_c23/003_000,ffpp_test:0,1,face2face,resize075_then_h264_crf30,0.3939967751502991,0.3939967751502991,0
trimoe,three_domain_moe,596,faceswap_faces_c23/000_003,ffpp_test:0,1,faceswap,resize075_then_h264_crf30,0.8112192153930664,0.8112192153930664,1
trimoe,three_domain_moe,597,faceswap_faces_c23/003_000,ffpp_test:0,1,faceswap,resize075_then_h264_crf30,0.24248765408992767,0.24248765408992767,0
trimoe,three_domain_moe,598,neuraltextures_faces_c23/000_003,ffpp_test:0,1,neuraltextures,resize075_then_h264_crf30,0.477558434009552,0.477558434009552,1
trimoe,three_domain_moe,599,neuraltextures_faces_c23/003_000,ffpp_test:0,1,neuraltextures,resize075_then_h264_crf30,0.3811318278312683,0.3811318278312683,0
trimoe,three_domain_moe,600,original_faces_c23/048,ffpp_test:4,0,real,resize075_then_h264_crf30,0.2111881971359253,0.2111881971359253,0
trimoe,three_domain_moe,601,original_faces_c23/029,ffpp_test:4,0,real,resize075_then_h264_crf30,0.5667445659637451,0.5667445659637451,1
trimoe,three_domain_moe,602,deepfakes_faces_c23/048_029,ffpp_test:4,1,deepfakes,resize075_then_h264_crf30,0.728083074092865,0.728083074092865,1
trimoe,three_domain_moe,603,deepfakes_faces_c23/029_048,ffpp_test:4,1,deepfakes,resize075_then_h264_crf30,0.5511902570724487,0.5511902570724487,1
trimoe,three_domain_moe,604,face2face_faces_c23/048_029,ffpp_test:4,1,face2face,resize075_then_h264_crf30,0.3709602355957031,0.3709602355957031,1
trimoe,three_domain_moe,605,face2face_faces_c23/029_048,ffpp_test:4,1,face2face,resize075_then_h264_crf30,0.4200283885002136,0.4200283885002136,1
trimoe,three_domain_moe,606,faceswap_faces_c23/048_029,ffpp_test:4,1,faceswap,resize075_then_h264_crf30,0.6602967977523804,0.6602967977523804,1
trimoe,three_domain_moe,607,faceswap_faces_c23/029_048,ffpp_test:4,1,faceswap,resize075_then_h264_crf30,0.7174749374389648,0.7174749374389648,1
trimoe,three_domain_moe,608,neuraltextures_faces_c23/048_029,ffpp_test:4,1,neuraltextures,resize075_then_h264_crf30,0.4646837115287781,0.4646837115287781,1
trimoe,three_domain_moe,609,neuraltextures_faces_c23/029_048,ffpp_test:4,1,neuraltextures,resize075_then_h264_crf30,0.4589313864707947,0.4589313864707947,1
trimoe,three_domain_moe,610,original_faces_c23/724,ffpp_test:59,0,real,resize075_then_h264_crf30,0.2703041732311249,0.2703041732311249,0
trimoe,three_domain_moe,611,original_faces_c23/725,ffpp_test:59,0,real,resize075_then_h264_crf30,0.7292238473892212,0.7292238473892212,1
trimoe,three_domain_moe,612,deepfakes_faces_c23/724_725,ffpp_test:59,1,deepfakes,resize075_then_h264_crf30,0.7015137672424316,0.7015137672424316,1
trimoe,three_domain_moe,613,deepfakes_faces_c23/725_724,ffpp_test:59,1,deepfakes,resize075_then_h264_crf30,0.41348108649253845,0.41348108649253845,0
trimoe,three_domain_moe,614,face2face_faces_c23/724_725,ffpp_test:59,1,face2face,resize075_then_h264_crf30,0.4758215546607971,0.4758215546607971,0
trimoe,three_domain_moe,615,face2face_faces_c23/725_724,ffpp_test:59,1,face2face,resize075_then_h264_crf30,0.7943717837333679,0.7943717837333679,1
trimoe,three_domain_moe,616,faceswap_faces_c23/724_725,ffpp_test:59,1,faceswap,resize075_then_h264_crf30,0.580455482006073,0.580455482006073,0
trimoe,three_domain_moe,617,faceswap_faces_c23/725_724,ffpp_test:59,1,faceswap,resize075_then_h264_crf30,0.7069231867790222,0.7069231867790222,1
trimoe,three_domain_moe,618,neuraltextures_faces_c23/724_725,ffpp_test:59,1,neuraltextures,resize075_then_h264_crf30,0.7985019087791443,0.7985019087791443,1
trimoe,three_domain_moe,619,neuraltextures_faces_c23/725_724,ffpp_test:59,1,neuraltextures,resize075_then_h264_crf30,0.7292212843894958,0.7292212843894958,1
trimoe,three_domain_moe,620,original_faces_c23/608,ffpp_test:50,0,real,resize075_then_h264_crf30,0.369038462638855,0.369038462638855,0
trimoe,three_domain_moe,621,original_faces_c23/675,ffpp_test:50,0,real,resize075_then_h264_crf30,0.3782561719417572,0.3782561719417572,0
trimoe,three_domain_moe,622,deepfakes_faces_c23/608_675,ffpp_test:50,1,deepfakes,resize075_then_h264_crf30,0.5086557865142822,0.5086557865142822,0
trimoe,three_domain_moe,623,deepfakes_faces_c23/675_608,ffpp_test:50,1,deepfakes,resize075_then_h264_crf30,0.5855568051338196,0.5855568051338196,0
trimoe,three_domain_moe,624,face2face_faces_c23/608_675,ffpp_test:50,1,face2face,resize075_then_h264_crf30,0.499594509601593,0.499594509601593,0
trimoe,three_domain_moe,625,face2face_faces_c23/675_608,ffpp_test:50,1,face2face,resize075_then_h264_crf30,0.46650558710098267,0.46650558710098267,0
trimoe,three_domain_moe,626,faceswap_faces_c23/608_675,ffpp_test:50,1,faceswap,resize075_then_h264_crf30,0.8007079362869263,0.8007079362869263,1
trimoe,three_domain_moe,627,faceswap_faces_c23/675_608,ffpp_test:50,1,faceswap,resize075_then_h264_crf30,0.49428892135620117,0.49428892135620117,0
trimoe,three_domain_moe,628,neuraltextures_faces_c23/608_675,ffpp_test:50,1,neuraltextures,resize075_then_h264_crf30,0.5033364295959473,0.5033364295959473,0
trimoe,three_domain_moe,629,neuraltextures_faces_c23/675_608,ffpp_test:50,1,neuraltextures,resize075_then_h264_crf30,0.2206556499004364,0.2206556499004364,0
trimoe,three_domain_moe,630,original_faces_c23/386,ffpp_test:14,0,real,resize075_then_h264_crf30,0.3265763521194458,0.3265763521194458,0
trimoe,three_domain_moe,631,original_faces_c23/154,ffpp_test:14,0,real,resize075_then_h264_crf30,0.4793334901332855,0.4793334901332855,1
trimoe,three_domain_moe,632,deepfakes_faces_c23/386_154,ffpp_test:14,1,deepfakes,resize075_then_h264_crf30,0.7835859060287476,0.7835859060287476,1
trimoe,three_domain_moe,633,deepfakes_faces_c23/154_386,ffpp_test:14,1,deepfakes,resize075_then_h264_crf30,0.4087054431438446,0.4087054431438446,0
trimoe,three_domain_moe,634,face2face_faces_c23/386_154,ffpp_test:14,1,face2face,resize075_then_h264_crf30,0.25071078538894653,0.25071078538894653,0
trimoe,three_domain_moe,635,face2face_faces_c23/154_386,ffpp_test:14,1,face2face,resize075_then_h264_crf30,0.476541131734848,0.476541131734848,1
trimoe,three_domain_moe,636,faceswap_faces_c23/386_154,ffpp_test:14,1,faceswap,resize075_then_h264_crf30,0.46469026803970337,0.46469026803970337,0
trimoe,three_domain_moe,637,faceswap_faces_c23/154_386,ffpp_test:14,1,faceswap,resize075_then_h264_crf30,0.4605892598628998,0.4605892598628998,1
trimoe,three_domain_moe,638,neuraltextures_faces_c23/386_154,ffpp_test:14,1,neuraltextures,resize075_then_h264_crf30,0.46919143199920654,0.46919143199920654,0
trimoe,three_domain_moe,639,neuraltextures_faces_c23/154_386,ffpp_test:14,1,neuraltextures,resize075_then_h264_crf30,0.46152931451797485,0.46152931451797485,1
trimoe,three_domain_moe,640,original_faces_c23/220,ffpp_test:20,0,real,resize075_then_h264_crf30,0.45689091086387634,0.45689091086387634,1
trimoe,three_domain_moe,641,original_faces_c23/219,ffpp_test:20,0,real,resize075_then_h264_crf30,0.4731663465499878,0.4731663465499878,0
trimoe,three_domain_moe,642,deepfakes_faces_c23/220_219,ffpp_test:20,1,deepfakes,resize075_then_h264_crf30,0.33695608377456665,0.33695608377456665,0
trimoe,three_domain_moe,643,deepfakes_faces_c23/219_220,ffpp_test:20,1,deepfakes,resize075_then_h264_crf30,0.4478243589401245,0.4478243589401245,0
trimoe,three_domain_moe,644,face2face_faces_c23/220_219,ffpp_test:20,1,face2face,resize075_then_h264_crf30,0.789749801158905,0.789749801158905,1
trimoe,three_domain_moe,645,face2face_faces_c23/219_220,ffpp_test:20,1,face2face,resize075_then_h264_crf30,0.6422086954116821,0.6422086954116821,0
trimoe,three_domain_moe,646,faceswap_faces_c23/220_219,ffpp_test:20,1,faceswap,resize075_then_h264_crf30,0.6061745882034302,0.6061745882034302,1
trimoe,three_domain_moe,647,faceswap_faces_c23/219_220,ffpp_test:20,1,faceswap,resize075_then_h264_crf30,0.7220596671104431,0.7220596671104431,1
trimoe,three_domain_moe,648,neuraltextures_faces_c23/220_219,ffpp_test:20,1,neuraltextures,resize075_then_h264_crf30,0.656960129737854,0.656960129737854,1
trimoe,three_domain_moe,649,neuraltextures_faces_c23/219_220,ffpp_test:20,1,neuraltextures,resize075_then_h264_crf30,0.7419600486755371,0.7419600486755371,1
trimoe,three_domain_moe,650,original_faces_c23/801,ffpp_test:63,0,real,resize075_then_h264_crf30,0.4581547677516937,0.4581547677516937,1
trimoe,three_domain_moe,651,original_faces_c23/855,ffpp_test:63,0,real,resize075_then_h264_crf30,0.3197977542877197,0.3197977542877197,0
trimoe,three_domain_moe,652,deepfakes_faces_c23/801_855,ffpp_test:63,1,deepfakes,resize075_then_h264_crf30,0.8054088950157166,0.8054088950157166,1
trimoe,three_domain_moe,653,deepfakes_faces_c23/855_801,ffpp_test:63,1,deepfakes,resize075_then_h264_crf30,0.4604698419570923,0.4604698419570923,1
trimoe,three_domain_moe,654,face2face_faces_c23/801_855,ffpp_test:63,1,face2face,resize075_then_h264_crf30,0.8204331398010254,0.8204331398010254,1
trimoe,three_domain_moe,655,face2face_faces_c23/855_801,ffpp_test:63,1,face2face,resize075_then_h264_crf30,0.7812784910202026,0.7812784910202026,1
trimoe,three_domain_moe,656,faceswap_faces_c23/801_855,ffpp_test:63,1,faceswap,resize075_then_h264_crf30,0.7705678939819336,0.7705678939819336,1
trimoe,three_domain_moe,657,faceswap_faces_c23/855_801,ffpp_test:63,1,faceswap,resize075_then_h264_crf30,0.3538745045661926,0.3538745045661926,0
trimoe,three_domain_moe,658,neuraltextures_faces_c23/801_855,ffpp_test:63,1,neuraltextures,resize075_then_h264_crf30,0.8200315237045288,0.8200315237045288,1
trimoe,three_domain_moe,659,neuraltextures_faces_c23/855_801,ffpp_test:63,1,neuraltextures,resize075_then_h264_crf30,0.7071316242218018,0.7071316242218018,1
trimoe,three_domain_moe,660,original_faces_c23/161,ffpp_test:13,0,real,resize075_then_h264_crf30,0.2564888894557953,0.2564888894557953,0
trimoe,three_domain_moe,661,original_faces_c23/141,ffpp_test:13,0,real,resize075_then_h264_crf30,0.4968416392803192,0.4968416392803192,0
trimoe,three_domain_moe,662,deepfakes_faces_c23/161_141,ffpp_test:13,1,deepfakes,resize075_then_h264_crf30,0.4389306902885437,0.4389306902885437,1
trimoe,three_domain_moe,663,deepfakes_faces_c23/141_161,ffpp_test:13,1,deepfakes,resize075_then_h264_crf30,0.46281978487968445,0.46281978487968445,0
trimoe,three_domain_moe,664,face2face_faces_c23/161_141,ffpp_test:13,1,face2face,resize075_then_h264_crf30,0.43366560339927673,0.43366560339927673,1
trimoe,three_domain_moe,665,face2face_faces_c23/141_161,ffpp_test:13,1,face2face,resize075_then_h264_crf30,0.48584020137786865,0.48584020137786865,0
trimoe,three_domain_moe,666,faceswap_faces_c23/161_141,ffpp_test:13,1,faceswap,resize075_then_h264_crf30,0.5677523612976074,0.5677523612976074,1
trimoe,three_domain_moe,667,faceswap_faces_c23/141_161,ffpp_test:13,1,faceswap,resize075_then_h264_crf30,0.7606849670410156,0.7606849670410156,1
trimoe,three_domain_moe,668,neuraltextures_faces_c23/161_141,ffpp_test:13,1,neuraltextures,resize075_then_h264_crf30,0.30040526390075684,0.30040526390075684,0
trimoe,three_domain_moe,669,neuraltextures_faces_c23/141_161,ffpp_test:13,1,neuraltextures,resize075_then_h264_crf30,0.4775204360485077,0.4775204360485077,0
trimoe,three_domain_moe,670,original_faces_c23/949,ffpp_test:66,0,real,resize075_then_h264_crf30,0.24209830164909363,0.24209830164909363,0
trimoe,three_domain_moe,671,original_faces_c23/868,ffpp_test:66,0,real,resize075_then_h264_crf30,0.46747827529907227,0.46747827529907227,0
trimoe,three_domain_moe,672,deepfakes_faces_c23/949_868,ffpp_test:66,1,deepfakes,resize075_then_h264_crf30,0.3459501266479492,0.3459501266479492,0
trimoe,three_domain_moe,673,deepfakes_faces_c23/868_949,ffpp_test:66,1,deepfakes,resize075_then_h264_crf30,0.7517168521881104,0.7517168521881104,1
trimoe,three_domain_moe,674,face2face_faces_c23/949_868,ffpp_test:66,1,face2face,resize075_then_h264_crf30,0.2677714228630066,0.2677714228630066,0
trimoe,three_domain_moe,675,face2face_faces_c23/868_949,ffpp_test:66,1,face2face,resize075_then_h264_crf30,0.4224097430706024,0.4224097430706024,0
trimoe,three_domain_moe,676,faceswap_faces_c23/949_868,ffpp_test:66,1,faceswap,resize075_then_h264_crf30,0.4579188823699951,0.4579188823699951,0
trimoe,three_domain_moe,677,faceswap_faces_c23/868_949,ffpp_test:66,1,faceswap,resize075_then_h264_crf30,0.6370105743408203,0.6370105743408203,0
trimoe,three_domain_moe,678,neuraltextures_faces_c23/949_868,ffpp_test:66,1,neuraltextures,resize075_then_h264_crf30,0.7080027461051941,0.7080027461051941,1
trimoe,three_domain_moe,679,neuraltextures_faces_c23/868_949,ffpp_test:66,1,neuraltextures,resize075_then_h264_crf30,0.5109687447547913,0.5109687447547913,0
trimoe,three_domain_moe,680,original_faces_c23/880,ffpp_test:11,0,real,resize075_then_h264_crf30,0.4756656289100647,0.4756656289100647,0
trimoe,three_domain_moe,681,original_faces_c23/135,ffpp_test:11,0,real,resize075_then_h264_crf30,0.32830187678337097,0.32830187678337097,0
trimoe,three_domain_moe,682,deepfakes_faces_c23/880_135,ffpp_test:11,1,deepfakes,resize075_then_h264_crf30,0.4415299594402313,0.4415299594402313,0
trimoe,three_domain_moe,683,deepfakes_faces_c23/135_880,ffpp_test:11,1,deepfakes,resize075_then_h264_crf30,0.8214894533157349,0.8214894533157349,1
trimoe,three_domain_moe,684,face2face_faces_c23/880_135,ffpp_test:11,1,face2face,resize075_then_h264_crf30,0.5023725032806396,0.5023725032806396,0
trimoe,three_domain_moe,685,face2face_faces_c23/135_880,ffpp_test:11,1,face2face,resize075_then_h264_crf30,0.7155324816703796,0.7155324816703796,1
trimoe,three_domain_moe,686,faceswap_faces_c23/880_135,ffpp_test:11,1,faceswap,resize075_then_h264_crf30,0.4772551655769348,0.4772551655769348,0
trimoe,three_domain_moe,687,faceswap_faces_c23/135_880,ffpp_test:11,1,faceswap,resize075_then_h264_crf30,0.8205754160881042,0.8205754160881042,1
trimoe,three_domain_moe,688,neuraltextures_faces_c23/880_135,ffpp_test:11,1,neuraltextures,resize075_then_h264_crf30,0.5040338039398193,0.5040338039398193,0
trimoe,three_domain_moe,689,neuraltextures_faces_c23/135_880,ffpp_test:11,1,neuraltextures,resize075_then_h264_crf30,0.48300838470458984,0.48300838470458984,1
trimoe,three_domain_moe,690,original_faces_c23/429,ffpp_test:35,0,real,resize075_then_h264_crf30,0.299979567527771,0.299979567527771,0
trimoe,three_domain_moe,691,original_faces_c23/404,ffpp_test:35,0,real,resize075_then_h264_crf30,0.2576155662536621,0.2576155662536621,0
trimoe,three_domain_moe,692,deepfakes_faces_c23/429_404,ffpp_test:35,1,deepfakes,resize075_then_h264_crf30,0.6849226951599121,0.6849226951599121,1
trimoe,three_domain_moe,693,deepfakes_faces_c23/404_429,ffpp_test:35,1,deepfakes,resize075_then_h264_crf30,0.46259593963623047,0.46259593963623047,1
trimoe,three_domain_moe,694,face2face_faces_c23/429_404,ffpp_test:35,1,face2face,resize075_then_h264_crf30,0.4314384460449219,0.4314384460449219,0
trimoe,three_domain_moe,695,face2face_faces_c23/404_429,ffpp_test:35,1,face2face,resize075_then_h264_crf30,0.7441309690475464,0.7441309690475464,1
trimoe,three_domain_moe,696,faceswap_faces_c23/429_404,ffpp_test:35,1,faceswap,resize075_then_h264_crf30,0.4776451289653778,0.4776451289653778,0
trimoe,three_domain_moe,697,faceswap_faces_c23/404_429,ffpp_test:35,1,faceswap,resize075_then_h264_crf30,0.3642374873161316,0.3642374873161316,0
trimoe,three_domain_moe,698,neuraltextures_faces_c23/429_404,ffpp_test:35,1,neuraltextures,resize075_then_h264_crf30,0.5552382469177246,0.5552382469177246,0
trimoe,three_domain_moe,699,neuraltextures_faces_c23/404_429,ffpp_test:35,1,neuraltextures,resize075_then_h264_crf30,0.4241686463356018,0.4241686463356018,0
trimoe,three_domain_moe,0,original_faces_c23/953,ffpp_test:68,0,real,h264_crf30_then_resize075,0.3476892411708832,0.3476892411708832,0
trimoe,three_domain_moe,1,original_faces_c23/974,ffpp_test:68,0,real,h264_crf30_then_resize075,0.45618563890457153,0.45618563890457153,0
trimoe,three_domain_moe,2,deepfakes_faces_c23/953_974,ffpp_test:68,1,deepfakes,h264_crf30_then_resize075,0.816342830657959,0.816342830657959,1
trimoe,three_domain_moe,3,deepfakes_faces_c23/974_953,ffpp_test:68,1,deepfakes,h264_crf30_then_resize075,0.4832330644130707,0.4832330644130707,0
trimoe,three_domain_moe,4,face2face_faces_c23/953_974,ffpp_test:68,1,face2face,h264_crf30_then_resize075,0.4455105662345886,0.4455105662345886,0
trimoe,three_domain_moe,5,face2face_faces_c23/974_953,ffpp_test:68,1,face2face,h264_crf30_then_resize075,0.8096181750297546,0.8096181750297546,1
trimoe,three_domain_moe,6,faceswap_faces_c23/953_974,ffpp_test:68,1,faceswap,h264_crf30_then_resize075,0.6737514734268188,0.6737514734268188,1
trimoe,three_domain_moe,7,faceswap_faces_c23/974_953,ffpp_test:68,1,faceswap,h264_crf30_then_resize075,0.48813626170158386,0.48813626170158386,0
trimoe,three_domain_moe,8,neuraltextures_faces_c23/953_974,ffpp_test:68,1,neuraltextures,h264_crf30_then_resize075,0.5687835812568665,0.5687835812568665,0
trimoe,three_domain_moe,9,neuraltextures_faces_c23/974_953,ffpp_test:68,1,neuraltextures,h264_crf30_then_resize075,0.4901941418647766,0.4901941418647766,0
trimoe,three_domain_moe,10,original_faces_c23/012,ffpp_test:1,0,real,h264_crf30_then_resize075,0.4472026824951172,0.4472026824951172,1
trimoe,three_domain_moe,11,original_faces_c23/026,ffpp_test:1,0,real,h264_crf30_then_resize075,0.39508432149887085,0.39508432149887085,1
trimoe,three_domain_moe,12,deepfakes_faces_c23/012_026,ffpp_test:1,1,deepfakes,h264_crf30_then_resize075,0.315037339925766,0.315037339925766,0
trimoe,three_domain_moe,13,deepfakes_faces_c23/026_012,ffpp_test:1,1,deepfakes,h264_crf30_then_resize075,0.7880544066429138,0.7880544066429138,1
trimoe,three_domain_moe,14,face2face_faces_c23/012_026,ffpp_test:1,1,face2face,h264_crf30_then_resize075,0.463430255651474,0.463430255651474,1
trimoe,three_domain_moe,15,face2face_faces_c23/026_012,ffpp_test:1,1,face2face,h264_crf30_then_resize075,0.4705895781517029,0.4705895781517029,1
trimoe,three_domain_moe,16,faceswap_faces_c23/012_026,ffpp_test:1,1,faceswap,h264_crf30_then_resize075,0.4688008725643158,0.4688008725643158,1
trimoe,three_domain_moe,17,faceswap_faces_c23/026_012,ffpp_test:1,1,faceswap,h264_crf30_then_resize075,0.7439497709274292,0.7439497709274292,1
trimoe,three_domain_moe,18,neuraltextures_faces_c23/012_026,ffpp_test:1,1,neuraltextures,h264_crf30_then_resize075,0.7904803156852722,0.7904803156852722,1
trimoe,three_domain_moe,19,neuraltextures_faces_c23/026_012,ffpp_test:1,1,neuraltextures,h264_crf30_then_resize075,0.46514567732810974,0.46514567732810974,1
trimoe,three_domain_moe,20,original_faces_c23/078,ffpp_test:8,0,real,h264_crf30_then_resize075,0.5081496238708496,0.5081496238708496,0
trimoe,three_domain_moe,21,original_faces_c23/955,ffpp_test:8,0,real,h264_crf30_then_resize075,0.7702734470367432,0.7702734470367432,1
trimoe,three_domain_moe,22,deepfakes_faces_c23/078_955,ffpp_test:8,1,deepfakes,h264_crf30_then_resize075,0.8226006031036377,0.8226006031036377,1
trimoe,three_domain_moe,23,deepfakes_faces_c23/955_078,ffpp_test:8,1,deepfakes,h264_crf30_then_resize075,0.4376983642578125,0.4376983642578125,1
trimoe,three_domain_moe,24,face2face_faces_c23/078_955,ffpp_test:8,1,face2face,h264_crf30_then_resize075,0.79515540599823,0.79515540599823,1
trimoe,three_domain_moe,25,face2face_faces_c23/955_078,ffpp_test:8,1,face2face,h264_crf30_then_resize075,0.8081850409507751,0.8081850409507751,1
trimoe,three_domain_moe,26,faceswap_faces_c23/078_955,ffpp_test:8,1,faceswap,h264_crf30_then_resize075,0.8069484233856201,0.8069484233856201,1
trimoe,three_domain_moe,27,faceswap_faces_c23/955_078,ffpp_test:8,1,faceswap,h264_crf30_then_resize075,0.805475652217865,0.805475652217865,1
trimoe,three_domain_moe,28,neuraltextures_faces_c23/078_955,ffpp_test:8,1,neuraltextures,h264_crf30_then_resize075,0.46721404790878296,0.46721404790878296,0
trimoe,three_domain_moe,29,neuraltextures_faces_c23/955_078,ffpp_test:8,1,neuraltextures,h264_crf30_then_resize075,0.8153131008148193,0.8153131008148193,1
trimoe,three_domain_moe,30,original_faces_c23/623,ffpp_test:51,0,real,h264_crf30_then_resize075,0.3589439392089844,0.3589439392089844,0
trimoe,three_domain_moe,31,original_faces_c23/630,ffpp_test:51,0,real,h264_crf30_then_resize075,0.46563076972961426,0.46563076972961426,0
trimoe,three_domain_moe,32,deepfakes_faces_c23/623_630,ffpp_test:51,1,deepfakes,h264_crf30_then_resize075,0.34886571764945984,0.34886571764945984,0
trimoe,three_domain_moe,33,deepfakes_faces_c23/630_623,ffpp_test:51,1,deepfakes,h264_crf30_then_resize075,0.4224076271057129,0.4224076271057129,0
trimoe,three_domain_moe,34,face2face_faces_c23/623_630,ffpp_test:51,1,face2face,h264_crf30_then_resize075,0.48750925064086914,0.48750925064086914,0
trimoe,three_domain_moe,35,face2face_faces_c23/630_623,ffpp_test:51,1,face2face,h264_crf30_then_resize075,0.7932533621788025,0.7932533621788025,1
trimoe,three_domain_moe,36,faceswap_faces_c23/623_630,ffpp_test:51,1,faceswap,h264_crf30_then_resize075,0.6958248615264893,0.6958248615264893,1
trimoe,three_domain_moe,37,faceswap_faces_c23/630_623,ffpp_test:51,1,faceswap,h264_crf30_then_resize075,0.6778306365013123,0.6778306365013123,1
trimoe,three_domain_moe,38,neuraltextures_faces_c23/623_630,ffpp_test:51,1,neuraltextures,h264_crf30_then_resize075,0.3915928304195404,0.3915928304195404,0
trimoe,three_domain_moe,39,neuraltextures_faces_c23/630_623,ffpp_test:51,1,neuraltextures,h264_crf30_then_resize075,0.4964974820613861,0.4964974820613861,0
trimoe,three_domain_moe,40,original_faces_c23/919,ffpp_test:2,0,real,h264_crf30_then_resize075,0.4845695197582245,0.4845695197582245,0
trimoe,three_domain_moe,41,original_faces_c23/015,ffpp_test:2,0,real,h264_crf30_then_resize075,0.4741935729980469,0.4741935729980469,0
trimoe,three_domain_moe,42,deepfakes_faces_c23/919_015,ffpp_test:2,1,deepfakes,h264_crf30_then_resize075,0.47274500131607056,0.47274500131607056,0
trimoe,three_domain_moe,43,deepfakes_faces_c23/015_919,ffpp_test:2,1,deepfakes,h264_crf30_then_resize075,0.4306985139846802,0.4306985139846802,0
trimoe,three_domain_moe,44,face2face_faces_c23/919_015,ffpp_test:2,1,face2face,h264_crf30_then_resize075,0.8185786604881287,0.8185786604881287,1
trimoe,three_domain_moe,45,face2face_faces_c23/015_919,ffpp_test:2,1,face2face,h264_crf30_then_resize075,0.4925880432128906,0.4925880432128906,0
trimoe,three_domain_moe,46,faceswap_faces_c23/919_015,ffpp_test:2,1,faceswap,h264_crf30_then_resize075,0.48147183656692505,0.48147183656692505,0
trimoe,three_domain_moe,47,faceswap_faces_c23/015_919,ffpp_test:2,1,faceswap,h264_crf30_then_resize075,0.48877620697021484,0.48877620697021484,0
trimoe,three_domain_moe,48,neuraltextures_faces_c23/919_015,ffpp_test:2,1,neuraltextures,h264_crf30_then_resize075,0.5101408958435059,0.5101408958435059,0
trimoe,three_domain_moe,49,neuraltextures_faces_c23/015_919,ffpp_test:2,1,neuraltextures,h264_crf30_then_resize075,0.7378361225128174,0.7378361225128174,1
trimoe,three_domain_moe,50,original_faces_c23/367,ffpp_test:30,0,real,h264_crf30_then_resize075,0.47059953212738037,0.47059953212738037,0
trimoe,three_domain_moe,51,original_faces_c23/371,ffpp_test:30,0,real,h264_crf30_then_resize075,0.47381696105003357,0.47381696105003357,0
trimoe,three_domain_moe,52,deepfakes_faces_c23/367_371,ffpp_test:30,1,deepfakes,h264_crf30_then_resize075,0.46739888191223145,0.46739888191223145,0
trimoe,three_domain_moe,53,deepfakes_faces_c23/371_367,ffpp_test:30,1,deepfakes,h264_crf30_then_resize075,0.7964038848876953,0.7964038848876953,1
trimoe,three_domain_moe,54,face2face_faces_c23/367_371,ffpp_test:30,1,face2face,h264_crf30_then_resize075,0.5280722975730896,0.5280722975730896,0
trimoe,three_domain_moe,55,face2face_faces_c23/371_367,ffpp_test:30,1,face2face,h264_crf30_then_resize075,0.8039159774780273,0.8039159774780273,1
trimoe,three_domain_moe,56,faceswap_faces_c23/367_371,ffpp_test:30,1,faceswap,h264_crf30_then_resize075,0.7820889353752136,0.7820889353752136,1
trimoe,three_domain_moe,57,faceswap_faces_c23/371_367,ffpp_test:30,1,faceswap,h264_crf30_then_resize075,0.4931705892086029,0.4931705892086029,0
trimoe,three_domain_moe,58,neuraltextures_faces_c23/367_371,ffpp_test:30,1,neuraltextures,h264_crf30_then_resize075,0.43371081352233887,0.43371081352233887,0
trimoe,three_domain_moe,59,neuraltextures_faces_c23/371_367,ffpp_test:30,1,neuraltextures,h264_crf30_then_resize075,0.8056620359420776,0.8056620359420776,1
trimoe,three_domain_moe,60,original_faces_c23/847,ffpp_test:65,0,real,h264_crf30_then_resize075,0.34464284777641296,0.34464284777641296,0
trimoe,three_domain_moe,61,original_faces_c23/906,ffpp_test:65,0,real,h264_crf30_then_resize075,0.5015594363212585,0.5015594363212585,0
trimoe,three_domain_moe,62,deepfakes_faces_c23/847_906,ffpp_test:65,1,deepfakes,h264_crf30_then_resize075,0.5214073657989502,0.5214073657989502,0
trimoe,three_domain_moe,63,deepfakes_faces_c23/906_847,ffpp_test:65,1,deepfakes,h264_crf30_then_resize075,0.8029401302337646,0.8029401302337646,1
trimoe,three_domain_moe,64,face2face_faces_c23/847_906,ffpp_test:65,1,face2face,h264_crf30_then_resize075,0.7921898365020752,0.7921898365020752,1
trimoe,three_domain_moe,65,face2face_faces_c23/906_847,ffpp_test:65,1,face2face,h264_crf30_then_resize075,0.7984387874603271,0.7984387874603271,1
trimoe,three_domain_moe,66,faceswap_faces_c23/847_906,ffpp_test:65,1,faceswap,h264_crf30_then_resize075,0.7970456480979919,0.7970456480979919,1
trimoe,three_domain_moe,67,faceswap_faces_c23/906_847,ffpp_test:65,1,faceswap,h264_crf30_then_resize075,0.8168343305587769,0.8168343305587769,1
trimoe,three_domain_moe,68,neuraltextures_faces_c23/847_906,ffpp_test:65,1,neuraltextures,h264_crf30_then_resize075,0.803770899772644,0.803770899772644,1
trimoe,three_domain_moe,69,neuraltextures_faces_c23/906_847,ffpp_test:65,1,neuraltextures,h264_crf30_then_resize075,0.8019801378250122,0.8019801378250122,1
trimoe,three_domain_moe,70,original_faces_c23/529,ffpp_test:46,0,real,h264_crf30_then_resize075,0.3482087254524231,0.3482087254524231,0
trimoe,three_domain_moe,71,original_faces_c23/633,ffpp_test:46,0,real,h264_crf30_then_resize075,0.4898800551891327,0.4898800551891327,0
trimoe,three_domain_moe,72,deepfakes_faces_c23/529_633,ffpp_test:46,1,deepfakes,h264_crf30_then_resize075,0.7216156721115112,0.7216156721115112,1
trimoe,three_domain_moe,73,deepfakes_faces_c23/633_529,ffpp_test:46,1,deepfakes,h264_crf30_then_resize075,0.42119869589805603,0.42119869589805603,0
trimoe,three_domain_moe,74,face2face_faces_c23/529_633,ffpp_test:46,1,face2face,h264_crf30_then_resize075,0.49513277411460876,0.49513277411460876,0
trimoe,three_domain_moe,75,face2face_faces_c23/633_529,ffpp_test:46,1,face2face,h264_crf30_then_resize075,0.500935971736908,0.500935971736908,0
trimoe,three_domain_moe,76,faceswap_faces_c23/529_633,ffpp_test:46,1,faceswap,h264_crf30_then_resize075,0.4994811713695526,0.4994811713695526,0
trimoe,three_domain_moe,77,faceswap_faces_c23/633_529,ffpp_test:46,1,faceswap,h264_crf30_then_resize075,0.8078919649124146,0.8078919649124146,1
trimoe,three_domain_moe,78,neuraltextures_faces_c23/529_633,ffpp_test:46,1,neuraltextures,h264_crf30_then_resize075,0.4186127185821533,0.4186127185821533,0
trimoe,three_domain_moe,79,neuraltextures_faces_c23/633_529,ffpp_test:46,1,neuraltextures,h264_crf30_then_resize075,0.4692540764808655,0.4692540764808655,0
trimoe,three_domain_moe,80,original_faces_c23/418,ffpp_test:36,0,real,h264_crf30_then_resize075,0.6605939269065857,0.6605939269065857,1
trimoe,three_domain_moe,81,original_faces_c23/507,ffpp_test:36,0,real,h264_crf30_then_resize075,0.772829532623291,0.772829532623291,1
trimoe,three_domain_moe,82,deepfakes_faces_c23/418_507,ffpp_test:36,1,deepfakes,h264_crf30_then_resize075,0.7018315196037292,0.7018315196037292,1
trimoe,three_domain_moe,83,deepfakes_faces_c23/507_418,ffpp_test:36,1,deepfakes,h264_crf30_then_resize075,0.8214210271835327,0.8214210271835327,1
trimoe,three_domain_moe,84,face2face_faces_c23/418_507,ffpp_test:36,1,face2face,h264_crf30_then_resize075,0.731278121471405,0.731278121471405,1
trimoe,three_domain_moe,85,face2face_faces_c23/507_418,ffpp_test:36,1,face2face,h264_crf30_then_resize075,0.6841205358505249,0.6841205358505249,1
trimoe,three_domain_moe,86,faceswap_faces_c23/418_507,ffpp_test:36,1,faceswap,h264_crf30_then_resize075,0.8201221823692322,0.8201221823692322,1
trimoe,three_domain_moe,87,faceswap_faces_c23/507_418,ffpp_test:36,1,faceswap,h264_crf30_then_resize075,0.6528174877166748,0.6528174877166748,1
trimoe,three_domain_moe,88,neuraltextures_faces_c23/418_507,ffpp_test:36,1,neuraltextures,h264_crf30_then_resize075,0.8051543235778809,0.8051543235778809,1
trimoe,three_domain_moe,89,neuraltextures_faces_c23/507_418,ffpp_test:36,1,neuraltextures,h264_crf30_then_resize075,0.6178879737854004,0.6178879737854004,0
trimoe,three_domain_moe,90,original_faces_c23/227,ffpp_test:16,0,real,h264_crf30_then_resize075,0.47388482093811035,0.47388482093811035,1
trimoe,three_domain_moe,91,original_faces_c23/169,ffpp_test:16,0,real,h264_crf30_then_resize075,0.4757232367992401,0.4757232367992401,1
trimoe,three_domain_moe,92,deepfakes_faces_c23/227_169,ffpp_test:16,1,deepfakes,h264_crf30_then_resize075,0.5238734483718872,0.5238734483718872,1
trimoe,three_domain_moe,93,deepfakes_faces_c23/169_227,ffpp_test:16,1,deepfakes,h264_crf30_then_resize075,0.4879179894924164,0.4879179894924164,1
trimoe,three_domain_moe,94,face2face_faces_c23/227_169,ffpp_test:16,1,face2face,h264_crf30_then_resize075,0.5010764002799988,0.5010764002799988,1
trimoe,three_domain_moe,95,face2face_faces_c23/169_227,ffpp_test:16,1,face2face,h264_crf30_then_resize075,0.49622654914855957,0.49622654914855957,1
trimoe,three_domain_moe,96,faceswap_faces_c23/227_169,ffpp_test:16,1,faceswap,h264_crf30_then_resize075,0.39802679419517517,0.39802679419517517,1
trimoe,three_domain_moe,97,faceswap_faces_c23/169_227,ffpp_test:16,1,faceswap,h264_crf30_then_resize075,0.49673041701316833,0.49673041701316833,1
trimoe,three_domain_moe,98,neuraltextures_faces_c23/227_169,ffpp_test:16,1,neuraltextures,h264_crf30_then_resize075,0.47303664684295654,0.47303664684295654,1
trimoe,three_domain_moe,99,neuraltextures_faces_c23/169_227,ffpp_test:16,1,neuraltextures,h264_crf30_then_resize075,0.45670270919799805,0.45670270919799805,1
trimoe,three_domain_moe,100,original_faces_c23/389,ffpp_test:33,0,real,h264_crf30_then_resize075,0.18457399308681488,0.18457399308681488,0
trimoe,three_domain_moe,101,original_faces_c23/480,ffpp_test:33,0,real,h264_crf30_then_resize075,0.47662580013275146,0.47662580013275146,0
trimoe,three_domain_moe,102,deepfakes_faces_c23/389_480,ffpp_test:33,1,deepfakes,h264_crf30_then_resize075,0.8060576319694519,0.8060576319694519,1
trimoe,three_domain_moe,103,deepfakes_faces_c23/480_389,ffpp_test:33,1,deepfakes,h264_crf30_then_resize075,0.5209991931915283,0.5209991931915283,0
trimoe,three_domain_moe,104,face2face_faces_c23/389_480,ffpp_test:33,1,face2face,h264_crf30_then_resize075,0.3729541003704071,0.3729541003704071,0
trimoe,three_domain_moe,105,face2face_faces_c23/480_389,ffpp_test:33,1,face2face,h264_crf30_then_resize075,0.7992516756057739,0.7992516756057739,1
trimoe,three_domain_moe,106,faceswap_faces_c23/389_480,ffpp_test:33,1,faceswap,h264_crf30_then_resize075,0.782197892665863,0.782197892665863,1
trimoe,three_domain_moe,107,faceswap_faces_c23/480_389,ffpp_test:33,1,faceswap,h264_crf30_then_resize075,0.5201209783554077,0.5201209783554077,0
trimoe,three_domain_moe,108,neuraltextures_faces_c23/389_480,ffpp_test:33,1,neuraltextures,h264_crf30_then_resize075,0.3705099821090698,0.3705099821090698,1
trimoe,three_domain_moe,109,neuraltextures_faces_c23/480_389,ffpp_test:33,1,neuraltextures,h264_crf30_then_resize075,0.7347034811973572,0.7347034811973572,1
trimoe,three_domain_moe,110,original_faces_c23/821,ffpp_test:64,0,real,h264_crf30_then_resize075,0.4328606128692627,0.4328606128692627,0
trimoe,three_domain_moe,111,original_faces_c23/812,ffpp_test:64,0,real,h264_crf30_then_resize075,0.4633995294570923,0.4633995294570923,1
trimoe,three_domain_moe,112,deepfakes_faces_c23/821_812,ffpp_test:64,1,deepfakes,h264_crf30_then_resize075,0.807778537273407,0.807778537273407,1
trimoe,three_domain_moe,113,deepfakes_faces_c23/812_821,ffpp_test:64,1,deepfakes,h264_crf30_then_resize075,0.7921549081802368,0.7921549081802368,1
trimoe,three_domain_moe,114,face2face_faces_c23/821_812,ffpp_test:64,1,face2face,h264_crf30_then_resize075,0.7958621978759766,0.7958621978759766,1
trimoe,three_domain_moe,115,face2face_faces_c23/812_821,ffpp_test:64,1,face2face,h264_crf30_then_resize075,0.6925002932548523,0.6925002932548523,1
trimoe,three_domain_moe,116,faceswap_faces_c23/821_812,ffpp_test:64,1,faceswap,h264_crf30_then_resize075,0.7604176998138428,0.7604176998138428,1
trimoe,three_domain_moe,117,faceswap_faces_c23/812_821,ffpp_test:64,1,faceswap,h264_crf30_then_resize075,0.49335694313049316,0.49335694313049316,0
trimoe,three_domain_moe,118,neuraltextures_faces_c23/821_812,ffpp_test:64,1,neuraltextures,h264_crf30_then_resize075,0.8131300210952759,0.8131300210952759,1
trimoe,three_domain_moe,119,neuraltextures_faces_c23/812_821,ffpp_test:64,1,neuraltextures,h264_crf30_then_resize075,0.7700963020324707,0.7700963020324707,1
trimoe,three_domain_moe,120,original_faces_c23/670,ffpp_test:54,0,real,h264_crf30_then_resize075,0.6014021635055542,0.6014021635055542,1
trimoe,three_domain_moe,121,original_faces_c23/661,ffpp_test:54,0,real,h264_crf30_then_resize075,0.4787282347679138,0.4787282347679138,0
trimoe,three_domain_moe,122,deepfakes_faces_c23/670_661,ffpp_test:54,1,deepfakes,h264_crf30_then_resize075,0.789806604385376,0.789806604385376,1
trimoe,three_domain_moe,123,deepfakes_faces_c23/661_670,ffpp_test:54,1,deepfakes,h264_crf30_then_resize075,0.42450281977653503,0.42450281977653503,0
trimoe,three_domain_moe,124,face2face_faces_c23/670_661,ffpp_test:54,1,face2face,h264_crf30_then_resize075,0.8001877069473267,0.8001877069473267,1
trimoe,three_domain_moe,125,face2face_faces_c23/661_670,ffpp_test:54,1,face2face,h264_crf30_then_resize075,0.7645432353019714,0.7645432353019714,1
trimoe,three_domain_moe,126,faceswap_faces_c23/670_661,ffpp_test:54,1,faceswap,h264_crf30_then_resize075,0.7164468169212341,0.7164468169212341,1
trimoe,three_domain_moe,127,faceswap_faces_c23/661_670,ffpp_test:54,1,faceswap,h264_crf30_then_resize075,0.7955660820007324,0.7955660820007324,1
trimoe,three_domain_moe,128,neuraltextures_faces_c23/670_661,ffpp_test:54,1,neuraltextures,h264_crf30_then_resize075,0.7674208879470825,0.7674208879470825,1
trimoe,three_domain_moe,129,neuraltextures_faces_c23/661_670,ffpp_test:54,1,neuraltextures,h264_crf30_then_resize075,0.7731093168258667,0.7731093168258667,1
trimoe,three_domain_moe,130,original_faces_c23/158,ffpp_test:15,0,real,h264_crf30_then_resize075,0.37037527561187744,0.37037527561187744,0
trimoe,three_domain_moe,131,original_faces_c23/379,ffpp_test:15,0,real,h264_crf30_then_resize075,0.41521698236465454,0.41521698236465454,0
trimoe,three_domain_moe,132,deepfakes_faces_c23/158_379,ffpp_test:15,1,deepfakes,h264_crf30_then_resize075,0.3745453953742981,0.3745453953742981,0
trimoe,three_domain_moe,133,deepfakes_faces_c23/379_158,ffpp_test:15,1,deepfakes,h264_crf30_then_resize075,0.4539353847503662,0.4539353847503662,0
trimoe,three_domain_moe,134,face2face_faces_c23/158_379,ffpp_test:15,1,face2face,h264_crf30_then_resize075,0.3927921652793884,0.3927921652793884,0
trimoe,three_domain_moe,135,face2face_faces_c23/379_158,ffpp_test:15,1,face2face,h264_crf30_then_resize075,0.4540647268295288,0.4540647268295288,0
trimoe,three_domain_moe,136,faceswap_faces_c23/158_379,ffpp_test:15,1,faceswap,h264_crf30_then_resize075,0.45190438628196716,0.45190438628196716,0
trimoe,three_domain_moe,137,faceswap_faces_c23/379_158,ffpp_test:15,1,faceswap,h264_crf30_then_resize075,0.46121883392333984,0.46121883392333984,1
trimoe,three_domain_moe,138,neuraltextures_faces_c23/158_379,ffpp_test:15,1,neuraltextures,h264_crf30_then_resize075,0.7652024030685425,0.7652024030685425,1
trimoe,three_domain_moe,139,neuraltextures_faces_c23/379_158,ffpp_test:15,1,neuraltextures,h264_crf30_then_resize075,0.42429086565971375,0.42429086565971375,0
trimoe,three_domain_moe,140,original_faces_c23/423,ffpp_test:37,0,real,h264_crf30_then_resize075,0.3777250051498413,0.3777250051498413,0
trimoe,three_domain_moe,141,original_faces_c23/421,ffpp_test:37,0,real,h264_crf30_then_resize075,0.42596083879470825,0.42596083879470825,0
trimoe,three_domain_moe,142,deepfakes_faces_c23/423_421,ffpp_test:37,1,deepfakes,h264_crf30_then_resize075,0.5247744917869568,0.5247744917869568,0
trimoe,three_domain_moe,143,deepfakes_faces_c23/421_423,ffpp_test:37,1,deepfakes,h264_crf30_then_resize075,0.4886915683746338,0.4886915683746338,0
trimoe,three_domain_moe,144,face2face_faces_c23/423_421,ffpp_test:37,1,face2face,h264_crf30_then_resize075,0.8164834380149841,0.8164834380149841,1
trimoe,three_domain_moe,145,face2face_faces_c23/421_423,ffpp_test:37,1,face2face,h264_crf30_then_resize075,0.7318944931030273,0.7318944931030273,1
trimoe,three_domain_moe,146,faceswap_faces_c23/423_421,ffpp_test:37,1,faceswap,h264_crf30_then_resize075,0.46651631593704224,0.46651631593704224,0
trimoe,three_domain_moe,147,faceswap_faces_c23/421_423,ffpp_test:37,1,faceswap,h264_crf30_then_resize075,0.49456509947776794,0.49456509947776794,0
trimoe,three_domain_moe,148,neuraltextures_faces_c23/423_421,ffpp_test:37,1,neuraltextures,h264_crf30_then_resize075,0.472296804189682,0.472296804189682,0
trimoe,three_domain_moe,149,neuraltextures_faces_c23/421_423,ffpp_test:37,1,neuraltextures,h264_crf30_then_resize075,0.7238420844078064,0.7238420844078064,1
trimoe,three_domain_moe,150,original_faces_c23/352,ffpp_test:28,0,real,h264_crf30_then_resize075,0.5311030149459839,0.5311030149459839,0
trimoe,three_domain_moe,151,original_faces_c23/319,ffpp_test:28,0,real,h264_crf30_then_resize075,0.7719222903251648,0.7719222903251648,1
trimoe,three_domain_moe,152,deepfakes_faces_c23/352_319,ffpp_test:28,1,deepfakes,h264_crf30_then_resize075,0.8071164488792419,0.8071164488792419,1
trimoe,three_domain_moe,153,deepfakes_faces_c23/319_352,ffpp_test:28,1,deepfakes,h264_crf30_then_resize075,0.8126389384269714,0.8126389384269714,1
trimoe,three_domain_moe,154,face2face_faces_c23/352_319,ffpp_test:28,1,face2face,h264_crf30_then_resize075,0.7879922389984131,0.7879922389984131,1
trimoe,three_domain_moe,155,face2face_faces_c23/319_352,ffpp_test:28,1,face2face,h264_crf30_then_resize075,0.8012748956680298,0.8012748956680298,1
trimoe,three_domain_moe,156,faceswap_faces_c23/352_319,ffpp_test:28,1,faceswap,h264_crf30_then_resize075,0.4733694791793823,0.4733694791793823,0
trimoe,three_domain_moe,157,faceswap_faces_c23/319_352,ffpp_test:28,1,faceswap,h264_crf30_then_resize075,0.7973009347915649,0.7973009347915649,1
trimoe,three_domain_moe,158,neuraltextures_faces_c23/352_319,ffpp_test:28,1,neuraltextures,h264_crf30_then_resize075,0.7943991422653198,0.7943991422653198,1
trimoe,three_domain_moe,159,neuraltextures_faces_c23/319_352,ffpp_test:28,1,neuraltextures,h264_crf30_then_resize075,0.7967526316642761,0.7967526316642761,1
trimoe,three_domain_moe,160,original_faces_c23/579,ffpp_test:48,0,real,h264_crf30_then_resize075,0.4931989908218384,0.4931989908218384,0
trimoe,three_domain_moe,161,original_faces_c23/701,ffpp_test:48,0,real,h264_crf30_then_resize075,0.503474235534668,0.503474235534668,1
trimoe,three_domain_moe,162,deepfakes_faces_c23/579_701,ffpp_test:48,1,deepfakes,h264_crf30_then_resize075,0.8198296427726746,0.8198296427726746,1
trimoe,three_domain_moe,163,deepfakes_faces_c23/701_579,ffpp_test:48,1,deepfakes,h264_crf30_then_resize075,0.723574161529541,0.723574161529541,1
trimoe,three_domain_moe,164,face2face_faces_c23/579_701,ffpp_test:48,1,face2face,h264_crf30_then_resize075,0.768316924571991,0.768316924571991,1
trimoe,three_domain_moe,165,face2face_faces_c23/701_579,ffpp_test:48,1,face2face,h264_crf30_then_resize075,0.8047105073928833,0.8047105073928833,1
trimoe,three_domain_moe,166,faceswap_faces_c23/579_701,ffpp_test:48,1,faceswap,h264_crf30_then_resize075,0.7666203379631042,0.7666203379631042,1
trimoe,three_domain_moe,167,faceswap_faces_c23/701_579,ffpp_test:48,1,faceswap,h264_crf30_then_resize075,0.7310266494750977,0.7310266494750977,1
trimoe,three_domain_moe,168,neuraltextures_faces_c23/579_701,ffpp_test:48,1,neuraltextures,h264_crf30_then_resize075,0.7982115149497986,0.7982115149497986,1
trimoe,three_domain_moe,169,neuraltextures_faces_c23/701_579,ffpp_test:48,1,neuraltextures,h264_crf30_then_resize075,0.8045489192008972,0.8045489192008972,1
trimoe,three_domain_moe,170,original_faces_c23/488,ffpp_test:34,0,real,h264_crf30_then_resize075,0.4017851948738098,0.4017851948738098,1
trimoe,three_domain_moe,171,original_faces_c23/399,ffpp_test:34,0,real,h264_crf30_then_resize075,0.7400495409965515,0.7400495409965515,1
trimoe,three_domain_moe,172,deepfakes_faces_c23/488_399,ffpp_test:34,1,deepfakes,h264_crf30_then_resize075,0.7378718256950378,0.7378718256950378,1
trimoe,three_domain_moe,173,deepfakes_faces_c23/399_488,ffpp_test:34,1,deepfakes,h264_crf30_then_resize075,0.513866126537323,0.513866126537323,0
trimoe,three_domain_moe,174,face2face_faces_c23/488_399,ffpp_test:34,1,face2face,h264_crf30_then_resize075,0.6864752173423767,0.6864752173423767,1
trimoe,three_domain_moe,175,face2face_faces_c23/399_488,ffpp_test:34,1,face2face,h264_crf30_then_resize075,0.7724298238754272,0.7724298238754272,1
trimoe,three_domain_moe,176,faceswap_faces_c23/488_399,ffpp_test:34,1,faceswap,h264_crf30_then_resize075,0.7547954320907593,0.7547954320907593,1
trimoe,three_domain_moe,177,faceswap_faces_c23/399_488,ffpp_test:34,1,faceswap,h264_crf30_then_resize075,0.8122975826263428,0.8122975826263428,1
trimoe,three_domain_moe,178,neuraltextures_faces_c23/488_399,ffpp_test:34,1,neuraltextures,h264_crf30_then_resize075,0.3563467860221863,0.3563467860221863,0
trimoe,three_domain_moe,179,neuraltextures_faces_c23/399_488,ffpp_test:34,1,neuraltextures,h264_crf30_then_resize075,0.806752622127533,0.806752622127533,1
trimoe,three_domain_moe,180,original_faces_c23/695,ffpp_test:38,0,real,h264_crf30_then_resize075,0.1643812209367752,0.1643812209367752,0
trimoe,three_domain_moe,181,original_faces_c23/422,ffpp_test:38,0,real,h264_crf30_then_resize075,0.45558279752731323,0.45558279752731323,1
trimoe,three_domain_moe,182,deepfakes_faces_c23/695_422,ffpp_test:38,1,deepfakes,h264_crf30_then_resize075,0.4926636219024658,0.4926636219024658,0
trimoe,three_domain_moe,183,deepfakes_faces_c23/422_695,ffpp_test:38,1,deepfakes,h264_crf30_then_resize075,0.3255024254322052,0.3255024254322052,0
trimoe,three_domain_moe,184,face2face_faces_c23/695_422,ffpp_test:38,1,face2face,h264_crf30_then_resize075,0.17431142926216125,0.17431142926216125,0
trimoe,three_domain_moe,185,face2face_faces_c23/422_695,ffpp_test:38,1,face2face,h264_crf30_then_resize075,0.7028321623802185,0.7028321623802185,1
trimoe,three_domain_moe,186,faceswap_faces_c23/695_422,ffpp_test:38,1,faceswap,h264_crf30_then_resize075,0.5006426572799683,0.5006426572799683,0
trimoe,three_domain_moe,187,faceswap_faces_c23/422_695,ffpp_test:38,1,faceswap,h264_crf30_then_resize075,0.42011770606040955,0.42011770606040955,1
trimoe,three_domain_moe,188,neuraltextures_faces_c23/695_422,ffpp_test:38,1,neuraltextures,h264_crf30_then_resize075,0.16455799341201782,0.16455799341201782,0
trimoe,three_domain_moe,189,neuraltextures_faces_c23/422_695,ffpp_test:38,1,neuraltextures,h264_crf30_then_resize075,0.7169248461723328,0.7169248461723328,1
trimoe,three_domain_moe,190,original_faces_c23/288,ffpp_test:25,0,real,h264_crf30_then_resize075,0.42665907740592957,0.42665907740592957,1
trimoe,three_domain_moe,191,original_faces_c23/321,ffpp_test:25,0,real,h264_crf30_then_resize075,0.20106184482574463,0.20106184482574463,0
trimoe,three_domain_moe,192,deepfakes_faces_c23/288_321,ffpp_test:25,1,deepfakes,h264_crf30_then_resize075,0.7496535778045654,0.7496535778045654,1
trimoe,three_domain_moe,193,deepfakes_faces_c23/321_288,ffpp_test:25,1,deepfakes,h264_crf30_then_resize075,0.3275150656700134,0.3275150656700134,0
trimoe,three_domain_moe,194,face2face_faces_c23/288_321,ffpp_test:25,1,face2face,h264_crf30_then_resize075,0.3871254324913025,0.3871254324913025,1
trimoe,three_domain_moe,195,face2face_faces_c23/321_288,ffpp_test:25,1,face2face,h264_crf30_then_resize075,0.5853931903839111,0.5853931903839111,0
trimoe,three_domain_moe,196,faceswap_faces_c23/288_321,ffpp_test:25,1,faceswap,h264_crf30_then_resize075,0.8122876882553101,0.8122876882553101,1
trimoe,three_domain_moe,197,faceswap_faces_c23/321_288,ffpp_test:25,1,faceswap,h264_crf30_then_resize075,0.7284018993377686,0.7284018993377686,1
trimoe,three_domain_moe,198,neuraltextures_faces_c23/288_321,ffpp_test:25,1,neuraltextures,h264_crf30_then_resize075,0.4446628987789154,0.4446628987789154,1
trimoe,three_domain_moe,199,neuraltextures_faces_c23/321_288,ffpp_test:25,1,neuraltextures,h264_crf30_then_resize075,0.7686762809753418,0.7686762809753418,1
trimoe,three_domain_moe,200,original_faces_c23/705,ffpp_test:57,0,real,h264_crf30_then_resize075,0.8087196350097656,0.8087196350097656,1
trimoe,three_domain_moe,201,original_faces_c23/707,ffpp_test:57,0,real,h264_crf30_then_resize075,0.4138060510158539,0.4138060510158539,0
trimoe,three_domain_moe,202,deepfakes_faces_c23/705_707,ffpp_test:57,1,deepfakes,h264_crf30_then_resize075,0.48753976821899414,0.48753976821899414,0
trimoe,three_domain_moe,203,deepfakes_faces_c23/707_705,ffpp_test:57,1,deepfakes,h264_crf30_then_resize075,0.8119219541549683,0.8119219541549683,1
trimoe,three_domain_moe,204,face2face_faces_c23/705_707,ffpp_test:57,1,face2face,h264_crf30_then_resize075,0.7781616449356079,0.7781616449356079,1
trimoe,three_domain_moe,205,face2face_faces_c23/707_705,ffpp_test:57,1,face2face,h264_crf30_then_resize075,0.771041750907898,0.771041750907898,1
trimoe,three_domain_moe,206,faceswap_faces_c23/705_707,ffpp_test:57,1,faceswap,h264_crf30_then_resize075,0.7982214689254761,0.7982214689254761,1
trimoe,three_domain_moe,207,faceswap_faces_c23/707_705,ffpp_test:57,1,faceswap,h264_crf30_then_resize075,0.6714130640029907,0.6714130640029907,1
trimoe,three_domain_moe,208,neuraltextures_faces_c23/705_707,ffpp_test:57,1,neuraltextures,h264_crf30_then_resize075,0.8126131296157837,0.8126131296157837,1
trimoe,three_domain_moe,209,neuraltextures_faces_c23/707_705,ffpp_test:57,1,neuraltextures,h264_crf30_then_resize075,0.8083521127700806,0.8083521127700806,1
trimoe,three_domain_moe,210,original_faces_c23/306,ffpp_test:24,0,real,h264_crf30_then_resize075,0.4934517741203308,0.4934517741203308,0
trimoe,three_domain_moe,211,original_faces_c23/278,ffpp_test:24,0,real,h264_crf30_then_resize075,0.4644671380519867,0.4644671380519867,1
trimoe,three_domain_moe,212,deepfakes_faces_c23/306_278,ffpp_test:24,1,deepfakes,h264_crf30_then_resize075,0.8045093417167664,0.8045093417167664,1
trimoe,three_domain_moe,213,deepfakes_faces_c23/278_306,ffpp_test:24,1,deepfakes,h264_crf30_then_resize075,0.46987637877464294,0.46987637877464294,1
trimoe,three_domain_moe,214,face2face_faces_c23/306_278,ffpp_test:24,1,face2face,h264_crf30_then_resize075,0.7540183067321777,0.7540183067321777,1
trimoe,three_domain_moe,215,face2face_faces_c23/278_306,ffpp_test:24,1,face2face,h264_crf30_then_resize075,0.5302883386611938,0.5302883386611938,1
trimoe,three_domain_moe,216,faceswap_faces_c23/306_278,ffpp_test:24,1,faceswap,h264_crf30_then_resize075,0.8122097253799438,0.8122097253799438,1
trimoe,three_domain_moe,217,faceswap_faces_c23/278_306,ffpp_test:24,1,faceswap,h264_crf30_then_resize075,0.5005372762680054,0.5005372762680054,1
trimoe,three_domain_moe,218,neuraltextures_faces_c23/306_278,ffpp_test:24,1,neuraltextures,h264_crf30_then_resize075,0.7665479183197021,0.7665479183197021,1
trimoe,three_domain_moe,219,neuraltextures_faces_c23/278_306,ffpp_test:24,1,neuraltextures,h264_crf30_then_resize075,0.4463448226451874,0.4463448226451874,1
trimoe,three_domain_moe,220,original_faces_c23/865,ffpp_test:61,0,real,h264_crf30_then_resize075,0.31330376863479614,0.31330376863479614,0
trimoe,three_domain_moe,221,original_faces_c23/739,ffpp_test:61,0,real,h264_crf30_then_resize075,0.2696266770362854,0.2696266770362854,0
trimoe,three_domain_moe,222,deepfakes_faces_c23/865_739,ffpp_test:61,1,deepfakes,h264_crf30_then_resize075,0.6525447368621826,0.6525447368621826,0
trimoe,three_domain_moe,223,deepfakes_faces_c23/739_865,ffpp_test:61,1,deepfakes,h264_crf30_then_resize075,0.8025504946708679,0.8025504946708679,1
trimoe,three_domain_moe,224,face2face_faces_c23/865_739,ffpp_test:61,1,face2face,h264_crf30_then_resize075,0.24674728512763977,0.24674728512763977,0
trimoe,three_domain_moe,225,face2face_faces_c23/739_865,ffpp_test:61,1,face2face,h264_crf30_then_resize075,0.7025896310806274,0.7025896310806274,1
trimoe,three_domain_moe,226,faceswap_faces_c23/865_739,ffpp_test:61,1,faceswap,h264_crf30_then_resize075,0.6765846610069275,0.6765846610069275,1
trimoe,three_domain_moe,227,faceswap_faces_c23/739_865,ffpp_test:61,1,faceswap,h264_crf30_then_resize075,0.767026424407959,0.767026424407959,1
trimoe,three_domain_moe,228,neuraltextures_faces_c23/865_739,ffpp_test:61,1,neuraltextures,h264_crf30_then_resize075,0.23600547015666962,0.23600547015666962,0
trimoe,three_domain_moe,229,neuraltextures_faces_c23/739_865,ffpp_test:61,1,neuraltextures,h264_crf30_then_resize075,0.713113009929657,0.713113009929657,1
trimoe,three_domain_moe,230,original_faces_c23/995,ffpp_test:21,0,real,h264_crf30_then_resize075,0.644378125667572,0.644378125667572,1
trimoe,three_domain_moe,231,original_faces_c23/233,ffpp_test:21,0,real,h264_crf30_then_resize075,0.4718005657196045,0.4718005657196045,0
trimoe,three_domain_moe,232,deepfakes_faces_c23/995_233,ffpp_test:21,1,deepfakes,h264_crf30_then_resize075,0.5282739996910095,0.5282739996910095,1
trimoe,three_domain_moe,233,deepfakes_faces_c23/233_995,ffpp_test:21,1,deepfakes,h264_crf30_then_resize075,0.8080753684043884,0.8080753684043884,1
trimoe,three_domain_moe,234,face2face_faces_c23/995_233,ffpp_test:21,1,face2face,h264_crf30_then_resize075,0.7599883079528809,0.7599883079528809,1
trimoe,three_domain_moe,235,face2face_faces_c23/233_995,ffpp_test:21,1,face2face,h264_crf30_then_resize075,0.4756433665752411,0.4756433665752411,0
trimoe,three_domain_moe,236,faceswap_faces_c23/995_233,ffpp_test:21,1,faceswap,h264_crf30_then_resize075,0.4702281951904297,0.4702281951904297,1
trimoe,three_domain_moe,237,faceswap_faces_c23/233_995,ffpp_test:21,1,faceswap,h264_crf30_then_resize075,0.7864435911178589,0.7864435911178589,1
trimoe,three_domain_moe,238,neuraltextures_faces_c23/995_233,ffpp_test:21,1,neuraltextures,h264_crf30_then_resize075,0.8287057876586914,0.8287057876586914,1
trimoe,three_domain_moe,239,neuraltextures_faces_c23/233_995,ffpp_test:21,1,neuraltextures,h264_crf30_then_resize075,0.48397716879844666,0.48397716879844666,0
trimoe,three_domain_moe,240,original_faces_c23/755,ffpp_test:62,0,real,h264_crf30_then_resize075,0.4972337484359741,0.4972337484359741,0
trimoe,three_domain_moe,241,original_faces_c23/759,ffpp_test:62,0,real,h264_crf30_then_resize075,0.45997732877731323,0.45997732877731323,0
trimoe,three_domain_moe,242,deepfakes_faces_c23/755_759,ffpp_test:62,1,deepfakes,h264_crf30_then_resize075,0.8242070078849792,0.8242070078849792,1
trimoe,three_domain_moe,243,deepfakes_faces_c23/759_755,ffpp_test:62,1,deepfakes,h264_crf30_then_resize075,0.7938659191131592,0.7938659191131592,1
trimoe,three_domain_moe,244,face2face_faces_c23/755_759,ffpp_test:62,1,face2face,h264_crf30_then_resize075,0.7881923913955688,0.7881923913955688,1
trimoe,three_domain_moe,245,face2face_faces_c23/759_755,ffpp_test:62,1,face2face,h264_crf30_then_resize075,0.7829303741455078,0.7829303741455078,1
trimoe,three_domain_moe,246,faceswap_faces_c23/755_759,ffpp_test:62,1,faceswap,h264_crf30_then_resize075,0.8103415369987488,0.8103415369987488,1
trimoe,three_domain_moe,247,faceswap_faces_c23/759_755,ffpp_test:62,1,faceswap,h264_crf30_then_resize075,0.5355032682418823,0.5355032682418823,1
trimoe,three_domain_moe,248,neuraltextures_faces_c23/755_759,ffpp_test:62,1,neuraltextures,h264_crf30_then_resize075,0.7909766435623169,0.7909766435623169,1
trimoe,three_domain_moe,249,neuraltextures_faces_c23/759_755,ffpp_test:62,1,neuraltextures,h264_crf30_then_resize075,0.7387824058532715,0.7387824058532715,1
trimoe,three_domain_moe,250,original_faces_c23/467,ffpp_test:43,0,real,h264_crf30_then_resize075,0.4442942142486572,0.4442942142486572,0
trimoe,three_domain_moe,251,original_faces_c23/462,ffpp_test:43,0,real,h264_crf30_then_resize075,0.492832750082016,0.492832750082016,1
trimoe,three_domain_moe,252,deepfakes_faces_c23/467_462,ffpp_test:43,1,deepfakes,h264_crf30_then_resize075,0.4673749804496765,0.4673749804496765,0
trimoe,three_domain_moe,253,deepfakes_faces_c23/462_467,ffpp_test:43,1,deepfakes,h264_crf30_then_resize075,0.802994966506958,0.802994966506958,1
trimoe,three_domain_moe,254,face2face_faces_c23/467_462,ffpp_test:43,1,face2face,h264_crf30_then_resize075,0.7117990851402283,0.7117990851402283,1
trimoe,three_domain_moe,255,face2face_faces_c23/462_467,ffpp_test:43,1,face2face,h264_crf30_then_resize075,0.7821788787841797,0.7821788787841797,1
trimoe,three_domain_moe,256,faceswap_faces_c23/467_462,ffpp_test:43,1,faceswap,h264_crf30_then_resize075,0.6742509603500366,0.6742509603500366,1
trimoe,three_domain_moe,257,faceswap_faces_c23/462_467,ffpp_test:43,1,faceswap,h264_crf30_then_resize075,0.7627360224723816,0.7627360224723816,1
trimoe,three_domain_moe,258,neuraltextures_faces_c23/467_462,ffpp_test:43,1,neuraltextures,h264_crf30_then_resize075,0.47550126910209656,0.47550126910209656,0
trimoe,three_domain_moe,259,neuraltextures_faces_c23/462_467,ffpp_test:43,1,neuraltextures,h264_crf30_then_resize075,0.43023619055747986,0.43023619055747986,0
trimoe,three_domain_moe,260,original_faces_c23/314,ffpp_test:27,0,real,h264_crf30_then_resize075,0.5187209844589233,0.5187209844589233,0
trimoe,three_domain_moe,261,original_faces_c23/347,ffpp_test:27,0,real,h264_crf30_then_resize075,0.30263859033584595,0.30263859033584595,0
trimoe,three_domain_moe,262,deepfakes_faces_c23/314_347,ffpp_test:27,1,deepfakes,h264_crf30_then_resize075,0.7882014513015747,0.7882014513015747,1
trimoe,three_domain_moe,263,deepfakes_faces_c23/347_314,ffpp_test:27,1,deepfakes,h264_crf30_then_resize075,0.23792597651481628,0.23792597651481628,0
trimoe,three_domain_moe,264,face2face_faces_c23/314_347,ffpp_test:27,1,face2face,h264_crf30_then_resize075,0.7621004581451416,0.7621004581451416,1
trimoe,three_domain_moe,265,face2face_faces_c23/347_314,ffpp_test:27,1,face2face,h264_crf30_then_resize075,0.4711746573448181,0.4711746573448181,0
trimoe,three_domain_moe,266,faceswap_faces_c23/314_347,ffpp_test:27,1,faceswap,h264_crf30_then_resize075,0.816376805305481,0.816376805305481,1
trimoe,three_domain_moe,267,faceswap_faces_c23/347_314,ffpp_test:27,1,faceswap,h264_crf30_then_resize075,0.7016226649284363,0.7016226649284363,1
trimoe,three_domain_moe,268,neuraltextures_faces_c23/314_347,ffpp_test:27,1,neuraltextures,h264_crf30_then_resize075,0.7480984926223755,0.7480984926223755,1
trimoe,three_domain_moe,269,neuraltextures_faces_c23/347_314,ffpp_test:27,1,neuraltextures,h264_crf30_then_resize075,0.4510297179222107,0.4510297179222107,0
trimoe,three_domain_moe,270,original_faces_c23/741,ffpp_test:60,0,real,h264_crf30_then_resize075,0.5015567541122437,0.5015567541122437,0
trimoe,three_domain_moe,271,original_faces_c23/731,ffpp_test:60,0,real,h264_crf30_then_resize075,0.49606451392173767,0.49606451392173767,0
trimoe,three_domain_moe,272,deepfakes_faces_c23/741_731,ffpp_test:60,1,deepfakes,h264_crf30_then_resize075,0.8122557997703552,0.8122557997703552,1
trimoe,three_domain_moe,273,deepfakes_faces_c23/731_741,ffpp_test:60,1,deepfakes,h264_crf30_then_resize075,0.81791090965271,0.81791090965271,1
trimoe,three_domain_moe,274,face2face_faces_c23/741_731,ffpp_test:60,1,face2face,h264_crf30_then_resize075,0.8139259815216064,0.8139259815216064,1
trimoe,three_domain_moe,275,face2face_faces_c23/731_741,ffpp_test:60,1,face2face,h264_crf30_then_resize075,0.8038767576217651,0.8038767576217651,1
trimoe,three_domain_moe,276,faceswap_faces_c23/741_731,ffpp_test:60,1,faceswap,h264_crf30_then_resize075,0.785365104675293,0.785365104675293,1
trimoe,three_domain_moe,277,faceswap_faces_c23/731_741,ffpp_test:60,1,faceswap,h264_crf30_then_resize075,0.4916314482688904,0.4916314482688904,0
trimoe,three_domain_moe,278,neuraltextures_faces_c23/741_731,ffpp_test:60,1,neuraltextures,h264_crf30_then_resize075,0.8025788068771362,0.8025788068771362,1
trimoe,three_domain_moe,279,neuraltextures_faces_c23/731_741,ffpp_test:60,1,neuraltextures,h264_crf30_then_resize075,0.8110722899436951,0.8110722899436951,1
trimoe,three_domain_moe,280,original_faces_c23/970,ffpp_test:69,0,real,h264_crf30_then_resize075,0.4660496115684509,0.4660496115684509,1
trimoe,three_domain_moe,281,original_faces_c23/973,ffpp_test:69,0,real,h264_crf30_then_resize075,0.4693948030471802,0.4693948030471802,0
trimoe,three_domain_moe,282,deepfakes_faces_c23/970_973,ffpp_test:69,1,deepfakes,h264_crf30_then_resize075,0.7691051959991455,0.7691051959991455,1
trimoe,three_domain_moe,283,deepfakes_faces_c23/973_970,ffpp_test:69,1,deepfakes,h264_crf30_then_resize075,0.7991621494293213,0.7991621494293213,1
trimoe,three_domain_moe,284,face2face_faces_c23/970_973,ffpp_test:69,1,face2face,h264_crf30_then_resize075,0.650283694267273,0.650283694267273,1
trimoe,three_domain_moe,285,face2face_faces_c23/973_970,ffpp_test:69,1,face2face,h264_crf30_then_resize075,0.5084716081619263,0.5084716081619263,0
trimoe,three_domain_moe,286,faceswap_faces_c23/970_973,ffpp_test:69,1,faceswap,h264_crf30_then_resize075,0.2548447251319885,0.2548447251319885,0
trimoe,three_domain_moe,287,faceswap_faces_c23/973_970,ffpp_test:69,1,faceswap,h264_crf30_then_resize075,0.7982608079910278,0.7982608079910278,1
trimoe,three_domain_moe,288,neuraltextures_faces_c23/970_973,ffpp_test:69,1,neuraltextures,h264_crf30_then_resize075,0.4638941287994385,0.4638941287994385,1
trimoe,three_domain_moe,289,neuraltextures_faces_c23/973_970,ffpp_test:69,1,neuraltextures,h264_crf30_then_resize075,0.6703797578811646,0.6703797578811646,1
trimoe,three_domain_moe,290,original_faces_c23/634,ffpp_test:53,0,real,h264_crf30_then_resize075,0.46202847361564636,0.46202847361564636,0
trimoe,three_domain_moe,291,original_faces_c23/660,ffpp_test:53,0,real,h264_crf30_then_resize075,0.45993706583976746,0.45993706583976746,1
trimoe,three_domain_moe,292,deepfakes_faces_c23/634_660,ffpp_test:53,1,deepfakes,h264_crf30_then_resize075,0.7424542307853699,0.7424542307853699,1
trimoe,three_domain_moe,293,deepfakes_faces_c23/660_634,ffpp_test:53,1,deepfakes,h264_crf30_then_resize075,0.4940238893032074,0.4940238893032074,1
trimoe,three_domain_moe,294,face2face_faces_c23/634_660,ffpp_test:53,1,face2face,h264_crf30_then_resize075,0.7356680631637573,0.7356680631637573,1
trimoe,three_domain_moe,295,face2face_faces_c23/660_634,ffpp_test:53,1,face2face,h264_crf30_then_resize075,0.8176373243331909,0.8176373243331909,1
trimoe,three_domain_moe,296,faceswap_faces_c23/634_660,ffpp_test:53,1,faceswap,h264_crf30_then_resize075,0.8148123025894165,0.8148123025894165,1
trimoe,three_domain_moe,297,faceswap_faces_c23/660_634,ffpp_test:53,1,faceswap,h264_crf30_then_resize075,0.48378241062164307,0.48378241062164307,1
trimoe,three_domain_moe,298,neuraltextures_faces_c23/634_660,ffpp_test:53,1,neuraltextures,h264_crf30_then_resize075,0.777022123336792,0.777022123336792,1
trimoe,three_domain_moe,299,neuraltextures_faces_c23/660_634,ffpp_test:53,1,neuraltextures,h264_crf30_then_resize075,0.4824434220790863,0.4824434220790863,1
trimoe,three_domain_moe,300,original_faces_c23/494,ffpp_test:40,0,real,h264_crf30_then_resize075,0.5081731677055359,0.5081731677055359,1
trimoe,three_domain_moe,301,original_faces_c23/445,ffpp_test:40,0,real,h264_crf30_then_resize075,0.48055633902549744,0.48055633902549744,0
trimoe,three_domain_moe,302,deepfakes_faces_c23/494_445,ffpp_test:40,1,deepfakes,h264_crf30_then_resize075,0.815962016582489,0.815962016582489,1
trimoe,three_domain_moe,303,deepfakes_faces_c23/445_494,ffpp_test:40,1,deepfakes,h264_crf30_then_resize075,0.7869492769241333,0.7869492769241333,1
trimoe,three_domain_moe,304,face2face_faces_c23/494_445,ffpp_test:40,1,face2face,h264_crf30_then_resize075,0.5131616592407227,0.5131616592407227,1
trimoe,three_domain_moe,305,face2face_faces_c23/445_494,ffpp_test:40,1,face2face,h264_crf30_then_resize075,0.497626394033432,0.497626394033432,0
trimoe,three_domain_moe,306,faceswap_faces_c23/494_445,ffpp_test:40,1,faceswap,h264_crf30_then_resize075,0.7807315587997437,0.7807315587997437,1
trimoe,three_domain_moe,307,faceswap_faces_c23/445_494,ffpp_test:40,1,faceswap,h264_crf30_then_resize075,0.7987526655197144,0.7987526655197144,1
trimoe,three_domain_moe,308,neuraltextures_faces_c23/494_445,ffpp_test:40,1,neuraltextures,h264_crf30_then_resize075,0.43750542402267456,0.43750542402267456,1
trimoe,three_domain_moe,309,neuraltextures_faces_c23/445_494,ffpp_test:40,1,neuraltextures,h264_crf30_then_resize075,0.4958516061306,0.4958516061306,0
trimoe,three_domain_moe,310,original_faces_c23/706,ffpp_test:44,0,real,h264_crf30_then_resize075,0.48635333776474,0.48635333776474,0
trimoe,three_domain_moe,311,original_faces_c23/479,ffpp_test:44,0,real,h264_crf30_then_resize075,0.49641475081443787,0.49641475081443787,1
trimoe,three_domain_moe,312,deepfakes_faces_c23/706_479,ffpp_test:44,1,deepfakes,h264_crf30_then_resize075,0.4401073157787323,0.4401073157787323,0
trimoe,three_domain_moe,313,deepfakes_faces_c23/479_706,ffpp_test:44,1,deepfakes,h264_crf30_then_resize075,0.5016211867332458,0.5016211867332458,1
trimoe,three_domain_moe,314,face2face_faces_c23/706_479,ffpp_test:44,1,face2face,h264_crf30_then_resize075,0.5018089413642883,0.5018089413642883,0
trimoe,three_domain_moe,315,face2face_faces_c23/479_706,ffpp_test:44,1,face2face,h264_crf30_then_resize075,0.49979424476623535,0.49979424476623535,1
trimoe,three_domain_moe,316,faceswap_faces_c23/706_479,ffpp_test:44,1,faceswap,h264_crf30_then_resize075,0.4786939322948456,0.4786939322948456,0
trimoe,three_domain_moe,317,faceswap_faces_c23/479_706,ffpp_test:44,1,faceswap,h264_crf30_then_resize075,0.4793106019496918,0.4793106019496918,1
trimoe,three_domain_moe,318,neuraltextures_faces_c23/706_479,ffpp_test:44,1,neuraltextures,h264_crf30_then_resize075,0.4376004636287689,0.4376004636287689,0
trimoe,three_domain_moe,319,neuraltextures_faces_c23/479_706,ffpp_test:44,1,neuraltextures,h264_crf30_then_resize075,0.5006735324859619,0.5006735324859619,1
trimoe,three_domain_moe,320,original_faces_c23/186,ffpp_test:17,0,real,h264_crf30_then_resize075,0.5755950212478638,0.5755950212478638,0
trimoe,three_domain_moe,321,original_faces_c23/170,ffpp_test:17,0,real,h264_crf30_then_resize075,0.46763503551483154,0.46763503551483154,0
trimoe,three_domain_moe,322,deepfakes_faces_c23/186_170,ffpp_test:17,1,deepfakes,h264_crf30_then_resize075,0.7396100759506226,0.7396100759506226,1
trimoe,three_domain_moe,323,deepfakes_faces_c23/170_186,ffpp_test:17,1,deepfakes,h264_crf30_then_resize075,0.5533042550086975,0.5533042550086975,0
trimoe,three_domain_moe,324,face2face_faces_c23/186_170,ffpp_test:17,1,face2face,h264_crf30_then_resize075,0.440873384475708,0.440873384475708,0
trimoe,three_domain_moe,325,face2face_faces_c23/170_186,ffpp_test:17,1,face2face,h264_crf30_then_resize075,0.7663707733154297,0.7663707733154297,1
trimoe,three_domain_moe,326,faceswap_faces_c23/186_170,ffpp_test:17,1,faceswap,h264_crf30_then_resize075,0.459072470664978,0.459072470664978,0
trimoe,three_domain_moe,327,faceswap_faces_c23/170_186,ffpp_test:17,1,faceswap,h264_crf30_then_resize075,0.49859118461608887,0.49859118461608887,0
trimoe,three_domain_moe,328,neuraltextures_faces_c23/186_170,ffpp_test:17,1,neuraltextures,h264_crf30_then_resize075,0.26542967557907104,0.26542967557907104,0
trimoe,three_domain_moe,329,neuraltextures_faces_c23/170_186,ffpp_test:17,1,neuraltextures,h264_crf30_then_resize075,0.4149981439113617,0.4149981439113617,0
trimoe,three_domain_moe,330,original_faces_c23/176,ffpp_test:18,0,real,h264_crf30_then_resize075,0.3849005699157715,0.3849005699157715,1
trimoe,three_domain_moe,331,original_faces_c23/190,ffpp_test:18,0,real,h264_crf30_then_resize075,0.6165895462036133,0.6165895462036133,0
trimoe,three_domain_moe,332,deepfakes_faces_c23/176_190,ffpp_test:18,1,deepfakes,h264_crf30_then_resize075,0.8233682513237,0.8233682513237,1
trimoe,three_domain_moe,333,deepfakes_faces_c23/190_176,ffpp_test:18,1,deepfakes,h264_crf30_then_resize075,0.27078384160995483,0.27078384160995483,0
trimoe,three_domain_moe,334,face2face_faces_c23/176_190,ffpp_test:18,1,face2face,h264_crf30_then_resize075,0.833971381187439,0.833971381187439,1
trimoe,three_domain_moe,335,face2face_faces_c23/190_176,ffpp_test:18,1,face2face,h264_crf30_then_resize075,0.6242634057998657,0.6242634057998657,0
trimoe,three_domain_moe,336,faceswap_faces_c23/176_190,ffpp_test:18,1,faceswap,h264_crf30_then_resize075,0.7705330848693848,0.7705330848693848,1
trimoe,three_domain_moe,337,faceswap_faces_c23/190_176,ffpp_test:18,1,faceswap,h264_crf30_then_resize075,0.5404321551322937,0.5404321551322937,0
trimoe,three_domain_moe,338,neuraltextures_faces_c23/176_190,ffpp_test:18,1,neuraltextures,h264_crf30_then_resize075,0.1881592571735382,0.1881592571735382,0
trimoe,three_domain_moe,339,neuraltextures_faces_c23/190_176,ffpp_test:18,1,neuraltextures,h264_crf30_then_resize075,0.6394978761672974,0.6394978761672974,0
trimoe,three_domain_moe,340,original_faces_c23/380,ffpp_test:29,0,real,h264_crf30_then_resize075,0.5013231635093689,0.5013231635093689,0
trimoe,three_domain_moe,341,original_faces_c23/358,ffpp_test:29,0,real,h264_crf30_then_resize075,0.49723416566848755,0.49723416566848755,0
trimoe,three_domain_moe,342,deepfakes_faces_c23/380_358,ffpp_test:29,1,deepfakes,h264_crf30_then_resize075,0.5131466388702393,0.5131466388702393,0
trimoe,three_domain_moe,343,deepfakes_faces_c23/358_380,ffpp_test:29,1,deepfakes,h264_crf30_then_resize075,0.5046695470809937,0.5046695470809937,0
trimoe,three_domain_moe,344,face2face_faces_c23/380_358,ffpp_test:29,1,face2face,h264_crf30_then_resize075,0.498943030834198,0.498943030834198,0
trimoe,three_domain_moe,345,face2face_faces_c23/358_380,ffpp_test:29,1,face2face,h264_crf30_then_resize075,0.5062501430511475,0.5062501430511475,0
trimoe,three_domain_moe,346,faceswap_faces_c23/380_358,ffpp_test:29,1,faceswap,h264_crf30_then_resize075,0.5061136484146118,0.5061136484146118,0
trimoe,three_domain_moe,347,faceswap_faces_c23/358_380,ffpp_test:29,1,faceswap,h264_crf30_then_resize075,0.4896650016307831,0.4896650016307831,0
trimoe,three_domain_moe,348,neuraltextures_faces_c23/380_358,ffpp_test:29,1,neuraltextures,h264_crf30_then_resize075,0.5006643533706665,0.5006643533706665,0
trimoe,three_domain_moe,349,neuraltextures_faces_c23/358_380,ffpp_test:29,1,neuraltextures,h264_crf30_then_resize075,0.5255768299102783,0.5255768299102783,0
trimoe,three_domain_moe,350,original_faces_c23/214,ffpp_test:19,0,real,h264_crf30_then_resize075,0.4986758232116699,0.4986758232116699,1
trimoe,three_domain_moe,351,original_faces_c23/255,ffpp_test:19,0,real,h264_crf30_then_resize075,0.30100247263908386,0.30100247263908386,0
trimoe,three_domain_moe,352,deepfakes_faces_c23/214_255,ffpp_test:19,1,deepfakes,h264_crf30_then_resize075,0.82823246717453,0.82823246717453,1
trimoe,three_domain_moe,353,deepfakes_faces_c23/255_214,ffpp_test:19,1,deepfakes,h264_crf30_then_resize075,0.4271251857280731,0.4271251857280731,0
trimoe,three_domain_moe,354,face2face_faces_c23/214_255,ffpp_test:19,1,face2face,h264_crf30_then_resize075,0.485435426235199,0.485435426235199,1
trimoe,three_domain_moe,355,face2face_faces_c23/255_214,ffpp_test:19,1,face2face,h264_crf30_then_resize075,0.5677179098129272,0.5677179098129272,0
trimoe,three_domain_moe,356,faceswap_faces_c23/214_255,ffpp_test:19,1,faceswap,h264_crf30_then_resize075,0.5023725032806396,0.5023725032806396,1
trimoe,three_domain_moe,357,faceswap_faces_c23/255_214,ffpp_test:19,1,faceswap,h264_crf30_then_resize075,0.30920571088790894,0.30920571088790894,0
trimoe,three_domain_moe,358,neuraltextures_faces_c23/214_255,ffpp_test:19,1,neuraltextures,h264_crf30_then_resize075,0.4990158975124359,0.4990158975124359,1
trimoe,three_domain_moe,359,neuraltextures_faces_c23/255_214,ffpp_test:19,1,neuraltextures,h264_crf30_then_resize075,0.17700377106666565,0.17700377106666565,0
trimoe,three_domain_moe,360,original_faces_c23/454,ffpp_test:42,0,real,h264_crf30_then_resize075,0.7786202430725098,0.7786202430725098,1
trimoe,three_domain_moe,361,original_faces_c23/527,ffpp_test:42,0,real,h264_crf30_then_resize075,0.3237868547439575,0.3237868547439575,0
trimoe,three_domain_moe,362,deepfakes_faces_c23/454_527,ffpp_test:42,1,deepfakes,h264_crf30_then_resize075,0.8158008456230164,0.8158008456230164,1
trimoe,three_domain_moe,363,deepfakes_faces_c23/527_454,ffpp_test:42,1,deepfakes,h264_crf30_then_resize075,0.817682147026062,0.817682147026062,1
trimoe,three_domain_moe,364,face2face_faces_c23/454_527,ffpp_test:42,1,face2face,h264_crf30_then_resize075,0.8240176439285278,0.8240176439285278,1
trimoe,three_domain_moe,365,face2face_faces_c23/527_454,ffpp_test:42,1,face2face,h264_crf30_then_resize075,0.8023750185966492,0.8023750185966492,1
trimoe,three_domain_moe,366,faceswap_faces_c23/454_527,ffpp_test:42,1,faceswap,h264_crf30_then_resize075,0.8161234855651855,0.8161234855651855,1
trimoe,three_domain_moe,367,faceswap_faces_c23/527_454,ffpp_test:42,1,faceswap,h264_crf30_then_resize075,0.7815155386924744,0.7815155386924744,1
trimoe,three_domain_moe,368,neuraltextures_faces_c23/454_527,ffpp_test:42,1,neuraltextures,h264_crf30_then_resize075,0.8077351450920105,0.8077351450920105,1
trimoe,three_domain_moe,369,neuraltextures_faces_c23/527_454,ffpp_test:42,1,neuraltextures,h264_crf30_then_resize075,0.38597941398620605,0.38597941398620605,0
trimoe,three_domain_moe,370,original_faces_c23/425,ffpp_test:39,0,real,h264_crf30_then_resize075,0.3088721036911011,0.3088721036911011,0
trimoe,three_domain_moe,371,original_faces_c23/485,ffpp_test:39,0,real,h264_crf30_then_resize075,0.32388919591903687,0.32388919591903687,0
trimoe,three_domain_moe,372,deepfakes_faces_c23/425_485,ffpp_test:39,1,deepfakes,h264_crf30_then_resize075,0.7850396037101746,0.7850396037101746,1
trimoe,three_domain_moe,373,deepfakes_faces_c23/485_425,ffpp_test:39,1,deepfakes,h264_crf30_then_resize075,0.6411243081092834,0.6411243081092834,0
trimoe,three_domain_moe,374,face2face_faces_c23/425_485,ffpp_test:39,1,face2face,h264_crf30_then_resize075,0.7782067060470581,0.7782067060470581,1
trimoe,three_domain_moe,375,face2face_faces_c23/485_425,ffpp_test:39,1,face2face,h264_crf30_then_resize075,0.3668549656867981,0.3668549656867981,0
trimoe,three_domain_moe,376,faceswap_faces_c23/425_485,ffpp_test:39,1,faceswap,h264_crf30_then_resize075,0.6673139929771423,0.6673139929771423,1
trimoe,three_domain_moe,377,faceswap_faces_c23/485_425,ffpp_test:39,1,faceswap,h264_crf30_then_resize075,0.677569568157196,0.677569568157196,1
trimoe,three_domain_moe,378,neuraltextures_faces_c23/425_485,ffpp_test:39,1,neuraltextures,h264_crf30_then_resize075,0.664301872253418,0.664301872253418,1
trimoe,three_domain_moe,379,neuraltextures_faces_c23/485_425,ffpp_test:39,1,neuraltextures,h264_crf30_then_resize075,0.37098950147628784,0.37098950147628784,0
trimoe,three_domain_moe,380,original_faces_c23/388,ffpp_test:26,0,real,h264_crf30_then_resize075,0.5397524237632751,0.5397524237632751,1
trimoe,three_domain_moe,381,original_faces_c23/308,ffpp_test:26,0,real,h264_crf30_then_resize075,0.40040236711502075,0.40040236711502075,0
trimoe,three_domain_moe,382,deepfakes_faces_c23/388_308,ffpp_test:26,1,deepfakes,h264_crf30_then_resize075,0.5789442658424377,0.5789442658424377,1
trimoe,three_domain_moe,383,deepfakes_faces_c23/308_388,ffpp_test:26,1,deepfakes,h264_crf30_then_resize075,0.7253924608230591,0.7253924608230591,1
trimoe,three_domain_moe,384,face2face_faces_c23/388_308,ffpp_test:26,1,face2face,h264_crf30_then_resize075,0.7790100574493408,0.7790100574493408,1
trimoe,three_domain_moe,385,face2face_faces_c23/308_388,ffpp_test:26,1,face2face,h264_crf30_then_resize075,0.6250004172325134,0.6250004172325134,0
trimoe,three_domain_moe,386,faceswap_faces_c23/388_308,ffpp_test:26,1,faceswap,h264_crf30_then_resize075,0.5779359340667725,0.5779359340667725,0
trimoe,three_domain_moe,387,faceswap_faces_c23/308_388,ffpp_test:26,1,faceswap,h264_crf30_then_resize075,0.7388749122619629,0.7388749122619629,1
trimoe,three_domain_moe,388,neuraltextures_faces_c23/388_308,ffpp_test:26,1,neuraltextures,h264_crf30_then_resize075,0.7808730602264404,0.7808730602264404,1
trimoe,three_domain_moe,389,neuraltextures_faces_c23/308_388,ffpp_test:26,1,neuraltextures,h264_crf30_then_resize075,0.7119721174240112,0.7119721174240112,1
trimoe,three_domain_moe,390,original_faces_c23/384,ffpp_test:32,0,real,h264_crf30_then_resize075,0.43911513686180115,0.43911513686180115,0
trimoe,three_domain_moe,391,original_faces_c23/932,ffpp_test:32,0,real,h264_crf30_then_resize075,0.3162987232208252,0.3162987232208252,0
trimoe,three_domain_moe,392,deepfakes_faces_c23/384_932,ffpp_test:32,1,deepfakes,h264_crf30_then_resize075,0.8018341064453125,0.8018341064453125,1
trimoe,three_domain_moe,393,deepfakes_faces_c23/932_384,ffpp_test:32,1,deepfakes,h264_crf30_then_resize075,0.3819108009338379,0.3819108009338379,1
trimoe,three_domain_moe,394,face2face_faces_c23/384_932,ffpp_test:32,1,face2face,h264_crf30_then_resize075,0.7795815467834473,0.7795815467834473,1
trimoe,three_domain_moe,395,face2face_faces_c23/932_384,ffpp_test:32,1,face2face,h264_crf30_then_resize075,0.5714366436004639,0.5714366436004639,1
trimoe,three_domain_moe,396,faceswap_faces_c23/384_932,ffpp_test:32,1,faceswap,h264_crf30_then_resize075,0.7654487490653992,0.7654487490653992,1
trimoe,three_domain_moe,397,faceswap_faces_c23/932_384,ffpp_test:32,1,faceswap,h264_crf30_then_resize075,0.5035228729248047,0.5035228729248047,1
trimoe,three_domain_moe,398,neuraltextures_faces_c23/384_932,ffpp_test:32,1,neuraltextures,h264_crf30_then_resize075,0.8013819456100464,0.8013819456100464,1
trimoe,three_domain_moe,399,neuraltextures_faces_c23/932_384,ffpp_test:32,1,neuraltextures,h264_crf30_then_resize075,0.6341788172721863,0.6341788172721863,1
trimoe,three_domain_moe,400,original_faces_c23/035,ffpp_test:5,0,real,h264_crf30_then_resize075,0.810246467590332,0.810246467590332,1
trimoe,three_domain_moe,401,original_faces_c23/036,ffpp_test:5,0,real,h264_crf30_then_resize075,0.34197086095809937,0.34197086095809937,0
trimoe,three_domain_moe,402,deepfakes_faces_c23/035_036,ffpp_test:5,1,deepfakes,h264_crf30_then_resize075,0.5286807417869568,0.5286807417869568,0
trimoe,three_domain_moe,403,deepfakes_faces_c23/036_035,ffpp_test:5,1,deepfakes,h264_crf30_then_resize075,0.6310551762580872,0.6310551762580872,0
trimoe,three_domain_moe,404,face2face_faces_c23/035_036,ffpp_test:5,1,face2face,h264_crf30_then_resize075,0.8048151731491089,0.8048151731491089,1
trimoe,three_domain_moe,405,face2face_faces_c23/036_035,ffpp_test:5,1,face2face,h264_crf30_then_resize075,0.4840390086174011,0.4840390086174011,0
trimoe,three_domain_moe,406,faceswap_faces_c23/035_036,ffpp_test:5,1,faceswap,h264_crf30_then_resize075,0.4719460904598236,0.4719460904598236,0
trimoe,three_domain_moe,407,faceswap_faces_c23/036_035,ffpp_test:5,1,faceswap,h264_crf30_then_resize075,0.6666096448898315,0.6666096448898315,1
trimoe,three_domain_moe,408,neuraltextures_faces_c23/035_036,ffpp_test:5,1,neuraltextures,h264_crf30_then_resize075,0.8183637857437134,0.8183637857437134,1
trimoe,three_domain_moe,409,neuraltextures_faces_c23/036_035,ffpp_test:5,1,neuraltextures,h264_crf30_then_resize075,0.6768645644187927,0.6768645644187927,1
trimoe,three_domain_moe,410,original_faces_c23/257,ffpp_test:23,0,real,h264_crf30_then_resize075,0.7456178069114685,0.7456178069114685,1
trimoe,three_domain_moe,411,original_faces_c23/420,ffpp_test:23,0,real,h264_crf30_then_resize075,0.46642428636550903,0.46642428636550903,0
trimoe,three_domain_moe,412,deepfakes_faces_c23/257_420,ffpp_test:23,1,deepfakes,h264_crf30_then_resize075,0.5086498260498047,0.5086498260498047,0
trimoe,three_domain_moe,413,deepfakes_faces_c23/420_257,ffpp_test:23,1,deepfakes,h264_crf30_then_resize075,0.4302026629447937,0.4302026629447937,0
trimoe,three_domain_moe,414,face2face_faces_c23/257_420,ffpp_test:23,1,face2face,h264_crf30_then_resize075,0.7854312658309937,0.7854312658309937,1
trimoe,three_domain_moe,415,face2face_faces_c23/420_257,ffpp_test:23,1,face2face,h264_crf30_then_resize075,0.44182929396629333,0.44182929396629333,0
trimoe,three_domain_moe,416,faceswap_faces_c23/257_420,ffpp_test:23,1,faceswap,h264_crf30_then_resize075,0.4554927349090576,0.4554927349090576,0
trimoe,three_domain_moe,417,faceswap_faces_c23/420_257,ffpp_test:23,1,faceswap,h264_crf30_then_resize075,0.48330652713775635,0.48330652713775635,0
trimoe,three_domain_moe,418,neuraltextures_faces_c23/257_420,ffpp_test:23,1,neuraltextures,h264_crf30_then_resize075,0.4502192735671997,0.4502192735671997,0
trimoe,three_domain_moe,419,neuraltextures_faces_c23/420_257,ffpp_test:23,1,neuraltextures,h264_crf30_then_resize075,0.29921460151672363,0.29921460151672363,0
trimoe,three_domain_moe,420,original_faces_c23/924,ffpp_test:67,0,real,h264_crf30_then_resize075,0.49648937582969666,0.49648937582969666,1
trimoe,three_domain_moe,421,original_faces_c23/917,ffpp_test:67,0,real,h264_crf30_then_resize075,0.47480782866477966,0.47480782866477966,1
trimoe,three_domain_moe,422,deepfakes_faces_c23/924_917,ffpp_test:67,1,deepfakes,h264_crf30_then_resize075,0.6467668414115906,0.6467668414115906,1
trimoe,three_domain_moe,423,deepfakes_faces_c23/917_924,ffpp_test:67,1,deepfakes,h264_crf30_then_resize075,0.8258285522460938,0.8258285522460938,1
trimoe,three_domain_moe,424,face2face_faces_c23/924_917,ffpp_test:67,1,face2face,h264_crf30_then_resize075,0.7788602113723755,0.7788602113723755,1
trimoe,three_domain_moe,425,face2face_faces_c23/917_924,ffpp_test:67,1,face2face,h264_crf30_then_resize075,0.7767837047576904,0.7767837047576904,1
trimoe,three_domain_moe,426,faceswap_faces_c23/924_917,ffpp_test:67,1,faceswap,h264_crf30_then_resize075,0.6396618485450745,0.6396618485450745,0
trimoe,three_domain_moe,427,faceswap_faces_c23/917_924,ffpp_test:67,1,faceswap,h264_crf30_then_resize075,0.785770833492279,0.785770833492279,1
trimoe,three_domain_moe,428,neuraltextures_faces_c23/924_917,ffpp_test:67,1,neuraltextures,h264_crf30_then_resize075,0.7794417142868042,0.7794417142868042,1
trimoe,three_domain_moe,429,neuraltextures_faces_c23/917_924,ffpp_test:67,1,neuraltextures,h264_crf30_then_resize075,0.8223459124565125,0.8223459124565125,1
trimoe,three_domain_moe,430,original_faces_c23/114,ffpp_test:9,0,real,h264_crf30_then_resize075,0.7933952808380127,0.7933952808380127,1
trimoe,three_domain_moe,431,original_faces_c23/102,ffpp_test:9,0,real,h264_crf30_then_resize075,0.2686099410057068,0.2686099410057068,0
trimoe,three_domain_moe,432,deepfakes_faces_c23/114_102,ffpp_test:9,1,deepfakes,h264_crf30_then_resize075,0.7966829538345337,0.7966829538345337,1
trimoe,three_domain_moe,433,deepfakes_faces_c23/102_114,ffpp_test:9,1,deepfakes,h264_crf30_then_resize075,0.7748257517814636,0.7748257517814636,1
trimoe,three_domain_moe,434,face2face_faces_c23/114_102,ffpp_test:9,1,face2face,h264_crf30_then_resize075,0.8221413493156433,0.8221413493156433,1
trimoe,three_domain_moe,435,face2face_faces_c23/102_114,ffpp_test:9,1,face2face,h264_crf30_then_resize075,0.4488844871520996,0.4488844871520996,0
trimoe,three_domain_moe,436,faceswap_faces_c23/114_102,ffpp_test:9,1,faceswap,h264_crf30_then_resize075,0.8227300643920898,0.8227300643920898,1
trimoe,three_domain_moe,437,faceswap_faces_c23/102_114,ffpp_test:9,1,faceswap,h264_crf30_then_resize075,0.5017629265785217,0.5017629265785217,0
trimoe,three_domain_moe,438,neuraltextures_faces_c23/114_102,ffpp_test:9,1,neuraltextures,h264_crf30_then_resize075,0.8175289034843445,0.8175289034843445,1
trimoe,three_domain_moe,439,neuraltextures_faces_c23/102_114,ffpp_test:9,1,neuraltextures,h264_crf30_then_resize075,0.7840090990066528,0.7840090990066528,1
trimoe,three_domain_moe,440,original_faces_c23/732,ffpp_test:56,0,real,h264_crf30_then_resize075,0.46503663063049316,0.46503663063049316,0
trimoe,three_domain_moe,441,original_faces_c23/691,ffpp_test:56,0,real,h264_crf30_then_resize075,0.5067517757415771,0.5067517757415771,1
trimoe,three_domain_moe,442,deepfakes_faces_c23/732_691,ffpp_test:56,1,deepfakes,h264_crf30_then_resize075,0.49289649724960327,0.49289649724960327,0
trimoe,three_domain_moe,443,deepfakes_faces_c23/691_732,ffpp_test:56,1,deepfakes,h264_crf30_then_resize075,0.7812864184379578,0.7812864184379578,1
trimoe,three_domain_moe,444,face2face_faces_c23/732_691,ffpp_test:56,1,face2face,h264_crf30_then_resize075,0.7644604444503784,0.7644604444503784,1
trimoe,three_domain_moe,445,face2face_faces_c23/691_732,ffpp_test:56,1,face2face,h264_crf30_then_resize075,0.5201971530914307,0.5201971530914307,1
trimoe,three_domain_moe,446,faceswap_faces_c23/732_691,ffpp_test:56,1,faceswap,h264_crf30_then_resize075,0.4549029469490051,0.4549029469490051,0
trimoe,three_domain_moe,447,faceswap_faces_c23/691_732,ffpp_test:56,1,faceswap,h264_crf30_then_resize075,0.7774597406387329,0.7774597406387329,1
trimoe,three_domain_moe,448,neuraltextures_faces_c23/732_691,ffpp_test:56,1,neuraltextures,h264_crf30_then_resize075,0.5716715455055237,0.5716715455055237,0
trimoe,three_domain_moe,449,neuraltextures_faces_c23/691_732,ffpp_test:56,1,neuraltextures,h264_crf30_then_resize075,0.7767393589019775,0.7767393589019775,1
trimoe,three_domain_moe,450,original_faces_c23/550,ffpp_test:41,0,real,h264_crf30_then_resize075,0.46863842010498047,0.46863842010498047,0
trimoe,three_domain_moe,451,original_faces_c23/452,ffpp_test:41,0,real,h264_crf30_then_resize075,0.46716272830963135,0.46716272830963135,0
trimoe,three_domain_moe,452,deepfakes_faces_c23/550_452,ffpp_test:41,1,deepfakes,h264_crf30_then_resize075,0.7803732752799988,0.7803732752799988,1
trimoe,three_domain_moe,453,deepfakes_faces_c23/452_550,ffpp_test:41,1,deepfakes,h264_crf30_then_resize075,0.4780065417289734,0.4780065417289734,0
trimoe,three_domain_moe,454,face2face_faces_c23/550_452,ffpp_test:41,1,face2face,h264_crf30_then_resize075,0.5084635615348816,0.5084635615348816,0
trimoe,three_domain_moe,455,face2face_faces_c23/452_550,ffpp_test:41,1,face2face,h264_crf30_then_resize075,0.7492386698722839,0.7492386698722839,1
trimoe,three_domain_moe,456,faceswap_faces_c23/550_452,ffpp_test:41,1,faceswap,h264_crf30_then_resize075,0.4514394700527191,0.4514394700527191,1
trimoe,three_domain_moe,457,faceswap_faces_c23/452_550,ffpp_test:41,1,faceswap,h264_crf30_then_resize075,0.4193049371242523,0.4193049371242523,0
trimoe,three_domain_moe,458,neuraltextures_faces_c23/550_452,ffpp_test:41,1,neuraltextures,h264_crf30_then_resize075,0.4918813109397888,0.4918813109397888,0
trimoe,three_domain_moe,459,neuraltextures_faces_c23/452_550,ffpp_test:41,1,neuraltextures,h264_crf30_then_resize075,0.7832586169242859,0.7832586169242859,1
trimoe,three_domain_moe,460,original_faces_c23/280,ffpp_test:22,0,real,h264_crf30_then_resize075,0.4443787932395935,0.4443787932395935,1
trimoe,three_domain_moe,461,original_faces_c23/249,ffpp_test:22,0,real,h264_crf30_then_resize075,0.3220294415950775,0.3220294415950775,0
trimoe,three_domain_moe,462,deepfakes_faces_c23/280_249,ffpp_test:22,1,deepfakes,h264_crf30_then_resize075,0.4723498225212097,0.4723498225212097,1
trimoe,three_domain_moe,463,deepfakes_faces_c23/249_280,ffpp_test:22,1,deepfakes,h264_crf30_then_resize075,0.4638616740703583,0.4638616740703583,0
trimoe,three_domain_moe,464,face2face_faces_c23/280_249,ffpp_test:22,1,face2face,h264_crf30_then_resize075,0.4221285581588745,0.4221285581588745,1
trimoe,three_domain_moe,465,face2face_faces_c23/249_280,ffpp_test:22,1,face2face,h264_crf30_then_resize075,0.5197354555130005,0.5197354555130005,0
trimoe,three_domain_moe,466,faceswap_faces_c23/280_249,ffpp_test:22,1,faceswap,h264_crf30_then_resize075,0.506438136100769,0.506438136100769,1
trimoe,three_domain_moe,467,faceswap_faces_c23/249_280,ffpp_test:22,1,faceswap,h264_crf30_then_resize075,0.47937577962875366,0.47937577962875366,0
trimoe,three_domain_moe,468,neuraltextures_faces_c23/280_249,ffpp_test:22,1,neuraltextures,h264_crf30_then_resize075,0.4673230051994324,0.4673230051994324,1
trimoe,three_domain_moe,469,neuraltextures_faces_c23/249_280,ffpp_test:22,1,neuraltextures,h264_crf30_then_resize075,0.46770548820495605,0.46770548820495605,0
trimoe,three_domain_moe,470,original_faces_c23/842,ffpp_test:58,0,real,h264_crf30_then_resize075,0.36870893836021423,0.36870893836021423,0
trimoe,three_domain_moe,471,original_faces_c23/714,ffpp_test:58,0,real,h264_crf30_then_resize075,0.22401688992977142,0.22401688992977142,0
trimoe,three_domain_moe,472,deepfakes_faces_c23/842_714,ffpp_test:58,1,deepfakes,h264_crf30_then_resize075,0.6923725605010986,0.6923725605010986,1
trimoe,three_domain_moe,473,deepfakes_faces_c23/714_842,ffpp_test:58,1,deepfakes,h264_crf30_then_resize075,0.4730708599090576,0.4730708599090576,0
trimoe,three_domain_moe,474,face2face_faces_c23/842_714,ffpp_test:58,1,face2face,h264_crf30_then_resize075,0.758213996887207,0.758213996887207,1
trimoe,three_domain_moe,475,face2face_faces_c23/714_842,ffpp_test:58,1,face2face,h264_crf30_then_resize075,0.5068686008453369,0.5068686008453369,0
trimoe,three_domain_moe,476,faceswap_faces_c23/842_714,ffpp_test:58,1,faceswap,h264_crf30_then_resize075,0.6950205564498901,0.6950205564498901,1
trimoe,three_domain_moe,477,faceswap_faces_c23/714_842,ffpp_test:58,1,faceswap,h264_crf30_then_resize075,0.523162305355072,0.523162305355072,0
trimoe,three_domain_moe,478,neuraltextures_faces_c23/842_714,ffpp_test:58,1,neuraltextures,h264_crf30_then_resize075,0.6758146286010742,0.6758146286010742,1
trimoe,three_domain_moe,479,neuraltextures_faces_c23/714_842,ffpp_test:58,1,neuraltextures,h264_crf30_then_resize075,0.7332372665405273,0.7332372665405273,1
trimoe,three_domain_moe,480,original_faces_c23/625,ffpp_test:52,0,real,h264_crf30_then_resize075,0.44275498390197754,0.44275498390197754,0
trimoe,three_domain_moe,481,original_faces_c23/650,ffpp_test:52,0,real,h264_crf30_then_resize075,0.4634140431880951,0.4634140431880951,0
trimoe,three_domain_moe,482,deepfakes_faces_c23/625_650,ffpp_test:52,1,deepfakes,h264_crf30_then_resize075,0.4940730035305023,0.4940730035305023,0
trimoe,three_domain_moe,483,deepfakes_faces_c23/650_625,ffpp_test:52,1,deepfakes,h264_crf30_then_resize075,0.7299326658248901,0.7299326658248901,1
trimoe,three_domain_moe,484,face2face_faces_c23/625_650,ffpp_test:52,1,face2face,h264_crf30_then_resize075,0.7540626525878906,0.7540626525878906,1
trimoe,three_domain_moe,485,face2face_faces_c23/650_625,ffpp_test:52,1,face2face,h264_crf30_then_resize075,0.7437545657157898,0.7437545657157898,1
trimoe,three_domain_moe,486,faceswap_faces_c23/625_650,ffpp_test:52,1,faceswap,h264_crf30_then_resize075,0.7273154258728027,0.7273154258728027,1
trimoe,three_domain_moe,487,faceswap_faces_c23/650_625,ffpp_test:52,1,faceswap,h264_crf30_then_resize075,0.6071032285690308,0.6071032285690308,0
trimoe,three_domain_moe,488,neuraltextures_faces_c23/625_650,ffpp_test:52,1,neuraltextures,h264_crf30_then_resize075,0.82603919506073,0.82603919506073,1
trimoe,three_domain_moe,489,neuraltextures_faces_c23/650_625,ffpp_test:52,1,neuraltextures,h264_crf30_then_resize075,0.7142876386642456,0.7142876386642456,1
trimoe,three_domain_moe,490,original_faces_c23/024,ffpp_test:3,0,real,h264_crf30_then_resize075,0.6702803373336792,0.6702803373336792,1
trimoe,three_domain_moe,491,original_faces_c23/073,ffpp_test:3,0,real,h264_crf30_then_resize075,0.7061265707015991,0.7061265707015991,1
trimoe,three_domain_moe,492,deepfakes_faces_c23/024_073,ffpp_test:3,1,deepfakes,h264_crf30_then_resize075,0.8187347650527954,0.8187347650527954,1
trimoe,three_domain_moe,493,deepfakes_faces_c23/073_024,ffpp_test:3,1,deepfakes,h264_crf30_then_resize075,0.8111476898193359,0.8111476898193359,1
trimoe,three_domain_moe,494,face2face_faces_c23/024_073,ffpp_test:3,1,face2face,h264_crf30_then_resize075,0.7581703662872314,0.7581703662872314,1
trimoe,three_domain_moe,495,face2face_faces_c23/073_024,ffpp_test:3,1,face2face,h264_crf30_then_resize075,0.711514413356781,0.711514413356781,1
trimoe,three_domain_moe,496,faceswap_faces_c23/024_073,ffpp_test:3,1,faceswap,h264_crf30_then_resize075,0.8258627653121948,0.8258627653121948,1
trimoe,three_domain_moe,497,faceswap_faces_c23/073_024,ffpp_test:3,1,faceswap,h264_crf30_then_resize075,0.7544856071472168,0.7544856071472168,1
trimoe,three_domain_moe,498,neuraltextures_faces_c23/024_073,ffpp_test:3,1,neuraltextures,h264_crf30_then_resize075,0.784002423286438,0.784002423286438,1
trimoe,three_domain_moe,499,neuraltextures_faces_c23/073_024,ffpp_test:3,1,neuraltextures,h264_crf30_then_resize075,0.7868131399154663,0.7868131399154663,1
trimoe,three_domain_moe,500,original_faces_c23/044,ffpp_test:6,0,real,h264_crf30_then_resize075,0.24889330565929413,0.24889330565929413,0
trimoe,three_domain_moe,501,original_faces_c23/945,ffpp_test:6,0,real,h264_crf30_then_resize075,0.5812745094299316,0.5812745094299316,1
trimoe,three_domain_moe,502,deepfakes_faces_c23/044_945,ffpp_test:6,1,deepfakes,h264_crf30_then_resize075,0.8193045854568481,0.8193045854568481,1
trimoe,three_domain_moe,503,deepfakes_faces_c23/945_044,ffpp_test:6,1,deepfakes,h264_crf30_then_resize075,0.6455755233764648,0.6455755233764648,1
trimoe,three_domain_moe,504,face2face_faces_c23/044_945,ffpp_test:6,1,face2face,h264_crf30_then_resize075,0.7843308448791504,0.7843308448791504,1
trimoe,three_domain_moe,505,face2face_faces_c23/945_044,ffpp_test:6,1,face2face,h264_crf30_then_resize075,0.795573353767395,0.795573353767395,1
trimoe,three_domain_moe,506,faceswap_faces_c23/044_945,ffpp_test:6,1,faceswap,h264_crf30_then_resize075,0.8025724291801453,0.8025724291801453,1
trimoe,three_domain_moe,507,faceswap_faces_c23/945_044,ffpp_test:6,1,faceswap,h264_crf30_then_resize075,0.6505247950553894,0.6505247950553894,1
trimoe,three_domain_moe,508,neuraltextures_faces_c23/044_945,ffpp_test:6,1,neuraltextures,h264_crf30_then_resize075,0.7945916652679443,0.7945916652679443,1
trimoe,three_domain_moe,509,neuraltextures_faces_c23/945_044,ffpp_test:6,1,neuraltextures,h264_crf30_then_resize075,0.5843249559402466,0.5843249559402466,1
trimoe,three_domain_moe,510,original_faces_c23/896,ffpp_test:10,0,real,h264_crf30_then_resize075,0.4848439693450928,0.4848439693450928,1
trimoe,three_domain_moe,511,original_faces_c23/128,ffpp_test:10,0,real,h264_crf30_then_resize075,0.4547787308692932,0.4547787308692932,0
trimoe,three_domain_moe,512,deepfakes_faces_c23/896_128,ffpp_test:10,1,deepfakes,h264_crf30_then_resize075,0.8171550631523132,0.8171550631523132,1
trimoe,three_domain_moe,513,deepfakes_faces_c23/128_896,ffpp_test:10,1,deepfakes,h264_crf30_then_resize075,0.7203508615493774,0.7203508615493774,1
trimoe,three_domain_moe,514,face2face_faces_c23/896_128,ffpp_test:10,1,face2face,h264_crf30_then_resize075,0.8001974821090698,0.8001974821090698,1
trimoe,three_domain_moe,515,face2face_faces_c23/128_896,ffpp_test:10,1,face2face,h264_crf30_then_resize075,0.5186452269554138,0.5186452269554138,0
trimoe,three_domain_moe,516,faceswap_faces_c23/896_128,ffpp_test:10,1,faceswap,h264_crf30_then_resize075,0.47604402899742126,0.47604402899742126,1
trimoe,three_domain_moe,517,faceswap_faces_c23/128_896,ffpp_test:10,1,faceswap,h264_crf30_then_resize075,0.7762835025787354,0.7762835025787354,1
trimoe,three_domain_moe,518,neuraltextures_faces_c23/896_128,ffpp_test:10,1,neuraltextures,h264_crf30_then_resize075,0.8044461011886597,0.8044461011886597,1
trimoe,three_domain_moe,519,neuraltextures_faces_c23/128_896,ffpp_test:10,1,neuraltextures,h264_crf30_then_resize075,0.7755674719810486,0.7755674719810486,1
trimoe,three_domain_moe,520,original_faces_c23/862,ffpp_test:7,0,real,h264_crf30_then_resize075,0.4450390040874481,0.4450390040874481,0
trimoe,three_domain_moe,521,original_faces_c23/047,ffpp_test:7,0,real,h264_crf30_then_resize075,0.7089250087738037,0.7089250087738037,1
trimoe,three_domain_moe,522,deepfakes_faces_c23/862_047,ffpp_test:7,1,deepfakes,h264_crf30_then_resize075,0.5238772630691528,0.5238772630691528,1
trimoe,three_domain_moe,523,deepfakes_faces_c23/047_862,ffpp_test:7,1,deepfakes,h264_crf30_then_resize075,0.7591482400894165,0.7591482400894165,1
trimoe,three_domain_moe,524,face2face_faces_c23/862_047,ffpp_test:7,1,face2face,h264_crf30_then_resize075,0.7943503856658936,0.7943503856658936,1
trimoe,three_domain_moe,525,face2face_faces_c23/047_862,ffpp_test:7,1,face2face,h264_crf30_then_resize075,0.7320584654808044,0.7320584654808044,1
trimoe,three_domain_moe,526,faceswap_faces_c23/862_047,ffpp_test:7,1,faceswap,h264_crf30_then_resize075,0.7656421065330505,0.7656421065330505,1
trimoe,three_domain_moe,527,faceswap_faces_c23/047_862,ffpp_test:7,1,faceswap,h264_crf30_then_resize075,0.7587965726852417,0.7587965726852417,1
trimoe,three_domain_moe,528,neuraltextures_faces_c23/862_047,ffpp_test:7,1,neuraltextures,h264_crf30_then_resize075,0.4885587692260742,0.4885587692260742,1
trimoe,three_domain_moe,529,neuraltextures_faces_c23/047_862,ffpp_test:7,1,neuraltextures,h264_crf30_then_resize075,0.42659932374954224,0.42659932374954224,0
trimoe,three_domain_moe,530,original_faces_c23/607,ffpp_test:49,0,real,h264_crf30_then_resize075,0.43448489904403687,0.43448489904403687,1
trimoe,three_domain_moe,531,original_faces_c23/683,ffpp_test:49,0,real,h264_crf30_then_resize075,0.48358792066574097,0.48358792066574097,0
trimoe,three_domain_moe,532,deepfakes_faces_c23/607_683,ffpp_test:49,1,deepfakes,h264_crf30_then_resize075,0.3889981508255005,0.3889981508255005,1
trimoe,three_domain_moe,533,deepfakes_faces_c23/683_607,ffpp_test:49,1,deepfakes,h264_crf30_then_resize075,0.8090721368789673,0.8090721368789673,1
trimoe,three_domain_moe,534,face2face_faces_c23/607_683,ffpp_test:49,1,face2face,h264_crf30_then_resize075,0.3385746479034424,0.3385746479034424,1
trimoe,three_domain_moe,535,face2face_faces_c23/683_607,ffpp_test:49,1,face2face,h264_crf30_then_resize075,0.4843297600746155,0.4843297600746155,0
trimoe,three_domain_moe,536,faceswap_faces_c23/607_683,ffpp_test:49,1,faceswap,h264_crf30_then_resize075,0.45263242721557617,0.45263242721557617,1
trimoe,three_domain_moe,537,faceswap_faces_c23/683_607,ffpp_test:49,1,faceswap,h264_crf30_then_resize075,0.5102440714836121,0.5102440714836121,0
trimoe,three_domain_moe,538,neuraltextures_faces_c23/607_683,ffpp_test:49,1,neuraltextures,h264_crf30_then_resize075,0.41871845722198486,0.41871845722198486,1
trimoe,three_domain_moe,539,neuraltextures_faces_c23/683_607,ffpp_test:49,1,neuraltextures,h264_crf30_then_resize075,0.47025591135025024,0.47025591135025024,0
trimoe,three_domain_moe,540,original_faces_c23/517,ffpp_test:45,0,real,h264_crf30_then_resize075,0.4721994400024414,0.4721994400024414,0
trimoe,three_domain_moe,541,original_faces_c23/521,ffpp_test:45,0,real,h264_crf30_then_resize075,0.419791042804718,0.419791042804718,0
trimoe,three_domain_moe,542,deepfakes_faces_c23/517_521,ffpp_test:45,1,deepfakes,h264_crf30_then_resize075,0.45616650581359863,0.45616650581359863,0
trimoe,three_domain_moe,543,deepfakes_faces_c23/521_517,ffpp_test:45,1,deepfakes,h264_crf30_then_resize075,0.3799890875816345,0.3799890875816345,0
trimoe,three_domain_moe,544,face2face_faces_c23/517_521,ffpp_test:45,1,face2face,h264_crf30_then_resize075,0.7884766459465027,0.7884766459465027,1
trimoe,three_domain_moe,545,face2face_faces_c23/521_517,ffpp_test:45,1,face2face,h264_crf30_then_resize075,0.6579365134239197,0.6579365134239197,1
trimoe,three_domain_moe,546,faceswap_faces_c23/517_521,ffpp_test:45,1,faceswap,h264_crf30_then_resize075,0.7535607814788818,0.7535607814788818,1
trimoe,three_domain_moe,547,faceswap_faces_c23/521_517,ffpp_test:45,1,faceswap,h264_crf30_then_resize075,0.7498363852500916,0.7498363852500916,1
trimoe,three_domain_moe,548,neuraltextures_faces_c23/517_521,ffpp_test:45,1,neuraltextures,h264_crf30_then_resize075,0.7061077952384949,0.7061077952384949,1
trimoe,three_domain_moe,549,neuraltextures_faces_c23/521_517,ffpp_test:45,1,neuraltextures,h264_crf30_then_resize075,0.3657193183898926,0.3657193183898926,0
trimoe,three_domain_moe,550,original_faces_c23/682,ffpp_test:55,0,real,h264_crf30_then_resize075,0.49653154611587524,0.49653154611587524,0
trimoe,three_domain_moe,551,original_faces_c23/669,ffpp_test:55,0,real,h264_crf30_then_resize075,0.4871569573879242,0.4871569573879242,0
trimoe,three_domain_moe,552,deepfakes_faces_c23/682_669,ffpp_test:55,1,deepfakes,h264_crf30_then_resize075,0.7740156650543213,0.7740156650543213,1
trimoe,three_domain_moe,553,deepfakes_faces_c23/669_682,ffpp_test:55,1,deepfakes,h264_crf30_then_resize075,0.7713737487792969,0.7713737487792969,1
trimoe,three_domain_moe,554,face2face_faces_c23/682_669,ffpp_test:55,1,face2face,h264_crf30_then_resize075,0.7717361450195312,0.7717361450195312,1
trimoe,three_domain_moe,555,face2face_faces_c23/669_682,ffpp_test:55,1,face2face,h264_crf30_then_resize075,0.7872310876846313,0.7872310876846313,1
trimoe,three_domain_moe,556,faceswap_faces_c23/682_669,ffpp_test:55,1,faceswap,h264_crf30_then_resize075,0.49223995208740234,0.49223995208740234,0
trimoe,three_domain_moe,557,faceswap_faces_c23/669_682,ffpp_test:55,1,faceswap,h264_crf30_then_resize075,0.8178058862686157,0.8178058862686157,1
trimoe,three_domain_moe,558,neuraltextures_faces_c23/682_669,ffpp_test:55,1,neuraltextures,h264_crf30_then_resize075,0.7368437051773071,0.7368437051773071,1
trimoe,three_domain_moe,559,neuraltextures_faces_c23/669_682,ffpp_test:55,1,neuraltextures,h264_crf30_then_resize075,0.7683063745498657,0.7683063745498657,1
trimoe,three_domain_moe,560,original_faces_c23/138,ffpp_test:12,0,real,h264_crf30_then_resize075,0.7800115346908569,0.7800115346908569,1
trimoe,three_domain_moe,561,original_faces_c23/142,ffpp_test:12,0,real,h264_crf30_then_resize075,0.4052189290523529,0.4052189290523529,0
trimoe,three_domain_moe,562,deepfakes_faces_c23/138_142,ffpp_test:12,1,deepfakes,h264_crf30_then_resize075,0.8232306241989136,0.8232306241989136,1
trimoe,three_domain_moe,563,deepfakes_faces_c23/142_138,ffpp_test:12,1,deepfakes,h264_crf30_then_resize075,0.39652734994888306,0.39652734994888306,1
trimoe,three_domain_moe,564,face2face_faces_c23/138_142,ffpp_test:12,1,face2face,h264_crf30_then_resize075,0.8243417739868164,0.8243417739868164,1
trimoe,three_domain_moe,565,face2face_faces_c23/142_138,ffpp_test:12,1,face2face,h264_crf30_then_resize075,0.7387686967849731,0.7387686967849731,1
trimoe,three_domain_moe,566,faceswap_faces_c23/138_142,ffpp_test:12,1,faceswap,h264_crf30_then_resize075,0.8246037364006042,0.8246037364006042,1
trimoe,three_domain_moe,567,faceswap_faces_c23/142_138,ffpp_test:12,1,faceswap,h264_crf30_then_resize075,0.6217255592346191,0.6217255592346191,0
trimoe,three_domain_moe,568,neuraltextures_faces_c23/138_142,ffpp_test:12,1,neuraltextures,h264_crf30_then_resize075,0.8273085951805115,0.8273085951805115,1
trimoe,three_domain_moe,569,neuraltextures_faces_c23/142_138,ffpp_test:12,1,neuraltextures,h264_crf30_then_resize075,0.7063876390457153,0.7063876390457153,1
trimoe,three_domain_moe,570,original_faces_c23/552,ffpp_test:47,0,real,h264_crf30_then_resize075,0.48070281744003296,0.48070281744003296,0
trimoe,three_domain_moe,571,original_faces_c23/851,ffpp_test:47,0,real,h264_crf30_then_resize075,0.8153029680252075,0.8153029680252075,1
trimoe,three_domain_moe,572,deepfakes_faces_c23/552_851,ffpp_test:47,1,deepfakes,h264_crf30_then_resize075,0.8044809103012085,0.8044809103012085,1
trimoe,three_domain_moe,573,deepfakes_faces_c23/851_552,ffpp_test:47,1,deepfakes,h264_crf30_then_resize075,0.8042763471603394,0.8042763471603394,1
trimoe,three_domain_moe,574,face2face_faces_c23/552_851,ffpp_test:47,1,face2face,h264_crf30_then_resize075,0.8003033399581909,0.8003033399581909,1
trimoe,three_domain_moe,575,face2face_faces_c23/851_552,ffpp_test:47,1,face2face,h264_crf30_then_resize075,0.7863697409629822,0.7863697409629822,1
trimoe,three_domain_moe,576,faceswap_faces_c23/552_851,ffpp_test:47,1,faceswap,h264_crf30_then_resize075,0.7239915132522583,0.7239915132522583,1
trimoe,three_domain_moe,577,faceswap_faces_c23/851_552,ffpp_test:47,1,faceswap,h264_crf30_then_resize075,0.561616063117981,0.561616063117981,0
trimoe,three_domain_moe,578,neuraltextures_faces_c23/552_851,ffpp_test:47,1,neuraltextures,h264_crf30_then_resize075,0.7957175970077515,0.7957175970077515,1
trimoe,three_domain_moe,579,neuraltextures_faces_c23/851_552,ffpp_test:47,1,neuraltextures,h264_crf30_then_resize075,0.8192310333251953,0.8192310333251953,1
trimoe,three_domain_moe,580,original_faces_c23/376,ffpp_test:31,0,real,h264_crf30_then_resize075,0.17787253856658936,0.17787253856658936,0
trimoe,three_domain_moe,581,original_faces_c23/381,ffpp_test:31,0,real,h264_crf30_then_resize075,0.3197970986366272,0.3197970986366272,0
trimoe,three_domain_moe,582,deepfakes_faces_c23/376_381,ffpp_test:31,1,deepfakes,h264_crf30_then_resize075,0.4763546586036682,0.4763546586036682,0
trimoe,three_domain_moe,583,deepfakes_faces_c23/381_376,ffpp_test:31,1,deepfakes,h264_crf30_then_resize075,0.7015535831451416,0.7015535831451416,1
trimoe,three_domain_moe,584,face2face_faces_c23/376_381,ffpp_test:31,1,face2face,h264_crf30_then_resize075,0.5762708187103271,0.5762708187103271,0
trimoe,three_domain_moe,585,face2face_faces_c23/381_376,ffpp_test:31,1,face2face,h264_crf30_then_resize075,0.2756595015525818,0.2756595015525818,0
trimoe,three_domain_moe,586,faceswap_faces_c23/376_381,ffpp_test:31,1,faceswap,h264_crf30_then_resize075,0.5595754981040955,0.5595754981040955,0
trimoe,three_domain_moe,587,faceswap_faces_c23/381_376,ffpp_test:31,1,faceswap,h264_crf30_then_resize075,0.7453803420066833,0.7453803420066833,1
trimoe,three_domain_moe,588,neuraltextures_faces_c23/376_381,ffpp_test:31,1,neuraltextures,h264_crf30_then_resize075,0.5729532241821289,0.5729532241821289,0
trimoe,three_domain_moe,589,neuraltextures_faces_c23/381_376,ffpp_test:31,1,neuraltextures,h264_crf30_then_resize075,0.17812125384807587,0.17812125384807587,0
trimoe,three_domain_moe,590,original_faces_c23/000,ffpp_test:0,0,real,h264_crf30_then_resize075,0.4966692626476288,0.4966692626476288,0
trimoe,three_domain_moe,591,original_faces_c23/003,ffpp_test:0,0,real,h264_crf30_then_resize075,0.24713274836540222,0.24713274836540222,0
trimoe,three_domain_moe,592,deepfakes_faces_c23/000_003,ffpp_test:0,1,deepfakes,h264_crf30_then_resize075,0.823208212852478,0.823208212852478,1
trimoe,three_domain_moe,593,deepfakes_faces_c23/003_000,ffpp_test:0,1,deepfakes,h264_crf30_then_resize075,0.4647015333175659,0.4647015333175659,0
trimoe,three_domain_moe,594,face2face_faces_c23/000_003,ffpp_test:0,1,face2face,h264_crf30_then_resize075,0.49683600664138794,0.49683600664138794,1
trimoe,three_domain_moe,595,face2face_faces_c23/003_000,ffpp_test:0,1,face2face,h264_crf30_then_resize075,0.6471497416496277,0.6471497416496277,0
trimoe,three_domain_moe,596,faceswap_faces_c23/000_003,ffpp_test:0,1,faceswap,h264_crf30_then_resize075,0.7971802949905396,0.7971802949905396,1
trimoe,three_domain_moe,597,faceswap_faces_c23/003_000,ffpp_test:0,1,faceswap,h264_crf30_then_resize075,0.5009095668792725,0.5009095668792725,0
trimoe,three_domain_moe,598,neuraltextures_faces_c23/000_003,ffpp_test:0,1,neuraltextures,h264_crf30_then_resize075,0.7947866320610046,0.7947866320610046,1
trimoe,three_domain_moe,599,neuraltextures_faces_c23/003_000,ffpp_test:0,1,neuraltextures,h264_crf30_then_resize075,0.39249640703201294,0.39249640703201294,0
trimoe,three_domain_moe,600,original_faces_c23/048,ffpp_test:4,0,real,h264_crf30_then_resize075,0.30550894141197205,0.30550894141197205,0
trimoe,three_domain_moe,601,original_faces_c23/029,ffpp_test:4,0,real,h264_crf30_then_resize075,0.287485808134079,0.287485808134079,0
trimoe,three_domain_moe,602,deepfakes_faces_c23/048_029,ffpp_test:4,1,deepfakes,h264_crf30_then_resize075,0.8084615468978882,0.8084615468978882,1
trimoe,three_domain_moe,603,deepfakes_faces_c23/029_048,ffpp_test:4,1,deepfakes,h264_crf30_then_resize075,0.23587903380393982,0.23587903380393982,0
trimoe,three_domain_moe,604,face2face_faces_c23/048_029,ffpp_test:4,1,face2face,h264_crf30_then_resize075,0.4902540147304535,0.4902540147304535,1
trimoe,three_domain_moe,605,face2face_faces_c23/029_048,ffpp_test:4,1,face2face,h264_crf30_then_resize075,0.7300881147384644,0.7300881147384644,1
trimoe,three_domain_moe,606,faceswap_faces_c23/048_029,ffpp_test:4,1,faceswap,h264_crf30_then_resize075,0.46110495924949646,0.46110495924949646,1
trimoe,three_domain_moe,607,faceswap_faces_c23/029_048,ffpp_test:4,1,faceswap,h264_crf30_then_resize075,0.5362018346786499,0.5362018346786499,0
trimoe,three_domain_moe,608,neuraltextures_faces_c23/048_029,ffpp_test:4,1,neuraltextures,h264_crf30_then_resize075,0.7844672203063965,0.7844672203063965,1
trimoe,three_domain_moe,609,neuraltextures_faces_c23/029_048,ffpp_test:4,1,neuraltextures,h264_crf30_then_resize075,0.6781318187713623,0.6781318187713623,1
trimoe,three_domain_moe,610,original_faces_c23/724,ffpp_test:59,0,real,h264_crf30_then_resize075,0.33552584052085876,0.33552584052085876,0
trimoe,three_domain_moe,611,original_faces_c23/725,ffpp_test:59,0,real,h264_crf30_then_resize075,0.38982290029525757,0.38982290029525757,1
trimoe,three_domain_moe,612,deepfakes_faces_c23/724_725,ffpp_test:59,1,deepfakes,h264_crf30_then_resize075,0.7778652906417847,0.7778652906417847,1
trimoe,three_domain_moe,613,deepfakes_faces_c23/725_724,ffpp_test:59,1,deepfakes,h264_crf30_then_resize075,0.8107331991195679,0.8107331991195679,1
trimoe,three_domain_moe,614,face2face_faces_c23/724_725,ffpp_test:59,1,face2face,h264_crf30_then_resize075,0.506054162979126,0.506054162979126,0
trimoe,three_domain_moe,615,face2face_faces_c23/725_724,ffpp_test:59,1,face2face,h264_crf30_then_resize075,0.7528939247131348,0.7528939247131348,1
trimoe,three_domain_moe,616,faceswap_faces_c23/724_725,ffpp_test:59,1,faceswap,h264_crf30_then_resize075,0.8254918456077576,0.8254918456077576,1
trimoe,three_domain_moe,617,faceswap_faces_c23/725_724,ffpp_test:59,1,faceswap,h264_crf30_then_resize075,0.7809993624687195,0.7809993624687195,1
trimoe,three_domain_moe,618,neuraltextures_faces_c23/724_725,ffpp_test:59,1,neuraltextures,h264_crf30_then_resize075,0.7952032089233398,0.7952032089233398,1
trimoe,three_domain_moe,619,neuraltextures_faces_c23/725_724,ffpp_test:59,1,neuraltextures,h264_crf30_then_resize075,0.7620104551315308,0.7620104551315308,1
trimoe,three_domain_moe,620,original_faces_c23/608,ffpp_test:50,0,real,h264_crf30_then_resize075,0.47416576743125916,0.47416576743125916,0
trimoe,three_domain_moe,621,original_faces_c23/675,ffpp_test:50,0,real,h264_crf30_then_resize075,0.4333639144897461,0.4333639144897461,0
trimoe,three_domain_moe,622,deepfakes_faces_c23/608_675,ffpp_test:50,1,deepfakes,h264_crf30_then_resize075,0.8215439319610596,0.8215439319610596,1
trimoe,three_domain_moe,623,deepfakes_faces_c23/675_608,ffpp_test:50,1,deepfakes,h264_crf30_then_resize075,0.6912244558334351,0.6912244558334351,1
trimoe,three_domain_moe,624,face2face_faces_c23/608_675,ffpp_test:50,1,face2face,h264_crf30_then_resize075,0.7487093806266785,0.7487093806266785,1
trimoe,three_domain_moe,625,face2face_faces_c23/675_608,ffpp_test:50,1,face2face,h264_crf30_then_resize075,0.5129113793373108,0.5129113793373108,0
trimoe,three_domain_moe,626,faceswap_faces_c23/608_675,ffpp_test:50,1,faceswap,h264_crf30_then_resize075,0.8129873275756836,0.8129873275756836,1
trimoe,three_domain_moe,627,faceswap_faces_c23/675_608,ffpp_test:50,1,faceswap,h264_crf30_then_resize075,0.5017716884613037,0.5017716884613037,0
trimoe,three_domain_moe,628,neuraltextures_faces_c23/608_675,ffpp_test:50,1,neuraltextures,h264_crf30_then_resize075,0.746295154094696,0.746295154094696,1
trimoe,three_domain_moe,629,neuraltextures_faces_c23/675_608,ffpp_test:50,1,neuraltextures,h264_crf30_then_resize075,0.4079161286354065,0.4079161286354065,0
trimoe,three_domain_moe,630,original_faces_c23/386,ffpp_test:14,0,real,h264_crf30_then_resize075,0.4296073913574219,0.4296073913574219,0
trimoe,three_domain_moe,631,original_faces_c23/154,ffpp_test:14,0,real,h264_crf30_then_resize075,0.48102685809135437,0.48102685809135437,1
trimoe,three_domain_moe,632,deepfakes_faces_c23/386_154,ffpp_test:14,1,deepfakes,h264_crf30_then_resize075,0.7935945987701416,0.7935945987701416,1
trimoe,three_domain_moe,633,deepfakes_faces_c23/154_386,ffpp_test:14,1,deepfakes,h264_crf30_then_resize075,0.44582444429397583,0.44582444429397583,0
trimoe,three_domain_moe,634,face2face_faces_c23/386_154,ffpp_test:14,1,face2face,h264_crf30_then_resize075,0.2765330672264099,0.2765330672264099,0
trimoe,three_domain_moe,635,face2face_faces_c23/154_386,ffpp_test:14,1,face2face,h264_crf30_then_resize075,0.6946611404418945,0.6946611404418945,1
trimoe,three_domain_moe,636,faceswap_faces_c23/386_154,ffpp_test:14,1,faceswap,h264_crf30_then_resize075,0.40167805552482605,0.40167805552482605,0
trimoe,three_domain_moe,637,faceswap_faces_c23/154_386,ffpp_test:14,1,faceswap,h264_crf30_then_resize075,0.4146580100059509,0.4146580100059509,1
trimoe,three_domain_moe,638,neuraltextures_faces_c23/386_154,ffpp_test:14,1,neuraltextures,h264_crf30_then_resize075,0.42244333028793335,0.42244333028793335,0
trimoe,three_domain_moe,639,neuraltextures_faces_c23/154_386,ffpp_test:14,1,neuraltextures,h264_crf30_then_resize075,0.48537346720695496,0.48537346720695496,1
trimoe,three_domain_moe,640,original_faces_c23/220,ffpp_test:20,0,real,h264_crf30_then_resize075,0.48159360885620117,0.48159360885620117,1
trimoe,three_domain_moe,641,original_faces_c23/219,ffpp_test:20,0,real,h264_crf30_then_resize075,0.3359827399253845,0.3359827399253845,0
trimoe,three_domain_moe,642,deepfakes_faces_c23/220_219,ffpp_test:20,1,deepfakes,h264_crf30_then_resize075,0.6831607818603516,0.6831607818603516,1
trimoe,three_domain_moe,643,deepfakes_faces_c23/219_220,ffpp_test:20,1,deepfakes,h264_crf30_then_resize075,0.7981266379356384,0.7981266379356384,1
trimoe,three_domain_moe,644,face2face_faces_c23/220_219,ffpp_test:20,1,face2face,h264_crf30_then_resize075,0.4487607479095459,0.4487607479095459,1
trimoe,three_domain_moe,645,face2face_faces_c23/219_220,ffpp_test:20,1,face2face,h264_crf30_then_resize075,0.505462110042572,0.505462110042572,0
trimoe,three_domain_moe,646,faceswap_faces_c23/220_219,ffpp_test:20,1,faceswap,h264_crf30_then_resize075,0.6457566618919373,0.6457566618919373,1
trimoe,three_domain_moe,647,faceswap_faces_c23/219_220,ffpp_test:20,1,faceswap,h264_crf30_then_resize075,0.8076109886169434,0.8076109886169434,1
trimoe,three_domain_moe,648,neuraltextures_faces_c23/220_219,ffpp_test:20,1,neuraltextures,h264_crf30_then_resize075,0.7982547283172607,0.7982547283172607,1
trimoe,three_domain_moe,649,neuraltextures_faces_c23/219_220,ffpp_test:20,1,neuraltextures,h264_crf30_then_resize075,0.6941263675689697,0.6941263675689697,1
trimoe,three_domain_moe,650,original_faces_c23/801,ffpp_test:63,0,real,h264_crf30_then_resize075,0.4312675893306732,0.4312675893306732,1
trimoe,three_domain_moe,651,original_faces_c23/855,ffpp_test:63,0,real,h264_crf30_then_resize075,0.3650679588317871,0.3650679588317871,1
trimoe,three_domain_moe,652,deepfakes_faces_c23/801_855,ffpp_test:63,1,deepfakes,h264_crf30_then_resize075,0.8097431659698486,0.8097431659698486,1
trimoe,three_domain_moe,653,deepfakes_faces_c23/855_801,ffpp_test:63,1,deepfakes,h264_crf30_then_resize075,0.8149828314781189,0.8149828314781189,1
trimoe,three_domain_moe,654,face2face_faces_c23/801_855,ffpp_test:63,1,face2face,h264_crf30_then_resize075,0.8131203055381775,0.8131203055381775,1
trimoe,three_domain_moe,655,face2face_faces_c23/855_801,ffpp_test:63,1,face2face,h264_crf30_then_resize075,0.8204464912414551,0.8204464912414551,1
trimoe,three_domain_moe,656,faceswap_faces_c23/801_855,ffpp_test:63,1,faceswap,h264_crf30_then_resize075,0.8142160177230835,0.8142160177230835,1
trimoe,three_domain_moe,657,faceswap_faces_c23/855_801,ffpp_test:63,1,faceswap,h264_crf30_then_resize075,0.7291151285171509,0.7291151285171509,1
trimoe,three_domain_moe,658,neuraltextures_faces_c23/801_855,ffpp_test:63,1,neuraltextures,h264_crf30_then_resize075,0.7679802775382996,0.7679802775382996,1
trimoe,three_domain_moe,659,neuraltextures_faces_c23/855_801,ffpp_test:63,1,neuraltextures,h264_crf30_then_resize075,0.785930871963501,0.785930871963501,1
trimoe,three_domain_moe,660,original_faces_c23/161,ffpp_test:13,0,real,h264_crf30_then_resize075,0.4102603793144226,0.4102603793144226,1
trimoe,three_domain_moe,661,original_faces_c23/141,ffpp_test:13,0,real,h264_crf30_then_resize075,0.4982021749019623,0.4982021749019623,0
trimoe,three_domain_moe,662,deepfakes_faces_c23/161_141,ffpp_test:13,1,deepfakes,h264_crf30_then_resize075,0.4129411578178406,0.4129411578178406,1
trimoe,three_domain_moe,663,deepfakes_faces_c23/141_161,ffpp_test:13,1,deepfakes,h264_crf30_then_resize075,0.49102020263671875,0.49102020263671875,0
trimoe,three_domain_moe,664,face2face_faces_c23/161_141,ffpp_test:13,1,face2face,h264_crf30_then_resize075,0.4110642373561859,0.4110642373561859,1
trimoe,three_domain_moe,665,face2face_faces_c23/141_161,ffpp_test:13,1,face2face,h264_crf30_then_resize075,0.5023170113563538,0.5023170113563538,0
trimoe,three_domain_moe,666,faceswap_faces_c23/161_141,ffpp_test:13,1,faceswap,h264_crf30_then_resize075,0.4132630228996277,0.4132630228996277,1
trimoe,three_domain_moe,667,faceswap_faces_c23/141_161,ffpp_test:13,1,faceswap,h264_crf30_then_resize075,0.512371301651001,0.512371301651001,0
trimoe,three_domain_moe,668,neuraltextures_faces_c23/161_141,ffpp_test:13,1,neuraltextures,h264_crf30_then_resize075,0.4389643669128418,0.4389643669128418,1
trimoe,three_domain_moe,669,neuraltextures_faces_c23/141_161,ffpp_test:13,1,neuraltextures,h264_crf30_then_resize075,0.5089139938354492,0.5089139938354492,0
trimoe,three_domain_moe,670,original_faces_c23/949,ffpp_test:66,0,real,h264_crf30_then_resize075,0.3886792063713074,0.3886792063713074,0
trimoe,three_domain_moe,671,original_faces_c23/868,ffpp_test:66,0,real,h264_crf30_then_resize075,0.4502761960029602,0.4502761960029602,0
trimoe,three_domain_moe,672,deepfakes_faces_c23/949_868,ffpp_test:66,1,deepfakes,h264_crf30_then_resize075,0.707040548324585,0.707040548324585,1
trimoe,three_domain_moe,673,deepfakes_faces_c23/868_949,ffpp_test:66,1,deepfakes,h264_crf30_then_resize075,0.7830179929733276,0.7830179929733276,1
trimoe,three_domain_moe,674,face2face_faces_c23/949_868,ffpp_test:66,1,face2face,h264_crf30_then_resize075,0.6694033145904541,0.6694033145904541,1
trimoe,three_domain_moe,675,face2face_faces_c23/868_949,ffpp_test:66,1,face2face,h264_crf30_then_resize075,0.45043832063674927,0.45043832063674927,0
trimoe,three_domain_moe,676,faceswap_faces_c23/949_868,ffpp_test:66,1,faceswap,h264_crf30_then_resize075,0.35366806387901306,0.35366806387901306,0
trimoe,three_domain_moe,677,faceswap_faces_c23/868_949,ffpp_test:66,1,faceswap,h264_crf30_then_resize075,0.5326604247093201,0.5326604247093201,0
trimoe,three_domain_moe,678,neuraltextures_faces_c23/949_868,ffpp_test:66,1,neuraltextures,h264_crf30_then_resize075,0.32919740676879883,0.32919740676879883,0
trimoe,three_domain_moe,679,neuraltextures_faces_c23/868_949,ffpp_test:66,1,neuraltextures,h264_crf30_then_resize075,0.4661679267883301,0.4661679267883301,0
trimoe,three_domain_moe,680,original_faces_c23/880,ffpp_test:11,0,real,h264_crf30_then_resize075,0.8017799854278564,0.8017799854278564,1
trimoe,three_domain_moe,681,original_faces_c23/135,ffpp_test:11,0,real,h264_crf30_then_resize075,0.4859035015106201,0.4859035015106201,1
trimoe,three_domain_moe,682,deepfakes_faces_c23/880_135,ffpp_test:11,1,deepfakes,h264_crf30_then_resize075,0.4488632082939148,0.4488632082939148,0
trimoe,three_domain_moe,683,deepfakes_faces_c23/135_880,ffpp_test:11,1,deepfakes,h264_crf30_then_resize075,0.8156478404998779,0.8156478404998779,1
trimoe,three_domain_moe,684,face2face_faces_c23/880_135,ffpp_test:11,1,face2face,h264_crf30_then_resize075,0.8070024847984314,0.8070024847984314,1
trimoe,three_domain_moe,685,face2face_faces_c23/135_880,ffpp_test:11,1,face2face,h264_crf30_then_resize075,0.799613356590271,0.799613356590271,1
trimoe,three_domain_moe,686,faceswap_faces_c23/880_135,ffpp_test:11,1,faceswap,h264_crf30_then_resize075,0.5259857177734375,0.5259857177734375,0
trimoe,three_domain_moe,687,faceswap_faces_c23/135_880,ffpp_test:11,1,faceswap,h264_crf30_then_resize075,0.8294347524642944,0.8294347524642944,1
trimoe,three_domain_moe,688,neuraltextures_faces_c23/880_135,ffpp_test:11,1,neuraltextures,h264_crf30_then_resize075,0.5131320357322693,0.5131320357322693,0
trimoe,three_domain_moe,689,neuraltextures_faces_c23/135_880,ffpp_test:11,1,neuraltextures,h264_crf30_then_resize075,0.5244082808494568,0.5244082808494568,1
trimoe,three_domain_moe,690,original_faces_c23/429,ffpp_test:35,0,real,h264_crf30_then_resize075,0.4748018682003021,0.4748018682003021,0
trimoe,three_domain_moe,691,original_faces_c23/404,ffpp_test:35,0,real,h264_crf30_then_resize075,0.39050787687301636,0.39050787687301636,1
trimoe,three_domain_moe,692,deepfakes_faces_c23/429_404,ffpp_test:35,1,deepfakes,h264_crf30_then_resize075,0.7823606729507446,0.7823606729507446,1
trimoe,three_domain_moe,693,deepfakes_faces_c23/404_429,ffpp_test:35,1,deepfakes,h264_crf30_then_resize075,0.4830610156059265,0.4830610156059265,1
trimoe,three_domain_moe,694,face2face_faces_c23/429_404,ffpp_test:35,1,face2face,h264_crf30_then_resize075,0.7942175269126892,0.7942175269126892,1
trimoe,three_domain_moe,695,face2face_faces_c23/404_429,ffpp_test:35,1,face2face,h264_crf30_then_resize075,0.6543076038360596,0.6543076038360596,1
trimoe,three_domain_moe,696,faceswap_faces_c23/429_404,ffpp_test:35,1,faceswap,h264_crf30_then_resize075,0.6810573935508728,0.6810573935508728,1
trimoe,three_domain_moe,697,faceswap_faces_c23/404_429,ffpp_test:35,1,faceswap,h264_crf30_then_resize075,0.7228517532348633,0.7228517532348633,1
trimoe,three_domain_moe,698,neuraltextures_faces_c23/429_404,ffpp_test:35,1,neuraltextures,h264_crf30_then_resize075,0.742393434047699,0.742393434047699,1
trimoe,three_domain_moe,699,neuraltextures_faces_c23/404_429,ffpp_test:35,1,neuraltextures,h264_crf30_then_resize075,0.6852468252182007,0.6852468252182007,1
