model_id,model_type,checkpoint_count,seed,video_id,path,source_identity,label,manipulation,codec_environment,score,probability
f3net_deepfakebench,external,1,official,0,original_faces_c23/953,ffpp_test:68,0,real,canonical,-5.31463623046875,0.004894989053705796
f3net_deepfakebench,external,1,official,1,original_faces_c23/974,ffpp_test:68,0,real,canonical,-4.893096923828125,0.007442361180188593
f3net_deepfakebench,external,1,official,2,deepfakes_faces_c23/953_974,ffpp_test:68,1,deepfakes,canonical,4.956815719604492,0.9930138550343712
f3net_deepfakebench,external,1,official,3,deepfakes_faces_c23/974_953,ffpp_test:68,1,deepfakes,canonical,4.021492004394531,0.9823894904888267
f3net_deepfakebench,external,1,official,4,face2face_faces_c23/953_974,ffpp_test:68,1,face2face,canonical,4.33917236328125,0.9871207179631755
f3net_deepfakebench,external,1,official,5,face2face_faces_c23/974_953,ffpp_test:68,1,face2face,canonical,5.705322265625,0.996682835555779
f3net_deepfakebench,external,1,official,6,faceswap_faces_c23/953_974,ffpp_test:68,1,faceswap,canonical,2.282928466796875,0.9074532785022451
f3net_deepfakebench,external,1,official,7,faceswap_faces_c23/974_953,ffpp_test:68,1,faceswap,canonical,3.663330078125,0.9749943549089812
f3net_deepfakebench,external,1,official,8,neuraltextures_faces_c23/953_974,ffpp_test:68,1,neuraltextures,canonical,1.305851697921753,0.7868181669219125
f3net_deepfakebench,external,1,official,9,neuraltextures_faces_c23/974_953,ffpp_test:68,1,neuraltextures,canonical,3.0514984130859375,0.9548471732197402
f3net_deepfakebench,external,1,official,10,original_faces_c23/012,ffpp_test:1,0,real,canonical,-2.180238723754883,0.10153914730869651
f3net_deepfakebench,external,1,official,11,original_faces_c23/026,ffpp_test:1,0,real,canonical,-3.903778076171875,0.01976696786905639
f3net_deepfakebench,external,1,official,12,deepfakes_faces_c23/012_026,ffpp_test:1,1,deepfakes,canonical,0.5182895660400391,0.6267477227439127
f3net_deepfakebench,external,1,official,13,deepfakes_faces_c23/026_012,ffpp_test:1,1,deepfakes,canonical,6.9410400390625,0.9990336716113206
f3net_deepfakebench,external,1,official,14,face2face_faces_c23/012_026,ffpp_test:1,1,face2face,canonical,5.2038116455078125,0.9945344590465619
f3net_deepfakebench,external,1,official,15,face2face_faces_c23/026_012,ffpp_test:1,1,face2face,canonical,2.9650611877441406,0.9509705141476966
f3net_deepfakebench,external,1,official,16,faceswap_faces_c23/012_026,ffpp_test:1,1,faceswap,canonical,4.98822021484375,0.9932283795735933
f3net_deepfakebench,external,1,official,17,faceswap_faces_c23/026_012,ffpp_test:1,1,faceswap,canonical,6.81243896484375,0.998901201937495
f3net_deepfakebench,external,1,official,18,neuraltextures_faces_c23/012_026,ffpp_test:1,1,neuraltextures,canonical,7.11279296875,0.9991860464469648
f3net_deepfakebench,external,1,official,19,neuraltextures_faces_c23/026_012,ffpp_test:1,1,neuraltextures,canonical,2.066661834716797,0.887620408670523
f3net_deepfakebench,external,1,official,20,original_faces_c23/078,ffpp_test:8,0,real,canonical,-4.40966796875,0.012013144493555582
f3net_deepfakebench,external,1,official,21,original_faces_c23/955,ffpp_test:8,0,real,canonical,-3.505950927734375,0.02914338231008048
f3net_deepfakebench,external,1,official,22,deepfakes_faces_c23/078_955,ffpp_test:8,1,deepfakes,canonical,7.3546142578125,0.9993607747663951
f3net_deepfakebench,external,1,official,23,deepfakes_faces_c23/955_078,ffpp_test:8,1,deepfakes,canonical,1.8391895294189453,0.8628528262996971
f3net_deepfakebench,external,1,official,24,face2face_faces_c23/078_955,ffpp_test:8,1,face2face,canonical,1.2487525939941406,0.7770838545338752
f3net_deepfakebench,external,1,official,25,face2face_faces_c23/955_078,ffpp_test:8,1,face2face,canonical,6.2269287109375,0.9980283849940987
f3net_deepfakebench,external,1,official,26,faceswap_faces_c23/078_955,ffpp_test:8,1,faceswap,canonical,7.0716552734375,0.9991518929910149
f3net_deepfakebench,external,1,official,27,faceswap_faces_c23/955_078,ffpp_test:8,1,faceswap,canonical,6.01177978515625,0.9975562621687637
f3net_deepfakebench,external,1,official,28,neuraltextures_faces_c23/078_955,ffpp_test:8,1,neuraltextures,canonical,3.2158737182617188,0.961427282921636
f3net_deepfakebench,external,1,official,29,neuraltextures_faces_c23/955_078,ffpp_test:8,1,neuraltextures,canonical,11.17724609375,0.9999860112914031
f3net_deepfakebench,external,1,official,30,original_faces_c23/623,ffpp_test:51,0,real,canonical,-1.7346644401550293,0.14999191862150274
f3net_deepfakebench,external,1,official,31,original_faces_c23/630,ffpp_test:51,0,real,canonical,-2.611846923828125,0.06837985336471826
f3net_deepfakebench,external,1,official,32,deepfakes_faces_c23/623_630,ffpp_test:51,1,deepfakes,canonical,7.1175537109375,0.9991899091289507
f3net_deepfakebench,external,1,official,33,deepfakes_faces_c23/630_623,ffpp_test:51,1,deepfakes,canonical,5.2646484375,0.9948553931335865
f3net_deepfakebench,external,1,official,34,face2face_faces_c23/623_630,ffpp_test:51,1,face2face,canonical,0.7841720581054688,0.686578590655845
f3net_deepfakebench,external,1,official,35,face2face_faces_c23/630_623,ffpp_test:51,1,face2face,canonical,6.4012451171875,0.998343259616556
f3net_deepfakebench,external,1,official,36,faceswap_faces_c23/623_630,ffpp_test:51,1,faceswap,canonical,4.2750244140625,0.9862791711063582
f3net_deepfakebench,external,1,official,37,faceswap_faces_c23/630_623,ffpp_test:51,1,faceswap,canonical,6.8477783203125,0.9989393141683293
f3net_deepfakebench,external,1,official,38,neuraltextures_faces_c23/623_630,ffpp_test:51,1,neuraltextures,canonical,5.8575439453125,0.9971498912381245
f3net_deepfakebench,external,1,official,39,neuraltextures_faces_c23/630_623,ffpp_test:51,1,neuraltextures,canonical,5.80841064453125,0.9970067883714517
f3net_deepfakebench,external,1,official,40,original_faces_c23/919,ffpp_test:2,0,real,canonical,-4.06549072265625,0.016865252925843486
f3net_deepfakebench,external,1,official,41,original_faces_c23/015,ffpp_test:2,0,real,canonical,-0.6667213439941406,0.3392313750149014
f3net_deepfakebench,external,1,official,42,deepfakes_faces_c23/919_015,ffpp_test:2,1,deepfakes,canonical,6.56402587890625,0.9985917888704131
f3net_deepfakebench,external,1,official,43,deepfakes_faces_c23/015_919,ffpp_test:2,1,deepfakes,canonical,2.9887771606445312,0.9520645334667285
f3net_deepfakebench,external,1,official,44,face2face_faces_c23/919_015,ffpp_test:2,1,face2face,canonical,5.926300048828125,0.9973387646098064
f3net_deepfakebench,external,1,official,45,face2face_faces_c23/015_919,ffpp_test:2,1,face2face,canonical,5.961578369140625,0.9974307747906096
f3net_deepfakebench,external,1,official,46,faceswap_faces_c23/919_015,ffpp_test:2,1,faceswap,canonical,6.904541015625,0.9989977860059158
f3net_deepfakebench,external,1,official,47,faceswap_faces_c23/015_919,ffpp_test:2,1,faceswap,canonical,7.225830078125,0.9992729805754096
f3net_deepfakebench,external,1,official,48,neuraltextures_faces_c23/919_015,ffpp_test:2,1,neuraltextures,canonical,2.2771453857421875,0.9069664590431774
f3net_deepfakebench,external,1,official,49,neuraltextures_faces_c23/015_919,ffpp_test:2,1,neuraltextures,canonical,4.7791595458984375,0.9916669645976106
f3net_deepfakebench,external,1,official,50,original_faces_c23/367,ffpp_test:30,0,real,canonical,-2.932647705078125,0.05056306666845705
f3net_deepfakebench,external,1,official,51,original_faces_c23/371,ffpp_test:30,0,real,canonical,-3.6734580993652344,0.024759904556286183
f3net_deepfakebench,external,1,official,52,deepfakes_faces_c23/367_371,ffpp_test:30,1,deepfakes,canonical,5.246429443359375,0.9947613000543475
f3net_deepfakebench,external,1,official,53,deepfakes_faces_c23/371_367,ffpp_test:30,1,deepfakes,canonical,7.00927734375,0.9990973542609831
f3net_deepfakebench,external,1,official,54,face2face_faces_c23/367_371,ffpp_test:30,1,face2face,canonical,3.2386343479156494,0.9622625494036707
f3net_deepfakebench,external,1,official,55,face2face_faces_c23/371_367,ffpp_test:30,1,face2face,canonical,6.1715087890625,0.9979162678603558
f3net_deepfakebench,external,1,official,56,faceswap_faces_c23/367_371,ffpp_test:30,1,faceswap,canonical,6.43475341796875,0.9983977669011422
f3net_deepfakebench,external,1,official,57,faceswap_faces_c23/371_367,ffpp_test:30,1,faceswap,canonical,5.469097137451172,0.995802655917844
f3net_deepfakebench,external,1,official,58,neuraltextures_faces_c23/367_371,ffpp_test:30,1,neuraltextures,canonical,-0.3867301940917969,0.40450468709626836
f3net_deepfakebench,external,1,official,59,neuraltextures_faces_c23/371_367,ffpp_test:30,1,neuraltextures,canonical,5.83160400390625,0.9970752114106275
f3net_deepfakebench,external,1,official,60,original_faces_c23/847,ffpp_test:65,0,real,canonical,-4.06011962890625,0.016954541529823532
f3net_deepfakebench,external,1,official,61,original_faces_c23/906,ffpp_test:65,0,real,canonical,1.0318957567214966,0.7372832627088389
f3net_deepfakebench,external,1,official,62,deepfakes_faces_c23/847_906,ffpp_test:65,1,deepfakes,canonical,6.4788818359375,0.9984668275367214
f3net_deepfakebench,external,1,official,63,deepfakes_faces_c23/906_847,ffpp_test:65,1,deepfakes,canonical,7.822021484375,0.9995993499539103
f3net_deepfakebench,external,1,official,64,face2face_faces_c23/847_906,ffpp_test:65,1,face2face,canonical,5.513671875,0.9959849081253641
f3net_deepfakebench,external,1,official,65,face2face_faces_c23/906_847,ffpp_test:65,1,face2face,canonical,7.1905517578125,0.9992468944347567
f3net_deepfakebench,external,1,official,66,faceswap_faces_c23/847_906,ffpp_test:65,1,faceswap,canonical,6.24981689453125,0.9980729131886474
f3net_deepfakebench,external,1,official,67,faceswap_faces_c23/906_847,ffpp_test:65,1,faceswap,canonical,7.756103515625,0.9995720617059303
f3net_deepfakebench,external,1,official,68,neuraltextures_faces_c23/847_906,ffpp_test:65,1,neuraltextures,canonical,5.1372222900390625,0.9941603188939205
f3net_deepfakebench,external,1,official,69,neuraltextures_faces_c23/906_847,ffpp_test:65,1,neuraltextures,canonical,9.2430419921875,0.9999032266363289
f3net_deepfakebench,external,1,official,70,original_faces_c23/529,ffpp_test:46,0,real,canonical,-3.89862060546875,0.01986714813583371
f3net_deepfakebench,external,1,official,71,original_faces_c23/633,ffpp_test:46,0,real,canonical,-3.4103317260742188,0.0319741283816537
f3net_deepfakebench,external,1,official,72,deepfakes_faces_c23/529_633,ffpp_test:46,1,deepfakes,canonical,6.049346923828125,0.9976461513032837
f3net_deepfakebench,external,1,official,73,deepfakes_faces_c23/633_529,ffpp_test:46,1,deepfakes,canonical,7.798828125,0.9995899527890774
f3net_deepfakebench,external,1,official,74,face2face_faces_c23/529_633,ffpp_test:46,1,face2face,canonical,6.1304931640625,0.9978292147464347
f3net_deepfakebench,external,1,official,75,face2face_faces_c23/633_529,ffpp_test:46,1,face2face,canonical,6.9490966796875,0.9990414182610803
f3net_deepfakebench,external,1,official,76,faceswap_faces_c23/529_633,ffpp_test:46,1,faceswap,canonical,7.1258544921875,0.9991966003042818
f3net_deepfakebench,external,1,official,77,faceswap_faces_c23/633_529,ffpp_test:46,1,faceswap,canonical,7.056396484375,0.9991388638978029
f3net_deepfakebench,external,1,official,78,neuraltextures_faces_c23/529_633,ffpp_test:46,1,neuraltextures,canonical,6.492340087890625,0.9984872921273817
f3net_deepfakebench,external,1,official,79,neuraltextures_faces_c23/633_529,ffpp_test:46,1,neuraltextures,canonical,7.1009521484375,0.9991763592684616
f3net_deepfakebench,external,1,official,80,original_faces_c23/418,ffpp_test:36,0,real,canonical,-3.2134857177734375,0.03866137339555488
f3net_deepfakebench,external,1,official,81,original_faces_c23/507,ffpp_test:36,0,real,canonical,-2.0885009765625,0.11021949945758787
f3net_deepfakebench,external,1,official,82,deepfakes_faces_c23/418_507,ffpp_test:36,1,deepfakes,canonical,6.89697265625,0.998990179802909
f3net_deepfakebench,external,1,official,83,deepfakes_faces_c23/507_418,ffpp_test:36,1,deepfakes,canonical,7.4776611328125,0.9994347410151727
f3net_deepfakebench,external,1,official,84,face2face_faces_c23/418_507,ffpp_test:36,1,face2face,canonical,5.920654296875,0.997323737765872
f3net_deepfakebench,external,1,official,85,face2face_faces_c23/507_418,ffpp_test:36,1,face2face,canonical,6.3870849609375,0.9983196727309622
f3net_deepfakebench,external,1,official,86,faceswap_faces_c23/418_507,ffpp_test:36,1,faceswap,canonical,5.197784423828125,0.9945015992208516
f3net_deepfakebench,external,1,official,87,faceswap_faces_c23/507_418,ffpp_test:36,1,faceswap,canonical,5.88427734375,0.9972248662515928
f3net_deepfakebench,external,1,official,88,neuraltextures_faces_c23/418_507,ffpp_test:36,1,neuraltextures,canonical,1.4376258850097656,0.8080867368798227
f3net_deepfakebench,external,1,official,89,neuraltextures_faces_c23/507_418,ffpp_test:36,1,neuraltextures,canonical,7.78155517578125,0.9995828115214319
f3net_deepfakebench,external,1,official,90,original_faces_c23/227,ffpp_test:16,0,real,canonical,-1.0928144454956055,0.25108867053045975
f3net_deepfakebench,external,1,official,91,original_faces_c23/169,ffpp_test:16,0,real,canonical,-1.2296104431152344,0.22624961456918524
f3net_deepfakebench,external,1,official,92,deepfakes_faces_c23/227_169,ffpp_test:16,1,deepfakes,canonical,6.4403076171875,0.9984066272145988
f3net_deepfakebench,external,1,official,93,deepfakes_faces_c23/169_227,ffpp_test:16,1,deepfakes,canonical,5.34039306640625,0.9952288866653926
f3net_deepfakebench,external,1,official,94,face2face_faces_c23/227_169,ffpp_test:16,1,face2face,canonical,-1.0764679908752441,0.25417499833133866
f3net_deepfakebench,external,1,official,95,face2face_faces_c23/169_227,ffpp_test:16,1,face2face,canonical,4.92779541015625,0.9928096236269123
f3net_deepfakebench,external,1,official,96,faceswap_faces_c23/227_169,ffpp_test:16,1,faceswap,canonical,3.8728485107421875,0.9796247469971863
f3net_deepfakebench,external,1,official,97,faceswap_faces_c23/169_227,ffpp_test:16,1,faceswap,canonical,4.639251708984375,0.9904275895487452
f3net_deepfakebench,external,1,official,98,neuraltextures_faces_c23/227_169,ffpp_test:16,1,neuraltextures,canonical,-0.961395263671875,0.27659892682858755
f3net_deepfakebench,external,1,official,99,neuraltextures_faces_c23/169_227,ffpp_test:16,1,neuraltextures,canonical,6.64117431640625,0.9986962088094836
f3net_deepfakebench,external,1,official,100,original_faces_c23/389,ffpp_test:33,0,real,canonical,-2.607696533203125,0.06864472415980212
f3net_deepfakebench,external,1,official,101,original_faces_c23/480,ffpp_test:33,0,real,canonical,-1.9586715698242188,0.12361088610531953
f3net_deepfakebench,external,1,official,102,deepfakes_faces_c23/389_480,ffpp_test:33,1,deepfakes,canonical,6.473388671875,0.9984583954138749
f3net_deepfakebench,external,1,official,103,deepfakes_faces_c23/480_389,ffpp_test:33,1,deepfakes,canonical,5.82220458984375,0.9970476720507938
f3net_deepfakebench,external,1,official,104,face2face_faces_c23/389_480,ffpp_test:33,1,face2face,canonical,5.46502685546875,0.9957856088744849
f3net_deepfakebench,external,1,official,105,face2face_faces_c23/480_389,ffpp_test:33,1,face2face,canonical,5.79852294921875,0.9969771355138302
f3net_deepfakebench,external,1,official,106,faceswap_faces_c23/389_480,ffpp_test:33,1,faceswap,canonical,7.6036376953125,0.99950161426141
f3net_deepfakebench,external,1,official,107,faceswap_faces_c23/480_389,ffpp_test:33,1,faceswap,canonical,5.7017822265625,0.9966711110144296
f3net_deepfakebench,external,1,official,108,neuraltextures_faces_c23/389_480,ffpp_test:33,1,neuraltextures,canonical,6.27410888671875,0.9981190749643541
f3net_deepfakebench,external,1,official,109,neuraltextures_faces_c23/480_389,ffpp_test:33,1,neuraltextures,canonical,7.5462646484375,0.9994721997119088
f3net_deepfakebench,external,1,official,110,original_faces_c23/821,ffpp_test:64,0,real,canonical,-1.508671760559082,0.18113572159322813
f3net_deepfakebench,external,1,official,111,original_faces_c23/812,ffpp_test:64,0,real,canonical,-2.0427474975585938,0.11478726006350874
f3net_deepfakebench,external,1,official,112,deepfakes_faces_c23/821_812,ffpp_test:64,1,deepfakes,canonical,5.30120849609375,0.9950391673261613
f3net_deepfakebench,external,1,official,113,deepfakes_faces_c23/812_821,ffpp_test:64,1,deepfakes,canonical,7.65106201171875,0.9995246871967544
f3net_deepfakebench,external,1,official,114,face2face_faces_c23/821_812,ffpp_test:64,1,face2face,canonical,7.34326171875,0.9993534813073289
f3net_deepfakebench,external,1,official,115,face2face_faces_c23/812_821,ffpp_test:64,1,face2face,canonical,6.208984375,0.9979927579914869
f3net_deepfakebench,external,1,official,116,faceswap_faces_c23/821_812,ffpp_test:64,1,faceswap,canonical,6.33880615234375,0.9982367048990209
f3net_deepfakebench,external,1,official,117,faceswap_faces_c23/812_821,ffpp_test:64,1,faceswap,canonical,6.336822509765625,0.9982332098662642
f3net_deepfakebench,external,1,official,118,neuraltextures_faces_c23/821_812,ffpp_test:64,1,neuraltextures,canonical,4.7261962890625,0.9912177037789456
f3net_deepfakebench,external,1,official,119,neuraltextures_faces_c23/812_821,ffpp_test:64,1,neuraltextures,canonical,5.818206787109375,0.9970358806568982
f3net_deepfakebench,external,1,official,120,original_faces_c23/670,ffpp_test:54,0,real,canonical,-3.271350860595703,0.03656720758744072
f3net_deepfakebench,external,1,official,121,original_faces_c23/661,ffpp_test:54,0,real,canonical,-3.541522979736328,0.02815358781926121
f3net_deepfakebench,external,1,official,122,deepfakes_faces_c23/670_661,ffpp_test:54,1,deepfakes,canonical,7.361328125,0.9993650493491685
f3net_deepfakebench,external,1,official,123,deepfakes_faces_c23/661_670,ffpp_test:54,1,deepfakes,canonical,6.1248779296875,0.9978170176751929
f3net_deepfakebench,external,1,official,124,face2face_faces_c23/670_661,ffpp_test:54,1,face2face,canonical,5.45684814453125,0.995751146300789
f3net_deepfakebench,external,1,official,125,face2face_faces_c23/661_670,ffpp_test:54,1,face2face,canonical,5.7916259765625,0.9969562785151014
f3net_deepfakebench,external,1,official,126,faceswap_faces_c23/670_661,ffpp_test:54,1,faceswap,canonical,6.589599609375,0.9986272966780765
f3net_deepfakebench,external,1,official,127,faceswap_faces_c23/661_670,ffpp_test:54,1,faceswap,canonical,6.87890625,0.9989717891128628
f3net_deepfakebench,external,1,official,128,neuraltextures_faces_c23/670_661,ffpp_test:54,1,neuraltextures,canonical,7.09063720703125,0.9991678266012332
f3net_deepfakebench,external,1,official,129,neuraltextures_faces_c23/661_670,ffpp_test:54,1,neuraltextures,canonical,2.2917098999023438,0.9081881252665543
f3net_deepfakebench,external,1,official,130,original_faces_c23/158,ffpp_test:15,0,real,canonical,-0.60040283203125,0.3542515375624177
f3net_deepfakebench,external,1,official,131,original_faces_c23/379,ffpp_test:15,0,real,canonical,-2.0472793579101562,0.1143275758157285
f3net_deepfakebench,external,1,official,132,deepfakes_faces_c23/158_379,ffpp_test:15,1,deepfakes,canonical,1.9228544235229492,0.8724564009980602
f3net_deepfakebench,external,1,official,133,deepfakes_faces_c23/379_158,ffpp_test:15,1,deepfakes,canonical,6.053890228271484,0.9976567962956859
f3net_deepfakebench,external,1,official,134,face2face_faces_c23/158_379,ffpp_test:15,1,face2face,canonical,2.3867416381835938,0.9158106837349397
f3net_deepfakebench,external,1,official,135,face2face_faces_c23/379_158,ffpp_test:15,1,face2face,canonical,4.77935791015625,0.991668603639823
f3net_deepfakebench,external,1,official,136,faceswap_faces_c23/158_379,ffpp_test:15,1,faceswap,canonical,2.1286392211914062,0.8936557557698932
f3net_deepfakebench,external,1,official,137,faceswap_faces_c23/379_158,ffpp_test:15,1,faceswap,canonical,4.81610107421875,0.9919667552909992
f3net_deepfakebench,external,1,official,138,neuraltextures_faces_c23/158_379,ffpp_test:15,1,neuraltextures,canonical,2.202556610107422,0.9004788604949447
f3net_deepfakebench,external,1,official,139,neuraltextures_faces_c23/379_158,ffpp_test:15,1,neuraltextures,canonical,2.237771987915039,0.9035905401909592
f3net_deepfakebench,external,1,official,140,original_faces_c23/423,ffpp_test:37,0,real,canonical,-1.5926170349121094,0.1690160169732068
f3net_deepfakebench,external,1,official,141,original_faces_c23/421,ffpp_test:37,0,real,canonical,-2.899332046508789,0.05218659228251959
f3net_deepfakebench,external,1,official,142,deepfakes_faces_c23/423_421,ffpp_test:37,1,deepfakes,canonical,7.1195068359375,0.9991914885155773
f3net_deepfakebench,external,1,official,143,deepfakes_faces_c23/421_423,ffpp_test:37,1,deepfakes,canonical,4.5632171630859375,0.9896791753764297
f3net_deepfakebench,external,1,official,144,face2face_faces_c23/423_421,ffpp_test:37,1,face2face,canonical,5.061393737792969,0.9937031795711166
f3net_deepfakebench,external,1,official,145,face2face_faces_c23/421_423,ffpp_test:37,1,face2face,canonical,6.11895751953125,0.9978040836552482
f3net_deepfakebench,external,1,official,146,faceswap_faces_c23/423_421,ffpp_test:37,1,faceswap,canonical,5.5533294677734375,0.9961404184831064
f3net_deepfakebench,external,1,official,147,faceswap_faces_c23/421_423,ffpp_test:37,1,faceswap,canonical,4.3298187255859375,0.9870012579375471
f3net_deepfakebench,external,1,official,148,neuraltextures_faces_c23/423_421,ffpp_test:37,1,neuraltextures,canonical,-1.8487529754638672,0.13601937846629147
f3net_deepfakebench,external,1,official,149,neuraltextures_faces_c23/421_423,ffpp_test:37,1,neuraltextures,canonical,2.6551666259765625,0.9343287195378638
f3net_deepfakebench,external,1,official,150,original_faces_c23/352,ffpp_test:28,0,real,canonical,-3.7802734375,0.02230747428890388
f3net_deepfakebench,external,1,official,151,original_faces_c23/319,ffpp_test:28,0,real,canonical,-5.05804443359375,0.006317812287971453
f3net_deepfakebench,external,1,official,152,deepfakes_faces_c23/352_319,ffpp_test:28,1,deepfakes,canonical,1.0140151977539062,0.73380519434381
f3net_deepfakebench,external,1,official,153,deepfakes_faces_c23/319_352,ffpp_test:28,1,deepfakes,canonical,6.00439453125,0.9975381923311407
f3net_deepfakebench,external,1,official,154,face2face_faces_c23/352_319,ffpp_test:28,1,face2face,canonical,1.8142509460449219,0.8598748551217038
f3net_deepfakebench,external,1,official,155,face2face_faces_c23/319_352,ffpp_test:28,1,face2face,canonical,3.2090911865234375,0.9611749649658059
f3net_deepfakebench,external,1,official,156,faceswap_faces_c23/352_319,ffpp_test:28,1,faceswap,canonical,3.390575408935547,0.9674086917078465
f3net_deepfakebench,external,1,official,157,faceswap_faces_c23/319_352,ffpp_test:28,1,faceswap,canonical,2.211690902709961,0.9012944562985843
f3net_deepfakebench,external,1,official,158,neuraltextures_faces_c23/352_319,ffpp_test:28,1,neuraltextures,canonical,3.8617420196533203,0.9794018753668626
f3net_deepfakebench,external,1,official,159,neuraltextures_faces_c23/319_352,ffpp_test:28,1,neuraltextures,canonical,1.4519844055175781,0.81030364806411
f3net_deepfakebench,external,1,official,160,original_faces_c23/579,ffpp_test:48,0,real,canonical,-1.9484939575195312,0.12471766966411431
f3net_deepfakebench,external,1,official,161,original_faces_c23/701,ffpp_test:48,0,real,canonical,-3.491973876953125,0.02954146298456409
f3net_deepfakebench,external,1,official,162,deepfakes_faces_c23/579_701,ffpp_test:48,1,deepfakes,canonical,7.3450927734375,0.9993546632720036
f3net_deepfakebench,external,1,official,163,deepfakes_faces_c23/701_579,ffpp_test:48,1,deepfakes,canonical,4.639145851135254,0.9904265858817239
f3net_deepfakebench,external,1,official,164,face2face_faces_c23/579_701,ffpp_test:48,1,face2face,canonical,7.75390625,0.9995711207817481
f3net_deepfakebench,external,1,official,165,face2face_faces_c23/701_579,ffpp_test:48,1,face2face,canonical,6.529052734375,0.9985417410540242
f3net_deepfakebench,external,1,official,166,faceswap_faces_c23/579_701,ffpp_test:48,1,faceswap,canonical,5.2287750244140625,0.9946684900995356
f3net_deepfakebench,external,1,official,167,faceswap_faces_c23/701_579,ffpp_test:48,1,faceswap,canonical,4.06048583984375,0.9830515610594235
f3net_deepfakebench,external,1,official,168,neuraltextures_faces_c23/579_701,ffpp_test:48,1,neuraltextures,canonical,8.6915283203125,0.9998320251528757
f3net_deepfakebench,external,1,official,169,neuraltextures_faces_c23/701_579,ffpp_test:48,1,neuraltextures,canonical,5.451866149902344,0.9957300163294996
f3net_deepfakebench,external,1,official,170,original_faces_c23/488,ffpp_test:34,0,real,canonical,-4.48370361328125,0.011165441445072675
f3net_deepfakebench,external,1,official,171,original_faces_c23/399,ffpp_test:34,0,real,canonical,0.5322036743164062,0.6299969371934252
f3net_deepfakebench,external,1,official,172,deepfakes_faces_c23/488_399,ffpp_test:34,1,deepfakes,canonical,6.0408935546875,0.9976262164451339
f3net_deepfakebench,external,1,official,173,deepfakes_faces_c23/399_488,ffpp_test:34,1,deepfakes,canonical,7.6195068359375,0.9995094569422124
f3net_deepfakebench,external,1,official,174,face2face_faces_c23/488_399,ffpp_test:34,1,face2face,canonical,7.7327880859375,0.9995619713376451
f3net_deepfakebench,external,1,official,175,face2face_faces_c23/399_488,ffpp_test:34,1,face2face,canonical,4.95721435546875,0.9930166199629609
f3net_deepfakebench,external,1,official,176,faceswap_faces_c23/488_399,ffpp_test:34,1,faceswap,canonical,4.7848052978515625,0.9917134895415326
f3net_deepfakebench,external,1,official,177,faceswap_faces_c23/399_488,ffpp_test:34,1,faceswap,canonical,7.1619873046875,0.9992250891100846
f3net_deepfakebench,external,1,official,178,neuraltextures_faces_c23/488_399,ffpp_test:34,1,neuraltextures,canonical,8.87939453125,0.999860790943344
f3net_deepfakebench,external,1,official,179,neuraltextures_faces_c23/399_488,ffpp_test:34,1,neuraltextures,canonical,7.184326171875,0.9992421948506739
f3net_deepfakebench,external,1,official,180,original_faces_c23/695,ffpp_test:38,0,real,canonical,-3.955230712890625,0.01879425899290977
f3net_deepfakebench,external,1,official,181,original_faces_c23/422,ffpp_test:38,0,real,canonical,-1.0315513610839844,0.2627834510246787
f3net_deepfakebench,external,1,official,182,deepfakes_faces_c23/695_422,ffpp_test:38,1,deepfakes,canonical,6.198486328125,0.9979716178421185
f3net_deepfakebench,external,1,official,183,deepfakes_faces_c23/422_695,ffpp_test:38,1,deepfakes,canonical,7.600341796875,0.9994999697454069
f3net_deepfakebench,external,1,official,184,face2face_faces_c23/695_422,ffpp_test:38,1,face2face,canonical,3.0444793701171875,0.9545435858730656
f3net_deepfakebench,external,1,official,185,face2face_faces_c23/422_695,ffpp_test:38,1,face2face,canonical,6.2332763671875,0.9980408360498951
f3net_deepfakebench,external,1,official,186,faceswap_faces_c23/695_422,ffpp_test:38,1,faceswap,canonical,4.910675048828125,0.9926863700442242
f3net_deepfakebench,external,1,official,187,faceswap_faces_c23/422_695,ffpp_test:38,1,faceswap,canonical,6.5634765625,0.9985910161946582
f3net_deepfakebench,external,1,official,188,neuraltextures_faces_c23/695_422,ffpp_test:38,1,neuraltextures,canonical,5.343696594238281,0.9952445473360156
f3net_deepfakebench,external,1,official,189,neuraltextures_faces_c23/422_695,ffpp_test:38,1,neuraltextures,canonical,8.5013427734375,0.9997968459395202
f3net_deepfakebench,external,1,official,190,original_faces_c23/288,ffpp_test:25,0,real,canonical,-0.5408034324645996,0.36800070319691613
f3net_deepfakebench,external,1,official,191,original_faces_c23/321,ffpp_test:25,0,real,canonical,-2.1784515380859375,0.10170230652480262
f3net_deepfakebench,external,1,official,192,deepfakes_faces_c23/288_321,ffpp_test:25,1,deepfakes,canonical,7.86767578125,0.9996172232478461
f3net_deepfakebench,external,1,official,193,deepfakes_faces_c23/321_288,ffpp_test:25,1,deepfakes,canonical,6.8968505859375,0.9989900566508203
f3net_deepfakebench,external,1,official,194,face2face_faces_c23/288_321,ffpp_test:25,1,face2face,canonical,6.0474853515625,0.997641775705758
f3net_deepfakebench,external,1,official,195,face2face_faces_c23/321_288,ffpp_test:25,1,face2face,canonical,4.356719970703125,0.9873419114289913
f3net_deepfakebench,external,1,official,196,faceswap_faces_c23/288_321,ffpp_test:25,1,faceswap,canonical,6.80963134765625,0.998898116002451
f3net_deepfakebench,external,1,official,197,faceswap_faces_c23/321_288,ffpp_test:25,1,faceswap,canonical,6.178466796875,0.9979306862628102
f3net_deepfakebench,external,1,official,198,neuraltextures_faces_c23/288_321,ffpp_test:25,1,neuraltextures,canonical,4.109490394592285,0.9838489989171886
f3net_deepfakebench,external,1,official,199,neuraltextures_faces_c23/321_288,ffpp_test:25,1,neuraltextures,canonical,0.8880405426025391,0.7084856438956955
f3net_deepfakebench,external,1,official,200,original_faces_c23/705,ffpp_test:57,0,real,canonical,3.5555801391601562,0.9722284890650851
f3net_deepfakebench,external,1,official,201,original_faces_c23/707,ffpp_test:57,0,real,canonical,-4.86822509765625,0.007628357694092987
f3net_deepfakebench,external,1,official,202,deepfakes_faces_c23/705_707,ffpp_test:57,1,deepfakes,canonical,6.9324951171875,0.9990253871135226
f3net_deepfakebench,external,1,official,203,deepfakes_faces_c23/707_705,ffpp_test:57,1,deepfakes,canonical,7.3663330078125,0.9993682172609282
f3net_deepfakebench,external,1,official,204,face2face_faces_c23/705_707,ffpp_test:57,1,face2face,canonical,5.7364501953125,0.9967841745436069
f3net_deepfakebench,external,1,official,205,face2face_faces_c23/707_705,ffpp_test:57,1,face2face,canonical,5.9195556640625,0.9973208038024394
f3net_deepfakebench,external,1,official,206,faceswap_faces_c23/705_707,ffpp_test:57,1,faceswap,canonical,6.670166015625,0.9987334180697772
f3net_deepfakebench,external,1,official,207,faceswap_faces_c23/707_705,ffpp_test:57,1,faceswap,canonical,6.8768310546875,0.998969655359724
f3net_deepfakebench,external,1,official,208,neuraltextures_faces_c23/705_707,ffpp_test:57,1,neuraltextures,canonical,7.0802001953125,0.9991591030565674
f3net_deepfakebench,external,1,official,209,neuraltextures_faces_c23/707_705,ffpp_test:57,1,neuraltextures,canonical,0.8607864379882812,0.7028249375872152
f3net_deepfakebench,external,1,official,210,original_faces_c23/306,ffpp_test:24,0,real,canonical,1.3803682327270508,0.7990501335278061
f3net_deepfakebench,external,1,official,211,original_faces_c23/278,ffpp_test:24,0,real,canonical,-0.9214642643928528,0.28465963430507035
f3net_deepfakebench,external,1,official,212,deepfakes_faces_c23/306_278,ffpp_test:24,1,deepfakes,canonical,7.15386962890625,0.9992187779677321
f3net_deepfakebench,external,1,official,213,deepfakes_faces_c23/278_306,ffpp_test:24,1,deepfakes,canonical,7.39697265625,0.9993872696314959
f3net_deepfakebench,external,1,official,214,face2face_faces_c23/306_278,ffpp_test:24,1,face2face,canonical,6.11669921875,0.9977991299384669
f3net_deepfakebench,external,1,official,215,face2face_faces_c23/278_306,ffpp_test:24,1,face2face,canonical,7.1383056640625,0.9992065336653962
f3net_deepfakebench,external,1,official,216,faceswap_faces_c23/306_278,ffpp_test:24,1,faceswap,canonical,7.05633544921875,0.9991388113818873
f3net_deepfakebench,external,1,official,217,faceswap_faces_c23/278_306,ffpp_test:24,1,faceswap,canonical,5.57965087890625,0.9962403058144068
f3net_deepfakebench,external,1,official,218,neuraltextures_faces_c23/306_278,ffpp_test:24,1,neuraltextures,canonical,5.56689453125,0.9961922224370646
f3net_deepfakebench,external,1,official,219,neuraltextures_faces_c23/278_306,ffpp_test:24,1,neuraltextures,canonical,4.117729187011719,0.9839793939980415
f3net_deepfakebench,external,1,official,220,original_faces_c23/865,ffpp_test:61,0,real,canonical,-4.1580810546875,0.01539676918122333
f3net_deepfakebench,external,1,official,221,original_faces_c23/739,ffpp_test:61,0,real,canonical,-3.0598220825195312,0.04479531529007009
f3net_deepfakebench,external,1,official,222,deepfakes_faces_c23/865_739,ffpp_test:61,1,deepfakes,canonical,5.2279052734375,0.9946638757512838
f3net_deepfakebench,external,1,official,223,deepfakes_faces_c23/739_865,ffpp_test:61,1,deepfakes,canonical,6.6248779296875,0.9986748160413698
f3net_deepfakebench,external,1,official,224,face2face_faces_c23/865_739,ffpp_test:61,1,face2face,canonical,-0.28319504857063293,0.429670642018275
f3net_deepfakebench,external,1,official,225,face2face_faces_c23/739_865,ffpp_test:61,1,face2face,canonical,6.0216064453125,0.9975801005214848
f3net_deepfakebench,external,1,official,226,faceswap_faces_c23/865_739,ffpp_test:61,1,faceswap,canonical,5.732421875,0.9967712359523213
f3net_deepfakebench,external,1,official,227,faceswap_faces_c23/739_865,ffpp_test:61,1,faceswap,canonical,6.9281005859375,0.9990210989239469
f3net_deepfakebench,external,1,official,228,neuraltextures_faces_c23/865_739,ffpp_test:61,1,neuraltextures,canonical,5.416019439697266,0.9955748645685836
f3net_deepfakebench,external,1,official,229,neuraltextures_faces_c23/739_865,ffpp_test:61,1,neuraltextures,canonical,4.894962310791016,0.9925714057287228
f3net_deepfakebench,external,1,official,230,original_faces_c23/995,ffpp_test:21,0,real,canonical,-2.788360595703125,0.05795639773862713
f3net_deepfakebench,external,1,official,231,original_faces_c23/233,ffpp_test:21,0,real,canonical,-4.771240234375,0.008398732853246663
f3net_deepfakebench,external,1,official,232,deepfakes_faces_c23/995_233,ffpp_test:21,1,deepfakes,canonical,0.3440208435058594,0.5851669020592813
f3net_deepfakebench,external,1,official,233,deepfakes_faces_c23/233_995,ffpp_test:21,1,deepfakes,canonical,5.0036163330078125,0.9933311478234609
f3net_deepfakebench,external,1,official,234,face2face_faces_c23/995_233,ffpp_test:21,1,face2face,canonical,6.553863525390625,0.998577425630632
f3net_deepfakebench,external,1,official,235,face2face_faces_c23/233_995,ffpp_test:21,1,face2face,canonical,-3.8013343811035156,0.021852730083112542
f3net_deepfakebench,external,1,official,236,faceswap_faces_c23/995_233,ffpp_test:21,1,faceswap,canonical,3.78753662109375,0.9778503862602186
f3net_deepfakebench,external,1,official,237,faceswap_faces_c23/233_995,ffpp_test:21,1,faceswap,canonical,3.4585037231445312,0.9694837304276614
f3net_deepfakebench,external,1,official,238,neuraltextures_faces_c23/995_233,ffpp_test:21,1,neuraltextures,canonical,4.410469055175781,0.9879963597482253
f3net_deepfakebench,external,1,official,239,neuraltextures_faces_c23/233_995,ffpp_test:21,1,neuraltextures,canonical,-3.6752166748046875,0.024717475966417053
f3net_deepfakebench,external,1,official,240,original_faces_c23/755,ffpp_test:62,0,real,canonical,-2.9631614685058594,0.0491181373154091
f3net_deepfakebench,external,1,official,241,original_faces_c23/759,ffpp_test:62,0,real,canonical,-2.4598426818847656,0.07872174585291067
f3net_deepfakebench,external,1,official,242,deepfakes_faces_c23/755_759,ffpp_test:62,1,deepfakes,canonical,8.40625,0.9997765836398173
f3net_deepfakebench,external,1,official,243,deepfakes_faces_c23/759_755,ffpp_test:62,1,deepfakes,canonical,2.3677635192871094,0.9143358486625299
f3net_deepfakebench,external,1,official,244,face2face_faces_c23/755_759,ffpp_test:62,1,face2face,canonical,4.101554870605469,0.9837224169211161
f3net_deepfakebench,external,1,official,245,face2face_faces_c23/759_755,ffpp_test:62,1,face2face,canonical,7.10595703125,0.9991804678255068
f3net_deepfakebench,external,1,official,246,faceswap_faces_c23/755_759,ffpp_test:62,1,faceswap,canonical,1.7959213256835938,0.8576517151295864
f3net_deepfakebench,external,1,official,247,faceswap_faces_c23/759_755,ffpp_test:62,1,faceswap,canonical,3.0931854248046875,0.9566107736785618
f3net_deepfakebench,external,1,official,248,neuraltextures_faces_c23/755_759,ffpp_test:62,1,neuraltextures,canonical,5.244171142578125,0.994749518311955
f3net_deepfakebench,external,1,official,249,neuraltextures_faces_c23/759_755,ffpp_test:62,1,neuraltextures,canonical,8.62451171875,0.9998203843648561
f3net_deepfakebench,external,1,official,250,original_faces_c23/467,ffpp_test:43,0,real,canonical,-1.3735580444335938,0.20204559903700037
f3net_deepfakebench,external,1,official,251,original_faces_c23/462,ffpp_test:43,0,real,canonical,-2.9052886962890625,0.051892742313948866
f3net_deepfakebench,external,1,official,252,deepfakes_faces_c23/467_462,ffpp_test:43,1,deepfakes,canonical,1.0662040710449219,0.7438743651014509
f3net_deepfakebench,external,1,official,253,deepfakes_faces_c23/462_467,ffpp_test:43,1,deepfakes,canonical,5.61688232421875,0.9963772131066633
f3net_deepfakebench,external,1,official,254,face2face_faces_c23/467_462,ffpp_test:43,1,face2face,canonical,4.94757080078125,0.9929494267035606
f3net_deepfakebench,external,1,official,255,face2face_faces_c23/462_467,ffpp_test:43,1,face2face,canonical,3.3398590087890625,0.9657711818381353
f3net_deepfakebench,external,1,official,256,faceswap_faces_c23/467_462,ffpp_test:43,1,faceswap,canonical,5.90765380859375,0.9972888128510456
f3net_deepfakebench,external,1,official,257,faceswap_faces_c23/462_467,ffpp_test:43,1,faceswap,canonical,6.152587890625,0.9978765509404303
f3net_deepfakebench,external,1,official,258,neuraltextures_faces_c23/467_462,ffpp_test:43,1,neuraltextures,canonical,6.9527587890625,0.9990449189256861
f3net_deepfakebench,external,1,official,259,neuraltextures_faces_c23/462_467,ffpp_test:43,1,neuraltextures,canonical,0.5085411071777344,0.6244644137130939
f3net_deepfakebench,external,1,official,260,original_faces_c23/314,ffpp_test:27,0,real,canonical,-0.5084762573242188,0.37555079425864035
f3net_deepfakebench,external,1,official,261,original_faces_c23/347,ffpp_test:27,0,real,canonical,-3.742828369140625,0.023138920772266876
f3net_deepfakebench,external,1,official,262,deepfakes_faces_c23/314_347,ffpp_test:27,1,deepfakes,canonical,7.55517578125,0.9994768796671631
f3net_deepfakebench,external,1,official,263,deepfakes_faces_c23/347_314,ffpp_test:27,1,deepfakes,canonical,5.92230224609375,0.9973281327039633
f3net_deepfakebench,external,1,official,264,face2face_faces_c23/314_347,ffpp_test:27,1,face2face,canonical,5.609588623046875,0.9963507897618002
f3net_deepfakebench,external,1,official,265,face2face_faces_c23/347_314,ffpp_test:27,1,face2face,canonical,4.2898101806640625,0.9864778285265234
f3net_deepfakebench,external,1,official,266,faceswap_faces_c23/314_347,ffpp_test:27,1,faceswap,canonical,6.1265869140625,0.9978207370486576
f3net_deepfakebench,external,1,official,267,faceswap_faces_c23/347_314,ffpp_test:27,1,faceswap,canonical,5.70751953125,0.996690092147039
f3net_deepfakebench,external,1,official,268,neuraltextures_faces_c23/314_347,ffpp_test:27,1,neuraltextures,canonical,4.96343994140625,0.9930596597468851
f3net_deepfakebench,external,1,official,269,neuraltextures_faces_c23/347_314,ffpp_test:27,1,neuraltextures,canonical,-3.25335693359375,0.03720644784121599
f3net_deepfakebench,external,1,official,270,original_faces_c23/741,ffpp_test:60,0,real,canonical,-2.886260986328125,0.052836925516031794
f3net_deepfakebench,external,1,official,271,original_faces_c23/731,ffpp_test:60,0,real,canonical,-2.2913894653320312,0.09183859684934967
f3net_deepfakebench,external,1,official,272,deepfakes_faces_c23/741_731,ffpp_test:60,1,deepfakes,canonical,4.8829345703125,0.9924821927953001
f3net_deepfakebench,external,1,official,273,deepfakes_faces_c23/731_741,ffpp_test:60,1,deepfakes,canonical,6.8724365234375,0.9989651222105709
f3net_deepfakebench,external,1,official,274,face2face_faces_c23/741_731,ffpp_test:60,1,face2face,canonical,5.46099853515625,0.9957686696967438
f3net_deepfakebench,external,1,official,275,face2face_faces_c23/731_741,ffpp_test:60,1,face2face,canonical,5.514739990234375,0.9959891772250741
f3net_deepfakebench,external,1,official,276,faceswap_faces_c23/741_731,ffpp_test:60,1,faceswap,canonical,6.13433837890625,0.99783752783861
f3net_deepfakebench,external,1,official,277,faceswap_faces_c23/731_741,ffpp_test:60,1,faceswap,canonical,6.54302978515625,0.9985619523268193
f3net_deepfakebench,external,1,official,278,neuraltextures_faces_c23/741_731,ffpp_test:60,1,neuraltextures,canonical,5.352577209472656,0.9952863935344362
f3net_deepfakebench,external,1,official,279,neuraltextures_faces_c23/731_741,ffpp_test:60,1,neuraltextures,canonical,6.91839599609375,0.9990115622807403
f3net_deepfakebench,external,1,official,280,original_faces_c23/970,ffpp_test:69,0,real,canonical,-4.84210205078125,0.007828678677909968
f3net_deepfakebench,external,1,official,281,original_faces_c23/973,ffpp_test:69,0,real,canonical,-2.98028564453125,0.04832449045170336
f3net_deepfakebench,external,1,official,282,deepfakes_faces_c23/970_973,ffpp_test:69,1,deepfakes,canonical,5.5057373046875,0.9959530528123502
f3net_deepfakebench,external,1,official,283,deepfakes_faces_c23/973_970,ffpp_test:69,1,deepfakes,canonical,7.443603515625,0.9994151695122152
f3net_deepfakebench,external,1,official,284,face2face_faces_c23/970_973,ffpp_test:69,1,face2face,canonical,5.6123046875,0.9963606517816426
f3net_deepfakebench,external,1,official,285,face2face_faces_c23/973_970,ffpp_test:69,1,face2face,canonical,6.6893310546875,0.9987574311588266
f3net_deepfakebench,external,1,official,286,faceswap_faces_c23/970_973,ffpp_test:69,1,faceswap,canonical,6.561767578125,0.9985886096060558
f3net_deepfakebench,external,1,official,287,faceswap_faces_c23/973_970,ffpp_test:69,1,faceswap,canonical,6.8453369140625,0.9989367241964322
f3net_deepfakebench,external,1,official,288,neuraltextures_faces_c23/970_973,ffpp_test:69,1,neuraltextures,canonical,5.86505126953125,0.9971711475118745
f3net_deepfakebench,external,1,official,289,neuraltextures_faces_c23/973_970,ffpp_test:69,1,neuraltextures,canonical,5.881439208984375,0.9972170008111801
f3net_deepfakebench,external,1,official,290,original_faces_c23/634,ffpp_test:53,0,real,canonical,-4.834228515625,0.007890073093899358
f3net_deepfakebench,external,1,official,291,original_faces_c23/660,ffpp_test:53,0,real,canonical,-2.4024314880371094,0.08298747119501859
f3net_deepfakebench,external,1,official,292,deepfakes_faces_c23/634_660,ffpp_test:53,1,deepfakes,canonical,4.446043014526367,0.9884110089773683
f3net_deepfakebench,external,1,official,293,deepfakes_faces_c23/660_634,ffpp_test:53,1,deepfakes,canonical,7.578369140625,0.9994888668348069
f3net_deepfakebench,external,1,official,294,face2face_faces_c23/634_660,ffpp_test:53,1,face2face,canonical,3.8375511169433594,0.9789081501854259
f3net_deepfakebench,external,1,official,295,face2face_faces_c23/660_634,ffpp_test:53,1,face2face,canonical,6.0093994140625,0.9975504525030574
f3net_deepfakebench,external,1,official,296,faceswap_faces_c23/634_660,ffpp_test:53,1,faceswap,canonical,6.2752685546875,0.9981212508529528
f3net_deepfakebench,external,1,official,297,faceswap_faces_c23/660_634,ffpp_test:53,1,faceswap,canonical,6.20977783203125,0.997994346827028
f3net_deepfakebench,external,1,official,298,neuraltextures_faces_c23/634_660,ffpp_test:53,1,neuraltextures,canonical,7.7353515625,0.9995630922858854
f3net_deepfakebench,external,1,official,299,neuraltextures_faces_c23/660_634,ffpp_test:53,1,neuraltextures,canonical,5.513206481933594,0.995983046602371
f3net_deepfakebench,external,1,official,300,original_faces_c23/494,ffpp_test:40,0,real,canonical,-2.405120849609375,0.0827830386917671
f3net_deepfakebench,external,1,official,301,original_faces_c23/445,ffpp_test:40,0,real,canonical,-0.8323745727539062,0.303143213485009
f3net_deepfakebench,external,1,official,302,deepfakes_faces_c23/494_445,ffpp_test:40,1,deepfakes,canonical,6.80181884765625,0.9988894834164358
f3net_deepfakebench,external,1,official,303,deepfakes_faces_c23/445_494,ffpp_test:40,1,deepfakes,canonical,4.26495361328125,0.9861422177793397
f3net_deepfakebench,external,1,official,304,face2face_faces_c23/494_445,ffpp_test:40,1,face2face,canonical,4.84930419921875,0.9922270653847828
f3net_deepfakebench,external,1,official,305,face2face_faces_c23/445_494,ffpp_test:40,1,face2face,canonical,7.2379150390625,0.9992817074277919
f3net_deepfakebench,external,1,official,306,faceswap_faces_c23/494_445,ffpp_test:40,1,faceswap,canonical,4.5106964111328125,0.9891286811361054
f3net_deepfakebench,external,1,official,307,faceswap_faces_c23/445_494,ffpp_test:40,1,faceswap,canonical,6.10247802734375,0.9977676776994284
f3net_deepfakebench,external,1,official,308,neuraltextures_faces_c23/494_445,ffpp_test:40,1,neuraltextures,canonical,-0.7333831787109375,0.3244527516473948
f3net_deepfakebench,external,1,official,309,neuraltextures_faces_c23/445_494,ffpp_test:40,1,neuraltextures,canonical,9.533447265625,0.999927615592852
f3net_deepfakebench,external,1,official,310,original_faces_c23/706,ffpp_test:44,0,real,canonical,-4.196285247802734,0.01482820030985801
f3net_deepfakebench,external,1,official,311,original_faces_c23/479,ffpp_test:44,0,real,canonical,-4.0206146240234375,0.017625694950626318
f3net_deepfakebench,external,1,official,312,deepfakes_faces_c23/706_479,ffpp_test:44,1,deepfakes,canonical,5.43310546875,0.9956495041659054
f3net_deepfakebench,external,1,official,313,deepfakes_faces_c23/479_706,ffpp_test:44,1,deepfakes,canonical,7.63623046875,0.9995175884628481
f3net_deepfakebench,external,1,official,314,face2face_faces_c23/706_479,ffpp_test:44,1,face2face,canonical,4.400421142578125,0.9878766098298792
f3net_deepfakebench,external,1,official,315,face2face_faces_c23/479_706,ffpp_test:44,1,face2face,canonical,5.7513427734375,0.9968315610036962
f3net_deepfakebench,external,1,official,316,faceswap_faces_c23/706_479,ffpp_test:44,1,faceswap,canonical,5.363349914550781,0.9953366637711177
f3net_deepfakebench,external,1,official,317,faceswap_faces_c23/479_706,ffpp_test:44,1,faceswap,canonical,2.615406036376953,0.9318465285122133
f3net_deepfakebench,external,1,official,318,neuraltextures_faces_c23/706_479,ffpp_test:44,1,neuraltextures,canonical,7.0089111328125,0.9990970239402475
f3net_deepfakebench,external,1,official,319,neuraltextures_faces_c23/479_706,ffpp_test:44,1,neuraltextures,canonical,7.1728515625,0.9992334559562858
f3net_deepfakebench,external,1,official,320,original_faces_c23/186,ffpp_test:17,0,real,canonical,-5.313232421875,0.004901831799671583
f3net_deepfakebench,external,1,official,321,original_faces_c23/170,ffpp_test:17,0,real,canonical,-3.995941162109375,0.01805804045502258
f3net_deepfakebench,external,1,official,322,deepfakes_faces_c23/186_170,ffpp_test:17,1,deepfakes,canonical,4.3035888671875,0.9866604001966279
f3net_deepfakebench,external,1,official,323,deepfakes_faces_c23/170_186,ffpp_test:17,1,deepfakes,canonical,5.50311279296875,0.995942460754802
f3net_deepfakebench,external,1,official,324,face2face_faces_c23/186_170,ffpp_test:17,1,face2face,canonical,0.966400146484375,0.7244013894475854
f3net_deepfakebench,external,1,official,325,face2face_faces_c23/170_186,ffpp_test:17,1,face2face,canonical,4.58935546875,0.9899427711371538
f3net_deepfakebench,external,1,official,326,faceswap_faces_c23/186_170,ffpp_test:17,1,faceswap,canonical,2.9985275268554688,0.9525075610566045
f3net_deepfakebench,external,1,official,327,faceswap_faces_c23/170_186,ffpp_test:17,1,faceswap,canonical,2.1780309677124023,0.8982592641717642
f3net_deepfakebench,external,1,official,328,neuraltextures_faces_c23/186_170,ffpp_test:17,1,neuraltextures,canonical,2.0298385620117188,0.8838945113835416
f3net_deepfakebench,external,1,official,329,neuraltextures_faces_c23/170_186,ffpp_test:17,1,neuraltextures,canonical,4.712654113769531,0.9910990292468981
f3net_deepfakebench,external,1,official,330,original_faces_c23/176,ffpp_test:18,0,real,canonical,-5.37579345703125,0.0046059329720738
f3net_deepfakebench,external,1,official,331,original_faces_c23/190,ffpp_test:18,0,real,canonical,-0.06388688087463379,0.4840337099909849
f3net_deepfakebench,external,1,official,332,deepfakes_faces_c23/176_190,ffpp_test:18,1,deepfakes,canonical,6.4993896484375,0.9984979025913683
f3net_deepfakebench,external,1,official,333,deepfakes_faces_c23/190_176,ffpp_test:18,1,deepfakes,canonical,5.0131988525390625,0.9933943269072256
f3net_deepfakebench,external,1,official,334,face2face_faces_c23/176_190,ffpp_test:18,1,face2face,canonical,5.052734375,0.9936487641676055
f3net_deepfakebench,external,1,official,335,face2face_faces_c23/190_176,ffpp_test:18,1,face2face,canonical,7.112548828125,0.9991858478653834
f3net_deepfakebench,external,1,official,336,faceswap_faces_c23/176_190,ffpp_test:18,1,faceswap,canonical,4.3648529052734375,0.9874431538832067
f3net_deepfakebench,external,1,official,337,faceswap_faces_c23/190_176,ffpp_test:18,1,faceswap,canonical,5.448516845703125,0.9957157522522878
f3net_deepfakebench,external,1,official,338,neuraltextures_faces_c23/176_190,ffpp_test:18,1,neuraltextures,canonical,5.9432373046875,0.9973833421152426
f3net_deepfakebench,external,1,official,339,neuraltextures_faces_c23/190_176,ffpp_test:18,1,neuraltextures,canonical,7.044975280761719,0.9991289809233964
f3net_deepfakebench,external,1,official,340,original_faces_c23/380,ffpp_test:29,0,real,canonical,-1.807769775390625,0.14090788463535567
f3net_deepfakebench,external,1,official,341,original_faces_c23/358,ffpp_test:29,0,real,canonical,-1.0025787353515625,0.2684347134243193
f3net_deepfakebench,external,1,official,342,deepfakes_faces_c23/380_358,ffpp_test:29,1,deepfakes,canonical,7.493896484375,0.9994438390349102
f3net_deepfakebench,external,1,official,343,deepfakes_faces_c23/358_380,ffpp_test:29,1,deepfakes,canonical,5.455101013183594,0.9957437481298512
f3net_deepfakebench,external,1,official,344,face2face_faces_c23/380_358,ffpp_test:29,1,face2face,canonical,4.0904541015625,0.9835437067038787
f3net_deepfakebench,external,1,official,345,face2face_faces_c23/358_380,ffpp_test:29,1,face2face,canonical,4.5743408203125,0.9897921791071433
f3net_deepfakebench,external,1,official,346,faceswap_faces_c23/380_358,ffpp_test:29,1,faceswap,canonical,1.4981269836425781,0.817294956266327
f3net_deepfakebench,external,1,official,347,faceswap_faces_c23/358_380,ffpp_test:29,1,faceswap,canonical,-0.40155792236328125,0.40093808991451185
f3net_deepfakebench,external,1,official,348,neuraltextures_faces_c23/380_358,ffpp_test:29,1,neuraltextures,canonical,3.1462554931640625,0.9587609240004362
f3net_deepfakebench,external,1,official,349,neuraltextures_faces_c23/358_380,ffpp_test:29,1,neuraltextures,canonical,1.8943424224853516,0.8692498584481534
f3net_deepfakebench,external,1,official,350,original_faces_c23/214,ffpp_test:19,0,real,canonical,-4.1896820068359375,0.014924972275867886
f3net_deepfakebench,external,1,official,351,original_faces_c23/255,ffpp_test:19,0,real,canonical,-1.9026851654052734,0.12980486837620372
f3net_deepfakebench,external,1,official,352,deepfakes_faces_c23/214_255,ffpp_test:19,1,deepfakes,canonical,6.739501953125,0.9988181620765132
f3net_deepfakebench,external,1,official,353,deepfakes_faces_c23/255_214,ffpp_test:19,1,deepfakes,canonical,3.9452950954437256,0.981021639249741
f3net_deepfakebench,external,1,official,354,face2face_faces_c23/214_255,ffpp_test:19,1,face2face,canonical,6.87939453125,0.9989722905305658
f3net_deepfakebench,external,1,official,355,face2face_faces_c23/255_214,ffpp_test:19,1,face2face,canonical,6.81982421875,0.9989092781300029
f3net_deepfakebench,external,1,official,356,faceswap_faces_c23/214_255,ffpp_test:19,1,faceswap,canonical,5.6612548828125,0.996533906104232
f3net_deepfakebench,external,1,official,357,faceswap_faces_c23/255_214,ffpp_test:19,1,faceswap,canonical,6.679678916931152,0.9987453947652212
f3net_deepfakebench,external,1,official,358,neuraltextures_faces_c23/214_255,ffpp_test:19,1,neuraltextures,canonical,7.0845794677734375,0.9991627744454235
f3net_deepfakebench,external,1,official,359,neuraltextures_faces_c23/255_214,ffpp_test:19,1,neuraltextures,canonical,4.412239074707031,0.9880173332668146
f3net_deepfakebench,external,1,official,360,original_faces_c23/454,ffpp_test:42,0,real,canonical,0.2485790252685547,0.5618267197289384
f3net_deepfakebench,external,1,official,361,original_faces_c23/527,ffpp_test:42,0,real,canonical,-2.3296241760253906,0.08869903698160428
f3net_deepfakebench,external,1,official,362,deepfakes_faces_c23/454_527,ffpp_test:42,1,deepfakes,canonical,7.573974609375,0.9994866168571181
f3net_deepfakebench,external,1,official,363,deepfakes_faces_c23/527_454,ffpp_test:42,1,deepfakes,canonical,6.8929443359375,0.998986107852033
f3net_deepfakebench,external,1,official,364,face2face_faces_c23/454_527,ffpp_test:42,1,face2face,canonical,7.0421142578125,0.9991264875294994
f3net_deepfakebench,external,1,official,365,face2face_faces_c23/527_454,ffpp_test:42,1,face2face,canonical,5.78515625,0.9969365831511966
f3net_deepfakebench,external,1,official,366,faceswap_faces_c23/454_527,ffpp_test:42,1,faceswap,canonical,6.2254638671875,0.9980255004765796
f3net_deepfakebench,external,1,official,367,faceswap_faces_c23/527_454,ffpp_test:42,1,faceswap,canonical,7.201171875,0.999254844255573
f3net_deepfakebench,external,1,official,368,neuraltextures_faces_c23/454_527,ffpp_test:42,1,neuraltextures,canonical,6.85614013671875,0.9989481371597476
f3net_deepfakebench,external,1,official,369,neuraltextures_faces_c23/527_454,ffpp_test:42,1,neuraltextures,canonical,4.895721435546875,0.9925770009745246
f3net_deepfakebench,external,1,official,370,original_faces_c23/425,ffpp_test:39,0,real,canonical,-1.3583240509033203,0.20451282294295248
f3net_deepfakebench,external,1,official,371,original_faces_c23/485,ffpp_test:39,0,real,canonical,-3.97955322265625,0.018350937293729684
f3net_deepfakebench,external,1,official,372,deepfakes_faces_c23/425_485,ffpp_test:39,1,deepfakes,canonical,4.793609619140625,0.9917855297401597
f3net_deepfakebench,external,1,official,373,deepfakes_faces_c23/485_425,ffpp_test:39,1,deepfakes,canonical,4.338096618652344,0.9871070344157163
f3net_deepfakebench,external,1,official,374,face2face_faces_c23/425_485,ffpp_test:39,1,face2face,canonical,3.8257980346679688,0.978664113701386
f3net_deepfakebench,external,1,official,375,face2face_faces_c23/485_425,ffpp_test:39,1,face2face,canonical,-1.7691650390625,0.14564619521233466
f3net_deepfakebench,external,1,official,376,faceswap_faces_c23/425_485,ffpp_test:39,1,faceswap,canonical,4.473606109619141,0.9887225222350454
f3net_deepfakebench,external,1,official,377,faceswap_faces_c23/485_425,ffpp_test:39,1,faceswap,canonical,6.7552490234375,0.99883660531545
f3net_deepfakebench,external,1,official,378,neuraltextures_faces_c23/425_485,ffpp_test:39,1,neuraltextures,canonical,4.202823638916016,0.9852670122545107
f3net_deepfakebench,external,1,official,379,neuraltextures_faces_c23/485_425,ffpp_test:39,1,neuraltextures,canonical,-1.1354827880859375,0.24315069162839345
f3net_deepfakebench,external,1,official,380,original_faces_c23/388,ffpp_test:26,0,real,canonical,-1.1314730644226074,0.24388935454545543
f3net_deepfakebench,external,1,official,381,original_faces_c23/308,ffpp_test:26,0,real,canonical,-2.4002914428710938,0.08315047521769128
f3net_deepfakebench,external,1,official,382,deepfakes_faces_c23/388_308,ffpp_test:26,1,deepfakes,canonical,2.8409500122070312,0.9448489876887434
f3net_deepfakebench,external,1,official,383,deepfakes_faces_c23/308_388,ffpp_test:26,1,deepfakes,canonical,5.4661865234375,0.9957904727748822
f3net_deepfakebench,external,1,official,384,face2face_faces_c23/388_308,ffpp_test:26,1,face2face,canonical,6.351318359375,0.9982585919788144
f3net_deepfakebench,external,1,official,385,face2face_faces_c23/308_388,ffpp_test:26,1,face2face,canonical,6.099853515625,0.9977618243786207
f3net_deepfakebench,external,1,official,386,faceswap_faces_c23/388_308,ffpp_test:26,1,faceswap,canonical,6.533203125,0.998547772084675
f3net_deepfakebench,external,1,official,387,faceswap_faces_c23/308_388,ffpp_test:26,1,faceswap,canonical,5.297119140625,0.9950189404374595
f3net_deepfakebench,external,1,official,388,neuraltextures_faces_c23/388_308,ffpp_test:26,1,neuraltextures,canonical,5.87791633605957,0.9972072067982564
f3net_deepfakebench,external,1,official,389,neuraltextures_faces_c23/308_388,ffpp_test:26,1,neuraltextures,canonical,-0.5565147399902344,0.3643542645115381
f3net_deepfakebench,external,1,official,390,original_faces_c23/384,ffpp_test:32,0,real,canonical,-4.9837646484375,0.006801653472887966
f3net_deepfakebench,external,1,official,391,original_faces_c23/932,ffpp_test:32,0,real,canonical,-1.5836424827575684,0.1702802360530515
f3net_deepfakebench,external,1,official,392,deepfakes_faces_c23/384_932,ffpp_test:32,1,deepfakes,canonical,7.2532958984375,0.9992926631003959
f3net_deepfakebench,external,1,official,393,deepfakes_faces_c23/932_384,ffpp_test:32,1,deepfakes,canonical,6.80267333984375,0.9988904308864192
f3net_deepfakebench,external,1,official,394,face2face_faces_c23/384_932,ffpp_test:32,1,face2face,canonical,5.4346923828125,0.995656372589874
f3net_deepfakebench,external,1,official,395,face2face_faces_c23/932_384,ffpp_test:32,1,face2face,canonical,2.3524856567382812,0.9131315981049379
f3net_deepfakebench,external,1,official,396,faceswap_faces_c23/384_932,ffpp_test:32,1,faceswap,canonical,7.369873046875,0.9993704484369339
f3net_deepfakebench,external,1,official,397,faceswap_faces_c23/932_384,ffpp_test:32,1,faceswap,canonical,6.683349609375,0.998749985847144
f3net_deepfakebench,external,1,official,398,neuraltextures_faces_c23/384_932,ffpp_test:32,1,neuraltextures,canonical,5.2949676513671875,0.9950082657571049
f3net_deepfakebench,external,1,official,399,neuraltextures_faces_c23/932_384,ffpp_test:32,1,neuraltextures,canonical,8.852783203125,0.9998570372106833
f3net_deepfakebench,external,1,official,400,original_faces_c23/035,ffpp_test:5,0,real,canonical,-2.9329957962036133,0.050546358665749594
f3net_deepfakebench,external,1,official,401,original_faces_c23/036,ffpp_test:5,0,real,canonical,-2.685333251953125,0.06384437471515984
f3net_deepfakebench,external,1,official,402,deepfakes_faces_c23/035_036,ffpp_test:5,1,deepfakes,canonical,7.4273681640625,0.999405602777891
f3net_deepfakebench,external,1,official,403,deepfakes_faces_c23/036_035,ffpp_test:5,1,deepfakes,canonical,2.952484130859375,0.9503807641642296
f3net_deepfakebench,external,1,official,404,face2face_faces_c23/035_036,ffpp_test:5,1,face2face,canonical,3.887237548828125,0.9799099802534035
f3net_deepfakebench,external,1,official,405,face2face_faces_c23/036_035,ffpp_test:5,1,face2face,canonical,5.50433349609375,0.9959473907232326
f3net_deepfakebench,external,1,official,406,faceswap_faces_c23/035_036,ffpp_test:5,1,faceswap,canonical,5.302154541015625,0.9950438350283172
f3net_deepfakebench,external,1,official,407,faceswap_faces_c23/036_035,ffpp_test:5,1,faceswap,canonical,0.5280342102050781,0.6290245061228883
f3net_deepfakebench,external,1,official,408,neuraltextures_faces_c23/035_036,ffpp_test:5,1,neuraltextures,canonical,3.6522674560546875,0.9747232222181185
f3net_deepfakebench,external,1,official,409,neuraltextures_faces_c23/036_035,ffpp_test:5,1,neuraltextures,canonical,3.9341583251953125,0.9808131782512521
f3net_deepfakebench,external,1,official,410,original_faces_c23/257,ffpp_test:23,0,real,canonical,-0.9533004760742188,0.27822155422239037
f3net_deepfakebench,external,1,official,411,original_faces_c23/420,ffpp_test:23,0,real,canonical,-0.11407184600830078,0.47151292220518126
f3net_deepfakebench,external,1,official,412,deepfakes_faces_c23/257_420,ffpp_test:23,1,deepfakes,canonical,4.641310691833496,0.9904470906122335
f3net_deepfakebench,external,1,official,413,deepfakes_faces_c23/420_257,ffpp_test:23,1,deepfakes,canonical,3.081106185913086,0.9561066310509894
f3net_deepfakebench,external,1,official,414,face2face_faces_c23/257_420,ffpp_test:23,1,face2face,canonical,4.292003631591797,0.9865070564756648
f3net_deepfakebench,external,1,official,415,face2face_faces_c23/420_257,ffpp_test:23,1,face2face,canonical,2.3801045417785645,0.9152975395313185
f3net_deepfakebench,external,1,official,416,faceswap_faces_c23/257_420,ffpp_test:23,1,faceswap,canonical,4.7290544509887695,0.9912425496572155
f3net_deepfakebench,external,1,official,417,faceswap_faces_c23/420_257,ffpp_test:23,1,faceswap,canonical,3.1060900688171387,0.9571432566016811
f3net_deepfakebench,external,1,official,418,neuraltextures_faces_c23/257_420,ffpp_test:23,1,neuraltextures,canonical,2.3514404296875,0.9130486524996707
f3net_deepfakebench,external,1,official,419,neuraltextures_faces_c23/420_257,ffpp_test:23,1,neuraltextures,canonical,0.9217716455459595,0.7154029531230814
f3net_deepfakebench,external,1,official,420,original_faces_c23/924,ffpp_test:67,0,real,canonical,-4.282684326171875,0.013617555796418554
f3net_deepfakebench,external,1,official,421,original_faces_c23/917,ffpp_test:67,0,real,canonical,-3.97406005859375,0.018450154398965
f3net_deepfakebench,external,1,official,422,deepfakes_faces_c23/924_917,ffpp_test:67,1,deepfakes,canonical,6.4949951171875,0.9984912970327987
f3net_deepfakebench,external,1,official,423,deepfakes_faces_c23/917_924,ffpp_test:67,1,deepfakes,canonical,6.453460693359375,0.9984274149990149
f3net_deepfakebench,external,1,official,424,face2face_faces_c23/924_917,ffpp_test:67,1,face2face,canonical,5.944580078125,0.9973868441606636
f3net_deepfakebench,external,1,official,425,face2face_faces_c23/917_924,ffpp_test:67,1,face2face,canonical,1.9550247192382812,0.8759935034768601
f3net_deepfakebench,external,1,official,426,faceswap_faces_c23/924_917,ffpp_test:67,1,faceswap,canonical,7.1307373046875,0.9992005104640237
f3net_deepfakebench,external,1,official,427,faceswap_faces_c23/917_924,ffpp_test:67,1,faceswap,canonical,4.45428466796875,0.988505035513638
f3net_deepfakebench,external,1,official,428,neuraltextures_faces_c23/924_917,ffpp_test:67,1,neuraltextures,canonical,6.554443359375,0.9985782490761016
f3net_deepfakebench,external,1,official,429,neuraltextures_faces_c23/917_924,ffpp_test:67,1,neuraltextures,canonical,6.69927978515625,0.9987697167183832
f3net_deepfakebench,external,1,official,430,original_faces_c23/114,ffpp_test:9,0,real,canonical,-2.8792266845703125,0.05319006779337491
f3net_deepfakebench,external,1,official,431,original_faces_c23/102,ffpp_test:9,0,real,canonical,-5.1217041015625,0.0059304675503083866
f3net_deepfakebench,external,1,official,432,deepfakes_faces_c23/114_102,ffpp_test:9,1,deepfakes,canonical,5.353607177734375,0.9952912230514658
f3net_deepfakebench,external,1,official,433,deepfakes_faces_c23/102_114,ffpp_test:9,1,deepfakes,canonical,6.7205810546875,0.9987956149395809
f3net_deepfakebench,external,1,official,434,face2face_faces_c23/114_102,ffpp_test:9,1,face2face,canonical,6.041015625,0.9976265055082271
f3net_deepfakebench,external,1,official,435,face2face_faces_c23/102_114,ffpp_test:9,1,face2face,canonical,3.2636871337890625,0.9631618379558662
f3net_deepfakebench,external,1,official,436,faceswap_faces_c23/114_102,ffpp_test:9,1,faceswap,canonical,6.5355224609375,0.9985511315116575
f3net_deepfakebench,external,1,official,437,faceswap_faces_c23/102_114,ffpp_test:9,1,faceswap,canonical,4.149896621704102,0.9844786638364819
f3net_deepfakebench,external,1,official,438,neuraltextures_faces_c23/114_102,ffpp_test:9,1,neuraltextures,canonical,3.796051025390625,0.978034051442171
f3net_deepfakebench,external,1,official,439,neuraltextures_faces_c23/102_114,ffpp_test:9,1,neuraltextures,canonical,5.62127685546875,0.9963930413281922
f3net_deepfakebench,external,1,official,440,original_faces_c23/732,ffpp_test:56,0,real,canonical,-3.475640296936035,0.030013342107620074
f3net_deepfakebench,external,1,official,441,original_faces_c23/691,ffpp_test:56,0,real,canonical,-1.3818130493164062,0.2007179739265287
f3net_deepfakebench,external,1,official,442,deepfakes_faces_c23/732_691,ffpp_test:56,1,deepfakes,canonical,5.07098388671875,0.9937629035358679
f3net_deepfakebench,external,1,official,443,deepfakes_faces_c23/691_732,ffpp_test:56,1,deepfakes,canonical,7.7635498046875,0.9995752350750584
f3net_deepfakebench,external,1,official,444,face2face_faces_c23/732_691,ffpp_test:56,1,face2face,canonical,5.1005859375,0.9939437266358229
f3net_deepfakebench,external,1,official,445,face2face_faces_c23/691_732,ffpp_test:56,1,face2face,canonical,6.3958740234375,0.998334352030092
f3net_deepfakebench,external,1,official,446,faceswap_faces_c23/732_691,ffpp_test:56,1,faceswap,canonical,5.50701904296875,0.9959582156648141
f3net_deepfakebench,external,1,official,447,faceswap_faces_c23/691_732,ffpp_test:56,1,faceswap,canonical,5.758979797363281,0.9968555904877799
f3net_deepfakebench,external,1,official,448,neuraltextures_faces_c23/732_691,ffpp_test:56,1,neuraltextures,canonical,2.296091079711914,0.9085527860693768
f3net_deepfakebench,external,1,official,449,neuraltextures_faces_c23/691_732,ffpp_test:56,1,neuraltextures,canonical,3.5622406005859375,0.972407758703822
f3net_deepfakebench,external,1,official,450,original_faces_c23/550,ffpp_test:41,0,real,canonical,-0.8434994220733643,0.30079827752769117
f3net_deepfakebench,external,1,official,451,original_faces_c23/452,ffpp_test:41,0,real,canonical,1.8904967308044434,0.8688121571156595
f3net_deepfakebench,external,1,official,452,deepfakes_faces_c23/550_452,ffpp_test:41,1,deepfakes,canonical,5.3811187744140625,0.9954184178101779
f3net_deepfakebench,external,1,official,453,deepfakes_faces_c23/452_550,ffpp_test:41,1,deepfakes,canonical,3.7993698120117188,0.9781052374128243
f3net_deepfakebench,external,1,official,454,face2face_faces_c23/550_452,ffpp_test:41,1,face2face,canonical,2.449185371398926,0.9205018581886243
f3net_deepfakebench,external,1,official,455,face2face_faces_c23/452_550,ffpp_test:41,1,face2face,canonical,6.8399658203125,0.9989310039992902
f3net_deepfakebench,external,1,official,456,faceswap_faces_c23/550_452,ffpp_test:41,1,faceswap,canonical,6.0780029296875,0.9977124938132163
f3net_deepfakebench,external,1,official,457,faceswap_faces_c23/452_550,ffpp_test:41,1,faceswap,canonical,6.00079345703125,0.9975293331401217
f3net_deepfakebench,external,1,official,458,neuraltextures_faces_c23/550_452,ffpp_test:41,1,neuraltextures,canonical,1.5546226501464844,0.8255803836551843
f3net_deepfakebench,external,1,official,459,neuraltextures_faces_c23/452_550,ffpp_test:41,1,neuraltextures,canonical,6.230224609375,0.99803485979096
f3net_deepfakebench,external,1,official,460,original_faces_c23/280,ffpp_test:22,0,real,canonical,-1.4564933776855469,0.18900423994364116
f3net_deepfakebench,external,1,official,461,original_faces_c23/249,ffpp_test:22,0,real,canonical,-4.6658935546875,0.009323097236118209
f3net_deepfakebench,external,1,official,462,deepfakes_faces_c23/280_249,ffpp_test:22,1,deepfakes,canonical,-0.5123229026794434,0.3746491409869323
f3net_deepfakebench,external,1,official,463,deepfakes_faces_c23/249_280,ffpp_test:22,1,deepfakes,canonical,7.2503662109375,0.999290589258046
f3net_deepfakebench,external,1,official,464,face2face_faces_c23/280_249,ffpp_test:22,1,face2face,canonical,6.195556640625,0.9979656787096193
f3net_deepfakebench,external,1,official,465,face2face_faces_c23/249_280,ffpp_test:22,1,face2face,canonical,5.85400390625,0.9971398127710654
f3net_deepfakebench,external,1,official,466,faceswap_faces_c23/280_249,ffpp_test:22,1,faceswap,canonical,5.31207275390625,0.995092508318468
f3net_deepfakebench,external,1,official,467,faceswap_faces_c23/249_280,ffpp_test:22,1,faceswap,canonical,5.508293151855469,0.9959633412846878
f3net_deepfakebench,external,1,official,468,neuraltextures_faces_c23/280_249,ffpp_test:22,1,neuraltextures,canonical,1.8886489868164062,0.8686014121473515
f3net_deepfakebench,external,1,official,469,neuraltextures_faces_c23/249_280,ffpp_test:22,1,neuraltextures,canonical,-0.03591346740722656,0.4910225980314394
f3net_deepfakebench,external,1,official,470,original_faces_c23/842,ffpp_test:58,0,real,canonical,-2.461669921875,0.07858932791303623
f3net_deepfakebench,external,1,official,471,original_faces_c23/714,ffpp_test:58,0,real,canonical,-4.82745361328125,0.007943283007033005
f3net_deepfakebench,external,1,official,472,deepfakes_faces_c23/842_714,ffpp_test:58,1,deepfakes,canonical,4.80792236328125,0.9919013185716069
f3net_deepfakebench,external,1,official,473,deepfakes_faces_c23/714_842,ffpp_test:58,1,deepfakes,canonical,6.83349609375,0.9989240729318216
f3net_deepfakebench,external,1,official,474,face2face_faces_c23/842_714,ffpp_test:58,1,face2face,canonical,5.47039794921875,0.9958080894500099
f3net_deepfakebench,external,1,official,475,face2face_faces_c23/714_842,ffpp_test:58,1,face2face,canonical,5.7293701171875,0.9967613994559916
f3net_deepfakebench,external,1,official,476,faceswap_faces_c23/842_714,ffpp_test:58,1,faceswap,canonical,5.162872314453125,0.9943073602984022
f3net_deepfakebench,external,1,official,477,faceswap_faces_c23/714_842,ffpp_test:58,1,faceswap,canonical,4.542327880859375,0.9894636086691365
f3net_deepfakebench,external,1,official,478,neuraltextures_faces_c23/842_714,ffpp_test:58,1,neuraltextures,canonical,-1.5279383659362793,0.17829552772613222
f3net_deepfakebench,external,1,official,479,neuraltextures_faces_c23/714_842,ffpp_test:58,1,neuraltextures,canonical,7.849365234375,0.9996101525923319
f3net_deepfakebench,external,1,official,480,original_faces_c23/625,ffpp_test:52,0,real,canonical,-2.7701416015625,0.05895915649825906
f3net_deepfakebench,external,1,official,481,original_faces_c23/650,ffpp_test:52,0,real,canonical,-2.3969345092773438,0.08340675437731715
f3net_deepfakebench,external,1,official,482,deepfakes_faces_c23/625_650,ffpp_test:52,1,deepfakes,canonical,7.2510986328125,0.9992911082875626
f3net_deepfakebench,external,1,official,483,deepfakes_faces_c23/650_625,ffpp_test:52,1,deepfakes,canonical,5.579833984375,0.9962409915844084
f3net_deepfakebench,external,1,official,484,face2face_faces_c23/625_650,ffpp_test:52,1,face2face,canonical,5.371063232421875,0.9953723293825024
f3net_deepfakebench,external,1,official,485,face2face_faces_c23/650_625,ffpp_test:52,1,face2face,canonical,5.9404296875,0.9973760045232128
f3net_deepfakebench,external,1,official,486,faceswap_faces_c23/625_650,ffpp_test:52,1,faceswap,canonical,6.5400390625,0.9985576512999348
f3net_deepfakebench,external,1,official,487,faceswap_faces_c23/650_625,ffpp_test:52,1,faceswap,canonical,6.8873291015625,0.9989804044167188
f3net_deepfakebench,external,1,official,488,neuraltextures_faces_c23/625_650,ffpp_test:52,1,neuraltextures,canonical,5.95135498046875,0.997404442404352
f3net_deepfakebench,external,1,official,489,neuraltextures_faces_c23/650_625,ffpp_test:52,1,neuraltextures,canonical,0.7081336975097656,0.6699886441131565
f3net_deepfakebench,external,1,official,490,original_faces_c23/024,ffpp_test:3,0,real,canonical,-3.673524856567383,0.024758292631167203
f3net_deepfakebench,external,1,official,491,original_faces_c23/073,ffpp_test:3,0,real,canonical,-4.04913330078125,0.017138626664153743
f3net_deepfakebench,external,1,official,492,deepfakes_faces_c23/024_073,ffpp_test:3,1,deepfakes,canonical,3.958599090576172,0.9812677567983248
f3net_deepfakebench,external,1,official,493,deepfakes_faces_c23/073_024,ffpp_test:3,1,deepfakes,canonical,3.181671142578125,0.9601386738901181
f3net_deepfakebench,external,1,official,494,face2face_faces_c23/024_073,ffpp_test:3,1,face2face,canonical,-0.519744873046875,0.372911892836248
f3net_deepfakebench,external,1,official,495,face2face_faces_c23/073_024,ffpp_test:3,1,face2face,canonical,3.98974609375,0.9818317803115414
f3net_deepfakebench,external,1,official,496,faceswap_faces_c23/024_073,ffpp_test:3,1,faceswap,canonical,2.8775405883789062,0.9467249549123581
f3net_deepfakebench,external,1,official,497,faceswap_faces_c23/073_024,ffpp_test:3,1,faceswap,canonical,3.43408203125,0.9687528706045385
f3net_deepfakebench,external,1,official,498,neuraltextures_faces_c23/024_073,ffpp_test:3,1,neuraltextures,canonical,6.450065612792969,0.9984220753116568
f3net_deepfakebench,external,1,official,499,neuraltextures_faces_c23/073_024,ffpp_test:3,1,neuraltextures,canonical,-1.4005203247070312,0.19773355675086415
f3net_deepfakebench,external,1,official,500,original_faces_c23/044,ffpp_test:6,0,real,canonical,-3.98980712890625,0.018167130967090498
f3net_deepfakebench,external,1,official,501,original_faces_c23/945,ffpp_test:6,0,real,canonical,1.1765975952148438,0.7643354909440195
f3net_deepfakebench,external,1,official,502,deepfakes_faces_c23/044_945,ffpp_test:6,1,deepfakes,canonical,6.946044921875,0.9990384912505362
f3net_deepfakebench,external,1,official,503,deepfakes_faces_c23/945_044,ffpp_test:6,1,deepfakes,canonical,8.2708740234375,0.9997442038838984
f3net_deepfakebench,external,1,official,504,face2face_faces_c23/044_945,ffpp_test:6,1,face2face,canonical,3.3231277465820312,0.9652137621189754
f3net_deepfakebench,external,1,official,505,face2face_faces_c23/945_044,ffpp_test:6,1,face2face,canonical,6.0623779296875,0.9976765545298282
f3net_deepfakebench,external,1,official,506,faceswap_faces_c23/044_945,ffpp_test:6,1,faceswap,canonical,6.66302490234375,0.9987243524720116
f3net_deepfakebench,external,1,official,507,faceswap_faces_c23/945_044,ffpp_test:6,1,faceswap,canonical,5.1717987060546875,0.9943576634688971
f3net_deepfakebench,external,1,official,508,neuraltextures_faces_c23/044_945,ffpp_test:6,1,neuraltextures,canonical,7.2945556640625,0.9993212343705435
f3net_deepfakebench,external,1,official,509,neuraltextures_faces_c23/945_044,ffpp_test:6,1,neuraltextures,canonical,5.34857177734375,0.995267565169475
f3net_deepfakebench,external,1,official,510,original_faces_c23/896,ffpp_test:10,0,real,canonical,2.4911108016967773,0.9235162998731155
f3net_deepfakebench,external,1,official,511,original_faces_c23/128,ffpp_test:10,0,real,canonical,-1.43499755859375,0.19232120080974208
f3net_deepfakebench,external,1,official,512,deepfakes_faces_c23/896_128,ffpp_test:10,1,deepfakes,canonical,7.2916259765625,0.9993192442392869
f3net_deepfakebench,external,1,official,513,deepfakes_faces_c23/128_896,ffpp_test:10,1,deepfakes,canonical,7.2012939453125,0.9992549351436479
f3net_deepfakebench,external,1,official,514,face2face_faces_c23/896_128,ffpp_test:10,1,face2face,canonical,7.245361328125,0.9992870323783624
f3net_deepfakebench,external,1,official,515,face2face_faces_c23/128_896,ffpp_test:10,1,face2face,canonical,4.6303558349609375,0.9903428807219558
f3net_deepfakebench,external,1,official,516,faceswap_faces_c23/896_128,ffpp_test:10,1,faceswap,canonical,7.7218017578125,0.9995571346220217
f3net_deepfakebench,external,1,official,517,faceswap_faces_c23/128_896,ffpp_test:10,1,faceswap,canonical,7.1300048828125,0.9991999251545729
f3net_deepfakebench,external,1,official,518,neuraltextures_faces_c23/896_128,ffpp_test:10,1,neuraltextures,canonical,4.976593017578125,0.9931497275981279
f3net_deepfakebench,external,1,official,519,neuraltextures_faces_c23/128_896,ffpp_test:10,1,neuraltextures,canonical,1.859375,0.8652240825770433
f3net_deepfakebench,external,1,official,520,original_faces_c23/862,ffpp_test:7,0,real,canonical,-3.8402099609375,0.021037022552162565
f3net_deepfakebench,external,1,official,521,original_faces_c23/047,ffpp_test:7,0,real,canonical,-0.1897883415222168,0.4526948223060247
f3net_deepfakebench,external,1,official,522,deepfakes_faces_c23/862_047,ffpp_test:7,1,deepfakes,canonical,7.129638671875,0.9991996323393055
f3net_deepfakebench,external,1,official,523,deepfakes_faces_c23/047_862,ffpp_test:7,1,deepfakes,canonical,5.536711692810059,0.996075998728214
f3net_deepfakebench,external,1,official,524,face2face_faces_c23/862_047,ffpp_test:7,1,face2face,canonical,5.9072265625,0.9972876574019399
f3net_deepfakebench,external,1,official,525,face2face_faces_c23/047_862,ffpp_test:7,1,face2face,canonical,6.6639404296875,0.9987255183399764
f3net_deepfakebench,external,1,official,526,faceswap_faces_c23/862_047,ffpp_test:7,1,faceswap,canonical,5.773591041564941,0.9969010588624275
f3net_deepfakebench,external,1,official,527,faceswap_faces_c23/047_862,ffpp_test:7,1,faceswap,canonical,7.5196533203125,0.9994579734073804
f3net_deepfakebench,external,1,official,528,neuraltextures_faces_c23/862_047,ffpp_test:7,1,neuraltextures,canonical,3.2583847045898438,0.9629732391375909
f3net_deepfakebench,external,1,official,529,neuraltextures_faces_c23/047_862,ffpp_test:7,1,neuraltextures,canonical,0.3108053207397461,0.5770818186086294
f3net_deepfakebench,external,1,official,530,original_faces_c23/607,ffpp_test:49,0,real,canonical,2.0175819396972656,0.8826307449515725
f3net_deepfakebench,external,1,official,531,original_faces_c23/683,ffpp_test:49,0,real,canonical,2.786876678466797,0.9419625309944509
f3net_deepfakebench,external,1,official,532,deepfakes_faces_c23/607_683,ffpp_test:49,1,deepfakes,canonical,5.17822265625,0.9943935908260251
f3net_deepfakebench,external,1,official,533,deepfakes_faces_c23/683_607,ffpp_test:49,1,deepfakes,canonical,9.2587890625,0.9999047384535359
f3net_deepfakebench,external,1,official,534,face2face_faces_c23/607_683,ffpp_test:49,1,face2face,canonical,9.001220703125,0.9998767559417069
f3net_deepfakebench,external,1,official,535,face2face_faces_c23/683_607,ffpp_test:49,1,face2face,canonical,5.56304931640625,0.9961776086019918
f3net_deepfakebench,external,1,official,536,faceswap_faces_c23/607_683,ffpp_test:49,1,faceswap,canonical,6.60296630859375,0.998645498417812
f3net_deepfakebench,external,1,official,537,faceswap_faces_c23/683_607,ffpp_test:49,1,faceswap,canonical,8.0068359375,0.9996669337234988
f3net_deepfakebench,external,1,official,538,neuraltextures_faces_c23/607_683,ffpp_test:49,1,neuraltextures,canonical,9.90234375,0.9999499452827538
f3net_deepfakebench,external,1,official,539,neuraltextures_faces_c23/683_607,ffpp_test:49,1,neuraltextures,canonical,12.073486328125,0.9999942911447557
f3net_deepfakebench,external,1,official,540,original_faces_c23/517,ffpp_test:45,0,real,canonical,-2.46746826171875,0.07817047709445249
f3net_deepfakebench,external,1,official,541,original_faces_c23/521,ffpp_test:45,0,real,canonical,-2.1325531005859375,0.1059728608030059
f3net_deepfakebench,external,1,official,542,deepfakes_faces_c23/517_521,ffpp_test:45,1,deepfakes,canonical,7.7037353515625,0.9995490645651551
f3net_deepfakebench,external,1,official,543,deepfakes_faces_c23/521_517,ffpp_test:45,1,deepfakes,canonical,6.488525390625,0.9984815193635502
f3net_deepfakebench,external,1,official,544,face2face_faces_c23/517_521,ffpp_test:45,1,face2face,canonical,6.9632568359375,0.9990548835393704
f3net_deepfakebench,external,1,official,545,face2face_faces_c23/521_517,ffpp_test:45,1,face2face,canonical,4.5833740234375,0.9898830445283736
f3net_deepfakebench,external,1,official,546,faceswap_faces_c23/517_521,ffpp_test:45,1,faceswap,canonical,7.358154296875,0.9993630322092333
f3net_deepfakebench,external,1,official,547,faceswap_faces_c23/521_517,ffpp_test:45,1,faceswap,canonical,5.71588134765625,0.996717563127629
f3net_deepfakebench,external,1,official,548,neuraltextures_faces_c23/517_521,ffpp_test:45,1,neuraltextures,canonical,5.69512939453125,0.996648965104155
f3net_deepfakebench,external,1,official,549,neuraltextures_faces_c23/521_517,ffpp_test:45,1,neuraltextures,canonical,1.3697280883789062,0.7973362186034121
f3net_deepfakebench,external,1,official,550,original_faces_c23/682,ffpp_test:55,0,real,canonical,-0.9843177795410156,0.2720358824488073
f3net_deepfakebench,external,1,official,551,original_faces_c23/669,ffpp_test:55,0,real,canonical,-1.2686800956726074,0.219483281666084
f3net_deepfakebench,external,1,official,552,deepfakes_faces_c23/682_669,ffpp_test:55,1,deepfakes,canonical,5.51416015625,0.9959868602750689
f3net_deepfakebench,external,1,official,553,deepfakes_faces_c23/669_682,ffpp_test:55,1,deepfakes,canonical,6.39312744140625,0.9983297785544635
f3net_deepfakebench,external,1,official,554,face2face_faces_c23/682_669,ffpp_test:55,1,face2face,canonical,2.6746788024902344,0.9355158603324919
f3net_deepfakebench,external,1,official,555,face2face_faces_c23/669_682,ffpp_test:55,1,face2face,canonical,5.0712890625,0.9937647947899003
f3net_deepfakebench,external,1,official,556,faceswap_faces_c23/682_669,ffpp_test:55,1,faceswap,canonical,4.5220947265625,0.9892505678733847
f3net_deepfakebench,external,1,official,557,faceswap_faces_c23/669_682,ffpp_test:55,1,faceswap,canonical,6.784423828125,0.9988700189858646
f3net_deepfakebench,external,1,official,558,neuraltextures_faces_c23/682_669,ffpp_test:55,1,neuraltextures,canonical,1.8416352272033691,0.8631419881051318
f3net_deepfakebench,external,1,official,559,neuraltextures_faces_c23/669_682,ffpp_test:55,1,neuraltextures,canonical,2.294891357421875,0.9084530587282269
f3net_deepfakebench,external,1,official,560,original_faces_c23/138,ffpp_test:12,0,real,canonical,-1.6183357238769531,0.16543452211429574
f3net_deepfakebench,external,1,official,561,original_faces_c23/142,ffpp_test:12,0,real,canonical,-2.655548095703125,0.06564787790543526
f3net_deepfakebench,external,1,official,562,deepfakes_faces_c23/138_142,ffpp_test:12,1,deepfakes,canonical,5.3157958984375,0.9951106564795409
f3net_deepfakebench,external,1,official,563,deepfakes_faces_c23/142_138,ffpp_test:12,1,deepfakes,canonical,5.3346099853515625,0.9952013477803471
f3net_deepfakebench,external,1,official,564,face2face_faces_c23/138_142,ffpp_test:12,1,face2face,canonical,5.4774169921875,0.9958372875786254
f3net_deepfakebench,external,1,official,565,face2face_faces_c23/142_138,ffpp_test:12,1,face2face,canonical,5.38153076171875,0.9954202963324486
f3net_deepfakebench,external,1,official,566,faceswap_faces_c23/138_142,ffpp_test:12,1,faceswap,canonical,6.87420654296875,0.9989669504536877
f3net_deepfakebench,external,1,official,567,faceswap_faces_c23/142_138,ffpp_test:12,1,faceswap,canonical,7.3055419921875,0.999328645719782
f3net_deepfakebench,external,1,official,568,neuraltextures_faces_c23/138_142,ffpp_test:12,1,neuraltextures,canonical,5.0238037109375,0.9934635535243427
f3net_deepfakebench,external,1,official,569,neuraltextures_faces_c23/142_138,ffpp_test:12,1,neuraltextures,canonical,0.71209716796875,0.6708643915572242
f3net_deepfakebench,external,1,official,570,original_faces_c23/552,ffpp_test:47,0,real,canonical,-1.0099868774414062,0.26698241887484
f3net_deepfakebench,external,1,official,571,original_faces_c23/851,ffpp_test:47,0,real,canonical,2.0271835327148438,0.8836217611502118
f3net_deepfakebench,external,1,official,572,deepfakes_faces_c23/552_851,ffpp_test:47,1,deepfakes,canonical,7.8365478515625,0.9996051255943297
f3net_deepfakebench,external,1,official,573,deepfakes_faces_c23/851_552,ffpp_test:47,1,deepfakes,canonical,5.651134490966797,0.9964987732132194
f3net_deepfakebench,external,1,official,574,face2face_faces_c23/552_851,ffpp_test:47,1,face2face,canonical,6.5023193359375,0.998502290246068
f3net_deepfakebench,external,1,official,575,face2face_faces_c23/851_552,ffpp_test:47,1,face2face,canonical,6.098388671875,0.9977585507527258
f3net_deepfakebench,external,1,official,576,faceswap_faces_c23/552_851,ffpp_test:47,1,faceswap,canonical,6.0517578125,0.9976518060255611
f3net_deepfakebench,external,1,official,577,faceswap_faces_c23/851_552,ffpp_test:47,1,faceswap,canonical,6.2789306640625,0.9981281055997608
f3net_deepfakebench,external,1,official,578,neuraltextures_faces_c23/552_851,ffpp_test:47,1,neuraltextures,canonical,7.40142822265625,0.9993899919577267
f3net_deepfakebench,external,1,official,579,neuraltextures_faces_c23/851_552,ffpp_test:47,1,neuraltextures,canonical,3.695331573486328,0.9757628163745043
f3net_deepfakebench,external,1,official,580,original_faces_c23/376,ffpp_test:31,0,real,canonical,-3.3057861328125,0.03537322343144117
f3net_deepfakebench,external,1,official,581,original_faces_c23/381,ffpp_test:31,0,real,canonical,-2.3838653564453125,0.08441134722387755
f3net_deepfakebench,external,1,official,582,deepfakes_faces_c23/376_381,ffpp_test:31,1,deepfakes,canonical,5.8640594482421875,0.9971683483526605
f3net_deepfakebench,external,1,official,583,deepfakes_faces_c23/381_376,ffpp_test:31,1,deepfakes,canonical,6.656005859375,0.998715378692645
f3net_deepfakebench,external,1,official,584,face2face_faces_c23/376_381,ffpp_test:31,1,face2face,canonical,5.5760040283203125,0.9962266215713881
f3net_deepfakebench,external,1,official,585,face2face_faces_c23/381_376,ffpp_test:31,1,face2face,canonical,5.275543212890625,0.9949108545581761
f3net_deepfakebench,external,1,official,586,faceswap_faces_c23/376_381,ffpp_test:31,1,faceswap,canonical,6.39002799987793,0.9983246024565114
f3net_deepfakebench,external,1,official,587,faceswap_faces_c23/381_376,ffpp_test:31,1,faceswap,canonical,6.759765625,0.9988418419851767
f3net_deepfakebench,external,1,official,588,neuraltextures_faces_c23/376_381,ffpp_test:31,1,neuraltextures,canonical,3.06298828125,0.9553399671304691
f3net_deepfakebench,external,1,official,589,neuraltextures_faces_c23/381_376,ffpp_test:31,1,neuraltextures,canonical,2.072732925415039,0.8882245788735775
f3net_deepfakebench,external,1,official,590,original_faces_c23/000,ffpp_test:0,0,real,canonical,-0.32981109619140625,0.4182865870744855
f3net_deepfakebench,external,1,official,591,original_faces_c23/003,ffpp_test:0,0,real,canonical,-2.9461421966552734,0.04991915914912133
f3net_deepfakebench,external,1,official,592,deepfakes_faces_c23/000_003,ffpp_test:0,1,deepfakes,canonical,7.9361572265625,0.9996425498837673
f3net_deepfakebench,external,1,official,593,deepfakes_faces_c23/003_000,ffpp_test:0,1,deepfakes,canonical,0.23566150665283203,0.558644220405933
f3net_deepfakebench,external,1,official,594,face2face_faces_c23/000_003,ffpp_test:0,1,face2face,canonical,4.948974609375,0.9929592477769394
f3net_deepfakebench,external,1,official,595,face2face_faces_c23/003_000,ffpp_test:0,1,face2face,canonical,6.195556640625,0.9979656787096193
f3net_deepfakebench,external,1,official,596,faceswap_faces_c23/000_003,ffpp_test:0,1,faceswap,canonical,7.180908203125,0.9992396022376914
f3net_deepfakebench,external,1,official,597,faceswap_faces_c23/003_000,ffpp_test:0,1,faceswap,canonical,6.5350341796875,0.9985504249093543
f3net_deepfakebench,external,1,official,598,neuraltextures_faces_c23/000_003,ffpp_test:0,1,neuraltextures,canonical,3.0742034912109375,0.9558160336968103
f3net_deepfakebench,external,1,official,599,neuraltextures_faces_c23/003_000,ffpp_test:0,1,neuraltextures,canonical,1.9980297088623047,0.8805900547884318
f3net_deepfakebench,external,1,official,600,original_faces_c23/048,ffpp_test:4,0,real,canonical,-4.01788330078125,0.017673050256164655
f3net_deepfakebench,external,1,official,601,original_faces_c23/029,ffpp_test:4,0,real,canonical,-0.18312931060791016,0.4543451923685357
f3net_deepfakebench,external,1,official,602,deepfakes_faces_c23/048_029,ffpp_test:4,1,deepfakes,canonical,7.1783447265625,0.999237651963192
f3net_deepfakebench,external,1,official,603,deepfakes_faces_c23/029_048,ffpp_test:4,1,deepfakes,canonical,6.11865234375,0.9978034148847417
f3net_deepfakebench,external,1,official,604,face2face_faces_c23/048_029,ffpp_test:4,1,face2face,canonical,6.569091796875,0.9985988947430778
f3net_deepfakebench,external,1,official,605,face2face_faces_c23/029_048,ffpp_test:4,1,face2face,canonical,5.56085205078125,0.9961692327680547
f3net_deepfakebench,external,1,official,606,faceswap_faces_c23/048_029,ffpp_test:4,1,faceswap,canonical,3.1111602783203125,0.9573507554254387
f3net_deepfakebench,external,1,official,607,faceswap_faces_c23/029_048,ffpp_test:4,1,faceswap,canonical,6.5926513671875,0.998631473726279
f3net_deepfakebench,external,1,official,608,neuraltextures_faces_c23/048_029,ffpp_test:4,1,neuraltextures,canonical,6.5074462890625,0.9985099378707909
f3net_deepfakebench,external,1,official,609,neuraltextures_faces_c23/029_048,ffpp_test:4,1,neuraltextures,canonical,8.5255126953125,0.9998016963306641
f3net_deepfakebench,external,1,official,610,original_faces_c23/724,ffpp_test:59,0,real,canonical,0.19597244262695312,0.5488369113385184
f3net_deepfakebench,external,1,official,611,original_faces_c23/725,ffpp_test:59,0,real,canonical,-0.0673675537109375,0.4831644782671977
f3net_deepfakebench,external,1,official,612,deepfakes_faces_c23/724_725,ffpp_test:59,1,deepfakes,canonical,8.254638671875,0.999740018137121
f3net_deepfakebench,external,1,official,613,deepfakes_faces_c23/725_724,ffpp_test:59,1,deepfakes,canonical,9.14013671875,0.999892738843865
f3net_deepfakebench,external,1,official,614,face2face_faces_c23/724_725,ffpp_test:59,1,face2face,canonical,8.48974609375,0.9997944768006266
f3net_deepfakebench,external,1,official,615,face2face_faces_c23/725_724,ffpp_test:59,1,face2face,canonical,7.72314453125,0.9995577286279861
f3net_deepfakebench,external,1,official,616,faceswap_faces_c23/724_725,ffpp_test:59,1,faceswap,canonical,7.1273193359375,0.9991977753543602
f3net_deepfakebench,external,1,official,617,faceswap_faces_c23/725_724,ffpp_test:59,1,faceswap,canonical,7.14013671875,0.999207984066656
f3net_deepfakebench,external,1,official,618,neuraltextures_faces_c23/724_725,ffpp_test:59,1,neuraltextures,canonical,10.51611328125,0.9999729044317641
f3net_deepfakebench,external,1,official,619,neuraltextures_faces_c23/725_724,ffpp_test:59,1,neuraltextures,canonical,6.624755859375,0.9986746544802846
f3net_deepfakebench,external,1,official,620,original_faces_c23/608,ffpp_test:50,0,real,canonical,-3.1820068359375,0.03984848030344357
f3net_deepfakebench,external,1,official,621,original_faces_c23/675,ffpp_test:50,0,real,canonical,-2.370075225830078,0.08548325840664149
f3net_deepfakebench,external,1,official,622,deepfakes_faces_c23/608_675,ffpp_test:50,1,deepfakes,canonical,5.84259033203125,0.9971070757836091
f3net_deepfakebench,external,1,official,623,deepfakes_faces_c23/675_608,ffpp_test:50,1,deepfakes,canonical,6.212493896484375,0.997999776037749
f3net_deepfakebench,external,1,official,624,face2face_faces_c23/608_675,ffpp_test:50,1,face2face,canonical,6.11590576171875,0.9977973867975938
f3net_deepfakebench,external,1,official,625,face2face_faces_c23/675_608,ffpp_test:50,1,face2face,canonical,4.747894287109375,0.9914045892464132
f3net_deepfakebench,external,1,official,626,faceswap_faces_c23/608_675,ffpp_test:50,1,faceswap,canonical,6.5758056640625,0.9986082570220757
f3net_deepfakebench,external,1,official,627,faceswap_faces_c23/675_608,ffpp_test:50,1,faceswap,canonical,4.293487548828125,0.9865267944726657
f3net_deepfakebench,external,1,official,628,neuraltextures_faces_c23/608_675,ffpp_test:50,1,neuraltextures,canonical,0.12390518188476562,0.5309367259364033
f3net_deepfakebench,external,1,official,629,neuraltextures_faces_c23/675_608,ffpp_test:50,1,neuraltextures,canonical,-0.24652338027954102,0.43867939787257015
f3net_deepfakebench,external,1,official,630,original_faces_c23/386,ffpp_test:14,0,real,canonical,-3.372314453125,0.033172000327725194
f3net_deepfakebench,external,1,official,631,original_faces_c23/154,ffpp_test:14,0,real,canonical,-3.18817138671875,0.03961328891690436
f3net_deepfakebench,external,1,official,632,deepfakes_faces_c23/386_154,ffpp_test:14,1,deepfakes,canonical,6.5518798828125,0.9985746049771755
f3net_deepfakebench,external,1,official,633,deepfakes_faces_c23/154_386,ffpp_test:14,1,deepfakes,canonical,6.004180908203125,0.9975376676711857
f3net_deepfakebench,external,1,official,634,face2face_faces_c23/386_154,ffpp_test:14,1,face2face,canonical,1.4292755126953125,0.8067884071535735
f3net_deepfakebench,external,1,official,635,face2face_faces_c23/154_386,ffpp_test:14,1,face2face,canonical,5.82403564453125,0.9970530570622924
f3net_deepfakebench,external,1,official,636,faceswap_faces_c23/386_154,ffpp_test:14,1,faceswap,canonical,5.8997344970703125,0.9972673157795019
f3net_deepfakebench,external,1,official,637,faceswap_faces_c23/154_386,ffpp_test:14,1,faceswap,canonical,6.231903076171875,0.9980381489813678
f3net_deepfakebench,external,1,official,638,neuraltextures_faces_c23/386_154,ffpp_test:14,1,neuraltextures,canonical,2.3966445922851562,0.9165710787719017
f3net_deepfakebench,external,1,official,639,neuraltextures_faces_c23/154_386,ffpp_test:14,1,neuraltextures,canonical,5.09967041015625,0.99393821303911
f3net_deepfakebench,external,1,official,640,original_faces_c23/220,ffpp_test:20,0,real,canonical,-2.886871337890625,0.052806388694543835
f3net_deepfakebench,external,1,official,641,original_faces_c23/219,ffpp_test:20,0,real,canonical,-2.5968093872070312,0.0693440452567243
f3net_deepfakebench,external,1,official,642,deepfakes_faces_c23/220_219,ffpp_test:20,1,deepfakes,canonical,2.606008529663086,0.9312472787309689
f3net_deepfakebench,external,1,official,643,deepfakes_faces_c23/219_220,ffpp_test:20,1,deepfakes,canonical,6.1312408447265625,0.9978308336746242
f3net_deepfakebench,external,1,official,644,face2face_faces_c23/220_219,ffpp_test:20,1,face2face,canonical,5.5675048828125,0.9961945369694268
f3net_deepfakebench,external,1,official,645,face2face_faces_c23/219_220,ffpp_test:20,1,face2face,canonical,5.513153076171875,0.9959828329300061
f3net_deepfakebench,external,1,official,646,faceswap_faces_c23/220_219,ffpp_test:20,1,faceswap,canonical,7.9324951171875,0.9996412389330138
f3net_deepfakebench,external,1,official,647,faceswap_faces_c23/219_220,ffpp_test:20,1,faceswap,canonical,4.25347900390625,0.9859845308102654
f3net_deepfakebench,external,1,official,648,neuraltextures_faces_c23/220_219,ffpp_test:20,1,neuraltextures,canonical,7.0399169921875,0.9991245677624794
f3net_deepfakebench,external,1,official,649,neuraltextures_faces_c23/219_220,ffpp_test:20,1,neuraltextures,canonical,2.7232513427734375,0.9383847905579906
f3net_deepfakebench,external,1,official,650,original_faces_c23/801,ffpp_test:63,0,real,canonical,-2.48529052734375,0.07689582377166564
f3net_deepfakebench,external,1,official,651,original_faces_c23/855,ffpp_test:63,0,real,canonical,-5.35089111328125,0.004721523207042351
f3net_deepfakebench,external,1,official,652,deepfakes_faces_c23/801_855,ffpp_test:63,1,deepfakes,canonical,4.431060791015625,0.9882381305053486
f3net_deepfakebench,external,1,official,653,deepfakes_faces_c23/855_801,ffpp_test:63,1,deepfakes,canonical,5.7715911865234375,0.996894874491316
f3net_deepfakebench,external,1,official,654,face2face_faces_c23/801_855,ffpp_test:63,1,face2face,canonical,3.311737060546875,0.964829273384456
f3net_deepfakebench,external,1,official,655,face2face_faces_c23/855_801,ffpp_test:63,1,face2face,canonical,6.253662109375,0.9980802948252392
f3net_deepfakebench,external,1,official,656,faceswap_faces_c23/801_855,ffpp_test:63,1,faceswap,canonical,4.9952392578125,0.9932754249474015
f3net_deepfakebench,external,1,official,657,faceswap_faces_c23/855_801,ffpp_test:63,1,faceswap,canonical,6.610595703125,0.9986557792852968
f3net_deepfakebench,external,1,official,658,neuraltextures_faces_c23/801_855,ffpp_test:63,1,neuraltextures,canonical,6.16729736328125,0.9979074922739732
f3net_deepfakebench,external,1,official,659,neuraltextures_faces_c23/855_801,ffpp_test:63,1,neuraltextures,canonical,4.34417724609375,0.9871841921894847
f3net_deepfakebench,external,1,official,660,original_faces_c23/161,ffpp_test:13,0,real,canonical,-2.628021240234375,0.06735664937759331
f3net_deepfakebench,external,1,official,661,original_faces_c23/141,ffpp_test:13,0,real,canonical,-1.7448844909667969,0.14869357556249782
f3net_deepfakebench,external,1,official,662,deepfakes_faces_c23/161_141,ffpp_test:13,1,deepfakes,canonical,6.986572265625,0.9990766443221057
f3net_deepfakebench,external,1,official,663,deepfakes_faces_c23/141_161,ffpp_test:13,1,deepfakes,canonical,6.680908203125,0.9987469341551813
f3net_deepfakebench,external,1,official,664,face2face_faces_c23/161_141,ffpp_test:13,1,face2face,canonical,6.3138427734375,0.9981922136546246
f3net_deepfakebench,external,1,official,665,face2face_faces_c23/141_161,ffpp_test:13,1,face2face,canonical,2.791627883911133,0.9422217304519025
f3net_deepfakebench,external,1,official,666,faceswap_faces_c23/161_141,ffpp_test:13,1,faceswap,canonical,8.34765625,0.9997631049100225
f3net_deepfakebench,external,1,official,667,faceswap_faces_c23/141_161,ffpp_test:13,1,faceswap,canonical,5.437957763671875,0.9956704717473045
f3net_deepfakebench,external,1,official,668,neuraltextures_faces_c23/161_141,ffpp_test:13,1,neuraltextures,canonical,6.2493896484375,0.9980720912600897
f3net_deepfakebench,external,1,official,669,neuraltextures_faces_c23/141_161,ffpp_test:13,1,neuraltextures,canonical,5.556617736816406,0.9961530402392058
f3net_deepfakebench,external,1,official,670,original_faces_c23/949,ffpp_test:66,0,real,canonical,-1.7152137756347656,0.15248868732491766
f3net_deepfakebench,external,1,official,671,original_faces_c23/868,ffpp_test:66,0,real,canonical,-4.053497314453125,0.017065270010386296
f3net_deepfakebench,external,1,official,672,deepfakes_faces_c23/949_868,ffpp_test:66,1,deepfakes,canonical,5.8935546875,0.9972504226002512
f3net_deepfakebench,external,1,official,673,deepfakes_faces_c23/868_949,ffpp_test:66,1,deepfakes,canonical,6.7896728515625,0.9988759280933981
f3net_deepfakebench,external,1,official,674,face2face_faces_c23/949_868,ffpp_test:66,1,face2face,canonical,6.3790283203125,0.9983061032809537
f3net_deepfakebench,external,1,official,675,face2face_faces_c23/868_949,ffpp_test:66,1,face2face,canonical,4.6483001708984375,0.9905129964345175
f3net_deepfakebench,external,1,official,676,faceswap_faces_c23/949_868,ffpp_test:66,1,faceswap,canonical,6.1231689453125,0.9978132919677417
f3net_deepfakebench,external,1,official,677,faceswap_faces_c23/868_949,ffpp_test:66,1,faceswap,canonical,5.5732421875,0.9962162251833354
f3net_deepfakebench,external,1,official,678,neuraltextures_faces_c23/949_868,ffpp_test:66,1,neuraltextures,canonical,4.976940155029297,0.9931520888901219
f3net_deepfakebench,external,1,official,679,neuraltextures_faces_c23/868_949,ffpp_test:66,1,neuraltextures,canonical,3.4300343990325928,0.9686301130113716
f3net_deepfakebench,external,1,official,680,original_faces_c23/880,ffpp_test:11,0,real,canonical,-2.746349334716797,0.06029315745612895
f3net_deepfakebench,external,1,official,681,original_faces_c23/135,ffpp_test:11,0,real,canonical,-3.162735939025879,0.040592369415274714
f3net_deepfakebench,external,1,official,682,deepfakes_faces_c23/880_135,ffpp_test:11,1,deepfakes,canonical,2.532562255859375,0.926393261511815
f3net_deepfakebench,external,1,official,683,deepfakes_faces_c23/135_880,ffpp_test:11,1,deepfakes,canonical,6.472412109375,0.9984568915295559
f3net_deepfakebench,external,1,official,684,face2face_faces_c23/880_135,ffpp_test:11,1,face2face,canonical,3.57440185546875,0.9727321883632278
f3net_deepfakebench,external,1,official,685,face2face_faces_c23/135_880,ffpp_test:11,1,face2face,canonical,7.2998046875,0.9993247854934315
f3net_deepfakebench,external,1,official,686,faceswap_faces_c23/880_135,ffpp_test:11,1,faceswap,canonical,6.4454345703125,0.9984147625396063
f3net_deepfakebench,external,1,official,687,faceswap_faces_c23/135_880,ffpp_test:11,1,faceswap,canonical,6.328369140625,0.9982182379558867
f3net_deepfakebench,external,1,official,688,neuraltextures_faces_c23/880_135,ffpp_test:11,1,neuraltextures,canonical,3.413888454437256,0.9681357756380073
f3net_deepfakebench,external,1,official,689,neuraltextures_faces_c23/135_880,ffpp_test:11,1,neuraltextures,canonical,4.57098388671875,0.9897582060949146
f3net_deepfakebench,external,1,official,690,original_faces_c23/429,ffpp_test:35,0,real,canonical,-3.8310546875,0.021226399624529248
f3net_deepfakebench,external,1,official,691,original_faces_c23/404,ffpp_test:35,0,real,canonical,-3.0201416015625,0.04652419270964128
f3net_deepfakebench,external,1,official,692,deepfakes_faces_c23/429_404,ffpp_test:35,1,deepfakes,canonical,7.4630126953125,0.9994264046957609
f3net_deepfakebench,external,1,official,693,deepfakes_faces_c23/404_429,ffpp_test:35,1,deepfakes,canonical,1.0494041442871094,0.7406604621157087
f3net_deepfakebench,external,1,official,694,face2face_faces_c23/429_404,ffpp_test:35,1,face2face,canonical,5.8736572265625,0.9971953200518398
f3net_deepfakebench,external,1,official,695,face2face_faces_c23/404_429,ffpp_test:35,1,face2face,canonical,6.6871337890625,0.9987547013070004
f3net_deepfakebench,external,1,official,696,faceswap_faces_c23/429_404,ffpp_test:35,1,faceswap,canonical,6.56884765625,0.998598553114052
f3net_deepfakebench,external,1,official,697,faceswap_faces_c23/404_429,ffpp_test:35,1,faceswap,canonical,5.48101806640625,0.995852188792045
f3net_deepfakebench,external,1,official,698,neuraltextures_faces_c23/429_404,ffpp_test:35,1,neuraltextures,canonical,2.1803512573242188,0.8984711185502127
f3net_deepfakebench,external,1,official,699,neuraltextures_faces_c23/404_429,ffpp_test:35,1,neuraltextures,canonical,6.5660400390625,0.998594618396474
f3net_deepfakebench,external,1,official,0,original_faces_c23/953,ffpp_test:68,0,real,jpeg40,-4.18048095703125,0.015060853618029415
f3net_deepfakebench,external,1,official,1,original_faces_c23/974,ffpp_test:68,0,real,jpeg40,-4.9071044921875,0.007339598354722271
f3net_deepfakebench,external,1,official,2,deepfakes_faces_c23/953_974,ffpp_test:68,1,deepfakes,jpeg40,0.03309154510498047,0.5082721314233157
f3net_deepfakebench,external,1,official,3,deepfakes_faces_c23/974_953,ffpp_test:68,1,deepfakes,jpeg40,0.4970097541809082,0.6217563554396542
f3net_deepfakebench,external,1,official,4,face2face_faces_c23/953_974,ffpp_test:68,1,face2face,jpeg40,2.9683189392089844,0.9511221857868037
f3net_deepfakebench,external,1,official,5,face2face_faces_c23/974_953,ffpp_test:68,1,face2face,jpeg40,1.5761938095092773,0.8286647929568608
f3net_deepfakebench,external,1,official,6,faceswap_faces_c23/953_974,ffpp_test:68,1,faceswap,jpeg40,-0.00861358642578125,0.49784661670752517
f3net_deepfakebench,external,1,official,7,faceswap_faces_c23/974_953,ffpp_test:68,1,faceswap,jpeg40,-0.4545001983642578,0.3882913378398186
f3net_deepfakebench,external,1,official,8,neuraltextures_faces_c23/953_974,ffpp_test:68,1,neuraltextures,jpeg40,-2.582550048828125,0.07026994821664123
f3net_deepfakebench,external,1,official,9,neuraltextures_faces_c23/974_953,ffpp_test:68,1,neuraltextures,jpeg40,-1.8580436706542969,0.13493124106184326
f3net_deepfakebench,external,1,official,10,original_faces_c23/012,ffpp_test:1,0,real,jpeg40,-1.6164629459381104,0.16569325099804016
f3net_deepfakebench,external,1,official,11,original_faces_c23/026,ffpp_test:1,0,real,jpeg40,-4.18426513671875,0.015004821895069395
f3net_deepfakebench,external,1,official,12,deepfakes_faces_c23/012_026,ffpp_test:1,1,deepfakes,jpeg40,-1.531585693359375,0.177761798375789
f3net_deepfakebench,external,1,official,13,deepfakes_faces_c23/026_012,ffpp_test:1,1,deepfakes,jpeg40,5.201515197753906,0.9945219621302066
f3net_deepfakebench,external,1,official,14,face2face_faces_c23/012_026,ffpp_test:1,1,face2face,jpeg40,1.2205514907836914,0.7721605869987833
f3net_deepfakebench,external,1,official,15,face2face_faces_c23/026_012,ffpp_test:1,1,face2face,jpeg40,-1.8745651245117188,0.13301438271292332
f3net_deepfakebench,external,1,official,16,faceswap_faces_c23/012_026,ffpp_test:1,1,faceswap,jpeg40,1.4105987548828125,0.8038603658209921
f3net_deepfakebench,external,1,official,17,faceswap_faces_c23/026_012,ffpp_test:1,1,faceswap,jpeg40,2.5367431640625,0.9266778448244413
f3net_deepfakebench,external,1,official,18,neuraltextures_faces_c23/012_026,ffpp_test:1,1,neuraltextures,jpeg40,0.8972434997558594,0.7103827117576423
f3net_deepfakebench,external,1,official,19,neuraltextures_faces_c23/026_012,ffpp_test:1,1,neuraltextures,jpeg40,-2.17315673828125,0.10218705501828967
f3net_deepfakebench,external,1,official,20,original_faces_c23/078,ffpp_test:8,0,real,jpeg40,-3.116119384765625,0.04244722145034663
f3net_deepfakebench,external,1,official,21,original_faces_c23/955,ffpp_test:8,0,real,jpeg40,-2.6025428771972656,0.06897494428896393
f3net_deepfakebench,external,1,official,22,deepfakes_faces_c23/078_955,ffpp_test:8,1,deepfakes,jpeg40,5.57574462890625,0.9962256463271345
f3net_deepfakebench,external,1,official,23,deepfakes_faces_c23/955_078,ffpp_test:8,1,deepfakes,jpeg40,-1.3885002136230469,0.1996472971456519
f3net_deepfakebench,external,1,official,24,face2face_faces_c23/078_955,ffpp_test:8,1,face2face,jpeg40,-1.3951959609985352,0.19857954669105204
f3net_deepfakebench,external,1,official,25,face2face_faces_c23/955_078,ffpp_test:8,1,face2face,jpeg40,0.38217926025390625,0.5943986062965095
f3net_deepfakebench,external,1,official,26,faceswap_faces_c23/078_955,ffpp_test:8,1,faceswap,jpeg40,4.59490966796875,0.9899979189822434
f3net_deepfakebench,external,1,official,27,faceswap_faces_c23/955_078,ffpp_test:8,1,faceswap,jpeg40,2.995647430419922,0.9523771044720841
f3net_deepfakebench,external,1,official,28,neuraltextures_faces_c23/078_955,ffpp_test:8,1,neuraltextures,jpeg40,-1.3335952758789062,0.20856528626746842
f3net_deepfakebench,external,1,official,29,neuraltextures_faces_c23/955_078,ffpp_test:8,1,neuraltextures,jpeg40,0.6032099723815918,0.6463903534829158
f3net_deepfakebench,external,1,official,30,original_faces_c23/623,ffpp_test:51,0,real,jpeg40,-2.01644229888916,0.11748736616218501
f3net_deepfakebench,external,1,official,31,original_faces_c23/630,ffpp_test:51,0,real,jpeg40,-2.3577232360839844,0.08645384311973069
f3net_deepfakebench,external,1,official,32,deepfakes_faces_c23/623_630,ffpp_test:51,1,deepfakes,jpeg40,4.702423095703125,0.9910083188520874
f3net_deepfakebench,external,1,official,33,deepfakes_faces_c23/630_623,ffpp_test:51,1,deepfakes,jpeg40,2.75347900390625,0.9401095304571898
f3net_deepfakebench,external,1,official,34,face2face_faces_c23/623_630,ffpp_test:51,1,face2face,jpeg40,-0.7198967337608337,0.32741572326745233
f3net_deepfakebench,external,1,official,35,face2face_faces_c23/630_623,ffpp_test:51,1,face2face,jpeg40,2.6877803802490234,0.9363017298962898
f3net_deepfakebench,external,1,official,36,faceswap_faces_c23/623_630,ffpp_test:51,1,faceswap,jpeg40,0.6357166767120361,0.6537845687667806
f3net_deepfakebench,external,1,official,37,faceswap_faces_c23/630_623,ffpp_test:51,1,faceswap,jpeg40,4.584629058837891,0.9898956054848794
f3net_deepfakebench,external,1,official,38,neuraltextures_faces_c23/623_630,ffpp_test:51,1,neuraltextures,jpeg40,0.6464319229125977,0.6562059548040533
f3net_deepfakebench,external,1,official,39,neuraltextures_faces_c23/630_623,ffpp_test:51,1,neuraltextures,jpeg40,-0.05293476581573486,0.4867693978460005
f3net_deepfakebench,external,1,official,40,original_faces_c23/919,ffpp_test:2,0,real,jpeg40,-4.08734130859375,0.016506751263149214
f3net_deepfakebench,external,1,official,41,original_faces_c23/015,ffpp_test:2,0,real,jpeg40,-1.4295949935913086,0.19316179676646475
f3net_deepfakebench,external,1,official,42,deepfakes_faces_c23/919_015,ffpp_test:2,1,deepfakes,jpeg40,3.3657169342041016,0.9666157536328368
f3net_deepfakebench,external,1,official,43,deepfakes_faces_c23/015_919,ffpp_test:2,1,deepfakes,jpeg40,-1.3456759452819824,0.2065782009660928
f3net_deepfakebench,external,1,official,44,face2face_faces_c23/919_015,ffpp_test:2,1,face2face,jpeg40,1.3034324645996094,0.7864120944326491
f3net_deepfakebench,external,1,official,45,face2face_faces_c23/015_919,ffpp_test:2,1,face2face,jpeg40,1.6187324523925781,0.8346202453114485
f3net_deepfakebench,external,1,official,46,faceswap_faces_c23/919_015,ffpp_test:2,1,faceswap,jpeg40,4.0925750732421875,0.9835780004724982
f3net_deepfakebench,external,1,official,47,faceswap_faces_c23/015_919,ffpp_test:2,1,faceswap,jpeg40,3.1155853271484375,0.9575310662297946
f3net_deepfakebench,external,1,official,48,neuraltextures_faces_c23/919_015,ffpp_test:2,1,neuraltextures,jpeg40,-1.5560722351074219,0.1742109783639582
f3net_deepfakebench,external,1,official,49,neuraltextures_faces_c23/015_919,ffpp_test:2,1,neuraltextures,jpeg40,0.009495735168457031,0.5023739159543414
f3net_deepfakebench,external,1,official,50,original_faces_c23/367,ffpp_test:30,0,real,jpeg40,-2.8119583129882812,0.05668138160125623
f3net_deepfakebench,external,1,official,51,original_faces_c23/371,ffpp_test:30,0,real,jpeg40,-3.14056396484375,0.04146469850883152
f3net_deepfakebench,external,1,official,52,deepfakes_faces_c23/367_371,ffpp_test:30,1,deepfakes,jpeg40,2.9135818481445312,0.948513766800903
f3net_deepfakebench,external,1,official,53,deepfakes_faces_c23/371_367,ffpp_test:30,1,deepfakes,jpeg40,7.8536376953125,0.9996118140019061
f3net_deepfakebench,external,1,official,54,face2face_faces_c23/367_371,ffpp_test:30,1,face2face,jpeg40,0.6781997680664062,0.6633367859270771
f3net_deepfakebench,external,1,official,55,face2face_faces_c23/371_367,ffpp_test:30,1,face2face,jpeg40,2.7266135215759277,0.938578901330882
f3net_deepfakebench,external,1,official,56,faceswap_faces_c23/367_371,ffpp_test:30,1,faceswap,jpeg40,4.138519287109375,0.9843038516442428
f3net_deepfakebench,external,1,official,57,faceswap_faces_c23/371_367,ffpp_test:30,1,faceswap,jpeg40,1.4185713529586792,0.8051143519205783
f3net_deepfakebench,external,1,official,58,neuraltextures_faces_c23/367_371,ffpp_test:30,1,neuraltextures,jpeg40,-1.5096864700317383,0.18098526292483175
f3net_deepfakebench,external,1,official,59,neuraltextures_faces_c23/371_367,ffpp_test:30,1,neuraltextures,jpeg40,-0.25386953353881836,0.43687130530629487
f3net_deepfakebench,external,1,official,60,original_faces_c23/847,ffpp_test:65,0,real,jpeg40,-3.843597412109375,0.0209673728740589
f3net_deepfakebench,external,1,official,61,original_faces_c23/906,ffpp_test:65,0,real,jpeg40,-1.9197654724121094,0.12788772147336447
f3net_deepfakebench,external,1,official,62,deepfakes_faces_c23/847_906,ffpp_test:65,1,deepfakes,jpeg40,6.00341796875,0.9975357929749414
f3net_deepfakebench,external,1,official,63,deepfakes_faces_c23/906_847,ffpp_test:65,1,deepfakes,jpeg40,3.7356033325195312,0.9766972041398215
f3net_deepfakebench,external,1,official,64,face2face_faces_c23/847_906,ffpp_test:65,1,face2face,jpeg40,0.3914947509765625,0.5966424783180786
f3net_deepfakebench,external,1,official,65,face2face_faces_c23/906_847,ffpp_test:65,1,face2face,jpeg40,2.6824448108673096,0.9359827705126441
f3net_deepfakebench,external,1,official,66,faceswap_faces_c23/847_906,ffpp_test:65,1,faceswap,jpeg40,3.361659049987793,0.9664845585361609
f3net_deepfakebench,external,1,official,67,faceswap_faces_c23/906_847,ffpp_test:65,1,faceswap,jpeg40,5.074812889099121,0.993786591625527
f3net_deepfakebench,external,1,official,68,neuraltextures_faces_c23/847_906,ffpp_test:65,1,neuraltextures,jpeg40,-1.793548583984375,0.14263820753226583
f3net_deepfakebench,external,1,official,69,neuraltextures_faces_c23/906_847,ffpp_test:65,1,neuraltextures,jpeg40,0.1218867301940918,0.5304340136146855
f3net_deepfakebench,external,1,official,70,original_faces_c23/529,ffpp_test:46,0,real,jpeg40,-3.94940185546875,0.018902051194559642
f3net_deepfakebench,external,1,official,71,original_faces_c23/633,ffpp_test:46,0,real,jpeg40,-2.6943893432617188,0.06330524099003322
f3net_deepfakebench,external,1,official,72,deepfakes_faces_c23/529_633,ffpp_test:46,1,deepfakes,jpeg40,2.5426597595214844,0.927078840443244
f3net_deepfakebench,external,1,official,73,deepfakes_faces_c23/633_529,ffpp_test:46,1,deepfakes,jpeg40,3.32281494140625,0.9652032577952242
f3net_deepfakebench,external,1,official,74,face2face_faces_c23/529_633,ffpp_test:46,1,face2face,jpeg40,2.5938758850097656,0.9304664005292484
f3net_deepfakebench,external,1,official,75,face2face_faces_c23/633_529,ffpp_test:46,1,face2face,jpeg40,3.7218780517578125,0.9763827674691365
f3net_deepfakebench,external,1,official,76,faceswap_faces_c23/529_633,ffpp_test:46,1,faceswap,jpeg40,5.3152313232421875,0.9951079088060453
f3net_deepfakebench,external,1,official,77,faceswap_faces_c23/633_529,ffpp_test:46,1,faceswap,jpeg40,3.8677878379821777,0.979523489894809
f3net_deepfakebench,external,1,official,78,neuraltextures_faces_c23/529_633,ffpp_test:46,1,neuraltextures,jpeg40,-2.42974853515625,0.08093216974112258
f3net_deepfakebench,external,1,official,79,neuraltextures_faces_c23/633_529,ffpp_test:46,1,neuraltextures,jpeg40,-1.2119133472442627,0.22936268130364185
f3net_deepfakebench,external,1,official,80,original_faces_c23/418,ffpp_test:36,0,real,jpeg40,-1.9509048461914062,0.12445472743605814
f3net_deepfakebench,external,1,official,81,original_faces_c23/507,ffpp_test:36,0,real,jpeg40,-2.6060943603515625,0.06874722609526276
f3net_deepfakebench,external,1,official,82,deepfakes_faces_c23/418_507,ffpp_test:36,1,deepfakes,jpeg40,3.2658233642578125,0.9632375588395043
f3net_deepfakebench,external,1,official,83,deepfakes_faces_c23/507_418,ffpp_test:36,1,deepfakes,jpeg40,4.9107513427734375,0.9926869239281871
f3net_deepfakebench,external,1,official,84,face2face_faces_c23/418_507,ffpp_test:36,1,face2face,jpeg40,5.3995361328125,0.995501650065927
f3net_deepfakebench,external,1,official,85,face2face_faces_c23/507_418,ffpp_test:36,1,face2face,jpeg40,4.47747802734375,0.9887656136692988
f3net_deepfakebench,external,1,official,86,faceswap_faces_c23/418_507,ffpp_test:36,1,faceswap,jpeg40,3.6486082077026367,0.9746329093767607
f3net_deepfakebench,external,1,official,87,faceswap_faces_c23/507_418,ffpp_test:36,1,faceswap,jpeg40,2.121206283569336,0.8929472957526859
f3net_deepfakebench,external,1,official,88,neuraltextures_faces_c23/418_507,ffpp_test:36,1,neuraltextures,jpeg40,-1.3693089485168457,0.2027315191394499
f3net_deepfakebench,external,1,official,89,neuraltextures_faces_c23/507_418,ffpp_test:36,1,neuraltextures,jpeg40,-0.5583438873291016,0.36393073876064
f3net_deepfakebench,external,1,official,90,original_faces_c23/227,ffpp_test:16,0,real,jpeg40,-2.0411529541015625,0.11494938299770475
f3net_deepfakebench,external,1,official,91,original_faces_c23/169,ffpp_test:16,0,real,jpeg40,-1.5278854370117188,0.17830328227549944
f3net_deepfakebench,external,1,official,92,deepfakes_faces_c23/227_169,ffpp_test:16,1,deepfakes,jpeg40,5.37872314453125,0.9954074793444213
f3net_deepfakebench,external,1,official,93,deepfakes_faces_c23/169_227,ffpp_test:16,1,deepfakes,jpeg40,1.1849136352539062,0.7658301380108378
f3net_deepfakebench,external,1,official,94,face2face_faces_c23/227_169,ffpp_test:16,1,face2face,jpeg40,-2.27069091796875,0.09357959042354878
f3net_deepfakebench,external,1,official,95,face2face_faces_c23/169_227,ffpp_test:16,1,face2face,jpeg40,2.9931640625,0.9522643448125898
f3net_deepfakebench,external,1,official,96,faceswap_faces_c23/227_169,ffpp_test:16,1,faceswap,jpeg40,-0.29467296600341797,0.4268602344609552
f3net_deepfakebench,external,1,official,97,faceswap_faces_c23/169_227,ffpp_test:16,1,faceswap,jpeg40,1.7190942764282227,0.8480121366407558
f3net_deepfakebench,external,1,official,98,neuraltextures_faces_c23/227_169,ffpp_test:16,1,neuraltextures,jpeg40,-1.9261627197265625,0.1271759176656686
f3net_deepfakebench,external,1,official,99,neuraltextures_faces_c23/169_227,ffpp_test:16,1,neuraltextures,jpeg40,0.9861526489257812,0.7283273290401887
f3net_deepfakebench,external,1,official,100,original_faces_c23/389,ffpp_test:33,0,real,jpeg40,-2.599212646484375,0.06918911026991377
f3net_deepfakebench,external,1,official,101,original_faces_c23/480,ffpp_test:33,0,real,jpeg40,-2.5619049072265625,0.07163076290634773
f3net_deepfakebench,external,1,official,102,deepfakes_faces_c23/389_480,ffpp_test:33,1,deepfakes,jpeg40,4.114044189453125,0.983921200174162
f3net_deepfakebench,external,1,official,103,deepfakes_faces_c23/480_389,ffpp_test:33,1,deepfakes,jpeg40,0.2159724235534668,0.553784208619196
f3net_deepfakebench,external,1,official,104,face2face_faces_c23/389_480,ffpp_test:33,1,face2face,jpeg40,1.9927978515625,0.8800388223089846
f3net_deepfakebench,external,1,official,105,face2face_faces_c23/480_389,ffpp_test:33,1,face2face,jpeg40,0.7505807876586914,0.6793052367270015
f3net_deepfakebench,external,1,official,106,faceswap_faces_c23/389_480,ffpp_test:33,1,faceswap,jpeg40,3.2906875610351562,0.9641079539403076
f3net_deepfakebench,external,1,official,107,faceswap_faces_c23/480_389,ffpp_test:33,1,faceswap,jpeg40,1.993631362915039,0.8801267886439456
f3net_deepfakebench,external,1,official,108,neuraltextures_faces_c23/389_480,ffpp_test:33,1,neuraltextures,jpeg40,-0.7482147216796875,0.3212104284053493
f3net_deepfakebench,external,1,official,109,neuraltextures_faces_c23/480_389,ffpp_test:33,1,neuraltextures,jpeg40,-1.1999740600585938,0.23147983110449205
f3net_deepfakebench,external,1,official,110,original_faces_c23/821,ffpp_test:64,0,real,jpeg40,-1.707284927368164,0.15351620487029707
f3net_deepfakebench,external,1,official,111,original_faces_c23/812,ffpp_test:64,0,real,jpeg40,-1.8290519714355469,0.1383512490865887
f3net_deepfakebench,external,1,official,112,deepfakes_faces_c23/821_812,ffpp_test:64,1,deepfakes,jpeg40,0.6256275177001953,0.6514973551923522
f3net_deepfakebench,external,1,official,113,deepfakes_faces_c23/812_821,ffpp_test:64,1,deepfakes,jpeg40,4.39080810546875,0.9877609385167804
f3net_deepfakebench,external,1,official,114,face2face_faces_c23/821_812,ffpp_test:64,1,face2face,jpeg40,4.5352373123168945,0.9893894296945981
f3net_deepfakebench,external,1,official,115,face2face_faces_c23/812_821,ffpp_test:64,1,face2face,jpeg40,1.8234024047851562,0.8609738879935956
f3net_deepfakebench,external,1,official,116,faceswap_faces_c23/821_812,ffpp_test:64,1,faceswap,jpeg40,2.073955535888672,0.888345904089118
f3net_deepfakebench,external,1,official,117,faceswap_faces_c23/812_821,ffpp_test:64,1,faceswap,jpeg40,3.1593494415283203,0.9592755393171253
f3net_deepfakebench,external,1,official,118,neuraltextures_faces_c23/821_812,ffpp_test:64,1,neuraltextures,jpeg40,-0.6216201782226562,0.34941305692493774
f3net_deepfakebench,external,1,official,119,neuraltextures_faces_c23/812_821,ffpp_test:64,1,neuraltextures,jpeg40,-0.18357467651367188,0.4542347814424456
f3net_deepfakebench,external,1,official,120,original_faces_c23/670,ffpp_test:54,0,real,jpeg40,-3.834991455078125,0.021144763946871533
f3net_deepfakebench,external,1,official,121,original_faces_c23/661,ffpp_test:54,0,real,jpeg40,-2.948944091796875,0.04978644046065544
f3net_deepfakebench,external,1,official,122,deepfakes_faces_c23/670_661,ffpp_test:54,1,deepfakes,jpeg40,4.6273193359375,0.9903137967909894
f3net_deepfakebench,external,1,official,123,deepfakes_faces_c23/661_670,ffpp_test:54,1,deepfakes,jpeg40,5.769130706787109,0.9968872487970626
f3net_deepfakebench,external,1,official,124,face2face_faces_c23/670_661,ffpp_test:54,1,face2face,jpeg40,2.057849884033203,0.8867384059573219
f3net_deepfakebench,external,1,official,125,face2face_faces_c23/661_670,ffpp_test:54,1,face2face,jpeg40,1.8812370300292969,0.8677531496724159
f3net_deepfakebench,external,1,official,126,faceswap_faces_c23/670_661,ffpp_test:54,1,faceswap,jpeg40,5.3115234375,0.9950898250525415
f3net_deepfakebench,external,1,official,127,faceswap_faces_c23/661_670,ffpp_test:54,1,faceswap,jpeg40,2.4195313453674316,0.9183045923655022
f3net_deepfakebench,external,1,official,128,neuraltextures_faces_c23/670_661,ffpp_test:54,1,neuraltextures,jpeg40,1.3190100193023682,0.7890169523793872
f3net_deepfakebench,external,1,official,129,neuraltextures_faces_c23/661_670,ffpp_test:54,1,neuraltextures,jpeg40,-2.3859786987304688,0.08424815868667457
f3net_deepfakebench,external,1,official,130,original_faces_c23/158,ffpp_test:15,0,real,jpeg40,-0.8916091918945312,0.2907778583774007
f3net_deepfakebench,external,1,official,131,original_faces_c23/379,ffpp_test:15,0,real,jpeg40,-1.5102894306182861,0.18089590351104856
f3net_deepfakebench,external,1,official,132,deepfakes_faces_c23/158_379,ffpp_test:15,1,deepfakes,jpeg40,0.2362055778503418,0.5587783627824562
f3net_deepfakebench,external,1,official,133,deepfakes_faces_c23/379_158,ffpp_test:15,1,deepfakes,jpeg40,2.192110061645508,0.8995387509671255
f3net_deepfakebench,external,1,official,134,face2face_faces_c23/158_379,ffpp_test:15,1,face2face,jpeg40,0.13697898387908936,0.5341913010428178
f3net_deepfakebench,external,1,official,135,face2face_faces_c23/379_158,ffpp_test:15,1,face2face,jpeg40,2.1871299743652344,0.8990878102011453
f3net_deepfakebench,external,1,official,136,faceswap_faces_c23/158_379,ffpp_test:15,1,faceswap,jpeg40,-0.08855843544006348,0.47787484913615713
f3net_deepfakebench,external,1,official,137,faceswap_faces_c23/379_158,ffpp_test:15,1,faceswap,jpeg40,2.1176681518554688,0.8926086066442042
f3net_deepfakebench,external,1,official,138,neuraltextures_faces_c23/158_379,ffpp_test:15,1,neuraltextures,jpeg40,0.5352878570556641,0.6307155739501612
f3net_deepfakebench,external,1,official,139,neuraltextures_faces_c23/379_158,ffpp_test:15,1,neuraltextures,jpeg40,0.08449077606201172,0.5211101372800654
f3net_deepfakebench,external,1,official,140,original_faces_c23/423,ffpp_test:37,0,real,jpeg40,-1.6954231262207031,0.15506397690121082
f3net_deepfakebench,external,1,official,141,original_faces_c23/421,ffpp_test:37,0,real,jpeg40,-3.0907249450683594,0.043491467287269145
f3net_deepfakebench,external,1,official,142,deepfakes_faces_c23/423_421,ffpp_test:37,1,deepfakes,jpeg40,4.462066650390625,0.9885931255370317
f3net_deepfakebench,external,1,official,143,deepfakes_faces_c23/421_423,ffpp_test:37,1,deepfakes,jpeg40,0.615997314453125,0.6493076537529542
f3net_deepfakebench,external,1,official,144,face2face_faces_c23/423_421,ffpp_test:37,1,face2face,jpeg40,0.04219627380371094,0.5105475034891043
f3net_deepfakebench,external,1,official,145,face2face_faces_c23/421_423,ffpp_test:37,1,face2face,jpeg40,3.0308761596679688,0.9539496776975458
f3net_deepfakebench,external,1,official,146,faceswap_faces_c23/423_421,ffpp_test:37,1,faceswap,jpeg40,0.6217937469482422,0.6506263983065022
f3net_deepfakebench,external,1,official,147,faceswap_faces_c23/421_423,ffpp_test:37,1,faceswap,jpeg40,0.17448711395263672,0.5435114395868753
f3net_deepfakebench,external,1,official,148,neuraltextures_faces_c23/423_421,ffpp_test:37,1,neuraltextures,jpeg40,-1.4178657531738281,0.19499638421317592
f3net_deepfakebench,external,1,official,149,neuraltextures_faces_c23/421_423,ffpp_test:37,1,neuraltextures,jpeg40,-1.6492195129394531,0.16121446253467428
f3net_deepfakebench,external,1,official,150,original_faces_c23/352,ffpp_test:28,0,real,jpeg40,-3.5991058349609375,0.026620152948086083
f3net_deepfakebench,external,1,official,151,original_faces_c23/319,ffpp_test:28,0,real,jpeg40,-4.0792236328125,0.01663905441431568
f3net_deepfakebench,external,1,official,152,deepfakes_faces_c23/352_319,ffpp_test:28,1,deepfakes,jpeg40,-1.54840087890625,0.17531735094557227
f3net_deepfakebench,external,1,official,153,deepfakes_faces_c23/319_352,ffpp_test:28,1,deepfakes,jpeg40,1.4716607332229614,0.8133096780736658
f3net_deepfakebench,external,1,official,154,face2face_faces_c23/352_319,ffpp_test:28,1,face2face,jpeg40,-0.9831981658935547,0.27225765876413116
f3net_deepfakebench,external,1,official,155,face2face_faces_c23/319_352,ffpp_test:28,1,face2face,jpeg40,-1.5163421630859375,0.1800007861605854
f3net_deepfakebench,external,1,official,156,faceswap_faces_c23/352_319,ffpp_test:28,1,faceswap,jpeg40,-0.16863203048706055,0.4579416122026967
f3net_deepfakebench,external,1,official,157,faceswap_faces_c23/319_352,ffpp_test:28,1,faceswap,jpeg40,0.18772506713867188,0.5467939265333387
f3net_deepfakebench,external,1,official,158,neuraltextures_faces_c23/352_319,ffpp_test:28,1,neuraltextures,jpeg40,-1.1404588222503662,0.24223613063883112
f3net_deepfakebench,external,1,official,159,neuraltextures_faces_c23/319_352,ffpp_test:28,1,neuraltextures,jpeg40,-2.680694580078125,0.06412218166681381
f3net_deepfakebench,external,1,official,160,original_faces_c23/579,ffpp_test:48,0,real,jpeg40,-3.7475128173828125,0.023033271989072533
f3net_deepfakebench,external,1,official,161,original_faces_c23/701,ffpp_test:48,0,real,jpeg40,-2.7302093505859375,0.0612141309727184
f3net_deepfakebench,external,1,official,162,deepfakes_faces_c23/579_701,ffpp_test:48,1,deepfakes,jpeg40,1.668233871459961,0.8413402082986102
f3net_deepfakebench,external,1,official,163,deepfakes_faces_c23/701_579,ffpp_test:48,1,deepfakes,jpeg40,-1.1572113037109375,0.2391743750350244
f3net_deepfakebench,external,1,official,164,face2face_faces_c23/579_701,ffpp_test:48,1,face2face,jpeg40,1.498147964477539,0.8172980891857974
f3net_deepfakebench,external,1,official,165,face2face_faces_c23/701_579,ffpp_test:48,1,face2face,jpeg40,1.2951545715332031,0.7850183759687877
f3net_deepfakebench,external,1,official,166,faceswap_faces_c23/579_701,ffpp_test:48,1,faceswap,jpeg40,0.7298393249511719,0.6747700125585594
f3net_deepfakebench,external,1,official,167,faceswap_faces_c23/701_579,ffpp_test:48,1,faceswap,jpeg40,0.4636092185974121,0.6138700330854432
f3net_deepfakebench,external,1,official,168,neuraltextures_faces_c23/579_701,ffpp_test:48,1,neuraltextures,jpeg40,-2.2005615234375,0.099700075462002
f3net_deepfakebench,external,1,official,169,neuraltextures_faces_c23/701_579,ffpp_test:48,1,neuraltextures,jpeg40,-1.135721206665039,0.24310681851782748
f3net_deepfakebench,external,1,official,170,original_faces_c23/488,ffpp_test:34,0,real,jpeg40,-4.0521240234375,0.017088320941820185
f3net_deepfakebench,external,1,official,171,original_faces_c23/399,ffpp_test:34,0,real,jpeg40,-0.5437367558479309,0.3673187465734491
f3net_deepfakebench,external,1,official,172,deepfakes_faces_c23/488_399,ffpp_test:34,1,deepfakes,jpeg40,2.5748252868652344,0.9292236986438769
f3net_deepfakebench,external,1,official,173,deepfakes_faces_c23/399_488,ffpp_test:34,1,deepfakes,jpeg40,4.081123352050781,0.9833920006390976
f3net_deepfakebench,external,1,official,174,face2face_faces_c23/488_399,ffpp_test:34,1,face2face,jpeg40,5.43609619140625,0.9956624395031695
f3net_deepfakebench,external,1,official,175,face2face_faces_c23/399_488,ffpp_test:34,1,face2face,jpeg40,5.6285400390625,0.9964190509468664
f3net_deepfakebench,external,1,official,176,faceswap_faces_c23/488_399,ffpp_test:34,1,faceswap,jpeg40,1.9118766784667969,0.8712298361449813
f3net_deepfakebench,external,1,official,177,faceswap_faces_c23/399_488,ffpp_test:34,1,faceswap,jpeg40,4.588043212890625,0.9899296978081483
f3net_deepfakebench,external,1,official,178,neuraltextures_faces_c23/488_399,ffpp_test:34,1,neuraltextures,jpeg40,-1.4171032905578613,0.19511609793468473
f3net_deepfakebench,external,1,official,179,neuraltextures_faces_c23/399_488,ffpp_test:34,1,neuraltextures,jpeg40,0.7453212738037109,0.6781583746546314
f3net_deepfakebench,external,1,official,180,original_faces_c23/695,ffpp_test:38,0,real,jpeg40,-2.5910301208496094,0.06971794234655297
f3net_deepfakebench,external,1,official,181,original_faces_c23/422,ffpp_test:38,0,real,jpeg40,-0.7284154891967773,0.3255425336696545
f3net_deepfakebench,external,1,official,182,deepfakes_faces_c23/695_422,ffpp_test:38,1,deepfakes,jpeg40,0.9107198715209961,0.7131474481415497
f3net_deepfakebench,external,1,official,183,deepfakes_faces_c23/422_695,ffpp_test:38,1,deepfakes,jpeg40,4.6529541015625,0.9905566297370523
f3net_deepfakebench,external,1,official,184,face2face_faces_c23/695_422,ffpp_test:38,1,face2face,jpeg40,0.2784261703491211,0.5691603364753596
f3net_deepfakebench,external,1,official,185,face2face_faces_c23/422_695,ffpp_test:38,1,face2face,jpeg40,5.85009765625,0.9971286504579612
f3net_deepfakebench,external,1,official,186,faceswap_faces_c23/695_422,ffpp_test:38,1,faceswap,jpeg40,2.2690582275390625,0.9062818288473379
f3net_deepfakebench,external,1,official,187,faceswap_faces_c23/422_695,ffpp_test:38,1,faceswap,jpeg40,4.274627685546875,0.9862738013149689
f3net_deepfakebench,external,1,official,188,neuraltextures_faces_c23/695_422,ffpp_test:38,1,neuraltextures,jpeg40,-0.6910064220428467,0.33380922706209065
f3net_deepfakebench,external,1,official,189,neuraltextures_faces_c23/422_695,ffpp_test:38,1,neuraltextures,jpeg40,1.237579345703125,0.7751423833110236
f3net_deepfakebench,external,1,official,190,original_faces_c23/288,ffpp_test:25,0,real,jpeg40,-1.3624038696289062,0.20384988824490513
f3net_deepfakebench,external,1,official,191,original_faces_c23/321,ffpp_test:25,0,real,jpeg40,-1.5373001098632812,0.17692810217647426
f3net_deepfakebench,external,1,official,192,deepfakes_faces_c23/288_321,ffpp_test:25,1,deepfakes,jpeg40,6.23876953125,0.9980515476424341
f3net_deepfakebench,external,1,official,193,deepfakes_faces_c23/321_288,ffpp_test:25,1,deepfakes,jpeg40,5.67474365234375,0.9965801867222558
f3net_deepfakebench,external,1,official,194,face2face_faces_c23/288_321,ffpp_test:25,1,face2face,jpeg40,4.54119873046875,0.9894518303436222
f3net_deepfakebench,external,1,official,195,face2face_faces_c23/321_288,ffpp_test:25,1,face2face,jpeg40,2.143482208251953,0.8950581412876315
f3net_deepfakebench,external,1,official,196,faceswap_faces_c23/288_321,ffpp_test:25,1,faceswap,jpeg40,4.579498291015625,0.9898441568223785
f3net_deepfakebench,external,1,official,197,faceswap_faces_c23/321_288,ffpp_test:25,1,faceswap,jpeg40,4.21380615234375,0.9854255869059124
f3net_deepfakebench,external,1,official,198,neuraltextures_faces_c23/288_321,ffpp_test:25,1,neuraltextures,jpeg40,-0.13634884357452393,0.46596550074406473
f3net_deepfakebench,external,1,official,199,neuraltextures_faces_c23/321_288,ffpp_test:25,1,neuraltextures,jpeg40,-0.13587307929992676,0.46608389262734273
f3net_deepfakebench,external,1,official,200,original_faces_c23/705,ffpp_test:57,0,real,jpeg40,1.4856767654418945,0.8154284918397623
f3net_deepfakebench,external,1,official,201,original_faces_c23/707,ffpp_test:57,0,real,jpeg40,-4.2308349609375,0.014331856241790576
f3net_deepfakebench,external,1,official,202,deepfakes_faces_c23/705_707,ffpp_test:57,1,deepfakes,jpeg40,3.065643310546875,0.9554531084733254
f3net_deepfakebench,external,1,official,203,deepfakes_faces_c23/707_705,ffpp_test:57,1,deepfakes,jpeg40,5.69427490234375,0.9966461100550212
f3net_deepfakebench,external,1,official,204,face2face_faces_c23/705_707,ffpp_test:57,1,face2face,jpeg40,6.74072265625,0.9988196021676906
f3net_deepfakebench,external,1,official,205,face2face_faces_c23/707_705,ffpp_test:57,1,face2face,jpeg40,1.1236133575439453,0.7546583418924014
f3net_deepfakebench,external,1,official,206,faceswap_faces_c23/705_707,ffpp_test:57,1,faceswap,jpeg40,5.82177734375,0.9970464141370762
f3net_deepfakebench,external,1,official,207,faceswap_faces_c23/707_705,ffpp_test:57,1,faceswap,jpeg40,6.021728515625,0.9975803951866389
f3net_deepfakebench,external,1,official,208,neuraltextures_faces_c23/705_707,ffpp_test:57,1,neuraltextures,jpeg40,4.33062744140625,0.9870116294940151
f3net_deepfakebench,external,1,official,209,neuraltextures_faces_c23/707_705,ffpp_test:57,1,neuraltextures,jpeg40,-2.2130126953125,0.09858801574145051
f3net_deepfakebench,external,1,official,210,original_faces_c23/306,ffpp_test:24,0,real,jpeg40,-0.00939178466796875,0.49765207109135945
f3net_deepfakebench,external,1,official,211,original_faces_c23/278,ffpp_test:24,0,real,jpeg40,-1.4509201049804688,0.1898600013540958
f3net_deepfakebench,external,1,official,212,deepfakes_faces_c23/306_278,ffpp_test:24,1,deepfakes,jpeg40,4.006984710693359,0.982136744476983
f3net_deepfakebench,external,1,official,213,deepfakes_faces_c23/278_306,ffpp_test:24,1,deepfakes,jpeg40,3.6998863220214844,0.9758703018999604
f3net_deepfakebench,external,1,official,214,face2face_faces_c23/306_278,ffpp_test:24,1,face2face,jpeg40,4.245147705078125,0.9858689329197728
f3net_deepfakebench,external,1,official,215,face2face_faces_c23/278_306,ffpp_test:24,1,face2face,jpeg40,5.3944854736328125,0.9954789759380975
f3net_deepfakebench,external,1,official,216,faceswap_faces_c23/306_278,ffpp_test:24,1,faceswap,jpeg40,3.1582164764404297,0.9592312558889694
f3net_deepfakebench,external,1,official,217,faceswap_faces_c23/278_306,ffpp_test:24,1,faceswap,jpeg40,2.085336685180664,0.8894697918492492
f3net_deepfakebench,external,1,official,218,neuraltextures_faces_c23/306_278,ffpp_test:24,1,neuraltextures,jpeg40,1.0411250591278076,0.7390670286606364
f3net_deepfakebench,external,1,official,219,neuraltextures_faces_c23/278_306,ffpp_test:24,1,neuraltextures,jpeg40,0.4083290100097656,0.6006871391968033
f3net_deepfakebench,external,1,official,220,original_faces_c23/865,ffpp_test:61,0,real,jpeg40,-3.55029296875,0.02791462286121793
f3net_deepfakebench,external,1,official,221,original_faces_c23/739,ffpp_test:61,0,real,jpeg40,-3.05596923828125,0.0449604629041347
f3net_deepfakebench,external,1,official,222,deepfakes_faces_c23/865_739,ffpp_test:61,1,deepfakes,jpeg40,5.015167236328125,0.9934072309803286
f3net_deepfakebench,external,1,official,223,deepfakes_faces_c23/739_865,ffpp_test:61,1,deepfakes,jpeg40,6.3211669921875,0.9982053822317768
f3net_deepfakebench,external,1,official,224,face2face_faces_c23/865_739,ffpp_test:61,1,face2face,jpeg40,-2.3120956420898438,0.09012614720029799
f3net_deepfakebench,external,1,official,225,face2face_faces_c23/739_865,ffpp_test:61,1,face2face,jpeg40,4.2060112953186035,0.9853132125368729
f3net_deepfakebench,external,1,official,226,faceswap_faces_c23/865_739,ffpp_test:61,1,faceswap,jpeg40,4.386138916015625,0.9877043626937523
f3net_deepfakebench,external,1,official,227,faceswap_faces_c23/739_865,ffpp_test:61,1,faceswap,jpeg40,5.94189453125,0.997379835388852
f3net_deepfakebench,external,1,official,228,neuraltextures_faces_c23/865_739,ffpp_test:61,1,neuraltextures,jpeg40,-1.4646673202514648,0.18775450849692987
f3net_deepfakebench,external,1,official,229,neuraltextures_faces_c23/739_865,ffpp_test:61,1,neuraltextures,jpeg40,-1.1814460754394531,0.23479228764905052
f3net_deepfakebench,external,1,official,230,original_faces_c23/995,ffpp_test:21,0,real,jpeg40,-1.8297700881958008,0.13826566448816058
f3net_deepfakebench,external,1,official,231,original_faces_c23/233,ffpp_test:21,0,real,jpeg40,-5.45501708984375,0.00425660756349084
f3net_deepfakebench,external,1,official,232,deepfakes_faces_c23/995_233,ffpp_test:21,1,deepfakes,jpeg40,-2.077777862548828,0.11127553143913926
f3net_deepfakebench,external,1,official,233,deepfakes_faces_c23/233_995,ffpp_test:21,1,deepfakes,jpeg40,4.2780609130859375,0.986320202117757
f3net_deepfakebench,external,1,official,234,face2face_faces_c23/995_233,ffpp_test:21,1,face2face,jpeg40,5.01878547668457,0.9934308856821339
f3net_deepfakebench,external,1,official,235,face2face_faces_c23/233_995,ffpp_test:21,1,face2face,jpeg40,-5.048248291015625,0.006379609837267207
f3net_deepfakebench,external,1,official,236,faceswap_faces_c23/995_233,ffpp_test:21,1,faceswap,jpeg40,-0.34212684631347656,0.4152929333539861
f3net_deepfakebench,external,1,official,237,faceswap_faces_c23/233_995,ffpp_test:21,1,faceswap,jpeg40,0.779876708984375,0.6856535412933177
f3net_deepfakebench,external,1,official,238,neuraltextures_faces_c23/995_233,ffpp_test:21,1,neuraltextures,jpeg40,0.19794416427612305,0.5493250919416686
f3net_deepfakebench,external,1,official,239,neuraltextures_faces_c23/233_995,ffpp_test:21,1,neuraltextures,jpeg40,-4.9183807373046875,0.0072578974362814165
f3net_deepfakebench,external,1,official,240,original_faces_c23/755,ffpp_test:62,0,real,jpeg40,-4.345367431640625,0.012800758830999851
f3net_deepfakebench,external,1,official,241,original_faces_c23/759,ffpp_test:62,0,real,jpeg40,-2.832977294921875,0.05556794214907036
f3net_deepfakebench,external,1,official,242,deepfakes_faces_c23/755_759,ffpp_test:62,1,deepfakes,jpeg40,5.9830322265625,0.9974851703810685
f3net_deepfakebench,external,1,official,243,deepfakes_faces_c23/759_755,ffpp_test:62,1,deepfakes,jpeg40,-1.335205078125,0.20829968762315054
f3net_deepfakebench,external,1,official,244,face2face_faces_c23/755_759,ffpp_test:62,1,face2face,jpeg40,-2.1045303344726562,0.10865727582629019
f3net_deepfakebench,external,1,official,245,face2face_faces_c23/759_755,ffpp_test:62,1,face2face,jpeg40,1.8617753982543945,0.8655037509899487
f3net_deepfakebench,external,1,official,246,faceswap_faces_c23/755_759,ffpp_test:62,1,faceswap,jpeg40,-1.3495367765426636,0.20594611348548694
f3net_deepfakebench,external,1,official,247,faceswap_faces_c23/759_755,ffpp_test:62,1,faceswap,jpeg40,-2.185413360595703,0.10106804304540305
f3net_deepfakebench,external,1,official,248,neuraltextures_faces_c23/755_759,ffpp_test:62,1,neuraltextures,jpeg40,-2.2202959060668945,0.09794265791752965
f3net_deepfakebench,external,1,official,249,neuraltextures_faces_c23/759_755,ffpp_test:62,1,neuraltextures,jpeg40,-0.04175567626953125,0.48956259738792013
f3net_deepfakebench,external,1,official,250,original_faces_c23/467,ffpp_test:43,0,real,jpeg40,-1.7231941223144531,0.15146019786650958
f3net_deepfakebench,external,1,official,251,original_faces_c23/462,ffpp_test:43,0,real,jpeg40,-2.422252655029297,0.08149148379279221
f3net_deepfakebench,external,1,official,252,deepfakes_faces_c23/467_462,ffpp_test:43,1,deepfakes,jpeg40,-1.13995361328125,0.24232887775548925
f3net_deepfakebench,external,1,official,253,deepfakes_faces_c23/462_467,ffpp_test:43,1,deepfakes,jpeg40,3.1825599670410156,0.9601726774271041
f3net_deepfakebench,external,1,official,254,face2face_faces_c23/467_462,ffpp_test:43,1,face2face,jpeg40,4.545654296875,0.9894982314028675
f3net_deepfakebench,external,1,official,255,face2face_faces_c23/462_467,ffpp_test:43,1,face2face,jpeg40,1.4004249572753906,0.8022513142007723
f3net_deepfakebench,external,1,official,256,faceswap_faces_c23/467_462,ffpp_test:43,1,faceswap,jpeg40,2.054962158203125,0.8864480577609707
f3net_deepfakebench,external,1,official,257,faceswap_faces_c23/462_467,ffpp_test:43,1,faceswap,jpeg40,4.46728515625,0.9886518235659437
f3net_deepfakebench,external,1,official,258,neuraltextures_faces_c23/467_462,ffpp_test:43,1,neuraltextures,jpeg40,1.0776052474975586,0.7460405312065334
f3net_deepfakebench,external,1,official,259,neuraltextures_faces_c23/462_467,ffpp_test:43,1,neuraltextures,jpeg40,-1.0754823684692383,0.2543618881049255
f3net_deepfakebench,external,1,official,260,original_faces_c23/314,ffpp_test:27,0,real,jpeg40,-2.965484619140625,0.049009746880895974
f3net_deepfakebench,external,1,official,261,original_faces_c23/347,ffpp_test:27,0,real,jpeg40,-3.34246826171875,0.03414266829790436
f3net_deepfakebench,external,1,official,262,deepfakes_faces_c23/314_347,ffpp_test:27,1,deepfakes,jpeg40,6.186767578125,0.9979477569840849
f3net_deepfakebench,external,1,official,263,deepfakes_faces_c23/347_314,ffpp_test:27,1,deepfakes,jpeg40,1.772848129272461,0.8548115062837225
f3net_deepfakebench,external,1,official,264,face2face_faces_c23/314_347,ffpp_test:27,1,face2face,jpeg40,-1.6300888061523438,0.16381819603404815
f3net_deepfakebench,external,1,official,265,face2face_faces_c23/347_314,ffpp_test:27,1,face2face,jpeg40,0.08534884452819824,0.521324268116894
f3net_deepfakebench,external,1,official,266,faceswap_faces_c23/314_347,ffpp_test:27,1,faceswap,jpeg40,1.0470809936523438,0.7402139760110601
f3net_deepfakebench,external,1,official,267,faceswap_faces_c23/347_314,ffpp_test:27,1,faceswap,jpeg40,2.5257949829101562,0.9259304757700624
f3net_deepfakebench,external,1,official,268,neuraltextures_faces_c23/314_347,ffpp_test:27,1,neuraltextures,jpeg40,-1.786834716796875,0.14346123504775526
f3net_deepfakebench,external,1,official,269,neuraltextures_faces_c23/347_314,ffpp_test:27,1,neuraltextures,jpeg40,-3.096923828125,0.04323432250557865
f3net_deepfakebench,external,1,official,270,original_faces_c23/741,ffpp_test:60,0,real,jpeg40,-2.951629638671875,0.049659546777874014
f3net_deepfakebench,external,1,official,271,original_faces_c23/731,ffpp_test:60,0,real,jpeg40,-2.6491622924804688,0.06604065991766714
f3net_deepfakebench,external,1,official,272,deepfakes_faces_c23/741_731,ffpp_test:60,1,deepfakes,jpeg40,0.2194995880126953,0.5546556303432675
f3net_deepfakebench,external,1,official,273,deepfakes_faces_c23/731_741,ffpp_test:60,1,deepfakes,jpeg40,4.9676513671875,0.9930886254278518
f3net_deepfakebench,external,1,official,274,face2face_faces_c23/741_731,ffpp_test:60,1,face2face,jpeg40,0.4917869567871094,0.6205273032548757
f3net_deepfakebench,external,1,official,275,face2face_faces_c23/731_741,ffpp_test:60,1,face2face,jpeg40,1.6199874877929688,0.8347934042158949
f3net_deepfakebench,external,1,official,276,faceswap_faces_c23/741_731,ffpp_test:60,1,faceswap,jpeg40,2.290191650390625,0.9080614514164563
f3net_deepfakebench,external,1,official,277,faceswap_faces_c23/731_741,ffpp_test:60,1,faceswap,jpeg40,2.4074859619140625,0.9173963671874826
f3net_deepfakebench,external,1,official,278,neuraltextures_faces_c23/741_731,ffpp_test:60,1,neuraltextures,jpeg40,-0.6873664855957031,0.33461916746943127
f3net_deepfakebench,external,1,official,279,neuraltextures_faces_c23/731_741,ffpp_test:60,1,neuraltextures,jpeg40,-0.7946147918701172,0.3111786440295237
f3net_deepfakebench,external,1,official,280,original_faces_c23/970,ffpp_test:69,0,real,jpeg40,-4.23931884765625,0.014212501504744743
f3net_deepfakebench,external,1,official,281,original_faces_c23/973,ffpp_test:69,0,real,jpeg40,-3.665924072265625,0.024942480435405482
f3net_deepfakebench,external,1,official,282,deepfakes_faces_c23/970_973,ffpp_test:69,1,deepfakes,jpeg40,3.066232681274414,0.9554781868123443
f3net_deepfakebench,external,1,official,283,deepfakes_faces_c23/973_970,ffpp_test:69,1,deepfakes,jpeg40,5.38616943359375,0.9954413942621827
f3net_deepfakebench,external,1,official,284,face2face_faces_c23/970_973,ffpp_test:69,1,face2face,jpeg40,1.99005126953125,0.8797485614943708
f3net_deepfakebench,external,1,official,285,face2face_faces_c23/973_970,ffpp_test:69,1,face2face,jpeg40,2.996063232421875,0.9523959596064077
f3net_deepfakebench,external,1,official,286,faceswap_faces_c23/970_973,ffpp_test:69,1,faceswap,jpeg40,3.71677303314209,0.9762647617755683
f3net_deepfakebench,external,1,official,287,faceswap_faces_c23/973_970,ffpp_test:69,1,faceswap,jpeg40,3.5644683837890625,0.9724674692879355
f3net_deepfakebench,external,1,official,288,neuraltextures_faces_c23/970_973,ffpp_test:69,1,neuraltextures,jpeg40,-0.5689735412597656,0.36147370856826383
f3net_deepfakebench,external,1,official,289,neuraltextures_faces_c23/973_970,ffpp_test:69,1,neuraltextures,jpeg40,-1.326979160308838,0.20965948653553867
f3net_deepfakebench,external,1,official,290,original_faces_c23/634,ffpp_test:53,0,real,jpeg40,-4.52777099609375,0.010689238673101462
f3net_deepfakebench,external,1,official,291,original_faces_c23/660,ffpp_test:53,0,real,jpeg40,-2.229495048522949,0.09713291527012442
f3net_deepfakebench,external,1,official,292,deepfakes_faces_c23/634_660,ffpp_test:53,1,deepfakes,jpeg40,-0.5503511428833008,0.3657829449942628
f3net_deepfakebench,external,1,official,293,deepfakes_faces_c23/660_634,ffpp_test:53,1,deepfakes,jpeg40,6.658721923828125,0.998718858608887
f3net_deepfakebench,external,1,official,294,face2face_faces_c23/634_660,ffpp_test:53,1,face2face,jpeg40,-1.3459396362304688,0.20653498440176193
f3net_deepfakebench,external,1,official,295,face2face_faces_c23/660_634,ffpp_test:53,1,face2face,jpeg40,5.3839111328125,0.995431135014518
f3net_deepfakebench,external,1,official,296,faceswap_faces_c23/634_660,ffpp_test:53,1,faceswap,jpeg40,2.7838058471679688,0.9417944233236559
f3net_deepfakebench,external,1,official,297,faceswap_faces_c23/660_634,ffpp_test:53,1,faceswap,jpeg40,4.15264892578125,0.9845206641794084
f3net_deepfakebench,external,1,official,298,neuraltextures_faces_c23/634_660,ffpp_test:53,1,neuraltextures,jpeg40,-1.7207717895507812,0.15177177899779676
f3net_deepfakebench,external,1,official,299,neuraltextures_faces_c23/660_634,ffpp_test:53,1,neuraltextures,jpeg40,0.043898582458496094,0.5109728835307843
f3net_deepfakebench,external,1,official,300,original_faces_c23/494,ffpp_test:40,0,real,jpeg40,-1.9191055297851562,0.12796134456999445
f3net_deepfakebench,external,1,official,301,original_faces_c23/445,ffpp_test:40,0,real,jpeg40,-0.9975833892822266,0.26941682109679893
f3net_deepfakebench,external,1,official,302,deepfakes_faces_c23/494_445,ffpp_test:40,1,deepfakes,jpeg40,2.378131866455078,0.9151444767035964
f3net_deepfakebench,external,1,official,303,deepfakes_faces_c23/445_494,ffpp_test:40,1,deepfakes,jpeg40,1.356781005859375,0.7952360287203053
f3net_deepfakebench,external,1,official,304,face2face_faces_c23/494_445,ffpp_test:40,1,face2face,jpeg40,0.8345317840576172,0.6973122981912355
f3net_deepfakebench,external,1,official,305,face2face_faces_c23/445_494,ffpp_test:40,1,face2face,jpeg40,1.2609214782714844,0.7791846943462553
f3net_deepfakebench,external,1,official,306,faceswap_faces_c23/494_445,ffpp_test:40,1,faceswap,jpeg40,0.5765914916992188,0.6402827320847829
f3net_deepfakebench,external,1,official,307,faceswap_faces_c23/445_494,ffpp_test:40,1,faceswap,jpeg40,3.5916748046875,0.9731866189299673
f3net_deepfakebench,external,1,official,308,neuraltextures_faces_c23/494_445,ffpp_test:40,1,neuraltextures,jpeg40,-1.6645488739013672,0.1591523094127743
f3net_deepfakebench,external,1,official,309,neuraltextures_faces_c23/445_494,ffpp_test:40,1,neuraltextures,jpeg40,0.6954162120819092,0.6671707050643474
f3net_deepfakebench,external,1,official,310,original_faces_c23/706,ffpp_test:44,0,real,jpeg40,-4.0792236328125,0.01663905441431568
f3net_deepfakebench,external,1,official,311,original_faces_c23/479,ffpp_test:44,0,real,jpeg40,-3.5615234375,0.027611489954538798
f3net_deepfakebench,external,1,official,312,deepfakes_faces_c23/706_479,ffpp_test:44,1,deepfakes,jpeg40,1.326101303100586,0.7901950133549128
f3net_deepfakebench,external,1,official,313,deepfakes_faces_c23/479_706,ffpp_test:44,1,deepfakes,jpeg40,7.5579833984375,0.9994783455638342
f3net_deepfakebench,external,1,official,314,face2face_faces_c23/706_479,ffpp_test:44,1,face2face,jpeg40,0.2559328079223633,0.5636362243755854
f3net_deepfakebench,external,1,official,315,face2face_faces_c23/479_706,ffpp_test:44,1,face2face,jpeg40,3.957427978515625,0.9812462180448456
f3net_deepfakebench,external,1,official,316,faceswap_faces_c23/706_479,ffpp_test:44,1,faceswap,jpeg40,2.497213363647461,0.9239462353732288
f3net_deepfakebench,external,1,official,317,faceswap_faces_c23/479_706,ffpp_test:44,1,faceswap,jpeg40,0.4240989685058594,0.6044636797807501
f3net_deepfakebench,external,1,official,318,neuraltextures_faces_c23/706_479,ffpp_test:44,1,neuraltextures,jpeg40,-2.4907379150390625,0.07651004274190241
f3net_deepfakebench,external,1,official,319,neuraltextures_faces_c23/479_706,ffpp_test:44,1,neuraltextures,jpeg40,-0.7609574794769287,0.31843842315976345
f3net_deepfakebench,external,1,official,320,original_faces_c23/186,ffpp_test:17,0,real,jpeg40,-4.033203125,0.017409043131670434
f3net_deepfakebench,external,1,official,321,original_faces_c23/170,ffpp_test:17,0,real,jpeg40,-3.904510498046875,0.01975278128132465
f3net_deepfakebench,external,1,official,322,deepfakes_faces_c23/186_170,ffpp_test:17,1,deepfakes,jpeg40,-1.8812789916992188,0.13224203498048356
f3net_deepfakebench,external,1,official,323,deepfakes_faces_c23/170_186,ffpp_test:17,1,deepfakes,jpeg40,2.5234508514404297,0.9257695470592755
f3net_deepfakebench,external,1,official,324,face2face_faces_c23/186_170,ffpp_test:17,1,face2face,jpeg40,-1.394744873046875,0.19865134516455424
f3net_deepfakebench,external,1,official,325,face2face_faces_c23/170_186,ffpp_test:17,1,face2face,jpeg40,3.419086456298828,0.9682957386451394
f3net_deepfakebench,external,1,official,326,faceswap_faces_c23/186_170,ffpp_test:17,1,faceswap,jpeg40,0.4304523468017578,0.6059816794965344
f3net_deepfakebench,external,1,official,327,faceswap_faces_c23/170_186,ffpp_test:17,1,faceswap,jpeg40,0.21968793869018555,0.5547021548852716
f3net_deepfakebench,external,1,official,328,neuraltextures_faces_c23/186_170,ffpp_test:17,1,neuraltextures,jpeg40,-2.882997512817383,0.053000485189287176
f3net_deepfakebench,external,1,official,329,neuraltextures_faces_c23/170_186,ffpp_test:17,1,neuraltextures,jpeg40,-2.3330078125,0.08842591287508396
f3net_deepfakebench,external,1,official,330,original_faces_c23/176,ffpp_test:18,0,real,jpeg40,-4.51593017578125,0.010815183329254024
f3net_deepfakebench,external,1,official,331,original_faces_c23/190,ffpp_test:18,0,real,jpeg40,-1.4084625244140625,0.19647666988736534
f3net_deepfakebench,external,1,official,332,deepfakes_faces_c23/176_190,ffpp_test:18,1,deepfakes,jpeg40,6.87451171875,0.9989672653417578
f3net_deepfakebench,external,1,official,333,deepfakes_faces_c23/190_176,ffpp_test:18,1,deepfakes,jpeg40,1.5856895446777344,0.8300087876596474
f3net_deepfakebench,external,1,official,334,face2face_faces_c23/176_190,ffpp_test:18,1,face2face,jpeg40,4.40020751953125,0.9878740511252566
f3net_deepfakebench,external,1,official,335,face2face_faces_c23/190_176,ffpp_test:18,1,face2face,jpeg40,6.3128662109375,0.9981904505721398
f3net_deepfakebench,external,1,official,336,faceswap_faces_c23/176_190,ffpp_test:18,1,faceswap,jpeg40,3.6331825256347656,0.9742487257667651
f3net_deepfakebench,external,1,official,337,faceswap_faces_c23/190_176,ffpp_test:18,1,faceswap,jpeg40,0.7219352722167969,0.6730330347633446
f3net_deepfakebench,external,1,official,338,neuraltextures_faces_c23/176_190,ffpp_test:18,1,neuraltextures,jpeg40,-1.0069313049316406,0.26758082859504434
f3net_deepfakebench,external,1,official,339,neuraltextures_faces_c23/190_176,ffpp_test:18,1,neuraltextures,jpeg40,0.12160491943359375,0.5303638213443631
f3net_deepfakebench,external,1,official,340,original_faces_c23/380,ffpp_test:29,0,real,jpeg40,-1.5880756378173828,0.16965481348825456
f3net_deepfakebench,external,1,official,341,original_faces_c23/358,ffpp_test:29,0,real,jpeg40,-1.220184326171875,0.2279040142175356
f3net_deepfakebench,external,1,official,342,deepfakes_faces_c23/380_358,ffpp_test:29,1,deepfakes,jpeg40,2.435638427734375,0.9195048532019515
f3net_deepfakebench,external,1,official,343,deepfakes_faces_c23/358_380,ffpp_test:29,1,deepfakes,jpeg40,0.57098388671875,0.6389901708650964
f3net_deepfakebench,external,1,official,344,face2face_faces_c23/380_358,ffpp_test:29,1,face2face,jpeg40,-0.2759361267089844,0.4314503690325311
f3net_deepfakebench,external,1,official,345,face2face_faces_c23/358_380,ffpp_test:29,1,face2face,jpeg40,0.013383626937866211,0.5033458567917167
f3net_deepfakebench,external,1,official,346,faceswap_faces_c23/380_358,ffpp_test:29,1,faceswap,jpeg40,-0.7385244369506836,0.3233268930068909
f3net_deepfakebench,external,1,official,347,faceswap_faces_c23/358_380,ffpp_test:29,1,faceswap,jpeg40,-1.8336334228515625,0.13780599780180156
f3net_deepfakebench,external,1,official,348,neuraltextures_faces_c23/380_358,ffpp_test:29,1,neuraltextures,jpeg40,-1.5154094696044922,0.18013849327797019
f3net_deepfakebench,external,1,official,349,neuraltextures_faces_c23/358_380,ffpp_test:29,1,neuraltextures,jpeg40,-1.141866683959961,0.24197780044772968
f3net_deepfakebench,external,1,official,350,original_faces_c23/214,ffpp_test:19,0,real,jpeg40,-4.22088623046875,0.014473077712972023
f3net_deepfakebench,external,1,official,351,original_faces_c23/255,ffpp_test:19,0,real,jpeg40,-2.5828018188476562,0.07025350133645701
f3net_deepfakebench,external,1,official,352,deepfakes_faces_c23/214_255,ffpp_test:19,1,deepfakes,jpeg40,5.41314697265625,0.9955621917296904
f3net_deepfakebench,external,1,official,353,deepfakes_faces_c23/255_214,ffpp_test:19,1,deepfakes,jpeg40,0.26615142822265625,0.5661478433452991
f3net_deepfakebench,external,1,official,354,face2face_faces_c23/214_255,ffpp_test:19,1,face2face,jpeg40,4.838623046875,0.9921442522181078
f3net_deepfakebench,external,1,official,355,face2face_faces_c23/255_214,ffpp_test:19,1,face2face,jpeg40,5.591796875,0.9962855262434913
f3net_deepfakebench,external,1,official,356,faceswap_faces_c23/214_255,ffpp_test:19,1,faceswap,jpeg40,2.8115615844726562,0.9432974021482341
f3net_deepfakebench,external,1,official,357,faceswap_faces_c23/255_214,ffpp_test:19,1,faceswap,jpeg40,3.70367431640625,0.9759593389261142
f3net_deepfakebench,external,1,official,358,neuraltextures_faces_c23/214_255,ffpp_test:19,1,neuraltextures,jpeg40,-1.5421371459960938,0.17622481138303006
f3net_deepfakebench,external,1,official,359,neuraltextures_faces_c23/255_214,ffpp_test:19,1,neuraltextures,jpeg40,-0.9033894538879395,0.2883544618935462
f3net_deepfakebench,external,1,official,360,original_faces_c23/454,ffpp_test:42,0,real,jpeg40,-0.4916388988494873,0.37950756103900746
f3net_deepfakebench,external,1,official,361,original_faces_c23/527,ffpp_test:42,0,real,jpeg40,-2.6725616455078125,0.06461197696818705
f3net_deepfakebench,external,1,official,362,deepfakes_faces_c23/454_527,ffpp_test:42,1,deepfakes,jpeg40,6.3486328125,0.9982539172374241
f3net_deepfakebench,external,1,official,363,deepfakes_faces_c23/527_454,ffpp_test:42,1,deepfakes,jpeg40,4.92730712890625,0.9928061371069368
f3net_deepfakebench,external,1,official,364,face2face_faces_c23/454_527,ffpp_test:42,1,face2face,jpeg40,6.04425048828125,0.9976341528977992
f3net_deepfakebench,external,1,official,365,face2face_faces_c23/527_454,ffpp_test:42,1,face2face,jpeg40,0.9774894714355469,0.7266097886760738
f3net_deepfakebench,external,1,official,366,faceswap_faces_c23/454_527,ffpp_test:42,1,faceswap,jpeg40,4.91766357421875,0.9927369334192171
f3net_deepfakebench,external,1,official,367,faceswap_faces_c23/527_454,ffpp_test:42,1,faceswap,jpeg40,3.727437973022461,0.9765106372330578
f3net_deepfakebench,external,1,official,368,neuraltextures_faces_c23/454_527,ffpp_test:42,1,neuraltextures,jpeg40,0.5046806335449219,0.6235586653290103
f3net_deepfakebench,external,1,official,369,neuraltextures_faces_c23/527_454,ffpp_test:42,1,neuraltextures,jpeg40,-1.1447067260742188,0.2414572488234048
f3net_deepfakebench,external,1,official,370,original_faces_c23/425,ffpp_test:39,0,real,jpeg40,-1.669403076171875,0.15850378051443234
f3net_deepfakebench,external,1,official,371,original_faces_c23/485,ffpp_test:39,0,real,jpeg40,-4.13861083984375,0.01569473394893316
f3net_deepfakebench,external,1,official,372,deepfakes_faces_c23/425_485,ffpp_test:39,1,deepfakes,jpeg40,0.4957113265991211,0.6214509489874861
f3net_deepfakebench,external,1,official,373,deepfakes_faces_c23/485_425,ffpp_test:39,1,deepfakes,jpeg40,1.9156837463378906,0.8716563417371737
f3net_deepfakebench,external,1,official,374,face2face_faces_c23/425_485,ffpp_test:39,1,face2face,jpeg40,0.11780834197998047,0.5294180693908053
f3net_deepfakebench,external,1,official,375,face2face_faces_c23/485_425,ffpp_test:39,1,face2face,jpeg40,-3.22454833984375,0.03825230445619303
f3net_deepfakebench,external,1,official,376,faceswap_faces_c23/425_485,ffpp_test:39,1,faceswap,jpeg40,0.8444671630859375,0.6994052172338985
f3net_deepfakebench,external,1,official,377,faceswap_faces_c23/485_425,ffpp_test:39,1,faceswap,jpeg40,5.1960039138793945,0.9944918545153731
f3net_deepfakebench,external,1,official,378,neuraltextures_faces_c23/425_485,ffpp_test:39,1,neuraltextures,jpeg40,0.09846210479736328,0.5245956586052613
f3net_deepfakebench,external,1,official,379,neuraltextures_faces_c23/485_425,ffpp_test:39,1,neuraltextures,jpeg40,-3.21527099609375,0.03859507516451967
f3net_deepfakebench,external,1,official,380,original_faces_c23/388,ffpp_test:26,0,real,jpeg40,-1.1380634307861328,0.24267609484005379
f3net_deepfakebench,external,1,official,381,original_faces_c23/308,ffpp_test:26,0,real,jpeg40,-1.8561134338378906,0.13515670637905058
f3net_deepfakebench,external,1,official,382,deepfakes_faces_c23/388_308,ffpp_test:26,1,deepfakes,jpeg40,-0.2161543369293213,0.446170839705073
f3net_deepfakebench,external,1,official,383,deepfakes_faces_c23/308_388,ffpp_test:26,1,deepfakes,jpeg40,4.4417724609375,0.9883619889548931
f3net_deepfakebench,external,1,official,384,face2face_faces_c23/388_308,ffpp_test:26,1,face2face,jpeg40,3.9664535522460938,0.981411587942587
f3net_deepfakebench,external,1,official,385,face2face_faces_c23/308_388,ffpp_test:26,1,face2face,jpeg40,3.0471749305725098,0.9546604033863554
f3net_deepfakebench,external,1,official,386,faceswap_faces_c23/388_308,ffpp_test:26,1,faceswap,jpeg40,3.5116138458251953,0.9710164180302191
f3net_deepfakebench,external,1,official,387,faceswap_faces_c23/308_388,ffpp_test:26,1,faceswap,jpeg40,2.1503143310546875,0.8956981462766316
f3net_deepfakebench,external,1,official,388,neuraltextures_faces_c23/388_308,ffpp_test:26,1,neuraltextures,jpeg40,1.6943092346191406,0.8447900258989899
f3net_deepfakebench,external,1,official,389,neuraltextures_faces_c23/308_388,ffpp_test:26,1,neuraltextures,jpeg40,-0.7261905670166016,0.3260312372921633
f3net_deepfakebench,external,1,official,390,original_faces_c23/384,ffpp_test:32,0,real,jpeg40,-4.419677734375,0.011894918775002978
f3net_deepfakebench,external,1,official,391,original_faces_c23/932,ffpp_test:32,0,real,jpeg40,-1.8647308349609375,0.1341525869475525
f3net_deepfakebench,external,1,official,392,deepfakes_faces_c23/384_932,ffpp_test:32,1,deepfakes,jpeg40,5.5816650390625,0.9962478424344207
f3net_deepfakebench,external,1,official,393,deepfakes_faces_c23/932_384,ffpp_test:32,1,deepfakes,jpeg40,2.721435546875,0.9382797198535233
f3net_deepfakebench,external,1,official,394,face2face_faces_c23/384_932,ffpp_test:32,1,face2face,jpeg40,0.7606515884399414,0.6814951839717461
f3net_deepfakebench,external,1,official,395,face2face_faces_c23/932_384,ffpp_test:32,1,face2face,jpeg40,-0.8149623870849609,0.3068340503908248
f3net_deepfakebench,external,1,official,396,faceswap_faces_c23/384_932,ffpp_test:32,1,faceswap,jpeg40,4.96954345703125,0.993101599881224
f3net_deepfakebench,external,1,official,397,faceswap_faces_c23/932_384,ffpp_test:32,1,faceswap,jpeg40,1.5275402069091797,0.8216461320228589
f3net_deepfakebench,external,1,official,398,neuraltextures_faces_c23/384_932,ffpp_test:32,1,neuraltextures,jpeg40,-2.4833145141601562,0.07703620415170848
f3net_deepfakebench,external,1,official,399,neuraltextures_faces_c23/932_384,ffpp_test:32,1,neuraltextures,jpeg40,-0.5701217651367188,0.3612087286560879
f3net_deepfakebench,external,1,official,400,original_faces_c23/035,ffpp_test:5,0,real,jpeg40,-3.2587738037109375,0.03701288972876601
f3net_deepfakebench,external,1,official,401,original_faces_c23/036,ffpp_test:5,0,real,jpeg40,-3.748504638671875,0.0230109638471575
f3net_deepfakebench,external,1,official,402,deepfakes_faces_c23/035_036,ffpp_test:5,1,deepfakes,jpeg40,4.289756774902344,0.9864771161113436
f3net_deepfakebench,external,1,official,403,deepfakes_faces_c23/036_035,ffpp_test:5,1,deepfakes,jpeg40,0.845085620880127,0.6995352242540116
f3net_deepfakebench,external,1,official,404,face2face_faces_c23/035_036,ffpp_test:5,1,face2face,jpeg40,0.14620590209960938,0.5364865035397803
f3net_deepfakebench,external,1,official,405,face2face_faces_c23/036_035,ffpp_test:5,1,face2face,jpeg40,-0.17840808629989624,0.4555159078766817
f3net_deepfakebench,external,1,official,406,faceswap_faces_c23/035_036,ffpp_test:5,1,faceswap,jpeg40,1.5616955757141113,0.8265965224383367
f3net_deepfakebench,external,1,official,407,faceswap_faces_c23/036_035,ffpp_test:5,1,faceswap,jpeg40,-1.9444503784179688,0.12515974983438566
f3net_deepfakebench,external,1,official,408,neuraltextures_faces_c23/035_036,ffpp_test:5,1,neuraltextures,jpeg40,-2.2502288818359375,0.09532972385086724
f3net_deepfakebench,external,1,official,409,neuraltextures_faces_c23/036_035,ffpp_test:5,1,neuraltextures,jpeg40,-1.8455276489257812,0.13639885789930595
f3net_deepfakebench,external,1,official,410,original_faces_c23/257,ffpp_test:23,0,real,jpeg40,-0.45733070373535156,0.3876192458376163
f3net_deepfakebench,external,1,official,411,original_faces_c23/420,ffpp_test:23,0,real,jpeg40,-0.4946560859680176,0.3787973278156858
f3net_deepfakebench,external,1,official,412,deepfakes_faces_c23/257_420,ffpp_test:23,1,deepfakes,jpeg40,1.83278489112854,0.8620931524848087
f3net_deepfakebench,external,1,official,413,deepfakes_faces_c23/420_257,ffpp_test:23,1,deepfakes,jpeg40,0.8462362289428711,0.6997770100710098
f3net_deepfakebench,external,1,official,414,face2face_faces_c23/257_420,ffpp_test:23,1,face2face,jpeg40,1.9046554565429688,0.870417524687819
f3net_deepfakebench,external,1,official,415,face2face_faces_c23/420_257,ffpp_test:23,1,face2face,jpeg40,0.052051544189453125,0.5130099487902315
f3net_deepfakebench,external,1,official,416,faceswap_faces_c23/257_420,ffpp_test:23,1,faceswap,jpeg40,1.0656070709228516,0.7437606049183371
f3net_deepfakebench,external,1,official,417,faceswap_faces_c23/420_257,ffpp_test:23,1,faceswap,jpeg40,0.398786723613739,0.5983961225514925
f3net_deepfakebench,external,1,official,418,neuraltextures_faces_c23/257_420,ffpp_test:23,1,neuraltextures,jpeg40,0.5541324615478516,0.6350938211548562
f3net_deepfakebench,external,1,official,419,neuraltextures_faces_c23/420_257,ffpp_test:23,1,neuraltextures,jpeg40,0.04411506652832031,0.511026978353944
f3net_deepfakebench,external,1,official,420,original_faces_c23/924,ffpp_test:67,0,real,jpeg40,-3.71478271484375,0.02378140137828342
f3net_deepfakebench,external,1,official,421,original_faces_c23/917,ffpp_test:67,0,real,jpeg40,-3.376220703125,0.033046948763492706
f3net_deepfakebench,external,1,official,422,deepfakes_faces_c23/924_917,ffpp_test:67,1,deepfakes,jpeg40,4.953574180603027,0.9929913314044426
f3net_deepfakebench,external,1,official,423,deepfakes_faces_c23/917_924,ffpp_test:67,1,deepfakes,jpeg40,1.555922508239746,0.8257674806515486
f3net_deepfakebench,external,1,official,424,face2face_faces_c23/924_917,ffpp_test:67,1,face2face,jpeg40,4.4810638427734375,0.9888053758035835
f3net_deepfakebench,external,1,official,425,face2face_faces_c23/917_924,ffpp_test:67,1,face2face,jpeg40,-0.47158241271972656,0.3842417761903436
f3net_deepfakebench,external,1,official,426,faceswap_faces_c23/924_917,ffpp_test:67,1,faceswap,jpeg40,4.060859680175781,0.9830577885593248
f3net_deepfakebench,external,1,official,427,faceswap_faces_c23/917_924,ffpp_test:67,1,faceswap,jpeg40,0.23109722137451172,0.5575185469697668
f3net_deepfakebench,external,1,official,428,neuraltextures_faces_c23/924_917,ffpp_test:67,1,neuraltextures,jpeg40,-0.2996101379394531,0.4256527909742998
f3net_deepfakebench,external,1,official,429,neuraltextures_faces_c23/917_924,ffpp_test:67,1,neuraltextures,jpeg40,0.3412342071533203,0.584490295421966
f3net_deepfakebench,external,1,official,430,original_faces_c23/114,ffpp_test:9,0,real,jpeg40,-2.22021484375,0.097949819998029
f3net_deepfakebench,external,1,official,431,original_faces_c23/102,ffpp_test:9,0,real,jpeg40,-4.9842529296875,0.006798355736359385
f3net_deepfakebench,external,1,official,432,deepfakes_faces_c23/114_102,ffpp_test:9,1,deepfakes,jpeg40,1.0344829559326172,0.7377840868024885
f3net_deepfakebench,external,1,official,433,deepfakes_faces_c23/102_114,ffpp_test:9,1,deepfakes,jpeg40,2.4124107360839844,0.9177688015943501
f3net_deepfakebench,external,1,official,434,face2face_faces_c23/114_102,ffpp_test:9,1,face2face,jpeg40,4.209625244140625,0.9853654186791037
f3net_deepfakebench,external,1,official,435,face2face_faces_c23/102_114,ffpp_test:9,1,face2face,jpeg40,-0.7461932301521301,0.3216513420790401
f3net_deepfakebench,external,1,official,436,faceswap_faces_c23/114_102,ffpp_test:9,1,faceswap,jpeg40,2.0131664276123047,0.8821725522828484
f3net_deepfakebench,external,1,official,437,faceswap_faces_c23/102_114,ffpp_test:9,1,faceswap,jpeg40,0.20238304138183594,0.5504237692296009
f3net_deepfakebench,external,1,official,438,neuraltextures_faces_c23/114_102,ffpp_test:9,1,neuraltextures,jpeg40,-0.4508246183395386,0.38916472354912
f3net_deepfakebench,external,1,official,439,neuraltextures_faces_c23/102_114,ffpp_test:9,1,neuraltextures,jpeg40,-2.3601341247558594,0.08626362189963799
f3net_deepfakebench,external,1,official,440,original_faces_c23/732,ffpp_test:56,0,real,jpeg40,-3.41595458984375,0.031800547979090106
f3net_deepfakebench,external,1,official,441,original_faces_c23/691,ffpp_test:56,0,real,jpeg40,-1.8399658203125,0.13705533499694753
f3net_deepfakebench,external,1,official,442,deepfakes_faces_c23/732_691,ffpp_test:56,1,deepfakes,jpeg40,0.8678823113441467,0.7043048600613966
f3net_deepfakebench,external,1,official,443,deepfakes_faces_c23/691_732,ffpp_test:56,1,deepfakes,jpeg40,4.356616973876953,0.987340624124322
f3net_deepfakebench,external,1,official,444,face2face_faces_c23/732_691,ffpp_test:56,1,face2face,jpeg40,3.72784423828125,0.9765199541843841
f3net_deepfakebench,external,1,official,445,face2face_faces_c23/691_732,ffpp_test:56,1,face2face,jpeg40,2.9576988220214844,0.9506260974826862
f3net_deepfakebench,external,1,official,446,faceswap_faces_c23/732_691,ffpp_test:56,1,faceswap,jpeg40,2.6626014709472656,0.9347834404799021
f3net_deepfakebench,external,1,official,447,faceswap_faces_c23/691_732,ffpp_test:56,1,faceswap,jpeg40,-0.08283329010009766,0.4793035099505724
f3net_deepfakebench,external,1,official,448,neuraltextures_faces_c23/732_691,ffpp_test:56,1,neuraltextures,jpeg40,-2.65386962890625,0.06575090718349194
f3net_deepfakebench,external,1,official,449,neuraltextures_faces_c23/691_732,ffpp_test:56,1,neuraltextures,jpeg40,-0.5010929703712463,0.3772838511027577
f3net_deepfakebench,external,1,official,450,original_faces_c23/550,ffpp_test:41,0,real,jpeg40,-0.5239028930664062,0.3719400605720384
f3net_deepfakebench,external,1,official,451,original_faces_c23/452,ffpp_test:41,0,real,jpeg40,0.15161943435668945,0.5378324106266563
f3net_deepfakebench,external,1,official,452,deepfakes_faces_c23/550_452,ffpp_test:41,1,deepfakes,jpeg40,1.9841041564941406,0.8791179880470311
f3net_deepfakebench,external,1,official,453,deepfakes_faces_c23/452_550,ffpp_test:41,1,deepfakes,jpeg40,0.8114862442016602,0.692426123472174
f3net_deepfakebench,external,1,official,454,face2face_faces_c23/550_452,ffpp_test:41,1,face2face,jpeg40,0.17466306686401367,0.5435550943583518
f3net_deepfakebench,external,1,official,455,face2face_faces_c23/452_550,ffpp_test:41,1,face2face,jpeg40,2.867494583129883,0.9462159865391679
f3net_deepfakebench,external,1,official,456,faceswap_faces_c23/550_452,ffpp_test:41,1,faceswap,jpeg40,1.2615983486175537,0.7793011318793319
f3net_deepfakebench,external,1,official,457,faceswap_faces_c23/452_550,ffpp_test:41,1,faceswap,jpeg40,2.4589462280273438,0.9212132146022001
f3net_deepfakebench,external,1,official,458,neuraltextures_faces_c23/550_452,ffpp_test:41,1,neuraltextures,jpeg40,0.05371522903442383,0.513425579316265
f3net_deepfakebench,external,1,official,459,neuraltextures_faces_c23/452_550,ffpp_test:41,1,neuraltextures,jpeg40,2.514434814453125,0.9251475789884839
f3net_deepfakebench,external,1,official,460,original_faces_c23/280,ffpp_test:22,0,real,jpeg40,-0.8533804416656494,0.29872421387951775
f3net_deepfakebench,external,1,official,461,original_faces_c23/249,ffpp_test:22,0,real,jpeg40,-4.96405029296875,0.006936134870905239
f3net_deepfakebench,external,1,official,462,deepfakes_faces_c23/280_249,ffpp_test:22,1,deepfakes,jpeg40,-1.2192878723144531,0.22806179609779728
f3net_deepfakebench,external,1,official,463,deepfakes_faces_c23/249_280,ffpp_test:22,1,deepfakes,jpeg40,3.0722427368164062,0.9557331535733
f3net_deepfakebench,external,1,official,464,face2face_faces_c23/280_249,ffpp_test:22,1,face2face,jpeg40,4.0977783203125,0.9836618338423576
f3net_deepfakebench,external,1,official,465,face2face_faces_c23/249_280,ffpp_test:22,1,face2face,jpeg40,3.0292816162109375,0.9538795791721597
f3net_deepfakebench,external,1,official,466,faceswap_faces_c23/280_249,ffpp_test:22,1,faceswap,jpeg40,0.5976552963256836,0.6451196919574383
f3net_deepfakebench,external,1,official,467,faceswap_faces_c23/249_280,ffpp_test:22,1,faceswap,jpeg40,2.0651607513427734,0.8874705878301308
f3net_deepfakebench,external,1,official,468,neuraltextures_faces_c23/280_249,ffpp_test:22,1,neuraltextures,jpeg40,-0.34871745109558105,0.4136934703632056
f3net_deepfakebench,external,1,official,469,neuraltextures_faces_c23/249_280,ffpp_test:22,1,neuraltextures,jpeg40,-3.70745849609375,0.023952033705938024
f3net_deepfakebench,external,1,official,470,original_faces_c23/842,ffpp_test:58,0,real,jpeg40,-1.851898193359375,0.1356501813732255
f3net_deepfakebench,external,1,official,471,original_faces_c23/714,ffpp_test:58,0,real,jpeg40,-4.39862060546875,0.012144973100687835
f3net_deepfakebench,external,1,official,472,deepfakes_faces_c23/842_714,ffpp_test:58,1,deepfakes,jpeg40,1.6721725463867188,0.8418652630786215
f3net_deepfakebench,external,1,official,473,deepfakes_faces_c23/714_842,ffpp_test:58,1,deepfakes,jpeg40,4.7535858154296875,0.9914529543736148
f3net_deepfakebench,external,1,official,474,face2face_faces_c23/842_714,ffpp_test:58,1,face2face,jpeg40,4.2452392578125,0.9858702083189735
f3net_deepfakebench,external,1,official,475,face2face_faces_c23/714_842,ffpp_test:58,1,face2face,jpeg40,3.158966064453125,0.9592605596789954
f3net_deepfakebench,external,1,official,476,faceswap_faces_c23/842_714,ffpp_test:58,1,faceswap,jpeg40,1.985280990600586,0.8792429938923809
f3net_deepfakebench,external,1,official,477,faceswap_faces_c23/714_842,ffpp_test:58,1,faceswap,jpeg40,1.5705370903015137,0.8278601612559726
f3net_deepfakebench,external,1,official,478,neuraltextures_faces_c23/842_714,ffpp_test:58,1,neuraltextures,jpeg40,-1.6818046569824219,0.1568566504073204
f3net_deepfakebench,external,1,official,479,neuraltextures_faces_c23/714_842,ffpp_test:58,1,neuraltextures,jpeg40,-1.5398941040039062,0.17655066946790185
f3net_deepfakebench,external,1,official,480,original_faces_c23/625,ffpp_test:52,0,real,jpeg40,-2.6265792846679688,0.0674472891687769
f3net_deepfakebench,external,1,official,481,original_faces_c23/650,ffpp_test:52,0,real,jpeg40,-2.0111236572265625,0.11803994755145474
f3net_deepfakebench,external,1,official,482,deepfakes_faces_c23/625_650,ffpp_test:52,1,deepfakes,jpeg40,5.82415771484375,0.9970534157146598
f3net_deepfakebench,external,1,official,483,deepfakes_faces_c23/650_625,ffpp_test:52,1,deepfakes,jpeg40,2.273099422454834,0.9066245049488784
f3net_deepfakebench,external,1,official,484,face2face_faces_c23/625_650,ffpp_test:52,1,face2face,jpeg40,0.4313011169433594,0.6061843203063829
f3net_deepfakebench,external,1,official,485,face2face_faces_c23/650_625,ffpp_test:52,1,face2face,jpeg40,3.212888717651367,0.9613164319847959
f3net_deepfakebench,external,1,official,486,faceswap_faces_c23/625_650,ffpp_test:52,1,faceswap,jpeg40,4.748852252960205,0.9914127487391359
f3net_deepfakebench,external,1,official,487,faceswap_faces_c23/650_625,ffpp_test:52,1,faceswap,jpeg40,3.1236534118652344,0.9578579490759842
f3net_deepfakebench,external,1,official,488,neuraltextures_faces_c23/625_650,ffpp_test:52,1,neuraltextures,jpeg40,-0.019929885864257812,0.49501769344733626
f3net_deepfakebench,external,1,official,489,neuraltextures_faces_c23/650_625,ffpp_test:52,1,neuraltextures,jpeg40,-1.7156295776367188,0.15243495854850683
f3net_deepfakebench,external,1,official,490,original_faces_c23/024,ffpp_test:3,0,real,jpeg40,-2.7554779052734375,0.059778023157914785
f3net_deepfakebench,external,1,official,491,original_faces_c23/073,ffpp_test:3,0,real,jpeg40,-2.560089111328125,0.07175160692749925
f3net_deepfakebench,external,1,official,492,deepfakes_faces_c23/024_073,ffpp_test:3,1,deepfakes,jpeg40,0.7258481979370117,0.6738935278024064
f3net_deepfakebench,external,1,official,493,deepfakes_faces_c23/073_024,ffpp_test:3,1,deepfakes,jpeg40,-0.24995803833007812,0.43783382733828335
f3net_deepfakebench,external,1,official,494,face2face_faces_c23/024_073,ffpp_test:3,1,face2face,jpeg40,-1.3195791244506836,0.21088832472382935
f3net_deepfakebench,external,1,official,495,face2face_faces_c23/073_024,ffpp_test:3,1,face2face,jpeg40,0.7504911422729492,0.6792857071987973
f3net_deepfakebench,external,1,official,496,faceswap_faces_c23/024_073,ffpp_test:3,1,faceswap,jpeg40,-0.038166344165802,0.490459572034897
f3net_deepfakebench,external,1,official,497,faceswap_faces_c23/073_024,ffpp_test:3,1,faceswap,jpeg40,1.072092056274414,0.744994563457431
f3net_deepfakebench,external,1,official,498,neuraltextures_faces_c23/024_073,ffpp_test:3,1,neuraltextures,jpeg40,0.06702041625976562,0.5167488352550945
f3net_deepfakebench,external,1,official,499,neuraltextures_faces_c23/073_024,ffpp_test:3,1,neuraltextures,jpeg40,-1.1052463054656982,0.24875818595862279
f3net_deepfakebench,external,1,official,500,original_faces_c23/044,ffpp_test:6,0,real,jpeg40,-3.67620849609375,0.02469357787175596
f3net_deepfakebench,external,1,official,501,original_faces_c23/945,ffpp_test:6,0,real,jpeg40,0.7072337865829468,0.6697896399036287
f3net_deepfakebench,external,1,official,502,deepfakes_faces_c23/044_945,ffpp_test:6,1,deepfakes,jpeg40,4.198089599609375,0.9851981351855799
f3net_deepfakebench,external,1,official,503,deepfakes_faces_c23/945_044,ffpp_test:6,1,deepfakes,jpeg40,6.0340576171875,0.9976099727349347
f3net_deepfakebench,external,1,official,504,face2face_faces_c23/044_945,ffpp_test:6,1,face2face,jpeg40,-0.07072830200195312,0.48232529201841134
f3net_deepfakebench,external,1,official,505,face2face_faces_c23/945_044,ffpp_test:6,1,face2face,jpeg40,5.6492919921875,0.9964923389093034
f3net_deepfakebench,external,1,official,506,faceswap_faces_c23/044_945,ffpp_test:6,1,faceswap,jpeg40,4.0608062744140625,0.9830568990541815
f3net_deepfakebench,external,1,official,507,faceswap_faces_c23/945_044,ffpp_test:6,1,faceswap,jpeg40,1.805155634880066,0.8587753690436729
f3net_deepfakebench,external,1,official,508,neuraltextures_faces_c23/044_945,ffpp_test:6,1,neuraltextures,jpeg40,-1.4272079467773438,0.193534091274755
f3net_deepfakebench,external,1,official,509,neuraltextures_faces_c23/945_044,ffpp_test:6,1,neuraltextures,jpeg40,1.2935028076171875,0.7847394855820308
f3net_deepfakebench,external,1,official,510,original_faces_c23/896,ffpp_test:10,0,real,jpeg40,-0.3384723663330078,0.41618060520592215
f3net_deepfakebench,external,1,official,511,original_faces_c23/128,ffpp_test:10,0,real,jpeg40,-2.145366668701172,0.10476498483423344
f3net_deepfakebench,external,1,official,512,deepfakes_faces_c23/896_128,ffpp_test:10,1,deepfakes,jpeg40,2.9154653549194336,0.9486056709436889
f3net_deepfakebench,external,1,official,513,deepfakes_faces_c23/128_896,ffpp_test:10,1,deepfakes,jpeg40,3.882854461669922,0.9798235112507883
f3net_deepfakebench,external,1,official,514,face2face_faces_c23/896_128,ffpp_test:10,1,face2face,jpeg40,3.3503875732421875,0.9661175251310322
f3net_deepfakebench,external,1,official,515,face2face_faces_c23/128_896,ffpp_test:10,1,face2face,jpeg40,1.296905517578125,0.7853137260765305
f3net_deepfakebench,external,1,official,516,faceswap_faces_c23/896_128,ffpp_test:10,1,faceswap,jpeg40,3.8905820846557617,0.9799757165867237
f3net_deepfakebench,external,1,official,517,faceswap_faces_c23/128_896,ffpp_test:10,1,faceswap,jpeg40,4.479766845703125,0.9887910098422599
f3net_deepfakebench,external,1,official,518,neuraltextures_faces_c23/896_128,ffpp_test:10,1,neuraltextures,jpeg40,0.7231597900390625,0.6733024445106498
f3net_deepfakebench,external,1,official,519,neuraltextures_faces_c23/128_896,ffpp_test:10,1,neuraltextures,jpeg40,-0.279052734375,0.4306860261318864
f3net_deepfakebench,external,1,official,520,original_faces_c23/862,ffpp_test:7,0,real,jpeg40,-3.56866455078125,0.027420402942649545
f3net_deepfakebench,external,1,official,521,original_faces_c23/047,ffpp_test:7,0,real,jpeg40,-1.1954641342163086,0.23228310442362415
f3net_deepfakebench,external,1,official,522,deepfakes_faces_c23/862_047,ffpp_test:7,1,deepfakes,jpeg40,5.292388916015625,0.9949954412876868
f3net_deepfakebench,external,1,official,523,deepfakes_faces_c23/047_862,ffpp_test:7,1,deepfakes,jpeg40,2.6689109802246094,0.9351670357865426
f3net_deepfakebench,external,1,official,524,face2face_faces_c23/862_047,ffpp_test:7,1,face2face,jpeg40,3.020193099975586,0.9534780916907635
f3net_deepfakebench,external,1,official,525,face2face_faces_c23/047_862,ffpp_test:7,1,face2face,jpeg40,3.4894790649414062,0.9703869298276621
f3net_deepfakebench,external,1,official,526,faceswap_faces_c23/862_047,ffpp_test:7,1,faceswap,jpeg40,2.2237930297851562,0.9023658784609033
f3net_deepfakebench,external,1,official,527,faceswap_faces_c23/047_862,ffpp_test:7,1,faceswap,jpeg40,7.1573486328125,0.9992214890077449
f3net_deepfakebench,external,1,official,528,neuraltextures_faces_c23/862_047,ffpp_test:7,1,neuraltextures,jpeg40,-0.8586854934692383,0.2976140568853972
f3net_deepfakebench,external,1,official,529,neuraltextures_faces_c23/047_862,ffpp_test:7,1,neuraltextures,jpeg40,0.11650657653808594,0.5290937422333876
f3net_deepfakebench,external,1,official,530,original_faces_c23/607,ffpp_test:49,0,real,jpeg40,-2.1400299072265625,0.10526657266153021
f3net_deepfakebench,external,1,official,531,original_faces_c23/683,ffpp_test:49,0,real,jpeg40,-1.4290504455566406,0.19324667893101483
f3net_deepfakebench,external,1,official,532,deepfakes_faces_c23/607_683,ffpp_test:49,1,deepfakes,jpeg40,1.4254074096679688,0.806184728249386
f3net_deepfakebench,external,1,official,533,deepfakes_faces_c23/683_607,ffpp_test:49,1,deepfakes,jpeg40,5.198028564453125,0.9945029340617353
f3net_deepfakebench,external,1,official,534,face2face_faces_c23/607_683,ffpp_test:49,1,face2face,jpeg40,0.44863271713256836,0.6103141010628897
f3net_deepfakebench,external,1,official,535,face2face_faces_c23/683_607,ffpp_test:49,1,face2face,jpeg40,-0.36530494689941406,0.40967599720069364
f3net_deepfakebench,external,1,official,536,faceswap_faces_c23/607_683,ffpp_test:49,1,faceswap,jpeg40,1.5385246276855469,0.8232501471399326
f3net_deepfakebench,external,1,official,537,faceswap_faces_c23/683_607,ffpp_test:49,1,faceswap,jpeg40,6.6849365234375,0.9987519654653416
f3net_deepfakebench,external,1,official,538,neuraltextures_faces_c23/607_683,ffpp_test:49,1,neuraltextures,jpeg40,-1.4709854125976562,0.18679288231121907
f3net_deepfakebench,external,1,official,539,neuraltextures_faces_c23/683_607,ffpp_test:49,1,neuraltextures,jpeg40,0.470888614654541,0.6155940579860707
f3net_deepfakebench,external,1,official,540,original_faces_c23/517,ffpp_test:45,0,real,jpeg40,-3.211181640625,0.03874709935960575
f3net_deepfakebench,external,1,official,541,original_faces_c23/521,ffpp_test:45,0,real,jpeg40,-3.02728271484375,0.04620843897663162
f3net_deepfakebench,external,1,official,542,deepfakes_faces_c23/517_521,ffpp_test:45,1,deepfakes,jpeg40,6.4791259765625,0.9984672012270451
f3net_deepfakebench,external,1,official,543,deepfakes_faces_c23/521_517,ffpp_test:45,1,deepfakes,jpeg40,2.092921733856201,0.8902133028670998
f3net_deepfakebench,external,1,official,544,face2face_faces_c23/517_521,ffpp_test:45,1,face2face,jpeg40,4.205111503601074,0.9853001858861735
f3net_deepfakebench,external,1,official,545,face2face_faces_c23/521_517,ffpp_test:45,1,face2face,jpeg40,0.7854585647583008,0.6868553655283012
f3net_deepfakebench,external,1,official,546,faceswap_faces_c23/517_521,ffpp_test:45,1,faceswap,jpeg40,4.7378387451171875,0.9913184758571167
f3net_deepfakebench,external,1,official,547,faceswap_faces_c23/521_517,ffpp_test:45,1,faceswap,jpeg40,1.8175334930419922,0.8602699024738024
f3net_deepfakebench,external,1,official,548,neuraltextures_faces_c23/517_521,ffpp_test:45,1,neuraltextures,jpeg40,-0.97670978307724,0.2735451222223799
f3net_deepfakebench,external,1,official,549,neuraltextures_faces_c23/521_517,ffpp_test:45,1,neuraltextures,jpeg40,-1.1565487384796143,0.23929496286062185
f3net_deepfakebench,external,1,official,550,original_faces_c23/682,ffpp_test:55,0,real,jpeg40,-0.7509269714355469,0.32061935194630525
f3net_deepfakebench,external,1,official,551,original_faces_c23/669,ffpp_test:55,0,real,jpeg40,-1.5765438079833984,0.1712855201670246
f3net_deepfakebench,external,1,official,552,deepfakes_faces_c23/682_669,ffpp_test:55,1,deepfakes,jpeg40,2.40377140045166,0.9171144399186507
f3net_deepfakebench,external,1,official,553,deepfakes_faces_c23/669_682,ffpp_test:55,1,deepfakes,jpeg40,2.517549514770508,0.9253629851239705
f3net_deepfakebench,external,1,official,554,face2face_faces_c23/682_669,ffpp_test:55,1,face2face,jpeg40,0.7940177917480469,0.688693376663638
f3net_deepfakebench,external,1,official,555,face2face_faces_c23/669_682,ffpp_test:55,1,face2face,jpeg40,3.2379913330078125,0.9622391924457857
f3net_deepfakebench,external,1,official,556,faceswap_faces_c23/682_669,ffpp_test:55,1,faceswap,jpeg40,1.3316738605499268,0.7911173761584782
f3net_deepfakebench,external,1,official,557,faceswap_faces_c23/669_682,ffpp_test:55,1,faceswap,jpeg40,4.29217529296875,0.9865093412495234
f3net_deepfakebench,external,1,official,558,neuraltextures_faces_c23/682_669,ffpp_test:55,1,neuraltextures,jpeg40,-0.03139305114746094,0.4921523817036746
f3net_deepfakebench,external,1,official,559,neuraltextures_faces_c23/669_682,ffpp_test:55,1,neuraltextures,jpeg40,-0.40453529357910156,0.4002231762221455
f3net_deepfakebench,external,1,official,560,original_faces_c23/138,ffpp_test:12,0,real,jpeg40,-2.4056777954101562,0.08274075961846981
f3net_deepfakebench,external,1,official,561,original_faces_c23/142,ffpp_test:12,0,real,jpeg40,-2.745025634765625,0.060368199172141285
f3net_deepfakebench,external,1,official,562,deepfakes_faces_c23/138_142,ffpp_test:12,1,deepfakes,jpeg40,-0.2647228240966797,0.43420308987890965
f3net_deepfakebench,external,1,official,563,deepfakes_faces_c23/142_138,ffpp_test:12,1,deepfakes,jpeg40,1.4911680221557617,0.8162535215923777
f3net_deepfakebench,external,1,official,564,face2face_faces_c23/138_142,ffpp_test:12,1,face2face,jpeg40,3.46380615234375,0.9696402130228917
f3net_deepfakebench,external,1,official,565,face2face_faces_c23/142_138,ffpp_test:12,1,face2face,jpeg40,1.661376953125,0.8404227560449296
f3net_deepfakebench,external,1,official,566,faceswap_faces_c23/138_142,ffpp_test:12,1,faceswap,jpeg40,3.0205917358398438,0.9534957710329153
f3net_deepfakebench,external,1,official,567,faceswap_faces_c23/142_138,ffpp_test:12,1,faceswap,jpeg40,5.3941650390625,0.9954775335662771
f3net_deepfakebench,external,1,official,568,neuraltextures_faces_c23/138_142,ffpp_test:12,1,neuraltextures,jpeg40,1.2419376373291016,0.7759011079972999
f3net_deepfakebench,external,1,official,569,neuraltextures_faces_c23/142_138,ffpp_test:12,1,neuraltextures,jpeg40,-0.8243770599365234,0.30483532229633364
f3net_deepfakebench,external,1,official,570,original_faces_c23/552,ffpp_test:47,0,real,jpeg40,-1.5614433288574219,0.1734396362707707
f3net_deepfakebench,external,1,official,571,original_faces_c23/851,ffpp_test:47,0,real,jpeg40,0.7761821746826172,0.6848567024606503
f3net_deepfakebench,external,1,official,572,deepfakes_faces_c23/552_851,ffpp_test:47,1,deepfakes,jpeg40,2.144590377807617,0.8951621850577433
f3net_deepfakebench,external,1,official,573,deepfakes_faces_c23/851_552,ffpp_test:47,1,deepfakes,jpeg40,3.414684295654297,0.9681603173160147
f3net_deepfakebench,external,1,official,574,face2face_faces_c23/552_851,ffpp_test:47,1,face2face,jpeg40,4.3514251708984375,0.9872755667156463
f3net_deepfakebench,external,1,official,575,face2face_faces_c23/851_552,ffpp_test:47,1,face2face,jpeg40,2.391998291015625,0.9162150945421664
f3net_deepfakebench,external,1,official,576,faceswap_faces_c23/552_851,ffpp_test:47,1,faceswap,jpeg40,3.7619400024414062,0.9772891549059232
f3net_deepfakebench,external,1,official,577,faceswap_faces_c23/851_552,ffpp_test:47,1,faceswap,jpeg40,5.46197509765625,0.9957727823792372
f3net_deepfakebench,external,1,official,578,neuraltextures_faces_c23/552_851,ffpp_test:47,1,neuraltextures,jpeg40,0.1204824447631836,0.5300842280554402
f3net_deepfakebench,external,1,official,579,neuraltextures_faces_c23/851_552,ffpp_test:47,1,neuraltextures,jpeg40,0.6903862953186035,0.6660528545588015
f3net_deepfakebench,external,1,official,580,original_faces_c23/376,ffpp_test:31,0,real,jpeg40,-3.3490753173828125,0.03392545713100973
f3net_deepfakebench,external,1,official,581,original_faces_c23/381,ffpp_test:31,0,real,jpeg40,-2.708160400390625,0.06249354332174156
f3net_deepfakebench,external,1,official,582,deepfakes_faces_c23/376_381,ffpp_test:31,1,deepfakes,jpeg40,2.2611379623413086,0.9056069523945222
f3net_deepfakebench,external,1,official,583,deepfakes_faces_c23/381_376,ffpp_test:31,1,deepfakes,jpeg40,5.7784423828125,0.9969160102222269
f3net_deepfakebench,external,1,official,584,face2face_faces_c23/376_381,ffpp_test:31,1,face2face,jpeg40,0.9123268127441406,0.7134760645324989
f3net_deepfakebench,external,1,official,585,face2face_faces_c23/381_376,ffpp_test:31,1,face2face,jpeg40,2.4654769897460938,0.9216859115558884
f3net_deepfakebench,external,1,official,586,faceswap_faces_c23/376_381,ffpp_test:31,1,faceswap,jpeg40,3.6935348510742188,0.9757202880096258
f3net_deepfakebench,external,1,official,587,faceswap_faces_c23/381_376,ffpp_test:31,1,faceswap,jpeg40,4.5367431640625,0.9894052264609177
f3net_deepfakebench,external,1,official,588,neuraltextures_faces_c23/376_381,ffpp_test:31,1,neuraltextures,jpeg40,-1.82098388671875,0.13931585623624568
f3net_deepfakebench,external,1,official,589,neuraltextures_faces_c23/381_376,ffpp_test:31,1,neuraltextures,jpeg40,-1.5570106506347656,0.17407601775681397
f3net_deepfakebench,external,1,official,590,original_faces_c23/000,ffpp_test:0,0,real,jpeg40,-0.3927602767944336,0.40305299723083404
f3net_deepfakebench,external,1,official,591,original_faces_c23/003,ffpp_test:0,0,real,jpeg40,-2.6339187622070312,0.06698711258568177
f3net_deepfakebench,external,1,official,592,deepfakes_faces_c23/000_003,ffpp_test:0,1,deepfakes,jpeg40,5.33319091796875,0.99519456608193
f3net_deepfakebench,external,1,official,593,deepfakes_faces_c23/003_000,ffpp_test:0,1,deepfakes,jpeg40,-0.3993546962738037,0.4014673909108474
f3net_deepfakebench,external,1,official,594,face2face_faces_c23/000_003,ffpp_test:0,1,face2face,jpeg40,1.8073997497558594,0.8590473167539626
f3net_deepfakebench,external,1,official,595,face2face_faces_c23/003_000,ffpp_test:0,1,face2face,jpeg40,4.043083190917969,0.9827591615896886
f3net_deepfakebench,external,1,official,596,faceswap_faces_c23/000_003,ffpp_test:0,1,faceswap,jpeg40,4.576324462890625,0.9898122016206271
f3net_deepfakebench,external,1,official,597,faceswap_faces_c23/003_000,ffpp_test:0,1,faceswap,jpeg40,3.9369964599609375,0.9808665154024787
f3net_deepfakebench,external,1,official,598,neuraltextures_faces_c23/000_003,ffpp_test:0,1,neuraltextures,jpeg40,0.4308605194091797,0.606079133789046
f3net_deepfakebench,external,1,official,599,neuraltextures_faces_c23/003_000,ffpp_test:0,1,neuraltextures,jpeg40,-0.8298325538635254,0.30368047694526557
f3net_deepfakebench,external,1,official,600,original_faces_c23/048,ffpp_test:4,0,real,jpeg40,-3.0155029296875,0.04673039615069036
f3net_deepfakebench,external,1,official,601,original_faces_c23/029,ffpp_test:4,0,real,jpeg40,-0.1292208433151245,0.4677396670073764
f3net_deepfakebench,external,1,official,602,deepfakes_faces_c23/048_029,ffpp_test:4,1,deepfakes,jpeg40,7.597900390625,0.9994987480896628
f3net_deepfakebench,external,1,official,603,deepfakes_faces_c23/029_048,ffpp_test:4,1,deepfakes,jpeg40,4.3694610595703125,0.9875001630241317
f3net_deepfakebench,external,1,official,604,face2face_faces_c23/048_029,ffpp_test:4,1,face2face,jpeg40,3.0124847888946533,0.9531349716599122
f3net_deepfakebench,external,1,official,605,face2face_faces_c23/029_048,ffpp_test:4,1,face2face,jpeg40,2.7323150634765625,0.9389067661996754
f3net_deepfakebench,external,1,official,606,faceswap_faces_c23/048_029,ffpp_test:4,1,faceswap,jpeg40,0.5069522857666016,0.6240917477959442
f3net_deepfakebench,external,1,official,607,faceswap_faces_c23/029_048,ffpp_test:4,1,faceswap,jpeg40,3.989501953125,0.9818274247856565
f3net_deepfakebench,external,1,official,608,neuraltextures_faces_c23/048_029,ffpp_test:4,1,neuraltextures,jpeg40,0.9032878875732422,0.7116246956243866
f3net_deepfakebench,external,1,official,609,neuraltextures_faces_c23/029_048,ffpp_test:4,1,neuraltextures,jpeg40,2.303699493408203,0.9091829663210936
f3net_deepfakebench,external,1,official,610,original_faces_c23/724,ffpp_test:59,0,real,jpeg40,-0.7722415924072266,0.3159944044104661
f3net_deepfakebench,external,1,official,611,original_faces_c23/725,ffpp_test:59,0,real,jpeg40,-0.5627231597900391,0.3629176075194393
f3net_deepfakebench,external,1,official,612,deepfakes_faces_c23/724_725,ffpp_test:59,1,deepfakes,jpeg40,5.830322265625,0.9970714711791495
f3net_deepfakebench,external,1,official,613,deepfakes_faces_c23/725_724,ffpp_test:59,1,deepfakes,jpeg40,6.7296142578125,0.9988064324770438
f3net_deepfakebench,external,1,official,614,face2face_faces_c23/724_725,ffpp_test:59,1,face2face,jpeg40,5.96307373046875,0.9974346039908522
f3net_deepfakebench,external,1,official,615,face2face_faces_c23/725_724,ffpp_test:59,1,face2face,jpeg40,5.8157958984375,0.9970287471325943
f3net_deepfakebench,external,1,official,616,faceswap_faces_c23/724_725,ffpp_test:59,1,faceswap,jpeg40,7.10302734375,0.9991780653081885
f3net_deepfakebench,external,1,official,617,faceswap_faces_c23/725_724,ffpp_test:59,1,faceswap,jpeg40,4.501861572265625,0.9890332672377403
f3net_deepfakebench,external,1,official,618,neuraltextures_faces_c23/724_725,ffpp_test:59,1,neuraltextures,jpeg40,1.4064321517944336,0.8032025903513887
f3net_deepfakebench,external,1,official,619,neuraltextures_faces_c23/725_724,ffpp_test:59,1,neuraltextures,jpeg40,0.34876179695129395,0.5863172857353871
f3net_deepfakebench,external,1,official,620,original_faces_c23/608,ffpp_test:50,0,real,jpeg40,-3.0888938903808594,0.04356770279157713
f3net_deepfakebench,external,1,official,621,original_faces_c23/675,ffpp_test:50,0,real,jpeg40,-1.8720207214355469,0.13330808132191832
f3net_deepfakebench,external,1,official,622,deepfakes_faces_c23/608_675,ffpp_test:50,1,deepfakes,jpeg40,2.985858917236328,0.9519311758380025
f3net_deepfakebench,external,1,official,623,deepfakes_faces_c23/675_608,ffpp_test:50,1,deepfakes,jpeg40,3.2998733520507812,0.9644244657024812
f3net_deepfakebench,external,1,official,624,face2face_faces_c23/608_675,ffpp_test:50,1,face2face,jpeg40,2.3252334594726562,0.9109454132168214
f3net_deepfakebench,external,1,official,625,face2face_faces_c23/675_608,ffpp_test:50,1,face2face,jpeg40,1.6657114028930664,0.8410032018940778
f3net_deepfakebench,external,1,official,626,faceswap_faces_c23/608_675,ffpp_test:50,1,faceswap,jpeg40,2.620342254638672,0.9321593532238062
f3net_deepfakebench,external,1,official,627,faceswap_faces_c23/675_608,ffpp_test:50,1,faceswap,jpeg40,2.0772807598114014,0.8886752989365816
f3net_deepfakebench,external,1,official,628,neuraltextures_faces_c23/608_675,ffpp_test:50,1,neuraltextures,jpeg40,-2.0030517578125,0.11888287919789839
f3net_deepfakebench,external,1,official,629,neuraltextures_faces_c23/675_608,ffpp_test:50,1,neuraltextures,jpeg40,-1.0340995788574219,0.26229008759974926
f3net_deepfakebench,external,1,official,630,original_faces_c23/386,ffpp_test:14,0,real,jpeg40,-3.402069091796875,0.03223086301361004
f3net_deepfakebench,external,1,official,631,original_faces_c23/154,ffpp_test:14,0,real,jpeg40,-3.86639404296875,0.020504484454424533
f3net_deepfakebench,external,1,official,632,deepfakes_faces_c23/386_154,ffpp_test:14,1,deepfakes,jpeg40,5.587890625,0.9962710424159898
f3net_deepfakebench,external,1,official,633,deepfakes_faces_c23/154_386,ffpp_test:14,1,deepfakes,jpeg40,5.417350769042969,0.995580725943341
f3net_deepfakebench,external,1,official,634,face2face_faces_c23/386_154,ffpp_test:14,1,face2face,jpeg40,0.5239486694335938,0.6280706327544915
f3net_deepfakebench,external,1,official,635,face2face_faces_c23/154_386,ffpp_test:14,1,face2face,jpeg40,2.764617919921875,0.9407336255611238
f3net_deepfakebench,external,1,official,636,faceswap_faces_c23/386_154,ffpp_test:14,1,faceswap,jpeg40,2.777871608734131,0.9414682679667697
f3net_deepfakebench,external,1,official,637,faceswap_faces_c23/154_386,ffpp_test:14,1,faceswap,jpeg40,2.8453330993652344,0.9450769428004131
f3net_deepfakebench,external,1,official,638,neuraltextures_faces_c23/386_154,ffpp_test:14,1,neuraltextures,jpeg40,-1.5650901794433594,0.1729174523216364
f3net_deepfakebench,external,1,official,639,neuraltextures_faces_c23/154_386,ffpp_test:14,1,neuraltextures,jpeg40,-2.52374267578125,0.07421040117815014
f3net_deepfakebench,external,1,official,640,original_faces_c23/220,ffpp_test:20,0,real,jpeg40,-3.132537841796875,0.041784876416881125
f3net_deepfakebench,external,1,official,641,original_faces_c23/219,ffpp_test:20,0,real,jpeg40,-1.9966734647750854,0.11955262954659233
f3net_deepfakebench,external,1,official,642,deepfakes_faces_c23/220_219,ffpp_test:20,1,deepfakes,jpeg40,0.49213409423828125,0.620609041389934
f3net_deepfakebench,external,1,official,643,deepfakes_faces_c23/219_220,ffpp_test:20,1,deepfakes,jpeg40,6.37042236328125,0.9982914877846243
f3net_deepfakebench,external,1,official,644,face2face_faces_c23/220_219,ffpp_test:20,1,face2face,jpeg40,0.17412316799163818,0.5434211407066736
f3net_deepfakebench,external,1,official,645,face2face_faces_c23/219_220,ffpp_test:20,1,face2face,jpeg40,3.3891525268554688,0.9673637996465569
f3net_deepfakebench,external,1,official,646,faceswap_faces_c23/220_219,ffpp_test:20,1,faceswap,jpeg40,3.5101165771484375,0.9709742498676702
f3net_deepfakebench,external,1,official,647,faceswap_faces_c23/219_220,ffpp_test:20,1,faceswap,jpeg40,-0.33576202392578125,0.4168392980177425
f3net_deepfakebench,external,1,official,648,neuraltextures_faces_c23/220_219,ffpp_test:20,1,neuraltextures,jpeg40,-1.0399293899536133,0.26116361840160857
f3net_deepfakebench,external,1,official,649,neuraltextures_faces_c23/219_220,ffpp_test:20,1,neuraltextures,jpeg40,-0.5653972625732422,0.36229955937393576
f3net_deepfakebench,external,1,official,650,original_faces_c23/801,ffpp_test:63,0,real,jpeg40,-3.09991455078125,0.043110779775189026
f3net_deepfakebench,external,1,official,651,original_faces_c23/855,ffpp_test:63,0,real,jpeg40,-4.20941162109375,0.01463766217231974
f3net_deepfakebench,external,1,official,652,deepfakes_faces_c23/801_855,ffpp_test:63,1,deepfakes,jpeg40,1.8989887237548828,0.869777026309246
f3net_deepfakebench,external,1,official,653,deepfakes_faces_c23/855_801,ffpp_test:63,1,deepfakes,jpeg40,1.2346458435058594,0.7746306709980093
f3net_deepfakebench,external,1,official,654,face2face_faces_c23/801_855,ffpp_test:63,1,face2face,jpeg40,-0.5559179782867432,0.3644924858466373
f3net_deepfakebench,external,1,official,655,face2face_faces_c23/855_801,ffpp_test:63,1,face2face,jpeg40,4.407012939453125,0.9879553025560409
f3net_deepfakebench,external,1,official,656,faceswap_faces_c23/801_855,ffpp_test:63,1,faceswap,jpeg40,0.9820785522460938,0.7275204517931386
f3net_deepfakebench,external,1,official,657,faceswap_faces_c23/855_801,ffpp_test:63,1,faceswap,jpeg40,3.0675735473632812,0.9555351919244572
f3net_deepfakebench,external,1,official,658,neuraltextures_faces_c23/801_855,ffpp_test:63,1,neuraltextures,jpeg40,-0.14541101455688477,0.4637111658625154
f3net_deepfakebench,external,1,official,659,neuraltextures_faces_c23/855_801,ffpp_test:63,1,neuraltextures,jpeg40,-1.5064620971679688,0.18146370213551888
f3net_deepfakebench,external,1,official,660,original_faces_c23/161,ffpp_test:13,0,real,jpeg40,-2.745391845703125,0.06034742961106676
f3net_deepfakebench,external,1,official,661,original_faces_c23/141,ffpp_test:13,0,real,jpeg40,-2.960205078125,0.04925640134491511
f3net_deepfakebench,external,1,official,662,deepfakes_faces_c23/161_141,ffpp_test:13,1,deepfakes,jpeg40,5.562408447265625,0.9961751675366943
f3net_deepfakebench,external,1,official,663,deepfakes_faces_c23/141_161,ffpp_test:13,1,deepfakes,jpeg40,4.614593505859375,0.9901909609897759
f3net_deepfakebench,external,1,official,664,face2face_faces_c23/161_141,ffpp_test:13,1,face2face,jpeg40,5.45318603515625,0.9957356244825624
f3net_deepfakebench,external,1,official,665,face2face_faces_c23/141_161,ffpp_test:13,1,face2face,jpeg40,-1.1983871459960938,0.23176225851501978
f3net_deepfakebench,external,1,official,666,faceswap_faces_c23/161_141,ffpp_test:13,1,faceswap,jpeg40,6.218109130859375,0.9980109540108392
f3net_deepfakebench,external,1,official,667,faceswap_faces_c23/141_161,ffpp_test:13,1,faceswap,jpeg40,2.194091796875,0.8997176962310824
f3net_deepfakebench,external,1,official,668,neuraltextures_faces_c23/161_141,ffpp_test:13,1,neuraltextures,jpeg40,0.29545021057128906,0.5733299080505585
f3net_deepfakebench,external,1,official,669,neuraltextures_faces_c23/141_161,ffpp_test:13,1,neuraltextures,jpeg40,-0.12842033803462982,0.46793896535452295
f3net_deepfakebench,external,1,official,670,original_faces_c23/949,ffpp_test:66,0,real,jpeg40,-1.6834983825683594,0.156632780888777
f3net_deepfakebench,external,1,official,671,original_faces_c23/868,ffpp_test:66,0,real,jpeg40,-4.1202239990234375,0.01598132536895064
f3net_deepfakebench,external,1,official,672,deepfakes_faces_c23/949_868,ffpp_test:66,1,deepfakes,jpeg40,3.675922393798828,0.9752995307592547
f3net_deepfakebench,external,1,official,673,deepfakes_faces_c23/868_949,ffpp_test:66,1,deepfakes,jpeg40,5.007598876953125,0.9933574779363792
f3net_deepfakebench,external,1,official,674,face2face_faces_c23/949_868,ffpp_test:66,1,face2face,jpeg40,2.939910888671875,0.9497844769111355
f3net_deepfakebench,external,1,official,675,face2face_faces_c23/868_949,ffpp_test:66,1,face2face,jpeg40,0.7577705383300781,0.6808694979442427
f3net_deepfakebench,external,1,official,676,faceswap_faces_c23/949_868,ffpp_test:66,1,faceswap,jpeg40,3.1851258277893066,0.9602706830096132
f3net_deepfakebench,external,1,official,677,faceswap_faces_c23/868_949,ffpp_test:66,1,faceswap,jpeg40,1.5583114624023438,0.826110925295225
f3net_deepfakebench,external,1,official,678,neuraltextures_faces_c23/949_868,ffpp_test:66,1,neuraltextures,jpeg40,0.30480289459228516,0.5756162024196858
f3net_deepfakebench,external,1,official,679,neuraltextures_faces_c23/868_949,ffpp_test:66,1,neuraltextures,jpeg40,-1.4691085815429688,0.18707814299399264
f3net_deepfakebench,external,1,official,680,original_faces_c23/880,ffpp_test:11,0,real,jpeg40,-2.657745361328125,0.06551323007261116
f3net_deepfakebench,external,1,official,681,original_faces_c23/135,ffpp_test:11,0,real,jpeg40,-3.341094970703125,0.03418798422634648
f3net_deepfakebench,external,1,official,682,deepfakes_faces_c23/880_135,ffpp_test:11,1,deepfakes,jpeg40,0.2560844421386719,0.5636735185164943
f3net_deepfakebench,external,1,official,683,deepfakes_faces_c23/135_880,ffpp_test:11,1,deepfakes,jpeg40,7.7552490234375,0.9995716960364106
f3net_deepfakebench,external,1,official,684,face2face_faces_c23/880_135,ffpp_test:11,1,face2face,jpeg40,-0.4551239013671875,0.38814320549546844
f3net_deepfakebench,external,1,official,685,face2face_faces_c23/135_880,ffpp_test:11,1,face2face,jpeg40,5.83416748046875,0.9970826775908537
f3net_deepfakebench,external,1,official,686,faceswap_faces_c23/880_135,ffpp_test:11,1,faceswap,jpeg40,5.3771514892578125,0.9954002890363185
f3net_deepfakebench,external,1,official,687,faceswap_faces_c23/135_880,ffpp_test:11,1,faceswap,jpeg40,5.2288818359375,0.9946690565001858
f3net_deepfakebench,external,1,official,688,neuraltextures_faces_c23/880_135,ffpp_test:11,1,neuraltextures,jpeg40,-1.5905170440673828,0.16931116489164005
f3net_deepfakebench,external,1,official,689,neuraltextures_faces_c23/135_880,ffpp_test:11,1,neuraltextures,jpeg40,-1.6601935625076294,0.15973601519133634
f3net_deepfakebench,external,1,official,690,original_faces_c23/429,ffpp_test:35,0,real,jpeg40,-3.488555908203125,0.029639609652788904
f3net_deepfakebench,external,1,official,691,original_faces_c23/404,ffpp_test:35,0,real,jpeg40,-2.465972900390625,0.07827830060648171
f3net_deepfakebench,external,1,official,692,deepfakes_faces_c23/429_404,ffpp_test:35,1,deepfakes,jpeg40,6.04638671875,0.9976391895792684
f3net_deepfakebench,external,1,official,693,deepfakes_faces_c23/404_429,ffpp_test:35,1,deepfakes,jpeg40,-1.8056182861328125,0.14116852981698047
f3net_deepfakebench,external,1,official,694,face2face_faces_c23/429_404,ffpp_test:35,1,face2face,jpeg40,0.4032233953475952,0.5994618685291998
f3net_deepfakebench,external,1,official,695,face2face_faces_c23/404_429,ffpp_test:35,1,face2face,jpeg40,5.15838623046875,0.994281911625441
f3net_deepfakebench,external,1,official,696,faceswap_faces_c23/429_404,ffpp_test:35,1,faceswap,jpeg40,2.8724594116210938,0.9464680940491116
f3net_deepfakebench,external,1,official,697,faceswap_faces_c23/404_429,ffpp_test:35,1,faceswap,jpeg40,1.8542022705078125,0.8646197431330774
f3net_deepfakebench,external,1,official,698,neuraltextures_faces_c23/429_404,ffpp_test:35,1,neuraltextures,jpeg40,-1.9724502563476562,0.12212594857672666
f3net_deepfakebench,external,1,official,699,neuraltextures_faces_c23/404_429,ffpp_test:35,1,neuraltextures,jpeg40,-0.6078066825866699,0.35255968547109456
f3net_deepfakebench,external,1,official,0,original_faces_c23/953,ffpp_test:68,0,real,webp50,-5.36639404296875,0.0046492279186774324
f3net_deepfakebench,external,1,official,1,original_faces_c23/974,ffpp_test:68,0,real,webp50,-5.72265625,0.0032603461032026495
f3net_deepfakebench,external,1,official,2,deepfakes_faces_c23/953_974,ffpp_test:68,1,deepfakes,webp50,-1.664022445678711,0.1592227701800876
f3net_deepfakebench,external,1,official,3,deepfakes_faces_c23/974_953,ffpp_test:68,1,deepfakes,webp50,0.8167457580566406,0.6935451185619719
f3net_deepfakebench,external,1,official,4,face2face_faces_c23/953_974,ffpp_test:68,1,face2face,webp50,2.9804153442382812,0.9516814739890642
f3net_deepfakebench,external,1,official,5,face2face_faces_c23/974_953,ffpp_test:68,1,face2face,webp50,2.36993408203125,0.9145057069083754
f3net_deepfakebench,external,1,official,6,faceswap_faces_c23/953_974,ffpp_test:68,1,faceswap,webp50,-1.126251220703125,0.24485358818737113
f3net_deepfakebench,external,1,official,7,faceswap_faces_c23/974_953,ffpp_test:68,1,faceswap,webp50,0.3528861999511719,0.587317299474175
f3net_deepfakebench,external,1,official,8,neuraltextures_faces_c23/953_974,ffpp_test:68,1,neuraltextures,webp50,-3.566925048828125,0.027466831047670823
f3net_deepfakebench,external,1,official,9,neuraltextures_faces_c23/974_953,ffpp_test:68,1,neuraltextures,webp50,-1.1414794921875,0.24204882801729835
f3net_deepfakebench,external,1,official,10,original_faces_c23/012,ffpp_test:1,0,real,webp50,-2.8558120727539062,0.054381660212682634
f3net_deepfakebench,external,1,official,11,original_faces_c23/026,ffpp_test:1,0,real,webp50,-4.00714111328125,0.01786051177795356
f3net_deepfakebench,external,1,official,12,deepfakes_faces_c23/012_026,ffpp_test:1,1,deepfakes,webp50,-1.8631591796875,0.13433524860971993
f3net_deepfakebench,external,1,official,13,deepfakes_faces_c23/026_012,ffpp_test:1,1,deepfakes,webp50,6.03045654296875,0.9976013712355403
f3net_deepfakebench,external,1,official,14,face2face_faces_c23/012_026,ffpp_test:1,1,face2face,webp50,0.8478584289550781,0.7001177061996922
f3net_deepfakebench,external,1,official,15,face2face_faces_c23/026_012,ffpp_test:1,1,face2face,webp50,-1.6652746200561523,0.15905521201578077
f3net_deepfakebench,external,1,official,16,faceswap_faces_c23/012_026,ffpp_test:1,1,faceswap,webp50,1.8576183319091797,0.8650191036480501
f3net_deepfakebench,external,1,official,17,faceswap_faces_c23/026_012,ffpp_test:1,1,faceswap,webp50,3.7137832641601562,0.9761953844812347
f3net_deepfakebench,external,1,official,18,neuraltextures_faces_c23/012_026,ffpp_test:1,1,neuraltextures,webp50,0.094085693359375,0.5235040874849385
f3net_deepfakebench,external,1,official,19,neuraltextures_faces_c23/026_012,ffpp_test:1,1,neuraltextures,webp50,-2.0854148864746094,0.11052252015910338
f3net_deepfakebench,external,1,official,20,original_faces_c23/078,ffpp_test:8,0,real,webp50,-4.577392578125,0.010177033130861128
f3net_deepfakebench,external,1,official,21,original_faces_c23/955,ffpp_test:8,0,real,webp50,-4.50555419921875,0.010926753060136372
f3net_deepfakebench,external,1,official,22,deepfakes_faces_c23/078_955,ffpp_test:8,1,deepfakes,webp50,4.275923728942871,0.9862913358252321
f3net_deepfakebench,external,1,official,23,deepfakes_faces_c23/955_078,ffpp_test:8,1,deepfakes,webp50,-4.24896240234375,0.014078021464291482
f3net_deepfakebench,external,1,official,24,face2face_faces_c23/078_955,ffpp_test:8,1,face2face,webp50,-2.506378173828125,0.07541225418383538
f3net_deepfakebench,external,1,official,25,face2face_faces_c23/955_078,ffpp_test:8,1,face2face,webp50,-0.5459427833557129,0.36680622552166475
f3net_deepfakebench,external,1,official,26,faceswap_faces_c23/078_955,ffpp_test:8,1,faceswap,webp50,4.4691162109375,0.9886723485219436
f3net_deepfakebench,external,1,official,27,faceswap_faces_c23/955_078,ffpp_test:8,1,faceswap,webp50,2.2733631134033203,0.9066468257113837
f3net_deepfakebench,external,1,official,28,neuraltextures_faces_c23/078_955,ffpp_test:8,1,neuraltextures,webp50,-3.237335205078125,0.037784655147767195
f3net_deepfakebench,external,1,official,29,neuraltextures_faces_c23/955_078,ffpp_test:8,1,neuraltextures,webp50,1.6385116577148438,0.8373323166847935
f3net_deepfakebench,external,1,official,30,original_faces_c23/623,ffpp_test:51,0,real,webp50,-1.8240689039230347,0.1389463526832672
f3net_deepfakebench,external,1,official,31,original_faces_c23/630,ffpp_test:51,0,real,webp50,-2.8527889251708984,0.05453733304576936
f3net_deepfakebench,external,1,official,32,deepfakes_faces_c23/623_630,ffpp_test:51,1,deepfakes,webp50,5.03936767578125,0.9935638492542098
f3net_deepfakebench,external,1,official,33,deepfakes_faces_c23/630_623,ffpp_test:51,1,deepfakes,webp50,2.726957321166992,0.9385987178896715
f3net_deepfakebench,external,1,official,34,face2face_faces_c23/623_630,ffpp_test:51,1,face2face,webp50,0.4150204658508301,0.6022910792178894
f3net_deepfakebench,external,1,official,35,face2face_faces_c23/630_623,ffpp_test:51,1,face2face,webp50,3.1307449340820312,0.9581432785253248
f3net_deepfakebench,external,1,official,36,faceswap_faces_c23/623_630,ffpp_test:51,1,faceswap,webp50,1.820547103881836,0.86063176221526
f3net_deepfakebench,external,1,official,37,faceswap_faces_c23/630_623,ffpp_test:51,1,faceswap,webp50,4.876434326171875,0.9924335370018739
f3net_deepfakebench,external,1,official,38,neuraltextures_faces_c23/623_630,ffpp_test:51,1,neuraltextures,webp50,2.748737335205078,0.9398419996372125
f3net_deepfakebench,external,1,official,39,neuraltextures_faces_c23/630_623,ffpp_test:51,1,neuraltextures,webp50,-0.09728527069091797,0.47569784646140106
f3net_deepfakebench,external,1,official,40,original_faces_c23/919,ffpp_test:2,0,real,webp50,-4.850830078125,0.0077611750841992955
f3net_deepfakebench,external,1,official,41,original_faces_c23/015,ffpp_test:2,0,real,webp50,-3.0985107421875,0.04316872718191541
f3net_deepfakebench,external,1,official,42,deepfakes_faces_c23/919_015,ffpp_test:2,1,deepfakes,webp50,2.5035343170166016,0.9243892176177011
f3net_deepfakebench,external,1,official,43,deepfakes_faces_c23/015_919,ffpp_test:2,1,deepfakes,webp50,-2.15985107421875,0.10341425900393679
f3net_deepfakebench,external,1,official,44,face2face_faces_c23/919_015,ffpp_test:2,1,face2face,webp50,0.4278841018676758,0.6053682984718911
f3net_deepfakebench,external,1,official,45,face2face_faces_c23/015_919,ffpp_test:2,1,face2face,webp50,1.2753939628601074,0.7816647070318475
f3net_deepfakebench,external,1,official,46,faceswap_faces_c23/919_015,ffpp_test:2,1,faceswap,webp50,3.755329132080078,0.9771419623241505
f3net_deepfakebench,external,1,official,47,faceswap_faces_c23/015_919,ffpp_test:2,1,faceswap,webp50,3.242828369140625,0.9624145533843199
f3net_deepfakebench,external,1,official,48,neuraltextures_faces_c23/919_015,ffpp_test:2,1,neuraltextures,webp50,-2.1860809326171875,0.10100740807875791
f3net_deepfakebench,external,1,official,49,neuraltextures_faces_c23/015_919,ffpp_test:2,1,neuraltextures,webp50,-0.1202840805053711,0.4699651837720132
f3net_deepfakebench,external,1,official,50,original_faces_c23/367,ffpp_test:30,0,real,webp50,-2.4940338134765625,0.07627749169840307
f3net_deepfakebench,external,1,official,51,original_faces_c23/371,ffpp_test:30,0,real,webp50,-4.353668212890625,0.012696285796226666
f3net_deepfakebench,external,1,official,52,deepfakes_faces_c23/367_371,ffpp_test:30,1,deepfakes,webp50,2.431591033935547,0.9192047735091623
f3net_deepfakebench,external,1,official,53,deepfakes_faces_c23/371_367,ffpp_test:30,1,deepfakes,webp50,6.9661865234375,0.999057645777747
f3net_deepfakebench,external,1,official,54,face2face_faces_c23/367_371,ffpp_test:30,1,face2face,webp50,2.133829116821289,0.8941479715410086
f3net_deepfakebench,external,1,official,55,face2face_faces_c23/371_367,ffpp_test:30,1,face2face,webp50,3.9914886951446533,0.9818628389853229
f3net_deepfakebench,external,1,official,56,faceswap_faces_c23/367_371,ffpp_test:30,1,faceswap,webp50,3.740203857421875,0.9768016817444309
f3net_deepfakebench,external,1,official,57,faceswap_faces_c23/371_367,ffpp_test:30,1,faceswap,webp50,3.22039794921875,0.9615947135904809
f3net_deepfakebench,external,1,official,58,neuraltextures_faces_c23/367_371,ffpp_test:30,1,neuraltextures,webp50,-1.0206546783447266,0.264899896746916
f3net_deepfakebench,external,1,official,59,neuraltextures_faces_c23/371_367,ffpp_test:30,1,neuraltextures,webp50,-1.037942886352539,0.26154711036153655
f3net_deepfakebench,external,1,official,60,original_faces_c23/847,ffpp_test:65,0,real,webp50,-4.81524658203125,0.008040056774136436
f3net_deepfakebench,external,1,official,61,original_faces_c23/906,ffpp_test:65,0,real,webp50,-1.5837416648864746,0.17026622357639415
f3net_deepfakebench,external,1,official,62,deepfakes_faces_c23/847_906,ffpp_test:65,1,deepfakes,webp50,5.75628662109375,0.9968471373607857
f3net_deepfakebench,external,1,official,63,deepfakes_faces_c23/906_847,ffpp_test:65,1,deepfakes,webp50,1.7430763244628906,0.8510773944352142
f3net_deepfakebench,external,1,official,64,face2face_faces_c23/847_906,ffpp_test:65,1,face2face,webp50,-0.7432880401611328,0.3222855587502056
f3net_deepfakebench,external,1,official,65,face2face_faces_c23/906_847,ffpp_test:65,1,face2face,webp50,3.0096588134765625,0.9530085772489055
f3net_deepfakebench,external,1,official,66,faceswap_faces_c23/847_906,ffpp_test:65,1,faceswap,webp50,2.7992172241210938,0.9426335097079066
f3net_deepfakebench,external,1,official,67,faceswap_faces_c23/906_847,ffpp_test:65,1,faceswap,webp50,5.231315612792969,0.9946819461373116
f3net_deepfakebench,external,1,official,68,neuraltextures_faces_c23/847_906,ffpp_test:65,1,neuraltextures,webp50,-2.5454931259155273,0.07272984523879986
f3net_deepfakebench,external,1,official,69,neuraltextures_faces_c23/906_847,ffpp_test:65,1,neuraltextures,webp50,0.6059331893920898,0.647012550400762
f3net_deepfakebench,external,1,official,70,original_faces_c23/529,ffpp_test:46,0,real,webp50,-4.24627685546875,0.014115345084089546
f3net_deepfakebench,external,1,official,71,original_faces_c23/633,ffpp_test:46,0,real,webp50,-4.460235595703125,0.011427541306600288
f3net_deepfakebench,external,1,official,72,deepfakes_faces_c23/529_633,ffpp_test:46,1,deepfakes,webp50,2.1508636474609375,0.8957494538969435
f3net_deepfakebench,external,1,official,73,deepfakes_faces_c23/633_529,ffpp_test:46,1,deepfakes,webp50,3.0759315490722656,0.955888955136384
f3net_deepfakebench,external,1,official,74,face2face_faces_c23/529_633,ffpp_test:46,1,face2face,webp50,1.4207229614257812,0.8054517289331738
f3net_deepfakebench,external,1,official,75,face2face_faces_c23/633_529,ffpp_test:46,1,face2face,webp50,-0.5408163070678711,0.3679977088758843
f3net_deepfakebench,external,1,official,76,faceswap_faces_c23/529_633,ffpp_test:46,1,faceswap,webp50,5.004486083984375,0.9933369069117609
f3net_deepfakebench,external,1,official,77,faceswap_faces_c23/633_529,ffpp_test:46,1,faceswap,webp50,3.1762351989746094,0.9599301061033607
f3net_deepfakebench,external,1,official,78,neuraltextures_faces_c23/529_633,ffpp_test:46,1,neuraltextures,webp50,-2.1854515075683594,0.10106457732003375
f3net_deepfakebench,external,1,official,79,neuraltextures_faces_c23/633_529,ffpp_test:46,1,neuraltextures,webp50,-3.9113693237304688,0.019620413052870447
f3net_deepfakebench,external,1,official,80,original_faces_c23/418,ffpp_test:36,0,real,webp50,-2.7263717651367188,0.061435037054449505
f3net_deepfakebench,external,1,official,81,original_faces_c23/507,ffpp_test:36,0,real,webp50,-3.2082595825195312,0.03885608044734561
f3net_deepfakebench,external,1,official,82,deepfakes_faces_c23/418_507,ffpp_test:36,1,deepfakes,webp50,0.6762847900390625,0.6629089972626022
f3net_deepfakebench,external,1,official,83,deepfakes_faces_c23/507_418,ffpp_test:36,1,deepfakes,webp50,5.162506103515625,0.9943052870836938
f3net_deepfakebench,external,1,official,84,face2face_faces_c23/418_507,ffpp_test:36,1,face2face,webp50,4.378936767578125,0.9876165886001822
f3net_deepfakebench,external,1,official,85,face2face_faces_c23/507_418,ffpp_test:36,1,face2face,webp50,1.2252635955810547,0.7729885177578855
f3net_deepfakebench,external,1,official,86,faceswap_faces_c23/418_507,ffpp_test:36,1,faceswap,webp50,2.7379302978515625,0.9392280681061835
f3net_deepfakebench,external,1,official,87,faceswap_faces_c23/507_418,ffpp_test:36,1,faceswap,webp50,1.2309856414794922,0.7739910380212501
f3net_deepfakebench,external,1,official,88,neuraltextures_faces_c23/418_507,ffpp_test:36,1,neuraltextures,webp50,-1.5983178615570068,0.1682168482360031
f3net_deepfakebench,external,1,official,89,neuraltextures_faces_c23/507_418,ffpp_test:36,1,neuraltextures,webp50,-0.33654212951660156,0.41664967890909915
f3net_deepfakebench,external,1,official,90,original_faces_c23/227,ffpp_test:16,0,real,webp50,-0.7905750274658203,0.3120452132074274
f3net_deepfakebench,external,1,official,91,original_faces_c23/169,ffpp_test:16,0,real,webp50,-1.4133167266845703,0.1957114485096135
f3net_deepfakebench,external,1,official,92,deepfakes_faces_c23/227_169,ffpp_test:16,1,deepfakes,webp50,5.84271240234375,0.9971074278807979
f3net_deepfakebench,external,1,official,93,deepfakes_faces_c23/169_227,ffpp_test:16,1,deepfakes,webp50,2.599639892578125,0.9308384001592626
f3net_deepfakebench,external,1,official,94,face2face_faces_c23/227_169,ffpp_test:16,1,face2face,webp50,-1.3313941955566406,0.20892884243256135
f3net_deepfakebench,external,1,official,95,face2face_faces_c23/169_227,ffpp_test:16,1,face2face,webp50,2.3792495727539062,0.9152312319928461
f3net_deepfakebench,external,1,official,96,faceswap_faces_c23/227_169,ffpp_test:16,1,faceswap,webp50,-0.1889057159423828,0.4529135126959875
f3net_deepfakebench,external,1,official,97,faceswap_faces_c23/169_227,ffpp_test:16,1,faceswap,webp50,2.757648468017578,0.9403438559700552
f3net_deepfakebench,external,1,official,98,neuraltextures_faces_c23/227_169,ffpp_test:16,1,neuraltextures,webp50,-0.8620319366455078,0.2969149907490267
f3net_deepfakebench,external,1,official,99,neuraltextures_faces_c23/169_227,ffpp_test:16,1,neuraltextures,webp50,1.7664871215820312,0.8540202661558718
f3net_deepfakebench,external,1,official,100,original_faces_c23/389,ffpp_test:33,0,real,webp50,-3.7850341796875,0.022203879000776028
f3net_deepfakebench,external,1,official,101,original_faces_c23/480,ffpp_test:33,0,real,webp50,-2.7179183959960938,0.06192427572222039
f3net_deepfakebench,external,1,official,102,deepfakes_faces_c23/389_480,ffpp_test:33,1,deepfakes,webp50,3.9900894165039062,0.981837903536352
f3net_deepfakebench,external,1,official,103,deepfakes_faces_c23/480_389,ffpp_test:33,1,deepfakes,webp50,1.1172752380371094,0.7534829513766629
f3net_deepfakebench,external,1,official,104,face2face_faces_c23/389_480,ffpp_test:33,1,face2face,webp50,1.0342636108398438,0.7377416503666562
f3net_deepfakebench,external,1,official,105,face2face_faces_c23/480_389,ffpp_test:33,1,face2face,webp50,0.8697648048400879,0.7046967564210066
f3net_deepfakebench,external,1,official,106,faceswap_faces_c23/389_480,ffpp_test:33,1,faceswap,webp50,4.027168273925781,0.9824874236847075
f3net_deepfakebench,external,1,official,107,faceswap_faces_c23/480_389,ffpp_test:33,1,faceswap,webp50,2.670034408569336,0.9352351155650341
f3net_deepfakebench,external,1,official,108,neuraltextures_faces_c23/389_480,ffpp_test:33,1,neuraltextures,webp50,-0.9535560607910156,0.2781702320604146
f3net_deepfakebench,external,1,official,109,neuraltextures_faces_c23/480_389,ffpp_test:33,1,neuraltextures,webp50,-0.757171630859375,0.31926065049334046
f3net_deepfakebench,external,1,official,110,original_faces_c23/821,ffpp_test:64,0,real,webp50,-1.5779953002929688,0.17107958378575452
f3net_deepfakebench,external,1,official,111,original_faces_c23/812,ffpp_test:64,0,real,webp50,-1.4267902374267578,0.19359929513098287
f3net_deepfakebench,external,1,official,112,deepfakes_faces_c23/821_812,ffpp_test:64,1,deepfakes,webp50,1.927088737487793,0.8729268368639364
f3net_deepfakebench,external,1,official,113,deepfakes_faces_c23/812_821,ffpp_test:64,1,deepfakes,webp50,4.4514923095703125,0.9884732630995758
f3net_deepfakebench,external,1,official,114,face2face_faces_c23/821_812,ffpp_test:64,1,face2face,webp50,5.037567138671875,0.9935523250732694
f3net_deepfakebench,external,1,official,115,face2face_faces_c23/812_821,ffpp_test:64,1,face2face,webp50,3.354755163192749,0.966260205101815
f3net_deepfakebench,external,1,official,116,faceswap_faces_c23/821_812,ffpp_test:64,1,faceswap,webp50,3.89990234375,0.9801577950881983
f3net_deepfakebench,external,1,official,117,faceswap_faces_c23/812_821,ffpp_test:64,1,faceswap,webp50,4.2812957763671875,0.9863637804369175
f3net_deepfakebench,external,1,official,118,neuraltextures_faces_c23/821_812,ffpp_test:64,1,neuraltextures,webp50,0.43572187423706055,0.6072391682261075
f3net_deepfakebench,external,1,official,119,neuraltextures_faces_c23/812_821,ffpp_test:64,1,neuraltextures,webp50,0.18139076232910156,0.5452237602197987
f3net_deepfakebench,external,1,official,120,original_faces_c23/670,ffpp_test:54,0,real,webp50,-4.38671875,0.012288597529701977
f3net_deepfakebench,external,1,official,121,original_faces_c23/661,ffpp_test:54,0,real,webp50,-3.3401622772216797,0.03421879437073755
f3net_deepfakebench,external,1,official,122,deepfakes_faces_c23/670_661,ffpp_test:54,1,deepfakes,webp50,4.427371978759766,0.9881951761802594
f3net_deepfakebench,external,1,official,123,deepfakes_faces_c23/661_670,ffpp_test:54,1,deepfakes,webp50,5.54315185546875,0.9961010905201951
f3net_deepfakebench,external,1,official,124,face2face_faces_c23/670_661,ffpp_test:54,1,face2face,webp50,1.8089609146118164,0.8592362445001028
f3net_deepfakebench,external,1,official,125,face2face_faces_c23/661_670,ffpp_test:54,1,face2face,webp50,3.7452831268310547,0.9769165004677437
f3net_deepfakebench,external,1,official,126,faceswap_faces_c23/670_661,ffpp_test:54,1,faceswap,webp50,5.454345703125,0.9957405458240371
f3net_deepfakebench,external,1,official,127,faceswap_faces_c23/661_670,ffpp_test:54,1,faceswap,webp50,4.8451690673828125,0.9921951081128564
f3net_deepfakebench,external,1,official,128,neuraltextures_faces_c23/670_661,ffpp_test:54,1,neuraltextures,webp50,0.5650501251220703,0.6376202346461584
f3net_deepfakebench,external,1,official,129,neuraltextures_faces_c23/661_670,ffpp_test:54,1,neuraltextures,webp50,-1.3018536567687988,0.21385321485316502
f3net_deepfakebench,external,1,official,130,original_faces_c23/158,ffpp_test:15,0,real,webp50,-1.7866554260253906,0.14348326772567377
f3net_deepfakebench,external,1,official,131,original_faces_c23/379,ffpp_test:15,0,real,webp50,-3.4758777618408203,0.030006429672244882
f3net_deepfakebench,external,1,official,132,deepfakes_faces_c23/158_379,ffpp_test:15,1,deepfakes,webp50,-1.5191731452941895,0.17958331023756344
f3net_deepfakebench,external,1,official,133,deepfakes_faces_c23/379_158,ffpp_test:15,1,deepfakes,webp50,2.4044418334960938,0.9171653890015645
f3net_deepfakebench,external,1,official,134,face2face_faces_c23/158_379,ffpp_test:15,1,face2face,webp50,-0.462066650390625,0.3864956715982169
f3net_deepfakebench,external,1,official,135,face2face_faces_c23/379_158,ffpp_test:15,1,face2face,webp50,2.490753173828125,0.9234910353800387
f3net_deepfakebench,external,1,official,136,faceswap_faces_c23/158_379,ffpp_test:15,1,faceswap,webp50,-1.1487503051757812,0.240717418936035
f3net_deepfakebench,external,1,official,137,faceswap_faces_c23/379_158,ffpp_test:15,1,faceswap,webp50,0.5830631256103516,0.641771926518446
f3net_deepfakebench,external,1,official,138,neuraltextures_faces_c23/158_379,ffpp_test:15,1,neuraltextures,webp50,0.6602859497070312,0.6593246201609879
f3net_deepfakebench,external,1,official,139,neuraltextures_faces_c23/379_158,ffpp_test:15,1,neuraltextures,webp50,-0.9245834350585938,0.2840249090262666
f3net_deepfakebench,external,1,official,140,original_faces_c23/423,ffpp_test:37,0,real,webp50,-3.1490325927734375,0.04112941366680283
f3net_deepfakebench,external,1,official,141,original_faces_c23/421,ffpp_test:37,0,real,webp50,-5.2969970703125,0.004981664609917448
f3net_deepfakebench,external,1,official,142,deepfakes_faces_c23/423_421,ffpp_test:37,1,deepfakes,webp50,4.0330810546875,0.9825888686144111
f3net_deepfakebench,external,1,official,143,deepfakes_faces_c23/421_423,ffpp_test:37,1,deepfakes,webp50,-0.4936528205871582,0.3790334347948619
f3net_deepfakebench,external,1,official,144,face2face_faces_c23/423_421,ffpp_test:37,1,face2face,webp50,-0.7783298492431641,0.3146799533665629
f3net_deepfakebench,external,1,official,145,face2face_faces_c23/421_423,ffpp_test:37,1,face2face,webp50,1.5909881591796875,0.8307550847211309
f3net_deepfakebench,external,1,official,146,faceswap_faces_c23/423_421,ffpp_test:37,1,faceswap,webp50,-1.665283203125,0.1590540639765913
f3net_deepfakebench,external,1,official,147,faceswap_faces_c23/421_423,ffpp_test:37,1,faceswap,webp50,-1.3794097900390625,0.201103806784025
f3net_deepfakebench,external,1,official,148,neuraltextures_faces_c23/423_421,ffpp_test:37,1,neuraltextures,webp50,-3.0839920043945312,0.04377241983402113
f3net_deepfakebench,external,1,official,149,neuraltextures_faces_c23/421_423,ffpp_test:37,1,neuraltextures,webp50,-3.19866943359375,0.03921582507819766
f3net_deepfakebench,external,1,official,150,original_faces_c23/352,ffpp_test:28,0,real,webp50,-3.9714736938476562,0.018497051190203243
f3net_deepfakebench,external,1,official,151,original_faces_c23/319,ffpp_test:28,0,real,webp50,-6.03424072265625,0.002389590723719895
f3net_deepfakebench,external,1,official,152,deepfakes_faces_c23/352_319,ffpp_test:28,1,deepfakes,webp50,-3.3787460327148438,0.032966347329329425
f3net_deepfakebench,external,1,official,153,deepfakes_faces_c23/319_352,ffpp_test:28,1,deepfakes,webp50,0.24622201919555664,0.5612463936684932
f3net_deepfakebench,external,1,official,154,face2face_faces_c23/352_319,ffpp_test:28,1,face2face,webp50,-0.958892822265625,0.27709992505627384
f3net_deepfakebench,external,1,official,155,face2face_faces_c23/319_352,ffpp_test:28,1,face2face,webp50,-3.694000244140625,0.02426868917264347
f3net_deepfakebench,external,1,official,156,faceswap_faces_c23/352_319,ffpp_test:28,1,faceswap,webp50,-0.21218490600585938,0.4471519040352042
f3net_deepfakebench,external,1,official,157,faceswap_faces_c23/319_352,ffpp_test:28,1,faceswap,webp50,-0.45603179931640625,0.38792761248434043
f3net_deepfakebench,external,1,official,158,neuraltextures_faces_c23/352_319,ffpp_test:28,1,neuraltextures,webp50,0.274993896484375,0.5683184860876099
f3net_deepfakebench,external,1,official,159,neuraltextures_faces_c23/319_352,ffpp_test:28,1,neuraltextures,webp50,-4.46197509765625,0.011407906927152192
f3net_deepfakebench,external,1,official,160,original_faces_c23/579,ffpp_test:48,0,real,webp50,-3.8725509643554688,0.02038119290670609
f3net_deepfakebench,external,1,official,161,original_faces_c23/701,ffpp_test:48,0,real,webp50,-3.381988525390625,0.032863134457112066
f3net_deepfakebench,external,1,official,162,deepfakes_faces_c23/579_701,ffpp_test:48,1,deepfakes,webp50,1.6850624084472656,0.8435737143547294
f3net_deepfakebench,external,1,official,163,deepfakes_faces_c23/701_579,ffpp_test:48,1,deepfakes,webp50,-0.054836273193359375,0.48629436595226866
f3net_deepfakebench,external,1,official,164,face2face_faces_c23/579_701,ffpp_test:48,1,face2face,webp50,2.309575319290161,0.9096669640890419
f3net_deepfakebench,external,1,official,165,face2face_faces_c23/701_579,ffpp_test:48,1,face2face,webp50,1.145127296447754,0.7586197726388737
f3net_deepfakebench,external,1,official,166,faceswap_faces_c23/579_701,ffpp_test:48,1,faceswap,webp50,1.21435546875,0.7710686916404875
f3net_deepfakebench,external,1,official,167,faceswap_faces_c23/701_579,ffpp_test:48,1,faceswap,webp50,2.121042251586914,0.8929316145273632
f3net_deepfakebench,external,1,official,168,neuraltextures_faces_c23/579_701,ffpp_test:48,1,neuraltextures,webp50,-0.7660970687866211,0.31732399275595213
f3net_deepfakebench,external,1,official,169,neuraltextures_faces_c23/701_579,ffpp_test:48,1,neuraltextures,webp50,-0.3502922058105469,0.413311563728717
f3net_deepfakebench,external,1,official,170,original_faces_c23/488,ffpp_test:34,0,real,webp50,-4.42041015625,0.011886313382799768
f3net_deepfakebench,external,1,official,171,original_faces_c23/399,ffpp_test:34,0,real,webp50,2.0316925048828125,0.884084636908035
f3net_deepfakebench,external,1,official,172,deepfakes_faces_c23/488_399,ffpp_test:34,1,deepfakes,webp50,5.4405517578125,0.9956816395288643
f3net_deepfakebench,external,1,official,173,deepfakes_faces_c23/399_488,ffpp_test:34,1,deepfakes,webp50,4.3822021484375,0.9876564608900134
f3net_deepfakebench,external,1,official,174,face2face_faces_c23/488_399,ffpp_test:34,1,face2face,webp50,4.566986083984375,0.9897176013218176
f3net_deepfakebench,external,1,official,175,face2face_faces_c23/399_488,ffpp_test:34,1,face2face,webp50,4.99237060546875,0.9932562370612303
f3net_deepfakebench,external,1,official,176,faceswap_faces_c23/488_399,ffpp_test:34,1,faceswap,webp50,2.0740966796875,0.8883599030165047
f3net_deepfakebench,external,1,official,177,faceswap_faces_c23/399_488,ffpp_test:34,1,faceswap,webp50,6.1058349609375,0.9977751422485985
f3net_deepfakebench,external,1,official,178,neuraltextures_faces_c23/488_399,ffpp_test:34,1,neuraltextures,webp50,-1.4795379638671875,0.18549721726435558
f3net_deepfakebench,external,1,official,179,neuraltextures_faces_c23/399_488,ffpp_test:34,1,neuraltextures,webp50,4.361114501953125,0.9873967162110453
f3net_deepfakebench,external,1,official,180,original_faces_c23/695,ffpp_test:38,0,real,webp50,-4.3892822265625,0.012257521976410134
f3net_deepfakebench,external,1,official,181,original_faces_c23/422,ffpp_test:38,0,real,webp50,-1.4935150146484375,0.18339472901160786
f3net_deepfakebench,external,1,official,182,deepfakes_faces_c23/695_422,ffpp_test:38,1,deepfakes,webp50,-0.18819689750671387,0.45308915161185187
f3net_deepfakebench,external,1,official,183,deepfakes_faces_c23/422_695,ffpp_test:38,1,deepfakes,webp50,4.9010009765625,0.992615799107014
f3net_deepfakebench,external,1,official,184,face2face_faces_c23/695_422,ffpp_test:38,1,face2face,webp50,-1.0523185729980469,0.25878011977407694
f3net_deepfakebench,external,1,official,185,face2face_faces_c23/422_695,ffpp_test:38,1,face2face,webp50,5.03082275390625,0.9935089757207707
f3net_deepfakebench,external,1,official,186,faceswap_faces_c23/695_422,ffpp_test:38,1,faceswap,webp50,1.7072138786315918,0.8464745621915899
f3net_deepfakebench,external,1,official,187,faceswap_faces_c23/422_695,ffpp_test:38,1,faceswap,webp50,3.4531211853027344,0.9693240848598743
f3net_deepfakebench,external,1,official,188,neuraltextures_faces_c23/695_422,ffpp_test:38,1,neuraltextures,webp50,-1.880218505859375,0.13236377752494216
f3net_deepfakebench,external,1,official,189,neuraltextures_faces_c23/422_695,ffpp_test:38,1,neuraltextures,webp50,0.023140788078308105,0.505784938870877
f3net_deepfakebench,external,1,official,190,original_faces_c23/288,ffpp_test:25,0,real,webp50,-1.8701456785202026,0.133524867214648
f3net_deepfakebench,external,1,official,191,original_faces_c23/321,ffpp_test:25,0,real,webp50,-2.7611083984375,0.05946234676986627
f3net_deepfakebench,external,1,official,192,deepfakes_faces_c23/288_321,ffpp_test:25,1,deepfakes,webp50,6.83392333984375,0.9989245320250016
f3net_deepfakebench,external,1,official,193,deepfakes_faces_c23/321_288,ffpp_test:25,1,deepfakes,webp50,5.9261474609375,0.9973383595874301
f3net_deepfakebench,external,1,official,194,face2face_faces_c23/288_321,ffpp_test:25,1,face2face,webp50,4.83648681640625,0.9921275848464192
f3net_deepfakebench,external,1,official,195,face2face_faces_c23/321_288,ffpp_test:25,1,face2face,webp50,2.3147430419921875,0.9100907132165885
f3net_deepfakebench,external,1,official,196,faceswap_faces_c23/288_321,ffpp_test:25,1,faceswap,webp50,3.7695159912109375,0.9774566978249513
f3net_deepfakebench,external,1,official,197,faceswap_faces_c23/321_288,ffpp_test:25,1,faceswap,webp50,4.03948974609375,0.9826981699863923
f3net_deepfakebench,external,1,official,198,neuraltextures_faces_c23/288_321,ffpp_test:25,1,neuraltextures,webp50,0.36766815185546875,0.5908954017733906
f3net_deepfakebench,external,1,official,199,neuraltextures_faces_c23/321_288,ffpp_test:25,1,neuraltextures,webp50,-0.7767037153244019,0.315030745319689
f3net_deepfakebench,external,1,official,200,original_faces_c23/705,ffpp_test:57,0,real,webp50,1.271557331085205,0.7810092207544492
f3net_deepfakebench,external,1,official,201,original_faces_c23/707,ffpp_test:57,0,real,webp50,-5.73486328125,0.0032209162962221435
f3net_deepfakebench,external,1,official,202,deepfakes_faces_c23/705_707,ffpp_test:57,1,deepfakes,webp50,1.3008956909179688,0.7859856877638635
f3net_deepfakebench,external,1,official,203,deepfakes_faces_c23/707_705,ffpp_test:57,1,deepfakes,webp50,4.151924133300781,0.984509614660759
f3net_deepfakebench,external,1,official,204,face2face_faces_c23/705_707,ffpp_test:57,1,face2face,webp50,5.3382568359375,0.9952187323572326
f3net_deepfakebench,external,1,official,205,face2face_faces_c23/707_705,ffpp_test:57,1,face2face,webp50,1.6292266845703125,0.8360636747743927
f3net_deepfakebench,external,1,official,206,faceswap_faces_c23/705_707,ffpp_test:57,1,faceswap,webp50,5.2364654541015625,0.9947091183423683
f3net_deepfakebench,external,1,official,207,faceswap_faces_c23/707_705,ffpp_test:57,1,faceswap,webp50,5.72857666015625,0.9967588370779699
f3net_deepfakebench,external,1,official,208,neuraltextures_faces_c23/705_707,ffpp_test:57,1,neuraltextures,webp50,3.72613525390625,0.9764807374102678
f3net_deepfakebench,external,1,official,209,neuraltextures_faces_c23/707_705,ffpp_test:57,1,neuraltextures,webp50,-3.3720703125,0.03317983120522411
f3net_deepfakebench,external,1,official,210,original_faces_c23/306,ffpp_test:24,0,real,webp50,-0.3416118621826172,0.4154179896802323
f3net_deepfakebench,external,1,official,211,original_faces_c23/278,ffpp_test:24,0,real,webp50,-0.7275872230529785,0.3257244178593112
f3net_deepfakebench,external,1,official,212,deepfakes_faces_c23/306_278,ffpp_test:24,1,deepfakes,webp50,4.935123443603516,0.9928617476051589
f3net_deepfakebench,external,1,official,213,deepfakes_faces_c23/278_306,ffpp_test:24,1,deepfakes,webp50,3.5601377487182617,0.9723512811914854
f3net_deepfakebench,external,1,official,214,face2face_faces_c23/306_278,ffpp_test:24,1,face2face,webp50,3.696086883544922,0.9757806728453957
f3net_deepfakebench,external,1,official,215,face2face_faces_c23/278_306,ffpp_test:24,1,face2face,webp50,6.36932373046875,0.998289612937792
f3net_deepfakebench,external,1,official,216,faceswap_faces_c23/306_278,ffpp_test:24,1,faceswap,webp50,4.099220275878906,0.9836849916878824
f3net_deepfakebench,external,1,official,217,faceswap_faces_c23/278_306,ffpp_test:24,1,faceswap,webp50,2.848125457763672,0.9452217043876334
f3net_deepfakebench,external,1,official,218,neuraltextures_faces_c23/306_278,ffpp_test:24,1,neuraltextures,webp50,0.8572268486022949,0.7020809381074681
f3net_deepfakebench,external,1,official,219,neuraltextures_faces_c23/278_306,ffpp_test:24,1,neuraltextures,webp50,3.788055419921875,0.9778616201431454
f3net_deepfakebench,external,1,official,220,original_faces_c23/865,ffpp_test:61,0,real,webp50,-5.22283935546875,0.005363079859492959
f3net_deepfakebench,external,1,official,221,original_faces_c23/739,ffpp_test:61,0,real,webp50,-4.144622802734375,0.015602128596661668
f3net_deepfakebench,external,1,official,222,deepfakes_faces_c23/865_739,ffpp_test:61,1,deepfakes,webp50,4.2283935546875,0.9856336144200429
f3net_deepfakebench,external,1,official,223,deepfakes_faces_c23/739_865,ffpp_test:61,1,deepfakes,webp50,6.052734375,0.9976540926874871
f3net_deepfakebench,external,1,official,224,face2face_faces_c23/865_739,ffpp_test:61,1,face2face,webp50,-3.951690673828125,0.01885965230490493
f3net_deepfakebench,external,1,official,225,face2face_faces_c23/739_865,ffpp_test:61,1,face2face,webp50,3.62774658203125,0.9741119958678733
f3net_deepfakebench,external,1,official,226,faceswap_faces_c23/865_739,ffpp_test:61,1,faceswap,webp50,4.40594482421875,0.9879425857610546
f3net_deepfakebench,external,1,official,227,faceswap_faces_c23/739_865,ffpp_test:61,1,faceswap,webp50,6.1796875,0.9979332055218498
f3net_deepfakebench,external,1,official,228,neuraltextures_faces_c23/865_739,ffpp_test:61,1,neuraltextures,webp50,-3.7049102783203125,0.024011679113619594
f3net_deepfakebench,external,1,official,229,neuraltextures_faces_c23/739_865,ffpp_test:61,1,neuraltextures,webp50,-1.4904632568359375,0.18385220528553312
f3net_deepfakebench,external,1,official,230,original_faces_c23/995,ffpp_test:21,0,real,webp50,-2.99273681640625,0.04775508025020794
f3net_deepfakebench,external,1,official,231,original_faces_c23/233,ffpp_test:21,0,real,webp50,-6.4473876953125,0.0015821492089292404
f3net_deepfakebench,external,1,official,232,deepfakes_faces_c23/995_233,ffpp_test:21,1,deepfakes,webp50,-2.037628173828125,0.11530846710630432
f3net_deepfakebench,external,1,official,233,deepfakes_faces_c23/233_995,ffpp_test:21,1,deepfakes,webp50,3.672821044921875,0.9752247079264471
f3net_deepfakebench,external,1,official,234,face2face_faces_c23/995_233,ffpp_test:21,1,face2face,webp50,5.183727264404297,0.9944241955255829
f3net_deepfakebench,external,1,official,235,face2face_faces_c23/233_995,ffpp_test:21,1,face2face,webp50,-6.10076904296875,0.0022361320281059733
f3net_deepfakebench,external,1,official,236,faceswap_faces_c23/995_233,ffpp_test:21,1,faceswap,webp50,-0.8881149291992188,0.2914989930008288
f3net_deepfakebench,external,1,official,237,faceswap_faces_c23/233_995,ffpp_test:21,1,faceswap,webp50,0.670440673828125,0.6616018264215883
f3net_deepfakebench,external,1,official,238,neuraltextures_faces_c23/995_233,ffpp_test:21,1,neuraltextures,webp50,0.15852141380310059,0.5395475720759447
f3net_deepfakebench,external,1,official,239,neuraltextures_faces_c23/233_995,ffpp_test:21,1,neuraltextures,webp50,-6.27313232421875,0.001882759313669616
f3net_deepfakebench,external,1,official,240,original_faces_c23/755,ffpp_test:62,0,real,webp50,-4.4802398681640625,0.011203748696835226
f3net_deepfakebench,external,1,official,241,original_faces_c23/759,ffpp_test:62,0,real,webp50,-1.6338119506835938,0.16330883115099984
f3net_deepfakebench,external,1,official,242,deepfakes_faces_c23/755_759,ffpp_test:62,1,deepfakes,webp50,7.8040771484375,0.9995920986218624
f3net_deepfakebench,external,1,official,243,deepfakes_faces_c23/759_755,ffpp_test:62,1,deepfakes,webp50,-2.4831809997558594,0.07704569777924328
f3net_deepfakebench,external,1,official,244,face2face_faces_c23/755_759,ffpp_test:62,1,face2face,webp50,-1.4319953918457031,0.19278796945348442
f3net_deepfakebench,external,1,official,245,face2face_faces_c23/759_755,ffpp_test:62,1,face2face,webp50,4.095829010009766,0.9836304764731794
f3net_deepfakebench,external,1,official,246,faceswap_faces_c23/755_759,ffpp_test:62,1,faceswap,webp50,0.08216094970703125,0.5205286906159826
f3net_deepfakebench,external,1,official,247,faceswap_faces_c23/759_755,ffpp_test:62,1,faceswap,webp50,-3.002105712890625,0.0473308347087548
f3net_deepfakebench,external,1,official,248,neuraltextures_faces_c23/755_759,ffpp_test:62,1,neuraltextures,webp50,-2.332855224609375,0.08843821326466716
f3net_deepfakebench,external,1,official,249,neuraltextures_faces_c23/759_755,ffpp_test:62,1,neuraltextures,webp50,2.563783884048462,0.9284940881415096
f3net_deepfakebench,external,1,official,250,original_faces_c23/467,ffpp_test:43,0,real,webp50,-3.040822982788086,0.045615329180914016
f3net_deepfakebench,external,1,official,251,original_faces_c23/462,ffpp_test:43,0,real,webp50,-3.894287109375,0.019951707705136067
f3net_deepfakebench,external,1,official,252,deepfakes_faces_c23/467_462,ffpp_test:43,1,deepfakes,webp50,-2.818817138671875,0.0563157629265791
f3net_deepfakebench,external,1,official,253,deepfakes_faces_c23/462_467,ffpp_test:43,1,deepfakes,webp50,2.7665634155273438,0.940842001512089
f3net_deepfakebench,external,1,official,254,face2face_faces_c23/467_462,ffpp_test:43,1,face2face,webp50,2.7624130249023438,0.9406105746004257
f3net_deepfakebench,external,1,official,255,face2face_faces_c23/462_467,ffpp_test:43,1,face2face,webp50,0.038661956787109375,0.5096642854217077
f3net_deepfakebench,external,1,official,256,faceswap_faces_c23/467_462,ffpp_test:43,1,faceswap,webp50,3.56768798828125,0.9725535415538114
f3net_deepfakebench,external,1,official,257,faceswap_faces_c23/462_467,ffpp_test:43,1,faceswap,webp50,3.639923095703125,0.9744172946698949
f3net_deepfakebench,external,1,official,258,neuraltextures_faces_c23/467_462,ffpp_test:43,1,neuraltextures,webp50,1.4757170677185059,0.8139247973279099
f3net_deepfakebench,external,1,official,259,neuraltextures_faces_c23/462_467,ffpp_test:43,1,neuraltextures,webp50,-2.145817756652832,0.10472268516091982
f3net_deepfakebench,external,1,official,260,original_faces_c23/314,ffpp_test:27,0,real,webp50,-2.62701416015625,0.06741994144877743
f3net_deepfakebench,external,1,official,261,original_faces_c23/347,ffpp_test:27,0,real,webp50,-5.3671875,0.004645557549716042
f3net_deepfakebench,external,1,official,262,deepfakes_faces_c23/314_347,ffpp_test:27,1,deepfakes,webp50,4.95465087890625,0.9929988207609652
f3net_deepfakebench,external,1,official,263,deepfakes_faces_c23/347_314,ffpp_test:27,1,deepfakes,webp50,1.540863037109375,0.8235901503969957
f3net_deepfakebench,external,1,official,264,face2face_faces_c23/314_347,ffpp_test:27,1,face2face,webp50,-0.6987686157226562,0.3320852980974706
f3net_deepfakebench,external,1,official,265,face2face_faces_c23/347_314,ffpp_test:27,1,face2face,webp50,-1.4919414520263672,0.18363050489903396
f3net_deepfakebench,external,1,official,266,faceswap_faces_c23/314_347,ffpp_test:27,1,faceswap,webp50,0.9597015380859375,0.7230620440975518
f3net_deepfakebench,external,1,official,267,faceswap_faces_c23/347_314,ffpp_test:27,1,faceswap,webp50,3.6325149536132812,0.9742319723189136
f3net_deepfakebench,external,1,official,268,neuraltextures_faces_c23/314_347,ffpp_test:27,1,neuraltextures,webp50,-1.4774322509765625,0.1858155759290482
f3net_deepfakebench,external,1,official,269,neuraltextures_faces_c23/347_314,ffpp_test:27,1,neuraltextures,webp50,-4.4509124755859375,0.011533345325722569
f3net_deepfakebench,external,1,official,270,original_faces_c23/741,ffpp_test:60,0,real,webp50,-3.4752540588378906,0.030024588521628984
f3net_deepfakebench,external,1,official,271,original_faces_c23/731,ffpp_test:60,0,real,webp50,-3.5434913635253906,0.028099780934477663
f3net_deepfakebench,external,1,official,272,deepfakes_faces_c23/741_731,ffpp_test:60,1,deepfakes,webp50,1.4140853881835938,0.804409517027431
f3net_deepfakebench,external,1,official,273,deepfakes_faces_c23/731_741,ffpp_test:60,1,deepfakes,webp50,5.930419921875,0.9973496770094622
f3net_deepfakebench,external,1,official,274,face2face_faces_c23/741_731,ffpp_test:60,1,face2face,webp50,1.4759979248046875,0.8139673297264371
f3net_deepfakebench,external,1,official,275,face2face_faces_c23/731_741,ffpp_test:60,1,face2face,webp50,3.4613876342773438,0.9695689355934649
f3net_deepfakebench,external,1,official,276,faceswap_faces_c23/741_731,ffpp_test:60,1,faceswap,webp50,2.6330718994140625,0.9329599392127468
f3net_deepfakebench,external,1,official,277,faceswap_faces_c23/731_741,ffpp_test:60,1,faceswap,webp50,3.3543624877929688,0.9662474009816081
f3net_deepfakebench,external,1,official,278,neuraltextures_faces_c23/741_731,ffpp_test:60,1,neuraltextures,webp50,-0.25197577476501465,0.4373372534965974
f3net_deepfakebench,external,1,official,279,neuraltextures_faces_c23/731_741,ffpp_test:60,1,neuraltextures,webp50,0.8465209007263184,0.699836813121499
f3net_deepfakebench,external,1,official,280,original_faces_c23/970,ffpp_test:69,0,real,webp50,-5.9114990234375,0.0027008101717326096
f3net_deepfakebench,external,1,official,281,original_faces_c23/973,ffpp_test:69,0,real,webp50,-3.527191162109375,0.02854838316863332
f3net_deepfakebench,external,1,official,282,deepfakes_faces_c23/970_973,ffpp_test:69,1,deepfakes,webp50,2.6694679260253906,0.9352007950331362
f3net_deepfakebench,external,1,official,283,deepfakes_faces_c23/973_970,ffpp_test:69,1,deepfakes,webp50,6.0802001953125,0.9977175030941318
f3net_deepfakebench,external,1,official,284,face2face_faces_c23/970_973,ffpp_test:69,1,face2face,webp50,0.4181060791015625,0.6030299625241619
f3net_deepfakebench,external,1,official,285,face2face_faces_c23/973_970,ffpp_test:69,1,face2face,webp50,2.1701107025146484,0.8975331480259849
f3net_deepfakebench,external,1,official,286,faceswap_faces_c23/970_973,ffpp_test:69,1,faceswap,webp50,1.8367958068847656,0.8625693122617616
f3net_deepfakebench,external,1,official,287,faceswap_faces_c23/973_970,ffpp_test:69,1,faceswap,webp50,3.2745590209960938,0.9635456481670046
f3net_deepfakebench,external,1,official,288,neuraltextures_faces_c23/970_973,ffpp_test:69,1,neuraltextures,webp50,-0.9714279174804688,0.27459597947650555
f3net_deepfakebench,external,1,official,289,neuraltextures_faces_c23/973_970,ffpp_test:69,1,neuraltextures,webp50,0.152740478515625,0.5381110552786416
f3net_deepfakebench,external,1,official,290,original_faces_c23/634,ffpp_test:53,0,real,webp50,-5.894775390625,0.0027462322416650538
f3net_deepfakebench,external,1,official,291,original_faces_c23/660,ffpp_test:53,0,real,webp50,-2.167938232421875,0.10266682101220177
f3net_deepfakebench,external,1,official,292,deepfakes_faces_c23/634_660,ffpp_test:53,1,deepfakes,webp50,-0.829193115234375,0.30381570874288116
f3net_deepfakebench,external,1,official,293,deepfakes_faces_c23/660_634,ffpp_test:53,1,deepfakes,webp50,5.9912109375,0.9975056034686123
f3net_deepfakebench,external,1,official,294,face2face_faces_c23/634_660,ffpp_test:53,1,face2face,webp50,-1.6718978881835938,0.15817130509099667
f3net_deepfakebench,external,1,official,295,face2face_faces_c23/660_634,ffpp_test:53,1,face2face,webp50,5.06671142578125,0.9937363660467947
f3net_deepfakebench,external,1,official,296,faceswap_faces_c23/634_660,ffpp_test:53,1,faceswap,webp50,2.9242451190948486,0.9490320283528342
f3net_deepfakebench,external,1,official,297,faceswap_faces_c23/660_634,ffpp_test:53,1,faceswap,webp50,5.0504150390625,0.9936341103047356
f3net_deepfakebench,external,1,official,298,neuraltextures_faces_c23/634_660,ffpp_test:53,1,neuraltextures,webp50,-2.3869476318359375,0.08417343521090145
f3net_deepfakebench,external,1,official,299,neuraltextures_faces_c23/660_634,ffpp_test:53,1,neuraltextures,webp50,0.3361968994140625,0.5832664095603567
f3net_deepfakebench,external,1,official,300,original_faces_c23/494,ffpp_test:40,0,real,webp50,-3.86737060546875,0.020484880305132912
f3net_deepfakebench,external,1,official,301,original_faces_c23/445,ffpp_test:40,0,real,webp50,-0.7085037231445312,0.3299295469371041
f3net_deepfakebench,external,1,official,302,deepfakes_faces_c23/494_445,ffpp_test:40,1,deepfakes,webp50,2.2579727172851562,0.9053360301547724
f3net_deepfakebench,external,1,official,303,deepfakes_faces_c23/445_494,ffpp_test:40,1,deepfakes,webp50,3.83990478515625,0.9789566915967741
f3net_deepfakebench,external,1,official,304,face2face_faces_c23/494_445,ffpp_test:40,1,face2face,webp50,0.18379974365234375,0.5458210133742408
f3net_deepfakebench,external,1,official,305,face2face_faces_c23/445_494,ffpp_test:40,1,face2face,webp50,2.6262311935424805,0.9325308132457304
f3net_deepfakebench,external,1,official,306,faceswap_faces_c23/494_445,ffpp_test:40,1,faceswap,webp50,1.8213672637939453,0.8607301069826755
f3net_deepfakebench,external,1,official,307,faceswap_faces_c23/445_494,ffpp_test:40,1,faceswap,webp50,3.4606399536132812,0.9695468675176617
f3net_deepfakebench,external,1,official,308,neuraltextures_faces_c23/494_445,ffpp_test:40,1,neuraltextures,webp50,-3.765106201171875,0.022640677210805447
f3net_deepfakebench,external,1,official,309,neuraltextures_faces_c23/445_494,ffpp_test:40,1,neuraltextures,webp50,1.580291748046875,0.8292458326470881
f3net_deepfakebench,external,1,official,310,original_faces_c23/706,ffpp_test:44,0,real,webp50,-3.825592041015625,0.02134018800745991
f3net_deepfakebench,external,1,official,311,original_faces_c23/479,ffpp_test:44,0,real,webp50,-3.6361083984375,0.025677971275715493
f3net_deepfakebench,external,1,official,312,deepfakes_faces_c23/706_479,ffpp_test:44,1,deepfakes,webp50,0.18949317932128906,0.547232046631189
f3net_deepfakebench,external,1,official,313,deepfakes_faces_c23/479_706,ffpp_test:44,1,deepfakes,webp50,7.0828857421875,0.9991613564037547
f3net_deepfakebench,external,1,official,314,face2face_faces_c23/706_479,ffpp_test:44,1,face2face,webp50,-0.6460380554199219,0.34388290705003727
f3net_deepfakebench,external,1,official,315,face2face_faces_c23/479_706,ffpp_test:44,1,face2face,webp50,3.1419906616210938,0.9585919690118724
f3net_deepfakebench,external,1,official,316,faceswap_faces_c23/706_479,ffpp_test:44,1,faceswap,webp50,2.3018341064453125,0.9090288250162202
f3net_deepfakebench,external,1,official,317,faceswap_faces_c23/479_706,ffpp_test:44,1,faceswap,webp50,1.5923233032226562,0.8309427245167512
f3net_deepfakebench,external,1,official,318,neuraltextures_faces_c23/706_479,ffpp_test:44,1,neuraltextures,webp50,-1.0741767883300781,0.25460958633990044
f3net_deepfakebench,external,1,official,319,neuraltextures_faces_c23/479_706,ffpp_test:44,1,neuraltextures,webp50,-0.461639404296875,0.3865969837223832
f3net_deepfakebench,external,1,official,320,original_faces_c23/186,ffpp_test:17,0,real,webp50,-5.7069091796875,0.003311921984222956
f3net_deepfakebench,external,1,official,321,original_faces_c23/170,ffpp_test:17,0,real,webp50,-3.622335433959961,0.02602481211086385
f3net_deepfakebench,external,1,official,322,deepfakes_faces_c23/186_170,ffpp_test:17,1,deepfakes,webp50,-2.169891357421875,0.10248702633013264
f3net_deepfakebench,external,1,official,323,deepfakes_faces_c23/170_186,ffpp_test:17,1,deepfakes,webp50,3.966033935546875,0.9814039313776631
f3net_deepfakebench,external,1,official,324,face2face_faces_c23/186_170,ffpp_test:17,1,face2face,webp50,-2.208808660507202,0.0989622526598796
f3net_deepfakebench,external,1,official,325,face2face_faces_c23/170_186,ffpp_test:17,1,face2face,webp50,3.10345458984375,0.9570350187996877
f3net_deepfakebench,external,1,official,326,faceswap_faces_c23/186_170,ffpp_test:17,1,faceswap,webp50,0.6446912288665771,0.655813148042394
f3net_deepfakebench,external,1,official,327,faceswap_faces_c23/170_186,ffpp_test:17,1,faceswap,webp50,0.3615570068359375,0.5894172891857362
f3net_deepfakebench,external,1,official,328,neuraltextures_faces_c23/186_170,ffpp_test:17,1,neuraltextures,webp50,-4.618865966796875,0.009767628149303471
f3net_deepfakebench,external,1,official,329,neuraltextures_faces_c23/170_186,ffpp_test:17,1,neuraltextures,webp50,-0.6995401382446289,0.3319141929874416
f3net_deepfakebench,external,1,official,330,original_faces_c23/176,ffpp_test:18,0,real,webp50,-3.8673553466796875,0.020485186478790114
f3net_deepfakebench,external,1,official,331,original_faces_c23/190,ffpp_test:18,0,real,webp50,-2.1226348876953125,0.10691621716018691
f3net_deepfakebench,external,1,official,332,deepfakes_faces_c23/176_190,ffpp_test:18,1,deepfakes,webp50,6.3017578125,0.9981702743002172
f3net_deepfakebench,external,1,official,333,deepfakes_faces_c23/190_176,ffpp_test:18,1,deepfakes,webp50,2.1795196533203125,0.8983952338530171
f3net_deepfakebench,external,1,official,334,face2face_faces_c23/176_190,ffpp_test:18,1,face2face,webp50,5.06390380859375,0.9937188660646292
f3net_deepfakebench,external,1,official,335,face2face_faces_c23/190_176,ffpp_test:18,1,face2face,webp50,5.668701171875,0.9965595313196094
f3net_deepfakebench,external,1,official,336,faceswap_faces_c23/176_190,ffpp_test:18,1,faceswap,webp50,4.781219482421875,0.991683969851687
f3net_deepfakebench,external,1,official,337,faceswap_faces_c23/190_176,ffpp_test:18,1,faceswap,webp50,0.4565391540527344,0.6121928468606558
f3net_deepfakebench,external,1,official,338,neuraltextures_faces_c23/176_190,ffpp_test:18,1,neuraltextures,webp50,-0.7941150665283203,0.3112857685111752
f3net_deepfakebench,external,1,official,339,neuraltextures_faces_c23/190_176,ffpp_test:18,1,neuraltextures,webp50,-0.45699501037597656,0.3876989325658362
f3net_deepfakebench,external,1,official,340,original_faces_c23/380,ffpp_test:29,0,real,webp50,-2.36322021484375,0.0860206798483539
f3net_deepfakebench,external,1,official,341,original_faces_c23/358,ffpp_test:29,0,real,webp50,-2.2176055908203125,0.09818060421723901
f3net_deepfakebench,external,1,official,342,deepfakes_faces_c23/380_358,ffpp_test:29,1,deepfakes,webp50,4.919023513793945,0.9927467324434176
f3net_deepfakebench,external,1,official,343,deepfakes_faces_c23/358_380,ffpp_test:29,1,deepfakes,webp50,2.1907567977905273,0.8994163920162401
f3net_deepfakebench,external,1,official,344,face2face_faces_c23/380_358,ffpp_test:29,1,face2face,webp50,1.0296344757080078,0.7368450251886982
f3net_deepfakebench,external,1,official,345,face2face_faces_c23/358_380,ffpp_test:29,1,face2face,webp50,0.30576395988464355,0.5758509564758293
f3net_deepfakebench,external,1,official,346,faceswap_faces_c23/380_358,ffpp_test:29,1,faceswap,webp50,-0.3969993591308594,0.40203348911057524
f3net_deepfakebench,external,1,official,347,faceswap_faces_c23/358_380,ffpp_test:29,1,faceswap,webp50,-2.3267478942871094,0.08893180641000825
f3net_deepfakebench,external,1,official,348,neuraltextures_faces_c23/380_358,ffpp_test:29,1,neuraltextures,webp50,-0.137298583984375,0.4657291734274828
f3net_deepfakebench,external,1,official,349,neuraltextures_faces_c23/358_380,ffpp_test:29,1,neuraltextures,webp50,0.11723709106445312,0.5292757486476501
f3net_deepfakebench,external,1,official,350,original_faces_c23/214,ffpp_test:19,0,real,webp50,-4.2894287109375,0.01352726096555541
f3net_deepfakebench,external,1,official,351,original_faces_c23/255,ffpp_test:19,0,real,webp50,-3.2043609619140625,0.03900194149329029
f3net_deepfakebench,external,1,official,352,deepfakes_faces_c23/214_255,ffpp_test:19,1,deepfakes,webp50,5.3749542236328125,0.9953902177790573
f3net_deepfakebench,external,1,official,353,deepfakes_faces_c23/255_214,ffpp_test:19,1,deepfakes,webp50,-0.5643496513366699,0.36254163289403507
f3net_deepfakebench,external,1,official,354,face2face_faces_c23/214_255,ffpp_test:19,1,face2face,webp50,4.12542724609375,0.9841002947499238
f3net_deepfakebench,external,1,official,355,face2face_faces_c23/255_214,ffpp_test:19,1,face2face,webp50,4.84759521484375,0.9922138737215445
f3net_deepfakebench,external,1,official,356,faceswap_faces_c23/214_255,ffpp_test:19,1,faceswap,webp50,2.9229183197021484,0.9489678125022716
f3net_deepfakebench,external,1,official,357,faceswap_faces_c23/255_214,ffpp_test:19,1,faceswap,webp50,2.98577880859375,0.9519275100770161
f3net_deepfakebench,external,1,official,358,neuraltextures_faces_c23/214_255,ffpp_test:19,1,neuraltextures,webp50,-1.0784626007080078,0.25379706544383146
f3net_deepfakebench,external,1,official,359,neuraltextures_faces_c23/255_214,ffpp_test:19,1,neuraltextures,webp50,-1.68084716796875,0.1569833224678969
f3net_deepfakebench,external,1,official,360,original_faces_c23/454,ffpp_test:42,0,real,webp50,0.5214920043945312,0.6274965806049706
f3net_deepfakebench,external,1,official,361,original_faces_c23/527,ffpp_test:42,0,real,webp50,-3.778106689453125,0.02235477968513922
f3net_deepfakebench,external,1,official,362,deepfakes_faces_c23/454_527,ffpp_test:42,1,deepfakes,webp50,6.9344482421875,0.9990272869468076
f3net_deepfakebench,external,1,official,363,deepfakes_faces_c23/527_454,ffpp_test:42,1,deepfakes,webp50,4.89794921875,0.9925933970550801
f3net_deepfakebench,external,1,official,364,face2face_faces_c23/454_527,ffpp_test:42,1,face2face,webp50,5.59039306640625,0.9962803275810987
f3net_deepfakebench,external,1,official,365,face2face_faces_c23/527_454,ffpp_test:42,1,face2face,webp50,0.8928794860839844,0.7094840397925136
f3net_deepfakebench,external,1,official,366,faceswap_faces_c23/454_527,ffpp_test:42,1,faceswap,webp50,5.4322509765625,0.9956458013059761
f3net_deepfakebench,external,1,official,367,faceswap_faces_c23/527_454,ffpp_test:42,1,faceswap,webp50,4.127475738525391,0.9841323155501728
f3net_deepfakebench,external,1,official,368,neuraltextures_faces_c23/454_527,ffpp_test:42,1,neuraltextures,webp50,1.086911678314209,0.7477997245193301
f3net_deepfakebench,external,1,official,369,neuraltextures_faces_c23/527_454,ffpp_test:42,1,neuraltextures,webp50,-1.9191360473632812,0.12795793923637808
f3net_deepfakebench,external,1,official,370,original_faces_c23/425,ffpp_test:39,0,real,webp50,-3.6935882568359375,0.024278446828936567
f3net_deepfakebench,external,1,official,371,original_faces_c23/485,ffpp_test:39,0,real,webp50,-4.8643798828125,0.007657521787908658
f3net_deepfakebench,external,1,official,372,deepfakes_faces_c23/425_485,ffpp_test:39,1,deepfakes,webp50,1.0115430355072021,0.7333220151736635
f3net_deepfakebench,external,1,official,373,deepfakes_faces_c23/485_425,ffpp_test:39,1,deepfakes,webp50,-0.5227508544921875,0.37220921721291356
f3net_deepfakebench,external,1,official,374,face2face_faces_c23/425_485,ffpp_test:39,1,face2face,webp50,-0.5658779144287109,0.36218851759916126
f3net_deepfakebench,external,1,official,375,face2face_faces_c23/485_425,ffpp_test:39,1,face2face,webp50,-4.02020263671875,0.01763282994094641
f3net_deepfakebench,external,1,official,376,faceswap_faces_c23/425_485,ffpp_test:39,1,faceswap,webp50,0.08339077234268188,0.5208356202066327
f3net_deepfakebench,external,1,official,377,faceswap_faces_c23/485_425,ffpp_test:39,1,faceswap,webp50,5.490806579589844,0.9958924256746015
f3net_deepfakebench,external,1,official,378,neuraltextures_faces_c23/425_485,ffpp_test:39,1,neuraltextures,webp50,-1.715425968170166,0.1524612664563697
f3net_deepfakebench,external,1,official,379,neuraltextures_faces_c23/485_425,ffpp_test:39,1,neuraltextures,webp50,-3.182037353515625,0.039847312699633645
f3net_deepfakebench,external,1,official,380,original_faces_c23/388,ffpp_test:26,0,real,webp50,-2.2818679809570312,0.09263582152649236
f3net_deepfakebench,external,1,official,381,original_faces_c23/308,ffpp_test:26,0,real,webp50,-3.52496337890625,0.028610232044939763
f3net_deepfakebench,external,1,official,382,deepfakes_faces_c23/388_308,ffpp_test:26,1,deepfakes,webp50,-2.0502853393554688,0.11402355250065688
f3net_deepfakebench,external,1,official,383,deepfakes_faces_c23/308_388,ffpp_test:26,1,deepfakes,webp50,4.3602294921875,0.9873856980072164
f3net_deepfakebench,external,1,official,384,face2face_faces_c23/388_308,ffpp_test:26,1,face2face,webp50,2.9264984130859375,0.9491409105052119
f3net_deepfakebench,external,1,official,385,face2face_faces_c23/308_388,ffpp_test:26,1,face2face,webp50,0.9753589630126953,0.7261863631638985
f3net_deepfakebench,external,1,official,386,faceswap_faces_c23/388_308,ffpp_test:26,1,faceswap,webp50,2.7689437866210938,0.9409743500464894
f3net_deepfakebench,external,1,official,387,faceswap_faces_c23/308_388,ffpp_test:26,1,faceswap,webp50,0.9567222595214844,0.7224650671654556
f3net_deepfakebench,external,1,official,388,neuraltextures_faces_c23/388_308,ffpp_test:26,1,neuraltextures,webp50,0.06783294677734375,0.5169517371781556
f3net_deepfakebench,external,1,official,389,neuraltextures_faces_c23/308_388,ffpp_test:26,1,neuraltextures,webp50,-1.8658729791641235,0.13401997584801079
f3net_deepfakebench,external,1,official,390,original_faces_c23/384,ffpp_test:32,0,real,webp50,-5.2318115234375,0.005315431251791781
f3net_deepfakebench,external,1,official,391,original_faces_c23/932,ffpp_test:32,0,real,webp50,-1.4813194274902344,0.18522821027820208
f3net_deepfakebench,external,1,official,392,deepfakes_faces_c23/384_932,ffpp_test:32,1,deepfakes,webp50,5.47772216796875,0.9958385524580933
f3net_deepfakebench,external,1,official,393,deepfakes_faces_c23/932_384,ffpp_test:32,1,deepfakes,webp50,5.40960693359375,0.995546523963345
f3net_deepfakebench,external,1,official,394,face2face_faces_c23/384_932,ffpp_test:32,1,face2face,webp50,-0.7455368041992188,0.3217945855752903
f3net_deepfakebench,external,1,official,395,face2face_faces_c23/932_384,ffpp_test:32,1,face2face,webp50,-0.0919790267944336,0.4770214411722719
f3net_deepfakebench,external,1,official,396,faceswap_faces_c23/384_932,ffpp_test:32,1,faceswap,webp50,6.24224853515625,0.9980583013986724
f3net_deepfakebench,external,1,official,397,faceswap_faces_c23/932_384,ffpp_test:32,1,faceswap,webp50,3.052093505859375,0.9548728231351619
f3net_deepfakebench,external,1,official,398,neuraltextures_faces_c23/384_932,ffpp_test:32,1,neuraltextures,webp50,-2.5280303955078125,0.07391635831173292
f3net_deepfakebench,external,1,official,399,neuraltextures_faces_c23/932_384,ffpp_test:32,1,neuraltextures,webp50,1.2144243717193604,0.7710808542870404
f3net_deepfakebench,external,1,official,400,original_faces_c23/035,ffpp_test:5,0,real,webp50,-4.569091796875,0.010260991613942099
f3net_deepfakebench,external,1,official,401,original_faces_c23/036,ffpp_test:5,0,real,webp50,-4.57122802734375,0.010239319371982641
f3net_deepfakebench,external,1,official,402,deepfakes_faces_c23/035_036,ffpp_test:5,1,deepfakes,webp50,3.9582595825195312,0.9812615151633879
f3net_deepfakebench,external,1,official,403,deepfakes_faces_c23/036_035,ffpp_test:5,1,deepfakes,webp50,1.3633460998535156,0.796302988444011
f3net_deepfakebench,external,1,official,404,face2face_faces_c23/035_036,ffpp_test:5,1,face2face,webp50,-0.779632568359375,0.31439908139494477
f3net_deepfakebench,external,1,official,405,face2face_faces_c23/036_035,ffpp_test:5,1,face2face,webp50,-0.45186710357666016,0.3889169372591725
f3net_deepfakebench,external,1,official,406,faceswap_faces_c23/035_036,ffpp_test:5,1,faceswap,webp50,-0.1095123291015625,0.47264924694744237
f3net_deepfakebench,external,1,official,407,faceswap_faces_c23/036_035,ffpp_test:5,1,faceswap,webp50,-2.4350967407226562,0.08053524924147244
f3net_deepfakebench,external,1,official,408,neuraltextures_faces_c23/035_036,ffpp_test:5,1,neuraltextures,webp50,-2.682577133178711,0.06400930132101713
f3net_deepfakebench,external,1,official,409,neuraltextures_faces_c23/036_035,ffpp_test:5,1,neuraltextures,webp50,-3.313323974609375,0.03511691637995925
f3net_deepfakebench,external,1,official,410,original_faces_c23/257,ffpp_test:23,0,real,webp50,-0.34292030334472656,0.41510027533713206
f3net_deepfakebench,external,1,official,411,original_faces_c23/420,ffpp_test:23,0,real,webp50,-1.1500635147094727,0.24047748202103153
f3net_deepfakebench,external,1,official,412,deepfakes_faces_c23/257_420,ffpp_test:23,1,deepfakes,webp50,2.005168914794922,0.8813387135634431
f3net_deepfakebench,external,1,official,413,deepfakes_faces_c23/420_257,ffpp_test:23,1,deepfakes,webp50,1.9377503395080566,0.8741047865085441
f3net_deepfakebench,external,1,official,414,face2face_faces_c23/257_420,ffpp_test:23,1,face2face,webp50,3.8217315673828125,0.9785790376743047
f3net_deepfakebench,external,1,official,415,face2face_faces_c23/420_257,ffpp_test:23,1,face2face,webp50,0.7559547424316406,0.6804748209964332
f3net_deepfakebench,external,1,official,416,faceswap_faces_c23/257_420,ffpp_test:23,1,faceswap,webp50,1.9310569763183594,0.8733663650172502
f3net_deepfakebench,external,1,official,417,faceswap_faces_c23/420_257,ffpp_test:23,1,faceswap,webp50,1.181650161743164,0.7652443775053953
f3net_deepfakebench,external,1,official,418,neuraltextures_faces_c23/257_420,ffpp_test:23,1,neuraltextures,webp50,1.6065349578857422,0.8329297549618115
f3net_deepfakebench,external,1,official,419,neuraltextures_faces_c23/420_257,ffpp_test:23,1,neuraltextures,webp50,-0.2824983596801758,0.42984137662403915
f3net_deepfakebench,external,1,official,420,original_faces_c23/924,ffpp_test:67,0,real,webp50,-4.9736328125,0.006870441129824222
f3net_deepfakebench,external,1,official,421,original_faces_c23/917,ffpp_test:67,0,real,webp50,-3.6982421875,0.024168443590505576
f3net_deepfakebench,external,1,official,422,deepfakes_faces_c23/924_917,ffpp_test:67,1,deepfakes,webp50,5.08563232421875,0.9938530438258056
f3net_deepfakebench,external,1,official,423,deepfakes_faces_c23/917_924,ffpp_test:67,1,deepfakes,webp50,3.1715850830078125,0.9597508596228752
f3net_deepfakebench,external,1,official,424,face2face_faces_c23/924_917,ffpp_test:67,1,face2face,webp50,4.294636249542236,0.9865420541030913
f3net_deepfakebench,external,1,official,425,face2face_faces_c23/917_924,ffpp_test:67,1,face2face,webp50,0.08932113647460938,0.5223154495428227
f3net_deepfakebench,external,1,official,426,faceswap_faces_c23/924_917,ffpp_test:67,1,faceswap,webp50,3.0804214477539062,0.9560778858455381
f3net_deepfakebench,external,1,official,427,faceswap_faces_c23/917_924,ffpp_test:67,1,faceswap,webp50,1.5209770202636719,0.820682306738317
f3net_deepfakebench,external,1,official,428,neuraltextures_faces_c23/924_917,ffpp_test:67,1,neuraltextures,webp50,-0.266204833984375,0.433839038939511
f3net_deepfakebench,external,1,official,429,neuraltextures_faces_c23/917_924,ffpp_test:67,1,neuraltextures,webp50,1.6547164916992188,0.8395274793136104
f3net_deepfakebench,external,1,official,430,original_faces_c23/114,ffpp_test:9,0,real,webp50,-3.6826629638671875,0.024538605697377865
f3net_deepfakebench,external,1,official,431,original_faces_c23/102,ffpp_test:9,0,real,webp50,-6.006103515625,0.0024576144018062965
f3net_deepfakebench,external,1,official,432,deepfakes_faces_c23/114_102,ffpp_test:9,1,deepfakes,webp50,-1.9279613494873047,0.1269763996437935
f3net_deepfakebench,external,1,official,433,deepfakes_faces_c23/102_114,ffpp_test:9,1,deepfakes,webp50,-1.4896697998046875,0.1839712938339256
f3net_deepfakebench,external,1,official,434,face2face_faces_c23/114_102,ffpp_test:9,1,face2face,webp50,2.8935203552246094,0.9475251938681996
f3net_deepfakebench,external,1,official,435,face2face_faces_c23/102_114,ffpp_test:9,1,face2face,webp50,-1.3398232460021973,0.20753912719264672
f3net_deepfakebench,external,1,official,436,faceswap_faces_c23/114_102,ffpp_test:9,1,faceswap,webp50,3.5906524658203125,0.973159928677163
f3net_deepfakebench,external,1,official,437,faceswap_faces_c23/102_114,ffpp_test:9,1,faceswap,webp50,-0.15024805068969727,0.46250849007402695
f3net_deepfakebench,external,1,official,438,neuraltextures_faces_c23/114_102,ffpp_test:9,1,neuraltextures,webp50,-2.408022880554199,0.0825629540889724
f3net_deepfakebench,external,1,official,439,neuraltextures_faces_c23/102_114,ffpp_test:9,1,neuraltextures,webp50,-4.1851654052734375,0.014991522024390719
f3net_deepfakebench,external,1,official,440,original_faces_c23/732,ffpp_test:56,0,real,webp50,-4.39483642578125,0.012190457609377595
f3net_deepfakebench,external,1,official,441,original_faces_c23/691,ffpp_test:56,0,real,webp50,-2.5252180099487305,0.07410910462494397
f3net_deepfakebench,external,1,official,442,deepfakes_faces_c23/732_691,ffpp_test:56,1,deepfakes,webp50,1.1492116451263428,0.7593668912535269
f3net_deepfakebench,external,1,official,443,deepfakes_faces_c23/691_732,ffpp_test:56,1,deepfakes,webp50,5.795867919921875,0.9969691234137755
f3net_deepfakebench,external,1,official,444,face2face_faces_c23/732_691,ffpp_test:56,1,face2face,webp50,3.1703414916992188,0.9597027932759501
f3net_deepfakebench,external,1,official,445,face2face_faces_c23/691_732,ffpp_test:56,1,face2face,webp50,2.420196533203125,0.9183544817167901
f3net_deepfakebench,external,1,official,446,faceswap_faces_c23/732_691,ffpp_test:56,1,faceswap,webp50,3.3135223388671875,0.9648898043189463
f3net_deepfakebench,external,1,official,447,faceswap_faces_c23/691_732,ffpp_test:56,1,faceswap,webp50,0.8610649108886719,0.702883096721306
f3net_deepfakebench,external,1,official,448,neuraltextures_faces_c23/732_691,ffpp_test:56,1,neuraltextures,webp50,-2.14324951171875,0.10496371768952947
f3net_deepfakebench,external,1,official,449,neuraltextures_faces_c23/691_732,ffpp_test:56,1,neuraltextures,webp50,-1.0422496795654297,0.26071615002888693
f3net_deepfakebench,external,1,official,450,original_faces_c23/550,ffpp_test:41,0,real,webp50,-1.7086639404296875,0.15333708914083963
f3net_deepfakebench,external,1,official,451,original_faces_c23/452,ffpp_test:41,0,real,webp50,0.3434562683105469,0.5850298467644502
f3net_deepfakebench,external,1,official,452,deepfakes_faces_c23/550_452,ffpp_test:41,1,deepfakes,webp50,3.874237060546875,0.97965244414274
f3net_deepfakebench,external,1,official,453,deepfakes_faces_c23/452_550,ffpp_test:41,1,deepfakes,webp50,-0.4101066589355469,0.3988865466154947
f3net_deepfakebench,external,1,official,454,face2face_faces_c23/550_452,ffpp_test:41,1,face2face,webp50,-0.7398395538330078,0.32303922991692585
f3net_deepfakebench,external,1,official,455,face2face_faces_c23/452_550,ffpp_test:41,1,face2face,webp50,3.8876266479492188,0.9799176387883693
f3net_deepfakebench,external,1,official,456,faceswap_faces_c23/550_452,ffpp_test:41,1,faceswap,webp50,1.4394607543945312,0.8083711322777704
f3net_deepfakebench,external,1,official,457,faceswap_faces_c23/452_550,ffpp_test:41,1,faceswap,webp50,3.2702255249023438,0.963393126100797
f3net_deepfakebench,external,1,official,458,neuraltextures_faces_c23/550_452,ffpp_test:41,1,neuraltextures,webp50,-0.6089859008789062,0.35229056232955475
f3net_deepfakebench,external,1,official,459,neuraltextures_faces_c23/452_550,ffpp_test:41,1,neuraltextures,webp50,3.122802734375,0.9578235971670143
f3net_deepfakebench,external,1,official,460,original_faces_c23/280,ffpp_test:22,0,real,webp50,-2.883880615234375,0.052956178505603524
f3net_deepfakebench,external,1,official,461,original_faces_c23/249,ffpp_test:22,0,real,webp50,-6.39056396484375,0.0016745013329175122
f3net_deepfakebench,external,1,official,462,deepfakes_faces_c23/280_249,ffpp_test:22,1,deepfakes,webp50,-2.6672286987304688,0.06493503505255067
f3net_deepfakebench,external,1,official,463,deepfakes_faces_c23/249_280,ffpp_test:22,1,deepfakes,webp50,2.7988548278808594,0.9426139097786603
f3net_deepfakebench,external,1,official,464,face2face_faces_c23/280_249,ffpp_test:22,1,face2face,webp50,2.085749387741089,0.8895103594709197
f3net_deepfakebench,external,1,official,465,face2face_faces_c23/249_280,ffpp_test:22,1,face2face,webp50,2.2206649780273438,0.9020899447127233
f3net_deepfakebench,external,1,official,466,faceswap_faces_c23/280_249,ffpp_test:22,1,faceswap,webp50,0.059172630310058594,0.514788842691275
f3net_deepfakebench,external,1,official,467,faceswap_faces_c23/249_280,ffpp_test:22,1,faceswap,webp50,0.7761201858520508,0.6848433233820472
f3net_deepfakebench,external,1,official,468,neuraltextures_faces_c23/280_249,ffpp_test:22,1,neuraltextures,webp50,-1.9318389892578125,0.12654717151151312
f3net_deepfakebench,external,1,official,469,neuraltextures_faces_c23/249_280,ffpp_test:22,1,neuraltextures,webp50,-4.99688720703125,0.00671357675743338
f3net_deepfakebench,external,1,official,470,original_faces_c23/842,ffpp_test:58,0,real,webp50,-2.1186656951904297,0.10729580780943
f3net_deepfakebench,external,1,official,471,original_faces_c23/714,ffpp_test:58,0,real,webp50,-4.701385498046875,0.009000931717133656
f3net_deepfakebench,external,1,official,472,deepfakes_faces_c23/842_714,ffpp_test:58,1,deepfakes,webp50,1.5940794944763184,0.8311892854785748
f3net_deepfakebench,external,1,official,473,deepfakes_faces_c23/714_842,ffpp_test:58,1,deepfakes,webp50,5.42962646484375,0.99563440860531
f3net_deepfakebench,external,1,official,474,face2face_faces_c23/842_714,ffpp_test:58,1,face2face,webp50,4.7156982421875,0.9911258436594903
f3net_deepfakebench,external,1,official,475,face2face_faces_c23/714_842,ffpp_test:58,1,face2face,webp50,4.015348434448242,0.9822828888087188
f3net_deepfakebench,external,1,official,476,faceswap_faces_c23/842_714,ffpp_test:58,1,faceswap,webp50,4.180179595947266,0.9849346753309522
f3net_deepfakebench,external,1,official,477,faceswap_faces_c23/714_842,ffpp_test:58,1,faceswap,webp50,2.0018386840820312,0.8809899928853618
f3net_deepfakebench,external,1,official,478,neuraltextures_faces_c23/842_714,ffpp_test:58,1,neuraltextures,webp50,-1.8143844604492188,0.14010905848883665
f3net_deepfakebench,external,1,official,479,neuraltextures_faces_c23/714_842,ffpp_test:58,1,neuraltextures,webp50,-0.9627532958984375,0.2763272779541201
f3net_deepfakebench,external,1,official,480,original_faces_c23/625,ffpp_test:52,0,real,webp50,-3.5146636962890625,0.02889787159165646
f3net_deepfakebench,external,1,official,481,original_faces_c23/650,ffpp_test:52,0,real,webp50,-2.0643997192382812,0.1126054362298079
f3net_deepfakebench,external,1,official,482,deepfakes_faces_c23/625_650,ffpp_test:52,1,deepfakes,webp50,6.34002685546875,0.9982388522571509
f3net_deepfakebench,external,1,official,483,deepfakes_faces_c23/650_625,ffpp_test:52,1,deepfakes,webp50,4.145904541015625,0.984417545022394
f3net_deepfakebench,external,1,official,484,face2face_faces_c23/625_650,ffpp_test:52,1,face2face,webp50,0.7053508758544922,0.6693730606977645
f3net_deepfakebench,external,1,official,485,face2face_faces_c23/650_625,ffpp_test:52,1,face2face,webp50,2.7108659744262695,0.9376647836122629
f3net_deepfakebench,external,1,official,486,faceswap_faces_c23/625_650,ffpp_test:52,1,faceswap,webp50,5.197479248046875,0.9944999302164415
f3net_deepfakebench,external,1,official,487,faceswap_faces_c23/650_625,ffpp_test:52,1,faceswap,webp50,3.591571807861328,0.973183931156158
f3net_deepfakebench,external,1,official,488,neuraltextures_faces_c23/625_650,ffpp_test:52,1,neuraltextures,webp50,-0.05660820007324219,0.48585172794429404
f3net_deepfakebench,external,1,official,489,neuraltextures_faces_c23/650_625,ffpp_test:52,1,neuraltextures,webp50,-1.9841270446777344,0.12087957965707784
f3net_deepfakebench,external,1,official,490,original_faces_c23/024,ffpp_test:3,0,real,webp50,-3.6832275390625,0.024525095391351566
f3net_deepfakebench,external,1,official,491,original_faces_c23/073,ffpp_test:3,0,real,webp50,-3.933319091796875,0.01920262139437163
f3net_deepfakebench,external,1,official,492,deepfakes_faces_c23/024_073,ffpp_test:3,1,deepfakes,webp50,-0.045200347900390625,0.48870183653900606
f3net_deepfakebench,external,1,official,493,deepfakes_faces_c23/073_024,ffpp_test:3,1,deepfakes,webp50,-1.5338726043701172,0.17742778394133252
f3net_deepfakebench,external,1,official,494,face2face_faces_c23/024_073,ffpp_test:3,1,face2face,webp50,-2.3433027267456055,0.08759958164476593
f3net_deepfakebench,external,1,official,495,face2face_faces_c23/073_024,ffpp_test:3,1,face2face,webp50,0.9795331954956055,0.727015582305084
f3net_deepfakebench,external,1,official,496,faceswap_faces_c23/024_073,ffpp_test:3,1,faceswap,webp50,0.8741893768310547,0.7056166718163893
f3net_deepfakebench,external,1,official,497,faceswap_faces_c23/073_024,ffpp_test:3,1,faceswap,webp50,1.0172119140625,0.7344291584553583
f3net_deepfakebench,external,1,official,498,neuraltextures_faces_c23/024_073,ffpp_test:3,1,neuraltextures,webp50,0.6041030883789062,0.6465944661853316
f3net_deepfakebench,external,1,official,499,neuraltextures_faces_c23/073_024,ffpp_test:3,1,neuraltextures,webp50,-2.1226768493652344,0.1069122105103618
f3net_deepfakebench,external,1,official,500,original_faces_c23/044,ffpp_test:6,0,real,webp50,-4.124664306640625,0.015911647301020983
f3net_deepfakebench,external,1,official,501,original_faces_c23/945,ffpp_test:6,0,real,webp50,0.9293594360351562,0.7169453108830544
f3net_deepfakebench,external,1,official,502,deepfakes_faces_c23/044_945,ffpp_test:6,1,deepfakes,webp50,4.08294677734375,0.983421754903223
f3net_deepfakebench,external,1,official,503,deepfakes_faces_c23/945_044,ffpp_test:6,1,deepfakes,webp50,6.68621826171875,0.9987535621016584
f3net_deepfakebench,external,1,official,504,face2face_faces_c23/044_945,ffpp_test:6,1,face2face,webp50,0.3938446044921875,0.597207865951623
f3net_deepfakebench,external,1,official,505,face2face_faces_c23/945_044,ffpp_test:6,1,face2face,webp50,5.2037353515625,0.9945340443222951
f3net_deepfakebench,external,1,official,506,faceswap_faces_c23/044_945,ffpp_test:6,1,faceswap,webp50,4.819976806640625,0.9919975810701794
f3net_deepfakebench,external,1,official,507,faceswap_faces_c23/945_044,ffpp_test:6,1,faceswap,webp50,3.5194320678710938,0.9712356420163732
f3net_deepfakebench,external,1,official,508,neuraltextures_faces_c23/044_945,ffpp_test:6,1,neuraltextures,webp50,-0.8884954452514648,0.2914204122718902
f3net_deepfakebench,external,1,official,509,neuraltextures_faces_c23/945_044,ffpp_test:6,1,neuraltextures,webp50,1.8259525299072266,0.8612788516005305
f3net_deepfakebench,external,1,official,510,original_faces_c23/896,ffpp_test:10,0,real,webp50,1.1707649230957031,0.7632832513404838
f3net_deepfakebench,external,1,official,511,original_faces_c23/128,ffpp_test:10,0,real,webp50,-4.5879364013671875,0.010071367040030874
f3net_deepfakebench,external,1,official,512,deepfakes_faces_c23/896_128,ffpp_test:10,1,deepfakes,webp50,4.1028900146484375,0.9837437822780614
f3net_deepfakebench,external,1,official,513,deepfakes_faces_c23/128_896,ffpp_test:10,1,deepfakes,webp50,3.471658229827881,0.9698705125842159
f3net_deepfakebench,external,1,official,514,face2face_faces_c23/896_128,ffpp_test:10,1,face2face,webp50,5.13018798828125,0.994119338415588
f3net_deepfakebench,external,1,official,515,face2face_faces_c23/128_896,ffpp_test:10,1,face2face,webp50,-0.8626499176025391,0.296785999413199
f3net_deepfakebench,external,1,official,516,faceswap_faces_c23/896_128,ffpp_test:10,1,faceswap,webp50,4.439842224121094,0.9883397653328578
f3net_deepfakebench,external,1,official,517,faceswap_faces_c23/128_896,ffpp_test:10,1,faceswap,webp50,4.476512908935547,0.9887548879065379
f3net_deepfakebench,external,1,official,518,neuraltextures_faces_c23/896_128,ffpp_test:10,1,neuraltextures,webp50,2.902726650238037,0.9479810604990613
f3net_deepfakebench,external,1,official,519,neuraltextures_faces_c23/128_896,ffpp_test:10,1,neuraltextures,webp50,-2.6033458709716797,0.068923395959656
f3net_deepfakebench,external,1,official,520,original_faces_c23/862,ffpp_test:7,0,real,webp50,-4.51055908203125,0.010872795681226033
f3net_deepfakebench,external,1,official,521,original_faces_c23/047,ffpp_test:7,0,real,webp50,0.01969406008720398,0.5049233558934015
f3net_deepfakebench,external,1,official,522,deepfakes_faces_c23/862_047,ffpp_test:7,1,deepfakes,webp50,6.0228271484375,0.997583045562832
f3net_deepfakebench,external,1,official,523,deepfakes_faces_c23/047_862,ffpp_test:7,1,deepfakes,webp50,2.481090545654297,0.9228055192492972
f3net_deepfakebench,external,1,official,524,face2face_faces_c23/862_047,ffpp_test:7,1,face2face,webp50,1.8023681640625,0.8584369657191847
f3net_deepfakebench,external,1,official,525,face2face_faces_c23/047_862,ffpp_test:7,1,face2face,webp50,4.16162109375,0.9846568048167681
f3net_deepfakebench,external,1,official,526,faceswap_faces_c23/862_047,ffpp_test:7,1,faceswap,webp50,2.7042007446289062,0.9372740656843771
f3net_deepfakebench,external,1,official,527,faceswap_faces_c23/047_862,ffpp_test:7,1,faceswap,webp50,6.5504150390625,0.9985725184488935
f3net_deepfakebench,external,1,official,528,neuraltextures_faces_c23/862_047,ffpp_test:7,1,neuraltextures,webp50,-1.4517669677734375,0.18972977690455245
f3net_deepfakebench,external,1,official,529,neuraltextures_faces_c23/047_862,ffpp_test:7,1,neuraltextures,webp50,0.6300449371337891,0.6524996514815752
f3net_deepfakebench,external,1,official,530,original_faces_c23/607,ffpp_test:49,0,real,webp50,-1.365997314453125,0.20326731032296838
f3net_deepfakebench,external,1,official,531,original_faces_c23/683,ffpp_test:49,0,real,webp50,-1.6477855443954468,0.16140846422702315
f3net_deepfakebench,external,1,official,532,deepfakes_faces_c23/607_683,ffpp_test:49,1,deepfakes,webp50,1.4291248321533203,0.8067649178533116
f3net_deepfakebench,external,1,official,533,deepfakes_faces_c23/683_607,ffpp_test:49,1,deepfakes,webp50,5.44110107421875,0.9956840007883392
f3net_deepfakebench,external,1,official,534,face2face_faces_c23/607_683,ffpp_test:49,1,face2face,webp50,0.7405471801757812,0.6771154978872718
f3net_deepfakebench,external,1,official,535,face2face_faces_c23/683_607,ffpp_test:49,1,face2face,webp50,-0.44068145751953125,0.39157860355245877
f3net_deepfakebench,external,1,official,536,faceswap_faces_c23/607_683,ffpp_test:49,1,faceswap,webp50,1.5506917238235474,0.8250136157928118
f3net_deepfakebench,external,1,official,537,faceswap_faces_c23/683_607,ffpp_test:49,1,faceswap,webp50,6.1068115234375,0.9977773090737854
f3net_deepfakebench,external,1,official,538,neuraltextures_faces_c23/607_683,ffpp_test:49,1,neuraltextures,webp50,-0.490997314453125,0.379658654016553
f3net_deepfakebench,external,1,official,539,neuraltextures_faces_c23/683_607,ffpp_test:49,1,neuraltextures,webp50,1.0088539123535156,0.7327957981501996
f3net_deepfakebench,external,1,official,540,original_faces_c23/517,ffpp_test:45,0,real,webp50,-2.7916107177734375,0.05777920407871715
f3net_deepfakebench,external,1,official,541,original_faces_c23/521,ffpp_test:45,0,real,webp50,-2.5748748779296875,0.07077303996918928
f3net_deepfakebench,external,1,official,542,deepfakes_faces_c23/517_521,ffpp_test:45,1,deepfakes,webp50,6.7684326171875,0.9988518248832126
f3net_deepfakebench,external,1,official,543,deepfakes_faces_c23/521_517,ffpp_test:45,1,deepfakes,webp50,3.85858154296875,0.979338019712912
f3net_deepfakebench,external,1,official,544,face2face_faces_c23/517_521,ffpp_test:45,1,face2face,webp50,5.530189514160156,0.9960504234599843
f3net_deepfakebench,external,1,official,545,face2face_faces_c23/521_517,ffpp_test:45,1,face2face,webp50,1.9778594970703125,0.8784527982426135
f3net_deepfakebench,external,1,official,546,faceswap_faces_c23/517_521,ffpp_test:45,1,faceswap,webp50,5.72723388671875,0.9967544961416082
f3net_deepfakebench,external,1,official,547,faceswap_faces_c23/521_517,ffpp_test:45,1,faceswap,webp50,3.639036178588867,0.9743951760902614
f3net_deepfakebench,external,1,official,548,neuraltextures_faces_c23/517_521,ffpp_test:45,1,neuraltextures,webp50,0.22663116455078125,0.5564165269349948
f3net_deepfakebench,external,1,official,549,neuraltextures_faces_c23/521_517,ffpp_test:45,1,neuraltextures,webp50,0.20121002197265625,0.5501334797086573
f3net_deepfakebench,external,1,official,550,original_faces_c23/682,ffpp_test:55,0,real,webp50,-2.4092559814453125,0.08246959930873696
f3net_deepfakebench,external,1,official,551,original_faces_c23/669,ffpp_test:55,0,real,webp50,-3.6436996459960938,0.025488731095479694
f3net_deepfakebench,external,1,official,552,deepfakes_faces_c23/682_669,ffpp_test:55,1,deepfakes,webp50,2.4475250244140625,0.9203802721451602
f3net_deepfakebench,external,1,official,553,deepfakes_faces_c23/669_682,ffpp_test:55,1,deepfakes,webp50,0.9805202484130859,0.7272114328002819
f3net_deepfakebench,external,1,official,554,face2face_faces_c23/682_669,ffpp_test:55,1,face2face,webp50,-0.443817138671875,0.3908317983279369
f3net_deepfakebench,external,1,official,555,face2face_faces_c23/669_682,ffpp_test:55,1,face2face,webp50,0.5601234436035156,0.6364811022683431
f3net_deepfakebench,external,1,official,556,faceswap_faces_c23/682_669,ffpp_test:55,1,faceswap,webp50,1.1156902313232422,0.7531884238247925
f3net_deepfakebench,external,1,official,557,faceswap_faces_c23/669_682,ffpp_test:55,1,faceswap,webp50,4.861480712890625,0.9923204162803232
f3net_deepfakebench,external,1,official,558,neuraltextures_faces_c23/682_669,ffpp_test:55,1,neuraltextures,webp50,-0.7239007949829102,0.3265345803375852
f3net_deepfakebench,external,1,official,559,neuraltextures_faces_c23/669_682,ffpp_test:55,1,neuraltextures,webp50,-2.157176971435547,0.10366246422203935
f3net_deepfakebench,external,1,official,560,original_faces_c23/138,ffpp_test:12,0,real,webp50,-1.93646240234375,0.12603701362371278
f3net_deepfakebench,external,1,official,561,original_faces_c23/142,ffpp_test:12,0,real,webp50,-4.007354736328125,0.017856764892236976
f3net_deepfakebench,external,1,official,562,deepfakes_faces_c23/138_142,ffpp_test:12,1,deepfakes,webp50,-0.7113723754882812,0.329295666321889
f3net_deepfakebench,external,1,official,563,deepfakes_faces_c23/142_138,ffpp_test:12,1,deepfakes,webp50,2.252971649169922,0.9049065554023439
f3net_deepfakebench,external,1,official,564,face2face_faces_c23/138_142,ffpp_test:12,1,face2face,webp50,4.169647216796875,0.9847775912330936
f3net_deepfakebench,external,1,official,565,face2face_faces_c23/142_138,ffpp_test:12,1,face2face,webp50,2.6458740234375,0.9337562323319517
f3net_deepfakebench,external,1,official,566,faceswap_faces_c23/138_142,ffpp_test:12,1,faceswap,webp50,4.824066162109375,0.9920299787010906
f3net_deepfakebench,external,1,official,567,faceswap_faces_c23/142_138,ffpp_test:12,1,faceswap,webp50,5.109344482421875,0.9939962220854293
f3net_deepfakebench,external,1,official,568,neuraltextures_faces_c23/138_142,ffpp_test:12,1,neuraltextures,webp50,3.2036666870117188,0.960972028204659
f3net_deepfakebench,external,1,official,569,neuraltextures_faces_c23/142_138,ffpp_test:12,1,neuraltextures,webp50,-2.2190990447998047,0.09804845137913441
f3net_deepfakebench,external,1,official,570,original_faces_c23/552,ffpp_test:47,0,real,webp50,-1.8149147033691406,0.14004518780170636
f3net_deepfakebench,external,1,official,571,original_faces_c23/851,ffpp_test:47,0,real,webp50,-0.09846830368041992,0.47540279542420244
f3net_deepfakebench,external,1,official,572,deepfakes_faces_c23/552_851,ffpp_test:47,1,deepfakes,webp50,2.755290985107422,0.940211470202324
f3net_deepfakebench,external,1,official,573,deepfakes_faces_c23/851_552,ffpp_test:47,1,deepfakes,webp50,4.274932861328125,0.9862779321076182
f3net_deepfakebench,external,1,official,574,face2face_faces_c23/552_851,ffpp_test:47,1,face2face,webp50,3.8409271240234375,0.9789777419666305
f3net_deepfakebench,external,1,official,575,face2face_faces_c23/851_552,ffpp_test:47,1,face2face,webp50,2.1020030975341797,0.8910977168861987
f3net_deepfakebench,external,1,official,576,faceswap_faces_c23/552_851,ffpp_test:47,1,faceswap,webp50,4.00640869140625,0.9821266358955864
f3net_deepfakebench,external,1,official,577,faceswap_faces_c23/851_552,ffpp_test:47,1,faceswap,webp50,5.93707275390625,0.9973672043733388
f3net_deepfakebench,external,1,official,578,neuraltextures_faces_c23/552_851,ffpp_test:47,1,neuraltextures,webp50,0.038074493408203125,0.5095174736158391
f3net_deepfakebench,external,1,official,579,neuraltextures_faces_c23/851_552,ffpp_test:47,1,neuraltextures,webp50,0.8106033802032471,0.6922380660594789
f3net_deepfakebench,external,1,official,580,original_faces_c23/376,ffpp_test:31,0,real,webp50,-3.7965850830078125,0.021954478088687224
f3net_deepfakebench,external,1,official,581,original_faces_c23/381,ffpp_test:31,0,real,webp50,-3.077312469482422,0.04405285463736742
f3net_deepfakebench,external,1,official,582,deepfakes_faces_c23/376_381,ffpp_test:31,1,deepfakes,webp50,3.088897705078125,0.9564324561648954
f3net_deepfakebench,external,1,official,583,deepfakes_faces_c23/381_376,ffpp_test:31,1,deepfakes,webp50,4.7570037841796875,0.9914818696199175
f3net_deepfakebench,external,1,official,584,face2face_faces_c23/376_381,ffpp_test:31,1,face2face,webp50,0.9634194374084473,0.7238059108558925
f3net_deepfakebench,external,1,official,585,face2face_faces_c23/381_376,ffpp_test:31,1,face2face,webp50,2.761363983154297,0.9405519455989216
f3net_deepfakebench,external,1,official,586,faceswap_faces_c23/376_381,ffpp_test:31,1,faceswap,webp50,5.369662284851074,0.9953658717798949
f3net_deepfakebench,external,1,official,587,faceswap_faces_c23/381_376,ffpp_test:31,1,faceswap,webp50,4.83685302734375,0.9921304445996353
f3net_deepfakebench,external,1,official,588,neuraltextures_faces_c23/376_381,ffpp_test:31,1,neuraltextures,webp50,0.34463930130004883,0.58531702267336
f3net_deepfakebench,external,1,official,589,neuraltextures_faces_c23/381_376,ffpp_test:31,1,neuraltextures,webp50,-1.74017333984375,0.14929091848803425
f3net_deepfakebench,external,1,official,590,original_faces_c23/000,ffpp_test:0,0,real,webp50,-1.0941352844238281,0.2508403774855154
f3net_deepfakebench,external,1,official,591,original_faces_c23/003,ffpp_test:0,0,real,webp50,-4.28656005859375,0.013565594517942816
f3net_deepfakebench,external,1,official,592,deepfakes_faces_c23/000_003,ffpp_test:0,1,deepfakes,webp50,4.0135498046875,0.9822515597000573
f3net_deepfakebench,external,1,official,593,deepfakes_faces_c23/003_000,ffpp_test:0,1,deepfakes,webp50,-0.971550464630127,0.2745715696130447
f3net_deepfakebench,external,1,official,594,face2face_faces_c23/000_003,ffpp_test:0,1,face2face,webp50,1.4204654693603516,0.8054113769483654
f3net_deepfakebench,external,1,official,595,face2face_faces_c23/003_000,ffpp_test:0,1,face2face,webp50,2.0991897583007812,0.890824402655465
f3net_deepfakebench,external,1,official,596,faceswap_faces_c23/000_003,ffpp_test:0,1,faceswap,webp50,4.57513427734375,0.9898001927817262
f3net_deepfakebench,external,1,official,597,faceswap_faces_c23/003_000,ffpp_test:0,1,faceswap,webp50,4.4063720703125,0.9879476740697778
f3net_deepfakebench,external,1,official,598,neuraltextures_faces_c23/000_003,ffpp_test:0,1,neuraltextures,webp50,0.7876710891723633,0.6873310496496691
f3net_deepfakebench,external,1,official,599,neuraltextures_faces_c23/003_000,ffpp_test:0,1,neuraltextures,webp50,-1.9506244659423828,0.12448528249679838
f3net_deepfakebench,external,1,official,600,original_faces_c23/048,ffpp_test:4,0,real,webp50,-3.899505615234375,0.019849922153064744
f3net_deepfakebench,external,1,official,601,original_faces_c23/029,ffpp_test:4,0,real,webp50,0.7572746276855469,0.6807617337287826
f3net_deepfakebench,external,1,official,602,deepfakes_faces_c23/048_029,ffpp_test:4,1,deepfakes,webp50,7.7061767578125,0.9995501636443165
f3net_deepfakebench,external,1,official,603,deepfakes_faces_c23/029_048,ffpp_test:4,1,deepfakes,webp50,4.2325592041015625,0.9856924808140671
f3net_deepfakebench,external,1,official,604,face2face_faces_c23/048_029,ffpp_test:4,1,face2face,webp50,2.9416160583496094,0.9498657407989664
f3net_deepfakebench,external,1,official,605,face2face_faces_c23/029_048,ffpp_test:4,1,face2face,webp50,4.325244903564453,0.9869424459324972
f3net_deepfakebench,external,1,official,606,faceswap_faces_c23/048_029,ffpp_test:4,1,faceswap,webp50,1.9683611392974854,0.8774349744349118
f3net_deepfakebench,external,1,official,607,faceswap_faces_c23/029_048,ffpp_test:4,1,faceswap,webp50,4.9599609375,0.9930356406767757
f3net_deepfakebench,external,1,official,608,neuraltextures_faces_c23/048_029,ffpp_test:4,1,neuraltextures,webp50,0.5486488342285156,0.6338220534468881
f3net_deepfakebench,external,1,official,609,neuraltextures_faces_c23/029_048,ffpp_test:4,1,neuraltextures,webp50,4.733489990234375,0.9912809697199244
f3net_deepfakebench,external,1,official,610,original_faces_c23/724,ffpp_test:59,0,real,webp50,1.4696922302246094,0.8130106020352103
f3net_deepfakebench,external,1,official,611,original_faces_c23/725,ffpp_test:59,0,real,webp50,-0.7629718780517578,0.31800138735988726
f3net_deepfakebench,external,1,official,612,deepfakes_faces_c23/724_725,ffpp_test:59,1,deepfakes,webp50,6.1643218994140625,0.9979012699072932
f3net_deepfakebench,external,1,official,613,deepfakes_faces_c23/725_724,ffpp_test:59,1,deepfakes,webp50,7.067626953125,0.9991484725688689
f3net_deepfakebench,external,1,official,614,face2face_faces_c23/724_725,ffpp_test:59,1,face2face,webp50,6.44024658203125,0.9984065301148464
f3net_deepfakebench,external,1,official,615,face2face_faces_c23/725_724,ffpp_test:59,1,face2face,webp50,5.299072265625,0.9950286112573719
f3net_deepfakebench,external,1,official,616,faceswap_faces_c23/724_725,ffpp_test:59,1,faceswap,webp50,6.61248779296875,0.9986583168578258
f3net_deepfakebench,external,1,official,617,faceswap_faces_c23/725_724,ffpp_test:59,1,faceswap,webp50,5.515625,0.9959927110540886
f3net_deepfakebench,external,1,official,618,neuraltextures_faces_c23/724_725,ffpp_test:59,1,neuraltextures,webp50,4.497310638427734,0.9889837956833865
f3net_deepfakebench,external,1,official,619,neuraltextures_faces_c23/725_724,ffpp_test:59,1,neuraltextures,webp50,-0.4704627990722656,0.3845067111260558
f3net_deepfakebench,external,1,official,620,original_faces_c23/608,ffpp_test:50,0,real,webp50,-4.553230285644531,0.010423334094597236
f3net_deepfakebench,external,1,official,621,original_faces_c23/675,ffpp_test:50,0,real,webp50,-4.043304443359375,0.017237089999626164
f3net_deepfakebench,external,1,official,622,deepfakes_faces_c23/608_675,ffpp_test:50,1,deepfakes,webp50,3.3387508392333984,0.9657345299344078
f3net_deepfakebench,external,1,official,623,deepfakes_faces_c23/675_608,ffpp_test:50,1,deepfakes,webp50,1.5366973876953125,0.822984109588046
f3net_deepfakebench,external,1,official,624,face2face_faces_c23/608_675,ffpp_test:50,1,face2face,webp50,3.1950550079345703,0.9606477637534905
f3net_deepfakebench,external,1,official,625,face2face_faces_c23/675_608,ffpp_test:50,1,face2face,webp50,-0.24651718139648438,0.43868092428477373
f3net_deepfakebench,external,1,official,626,faceswap_faces_c23/608_675,ffpp_test:50,1,faceswap,webp50,3.57440185546875,0.9727321883632278
f3net_deepfakebench,external,1,official,627,faceswap_faces_c23/675_608,ffpp_test:50,1,faceswap,webp50,2.3635482788085938,0.9140051094060958
f3net_deepfakebench,external,1,official,628,neuraltextures_faces_c23/608_675,ffpp_test:50,1,neuraltextures,webp50,-2.890625,0.052618953347713764
f3net_deepfakebench,external,1,official,629,neuraltextures_faces_c23/675_608,ffpp_test:50,1,neuraltextures,webp50,-3.2473602294921875,0.037421859716866596
f3net_deepfakebench,external,1,official,630,original_faces_c23/386,ffpp_test:14,0,real,webp50,-3.59912109375,0.02661975757251782
f3net_deepfakebench,external,1,official,631,original_faces_c23/154,ffpp_test:14,0,real,webp50,-4.517303466796875,0.010800501432025546
f3net_deepfakebench,external,1,official,632,deepfakes_faces_c23/386_154,ffpp_test:14,1,deepfakes,webp50,5.7032470703125,0.9966759675497665
f3net_deepfakebench,external,1,official,633,deepfakes_faces_c23/154_386,ffpp_test:14,1,deepfakes,webp50,4.953155517578125,0.9929884170979144
f3net_deepfakebench,external,1,official,634,face2face_faces_c23/386_154,ffpp_test:14,1,face2face,webp50,0.3245849609375,0.5804412340623619
f3net_deepfakebench,external,1,official,635,face2face_faces_c23/154_386,ffpp_test:14,1,face2face,webp50,2.7918701171875,0.9422349162046711
f3net_deepfakebench,external,1,official,636,faceswap_faces_c23/386_154,ffpp_test:14,1,faceswap,webp50,4.449670791625977,0.9884524904817029
f3net_deepfakebench,external,1,official,637,faceswap_faces_c23/154_386,ffpp_test:14,1,faceswap,webp50,4.1160430908203125,0.9839527927671621
f3net_deepfakebench,external,1,official,638,neuraltextures_faces_c23/386_154,ffpp_test:14,1,neuraltextures,webp50,-1.1282825469970703,0.24447819002142968
f3net_deepfakebench,external,1,official,639,neuraltextures_faces_c23/154_386,ffpp_test:14,1,neuraltextures,webp50,-3.259796142578125,0.036976467812983436
f3net_deepfakebench,external,1,official,640,original_faces_c23/220,ffpp_test:20,0,real,webp50,-3.1050357818603516,0.04290001114388361
f3net_deepfakebench,external,1,official,641,original_faces_c23/219,ffpp_test:20,0,real,webp50,-2.8446502685546875,0.05495851134085872
f3net_deepfakebench,external,1,official,642,deepfakes_faces_c23/220_219,ffpp_test:20,1,deepfakes,webp50,-0.25402069091796875,0.4368341187136648
f3net_deepfakebench,external,1,official,643,deepfakes_faces_c23/219_220,ffpp_test:20,1,deepfakes,webp50,6.3413543701171875,0.9982411845461397
f3net_deepfakebench,external,1,official,644,face2face_faces_c23/220_219,ffpp_test:20,1,face2face,webp50,1.3094329833984375,0.7874182580142555
f3net_deepfakebench,external,1,official,645,face2face_faces_c23/219_220,ffpp_test:20,1,face2face,webp50,3.0797481536865234,0.9560496035496187
f3net_deepfakebench,external,1,official,646,faceswap_faces_c23/220_219,ffpp_test:20,1,faceswap,webp50,4.548553466796875,0.9895283153589676
f3net_deepfakebench,external,1,official,647,faceswap_faces_c23/219_220,ffpp_test:20,1,faceswap,webp50,0.0685882568359375,0.5171403452219835
f3net_deepfakebench,external,1,official,648,neuraltextures_faces_c23/220_219,ffpp_test:20,1,neuraltextures,webp50,1.1617188453674316,0.761644897698616
f3net_deepfakebench,external,1,official,649,neuraltextures_faces_c23/219_220,ffpp_test:20,1,neuraltextures,webp50,-0.9561767578125,0.2776443242695223
f3net_deepfakebench,external,1,official,650,original_faces_c23/801,ffpp_test:63,0,real,webp50,-4.78265380859375,0.008304209779565022
f3net_deepfakebench,external,1,official,651,original_faces_c23/855,ffpp_test:63,0,real,webp50,-7.3414306640625,0.000647702820766875
f3net_deepfakebench,external,1,official,652,deepfakes_faces_c23/801_855,ffpp_test:63,1,deepfakes,webp50,0.2190399169921875,0.554542082884125
f3net_deepfakebench,external,1,official,653,deepfakes_faces_c23/855_801,ffpp_test:63,1,deepfakes,webp50,-0.2908668518066406,0.42779166065097257
f3net_deepfakebench,external,1,official,654,face2face_faces_c23/801_855,ffpp_test:63,1,face2face,webp50,-1.7304458618164062,0.15053055801696513
f3net_deepfakebench,external,1,official,655,face2face_faces_c23/855_801,ffpp_test:63,1,face2face,webp50,2.2753753662109375,0.9068170001800506
f3net_deepfakebench,external,1,official,656,faceswap_faces_c23/801_855,ffpp_test:63,1,faceswap,webp50,1.8873672485351562,0.8684550543866608
f3net_deepfakebench,external,1,official,657,faceswap_faces_c23/855_801,ffpp_test:63,1,faceswap,webp50,2.8659896850585938,0.9461393488814922
f3net_deepfakebench,external,1,official,658,neuraltextures_faces_c23/801_855,ffpp_test:63,1,neuraltextures,webp50,-2.4286956787109375,0.0810105180324607
f3net_deepfakebench,external,1,official,659,neuraltextures_faces_c23/855_801,ffpp_test:63,1,neuraltextures,webp50,-4.136260986328125,0.015731076790897754
f3net_deepfakebench,external,1,official,660,original_faces_c23/161,ffpp_test:13,0,real,webp50,-3.6297760009765625,0.025836875831607046
f3net_deepfakebench,external,1,official,661,original_faces_c23/141,ffpp_test:13,0,real,webp50,-3.7841796875,0.022222438342954693
f3net_deepfakebench,external,1,official,662,deepfakes_faces_c23/161_141,ffpp_test:13,1,deepfakes,webp50,6.2564697265625,0.998085666759918
f3net_deepfakebench,external,1,official,663,deepfakes_faces_c23/141_161,ffpp_test:13,1,deepfakes,webp50,2.2108001708984375,0.9012151860092098
f3net_deepfakebench,external,1,official,664,face2face_faces_c23/161_141,ffpp_test:13,1,face2face,webp50,5.229042053222656,0.9946699059889447
f3net_deepfakebench,external,1,official,665,face2face_faces_c23/141_161,ffpp_test:13,1,face2face,webp50,-0.6792068481445312,0.3364383488555743
f3net_deepfakebench,external,1,official,666,faceswap_faces_c23/161_141,ffpp_test:13,1,faceswap,webp50,5.183614730834961,0.9944235715243083
f3net_deepfakebench,external,1,official,667,faceswap_faces_c23/141_161,ffpp_test:13,1,faceswap,webp50,2.1604461669921875,0.8966409048286808
f3net_deepfakebench,external,1,official,668,neuraltextures_faces_c23/161_141,ffpp_test:13,1,neuraltextures,webp50,0.7534046173095703,0.6799200952491903
f3net_deepfakebench,external,1,official,669,neuraltextures_faces_c23/141_161,ffpp_test:13,1,neuraltextures,webp50,-0.3741035461425781,0.4075498335374137
f3net_deepfakebench,external,1,official,670,original_faces_c23/949,ffpp_test:66,0,real,webp50,-2.5843124389648438,0.07015489476440835
f3net_deepfakebench,external,1,official,671,original_faces_c23/868,ffpp_test:66,0,real,webp50,-5.22503662109375,0.005351371677335179
f3net_deepfakebench,external,1,official,672,deepfakes_faces_c23/949_868,ffpp_test:66,1,deepfakes,webp50,3.8209915161132812,0.9785635191465748
f3net_deepfakebench,external,1,official,673,deepfakes_faces_c23/868_949,ffpp_test:66,1,deepfakes,webp50,3.486522674560547,0.9703018563456248
f3net_deepfakebench,external,1,official,674,face2face_faces_c23/949_868,ffpp_test:66,1,face2face,webp50,2.05633544921875,0.8865862170052381
f3net_deepfakebench,external,1,official,675,face2face_faces_c23/868_949,ffpp_test:66,1,face2face,webp50,-1.895071029663086,0.13066735431332058
f3net_deepfakebench,external,1,official,676,faceswap_faces_c23/949_868,ffpp_test:66,1,faceswap,webp50,1.5188379287719727,0.820367295953113
f3net_deepfakebench,external,1,official,677,faceswap_faces_c23/868_949,ffpp_test:66,1,faceswap,webp50,0.24957275390625,0.5620713382683995
f3net_deepfakebench,external,1,official,678,neuraltextures_faces_c23/949_868,ffpp_test:66,1,neuraltextures,webp50,-0.5091239213943481,0.3753989212527429
f3net_deepfakebench,external,1,official,679,neuraltextures_faces_c23/868_949,ffpp_test:66,1,neuraltextures,webp50,-2.432098388671875,0.08075755460814167
f3net_deepfakebench,external,1,official,680,original_faces_c23/880,ffpp_test:11,0,real,webp50,-3.73590087890625,0.023296024731660175
f3net_deepfakebench,external,1,official,681,original_faces_c23/135,ffpp_test:11,0,real,webp50,-4.084320068359375,0.01655587063202407
f3net_deepfakebench,external,1,official,682,deepfakes_faces_c23/880_135,ffpp_test:11,1,deepfakes,webp50,-1.9332542419433594,0.1263908220692862
f3net_deepfakebench,external,1,official,683,deepfakes_faces_c23/135_880,ffpp_test:11,1,deepfakes,webp50,7.3021240234375,0.9993263486742595
f3net_deepfakebench,external,1,official,684,face2face_faces_c23/880_135,ffpp_test:11,1,face2face,webp50,-1.4413375854492188,0.19133830124833073
f3net_deepfakebench,external,1,official,685,face2face_faces_c23/135_880,ffpp_test:11,1,face2face,webp50,5.01873779296875,0.9934305744927399
f3net_deepfakebench,external,1,official,686,faceswap_faces_c23/880_135,ffpp_test:11,1,faceswap,webp50,4.46307373046875,0.9886044765487828
f3net_deepfakebench,external,1,official,687,faceswap_faces_c23/135_880,ffpp_test:11,1,faceswap,webp50,4.778961181640625,0.9916653252356582
f3net_deepfakebench,external,1,official,688,neuraltextures_faces_c23/880_135,ffpp_test:11,1,neuraltextures,webp50,-1.96099853515625,0.1233590237830917
f3net_deepfakebench,external,1,official,689,neuraltextures_faces_c23/135_880,ffpp_test:11,1,neuraltextures,webp50,-1.8297462463378906,0.138268505228796
f3net_deepfakebench,external,1,official,690,original_faces_c23/429,ffpp_test:35,0,real,webp50,-4.557670593261719,0.010377633129101081
f3net_deepfakebench,external,1,official,691,original_faces_c23/404,ffpp_test:35,0,real,webp50,-4.60113525390625,0.009940622699143534
f3net_deepfakebench,external,1,official,692,deepfakes_faces_c23/429_404,ffpp_test:35,1,deepfakes,webp50,5.890625,0.9972423776326046
f3net_deepfakebench,external,1,official,693,deepfakes_faces_c23/404_429,ffpp_test:35,1,deepfakes,webp50,-4.1261138916015625,0.01588896494386238
f3net_deepfakebench,external,1,official,694,face2face_faces_c23/429_404,ffpp_test:35,1,face2face,webp50,0.35048961639404297,0.5867363045799914
f3net_deepfakebench,external,1,official,695,face2face_faces_c23/404_429,ffpp_test:35,1,face2face,webp50,4.198949813842773,0.985210674257303
f3net_deepfakebench,external,1,official,696,faceswap_faces_c23/429_404,ffpp_test:35,1,faceswap,webp50,0.34543752670288086,0.5855107555419405
f3net_deepfakebench,external,1,official,697,faceswap_faces_c23/404_429,ffpp_test:35,1,faceswap,webp50,1.3043441772460938,0.7865651930961396
f3net_deepfakebench,external,1,official,698,neuraltextures_faces_c23/429_404,ffpp_test:35,1,neuraltextures,webp50,-2.9333181381225586,0.05053089125896759
f3net_deepfakebench,external,1,official,699,neuraltextures_faces_c23/404_429,ffpp_test:35,1,neuraltextures,webp50,-2.3805999755859375,0.0846640584015269
f3net_deepfakebench,external,1,official,0,original_faces_c23/953,ffpp_test:68,0,real,h264_crf35,-2.760589599609375,0.05949136804417444
f3net_deepfakebench,external,1,official,1,original_faces_c23/974,ffpp_test:68,0,real,h264_crf35,-3.205718994140625,0.03895107322642871
f3net_deepfakebench,external,1,official,2,deepfakes_faces_c23/953_974,ffpp_test:68,1,deepfakes,h264_crf35,1.5802459716796875,0.8292393507448146
f3net_deepfakebench,external,1,official,3,deepfakes_faces_c23/974_953,ffpp_test:68,1,deepfakes,h264_crf35,1.9465446472167969,0.8750693817256181
f3net_deepfakebench,external,1,official,4,face2face_faces_c23/953_974,ffpp_test:68,1,face2face,h264_crf35,4.2635345458984375,0.9861228117833062
f3net_deepfakebench,external,1,official,5,face2face_faces_c23/974_953,ffpp_test:68,1,face2face,h264_crf35,2.0751850605010986,0.8884677992929472
f3net_deepfakebench,external,1,official,6,faceswap_faces_c23/953_974,ffpp_test:68,1,faceswap,h264_crf35,1.1739234924316406,0.7638534730732074
f3net_deepfakebench,external,1,official,7,faceswap_faces_c23/974_953,ffpp_test:68,1,faceswap,h264_crf35,1.937448501586914,0.8740715668198976
f3net_deepfakebench,external,1,official,8,neuraltextures_faces_c23/953_974,ffpp_test:68,1,neuraltextures,h264_crf35,-1.3434867858886719,0.20693724266238334
f3net_deepfakebench,external,1,official,9,neuraltextures_faces_c23/974_953,ffpp_test:68,1,neuraltextures,h264_crf35,-1.237767219543457,0.2248248725971378
f3net_deepfakebench,external,1,official,10,original_faces_c23/012,ffpp_test:1,0,real,h264_crf35,-0.4528489112854004,0.3886836257602133
f3net_deepfakebench,external,1,official,11,original_faces_c23/026,ffpp_test:1,0,real,h264_crf35,-3.1561050415039062,0.04085139537673557
f3net_deepfakebench,external,1,official,12,deepfakes_faces_c23/012_026,ffpp_test:1,1,deepfakes,h264_crf35,-1.823495864868164,0.13901492541260943
f3net_deepfakebench,external,1,official,13,deepfakes_faces_c23/026_012,ffpp_test:1,1,deepfakes,h264_crf35,5.06817626953125,0.993745477230205
f3net_deepfakebench,external,1,official,14,face2face_faces_c23/012_026,ffpp_test:1,1,face2face,h264_crf35,2.864278793334961,0.9460520958057302
f3net_deepfakebench,external,1,official,15,face2face_faces_c23/026_012,ffpp_test:1,1,face2face,h264_crf35,-0.7486581802368164,0.32111374690115674
f3net_deepfakebench,external,1,official,16,faceswap_faces_c23/012_026,ffpp_test:1,1,faceswap,h264_crf35,1.4577407836914062,0.811186890319752
f3net_deepfakebench,external,1,official,17,faceswap_faces_c23/026_012,ffpp_test:1,1,faceswap,h264_crf35,5.813941955566406,0.9970232499028483
f3net_deepfakebench,external,1,official,18,neuraltextures_faces_c23/012_026,ffpp_test:1,1,neuraltextures,h264_crf35,2.3722991943359375,0.9146904420670163
f3net_deepfakebench,external,1,official,19,neuraltextures_faces_c23/026_012,ffpp_test:1,1,neuraltextures,h264_crf35,-2.3610496520996094,0.08619148534103113
f3net_deepfakebench,external,1,official,20,original_faces_c23/078,ffpp_test:8,0,real,h264_crf35,-1.14617919921875,0.2411876597342111
f3net_deepfakebench,external,1,official,21,original_faces_c23/955,ffpp_test:8,0,real,h264_crf35,-2.3185348510742188,0.08959950178630535
f3net_deepfakebench,external,1,official,22,deepfakes_faces_c23/078_955,ffpp_test:8,1,deepfakes,h264_crf35,2.2110037803649902,0.9012333111411075
f3net_deepfakebench,external,1,official,23,deepfakes_faces_c23/955_078,ffpp_test:8,1,deepfakes,h264_crf35,0.9380960464477539,0.718714907286593
f3net_deepfakebench,external,1,official,24,face2face_faces_c23/078_955,ffpp_test:8,1,face2face,h264_crf35,-0.07529449462890625,0.481185264306822
f3net_deepfakebench,external,1,official,25,face2face_faces_c23/955_078,ffpp_test:8,1,face2face,h264_crf35,-0.7612638473510742,0.3183719341864908
f3net_deepfakebench,external,1,official,26,faceswap_faces_c23/078_955,ffpp_test:8,1,faceswap,h264_crf35,3.770540237426758,0.9774792561607373
f3net_deepfakebench,external,1,official,27,faceswap_faces_c23/955_078,ffpp_test:8,1,faceswap,h264_crf35,5.2471923828125,0.9947652744267155
f3net_deepfakebench,external,1,official,28,neuraltextures_faces_c23/078_955,ffpp_test:8,1,neuraltextures,h264_crf35,1.056610107421875,0.7420421996570103
f3net_deepfakebench,external,1,official,29,neuraltextures_faces_c23/955_078,ffpp_test:8,1,neuraltextures,h264_crf35,1.7120485305786133,0.8471017993151119
f3net_deepfakebench,external,1,official,30,original_faces_c23/623,ffpp_test:51,0,real,h264_crf35,1.7387313842773438,0.8505258560004222
f3net_deepfakebench,external,1,official,31,original_faces_c23/630,ffpp_test:51,0,real,h264_crf35,-2.171985626220703,0.10229454859847534
f3net_deepfakebench,external,1,official,32,deepfakes_faces_c23/623_630,ffpp_test:51,1,deepfakes,h264_crf35,5.661563873291016,0.9965349732183618
f3net_deepfakebench,external,1,official,33,deepfakes_faces_c23/630_623,ffpp_test:51,1,deepfakes,h264_crf35,3.6790924072265625,0.975375782558554
f3net_deepfakebench,external,1,official,34,face2face_faces_c23/623_630,ffpp_test:51,1,face2face,h264_crf35,2.1945810317993164,0.899761829194232
f3net_deepfakebench,external,1,official,35,face2face_faces_c23/630_623,ffpp_test:51,1,face2face,h264_crf35,1.3010978698730469,0.7860196947615299
f3net_deepfakebench,external,1,official,36,faceswap_faces_c23/623_630,ffpp_test:51,1,faceswap,h264_crf35,3.0402164459228516,0.9543582582183772
f3net_deepfakebench,external,1,official,37,faceswap_faces_c23/630_623,ffpp_test:51,1,faceswap,h264_crf35,6.321533203125,0.998206038141317
f3net_deepfakebench,external,1,official,38,neuraltextures_faces_c23/623_630,ffpp_test:51,1,neuraltextures,h264_crf35,1.504293441772461,0.8182139548976168
f3net_deepfakebench,external,1,official,39,neuraltextures_faces_c23/630_623,ffpp_test:51,1,neuraltextures,h264_crf35,1.1829795837402344,0.7654831178584911
f3net_deepfakebench,external,1,official,40,original_faces_c23/919,ffpp_test:2,0,real,h264_crf35,-1.3651342391967773,0.20340712090838065
f3net_deepfakebench,external,1,official,41,original_faces_c23/015,ffpp_test:2,0,real,h264_crf35,-1.011911392211914,0.2666059548722432
f3net_deepfakebench,external,1,official,42,deepfakes_faces_c23/919_015,ffpp_test:2,1,deepfakes,h264_crf35,4.7119293212890625,0.9910926330371463
f3net_deepfakebench,external,1,official,43,deepfakes_faces_c23/015_919,ffpp_test:2,1,deepfakes,h264_crf35,-1.13726806640625,0.2428223003272461
f3net_deepfakebench,external,1,official,44,face2face_faces_c23/919_015,ffpp_test:2,1,face2face,h264_crf35,1.3535003662109375,0.794701306075222
f3net_deepfakebench,external,1,official,45,face2face_faces_c23/015_919,ffpp_test:2,1,face2face,h264_crf35,1.5368132591247559,0.8230009892527252
f3net_deepfakebench,external,1,official,46,faceswap_faces_c23/919_015,ffpp_test:2,1,faceswap,h264_crf35,4.9958038330078125,0.9932791948956389
f3net_deepfakebench,external,1,official,47,faceswap_faces_c23/015_919,ffpp_test:2,1,faceswap,h264_crf35,2.672698974609375,0.9353963223314805
f3net_deepfakebench,external,1,official,48,neuraltextures_faces_c23/919_015,ffpp_test:2,1,neuraltextures,h264_crf35,0.8069610595703125,0.6914615467321791
f3net_deepfakebench,external,1,official,49,neuraltextures_faces_c23/015_919,ffpp_test:2,1,neuraltextures,h264_crf35,0.7815437316894531,0.6860127280548557
f3net_deepfakebench,external,1,official,50,original_faces_c23/367,ffpp_test:30,0,real,h264_crf35,-0.7234616279602051,0.32663116480323834
f3net_deepfakebench,external,1,official,51,original_faces_c23/371,ffpp_test:30,0,real,h264_crf35,-1.717742919921875,0.15216211831581894
f3net_deepfakebench,external,1,official,52,deepfakes_faces_c23/367_371,ffpp_test:30,1,deepfakes,h264_crf35,4.006500244140625,0.982128242932832
f3net_deepfakebench,external,1,official,53,deepfakes_faces_c23/371_367,ffpp_test:30,1,deepfakes,h264_crf35,6.980712890625,0.9990712231931762
f3net_deepfakebench,external,1,official,54,face2face_faces_c23/367_371,ffpp_test:30,1,face2face,h264_crf35,2.2793655395507812,0.9071536226655028
f3net_deepfakebench,external,1,official,55,face2face_faces_c23/371_367,ffpp_test:30,1,face2face,h264_crf35,2.72216796875,0.9383221214410389
f3net_deepfakebench,external,1,official,56,faceswap_faces_c23/367_371,ffpp_test:30,1,faceswap,h264_crf35,5.280059814453125,0.9949336721797895
f3net_deepfakebench,external,1,official,57,faceswap_faces_c23/371_367,ffpp_test:30,1,faceswap,h264_crf35,3.450836181640625,0.9692560675841553
f3net_deepfakebench,external,1,official,58,neuraltextures_faces_c23/367_371,ffpp_test:30,1,neuraltextures,h264_crf35,0.04262733459472656,0.510655220240004
f3net_deepfakebench,external,1,official,59,neuraltextures_faces_c23/371_367,ffpp_test:30,1,neuraltextures,h264_crf35,-0.8876590728759766,0.29159314873771125
f3net_deepfakebench,external,1,official,60,original_faces_c23/847,ffpp_test:65,0,real,h264_crf35,-1.8063929080963135,0.14107464077068724
f3net_deepfakebench,external,1,official,61,original_faces_c23/906,ffpp_test:65,0,real,h264_crf35,0.5592861175537109,0.6362873455736137
f3net_deepfakebench,external,1,official,62,deepfakes_faces_c23/847_906,ffpp_test:65,1,deepfakes,h264_crf35,6.321044921875,0.9982051635420714
f3net_deepfakebench,external,1,official,63,deepfakes_faces_c23/906_847,ffpp_test:65,1,deepfakes,h264_crf35,3.0316197872161865,0.9539823340000262
f3net_deepfakebench,external,1,official,64,face2face_faces_c23/847_906,ffpp_test:65,1,face2face,h264_crf35,1.2395129203796387,0.775479219631543
f3net_deepfakebench,external,1,official,65,face2face_faces_c23/906_847,ffpp_test:65,1,face2face,h264_crf35,5.17327880859375,0.9943659615118424
f3net_deepfakebench,external,1,official,66,faceswap_faces_c23/847_906,ffpp_test:65,1,faceswap,h264_crf35,4.771617889404297,0.9916044117473047
f3net_deepfakebench,external,1,official,67,faceswap_faces_c23/906_847,ffpp_test:65,1,faceswap,h264_crf35,4.5067138671875,0.9890857727824778
f3net_deepfakebench,external,1,official,68,neuraltextures_faces_c23/847_906,ffpp_test:65,1,neuraltextures,h264_crf35,1.9504446983337402,0.8754951235431389
f3net_deepfakebench,external,1,official,69,neuraltextures_faces_c23/906_847,ffpp_test:65,1,neuraltextures,h264_crf35,2.163300037384033,0.8969050908722455
f3net_deepfakebench,external,1,official,70,original_faces_c23/529,ffpp_test:46,0,real,h264_crf35,-2.7382659912109375,0.0607527737768254
f3net_deepfakebench,external,1,official,71,original_faces_c23/633,ffpp_test:46,0,real,h264_crf35,-0.6809612512588501,0.33604679505294643
f3net_deepfakebench,external,1,official,72,deepfakes_faces_c23/529_633,ffpp_test:46,1,deepfakes,h264_crf35,2.5153656005859375,0.9252120099949868
f3net_deepfakebench,external,1,official,73,deepfakes_faces_c23/633_529,ffpp_test:46,1,deepfakes,h264_crf35,3.5385475158691406,0.971764886223839
f3net_deepfakebench,external,1,official,74,face2face_faces_c23/529_633,ffpp_test:46,1,face2face,h264_crf35,3.1221923828125,0.9577989335658172
f3net_deepfakebench,external,1,official,75,face2face_faces_c23/633_529,ffpp_test:46,1,face2face,h264_crf35,0.9645063877105713,0.7240231512159911
f3net_deepfakebench,external,1,official,76,faceswap_faces_c23/529_633,ffpp_test:46,1,faceswap,h264_crf35,5.44384765625,0.9956957878166015
f3net_deepfakebench,external,1,official,77,faceswap_faces_c23/633_529,ffpp_test:46,1,faceswap,h264_crf35,2.7770328521728516,0.9414220305236844
f3net_deepfakebench,external,1,official,78,neuraltextures_faces_c23/529_633,ffpp_test:46,1,neuraltextures,h264_crf35,-1.759328842163086,0.1468744175076154
f3net_deepfakebench,external,1,official,79,neuraltextures_faces_c23/633_529,ffpp_test:46,1,neuraltextures,h264_crf35,-0.4464092254638672,0.390214843260341
f3net_deepfakebench,external,1,official,80,original_faces_c23/418,ffpp_test:36,0,real,h264_crf35,0.35811328887939453,0.5885836378962224
f3net_deepfakebench,external,1,official,81,original_faces_c23/507,ffpp_test:36,0,real,h264_crf35,-1.4133682250976562,0.19570334234984782
f3net_deepfakebench,external,1,official,82,deepfakes_faces_c23/418_507,ffpp_test:36,1,deepfakes,h264_crf35,0.5205063819885254,0.627266167732477
f3net_deepfakebench,external,1,official,83,deepfakes_faces_c23/507_418,ffpp_test:36,1,deepfakes,h264_crf35,4.498138427734375,0.9889928106721314
f3net_deepfakebench,external,1,official,84,face2face_faces_c23/418_507,ffpp_test:36,1,face2face,h264_crf35,4.036102294921875,0.9826404806531828
f3net_deepfakebench,external,1,official,85,face2face_faces_c23/507_418,ffpp_test:36,1,face2face,h264_crf35,1.6930975914001465,0.8446310890579452
f3net_deepfakebench,external,1,official,86,faceswap_faces_c23/418_507,ffpp_test:36,1,faceswap,h264_crf35,2.063061475753784,0.8872607698425852
f3net_deepfakebench,external,1,official,87,faceswap_faces_c23/507_418,ffpp_test:36,1,faceswap,h264_crf35,2.4954333305358887,0.9238210587471306
f3net_deepfakebench,external,1,official,88,neuraltextures_faces_c23/418_507,ffpp_test:36,1,neuraltextures,h264_crf35,-0.7205295562744141,0.32727638169095585
f3net_deepfakebench,external,1,official,89,neuraltextures_faces_c23/507_418,ffpp_test:36,1,neuraltextures,h264_crf35,-0.13004684448242188,0.46753403185025755
f3net_deepfakebench,external,1,official,90,original_faces_c23/227,ffpp_test:16,0,real,h264_crf35,-0.61429762840271,0.35107947519104804
f3net_deepfakebench,external,1,official,91,original_faces_c23/169,ffpp_test:16,0,real,h264_crf35,-0.1390209197998047,0.4653006377396773
f3net_deepfakebench,external,1,official,92,deepfakes_faces_c23/227_169,ffpp_test:16,1,deepfakes,h264_crf35,5.76446533203125,0.9968727382384688
f3net_deepfakebench,external,1,official,93,deepfakes_faces_c23/169_227,ffpp_test:16,1,deepfakes,h264_crf35,1.3375701904296875,0.7920900761599912
f3net_deepfakebench,external,1,official,94,face2face_faces_c23/227_169,ffpp_test:16,1,face2face,h264_crf35,0.7796783447265625,0.6856107857224089
f3net_deepfakebench,external,1,official,95,face2face_faces_c23/169_227,ffpp_test:16,1,face2face,h264_crf35,2.4779129028320312,0.9225788539568756
f3net_deepfakebench,external,1,official,96,faceswap_faces_c23/227_169,ffpp_test:16,1,faceswap,h264_crf35,1.5265731811523438,0.8215043763462181
f3net_deepfakebench,external,1,official,97,faceswap_faces_c23/169_227,ffpp_test:16,1,faceswap,h264_crf35,2.707578659057617,0.9374723648827219
f3net_deepfakebench,external,1,official,98,neuraltextures_faces_c23/227_169,ffpp_test:16,1,neuraltextures,h264_crf35,-0.5084223747253418,0.375563430480693
f3net_deepfakebench,external,1,official,99,neuraltextures_faces_c23/169_227,ffpp_test:16,1,neuraltextures,h264_crf35,0.5501422882080078,0.6341686023324923
f3net_deepfakebench,external,1,official,100,original_faces_c23/389,ffpp_test:33,0,real,h264_crf35,-2.265838623046875,0.0939919864355962
f3net_deepfakebench,external,1,official,101,original_faces_c23/480,ffpp_test:33,0,real,h264_crf35,-0.9529123306274414,0.27829950609602716
f3net_deepfakebench,external,1,official,102,deepfakes_faces_c23/389_480,ffpp_test:33,1,deepfakes,h264_crf35,5.3135986328125,0.9950999541816105
f3net_deepfakebench,external,1,official,103,deepfakes_faces_c23/480_389,ffpp_test:33,1,deepfakes,h264_crf35,0.859532356262207,0.7025629409068066
f3net_deepfakebench,external,1,official,104,face2face_faces_c23/389_480,ffpp_test:33,1,face2face,h264_crf35,1.372323989868164,0.7977553696109284
f3net_deepfakebench,external,1,official,105,face2face_faces_c23/480_389,ffpp_test:33,1,face2face,h264_crf35,2.211179733276367,0.9012489719260852
f3net_deepfakebench,external,1,official,106,faceswap_faces_c23/389_480,ffpp_test:33,1,faceswap,h264_crf35,6.0458984375,0.9976380392817189
f3net_deepfakebench,external,1,official,107,faceswap_faces_c23/480_389,ffpp_test:33,1,faceswap,h264_crf35,4.764518737792969,0.9915451038495849
f3net_deepfakebench,external,1,official,108,neuraltextures_faces_c23/389_480,ffpp_test:33,1,neuraltextures,h264_crf35,-0.3667030334472656,0.4093379244957986
f3net_deepfakebench,external,1,official,109,neuraltextures_faces_c23/480_389,ffpp_test:33,1,neuraltextures,h264_crf35,1.3082075119018555,0.7872130531753564
f3net_deepfakebench,external,1,official,110,original_faces_c23/821,ffpp_test:64,0,real,h264_crf35,-0.20200157165527344,0.44967063010834546
f3net_deepfakebench,external,1,official,111,original_faces_c23/812,ffpp_test:64,0,real,h264_crf35,-0.5430774688720703,0.36747197541995524
f3net_deepfakebench,external,1,official,112,deepfakes_faces_c23/821_812,ffpp_test:64,1,deepfakes,h264_crf35,2.0257568359375,0.8834749674054277
f3net_deepfakebench,external,1,official,113,deepfakes_faces_c23/812_821,ffpp_test:64,1,deepfakes,h264_crf35,3.207843780517578,0.9611283879145114
f3net_deepfakebench,external,1,official,114,face2face_faces_c23/821_812,ffpp_test:64,1,face2face,h264_crf35,4.044441223144531,0.9827821564544995
f3net_deepfakebench,external,1,official,115,face2face_faces_c23/812_821,ffpp_test:64,1,face2face,h264_crf35,3.7835769653320312,0.9777644615751995
f3net_deepfakebench,external,1,official,116,faceswap_faces_c23/821_812,ffpp_test:64,1,faceswap,h264_crf35,4.389684677124023,0.9877473496469374
f3net_deepfakebench,external,1,official,117,faceswap_faces_c23/812_821,ffpp_test:64,1,faceswap,h264_crf35,5.23565673828125,0.9947048604581387
f3net_deepfakebench,external,1,official,118,neuraltextures_faces_c23/821_812,ffpp_test:64,1,neuraltextures,h264_crf35,0.4892311096191406,0.6199252846986012
f3net_deepfakebench,external,1,official,119,neuraltextures_faces_c23/812_821,ffpp_test:64,1,neuraltextures,h264_crf35,-0.1607189178466797,0.4599065364933542
f3net_deepfakebench,external,1,official,120,original_faces_c23/670,ffpp_test:54,0,real,h264_crf35,-1.7923431396484375,0.14278568790682794
f3net_deepfakebench,external,1,official,121,original_faces_c23/661,ffpp_test:54,0,real,h264_crf35,-0.5780906677246094,0.3593720492281377
f3net_deepfakebench,external,1,official,122,deepfakes_faces_c23/670_661,ffpp_test:54,1,deepfakes,h264_crf35,6.546875,0.9985674634052898
f3net_deepfakebench,external,1,official,123,deepfakes_faces_c23/661_670,ffpp_test:54,1,deepfakes,h264_crf35,6.510284423828125,0.9985141545976368
f3net_deepfakebench,external,1,official,124,face2face_faces_c23/670_661,ffpp_test:54,1,face2face,h264_crf35,2.886648178100586,0.947182448213213
f3net_deepfakebench,external,1,official,125,face2face_faces_c23/661_670,ffpp_test:54,1,face2face,h264_crf35,3.350757598876953,0.9661296356287941
f3net_deepfakebench,external,1,official,126,faceswap_faces_c23/670_661,ffpp_test:54,1,faceswap,h264_crf35,6.0665283203125,0.9976861554856049
f3net_deepfakebench,external,1,official,127,faceswap_faces_c23/661_670,ffpp_test:54,1,faceswap,h264_crf35,5.853668212890625,0.9971388552116082
f3net_deepfakebench,external,1,official,128,neuraltextures_faces_c23/670_661,ffpp_test:54,1,neuraltextures,h264_crf35,1.7725753784179688,0.8547776522278128
f3net_deepfakebench,external,1,official,129,neuraltextures_faces_c23/661_670,ffpp_test:54,1,neuraltextures,h264_crf35,-1.0210762023925781,0.2648178223716204
f3net_deepfakebench,external,1,official,130,original_faces_c23/158,ffpp_test:15,0,real,h264_crf35,-0.285563588142395,0.4290903193800126
f3net_deepfakebench,external,1,official,131,original_faces_c23/379,ffpp_test:15,0,real,h264_crf35,-2.263458251953125,0.09419488886936037
f3net_deepfakebench,external,1,official,132,deepfakes_faces_c23/158_379,ffpp_test:15,1,deepfakes,h264_crf35,-0.13544082641601562,0.4661914602021189
f3net_deepfakebench,external,1,official,133,deepfakes_faces_c23/379_158,ffpp_test:15,1,deepfakes,h264_crf35,3.5053253173828125,0.9708389114269131
f3net_deepfakebench,external,1,official,134,face2face_faces_c23/158_379,ffpp_test:15,1,face2face,h264_crf35,0.8705673217773438,0.7048637321455598
f3net_deepfakebench,external,1,official,135,face2face_faces_c23/379_158,ffpp_test:15,1,face2face,h264_crf35,2.388927459716797,0.9159790606970437
f3net_deepfakebench,external,1,official,136,faceswap_faces_c23/158_379,ffpp_test:15,1,faceswap,h264_crf35,1.0793828964233398,0.746377184452016
f3net_deepfakebench,external,1,official,137,faceswap_faces_c23/379_158,ffpp_test:15,1,faceswap,h264_crf35,3.7142364978790283,0.9762059144335237
f3net_deepfakebench,external,1,official,138,neuraltextures_faces_c23/158_379,ffpp_test:15,1,neuraltextures,h264_crf35,0.2539348602294922,0.563144765958066
f3net_deepfakebench,external,1,official,139,neuraltextures_faces_c23/379_158,ffpp_test:15,1,neuraltextures,h264_crf35,-1.2791728973388672,0.21769104763904473
f3net_deepfakebench,external,1,official,140,original_faces_c23/423,ffpp_test:37,0,real,h264_crf35,-1.5387229919433594,0.17672099085812565
f3net_deepfakebench,external,1,official,141,original_faces_c23/421,ffpp_test:37,0,real,h264_crf35,-2.1077890396118164,0.10834206964329818
f3net_deepfakebench,external,1,official,142,deepfakes_faces_c23/423_421,ffpp_test:37,1,deepfakes,h264_crf35,5.18475341796875,0.9944298823687714
f3net_deepfakebench,external,1,official,143,deepfakes_faces_c23/421_423,ffpp_test:37,1,deepfakes,h264_crf35,1.9325141906738281,0.8735274416994093
f3net_deepfakebench,external,1,official,144,face2face_faces_c23/423_421,ffpp_test:37,1,face2face,h264_crf35,-0.576939582824707,0.35963709921989934
f3net_deepfakebench,external,1,official,145,face2face_faces_c23/421_423,ffpp_test:37,1,face2face,h264_crf35,2.2819294929504395,0.9073693486992556
f3net_deepfakebench,external,1,official,146,faceswap_faces_c23/423_421,ffpp_test:37,1,faceswap,h264_crf35,0.4296073913574219,0.6057799132172195
f3net_deepfakebench,external,1,official,147,faceswap_faces_c23/421_423,ffpp_test:37,1,faceswap,h264_crf35,3.3748626708984375,0.9669096279935845
f3net_deepfakebench,external,1,official,148,neuraltextures_faces_c23/423_421,ffpp_test:37,1,neuraltextures,h264_crf35,-1.3986129760742188,0.19803630344606218
f3net_deepfakebench,external,1,official,149,neuraltextures_faces_c23/421_423,ffpp_test:37,1,neuraltextures,h264_crf35,1.874870777130127,0.8670208616692014
f3net_deepfakebench,external,1,official,150,original_faces_c23/352,ffpp_test:28,0,real,h264_crf35,-3.3398666381835938,0.03422856595629305
f3net_deepfakebench,external,1,official,151,original_faces_c23/319,ffpp_test:28,0,real,h264_crf35,-2.6976776123046875,0.06311053400885965
f3net_deepfakebench,external,1,official,152,deepfakes_faces_c23/352_319,ffpp_test:28,1,deepfakes,h264_crf35,1.02728271484375,0.736388754395466
f3net_deepfakebench,external,1,official,153,deepfakes_faces_c23/319_352,ffpp_test:28,1,deepfakes,h264_crf35,2.010380744934082,0.8818826884868903
f3net_deepfakebench,external,1,official,154,face2face_faces_c23/352_319,ffpp_test:28,1,face2face,h264_crf35,0.6344821453094482,0.6535050791794063
f3net_deepfakebench,external,1,official,155,face2face_faces_c23/319_352,ffpp_test:28,1,face2face,h264_crf35,0.313262939453125,0.5776815071775404
f3net_deepfakebench,external,1,official,156,faceswap_faces_c23/352_319,ffpp_test:28,1,faceswap,h264_crf35,3.028148651123047,0.9538297106293244
f3net_deepfakebench,external,1,official,157,faceswap_faces_c23/319_352,ffpp_test:28,1,faceswap,h264_crf35,2.1563644409179688,0.8962620139225866
f3net_deepfakebench,external,1,official,158,neuraltextures_faces_c23/352_319,ffpp_test:28,1,neuraltextures,h264_crf35,1.4314008951187134,0.8071194976119467
f3net_deepfakebench,external,1,official,159,neuraltextures_faces_c23/319_352,ffpp_test:28,1,neuraltextures,h264_crf35,-2.6371264457702637,0.06678691112349713
f3net_deepfakebench,external,1,official,160,original_faces_c23/579,ffpp_test:48,0,real,h264_crf35,-0.35185694694519043,0.41293218883241045
f3net_deepfakebench,external,1,official,161,original_faces_c23/701,ffpp_test:48,0,real,h264_crf35,0.06781005859375,0.5169460217072201
f3net_deepfakebench,external,1,official,162,deepfakes_faces_c23/579_701,ffpp_test:48,1,deepfakes,h264_crf35,1.3052444458007812,0.7867162915408675
f3net_deepfakebench,external,1,official,163,deepfakes_faces_c23/701_579,ffpp_test:48,1,deepfakes,h264_crf35,1.8889083862304688,0.8686310153497317
f3net_deepfakebench,external,1,official,164,face2face_faces_c23/579_701,ffpp_test:48,1,face2face,h264_crf35,2.8760528564453125,0.9466498685634995
f3net_deepfakebench,external,1,official,165,face2face_faces_c23/701_579,ffpp_test:48,1,face2face,h264_crf35,1.7225723266601562,0.8484598716320593
f3net_deepfakebench,external,1,official,166,faceswap_faces_c23/579_701,ffpp_test:48,1,faceswap,h264_crf35,5.116729736328125,0.9940401348995062
f3net_deepfakebench,external,1,official,167,faceswap_faces_c23/701_579,ffpp_test:48,1,faceswap,h264_crf35,4.026154518127441,0.9824699725837585
f3net_deepfakebench,external,1,official,168,neuraltextures_faces_c23/579_701,ffpp_test:48,1,neuraltextures,h264_crf35,-0.7049655914306641,0.33071221322753785
f3net_deepfakebench,external,1,official,169,neuraltextures_faces_c23/701_579,ffpp_test:48,1,neuraltextures,h264_crf35,0.44959449768066406,0.6105428178151979
f3net_deepfakebench,external,1,official,170,original_faces_c23/488,ffpp_test:34,0,real,h264_crf35,-2.1723899841308594,0.10225742223138136
f3net_deepfakebench,external,1,official,171,original_faces_c23/399,ffpp_test:34,0,real,h264_crf35,4.2904052734375,0.9864857643632035
f3net_deepfakebench,external,1,official,172,deepfakes_faces_c23/488_399,ffpp_test:34,1,deepfakes,h264_crf35,5.852783203125,0.9971363292041422
f3net_deepfakebench,external,1,official,173,deepfakes_faces_c23/399_488,ffpp_test:34,1,deepfakes,h264_crf35,3.66705322265625,0.9750849661752129
f3net_deepfakebench,external,1,official,174,face2face_faces_c23/488_399,ffpp_test:34,1,face2face,h264_crf35,3.360860824584961,0.9664586926638341
f3net_deepfakebench,external,1,official,175,face2face_faces_c23/399_488,ffpp_test:34,1,face2face,h264_crf35,5.7442626953125,0.9968091204416917
f3net_deepfakebench,external,1,official,176,faceswap_faces_c23/488_399,ffpp_test:34,1,faceswap,h264_crf35,3.3543152809143066,0.9662458613727423
f3net_deepfakebench,external,1,official,177,faceswap_faces_c23/399_488,ffpp_test:34,1,faceswap,h264_crf35,5.70794677734375,0.9966915013124907
f3net_deepfakebench,external,1,official,178,neuraltextures_faces_c23/488_399,ffpp_test:34,1,neuraltextures,h264_crf35,-1.2685985565185547,0.21949725048829666
f3net_deepfakebench,external,1,official,179,neuraltextures_faces_c23/399_488,ffpp_test:34,1,neuraltextures,h264_crf35,6.06585693359375,0.9976846050776553
f3net_deepfakebench,external,1,official,180,original_faces_c23/695,ffpp_test:38,0,real,h264_crf35,1.01123046875,0.733260884899279
f3net_deepfakebench,external,1,official,181,original_faces_c23/422,ffpp_test:38,0,real,h264_crf35,1.723447561264038,0.8485723712317762
f3net_deepfakebench,external,1,official,182,deepfakes_faces_c23/695_422,ffpp_test:38,1,deepfakes,h264_crf35,0.8008823394775391,0.6901631904534062
f3net_deepfakebench,external,1,official,183,deepfakes_faces_c23/422_695,ffpp_test:38,1,deepfakes,h264_crf35,5.12835693359375,0.9941086242337277
f3net_deepfakebench,external,1,official,184,face2face_faces_c23/695_422,ffpp_test:38,1,face2face,h264_crf35,-0.03921699523925781,0.490197007552558
f3net_deepfakebench,external,1,official,185,face2face_faces_c23/422_695,ffpp_test:38,1,face2face,h264_crf35,5.593505859375,0.9962918452807137
f3net_deepfakebench,external,1,official,186,faceswap_faces_c23/695_422,ffpp_test:38,1,faceswap,h264_crf35,1.8897933959960938,0.8687319719106862
f3net_deepfakebench,external,1,official,187,faceswap_faces_c23/422_695,ffpp_test:38,1,faceswap,h264_crf35,4.8302001953125,0.9920783313488734
f3net_deepfakebench,external,1,official,188,neuraltextures_faces_c23/695_422,ffpp_test:38,1,neuraltextures,h264_crf35,-0.9266448020935059,0.28360590691720416
f3net_deepfakebench,external,1,official,189,neuraltextures_faces_c23/422_695,ffpp_test:38,1,neuraltextures,h264_crf35,2.4778976440429688,0.9225777640586096
f3net_deepfakebench,external,1,official,190,original_faces_c23/288,ffpp_test:25,0,real,h264_crf35,1.7762298583984375,0.8552307052241758
f3net_deepfakebench,external,1,official,191,original_faces_c23/321,ffpp_test:25,0,real,h264_crf35,-0.12041425704956055,0.4699327571937769
f3net_deepfakebench,external,1,official,192,deepfakes_faces_c23/288_321,ffpp_test:25,1,deepfakes,h264_crf35,7.373779296875,0.9993729012867337
f3net_deepfakebench,external,1,official,193,deepfakes_faces_c23/321_288,ffpp_test:25,1,deepfakes,h264_crf35,4.6195068359375,0.9902385685319814
f3net_deepfakebench,external,1,official,194,face2face_faces_c23/288_321,ffpp_test:25,1,face2face,h264_crf35,4.2427215576171875,0.9858350934644999
f3net_deepfakebench,external,1,official,195,face2face_faces_c23/321_288,ffpp_test:25,1,face2face,h264_crf35,2.449462890625,0.9205221641727334
f3net_deepfakebench,external,1,official,196,faceswap_faces_c23/288_321,ffpp_test:25,1,faceswap,h264_crf35,5.517578125,0.9960004988794968
f3net_deepfakebench,external,1,official,197,faceswap_faces_c23/321_288,ffpp_test:25,1,faceswap,h264_crf35,4.472808837890625,0.9887136289543244
f3net_deepfakebench,external,1,official,198,neuraltextures_faces_c23/288_321,ffpp_test:25,1,neuraltextures,h264_crf35,1.7157601118087769,0.8475819055110678
f3net_deepfakebench,external,1,official,199,neuraltextures_faces_c23/321_288,ffpp_test:25,1,neuraltextures,h264_crf35,1.6468124389648438,0.8384597769340763
f3net_deepfakebench,external,1,official,200,original_faces_c23/705,ffpp_test:57,0,real,h264_crf35,3.6203651428222656,0.9739251992259272
f3net_deepfakebench,external,1,official,201,original_faces_c23/707,ffpp_test:57,0,real,h264_crf35,-4.25823974609375,0.013949832307497781
f3net_deepfakebench,external,1,official,202,deepfakes_faces_c23/705_707,ffpp_test:57,1,deepfakes,h264_crf35,3.544949531555176,0.9719400145109314
f3net_deepfakebench,external,1,official,203,deepfakes_faces_c23/707_705,ffpp_test:57,1,deepfakes,h264_crf35,3.431976318359375,0.9686890661486616
f3net_deepfakebench,external,1,official,204,face2face_faces_c23/705_707,ffpp_test:57,1,face2face,h264_crf35,5.073516845703125,0.9937785836905549
f3net_deepfakebench,external,1,official,205,face2face_faces_c23/707_705,ffpp_test:57,1,face2face,h264_crf35,1.0355753898620605,0.7379953727755958
f3net_deepfakebench,external,1,official,206,faceswap_faces_c23/705_707,ffpp_test:57,1,faceswap,h264_crf35,5.428253173828125,0.9956284354859165
f3net_deepfakebench,external,1,official,207,faceswap_faces_c23/707_705,ffpp_test:57,1,faceswap,h264_crf35,5.404449462890625,0.995523599041655
f3net_deepfakebench,external,1,official,208,neuraltextures_faces_c23/705_707,ffpp_test:57,1,neuraltextures,h264_crf35,4.85443115234375,0.9922665074698847
f3net_deepfakebench,external,1,official,209,neuraltextures_faces_c23/707_705,ffpp_test:57,1,neuraltextures,h264_crf35,-2.688861846923828,0.06363380099128421
f3net_deepfakebench,external,1,official,210,original_faces_c23/306,ffpp_test:24,0,real,h264_crf35,0.8583755493164062,0.7023211483466322
f3net_deepfakebench,external,1,official,211,original_faces_c23/278,ffpp_test:24,0,real,h264_crf35,1.5537524223327637,0.825455037594333
f3net_deepfakebench,external,1,official,212,deepfakes_faces_c23/306_278,ffpp_test:24,1,deepfakes,h264_crf35,6.425537109375,0.9983829559585556
f3net_deepfakebench,external,1,official,213,deepfakes_faces_c23/278_306,ffpp_test:24,1,deepfakes,h264_crf35,3.3626708984375,0.9665173190235192
f3net_deepfakebench,external,1,official,214,face2face_faces_c23/306_278,ffpp_test:24,1,face2face,h264_crf35,2.6355538368225098,0.9331150069908163
f3net_deepfakebench,external,1,official,215,face2face_faces_c23/278_306,ffpp_test:24,1,face2face,h264_crf35,5.73187255859375,0.99676946758332
f3net_deepfakebench,external,1,official,216,faceswap_faces_c23/306_278,ffpp_test:24,1,faceswap,h264_crf35,4.8998260498046875,0.9926071822900384
f3net_deepfakebench,external,1,official,217,faceswap_faces_c23/278_306,ffpp_test:24,1,faceswap,h264_crf35,3.649272918701172,0.9746493382426838
f3net_deepfakebench,external,1,official,218,neuraltextures_faces_c23/306_278,ffpp_test:24,1,neuraltextures,h264_crf35,2.0568180084228516,0.8866347298114508
f3net_deepfakebench,external,1,official,219,neuraltextures_faces_c23/278_306,ffpp_test:24,1,neuraltextures,h264_crf35,2.8965578079223633,0.94767601453186
f3net_deepfakebench,external,1,official,220,original_faces_c23/865,ffpp_test:61,0,real,h264_crf35,-2.4756455421447754,0.07758325232015133
f3net_deepfakebench,external,1,official,221,original_faces_c23/739,ffpp_test:61,0,real,h264_crf35,-2.853790283203125,0.054485723035054015
f3net_deepfakebench,external,1,official,222,deepfakes_faces_c23/865_739,ffpp_test:61,1,deepfakes,h264_crf35,4.30792236328125,0.9867173160553854
f3net_deepfakebench,external,1,official,223,deepfakes_faces_c23/739_865,ffpp_test:61,1,deepfakes,h264_crf35,5.954833984375,0.9974134333539426
f3net_deepfakebench,external,1,official,224,face2face_faces_c23/865_739,ffpp_test:61,1,face2face,h264_crf35,-2.4309182167053223,0.08084520894442936
f3net_deepfakebench,external,1,official,225,face2face_faces_c23/739_865,ffpp_test:61,1,face2face,h264_crf35,3.1671981811523438,0.9595810551426323
f3net_deepfakebench,external,1,official,226,faceswap_faces_c23/865_739,ffpp_test:61,1,faceswap,h264_crf35,4.070892333984375,0.9832240768569258
f3net_deepfakebench,external,1,official,227,faceswap_faces_c23/739_865,ffpp_test:61,1,faceswap,h264_crf35,6.2750244140625,0.9981207929800241
f3net_deepfakebench,external,1,official,228,neuraltextures_faces_c23/865_739,ffpp_test:61,1,neuraltextures,h264_crf35,-2.7738494873046875,0.058753768081642385
f3net_deepfakebench,external,1,official,229,neuraltextures_faces_c23/739_865,ffpp_test:61,1,neuraltextures,h264_crf35,-1.1152191162109375,0.24689916485809862
f3net_deepfakebench,external,1,official,230,original_faces_c23/995,ffpp_test:21,0,real,h264_crf35,-0.010061502456665039,0.49748464560571154
f3net_deepfakebench,external,1,official,231,original_faces_c23/233,ffpp_test:21,0,real,h264_crf35,-5.74981689453125,0.0031732619876241705
f3net_deepfakebench,external,1,official,232,deepfakes_faces_c23/995_233,ffpp_test:21,1,deepfakes,h264_crf35,-1.9596490859985352,0.12350502952684439
f3net_deepfakebench,external,1,official,233,deepfakes_faces_c23/233_995,ffpp_test:21,1,deepfakes,h264_crf35,4.359375,0.9873750507184357
f3net_deepfakebench,external,1,official,234,face2face_faces_c23/995_233,ffpp_test:21,1,face2face,h264_crf35,5.273944854736328,0.9949027552724063
f3net_deepfakebench,external,1,official,235,face2face_faces_c23/233_995,ffpp_test:21,1,face2face,h264_crf35,-3.924041748046875,0.01937813138746516
f3net_deepfakebench,external,1,official,236,faceswap_faces_c23/995_233,ffpp_test:21,1,faceswap,h264_crf35,-0.3839912414550781,0.40516461997220476
f3net_deepfakebench,external,1,official,237,faceswap_faces_c23/233_995,ffpp_test:21,1,faceswap,h264_crf35,1.726715087890625,0.8489917615416348
f3net_deepfakebench,external,1,official,238,neuraltextures_faces_c23/995_233,ffpp_test:21,1,neuraltextures,h264_crf35,1.9425621032714844,0.8746333474963768
f3net_deepfakebench,external,1,official,239,neuraltextures_faces_c23/233_995,ffpp_test:21,1,neuraltextures,h264_crf35,-5.093076705932617,0.006101643968979609
f3net_deepfakebench,external,1,official,240,original_faces_c23/755,ffpp_test:62,0,real,h264_crf35,-3.1105971336364746,0.042672243856314095
f3net_deepfakebench,external,1,official,241,original_faces_c23/759,ffpp_test:62,0,real,h264_crf35,-2.4809226989746094,0.07720643824021375
f3net_deepfakebench,external,1,official,242,deepfakes_faces_c23/755_759,ffpp_test:62,1,deepfakes,h264_crf35,6.9578857421875,0.9990497984096434
f3net_deepfakebench,external,1,official,243,deepfakes_faces_c23/759_755,ffpp_test:62,1,deepfakes,h264_crf35,-0.15140914916992188,0.46221986010633065
f3net_deepfakebench,external,1,official,244,face2face_faces_c23/755_759,ffpp_test:62,1,face2face,h264_crf35,-0.21453094482421875,0.4465720187945545
f3net_deepfakebench,external,1,official,245,face2face_faces_c23/759_755,ffpp_test:62,1,face2face,h264_crf35,1.1487798690795898,0.75928798449243
f3net_deepfakebench,external,1,official,246,faceswap_faces_c23/755_759,ffpp_test:62,1,faceswap,h264_crf35,0.8471126556396484,0.6999611055624376
f3net_deepfakebench,external,1,official,247,faceswap_faces_c23/759_755,ffpp_test:62,1,faceswap,h264_crf35,2.6056060791015625,0.9312215070455346
f3net_deepfakebench,external,1,official,248,neuraltextures_faces_c23/755_759,ffpp_test:62,1,neuraltextures,h264_crf35,-0.9142842292785645,0.28612395204459057
f3net_deepfakebench,external,1,official,249,neuraltextures_faces_c23/759_755,ffpp_test:62,1,neuraltextures,h264_crf35,0.79254150390625,0.6883767800774145
f3net_deepfakebench,external,1,official,250,original_faces_c23/467,ffpp_test:43,0,real,h264_crf35,-0.45156097412109375,0.3889896946285288
f3net_deepfakebench,external,1,official,251,original_faces_c23/462,ffpp_test:43,0,real,h264_crf35,-2.156209945678711,0.10375235137052144
f3net_deepfakebench,external,1,official,252,deepfakes_faces_c23/467_462,ffpp_test:43,1,deepfakes,h264_crf35,-1.4155311584472656,0.19536311303739462
f3net_deepfakebench,external,1,official,253,deepfakes_faces_c23/462_467,ffpp_test:43,1,deepfakes,h264_crf35,3.3197479248046875,0.9651001020933352
f3net_deepfakebench,external,1,official,254,face2face_faces_c23/467_462,ffpp_test:43,1,face2face,h264_crf35,3.730987548828125,0.9765919184625185
f3net_deepfakebench,external,1,official,255,face2face_faces_c23/462_467,ffpp_test:43,1,face2face,h264_crf35,1.084869384765625,0.7474143626720432
f3net_deepfakebench,external,1,official,256,faceswap_faces_c23/467_462,ffpp_test:43,1,faceswap,h264_crf35,1.533803939819336,0.8225621944401479
f3net_deepfakebench,external,1,official,257,faceswap_faces_c23/462_467,ffpp_test:43,1,faceswap,h264_crf35,4.616065979003906,0.9902052525408568
f3net_deepfakebench,external,1,official,258,neuraltextures_faces_c23/467_462,ffpp_test:43,1,neuraltextures,h264_crf35,1.1114215850830078,0.7523940438394153
f3net_deepfakebench,external,1,official,259,neuraltextures_faces_c23/462_467,ffpp_test:43,1,neuraltextures,h264_crf35,-1.7051868438720703,0.153789046922937
f3net_deepfakebench,external,1,official,260,original_faces_c23/314,ffpp_test:27,0,real,h264_crf35,-1.8387222290039062,0.13720248239292224
f3net_deepfakebench,external,1,official,261,original_faces_c23/347,ffpp_test:27,0,real,h264_crf35,-2.1800460815429688,0.10155672320427597
f3net_deepfakebench,external,1,official,262,deepfakes_faces_c23/314_347,ffpp_test:27,1,deepfakes,h264_crf35,6.05389404296875,0.9976568052133368
f3net_deepfakebench,external,1,official,263,deepfakes_faces_c23/347_314,ffpp_test:27,1,deepfakes,h264_crf35,1.9940252304077148,0.880168336870897
f3net_deepfakebench,external,1,official,264,face2face_faces_c23/314_347,ffpp_test:27,1,face2face,h264_crf35,-1.463357925415039,0.18795427646141236
f3net_deepfakebench,external,1,official,265,face2face_faces_c23/347_314,ffpp_test:27,1,face2face,h264_crf35,-0.5766849517822266,0.3596957424005621
f3net_deepfakebench,external,1,official,266,faceswap_faces_c23/314_347,ffpp_test:27,1,faceswap,h264_crf35,2.3092803955078125,0.9096427263951704
f3net_deepfakebench,external,1,official,267,faceswap_faces_c23/347_314,ffpp_test:27,1,faceswap,h264_crf35,2.907806396484375,0.9482309885891281
f3net_deepfakebench,external,1,official,268,neuraltextures_faces_c23/314_347,ffpp_test:27,1,neuraltextures,h264_crf35,-0.7798652648925781,0.31434892528864333
f3net_deepfakebench,external,1,official,269,neuraltextures_faces_c23/347_314,ffpp_test:27,1,neuraltextures,h264_crf35,-1.333404541015625,0.20859677182180394
f3net_deepfakebench,external,1,official,270,original_faces_c23/741,ffpp_test:60,0,real,h264_crf35,-0.9690513610839844,0.27506962644303984
f3net_deepfakebench,external,1,official,271,original_faces_c23/731,ffpp_test:60,0,real,h264_crf35,0.052860260009765625,0.5132119887263219
f3net_deepfakebench,external,1,official,272,deepfakes_faces_c23/741_731,ffpp_test:60,1,deepfakes,h264_crf35,0.7484130859375,0.6788328202706075
f3net_deepfakebench,external,1,official,273,deepfakes_faces_c23/731_741,ffpp_test:60,1,deepfakes,h264_crf35,5.849609375,0.9971272521181216
f3net_deepfakebench,external,1,official,274,face2face_faces_c23/741_731,ffpp_test:60,1,face2face,h264_crf35,2.677323341369629,0.9356752109909124
f3net_deepfakebench,external,1,official,275,face2face_faces_c23/731_741,ffpp_test:60,1,face2face,h264_crf35,3.40655517578125,0.9679087738174061
f3net_deepfakebench,external,1,official,276,faceswap_faces_c23/741_731,ffpp_test:60,1,faceswap,h264_crf35,4.779487609863281,0.9916696751484217
f3net_deepfakebench,external,1,official,277,faceswap_faces_c23/731_741,ffpp_test:60,1,faceswap,h264_crf35,3.2813339233398438,0.9637828736306637
f3net_deepfakebench,external,1,official,278,neuraltextures_faces_c23/741_731,ffpp_test:60,1,neuraltextures,h264_crf35,-0.5123701095581055,0.3746380810867451
f3net_deepfakebench,external,1,official,279,neuraltextures_faces_c23/731_741,ffpp_test:60,1,neuraltextures,h264_crf35,1.667205810546875,0.8412029275108928
f3net_deepfakebench,external,1,official,280,original_faces_c23/970,ffpp_test:69,0,real,h264_crf35,-2.124847412109375,0.10670513762104922
f3net_deepfakebench,external,1,official,281,original_faces_c23/973,ffpp_test:69,0,real,h264_crf35,-0.5323638916015625,0.36996571680773394
f3net_deepfakebench,external,1,official,282,deepfakes_faces_c23/970_973,ffpp_test:69,1,deepfakes,h264_crf35,3.0977115631103516,0.9567982505215645
f3net_deepfakebench,external,1,official,283,deepfakes_faces_c23/973_970,ffpp_test:69,1,deepfakes,h264_crf35,5.87744140625,0.9972058838094362
f3net_deepfakebench,external,1,official,284,face2face_faces_c23/970_973,ffpp_test:69,1,face2face,h264_crf35,1.079183578491211,0.746339452056882
f3net_deepfakebench,external,1,official,285,face2face_faces_c23/973_970,ffpp_test:69,1,face2face,h264_crf35,2.72395396232605,0.9384254026491853
f3net_deepfakebench,external,1,official,286,faceswap_faces_c23/970_973,ffpp_test:69,1,faceswap,h264_crf35,2.383749008178711,0.9155796602408436
f3net_deepfakebench,external,1,official,287,faceswap_faces_c23/973_970,ffpp_test:69,1,faceswap,h264_crf35,2.9823107719421387,0.9517685584631409
f3net_deepfakebench,external,1,official,288,neuraltextures_faces_c23/970_973,ffpp_test:69,1,neuraltextures,h264_crf35,-1.3505926132202148,0.20577350367939526
f3net_deepfakebench,external,1,official,289,neuraltextures_faces_c23/973_970,ffpp_test:69,1,neuraltextures,h264_crf35,0.19252416491508484,0.5479829232361514
f3net_deepfakebench,external,1,official,290,original_faces_c23/634,ffpp_test:53,0,real,h264_crf35,-1.9776763916015625,0.12156675392024811
f3net_deepfakebench,external,1,official,291,original_faces_c23/660,ffpp_test:53,0,real,h264_crf35,0.8441371917724609,0.6993358403060673
f3net_deepfakebench,external,1,official,292,deepfakes_faces_c23/634_660,ffpp_test:53,1,deepfakes,h264_crf35,-0.059322357177734375,0.48517375842143123
f3net_deepfakebench,external,1,official,293,deepfakes_faces_c23/660_634,ffpp_test:53,1,deepfakes,h264_crf35,6.56494140625,0.9985930757231584
f3net_deepfakebench,external,1,official,294,face2face_faces_c23/634_660,ffpp_test:53,1,face2face,h264_crf35,-1.3214797973632812,0.21057219911525854
f3net_deepfakebench,external,1,official,295,face2face_faces_c23/660_634,ffpp_test:53,1,face2face,h264_crf35,5.345001220703125,0.9952507179344049
f3net_deepfakebench,external,1,official,296,faceswap_faces_c23/634_660,ffpp_test:53,1,faceswap,h264_crf35,1.6188621520996094,0.834638146893152
f3net_deepfakebench,external,1,official,297,faceswap_faces_c23/660_634,ffpp_test:53,1,faceswap,h264_crf35,6.20037841796875,0.9979754443322214
f3net_deepfakebench,external,1,official,298,neuraltextures_faces_c23/634_660,ffpp_test:53,1,neuraltextures,h264_crf35,-1.7503166198730469,0.14800726746242998
f3net_deepfakebench,external,1,official,299,neuraltextures_faces_c23/660_634,ffpp_test:53,1,neuraltextures,h264_crf35,2.424530029296875,0.9186788167002549
f3net_deepfakebench,external,1,official,300,original_faces_c23/494,ffpp_test:40,0,real,h264_crf35,0.0760183334350586,0.5189954366910927
f3net_deepfakebench,external,1,official,301,original_faces_c23/445,ffpp_test:40,0,real,h264_crf35,-1.1675338745117188,0.23730103728708918
f3net_deepfakebench,external,1,official,302,deepfakes_faces_c23/494_445,ffpp_test:40,1,deepfakes,h264_crf35,1.4643373489379883,0.8121951647845334
f3net_deepfakebench,external,1,official,303,deepfakes_faces_c23/445_494,ffpp_test:40,1,deepfakes,h264_crf35,3.63818359375,0.9743738961605521
f3net_deepfakebench,external,1,official,304,face2face_faces_c23/494_445,ffpp_test:40,1,face2face,h264_crf35,2.3018722534179688,0.909031979546936
f3net_deepfakebench,external,1,official,305,face2face_faces_c23/445_494,ffpp_test:40,1,face2face,h264_crf35,0.45600128173828125,0.6120651414038423
f3net_deepfakebench,external,1,official,306,faceswap_faces_c23/494_445,ffpp_test:40,1,faceswap,h264_crf35,1.856196641921997,0.864853019466309
f3net_deepfakebench,external,1,official,307,faceswap_faces_c23/445_494,ffpp_test:40,1,faceswap,h264_crf35,3.7862548828125,0.9778226080703224
f3net_deepfakebench,external,1,official,308,neuraltextures_faces_c23/494_445,ffpp_test:40,1,neuraltextures,h264_crf35,0.8743596076965332,0.7056520312377579
f3net_deepfakebench,external,1,official,309,neuraltextures_faces_c23/445_494,ffpp_test:40,1,neuraltextures,h264_crf35,0.7580070495605469,0.6809208863780966
f3net_deepfakebench,external,1,official,310,original_faces_c23/706,ffpp_test:44,0,real,h264_crf35,-1.2737255096435547,0.21862017333620748
f3net_deepfakebench,external,1,official,311,original_faces_c23/479,ffpp_test:44,0,real,h264_crf35,-2.916046142578125,0.05136602131969101
f3net_deepfakebench,external,1,official,312,deepfakes_faces_c23/706_479,ffpp_test:44,1,deepfakes,h264_crf35,1.3896026611328125,0.8005288026883799
f3net_deepfakebench,external,1,official,313,deepfakes_faces_c23/479_706,ffpp_test:44,1,deepfakes,h264_crf35,7.3197021484375,0.9993380789630286
f3net_deepfakebench,external,1,official,314,face2face_faces_c23/706_479,ffpp_test:44,1,face2face,h264_crf35,0.6738739013671875,0.6623700470775705
f3net_deepfakebench,external,1,official,315,face2face_faces_c23/479_706,ffpp_test:44,1,face2face,h264_crf35,3.8120460510253906,0.978375064989353
f3net_deepfakebench,external,1,official,316,faceswap_faces_c23/706_479,ffpp_test:44,1,faceswap,h264_crf35,2.4403629302978516,0.9198538481228086
f3net_deepfakebench,external,1,official,317,faceswap_faces_c23/479_706,ffpp_test:44,1,faceswap,h264_crf35,2.1373538970947266,0.8944811195642635
f3net_deepfakebench,external,1,official,318,neuraltextures_faces_c23/706_479,ffpp_test:44,1,neuraltextures,h264_crf35,-1.231180191040039,0.2259749314500706
f3net_deepfakebench,external,1,official,319,neuraltextures_faces_c23/479_706,ffpp_test:44,1,neuraltextures,h264_crf35,0.8683242797851562,0.7043968958866201
f3net_deepfakebench,external,1,official,320,original_faces_c23/186,ffpp_test:17,0,real,h264_crf35,-1.0604419708251953,0.25722500255829367
f3net_deepfakebench,external,1,official,321,original_faces_c23/170,ffpp_test:17,0,real,h264_crf35,-2.2210311889648438,0.09787771495342021
f3net_deepfakebench,external,1,official,322,deepfakes_faces_c23/186_170,ffpp_test:17,1,deepfakes,h264_crf35,-2.170318603515625,0.10244773344045231
f3net_deepfakebench,external,1,official,323,deepfakes_faces_c23/170_186,ffpp_test:17,1,deepfakes,h264_crf35,5.16033935546875,0.9942930051931839
f3net_deepfakebench,external,1,official,324,face2face_faces_c23/186_170,ffpp_test:17,1,face2face,h264_crf35,0.054615020751953125,0.5136503623310322
f3net_deepfakebench,external,1,official,325,face2face_faces_c23/170_186,ffpp_test:17,1,face2face,h264_crf35,3.8796844482421875,0.979760746578053
f3net_deepfakebench,external,1,official,326,faceswap_faces_c23/186_170,ffpp_test:17,1,faceswap,h264_crf35,3.1162891387939453,0.9575596777434587
f3net_deepfakebench,external,1,official,327,faceswap_faces_c23/170_186,ffpp_test:17,1,faceswap,h264_crf35,0.5966529846191406,0.6448901890765345
f3net_deepfakebench,external,1,official,328,neuraltextures_faces_c23/186_170,ffpp_test:17,1,neuraltextures,h264_crf35,-1.6119766235351562,0.16631436622153103
f3net_deepfakebench,external,1,official,329,neuraltextures_faces_c23/170_186,ffpp_test:17,1,neuraltextures,h264_crf35,-0.6797075271606445,0.33632658262881043
f3net_deepfakebench,external,1,official,330,original_faces_c23/176,ffpp_test:18,0,real,h264_crf35,-2.3405609130859375,0.0878189714874373
f3net_deepfakebench,external,1,official,331,original_faces_c23/190,ffpp_test:18,0,real,h264_crf35,0.29895973205566406,0.574188194994492
f3net_deepfakebench,external,1,official,332,deepfakes_faces_c23/176_190,ffpp_test:18,1,deepfakes,h264_crf35,6.651611328125,0.998709728261743
f3net_deepfakebench,external,1,official,333,deepfakes_faces_c23/190_176,ffpp_test:18,1,deepfakes,h264_crf35,0.46333789825439453,0.6138057190569575
f3net_deepfakebench,external,1,official,334,face2face_faces_c23/176_190,ffpp_test:18,1,face2face,h264_crf35,5.026611328125,0.9934817601715141
f3net_deepfakebench,external,1,official,335,face2face_faces_c23/190_176,ffpp_test:18,1,face2face,h264_crf35,4.9327392578125,0.9928448302995002
f3net_deepfakebench,external,1,official,336,faceswap_faces_c23/176_190,ffpp_test:18,1,faceswap,h264_crf35,5.913665771484375,0.9973050197142465
f3net_deepfakebench,external,1,official,337,faceswap_faces_c23/190_176,ffpp_test:18,1,faceswap,h264_crf35,1.3186330795288086,0.7889541966803808
f3net_deepfakebench,external,1,official,338,neuraltextures_faces_c23/176_190,ffpp_test:18,1,neuraltextures,h264_crf35,-0.15236282348632812,0.4619828113025685
f3net_deepfakebench,external,1,official,339,neuraltextures_faces_c23/190_176,ffpp_test:18,1,neuraltextures,h264_crf35,0.6662273406982422,0.6606578836495464
f3net_deepfakebench,external,1,official,340,original_faces_c23/380,ffpp_test:29,0,real,h264_crf35,0.04108428955078125,0.5102696279034561
f3net_deepfakebench,external,1,official,341,original_faces_c23/358,ffpp_test:29,0,real,h264_crf35,-0.7307796478271484,0.32502366239111385
f3net_deepfakebench,external,1,official,342,deepfakes_faces_c23/380_358,ffpp_test:29,1,deepfakes,h264_crf35,4.0919952392578125,0.9835686321833506
f3net_deepfakebench,external,1,official,343,deepfakes_faces_c23/358_380,ffpp_test:29,1,deepfakes,h264_crf35,0.7686777114868164,0.6832347867901046
f3net_deepfakebench,external,1,official,344,face2face_faces_c23/380_358,ffpp_test:29,1,face2face,h264_crf35,1.5613937377929688,0.8265532543219722
f3net_deepfakebench,external,1,official,345,face2face_faces_c23/358_380,ffpp_test:29,1,face2face,h264_crf35,0.7803492546081543,0.6857553814207621
f3net_deepfakebench,external,1,official,346,faceswap_faces_c23/380_358,ffpp_test:29,1,faceswap,h264_crf35,0.5633373260498047,0.6372243809310018
f3net_deepfakebench,external,1,official,347,faceswap_faces_c23/358_380,ffpp_test:29,1,faceswap,h264_crf35,-0.6779608726501465,0.3367165665403017
f3net_deepfakebench,external,1,official,348,neuraltextures_faces_c23/380_358,ffpp_test:29,1,neuraltextures,h264_crf35,-0.015714645385742188,0.4960714195001706
f3net_deepfakebench,external,1,official,349,neuraltextures_faces_c23/358_380,ffpp_test:29,1,neuraltextures,h264_crf35,-0.27266693115234375,0.4322524848435639
f3net_deepfakebench,external,1,official,350,original_faces_c23/214,ffpp_test:19,0,real,h264_crf35,-1.7553672790527344,0.14737150530858448
f3net_deepfakebench,external,1,official,351,original_faces_c23/255,ffpp_test:19,0,real,h264_crf35,-1.1700963973999023,0.23683756043197246
f3net_deepfakebench,external,1,official,352,deepfakes_faces_c23/214_255,ffpp_test:19,1,deepfakes,h264_crf35,5.04058837890625,0.9935716506158379
f3net_deepfakebench,external,1,official,353,deepfakes_faces_c23/255_214,ffpp_test:19,1,deepfakes,h264_crf35,0.024071812629699707,0.5060176625812645
f3net_deepfakebench,external,1,official,354,face2face_faces_c23/214_255,ffpp_test:19,1,face2face,h264_crf35,3.6504688262939453,0.9746788699674976
f3net_deepfakebench,external,1,official,355,face2face_faces_c23/255_214,ffpp_test:19,1,face2face,h264_crf35,4.387901306152344,0.9877257475743895
f3net_deepfakebench,external,1,official,356,faceswap_faces_c23/214_255,ffpp_test:19,1,faceswap,h264_crf35,3.2614097595214844,0.9630809488984892
f3net_deepfakebench,external,1,official,357,faceswap_faces_c23/255_214,ffpp_test:19,1,faceswap,h264_crf35,3.524179458618164,0.9713679734353852
f3net_deepfakebench,external,1,official,358,neuraltextures_faces_c23/214_255,ffpp_test:19,1,neuraltextures,h264_crf35,-0.9610519409179688,0.2766676282201335
f3net_deepfakebench,external,1,official,359,neuraltextures_faces_c23/255_214,ffpp_test:19,1,neuraltextures,h264_crf35,1.1330604553222656,0.7564032529632259
f3net_deepfakebench,external,1,official,360,original_faces_c23/454,ffpp_test:42,0,real,h264_crf35,1.2432060241699219,0.7761215761160751
f3net_deepfakebench,external,1,official,361,original_faces_c23/527,ffpp_test:42,0,real,h264_crf35,-0.3000068664550781,0.42555580462718334
f3net_deepfakebench,external,1,official,362,deepfakes_faces_c23/454_527,ffpp_test:42,1,deepfakes,h264_crf35,6.5733642578125,0.9986048598071888
f3net_deepfakebench,external,1,official,363,deepfakes_faces_c23/527_454,ffpp_test:42,1,deepfakes,h264_crf35,5.39056396484375,0.9954612925201395
f3net_deepfakebench,external,1,official,364,face2face_faces_c23/454_527,ffpp_test:42,1,face2face,h264_crf35,4.0902862548828125,0.983540989803679
f3net_deepfakebench,external,1,official,365,face2face_faces_c23/527_454,ffpp_test:42,1,face2face,h264_crf35,-0.22559356689453125,0.4438395849570266
f3net_deepfakebench,external,1,official,366,faceswap_faces_c23/454_527,ffpp_test:42,1,faceswap,h264_crf35,4.83636474609375,0.9921266313662608
f3net_deepfakebench,external,1,official,367,faceswap_faces_c23/527_454,ffpp_test:42,1,faceswap,h264_crf35,2.793590545654297,0.942328484951751
f3net_deepfakebench,external,1,official,368,neuraltextures_faces_c23/454_527,ffpp_test:42,1,neuraltextures,h264_crf35,0.6372413635253906,0.6541296011264436
f3net_deepfakebench,external,1,official,369,neuraltextures_faces_c23/527_454,ffpp_test:42,1,neuraltextures,h264_crf35,-0.3646712303161621,0.4098292649848765
f3net_deepfakebench,external,1,official,370,original_faces_c23/425,ffpp_test:39,0,real,h264_crf35,-1.4356880187988281,0.1922139718163374
f3net_deepfakebench,external,1,official,371,original_faces_c23/485,ffpp_test:39,0,real,h264_crf35,-2.6339645385742188,0.06698425162679703
f3net_deepfakebench,external,1,official,372,deepfakes_faces_c23/425_485,ffpp_test:39,1,deepfakes,h264_crf35,1.738016128540039,0.8504349015769488
f3net_deepfakebench,external,1,official,373,deepfakes_faces_c23/485_425,ffpp_test:39,1,deepfakes,h264_crf35,1.4510040283203125,0.8101529068258044
f3net_deepfakebench,external,1,official,374,face2face_faces_c23/425_485,ffpp_test:39,1,face2face,h264_crf35,1.4785356521606445,0.814351297724965
f3net_deepfakebench,external,1,official,375,face2face_faces_c23/485_425,ffpp_test:39,1,face2face,h264_crf35,-0.7609176635742188,0.31844706468235695
f3net_deepfakebench,external,1,official,376,faceswap_faces_c23/425_485,ffpp_test:39,1,faceswap,h264_crf35,1.8178950548171997,0.860313358561922
f3net_deepfakebench,external,1,official,377,faceswap_faces_c23/485_425,ffpp_test:39,1,faceswap,h264_crf35,5.2662506103515625,0.9948635867803278
f3net_deepfakebench,external,1,official,378,neuraltextures_faces_c23/425_485,ffpp_test:39,1,neuraltextures,h264_crf35,-0.212677001953125,0.44703025759964715
f3net_deepfakebench,external,1,official,379,neuraltextures_faces_c23/485_425,ffpp_test:39,1,neuraltextures,h264_crf35,-1.8299560546875,0.13824350839281618
f3net_deepfakebench,external,1,official,380,original_faces_c23/388,ffpp_test:26,0,real,h264_crf35,2.075286865234375,0.8884778870068997
f3net_deepfakebench,external,1,official,381,original_faces_c23/308,ffpp_test:26,0,real,h264_crf35,0.017554283142089844,0.5043884580931098
f3net_deepfakebench,external,1,official,382,deepfakes_faces_c23/388_308,ffpp_test:26,1,deepfakes,h264_crf35,0.1140289306640625,0.5284763837720726
f3net_deepfakebench,external,1,official,383,deepfakes_faces_c23/308_388,ffpp_test:26,1,deepfakes,h264_crf35,3.4424896240234375,0.969006374140543
f3net_deepfakebench,external,1,official,384,face2face_faces_c23/388_308,ffpp_test:26,1,face2face,h264_crf35,4.477447509765625,0.9887652746696471
f3net_deepfakebench,external,1,official,385,face2face_faces_c23/308_388,ffpp_test:26,1,face2face,h264_crf35,2.361490249633789,0.9138432109015839
f3net_deepfakebench,external,1,official,386,faceswap_faces_c23/388_308,ffpp_test:26,1,faceswap,h264_crf35,4.658843994140625,0.9906115660414013
f3net_deepfakebench,external,1,official,387,faceswap_faces_c23/308_388,ffpp_test:26,1,faceswap,h264_crf35,3.5845947265625,0.9730012481171662
f3net_deepfakebench,external,1,official,388,neuraltextures_faces_c23/388_308,ffpp_test:26,1,neuraltextures,h264_crf35,1.505584478378296,0.8184059046414542
f3net_deepfakebench,external,1,official,389,neuraltextures_faces_c23/308_388,ffpp_test:26,1,neuraltextures,h264_crf35,0.8268752098083496,0.6956938042619045
f3net_deepfakebench,external,1,official,390,original_faces_c23/384,ffpp_test:32,0,real,h264_crf35,-2.654205322265625,0.06573028930975228
f3net_deepfakebench,external,1,official,391,original_faces_c23/932,ffpp_test:32,0,real,h264_crf35,0.8626976013183594,0.70322395227593
f3net_deepfakebench,external,1,official,392,deepfakes_faces_c23/384_932,ffpp_test:32,1,deepfakes,h264_crf35,5.94219970703125,0.9973806327834808
f3net_deepfakebench,external,1,official,393,deepfakes_faces_c23/932_384,ffpp_test:32,1,deepfakes,h264_crf35,3.5017054080963135,0.9707362543344887
f3net_deepfakebench,external,1,official,394,face2face_faces_c23/384_932,ffpp_test:32,1,face2face,h264_crf35,1.8253345489501953,0.8612050002383023
f3net_deepfakebench,external,1,official,395,face2face_faces_c23/932_384,ffpp_test:32,1,face2face,h264_crf35,-0.28035783767700195,0.4303660495709974
f3net_deepfakebench,external,1,official,396,faceswap_faces_c23/384_932,ffpp_test:32,1,faceswap,h264_crf35,6.2685546875,0.99810861868005
f3net_deepfakebench,external,1,official,397,faceswap_faces_c23/932_384,ffpp_test:32,1,faceswap,h264_crf35,3.4680099487304688,0.9697637206569731
f3net_deepfakebench,external,1,official,398,neuraltextures_faces_c23/384_932,ffpp_test:32,1,neuraltextures,h264_crf35,-2.482330322265625,0.07710621093368515
f3net_deepfakebench,external,1,official,399,neuraltextures_faces_c23/932_384,ffpp_test:32,1,neuraltextures,h264_crf35,1.0440871715545654,0.7396378583782127
f3net_deepfakebench,external,1,official,400,original_faces_c23/035,ffpp_test:5,0,real,h264_crf35,-1.9404220581054688,0.12560149633790535
f3net_deepfakebench,external,1,official,401,original_faces_c23/036,ffpp_test:5,0,real,h264_crf35,-1.7565994262695312,0.14721674939553106
f3net_deepfakebench,external,1,official,402,deepfakes_faces_c23/035_036,ffpp_test:5,1,deepfakes,h264_crf35,2.6264076232910156,0.9325419128460305
f3net_deepfakebench,external,1,official,403,deepfakes_faces_c23/036_035,ffpp_test:5,1,deepfakes,h264_crf35,2.5102920532226562,0.9248601889304379
f3net_deepfakebench,external,1,official,404,face2face_faces_c23/035_036,ffpp_test:5,1,face2face,h264_crf35,-0.5392417907714844,0.368363978675426
f3net_deepfakebench,external,1,official,405,face2face_faces_c23/036_035,ffpp_test:5,1,face2face,h264_crf35,0.6565208435058594,0.6584784117073785
f3net_deepfakebench,external,1,official,406,faceswap_faces_c23/035_036,ffpp_test:5,1,faceswap,h264_crf35,1.1076078414916992,0.7516828702192994
f3net_deepfakebench,external,1,official,407,faceswap_faces_c23/036_035,ffpp_test:5,1,faceswap,h264_crf35,-0.45691871643066406,0.3877170440239718
f3net_deepfakebench,external,1,official,408,neuraltextures_faces_c23/035_036,ffpp_test:5,1,neuraltextures,h264_crf35,-1.9570164680480957,0.12379029704997806
f3net_deepfakebench,external,1,official,409,neuraltextures_faces_c23/036_035,ffpp_test:5,1,neuraltextures,h264_crf35,-0.5139007568359375,0.3742795431920472
f3net_deepfakebench,external,1,official,410,original_faces_c23/257,ffpp_test:23,0,real,h264_crf35,0.5856857299804688,0.642374640712012
f3net_deepfakebench,external,1,official,411,original_faces_c23/420,ffpp_test:23,0,real,h264_crf35,0.5063886642456055,0.6239595122441254
f3net_deepfakebench,external,1,official,412,deepfakes_faces_c23/257_420,ffpp_test:23,1,deepfakes,h264_crf35,2.4803619384765625,0.9227536005661385
f3net_deepfakebench,external,1,official,413,deepfakes_faces_c23/420_257,ffpp_test:23,1,deepfakes,h264_crf35,2.060035467147827,0.8869577260448428
f3net_deepfakebench,external,1,official,414,face2face_faces_c23/257_420,ffpp_test:23,1,face2face,h264_crf35,2.4411544799804688,0.9199121839490847
f3net_deepfakebench,external,1,official,415,face2face_faces_c23/420_257,ffpp_test:23,1,face2face,h264_crf35,0.17092323303222656,0.5426270804566734
f3net_deepfakebench,external,1,official,416,faceswap_faces_c23/257_420,ffpp_test:23,1,faceswap,h264_crf35,3.2003440856933594,0.9608472237035399
f3net_deepfakebench,external,1,official,417,faceswap_faces_c23/420_257,ffpp_test:23,1,faceswap,h264_crf35,1.4990086555480957,0.8174265741346067
f3net_deepfakebench,external,1,official,418,neuraltextures_faces_c23/257_420,ffpp_test:23,1,neuraltextures,h264_crf35,2.01348876953125,0.8822060537091513
f3net_deepfakebench,external,1,official,419,neuraltextures_faces_c23/420_257,ffpp_test:23,1,neuraltextures,h264_crf35,-0.1746211051940918,0.4564553164749261
f3net_deepfakebench,external,1,official,420,original_faces_c23/924,ffpp_test:67,0,real,h264_crf35,-0.9301338195800781,0.2828975662040503
f3net_deepfakebench,external,1,official,421,original_faces_c23/917,ffpp_test:67,0,real,h264_crf35,-2.0034942626953125,0.11883653474294446
f3net_deepfakebench,external,1,official,422,deepfakes_faces_c23/924_917,ffpp_test:67,1,deepfakes,h264_crf35,5.93768310546875,0.9973688065871107
f3net_deepfakebench,external,1,official,423,deepfakes_faces_c23/917_924,ffpp_test:67,1,deepfakes,h264_crf35,2.3768539428710938,0.9150451868045274
f3net_deepfakebench,external,1,official,424,face2face_faces_c23/924_917,ffpp_test:67,1,face2face,h264_crf35,5.125335693359375,0.9940909033938048
f3net_deepfakebench,external,1,official,425,face2face_faces_c23/917_924,ffpp_test:67,1,face2face,h264_crf35,1.3332546949386597,0.7913784898844927
f3net_deepfakebench,external,1,official,426,faceswap_faces_c23/924_917,ffpp_test:67,1,faceswap,h264_crf35,5.2269287109375,0.9946586899946323
f3net_deepfakebench,external,1,official,427,faceswap_faces_c23/917_924,ffpp_test:67,1,faceswap,h264_crf35,2.4775619506835938,0.9225537827404678
f3net_deepfakebench,external,1,official,428,neuraltextures_faces_c23/924_917,ffpp_test:67,1,neuraltextures,h264_crf35,2.0509567260742188,0.8860442548765065
f3net_deepfakebench,external,1,official,429,neuraltextures_faces_c23/917_924,ffpp_test:67,1,neuraltextures,h264_crf35,2.2183923721313477,0.9018890363030461
f3net_deepfakebench,external,1,official,430,original_faces_c23/114,ffpp_test:9,0,real,h264_crf35,0.7883110046386719,0.6874685555242448
f3net_deepfakebench,external,1,official,431,original_faces_c23/102,ffpp_test:9,0,real,h264_crf35,-1.759765625,0.14681969604457246
f3net_deepfakebench,external,1,official,432,deepfakes_faces_c23/114_102,ffpp_test:9,1,deepfakes,h264_crf35,0.00623321533203125,0.5015582987876327
f3net_deepfakebench,external,1,official,433,deepfakes_faces_c23/102_114,ffpp_test:9,1,deepfakes,h264_crf35,4.83251953125,0.9920965380274052
f3net_deepfakebench,external,1,official,434,face2face_faces_c23/114_102,ffpp_test:9,1,face2face,h264_crf35,3.4650697708129883,0.9696773894450891
f3net_deepfakebench,external,1,official,435,face2face_faces_c23/102_114,ffpp_test:9,1,face2face,h264_crf35,-1.42665696144104,0.19362010284203027
f3net_deepfakebench,external,1,official,436,faceswap_faces_c23/114_102,ffpp_test:9,1,faceswap,h264_crf35,3.5864295959472656,0.9730494079930538
f3net_deepfakebench,external,1,official,437,faceswap_faces_c23/102_114,ffpp_test:9,1,faceswap,h264_crf35,-0.8959846496582031,0.28987635152304014
f3net_deepfakebench,external,1,official,438,neuraltextures_faces_c23/114_102,ffpp_test:9,1,neuraltextures,h264_crf35,0.2870750427246094,0.5712799046457058
f3net_deepfakebench,external,1,official,439,neuraltextures_faces_c23/102_114,ffpp_test:9,1,neuraltextures,h264_crf35,2.522815704345703,0.9257258877598022
f3net_deepfakebench,external,1,official,440,original_faces_c23/732,ffpp_test:56,0,real,h264_crf35,-3.0318450927734375,0.04600777608853339
f3net_deepfakebench,external,1,official,441,original_faces_c23/691,ffpp_test:56,0,real,h264_crf35,-2.1781556606292725,0.1017293407635098
f3net_deepfakebench,external,1,official,442,deepfakes_faces_c23/732_691,ffpp_test:56,1,deepfakes,h264_crf35,1.103322982788086,0.7508822145553579
f3net_deepfakebench,external,1,official,443,deepfakes_faces_c23/691_732,ffpp_test:56,1,deepfakes,h264_crf35,4.772804260253906,0.9916142826479384
f3net_deepfakebench,external,1,official,444,face2face_faces_c23/732_691,ffpp_test:56,1,face2face,h264_crf35,3.32568359375,0.9652994756796187
f3net_deepfakebench,external,1,official,445,face2face_faces_c23/691_732,ffpp_test:56,1,face2face,h264_crf35,-0.0985870361328125,0.4753731842334201
f3net_deepfakebench,external,1,official,446,faceswap_faces_c23/732_691,ffpp_test:56,1,faceswap,h264_crf35,1.8603672981262207,0.865339753890432
f3net_deepfakebench,external,1,official,447,faceswap_faces_c23/691_732,ffpp_test:56,1,faceswap,h264_crf35,0.561396598815918,0.6367756246766173
f3net_deepfakebench,external,1,official,448,neuraltextures_faces_c23/732_691,ffpp_test:56,1,neuraltextures,h264_crf35,-1.2021713256835938,0.23108917496806142
f3net_deepfakebench,external,1,official,449,neuraltextures_faces_c23/691_732,ffpp_test:56,1,neuraltextures,h264_crf35,0.3145122528076172,0.5779862670228336
f3net_deepfakebench,external,1,official,450,original_faces_c23/550,ffpp_test:41,0,real,h264_crf35,-0.9835419654846191,0.2721895459070458
f3net_deepfakebench,external,1,official,451,original_faces_c23/452,ffpp_test:41,0,real,h264_crf35,1.10943603515625,0.752023956010416
f3net_deepfakebench,external,1,official,452,deepfakes_faces_c23/550_452,ffpp_test:41,1,deepfakes,h264_crf35,4.517242431640625,0.9891988464580129
f3net_deepfakebench,external,1,official,453,deepfakes_faces_c23/452_550,ffpp_test:41,1,deepfakes,h264_crf35,1.0348358154296875,0.7378523448241222
f3net_deepfakebench,external,1,official,454,face2face_faces_c23/550_452,ffpp_test:41,1,face2face,h264_crf35,0.8480722904205322,0.7001626051136155
f3net_deepfakebench,external,1,official,455,face2face_faces_c23/452_550,ffpp_test:41,1,face2face,h264_crf35,3.338667869567871,0.9657317842502666
f3net_deepfakebench,external,1,official,456,faceswap_faces_c23/550_452,ffpp_test:41,1,faceswap,h264_crf35,3.3560218811035156,0.9663014775240444
f3net_deepfakebench,external,1,official,457,faceswap_faces_c23/452_550,ffpp_test:41,1,faceswap,h264_crf35,2.236391067504883,0.9034701746932848
f3net_deepfakebench,external,1,official,458,neuraltextures_faces_c23/550_452,ffpp_test:41,1,neuraltextures,h264_crf35,0.10448360443115234,0.5260971639151313
f3net_deepfakebench,external,1,official,459,neuraltextures_faces_c23/452_550,ffpp_test:41,1,neuraltextures,h264_crf35,2.657663345336914,0.9344817486272223
f3net_deepfakebench,external,1,official,460,original_faces_c23/280,ffpp_test:22,0,real,h264_crf35,-0.37745141983032227,0.4067417303752917
f3net_deepfakebench,external,1,official,461,original_faces_c23/249,ffpp_test:22,0,real,h264_crf35,-3.426727294921875,0.03147053193820526
f3net_deepfakebench,external,1,official,462,deepfakes_faces_c23/280_249,ffpp_test:22,1,deepfakes,h264_crf35,-0.9341526031494141,0.2820830013076562
f3net_deepfakebench,external,1,official,463,deepfakes_faces_c23/249_280,ffpp_test:22,1,deepfakes,h264_crf35,4.256614685058594,0.9860277969320371
f3net_deepfakebench,external,1,official,464,face2face_faces_c23/280_249,ffpp_test:22,1,face2face,h264_crf35,1.7066550254821777,0.8464019221561655
f3net_deepfakebench,external,1,official,465,face2face_faces_c23/249_280,ffpp_test:22,1,face2face,h264_crf35,4.1350860595703125,0.9842507207466368
f3net_deepfakebench,external,1,official,466,faceswap_faces_c23/280_249,ffpp_test:22,1,faceswap,h264_crf35,-0.004944801330566406,0.4987638021862197
f3net_deepfakebench,external,1,official,467,faceswap_faces_c23/249_280,ffpp_test:22,1,faceswap,h264_crf35,5.40045166015625,0.9955057480431438
f3net_deepfakebench,external,1,official,468,neuraltextures_faces_c23/280_249,ffpp_test:22,1,neuraltextures,h264_crf35,0.18718290328979492,0.5466595693265325
f3net_deepfakebench,external,1,official,469,neuraltextures_faces_c23/249_280,ffpp_test:22,1,neuraltextures,h264_crf35,-0.7419853210449219,0.32257016135223177
f3net_deepfakebench,external,1,official,470,original_faces_c23/842,ffpp_test:58,0,real,h264_crf35,1.368790626525879,0.7971846908168743
f3net_deepfakebench,external,1,official,471,original_faces_c23/714,ffpp_test:58,0,real,h264_crf35,-1.8925857543945312,0.13094992439687383
f3net_deepfakebench,external,1,official,472,deepfakes_faces_c23/842_714,ffpp_test:58,1,deepfakes,h264_crf35,2.899505615234375,0.947821992306443
f3net_deepfakebench,external,1,official,473,deepfakes_faces_c23/714_842,ffpp_test:58,1,deepfakes,h264_crf35,6.202789306640625,0.9979803095853329
f3net_deepfakebench,external,1,official,474,face2face_faces_c23/842_714,ffpp_test:58,1,face2face,h264_crf35,6.20751953125,0.9979898214558378
f3net_deepfakebench,external,1,official,475,face2face_faces_c23/714_842,ffpp_test:58,1,face2face,h264_crf35,2.9120140075683594,0.9484371468143445
f3net_deepfakebench,external,1,official,476,faceswap_faces_c23/842_714,ffpp_test:58,1,faceswap,h264_crf35,6.8521728515625,0.9989439602467869
f3net_deepfakebench,external,1,official,477,faceswap_faces_c23/714_842,ffpp_test:58,1,faceswap,h264_crf35,2.413686752319336,0.9178650502338139
f3net_deepfakebench,external,1,official,478,neuraltextures_faces_c23/842_714,ffpp_test:58,1,neuraltextures,h264_crf35,3.2136993408203125,0.9613465654796485
f3net_deepfakebench,external,1,official,479,neuraltextures_faces_c23/714_842,ffpp_test:58,1,neuraltextures,h264_crf35,-0.7999191284179688,0.31004281835372877
f3net_deepfakebench,external,1,official,480,original_faces_c23/625,ffpp_test:52,0,real,h264_crf35,-1.8333511352539062,0.1378395413745764
f3net_deepfakebench,external,1,official,481,original_faces_c23/650,ffpp_test:52,0,real,h264_crf35,-1.464019775390625,0.18785328083854333
f3net_deepfakebench,external,1,official,482,deepfakes_faces_c23/625_650,ffpp_test:52,1,deepfakes,h264_crf35,5.08050537109375,0.9938216429549124
f3net_deepfakebench,external,1,official,483,deepfakes_faces_c23/650_625,ffpp_test:52,1,deepfakes,h264_crf35,2.628264904022217,0.9326586559025019
f3net_deepfakebench,external,1,official,484,face2face_faces_c23/625_650,ffpp_test:52,1,face2face,h264_crf35,2.1103057861328125,0.8919008187584769
f3net_deepfakebench,external,1,official,485,face2face_faces_c23/650_625,ffpp_test:52,1,face2face,h264_crf35,1.3469486236572266,0.7936303177665273
f3net_deepfakebench,external,1,official,486,faceswap_faces_c23/625_650,ffpp_test:52,1,faceswap,h264_crf35,3.8585739135742188,0.9793378653310695
f3net_deepfakebench,external,1,official,487,faceswap_faces_c23/650_625,ffpp_test:52,1,faceswap,h264_crf35,2.3468246459960938,0.9126815023547745
f3net_deepfakebench,external,1,official,488,neuraltextures_faces_c23/625_650,ffpp_test:52,1,neuraltextures,h264_crf35,0.12909412384033203,0.5322287848756416
f3net_deepfakebench,external,1,official,489,neuraltextures_faces_c23/650_625,ffpp_test:52,1,neuraltextures,h264_crf35,-0.9285678863525391,0.2832153496204341
f3net_deepfakebench,external,1,official,490,original_faces_c23/024,ffpp_test:3,0,real,h264_crf35,-0.6338901519775391,0.3466289817143031
f3net_deepfakebench,external,1,official,491,original_faces_c23/073,ffpp_test:3,0,real,h264_crf35,1.4270763397216797,0.8064453668456015
f3net_deepfakebench,external,1,official,492,deepfakes_faces_c23/024_073,ffpp_test:3,1,deepfakes,h264_crf35,1.3044662475585938,0.786585685590947
f3net_deepfakebench,external,1,official,493,deepfakes_faces_c23/073_024,ffpp_test:3,1,deepfakes,h264_crf35,0.9901947975158691,0.7291263967889743
f3net_deepfakebench,external,1,official,494,face2face_faces_c23/024_073,ffpp_test:3,1,face2face,h264_crf35,1.2896728515625,0.784091810762922
f3net_deepfakebench,external,1,official,495,face2face_faces_c23/073_024,ffpp_test:3,1,face2face,h264_crf35,5.308349609375,0.9950742931288732
f3net_deepfakebench,external,1,official,496,faceswap_faces_c23/024_073,ffpp_test:3,1,faceswap,h264_crf35,2.7463884353637695,0.9397090578660406
f3net_deepfakebench,external,1,official,497,faceswap_faces_c23/073_024,ffpp_test:3,1,faceswap,h264_crf35,4.614501953125,0.9901900717144763
f3net_deepfakebench,external,1,official,498,neuraltextures_faces_c23/024_073,ffpp_test:3,1,neuraltextures,h264_crf35,1.1613035202026367,0.7615694905661134
f3net_deepfakebench,external,1,official,499,neuraltextures_faces_c23/073_024,ffpp_test:3,1,neuraltextures,h264_crf35,2.79339599609375,0.9423179111464969
f3net_deepfakebench,external,1,official,500,original_faces_c23/044,ffpp_test:6,0,real,h264_crf35,-0.5401573181152344,0.3681509868197381
f3net_deepfakebench,external,1,official,501,original_faces_c23/945,ffpp_test:6,0,real,h264_crf35,1.7741546630859375,0.8549735834632536
f3net_deepfakebench,external,1,official,502,deepfakes_faces_c23/044_945,ffpp_test:6,1,deepfakes,h264_crf35,4.125091552734375,0.9840950413342677
f3net_deepfakebench,external,1,official,503,deepfakes_faces_c23/945_044,ffpp_test:6,1,deepfakes,h264_crf35,6.35986328125,0.9982733831970113
f3net_deepfakebench,external,1,official,504,face2face_faces_c23/044_945,ffpp_test:6,1,face2face,h264_crf35,0.3977508544921875,0.5981471589921143
f3net_deepfakebench,external,1,official,505,face2face_faces_c23/945_044,ffpp_test:6,1,face2face,h264_crf35,5.233154296875,0.9946916635158767
f3net_deepfakebench,external,1,official,506,faceswap_faces_c23/044_945,ffpp_test:6,1,faceswap,h264_crf35,4.137310028076172,0.9842851579134013
f3net_deepfakebench,external,1,official,507,faceswap_faces_c23/945_044,ffpp_test:6,1,faceswap,h264_crf35,3.2707443237304688,0.9634114180829051
f3net_deepfakebench,external,1,official,508,neuraltextures_faces_c23/044_945,ffpp_test:6,1,neuraltextures,h264_crf35,0.6522092819213867,0.6575081464662434
f3net_deepfakebench,external,1,official,509,neuraltextures_faces_c23/945_044,ffpp_test:6,1,neuraltextures,h264_crf35,2.3919677734375,0.9162127518306752
f3net_deepfakebench,external,1,official,510,original_faces_c23/896,ffpp_test:10,0,real,h264_crf35,2.3644094467163086,0.9140727728769468
f3net_deepfakebench,external,1,official,511,original_faces_c23/128,ffpp_test:10,0,real,h264_crf35,-2.1912918090820312,0.10053521770204348
f3net_deepfakebench,external,1,official,512,deepfakes_faces_c23/896_128,ffpp_test:10,1,deepfakes,h264_crf35,3.9941577911376953,0.98191030971025
f3net_deepfakebench,external,1,official,513,deepfakes_faces_c23/128_896,ffpp_test:10,1,deepfakes,h264_crf35,3.9660701751708984,0.9814045927484989
f3net_deepfakebench,external,1,official,514,face2face_faces_c23/896_128,ffpp_test:10,1,face2face,h264_crf35,5.329833984375,0.9951784853618966
f3net_deepfakebench,external,1,official,515,face2face_faces_c23/128_896,ffpp_test:10,1,face2face,h264_crf35,1.104217529296875,0.7510495091821647
f3net_deepfakebench,external,1,official,516,faceswap_faces_c23/896_128,ffpp_test:10,1,faceswap,h264_crf35,4.1005401611328125,0.9837061607827716
f3net_deepfakebench,external,1,official,517,faceswap_faces_c23/128_896,ffpp_test:10,1,faceswap,h264_crf35,4.85308837890625,0.9922561966347243
f3net_deepfakebench,external,1,official,518,neuraltextures_faces_c23/896_128,ffpp_test:10,1,neuraltextures,h264_crf35,5.9618072509765625,0.9974313612619883
f3net_deepfakebench,external,1,official,519,neuraltextures_faces_c23/128_896,ffpp_test:10,1,neuraltextures,h264_crf35,-1.4279403686523438,0.19341980151848093
f3net_deepfakebench,external,1,official,520,original_faces_c23/862,ffpp_test:7,0,real,h264_crf35,-1.8535594940185547,0.1354555130603678
f3net_deepfakebench,external,1,official,521,original_faces_c23/047,ffpp_test:7,0,real,h264_crf35,0.6876277923583984,0.6654390097526045
f3net_deepfakebench,external,1,official,522,deepfakes_faces_c23/862_047,ffpp_test:7,1,deepfakes,h264_crf35,6.387664794921875,0.9983206451236635
f3net_deepfakebench,external,1,official,523,deepfakes_faces_c23/047_862,ffpp_test:7,1,deepfakes,h264_crf35,3.535125732421875,0.9716708479866987
f3net_deepfakebench,external,1,official,524,face2face_faces_c23/862_047,ffpp_test:7,1,face2face,h264_crf35,2.410482406616211,0.9176231547699369
f3net_deepfakebench,external,1,official,525,face2face_faces_c23/047_862,ffpp_test:7,1,face2face,h264_crf35,4.03643798828125,0.9826462060387019
f3net_deepfakebench,external,1,official,526,faceswap_faces_c23/862_047,ffpp_test:7,1,faceswap,h264_crf35,3.52838134765625,0.9714846061763547
f3net_deepfakebench,external,1,official,527,faceswap_faces_c23/047_862,ffpp_test:7,1,faceswap,h264_crf35,6.4669189453125,0.9984484048456992
f3net_deepfakebench,external,1,official,528,neuraltextures_faces_c23/862_047,ffpp_test:7,1,neuraltextures,h264_crf35,0.13015174865722656,0.5324920835313747
f3net_deepfakebench,external,1,official,529,neuraltextures_faces_c23/047_862,ffpp_test:7,1,neuraltextures,h264_crf35,1.908853530883789,0.8708902932237056
f3net_deepfakebench,external,1,official,530,original_faces_c23/607,ffpp_test:49,0,real,h264_crf35,-1.5690317153930664,0.1723544721742634
f3net_deepfakebench,external,1,official,531,original_faces_c23/683,ffpp_test:49,0,real,h264_crf35,-0.22583389282226562,0.443780262262151
f3net_deepfakebench,external,1,official,532,deepfakes_faces_c23/607_683,ffpp_test:49,1,deepfakes,h264_crf35,2.35418701171875,0.9132664586418048
f3net_deepfakebench,external,1,official,533,deepfakes_faces_c23/683_607,ffpp_test:49,1,deepfakes,h264_crf35,6.6341552734375,0.9986870373085726
f3net_deepfakebench,external,1,official,534,face2face_faces_c23/607_683,ffpp_test:49,1,face2face,h264_crf35,1.6145248413085938,0.8340386537400327
f3net_deepfakebench,external,1,official,535,face2face_faces_c23/683_607,ffpp_test:49,1,face2face,h264_crf35,1.4780645370483398,0.8142800624573734
f3net_deepfakebench,external,1,official,536,faceswap_faces_c23/607_683,ffpp_test:49,1,faceswap,h264_crf35,2.9065704345703125,0.9481702828553427
f3net_deepfakebench,external,1,official,537,faceswap_faces_c23/683_607,ffpp_test:49,1,faceswap,h264_crf35,6.87646484375,0.9989692783561357
f3net_deepfakebench,external,1,official,538,neuraltextures_faces_c23/607_683,ffpp_test:49,1,neuraltextures,h264_crf35,-0.334991455078125,0.4170266231995874
f3net_deepfakebench,external,1,official,539,neuraltextures_faces_c23/683_607,ffpp_test:49,1,neuraltextures,h264_crf35,1.3737549781799316,0.797986149383825
f3net_deepfakebench,external,1,official,540,original_faces_c23/517,ffpp_test:45,0,real,h264_crf35,0.864978551864624,0.7036997659457003
f3net_deepfakebench,external,1,official,541,original_faces_c23/521,ffpp_test:45,0,real,h264_crf35,-0.7452621459960938,0.32185453069256875
f3net_deepfakebench,external,1,official,542,deepfakes_faces_c23/517_521,ffpp_test:45,1,deepfakes,h264_crf35,6.5325927734375,0.9985468867329328
f3net_deepfakebench,external,1,official,543,deepfakes_faces_c23/521_517,ffpp_test:45,1,deepfakes,h264_crf35,3.5840225219726562,0.9729862123369238
f3net_deepfakebench,external,1,official,544,face2face_faces_c23/517_521,ffpp_test:45,1,face2face,h264_crf35,3.8074951171875,0.9782785696206084
f3net_deepfakebench,external,1,official,545,face2face_faces_c23/521_517,ffpp_test:45,1,face2face,h264_crf35,2.7447662353515625,0.939617085008588
f3net_deepfakebench,external,1,official,546,faceswap_faces_c23/517_521,ffpp_test:45,1,faceswap,h264_crf35,5.99737548828125,0.9975208950007738
f3net_deepfakebench,external,1,official,547,faceswap_faces_c23/521_517,ffpp_test:45,1,faceswap,h264_crf35,4.325531005859375,0.9869461324347097
f3net_deepfakebench,external,1,official,548,neuraltextures_faces_c23/517_521,ffpp_test:45,1,neuraltextures,h264_crf35,1.2211246490478516,0.7722614062086482
f3net_deepfakebench,external,1,official,549,neuraltextures_faces_c23/521_517,ffpp_test:45,1,neuraltextures,h264_crf35,0.84930419921875,0.7004211620146052
f3net_deepfakebench,external,1,official,550,original_faces_c23/682,ffpp_test:55,0,real,h264_crf35,0.7035427093505859,0.6689727678843446
f3net_deepfakebench,external,1,official,551,original_faces_c23/669,ffpp_test:55,0,real,h264_crf35,-1.7601995468139648,0.1467653497339729
f3net_deepfakebench,external,1,official,552,deepfakes_faces_c23/682_669,ffpp_test:55,1,deepfakes,h264_crf35,3.575580596923828,0.9727634362135456
f3net_deepfakebench,external,1,official,553,deepfakes_faces_c23/669_682,ffpp_test:55,1,deepfakes,h264_crf35,1.9999008178710938,0.8807866640972549
f3net_deepfakebench,external,1,official,554,face2face_faces_c23/682_669,ffpp_test:55,1,face2face,h264_crf35,1.1253204345703125,0.7549742683001142
f3net_deepfakebench,external,1,official,555,face2face_faces_c23/669_682,ffpp_test:55,1,face2face,h264_crf35,1.6902495622634888,0.8442569769222521
f3net_deepfakebench,external,1,official,556,faceswap_faces_c23/682_669,ffpp_test:55,1,faceswap,h264_crf35,1.2180595397949219,0.7717218842070006
f3net_deepfakebench,external,1,official,557,faceswap_faces_c23/669_682,ffpp_test:55,1,faceswap,h264_crf35,3.682373046875,0.9754544537587364
f3net_deepfakebench,external,1,official,558,neuraltextures_faces_c23/682_669,ffpp_test:55,1,neuraltextures,h264_crf35,1.3760452270507812,0.7983550952933066
f3net_deepfakebench,external,1,official,559,neuraltextures_faces_c23/669_682,ffpp_test:55,1,neuraltextures,h264_crf35,0.6198554039001465,0.65018566173412
f3net_deepfakebench,external,1,official,560,original_faces_c23/138,ffpp_test:12,0,real,h264_crf35,-0.914398193359375,0.28610067464661393
f3net_deepfakebench,external,1,official,561,original_faces_c23/142,ffpp_test:12,0,real,h264_crf35,-1.9564533233642578,0.1238513921893703
f3net_deepfakebench,external,1,official,562,deepfakes_faces_c23/138_142,ffpp_test:12,1,deepfakes,h264_crf35,3.0633087158203125,0.955353636641632
f3net_deepfakebench,external,1,official,563,deepfakes_faces_c23/142_138,ffpp_test:12,1,deepfakes,h264_crf35,2.54339599609375,0.9271285970858522
f3net_deepfakebench,external,1,official,564,face2face_faces_c23/138_142,ffpp_test:12,1,face2face,h264_crf35,5.638824462890625,0.9964555603491394
f3net_deepfakebench,external,1,official,565,face2face_faces_c23/142_138,ffpp_test:12,1,face2face,h264_crf35,2.7544021606445312,0.9401614863931566
f3net_deepfakebench,external,1,official,566,faceswap_faces_c23/138_142,ffpp_test:12,1,faceswap,h264_crf35,5.3019561767578125,0.9950428566787957
f3net_deepfakebench,external,1,official,567,faceswap_faces_c23/142_138,ffpp_test:12,1,faceswap,h264_crf35,4.046211242675781,0.9828120820639903
f3net_deepfakebench,external,1,official,568,neuraltextures_faces_c23/138_142,ffpp_test:12,1,neuraltextures,h264_crf35,2.2237701416015625,0.9023638619544515
f3net_deepfakebench,external,1,official,569,neuraltextures_faces_c23/142_138,ffpp_test:12,1,neuraltextures,h264_crf35,-0.6041936874389648,0.35338483129276443
f3net_deepfakebench,external,1,official,570,original_faces_c23/552,ffpp_test:47,0,real,h264_crf35,1.2715835571289062,0.7810137062617732
f3net_deepfakebench,external,1,official,571,original_faces_c23/851,ffpp_test:47,0,real,h264_crf35,2.7985916137695312,0.9425996700981126
f3net_deepfakebench,external,1,official,572,deepfakes_faces_c23/552_851,ffpp_test:47,1,deepfakes,h264_crf35,2.0013885498046875,0.8809427897310548
f3net_deepfakebench,external,1,official,573,deepfakes_faces_c23/851_552,ffpp_test:47,1,deepfakes,h264_crf35,3.9224090576171875,0.9805908188596303
f3net_deepfakebench,external,1,official,574,face2face_faces_c23/552_851,ffpp_test:47,1,face2face,h264_crf35,1.0789222717285156,0.7462899790930181
f3net_deepfakebench,external,1,official,575,face2face_faces_c23/851_552,ffpp_test:47,1,face2face,h264_crf35,3.297027587890625,0.9643266986270242
f3net_deepfakebench,external,1,official,576,faceswap_faces_c23/552_851,ffpp_test:47,1,faceswap,h264_crf35,4.610282897949219,0.9901490042329082
f3net_deepfakebench,external,1,official,577,faceswap_faces_c23/851_552,ffpp_test:47,1,faceswap,h264_crf35,5.28863525390625,0.994976715105911
f3net_deepfakebench,external,1,official,578,neuraltextures_faces_c23/552_851,ffpp_test:47,1,neuraltextures,h264_crf35,1.3540916442871094,0.7947977569581063
f3net_deepfakebench,external,1,official,579,neuraltextures_faces_c23/851_552,ffpp_test:47,1,neuraltextures,h264_crf35,1.2656092643737793,0.7799901999461885
f3net_deepfakebench,external,1,official,580,original_faces_c23/376,ffpp_test:31,0,real,h264_crf35,-2.0643463134765625,0.11261077293509536
f3net_deepfakebench,external,1,official,581,original_faces_c23/381,ffpp_test:31,0,real,h264_crf35,-1.3782310485839844,0.20129325136579287
f3net_deepfakebench,external,1,official,582,deepfakes_faces_c23/376_381,ffpp_test:31,1,deepfakes,h264_crf35,2.6813042163848877,0.9359143932094661
f3net_deepfakebench,external,1,official,583,deepfakes_faces_c23/381_376,ffpp_test:31,1,deepfakes,h264_crf35,5.60662841796875,0.9963400109419395
f3net_deepfakebench,external,1,official,584,face2face_faces_c23/376_381,ffpp_test:31,1,face2face,h264_crf35,3.1922569274902344,0.9605418496873185
f3net_deepfakebench,external,1,official,585,face2face_faces_c23/381_376,ffpp_test:31,1,face2face,h264_crf35,1.710205078125,0.846862881917485
f3net_deepfakebench,external,1,official,586,faceswap_faces_c23/376_381,ffpp_test:31,1,faceswap,h264_crf35,4.147850036621094,0.9844473601205266
f3net_deepfakebench,external,1,official,587,faceswap_faces_c23/381_376,ffpp_test:31,1,faceswap,h264_crf35,6.08038330078125,0.9977179200398568
f3net_deepfakebench,external,1,official,588,neuraltextures_faces_c23/376_381,ffpp_test:31,1,neuraltextures,h264_crf35,-0.7555351257324219,0.319616422683865
f3net_deepfakebench,external,1,official,589,neuraltextures_faces_c23/381_376,ffpp_test:31,1,neuraltextures,h264_crf35,0.5890884399414062,0.643155964166069
f3net_deepfakebench,external,1,official,590,original_faces_c23/000,ffpp_test:0,0,real,h264_crf35,0.19467926025390625,0.5485166798623969
f3net_deepfakebench,external,1,official,591,original_faces_c23/003,ffpp_test:0,0,real,h264_crf35,-1.737640380859375,0.14961289808544911
f3net_deepfakebench,external,1,official,592,deepfakes_faces_c23/000_003,ffpp_test:0,1,deepfakes,h264_crf35,4.472808837890625,0.9887136289543244
f3net_deepfakebench,external,1,official,593,deepfakes_faces_c23/003_000,ffpp_test:0,1,deepfakes,h264_crf35,0.7195243835449219,0.6725022744849211
f3net_deepfakebench,external,1,official,594,face2face_faces_c23/000_003,ffpp_test:0,1,face2face,h264_crf35,5.30230712890625,0.9950445874741327
f3net_deepfakebench,external,1,official,595,face2face_faces_c23/003_000,ffpp_test:0,1,face2face,h264_crf35,2.123676300048828,0.8931831815447742
f3net_deepfakebench,external,1,official,596,faceswap_faces_c23/000_003,ffpp_test:0,1,faceswap,h264_crf35,4.1251220703125,0.9840955189880678
f3net_deepfakebench,external,1,official,597,faceswap_faces_c23/003_000,ffpp_test:0,1,faceswap,h264_crf35,5.15216064453125,0.9942464075918075
f3net_deepfakebench,external,1,official,598,neuraltextures_faces_c23/000_003,ffpp_test:0,1,neuraltextures,h264_crf35,3.562469482421875,0.9724138991476863
f3net_deepfakebench,external,1,official,599,neuraltextures_faces_c23/003_000,ffpp_test:0,1,neuraltextures,h264_crf35,-1.2825431823730469,0.21711762864744996
f3net_deepfakebench,external,1,official,600,original_faces_c23/048,ffpp_test:4,0,real,h264_crf35,-2.0468101501464844,0.11437509488180511
f3net_deepfakebench,external,1,official,601,original_faces_c23/029,ffpp_test:4,0,real,h264_crf35,2.4661407470703125,0.9217338088099332
f3net_deepfakebench,external,1,official,602,deepfakes_faces_c23/048_029,ffpp_test:4,1,deepfakes,h264_crf35,7.6300048828125,0.9995145772627169
f3net_deepfakebench,external,1,official,603,deepfakes_faces_c23/029_048,ffpp_test:4,1,deepfakes,h264_crf35,3.005706787109375,0.9528312755545467
f3net_deepfakebench,external,1,official,604,face2face_faces_c23/048_029,ffpp_test:4,1,face2face,h264_crf35,0.6892890930175781,0.6658087632992374
f3net_deepfakebench,external,1,official,605,face2face_faces_c23/029_048,ffpp_test:4,1,face2face,h264_crf35,4.872802734375,0.9924062177850851
f3net_deepfakebench,external,1,official,606,faceswap_faces_c23/048_029,ffpp_test:4,1,faceswap,h264_crf35,3.1141357421875,0.9574720792769155
f3net_deepfakebench,external,1,official,607,faceswap_faces_c23/029_048,ffpp_test:4,1,faceswap,h264_crf35,4.053497314453125,0.9829347299896137
f3net_deepfakebench,external,1,official,608,neuraltextures_faces_c23/048_029,ffpp_test:4,1,neuraltextures,h264_crf35,-0.3414487838745117,0.41545759312223074
f3net_deepfakebench,external,1,official,609,neuraltextures_faces_c23/029_048,ffpp_test:4,1,neuraltextures,h264_crf35,4.298583984375,0.9865943669584472
f3net_deepfakebench,external,1,official,610,original_faces_c23/724,ffpp_test:59,0,real,h264_crf35,3.231689453125,0.9620095458930272
f3net_deepfakebench,external,1,official,611,original_faces_c23/725,ffpp_test:59,0,real,h264_crf35,1.2013096809387207,0.7687576865159963
f3net_deepfakebench,external,1,official,612,deepfakes_faces_c23/724_725,ffpp_test:59,1,deepfakes,h264_crf35,5.9844970703125,0.9974888422728035
f3net_deepfakebench,external,1,official,613,deepfakes_faces_c23/725_724,ffpp_test:59,1,deepfakes,h264_crf35,7.2337646484375,0.999278722192643
f3net_deepfakebench,external,1,official,614,face2face_faces_c23/724_725,ffpp_test:59,1,face2face,h264_crf35,4.478183746337891,0.9887734502159176
f3net_deepfakebench,external,1,official,615,face2face_faces_c23/725_724,ffpp_test:59,1,face2face,h264_crf35,2.3989830017089844,0.9167497194201717
f3net_deepfakebench,external,1,official,616,faceswap_faces_c23/724_725,ffpp_test:59,1,faceswap,h264_crf35,6.61541748046875,0.9986622365672276
f3net_deepfakebench,external,1,official,617,faceswap_faces_c23/725_724,ffpp_test:59,1,faceswap,h264_crf35,5.11114501953125,0.9940069576576254
f3net_deepfakebench,external,1,official,618,neuraltextures_faces_c23/724_725,ffpp_test:59,1,neuraltextures,h264_crf35,3.1069107055664062,0.9571769065307664
f3net_deepfakebench,external,1,official,619,neuraltextures_faces_c23/725_724,ffpp_test:59,1,neuraltextures,h264_crf35,0.7204647064208984,0.6727093403804952
f3net_deepfakebench,external,1,official,620,original_faces_c23/608,ffpp_test:50,0,real,h264_crf35,-0.7951457500457764,0.31106484641689297
f3net_deepfakebench,external,1,official,621,original_faces_c23/675,ffpp_test:50,0,real,h264_crf35,-0.10115528106689453,0.4747327214490574
f3net_deepfakebench,external,1,official,622,deepfakes_faces_c23/608_675,ffpp_test:50,1,deepfakes,h264_crf35,3.9819259643554688,0.9816917568910939
f3net_deepfakebench,external,1,official,623,deepfakes_faces_c23/675_608,ffpp_test:50,1,deepfakes,h264_crf35,2.6607589721679688,0.9346710255412817
f3net_deepfakebench,external,1,official,624,face2face_faces_c23/608_675,ffpp_test:50,1,face2face,h264_crf35,2.189289093017578,0.8992835359754648
f3net_deepfakebench,external,1,official,625,face2face_faces_c23/675_608,ffpp_test:50,1,face2face,h264_crf35,1.6808390617370605,0.8430156047539937
f3net_deepfakebench,external,1,official,626,faceswap_faces_c23/608_675,ffpp_test:50,1,faceswap,h264_crf35,4.533172607421875,0.98936773253523
f3net_deepfakebench,external,1,official,627,faceswap_faces_c23/675_608,ffpp_test:50,1,faceswap,h264_crf35,4.4346771240234375,0.9882800909206677
f3net_deepfakebench,external,1,official,628,neuraltextures_faces_c23/608_675,ffpp_test:50,1,neuraltextures,h264_crf35,1.6867256164550781,0.8437930610719441
f3net_deepfakebench,external,1,official,629,neuraltextures_faces_c23/675_608,ffpp_test:50,1,neuraltextures,h264_crf35,1.3035173416137695,0.7864263507179076
f3net_deepfakebench,external,1,official,630,original_faces_c23/386,ffpp_test:14,0,real,h264_crf35,-0.7117862701416016,0.3292042599956399
f3net_deepfakebench,external,1,official,631,original_faces_c23/154,ffpp_test:14,0,real,h264_crf35,-2.1176016330718994,0.10739776991193947
f3net_deepfakebench,external,1,official,632,deepfakes_faces_c23/386_154,ffpp_test:14,1,deepfakes,h264_crf35,6.0205078125,0.9975774469236706
f3net_deepfakebench,external,1,official,633,deepfakes_faces_c23/154_386,ffpp_test:14,1,deepfakes,h264_crf35,5.499267578125,0.9959268922808615
f3net_deepfakebench,external,1,official,634,face2face_faces_c23/386_154,ffpp_test:14,1,face2face,h264_crf35,2.2369537353515625,0.9035192348402848
f3net_deepfakebench,external,1,official,635,face2face_faces_c23/154_386,ffpp_test:14,1,face2face,h264_crf35,3.7624053955078125,0.9772994820400475
f3net_deepfakebench,external,1,official,636,faceswap_faces_c23/386_154,ffpp_test:14,1,faceswap,h264_crf35,5.64208984375,0.9964670745952166
f3net_deepfakebench,external,1,official,637,faceswap_faces_c23/154_386,ffpp_test:14,1,faceswap,h264_crf35,2.5676651000976562,0.9287513448452425
f3net_deepfakebench,external,1,official,638,neuraltextures_faces_c23/386_154,ffpp_test:14,1,neuraltextures,h264_crf35,0.9983749389648438,0.7307389522939183
f3net_deepfakebench,external,1,official,639,neuraltextures_faces_c23/154_386,ffpp_test:14,1,neuraltextures,h264_crf35,1.7240724563598633,0.8486526510763698
f3net_deepfakebench,external,1,official,640,original_faces_c23/220,ffpp_test:20,0,real,h264_crf35,-1.7437248229980469,0.14884043054834276
f3net_deepfakebench,external,1,official,641,original_faces_c23/219,ffpp_test:20,0,real,h264_crf35,-0.4583168029785156,0.3873852008575385
f3net_deepfakebench,external,1,official,642,deepfakes_faces_c23/220_219,ffpp_test:20,1,deepfakes,h264_crf35,1.7519817352294922,0.8522025823994127
f3net_deepfakebench,external,1,official,643,deepfakes_faces_c23/219_220,ffpp_test:20,1,deepfakes,h264_crf35,6.04876708984375,0.9976447892814694
f3net_deepfakebench,external,1,official,644,face2face_faces_c23/220_219,ffpp_test:20,1,face2face,h264_crf35,4.4805908203125,0.9888001385630519
f3net_deepfakebench,external,1,official,645,face2face_faces_c23/219_220,ffpp_test:20,1,face2face,h264_crf35,1.4150638580322266,0.8045634185776183
f3net_deepfakebench,external,1,official,646,faceswap_faces_c23/220_219,ffpp_test:20,1,faceswap,h264_crf35,4.068267822265625,0.9831807319242245
f3net_deepfakebench,external,1,official,647,faceswap_faces_c23/219_220,ffpp_test:20,1,faceswap,h264_crf35,1.404083251953125,0.8028310395619901
f3net_deepfakebench,external,1,official,648,neuraltextures_faces_c23/220_219,ffpp_test:20,1,neuraltextures,h264_crf35,1.924957036972046,0.8726901887217272
f3net_deepfakebench,external,1,official,649,neuraltextures_faces_c23/219_220,ffpp_test:20,1,neuraltextures,h264_crf35,-0.39935874938964844,0.4014664169826598
f3net_deepfakebench,external,1,official,650,original_faces_c23/801,ffpp_test:63,0,real,h264_crf35,-2.3908348083496094,0.08387426346130193
f3net_deepfakebench,external,1,official,651,original_faces_c23/855,ffpp_test:63,0,real,h264_crf35,-1.0785102844238281,0.25378803501152797
f3net_deepfakebench,external,1,official,652,deepfakes_faces_c23/801_855,ffpp_test:63,1,deepfakes,h264_crf35,4.1021728515625,0.983732309459926
f3net_deepfakebench,external,1,official,653,deepfakes_faces_c23/855_801,ffpp_test:63,1,deepfakes,h264_crf35,3.962383270263672,0.981337188583218
f3net_deepfakebench,external,1,official,654,face2face_faces_c23/801_855,ffpp_test:63,1,face2face,h264_crf35,-0.05954885482788086,0.4851171839872532
f3net_deepfakebench,external,1,official,655,face2face_faces_c23/855_801,ffpp_test:63,1,face2face,h264_crf35,1.8545509576797485,0.864660552629506
f3net_deepfakebench,external,1,official,656,faceswap_faces_c23/801_855,ffpp_test:63,1,faceswap,h264_crf35,3.483797073364258,0.970223214215632
f3net_deepfakebench,external,1,official,657,faceswap_faces_c23/855_801,ffpp_test:63,1,faceswap,h264_crf35,3.6893157958984375,0.9756201368528984
f3net_deepfakebench,external,1,official,658,neuraltextures_faces_c23/801_855,ffpp_test:63,1,neuraltextures,h264_crf35,-1.5166431665420532,0.1799563621783072
f3net_deepfakebench,external,1,official,659,neuraltextures_faces_c23/855_801,ffpp_test:63,1,neuraltextures,h264_crf35,-0.8921146392822266,0.290673632960317
f3net_deepfakebench,external,1,official,660,original_faces_c23/161,ffpp_test:13,0,real,h264_crf35,-2.3249871730804443,0.0890745685100468
f3net_deepfakebench,external,1,official,661,original_faces_c23/141,ffpp_test:13,0,real,h264_crf35,-1.7493376731872559,0.1481307562744229
f3net_deepfakebench,external,1,official,662,deepfakes_faces_c23/161_141,ffpp_test:13,1,deepfakes,h264_crf35,5.47772216796875,0.9958385524580933
f3net_deepfakebench,external,1,official,663,deepfakes_faces_c23/141_161,ffpp_test:13,1,deepfakes,h264_crf35,3.5553793907165527,0.9722230682922283
f3net_deepfakebench,external,1,official,664,face2face_faces_c23/161_141,ffpp_test:13,1,face2face,h264_crf35,4.8549346923828125,0.9922703705202047
f3net_deepfakebench,external,1,official,665,face2face_faces_c23/141_161,ffpp_test:13,1,face2face,h264_crf35,-1.3300557136535645,0.20915014967084156
f3net_deepfakebench,external,1,official,666,faceswap_faces_c23/161_141,ffpp_test:13,1,faceswap,h264_crf35,6.696044921875,0.9987657353962495
f3net_deepfakebench,external,1,official,667,faceswap_faces_c23/141_161,ffpp_test:13,1,faceswap,h264_crf35,3.0798516273498535,0.9560539511793869
f3net_deepfakebench,external,1,official,668,neuraltextures_faces_c23/161_141,ffpp_test:13,1,neuraltextures,h264_crf35,0.7946434020996094,0.6888274884397749
f3net_deepfakebench,external,1,official,669,neuraltextures_faces_c23/141_161,ffpp_test:13,1,neuraltextures,h264_crf35,-0.15625667572021484,0.4610151205277292
f3net_deepfakebench,external,1,official,670,original_faces_c23/949,ffpp_test:66,0,real,h264_crf35,0.5428085327148438,0.6324655118209411
f3net_deepfakebench,external,1,official,671,original_faces_c23/868,ffpp_test:66,0,real,h264_crf35,-0.9932708740234375,0.27026650310378303
f3net_deepfakebench,external,1,official,672,deepfakes_faces_c23/949_868,ffpp_test:66,1,deepfakes,h264_crf35,5.21136474609375,0.9945753622210796
f3net_deepfakebench,external,1,official,673,deepfakes_faces_c23/868_949,ffpp_test:66,1,deepfakes,h264_crf35,3.2524566650390625,0.9627612891834935
f3net_deepfakebench,external,1,official,674,face2face_faces_c23/949_868,ffpp_test:66,1,face2face,h264_crf35,3.3956165313720703,0.9675672598721192
f3net_deepfakebench,external,1,official,675,face2face_faces_c23/868_949,ffpp_test:66,1,face2face,h264_crf35,1.1401323080062866,0.7577039300847175
f3net_deepfakebench,external,1,official,676,faceswap_faces_c23/949_868,ffpp_test:66,1,faceswap,h264_crf35,4.5572509765625,0.9896180565479643
f3net_deepfakebench,external,1,official,677,faceswap_faces_c23/868_949,ffpp_test:66,1,faceswap,h264_crf35,2.5082225799560547,0.9247162468202105
f3net_deepfakebench,external,1,official,678,neuraltextures_faces_c23/949_868,ffpp_test:66,1,neuraltextures,h264_crf35,0.5565757751464844,0.6356598711279231
f3net_deepfakebench,external,1,official,679,neuraltextures_faces_c23/868_949,ffpp_test:66,1,neuraltextures,h264_crf35,-1.6580429077148438,0.16002488826546968
f3net_deepfakebench,external,1,official,680,original_faces_c23/880,ffpp_test:11,0,real,h264_crf35,-1.378814697265625,0.2011994320293171
f3net_deepfakebench,external,1,official,681,original_faces_c23/135,ffpp_test:11,0,real,h264_crf35,-2.4516382217407227,0.07931883170513133
f3net_deepfakebench,external,1,official,682,deepfakes_faces_c23/880_135,ffpp_test:11,1,deepfakes,h264_crf35,0.008307456970214844,0.5020768522982713
f3net_deepfakebench,external,1,official,683,deepfakes_faces_c23/135_880,ffpp_test:11,1,deepfakes,h264_crf35,7.253173828125,0.9992925768113752
f3net_deepfakebench,external,1,official,684,face2face_faces_c23/880_135,ffpp_test:11,1,face2face,h264_crf35,0.5070130825042725,0.6241060106782671
f3net_deepfakebench,external,1,official,685,face2face_faces_c23/135_880,ffpp_test:11,1,face2face,h264_crf35,5.005157470703125,0.9933413491450153
f3net_deepfakebench,external,1,official,686,faceswap_faces_c23/880_135,ffpp_test:11,1,faceswap,h264_crf35,5.397773742675781,0.9954937509846399
f3net_deepfakebench,external,1,official,687,faceswap_faces_c23/135_880,ffpp_test:11,1,faceswap,h264_crf35,6.34616756439209,0.9982496149438459
f3net_deepfakebench,external,1,official,688,neuraltextures_faces_c23/880_135,ffpp_test:11,1,neuraltextures,h264_crf35,-0.31723901629447937,0.4213487677103012
f3net_deepfakebench,external,1,official,689,neuraltextures_faces_c23/135_880,ffpp_test:11,1,neuraltextures,h264_crf35,-2.531585693359375,0.07367335683460091
f3net_deepfakebench,external,1,official,690,original_faces_c23/429,ffpp_test:35,0,real,h264_crf35,-1.0758275985717773,0.25429641665427055
f3net_deepfakebench,external,1,official,691,original_faces_c23/404,ffpp_test:35,0,real,h264_crf35,-2.0576629638671875,0.11328036842861186
f3net_deepfakebench,external,1,official,692,deepfakes_faces_c23/429_404,ffpp_test:35,1,deepfakes,h264_crf35,6.494873046875,0.9984911131316203
f3net_deepfakebench,external,1,official,693,deepfakes_faces_c23/404_429,ffpp_test:35,1,deepfakes,h264_crf35,-1.9253692626953125,0.1272640192021889
f3net_deepfakebench,external,1,official,694,face2face_faces_c23/429_404,ffpp_test:35,1,face2face,h264_crf35,2.4568519592285156,0.9210610796232426
f3net_deepfakebench,external,1,official,695,face2face_faces_c23/404_429,ffpp_test:35,1,face2face,h264_crf35,3.0340347290039062,0.9540882338882626
f3net_deepfakebench,external,1,official,696,faceswap_faces_c23/429_404,ffpp_test:35,1,faceswap,h264_crf35,3.7397994995117188,0.9767925171641988
f3net_deepfakebench,external,1,official,697,faceswap_faces_c23/404_429,ffpp_test:35,1,faceswap,h264_crf35,3.1778717041015625,0.9599930057661947
f3net_deepfakebench,external,1,official,698,neuraltextures_faces_c23/429_404,ffpp_test:35,1,neuraltextures,h264_crf35,1.917938232421875,0.8719083433632077
f3net_deepfakebench,external,1,official,699,neuraltextures_faces_c23/404_429,ffpp_test:35,1,neuraltextures,h264_crf35,-0.5993080139160156,0.35450202523708396
f3net_deepfakebench,external,1,official,0,original_faces_c23/953,ffpp_test:68,0,real,h265_crf32,-0.4395427703857422,0.39184992330910473
f3net_deepfakebench,external,1,official,1,original_faces_c23/974,ffpp_test:68,0,real,h265_crf32,-1.8028068542480469,0.14150973174130826
f3net_deepfakebench,external,1,official,2,deepfakes_faces_c23/953_974,ffpp_test:68,1,deepfakes,h265_crf32,3.5153656005859375,0.9711218192854796
f3net_deepfakebench,external,1,official,3,deepfakes_faces_c23/974_953,ffpp_test:68,1,deepfakes,h265_crf32,1.985321044921875,0.8792472465853933
f3net_deepfakebench,external,1,official,4,face2face_faces_c23/953_974,ffpp_test:68,1,face2face,h265_crf32,6.2691650390625,0.998109770553939
f3net_deepfakebench,external,1,official,5,face2face_faces_c23/974_953,ffpp_test:68,1,face2face,h265_crf32,6.33135986328125,0.9982235492993909
f3net_deepfakebench,external,1,official,6,faceswap_faces_c23/953_974,ffpp_test:68,1,faceswap,h265_crf32,2.161195755004883,0.8967103529904213
f3net_deepfakebench,external,1,official,7,faceswap_faces_c23/974_953,ffpp_test:68,1,faceswap,h265_crf32,2.0130615234375,0.8821616476714141
f3net_deepfakebench,external,1,official,8,neuraltextures_faces_c23/953_974,ffpp_test:68,1,neuraltextures,h265_crf32,-0.8046112060546875,0.3090400022547761
f3net_deepfakebench,external,1,official,9,neuraltextures_faces_c23/974_953,ffpp_test:68,1,neuraltextures,h265_crf32,0.39234352111816406,0.596846726770548
f3net_deepfakebench,external,1,official,10,original_faces_c23/012,ffpp_test:1,0,real,h265_crf32,0.555938720703125,0.6355123188657631
f3net_deepfakebench,external,1,official,11,original_faces_c23/026,ffpp_test:1,0,real,h265_crf32,-1.4202375411987305,0.19462434732663203
f3net_deepfakebench,external,1,official,12,deepfakes_faces_c23/012_026,ffpp_test:1,1,deepfakes,h265_crf32,0.9159908294677734,0.7142245057798896
f3net_deepfakebench,external,1,official,13,deepfakes_faces_c23/026_012,ffpp_test:1,1,deepfakes,h265_crf32,7.1898193359375,0.9992463430575811
f3net_deepfakebench,external,1,official,14,face2face_faces_c23/012_026,ffpp_test:1,1,face2face,h265_crf32,2.5719833374023438,0.9290365639596597
f3net_deepfakebench,external,1,official,15,face2face_faces_c23/026_012,ffpp_test:1,1,face2face,h265_crf32,-0.25003814697265625,0.43781410986634883
f3net_deepfakebench,external,1,official,16,faceswap_faces_c23/012_026,ffpp_test:1,1,faceswap,h265_crf32,6.54345703125,0.9985625657128676
f3net_deepfakebench,external,1,official,17,faceswap_faces_c23/026_012,ffpp_test:1,1,faceswap,h265_crf32,6.0426025390625,0.9976302601343903
f3net_deepfakebench,external,1,official,18,neuraltextures_faces_c23/012_026,ffpp_test:1,1,neuraltextures,h265_crf32,2.476367950439453,0.92246843039938
f3net_deepfakebench,external,1,official,19,neuraltextures_faces_c23/026_012,ffpp_test:1,1,neuraltextures,h265_crf32,-1.0616931915283203,0.25698601658139486
f3net_deepfakebench,external,1,official,20,original_faces_c23/078,ffpp_test:8,0,real,h265_crf32,-0.26279258728027344,0.4346773527231975
f3net_deepfakebench,external,1,official,21,original_faces_c23/955,ffpp_test:8,0,real,h265_crf32,-0.2660384178161621,0.43387991498256406
f3net_deepfakebench,external,1,official,22,deepfakes_faces_c23/078_955,ffpp_test:8,1,deepfakes,h265_crf32,7.426513671875,0.9994050949553309
f3net_deepfakebench,external,1,official,23,deepfakes_faces_c23/955_078,ffpp_test:8,1,deepfakes,h265_crf32,2.193571090698242,0.8996707053394094
f3net_deepfakebench,external,1,official,24,face2face_faces_c23/078_955,ffpp_test:8,1,face2face,h265_crf32,3.0890960693359375,0.9564407211387336
f3net_deepfakebench,external,1,official,25,face2face_faces_c23/955_078,ffpp_test:8,1,face2face,h265_crf32,3.0315780639648438,0.9539805023129112
f3net_deepfakebench,external,1,official,26,faceswap_faces_c23/078_955,ffpp_test:8,1,faceswap,h265_crf32,6.755859375,0.9988373143532109
f3net_deepfakebench,external,1,official,27,faceswap_faces_c23/955_078,ffpp_test:8,1,faceswap,h265_crf32,5.118501663208008,0.9940506232215968
f3net_deepfakebench,external,1,official,28,neuraltextures_faces_c23/078_955,ffpp_test:8,1,neuraltextures,h265_crf32,1.1979255676269531,0.768155547967095
f3net_deepfakebench,external,1,official,29,neuraltextures_faces_c23/955_078,ffpp_test:8,1,neuraltextures,h265_crf32,5.184417724609375,0.9944280226239074
f3net_deepfakebench,external,1,official,30,original_faces_c23/623,ffpp_test:51,0,real,h265_crf32,0.10226583480834961,0.5255442001704549
f3net_deepfakebench,external,1,official,31,original_faces_c23/630,ffpp_test:51,0,real,h265_crf32,-2.4471206665039062,0.07964936441241194
f3net_deepfakebench,external,1,official,32,deepfakes_faces_c23/623_630,ffpp_test:51,1,deepfakes,h265_crf32,7.037109375,0.9991221085910427
f3net_deepfakebench,external,1,official,33,deepfakes_faces_c23/630_623,ffpp_test:51,1,deepfakes,h265_crf32,4.0478973388671875,0.9828405412583469
f3net_deepfakebench,external,1,official,34,face2face_faces_c23/623_630,ffpp_test:51,1,face2face,h265_crf32,0.6110877990722656,0.648188903803634
f3net_deepfakebench,external,1,official,35,face2face_faces_c23/630_623,ffpp_test:51,1,face2face,h265_crf32,3.9528884887695312,0.9811624992528594
f3net_deepfakebench,external,1,official,36,faceswap_faces_c23/623_630,ffpp_test:51,1,faceswap,h265_crf32,5.50927734375,0.9959672961636626
f3net_deepfakebench,external,1,official,37,faceswap_faces_c23/630_623,ffpp_test:51,1,faceswap,h265_crf32,6.0235595703125,0.9975848108711375
f3net_deepfakebench,external,1,official,38,neuraltextures_faces_c23/623_630,ffpp_test:51,1,neuraltextures,h265_crf32,5.530487060546875,0.996051593827988
f3net_deepfakebench,external,1,official,39,neuraltextures_faces_c23/630_623,ffpp_test:51,1,neuraltextures,h265_crf32,1.04461669921875,0.7397398185374754
f3net_deepfakebench,external,1,official,40,original_faces_c23/919,ffpp_test:2,0,real,h265_crf32,-1.2142548561096191,0.22894906916468902
f3net_deepfakebench,external,1,official,41,original_faces_c23/015,ffpp_test:2,0,real,h265_crf32,3.588113784790039,0.973093539424966
f3net_deepfakebench,external,1,official,42,deepfakes_faces_c23/919_015,ffpp_test:2,1,deepfakes,h265_crf32,7.6982421875,0.999546581813136
f3net_deepfakebench,external,1,official,43,deepfakes_faces_c23/015_919,ffpp_test:2,1,deepfakes,h265_crf32,3.8649749755859375,0.9794669955232178
f3net_deepfakebench,external,1,official,44,face2face_faces_c23/919_015,ffpp_test:2,1,face2face,h265_crf32,4.79913330078125,0.9918304091069586
f3net_deepfakebench,external,1,official,45,face2face_faces_c23/015_919,ffpp_test:2,1,face2face,h265_crf32,4.2366943359375,0.9857506808375476
f3net_deepfakebench,external,1,official,46,faceswap_faces_c23/919_015,ffpp_test:2,1,faceswap,h265_crf32,5.0930633544921875,0.9938982750618254
f3net_deepfakebench,external,1,official,47,faceswap_faces_c23/015_919,ffpp_test:2,1,faceswap,h265_crf32,5.175605773925781,0.9943789828753496
f3net_deepfakebench,external,1,official,48,neuraltextures_faces_c23/919_015,ffpp_test:2,1,neuraltextures,h265_crf32,-0.7482166290283203,0.3212100125380879
f3net_deepfakebench,external,1,official,49,neuraltextures_faces_c23/015_919,ffpp_test:2,1,neuraltextures,h265_crf32,5.908550262451172,0.9972912356355763
f3net_deepfakebench,external,1,official,50,original_faces_c23/367,ffpp_test:30,0,real,h265_crf32,-0.5597000122070312,0.36361687394612546
f3net_deepfakebench,external,1,official,51,original_faces_c23/371,ffpp_test:30,0,real,h265_crf32,-1.1590309143066406,0.23884341767103906
f3net_deepfakebench,external,1,official,52,deepfakes_faces_c23/367_371,ffpp_test:30,1,deepfakes,h265_crf32,7.1507568359375,0.9992163443051844
f3net_deepfakebench,external,1,official,53,deepfakes_faces_c23/371_367,ffpp_test:30,1,deepfakes,h265_crf32,7.768798828125,0.9995774578950837
f3net_deepfakebench,external,1,official,54,face2face_faces_c23/367_371,ffpp_test:30,1,face2face,h265_crf32,2.3983993530273438,0.9167051647085779
f3net_deepfakebench,external,1,official,55,face2face_faces_c23/371_367,ffpp_test:30,1,face2face,h265_crf32,4.47161865234375,0.9887003399589414
f3net_deepfakebench,external,1,official,56,faceswap_faces_c23/367_371,ffpp_test:30,1,faceswap,h265_crf32,5.55316162109375,0.9961397731117279
f3net_deepfakebench,external,1,official,57,faceswap_faces_c23/371_367,ffpp_test:30,1,faceswap,h265_crf32,4.783027648925781,0.9916988683231449
f3net_deepfakebench,external,1,official,58,neuraltextures_faces_c23/367_371,ffpp_test:30,1,neuraltextures,h265_crf32,0.7573204040527344,0.6807716820044165
f3net_deepfakebench,external,1,official,59,neuraltextures_faces_c23/371_367,ffpp_test:30,1,neuraltextures,h265_crf32,2.57834529876709,0.9294548498461115
f3net_deepfakebench,external,1,official,60,original_faces_c23/847,ffpp_test:65,0,real,h265_crf32,0.3466053009033203,0.5857941318934113
f3net_deepfakebench,external,1,official,61,original_faces_c23/906,ffpp_test:65,0,real,h265_crf32,1.704214096069336,0.8460843190095643
f3net_deepfakebench,external,1,official,62,deepfakes_faces_c23/847_906,ffpp_test:65,1,deepfakes,h265_crf32,7.7203369140625,0.9995564857059969
f3net_deepfakebench,external,1,official,63,deepfakes_faces_c23/906_847,ffpp_test:65,1,deepfakes,h265_crf32,7.1787109375,0.9992379308795525
f3net_deepfakebench,external,1,official,64,face2face_faces_c23/847_906,ffpp_test:65,1,face2face,h265_crf32,2.8735547065734863,0.9465235613972626
f3net_deepfakebench,external,1,official,65,face2face_faces_c23/906_847,ffpp_test:65,1,face2face,h265_crf32,6.6357421875,0.9986891164860539
f3net_deepfakebench,external,1,official,66,faceswap_faces_c23/847_906,ffpp_test:65,1,faceswap,h265_crf32,6.88250732421875,0.9989754813311658
f3net_deepfakebench,external,1,official,67,faceswap_faces_c23/906_847,ffpp_test:65,1,faceswap,h265_crf32,6.5130615234375,0.9985182691083494
f3net_deepfakebench,external,1,official,68,neuraltextures_faces_c23/847_906,ffpp_test:65,1,neuraltextures,h265_crf32,4.261207580566406,0.9860909321183138
f3net_deepfakebench,external,1,official,69,neuraltextures_faces_c23/906_847,ffpp_test:65,1,neuraltextures,h265_crf32,4.6634368896484375,0.990654185197537
f3net_deepfakebench,external,1,official,70,original_faces_c23/529,ffpp_test:46,0,real,h265_crf32,-1.9428977966308594,0.1253298484043622
f3net_deepfakebench,external,1,official,71,original_faces_c23/633,ffpp_test:46,0,real,h265_crf32,2.3097457885742188,0.9096809710796404
f3net_deepfakebench,external,1,official,72,deepfakes_faces_c23/529_633,ffpp_test:46,1,deepfakes,h265_crf32,5.60113525390625,0.9963199248917166
f3net_deepfakebench,external,1,official,73,deepfakes_faces_c23/633_529,ffpp_test:46,1,deepfakes,h265_crf32,5.207000732421875,0.9945517665562771
f3net_deepfakebench,external,1,official,74,face2face_faces_c23/529_633,ffpp_test:46,1,face2face,h265_crf32,2.3659629821777344,0.9141947148933988
f3net_deepfakebench,external,1,official,75,face2face_faces_c23/633_529,ffpp_test:46,1,face2face,h265_crf32,4.731851577758789,0.991266797502151
f3net_deepfakebench,external,1,official,76,faceswap_faces_c23/529_633,ffpp_test:46,1,faceswap,h265_crf32,6.4144287109375,0.9983649225840541
f3net_deepfakebench,external,1,official,77,faceswap_faces_c23/633_529,ffpp_test:46,1,faceswap,h265_crf32,5.3223876953125,0.9951426240103034
f3net_deepfakebench,external,1,official,78,neuraltextures_faces_c23/529_633,ffpp_test:46,1,neuraltextures,h265_crf32,1.2479705810546875,0.7769483613518894
f3net_deepfakebench,external,1,official,79,neuraltextures_faces_c23/633_529,ffpp_test:46,1,neuraltextures,h265_crf32,1.4891300201416016,0.8159476574578313
f3net_deepfakebench,external,1,official,80,original_faces_c23/418,ffpp_test:36,0,real,h265_crf32,-0.3435671329498291,0.4149432388891122
f3net_deepfakebench,external,1,official,81,original_faces_c23/507,ffpp_test:36,0,real,h265_crf32,-0.12332534790039062,0.4692076801979294
f3net_deepfakebench,external,1,official,82,deepfakes_faces_c23/418_507,ffpp_test:36,1,deepfakes,h265_crf32,3.6230316162109375,0.9739928285618872
f3net_deepfakebench,external,1,official,83,deepfakes_faces_c23/507_418,ffpp_test:36,1,deepfakes,h265_crf32,6.206634521484375,0.9979880452216424
f3net_deepfakebench,external,1,official,84,face2face_faces_c23/418_507,ffpp_test:36,1,face2face,h265_crf32,5.3687744140625,0.9953617745381875
f3net_deepfakebench,external,1,official,85,face2face_faces_c23/507_418,ffpp_test:36,1,face2face,h265_crf32,3.7133636474609375,0.9761856314982325
f3net_deepfakebench,external,1,official,86,faceswap_faces_c23/418_507,ffpp_test:36,1,faceswap,h265_crf32,4.664794921875,0.9906667501246642
f3net_deepfakebench,external,1,official,87,faceswap_faces_c23/507_418,ffpp_test:36,1,faceswap,h265_crf32,4.632110595703125,0.9903596485749029
f3net_deepfakebench,external,1,official,88,neuraltextures_faces_c23/418_507,ffpp_test:36,1,neuraltextures,h265_crf32,1.289957046508789,0.7841399187647254
f3net_deepfakebench,external,1,official,89,neuraltextures_faces_c23/507_418,ffpp_test:36,1,neuraltextures,h265_crf32,3.2735061645507812,0.9635086480750934
f3net_deepfakebench,external,1,official,90,original_faces_c23/227,ffpp_test:16,0,real,h265_crf32,1.7284774780273438,0.8492175693854404
f3net_deepfakebench,external,1,official,91,original_faces_c23/169,ffpp_test:16,0,real,h265_crf32,1.4019813537597656,0.8024981112385101
f3net_deepfakebench,external,1,official,92,deepfakes_faces_c23/227_169,ffpp_test:16,1,deepfakes,h265_crf32,6.5137939453125,0.9985193523568453
f3net_deepfakebench,external,1,official,93,deepfakes_faces_c23/169_227,ffpp_test:16,1,deepfakes,h265_crf32,6.43035888671875,0.9983907216999096
f3net_deepfakebench,external,1,official,94,face2face_faces_c23/227_169,ffpp_test:16,1,face2face,h265_crf32,3.5329132080078125,0.9716098810883077
f3net_deepfakebench,external,1,official,95,face2face_faces_c23/169_227,ffpp_test:16,1,face2face,h265_crf32,4.3465576171875,0.9872142727061046
f3net_deepfakebench,external,1,official,96,faceswap_faces_c23/227_169,ffpp_test:16,1,faceswap,h265_crf32,2.272857666015625,0.9066040366799726
f3net_deepfakebench,external,1,official,97,faceswap_faces_c23/169_227,ffpp_test:16,1,faceswap,h265_crf32,6.04412841796875,0.9976338647638573
f3net_deepfakebench,external,1,official,98,neuraltextures_faces_c23/227_169,ffpp_test:16,1,neuraltextures,h265_crf32,1.5092272758483887,0.8189466609349249
f3net_deepfakebench,external,1,official,99,neuraltextures_faces_c23/169_227,ffpp_test:16,1,neuraltextures,h265_crf32,5.76397705078125,0.9968712156610956
f3net_deepfakebench,external,1,official,100,original_faces_c23/389,ffpp_test:33,0,real,h265_crf32,-1.1389007568359375,0.2425222405268833
f3net_deepfakebench,external,1,official,101,original_faces_c23/480,ffpp_test:33,0,real,h265_crf32,2.2507095336914062,0.9047117204489368
f3net_deepfakebench,external,1,official,102,deepfakes_faces_c23/389_480,ffpp_test:33,1,deepfakes,h265_crf32,5.786487579345703,0.9969406463852749
f3net_deepfakebench,external,1,official,103,deepfakes_faces_c23/480_389,ffpp_test:33,1,deepfakes,h265_crf32,3.015239715576172,0.9532578771391358
f3net_deepfakebench,external,1,official,104,face2face_faces_c23/389_480,ffpp_test:33,1,face2face,h265_crf32,2.9744491577148438,0.9514063852890158
f3net_deepfakebench,external,1,official,105,face2face_faces_c23/480_389,ffpp_test:33,1,face2face,h265_crf32,3.7261123657226562,0.9764802117520643
f3net_deepfakebench,external,1,official,106,faceswap_faces_c23/389_480,ffpp_test:33,1,faceswap,h265_crf32,6.6529541015625,0.9987114574107179
f3net_deepfakebench,external,1,official,107,faceswap_faces_c23/480_389,ffpp_test:33,1,faceswap,h265_crf32,6.3126220703125,0.9981900095334016
f3net_deepfakebench,external,1,official,108,neuraltextures_faces_c23/389_480,ffpp_test:33,1,neuraltextures,h265_crf32,0.6191487312316895,0.6500249160334375
f3net_deepfakebench,external,1,official,109,neuraltextures_faces_c23/480_389,ffpp_test:33,1,neuraltextures,h265_crf32,1.1610560417175293,0.7615245501670312
f3net_deepfakebench,external,1,official,110,original_faces_c23/821,ffpp_test:64,0,real,h265_crf32,1.894845962524414,0.8693070774206378
f3net_deepfakebench,external,1,official,111,original_faces_c23/812,ffpp_test:64,0,real,h265_crf32,0.402252197265625,0.5992286542348103
f3net_deepfakebench,external,1,official,112,deepfakes_faces_c23/821_812,ffpp_test:64,1,deepfakes,h265_crf32,4.69927978515625,0.9909802660702648
f3net_deepfakebench,external,1,official,113,deepfakes_faces_c23/812_821,ffpp_test:64,1,deepfakes,h265_crf32,7.43701171875,0.9994113039714733
f3net_deepfakebench,external,1,official,114,face2face_faces_c23/821_812,ffpp_test:64,1,face2face,h265_crf32,6.035633087158203,0.9976137262082874
f3net_deepfakebench,external,1,official,115,face2face_faces_c23/812_821,ffpp_test:64,1,face2face,h265_crf32,6.8026123046875,0.998890363236778
f3net_deepfakebench,external,1,official,116,faceswap_faces_c23/821_812,ffpp_test:64,1,faceswap,h265_crf32,6.2982177734375,0.9981637974359897
f3net_deepfakebench,external,1,official,117,faceswap_faces_c23/812_821,ffpp_test:64,1,faceswap,h265_crf32,6.56787109375,0.9985971857659277
f3net_deepfakebench,external,1,official,118,neuraltextures_faces_c23/821_812,ffpp_test:64,1,neuraltextures,h265_crf32,2.1633143424987793,0.8969064136064656
f3net_deepfakebench,external,1,official,119,neuraltextures_faces_c23/812_821,ffpp_test:64,1,neuraltextures,h265_crf32,2.6808013916015625,0.9358842278506365
f3net_deepfakebench,external,1,official,120,original_faces_c23/670,ffpp_test:54,0,real,h265_crf32,-2.626678466796875,0.06744105106375146
f3net_deepfakebench,external,1,official,121,original_faces_c23/661,ffpp_test:54,0,real,h265_crf32,0.7509231567382812,0.679379817125914
f3net_deepfakebench,external,1,official,122,deepfakes_faces_c23/670_661,ffpp_test:54,1,deepfakes,h265_crf32,7.2850341796875,0.9993147450981854
f3net_deepfakebench,external,1,official,123,deepfakes_faces_c23/661_670,ffpp_test:54,1,deepfakes,h265_crf32,7.3037109375,0.9993274161348034
f3net_deepfakebench,external,1,official,124,face2face_faces_c23/670_661,ffpp_test:54,1,face2face,h265_crf32,2.6079864501953125,0.9313738086770368
f3net_deepfakebench,external,1,official,125,face2face_faces_c23/661_670,ffpp_test:54,1,face2face,h265_crf32,5.51251220703125,0.9959802679785001
f3net_deepfakebench,external,1,official,126,faceswap_faces_c23/670_661,ffpp_test:54,1,faceswap,h265_crf32,6.084716796875,0.9977277656051827
f3net_deepfakebench,external,1,official,127,faceswap_faces_c23/661_670,ffpp_test:54,1,faceswap,h265_crf32,6.704833984375,0.9987765226781878
f3net_deepfakebench,external,1,official,128,neuraltextures_faces_c23/670_661,ffpp_test:54,1,neuraltextures,h265_crf32,2.91424560546875,0.9485461720076322
f3net_deepfakebench,external,1,official,129,neuraltextures_faces_c23/661_670,ffpp_test:54,1,neuraltextures,h265_crf32,1.7753074169158936,0.8551164592590792
f3net_deepfakebench,external,1,official,130,original_faces_c23/158,ffpp_test:15,0,real,h265_crf32,1.6969070434570312,0.8451303451582083
f3net_deepfakebench,external,1,official,131,original_faces_c23/379,ffpp_test:15,0,real,h265_crf32,-0.00785064697265625,0.4980373483371121
f3net_deepfakebench,external,1,official,132,deepfakes_faces_c23/158_379,ffpp_test:15,1,deepfakes,h265_crf32,2.672123908996582,0.9353615623897722
f3net_deepfakebench,external,1,official,133,deepfakes_faces_c23/379_158,ffpp_test:15,1,deepfakes,h265_crf32,4.92059326171875,0.9927580269223817
f3net_deepfakebench,external,1,official,134,face2face_faces_c23/158_379,ffpp_test:15,1,face2face,h265_crf32,2.990532398223877,0.9521445748664966
f3net_deepfakebench,external,1,official,135,face2face_faces_c23/379_158,ffpp_test:15,1,face2face,h265_crf32,4.8041839599609375,0.9918712323395573
f3net_deepfakebench,external,1,official,136,faceswap_faces_c23/158_379,ffpp_test:15,1,faceswap,h265_crf32,2.110617160797119,0.8919308358938017
f3net_deepfakebench,external,1,official,137,faceswap_faces_c23/379_158,ffpp_test:15,1,faceswap,h265_crf32,4.0032501220703125,0.9820711061471135
f3net_deepfakebench,external,1,official,138,neuraltextures_faces_c23/158_379,ffpp_test:15,1,neuraltextures,h265_crf32,2.659374237060547,0.9345864211828281
f3net_deepfakebench,external,1,official,139,neuraltextures_faces_c23/379_158,ffpp_test:15,1,neuraltextures,h265_crf32,4.2206268310546875,0.9855232218495068
f3net_deepfakebench,external,1,official,140,original_faces_c23/423,ffpp_test:37,0,real,h265_crf32,1.7121315002441406,0.8471125452649984
f3net_deepfakebench,external,1,official,141,original_faces_c23/421,ffpp_test:37,0,real,h265_crf32,-1.0762710571289062,0.25421233288242384
f3net_deepfakebench,external,1,official,142,deepfakes_faces_c23/423_421,ffpp_test:37,1,deepfakes,h265_crf32,7.9532470703125,0.9996486046192055
f3net_deepfakebench,external,1,official,143,deepfakes_faces_c23/421_423,ffpp_test:37,1,deepfakes,h265_crf32,6.701416015625,0.9987723388587689
f3net_deepfakebench,external,1,official,144,face2face_faces_c23/423_421,ffpp_test:37,1,face2face,h265_crf32,2.7797770500183105,0.9415731804895316
f3net_deepfakebench,external,1,official,145,face2face_faces_c23/421_423,ffpp_test:37,1,face2face,h265_crf32,4.4864501953125,0.9888648422687172
f3net_deepfakebench,external,1,official,146,faceswap_faces_c23/423_421,ffpp_test:37,1,faceswap,h265_crf32,4.1819915771484375,0.9849615385496683
f3net_deepfakebench,external,1,official,147,faceswap_faces_c23/421_423,ffpp_test:37,1,faceswap,h265_crf32,3.7952117919921875,0.9780160145820507
f3net_deepfakebench,external,1,official,148,neuraltextures_faces_c23/423_421,ffpp_test:37,1,neuraltextures,h265_crf32,0.8660211563110352,0.7039171094722944
f3net_deepfakebench,external,1,official,149,neuraltextures_faces_c23/421_423,ffpp_test:37,1,neuraltextures,h265_crf32,-0.6895923614501953,0.3341237606074614
f3net_deepfakebench,external,1,official,150,original_faces_c23/352,ffpp_test:28,0,real,h265_crf32,-1.0422329902648926,0.26071936679157753
f3net_deepfakebench,external,1,official,151,original_faces_c23/319,ffpp_test:28,0,real,h265_crf32,-2.04156494140625,0.11490747569666665
f3net_deepfakebench,external,1,official,152,deepfakes_faces_c23/352_319,ffpp_test:28,1,deepfakes,h265_crf32,1.5010333061218262,0.8177285395657586
f3net_deepfakebench,external,1,official,153,deepfakes_faces_c23/319_352,ffpp_test:28,1,deepfakes,h265_crf32,6.6038818359375,0.9986467362561641
f3net_deepfakebench,external,1,official,154,face2face_faces_c23/352_319,ffpp_test:28,1,face2face,h265_crf32,3.2805051803588867,0.9637539348660342
f3net_deepfakebench,external,1,official,155,face2face_faces_c23/319_352,ffpp_test:28,1,face2face,h265_crf32,0.23445796966552734,0.5583474543867535
f3net_deepfakebench,external,1,official,156,faceswap_faces_c23/352_319,ffpp_test:28,1,faceswap,h265_crf32,2.5099411010742188,0.9248357962882251
f3net_deepfakebench,external,1,official,157,faceswap_faces_c23/319_352,ffpp_test:28,1,faceswap,h265_crf32,4.28509521484375,0.9864147896003063
f3net_deepfakebench,external,1,official,158,neuraltextures_faces_c23/352_319,ffpp_test:28,1,neuraltextures,h265_crf32,2.5604915618896484,0.9282751929942551
f3net_deepfakebench,external,1,official,159,neuraltextures_faces_c23/319_352,ffpp_test:28,1,neuraltextures,h265_crf32,-1.2495880126953125,0.2227714639473904
f3net_deepfakebench,external,1,official,160,original_faces_c23/579,ffpp_test:48,0,real,h265_crf32,-0.7097282409667969,0.3296588917837489
f3net_deepfakebench,external,1,official,161,original_faces_c23/701,ffpp_test:48,0,real,h265_crf32,0.0879373550415039,0.521970182672395
f3net_deepfakebench,external,1,official,162,deepfakes_faces_c23/579_701,ffpp_test:48,1,deepfakes,h265_crf32,3.0107955932617188,0.9530594597098064
f3net_deepfakebench,external,1,official,163,deepfakes_faces_c23/701_579,ffpp_test:48,1,deepfakes,h265_crf32,2.7434425354003906,0.9395419387664067
f3net_deepfakebench,external,1,official,164,face2face_faces_c23/579_701,ffpp_test:48,1,face2face,h265_crf32,3.7586212158203125,0.9772153774317407
f3net_deepfakebench,external,1,official,165,face2face_faces_c23/701_579,ffpp_test:48,1,face2face,h265_crf32,4.0477294921875,0.9828377102927032
f3net_deepfakebench,external,1,official,166,faceswap_faces_c23/579_701,ffpp_test:48,1,faceswap,h265_crf32,5.29412841796875,0.9950040957064267
f3net_deepfakebench,external,1,official,167,faceswap_faces_c23/701_579,ffpp_test:48,1,faceswap,h265_crf32,4.333282470703125,0.9870456221272418
f3net_deepfakebench,external,1,official,168,neuraltextures_faces_c23/579_701,ffpp_test:48,1,neuraltextures,h265_crf32,-0.4947071075439453,0.378785322007377
f3net_deepfakebench,external,1,official,169,neuraltextures_faces_c23/701_579,ffpp_test:48,1,neuraltextures,h265_crf32,-0.05244016647338867,0.4868929619086145
f3net_deepfakebench,external,1,official,170,original_faces_c23/488,ffpp_test:34,0,real,h265_crf32,0.3397960662841797,0.5841409841472602
f3net_deepfakebench,external,1,official,171,original_faces_c23/399,ffpp_test:34,0,real,h265_crf32,2.105571746826172,0.8914435447700454
f3net_deepfakebench,external,1,official,172,deepfakes_faces_c23/488_399,ffpp_test:34,1,deepfakes,h265_crf32,6.589111328125,0.9986266271698658
f3net_deepfakebench,external,1,official,173,deepfakes_faces_c23/399_488,ffpp_test:34,1,deepfakes,h265_crf32,5.22857666015625,0.9946674380538066
f3net_deepfakebench,external,1,official,174,face2face_faces_c23/488_399,ffpp_test:34,1,face2face,h265_crf32,6.4400634765625,0.998406238780141
f3net_deepfakebench,external,1,official,175,face2face_faces_c23/399_488,ffpp_test:34,1,face2face,h265_crf32,5.422119140625,0.9956016560580638
f3net_deepfakebench,external,1,official,176,faceswap_faces_c23/488_399,ffpp_test:34,1,faceswap,h265_crf32,5.4254150390625,0.9956160652426533
f3net_deepfakebench,external,1,official,177,faceswap_faces_c23/399_488,ffpp_test:34,1,faceswap,h265_crf32,6.83087158203125,0.998921248490014
f3net_deepfakebench,external,1,official,178,neuraltextures_faces_c23/488_399,ffpp_test:34,1,neuraltextures,h265_crf32,1.3960298299789429,0.8015531266256701
f3net_deepfakebench,external,1,official,179,neuraltextures_faces_c23/399_488,ffpp_test:34,1,neuraltextures,h265_crf32,6.06121826171875,0.9976738648128489
f3net_deepfakebench,external,1,official,180,original_faces_c23/695,ffpp_test:38,0,real,h265_crf32,0.4893341064453125,0.6199495522974046
f3net_deepfakebench,external,1,official,181,original_faces_c23/422,ffpp_test:38,0,real,h265_crf32,2.661269187927246,0.9347021729681257
f3net_deepfakebench,external,1,official,182,deepfakes_faces_c23/695_422,ffpp_test:38,1,deepfakes,h265_crf32,5.7647705078125,0.9968736894742257
f3net_deepfakebench,external,1,official,183,deepfakes_faces_c23/422_695,ffpp_test:38,1,deepfakes,h265_crf32,5.875732421875,0.9972011180022835
f3net_deepfakebench,external,1,official,184,face2face_faces_c23/695_422,ffpp_test:38,1,face2face,h265_crf32,3.4882049560546875,0.9703502949098637
f3net_deepfakebench,external,1,official,185,face2face_faces_c23/422_695,ffpp_test:38,1,face2face,h265_crf32,5.64398193359375,0.9964737293380703
f3net_deepfakebench,external,1,official,186,faceswap_faces_c23/695_422,ffpp_test:38,1,faceswap,h265_crf32,5.92926025390625,0.9973466098918884
f3net_deepfakebench,external,1,official,187,faceswap_faces_c23/422_695,ffpp_test:38,1,faceswap,h265_crf32,5.1246337890625,0.9940867788519546
f3net_deepfakebench,external,1,official,188,neuraltextures_faces_c23/695_422,ffpp_test:38,1,neuraltextures,h265_crf32,1.6197490692138672,0.8347605204799763
f3net_deepfakebench,external,1,official,189,neuraltextures_faces_c23/422_695,ffpp_test:38,1,neuraltextures,h265_crf32,3.525299072265625,0.9713990959635461
f3net_deepfakebench,external,1,official,190,original_faces_c23/288,ffpp_test:25,0,real,h265_crf32,2.52899169921875,0.9261494186049012
f3net_deepfakebench,external,1,official,191,original_faces_c23/321,ffpp_test:25,0,real,h265_crf32,-0.3387770652770996,0.41610657308184085
f3net_deepfakebench,external,1,official,192,deepfakes_faces_c23/288_321,ffpp_test:25,1,deepfakes,h265_crf32,8.50927734375,0.9997984511779525
f3net_deepfakebench,external,1,official,193,deepfakes_faces_c23/321_288,ffpp_test:25,1,deepfakes,h265_crf32,6.7249755859375,0.998800889702282
f3net_deepfakebench,external,1,official,194,face2face_faces_c23/288_321,ffpp_test:25,1,face2face,h265_crf32,6.4085693359375,0.9983553297325238
f3net_deepfakebench,external,1,official,195,face2face_faces_c23/321_288,ffpp_test:25,1,face2face,h265_crf32,3.626556396484375,0.9740819650462069
f3net_deepfakebench,external,1,official,196,faceswap_faces_c23/288_321,ffpp_test:25,1,faceswap,h265_crf32,6.7457275390625,0.9988254882399507
f3net_deepfakebench,external,1,official,197,faceswap_faces_c23/321_288,ffpp_test:25,1,faceswap,h265_crf32,5.7874755859375,0.9969436583203756
f3net_deepfakebench,external,1,official,198,neuraltextures_faces_c23/288_321,ffpp_test:25,1,neuraltextures,h265_crf32,7.4691162109375,0.9994298929914852
f3net_deepfakebench,external,1,official,199,neuraltextures_faces_c23/321_288,ffpp_test:25,1,neuraltextures,h265_crf32,2.494171142578125,0.9237321838421385
f3net_deepfakebench,external,1,official,200,original_faces_c23/705,ffpp_test:57,0,real,h265_crf32,5.45928955078125,0.9957614629130209
f3net_deepfakebench,external,1,official,201,original_faces_c23/707,ffpp_test:57,0,real,h265_crf32,-2.627349853515625,0.06739883796374711
f3net_deepfakebench,external,1,official,202,deepfakes_faces_c23/705_707,ffpp_test:57,1,deepfakes,h265_crf32,4.7996368408203125,0.9918344882053978
f3net_deepfakebench,external,1,official,203,deepfakes_faces_c23/707_705,ffpp_test:57,1,deepfakes,h265_crf32,7.5045166015625,0.9994497110433564
f3net_deepfakebench,external,1,official,204,face2face_faces_c23/705_707,ffpp_test:57,1,face2face,h265_crf32,5.9044189453125,0.9972800522240246
f3net_deepfakebench,external,1,official,205,face2face_faces_c23/707_705,ffpp_test:57,1,face2face,h265_crf32,1.7188799381256104,0.8479845090407702
f3net_deepfakebench,external,1,official,206,faceswap_faces_c23/705_707,ffpp_test:57,1,faceswap,h265_crf32,6.4344482421875,0.9983972786475778
f3net_deepfakebench,external,1,official,207,faceswap_faces_c23/707_705,ffpp_test:57,1,faceswap,h265_crf32,6.7369384765625,0.9988151321705003
f3net_deepfakebench,external,1,official,208,neuraltextures_faces_c23/705_707,ffpp_test:57,1,neuraltextures,h265_crf32,6.4691162109375,0.9984518050971904
f3net_deepfakebench,external,1,official,209,neuraltextures_faces_c23/707_705,ffpp_test:57,1,neuraltextures,h265_crf32,-1.1503372192382812,0.24042749397019064
f3net_deepfakebench,external,1,official,210,original_faces_c23/306,ffpp_test:24,0,real,h265_crf32,2.8587722778320312,0.9457703655956882
f3net_deepfakebench,external,1,official,211,original_faces_c23/278,ffpp_test:24,0,real,h265_crf32,0.6947975158691406,0.6670333069167141
f3net_deepfakebench,external,1,official,212,deepfakes_faces_c23/306_278,ffpp_test:24,1,deepfakes,h265_crf32,6.47857666015625,0.9984663602958957
f3net_deepfakebench,external,1,official,213,deepfakes_faces_c23/278_306,ffpp_test:24,1,deepfakes,h265_crf32,5.866455078125,0.9971751046829704
f3net_deepfakebench,external,1,official,214,face2face_faces_c23/306_278,ffpp_test:24,1,face2face,h265_crf32,5.9142608642578125,0.9973066186821786
f3net_deepfakebench,external,1,official,215,face2face_faces_c23/278_306,ffpp_test:24,1,face2face,h265_crf32,6.64617919921875,0.9987027093854851
f3net_deepfakebench,external,1,official,216,faceswap_faces_c23/306_278,ffpp_test:24,1,faceswap,h265_crf32,5.803070068359375,0.9969908083668733
f3net_deepfakebench,external,1,official,217,faceswap_faces_c23/278_306,ffpp_test:24,1,faceswap,h265_crf32,3.5340347290039062,0.9716408009007537
f3net_deepfakebench,external,1,official,218,neuraltextures_faces_c23/306_278,ffpp_test:24,1,neuraltextures,h265_crf32,5.3612060546875,0.9953267022790196
f3net_deepfakebench,external,1,official,219,neuraltextures_faces_c23/278_306,ffpp_test:24,1,neuraltextures,h265_crf32,2.2992477416992188,0.9088147181126215
f3net_deepfakebench,external,1,official,220,original_faces_c23/865,ffpp_test:61,0,real,h265_crf32,-1.0440711975097656,0.2603652178144233
f3net_deepfakebench,external,1,official,221,original_faces_c23/739,ffpp_test:61,0,real,h265_crf32,-1.8103141784667969,0.14060015871213602
f3net_deepfakebench,external,1,official,222,deepfakes_faces_c23/865_739,ffpp_test:61,1,deepfakes,h265_crf32,4.83990478515625,0.992154235832112
f3net_deepfakebench,external,1,official,223,deepfakes_faces_c23/739_865,ffpp_test:61,1,deepfakes,h265_crf32,6.5853271484375,0.9986214274126612
f3net_deepfakebench,external,1,official,224,face2face_faces_c23/865_739,ffpp_test:61,1,face2face,h265_crf32,-0.7005157470703125,0.33169788998745026
f3net_deepfakebench,external,1,official,225,face2face_faces_c23/739_865,ffpp_test:61,1,face2face,h265_crf32,2.87567138671875,0.9466305995736345
f3net_deepfakebench,external,1,official,226,faceswap_faces_c23/865_739,ffpp_test:61,1,faceswap,h265_crf32,4.752197265625,0.9914411797782314
f3net_deepfakebench,external,1,official,227,faceswap_faces_c23/739_865,ffpp_test:61,1,faceswap,h265_crf32,6.812255859375,0.9989010009442739
f3net_deepfakebench,external,1,official,228,neuraltextures_faces_c23/865_739,ffpp_test:61,1,neuraltextures,h265_crf32,-1.3615531921386719,0.20398798382471722
f3net_deepfakebench,external,1,official,229,neuraltextures_faces_c23/739_865,ffpp_test:61,1,neuraltextures,h265_crf32,0.39739227294921875,0.5980609647413258
f3net_deepfakebench,external,1,official,230,original_faces_c23/995,ffpp_test:21,0,real,h265_crf32,1.6079685688018799,0.8331291578642839
f3net_deepfakebench,external,1,official,231,original_faces_c23/233,ffpp_test:21,0,real,h265_crf32,-3.2225494384765625,0.03832591008244718
f3net_deepfakebench,external,1,official,232,deepfakes_faces_c23/995_233,ffpp_test:21,1,deepfakes,h265_crf32,0.8852510452270508,0.707909183702122
f3net_deepfakebench,external,1,official,233,deepfakes_faces_c23/233_995,ffpp_test:21,1,deepfakes,h265_crf32,5.433807373046875,0.9956525434553236
f3net_deepfakebench,external,1,official,234,face2face_faces_c23/995_233,ffpp_test:21,1,face2face,h265_crf32,6.882568359375,0.9989755437968556
f3net_deepfakebench,external,1,official,235,face2face_faces_c23/233_995,ffpp_test:21,1,face2face,h265_crf32,-3.2510833740234375,0.03728797733263286
f3net_deepfakebench,external,1,official,236,faceswap_faces_c23/995_233,ffpp_test:21,1,faceswap,h265_crf32,2.3117446899414062,0.909845069381505
f3net_deepfakebench,external,1,official,237,faceswap_faces_c23/233_995,ffpp_test:21,1,faceswap,h265_crf32,4.028045654296875,0.9825025134025163
f3net_deepfakebench,external,1,official,238,neuraltextures_faces_c23/995_233,ffpp_test:21,1,neuraltextures,h265_crf32,5.40167236328125,0.9955112062322758
f3net_deepfakebench,external,1,official,239,neuraltextures_faces_c23/233_995,ffpp_test:21,1,neuraltextures,h265_crf32,-3.0665531158447266,0.044508184011678865
f3net_deepfakebench,external,1,official,240,original_faces_c23/755,ffpp_test:62,0,real,h265_crf32,-1.9344940185546875,0.1262539940642771
f3net_deepfakebench,external,1,official,241,original_faces_c23/759,ffpp_test:62,0,real,h265_crf32,0.4210948944091797,0.6037452187722882
f3net_deepfakebench,external,1,official,242,deepfakes_faces_c23/755_759,ffpp_test:62,1,deepfakes,h265_crf32,7.8541259765625,0.999612003426058
f3net_deepfakebench,external,1,official,243,deepfakes_faces_c23/759_755,ffpp_test:62,1,deepfakes,h265_crf32,3.614959716796875,0.9737875767208357
f3net_deepfakebench,external,1,official,244,face2face_faces_c23/755_759,ffpp_test:62,1,face2face,h265_crf32,0.9956398010253906,0.7302004483066481
f3net_deepfakebench,external,1,official,245,face2face_faces_c23/759_755,ffpp_test:62,1,face2face,h265_crf32,7.5135498046875,0.9994546568326577
f3net_deepfakebench,external,1,official,246,faceswap_faces_c23/755_759,ffpp_test:62,1,faceswap,h265_crf32,4.7005615234375,0.9909917155251389
f3net_deepfakebench,external,1,official,247,faceswap_faces_c23/759_755,ffpp_test:62,1,faceswap,h265_crf32,-1.4142193794250488,0.1955694023411098
f3net_deepfakebench,external,1,official,248,neuraltextures_faces_c23/755_759,ffpp_test:62,1,neuraltextures,h265_crf32,-1.7263851165771484,0.15105054722001837
f3net_deepfakebench,external,1,official,249,neuraltextures_faces_c23/759_755,ffpp_test:62,1,neuraltextures,h265_crf32,7.00439453125,0.9990929400407723
f3net_deepfakebench,external,1,official,250,original_faces_c23/467,ffpp_test:43,0,real,h265_crf32,1.9956130981445312,0.8803357114414229
f3net_deepfakebench,external,1,official,251,original_faces_c23/462,ffpp_test:43,0,real,h265_crf32,-1.9831628799438477,0.12098207669066732
f3net_deepfakebench,external,1,official,252,deepfakes_faces_c23/467_462,ffpp_test:43,1,deepfakes,h265_crf32,1.3123283386230469,0.7879025103598064
f3net_deepfakebench,external,1,official,253,deepfakes_faces_c23/462_467,ffpp_test:43,1,deepfakes,h265_crf32,5.87890625,0.9972099623456693
f3net_deepfakebench,external,1,official,254,face2face_faces_c23/467_462,ffpp_test:43,1,face2face,h265_crf32,6.383575439453125,0.9983137751874978
f3net_deepfakebench,external,1,official,255,face2face_faces_c23/462_467,ffpp_test:43,1,face2face,h265_crf32,3.7937095165252686,0.977983691417673
f3net_deepfakebench,external,1,official,256,faceswap_faces_c23/467_462,ffpp_test:43,1,faceswap,h265_crf32,5.1964569091796875,0.9944943353799022
f3net_deepfakebench,external,1,official,257,faceswap_faces_c23/462_467,ffpp_test:43,1,faceswap,h265_crf32,5.6624755859375,0.9965381199559652
f3net_deepfakebench,external,1,official,258,neuraltextures_faces_c23/467_462,ffpp_test:43,1,neuraltextures,h265_crf32,5.30975341796875,0.9950811690386647
f3net_deepfakebench,external,1,official,259,neuraltextures_faces_c23/462_467,ffpp_test:43,1,neuraltextures,h265_crf32,0.8492507934570312,0.7004099556911627
f3net_deepfakebench,external,1,official,260,original_faces_c23/314,ffpp_test:27,0,real,h265_crf32,2.0292816162109375,0.8838373425967452
f3net_deepfakebench,external,1,official,261,original_faces_c23/347,ffpp_test:27,0,real,h265_crf32,-2.2963294982910156,0.091427406942765
f3net_deepfakebench,external,1,official,262,deepfakes_faces_c23/314_347,ffpp_test:27,1,deepfakes,h265_crf32,7.1502685546875,0.9992159618674489
f3net_deepfakebench,external,1,official,263,deepfakes_faces_c23/347_314,ffpp_test:27,1,deepfakes,h265_crf32,5.248779296875,0.994773531516377
f3net_deepfakebench,external,1,official,264,face2face_faces_c23/314_347,ffpp_test:27,1,face2face,h265_crf32,4.7418212890625,0.9913526832699562
f3net_deepfakebench,external,1,official,265,face2face_faces_c23/347_314,ffpp_test:27,1,face2face,h265_crf32,1.0942039489746094,0.7491725257005757
f3net_deepfakebench,external,1,official,266,faceswap_faces_c23/314_347,ffpp_test:27,1,faceswap,h265_crf32,2.8518218994140625,0.9454127827082457
f3net_deepfakebench,external,1,official,267,faceswap_faces_c23/347_314,ffpp_test:27,1,faceswap,h265_crf32,3.976959228515625,0.9816022755985436
f3net_deepfakebench,external,1,official,268,neuraltextures_faces_c23/314_347,ffpp_test:27,1,neuraltextures,h265_crf32,3.6487698554992676,0.9746369055858304
f3net_deepfakebench,external,1,official,269,neuraltextures_faces_c23/347_314,ffpp_test:27,1,neuraltextures,h265_crf32,-1.0525479316711426,0.25873612823999936
f3net_deepfakebench,external,1,official,270,original_faces_c23/741,ffpp_test:60,0,real,h265_crf32,-2.2679481506347656,0.09381249815056728
f3net_deepfakebench,external,1,official,271,original_faces_c23/731,ffpp_test:60,0,real,h265_crf32,-0.03842926025390625,0.49039386710861993
f3net_deepfakebench,external,1,official,272,deepfakes_faces_c23/741_731,ffpp_test:60,1,deepfakes,h265_crf32,1.7765898704528809,0.8552752730290948
f3net_deepfakebench,external,1,official,273,deepfakes_faces_c23/731_741,ffpp_test:60,1,deepfakes,h265_crf32,6.642822265625,0.9986983528273606
f3net_deepfakebench,external,1,official,274,face2face_faces_c23/741_731,ffpp_test:60,1,face2face,h265_crf32,4.3960418701171875,0.9878240496385104
f3net_deepfakebench,external,1,official,275,face2face_faces_c23/731_741,ffpp_test:60,1,face2face,h265_crf32,4.7465057373046875,0.9913927486006169
f3net_deepfakebench,external,1,official,276,faceswap_faces_c23/741_731,ffpp_test:60,1,faceswap,h265_crf32,4.557220458984375,0.9896177430008385
f3net_deepfakebench,external,1,official,277,faceswap_faces_c23/731_741,ffpp_test:60,1,faceswap,h265_crf32,4.454809665679932,0.9885109994438559
f3net_deepfakebench,external,1,official,278,neuraltextures_faces_c23/741_731,ffpp_test:60,1,neuraltextures,h265_crf32,1.5135002136230469,0.819579359126431
f3net_deepfakebench,external,1,official,279,neuraltextures_faces_c23/731_741,ffpp_test:60,1,neuraltextures,h265_crf32,4.813694000244141,0.9919475512803586
f3net_deepfakebench,external,1,official,280,original_faces_c23/970,ffpp_test:69,0,real,h265_crf32,-2.343658447265625,0.08757115453439139
f3net_deepfakebench,external,1,official,281,original_faces_c23/973,ffpp_test:69,0,real,h265_crf32,-1.1807750463485718,0.23491286945743264
f3net_deepfakebench,external,1,official,282,deepfakes_faces_c23/970_973,ffpp_test:69,1,deepfakes,h265_crf32,6.17669677734375,0.9979270278930698
f3net_deepfakebench,external,1,official,283,deepfakes_faces_c23/973_970,ffpp_test:69,1,deepfakes,h265_crf32,7.8671875,0.9996170363710914
f3net_deepfakebench,external,1,official,284,face2face_faces_c23/970_973,ffpp_test:69,1,face2face,h265_crf32,4.7124176025390625,0.991096942563135
f3net_deepfakebench,external,1,official,285,face2face_faces_c23/973_970,ffpp_test:69,1,face2face,h265_crf32,5.42584228515625,0.9956179296556427
f3net_deepfakebench,external,1,official,286,faceswap_faces_c23/970_973,ffpp_test:69,1,faceswap,h265_crf32,5.37158203125,0.9953747184882945
f3net_deepfakebench,external,1,official,287,faceswap_faces_c23/973_970,ffpp_test:69,1,faceswap,h265_crf32,5.1827392578125,0.9944187146337942
f3net_deepfakebench,external,1,official,288,neuraltextures_faces_c23/970_973,ffpp_test:69,1,neuraltextures,h265_crf32,2.734058141708374,0.9390066741898999
f3net_deepfakebench,external,1,official,289,neuraltextures_faces_c23/973_970,ffpp_test:69,1,neuraltextures,h265_crf32,4.310150146484375,0.98674648231141
f3net_deepfakebench,external,1,official,290,original_faces_c23/634,ffpp_test:53,0,real,h265_crf32,-3.1097640991210938,0.04270628738634407
f3net_deepfakebench,external,1,official,291,original_faces_c23/660,ffpp_test:53,0,real,h265_crf32,1.5727174282073975,0.8281706541505414
f3net_deepfakebench,external,1,official,292,deepfakes_faces_c23/634_660,ffpp_test:53,1,deepfakes,h265_crf32,1.3376197814941406,0.7920982428661736
f3net_deepfakebench,external,1,official,293,deepfakes_faces_c23/660_634,ffpp_test:53,1,deepfakes,h265_crf32,7.3160400390625,0.9993356521051937
f3net_deepfakebench,external,1,official,294,face2face_faces_c23/634_660,ffpp_test:53,1,face2face,h265_crf32,-0.0007829666137695312,0.4998042583565574
f3net_deepfakebench,external,1,official,295,face2face_faces_c23/660_634,ffpp_test:53,1,face2face,h265_crf32,6.0211181640625,0.9975789215028456
f3net_deepfakebench,external,1,official,296,faceswap_faces_c23/634_660,ffpp_test:53,1,faceswap,h265_crf32,4.931304931640625,0.9928346336785021
f3net_deepfakebench,external,1,official,297,faceswap_faces_c23/660_634,ffpp_test:53,1,faceswap,h265_crf32,6.74725341796875,0.998827276935946
f3net_deepfakebench,external,1,official,298,neuraltextures_faces_c23/634_660,ffpp_test:53,1,neuraltextures,h265_crf32,0.4094276428222656,0.6009506303969152
f3net_deepfakebench,external,1,official,299,neuraltextures_faces_c23/660_634,ffpp_test:53,1,neuraltextures,h265_crf32,3.4058837890625,0.9678879130672473
f3net_deepfakebench,external,1,official,300,original_faces_c23/494,ffpp_test:40,0,real,h265_crf32,0.838958740234375,0.698245869351969
f3net_deepfakebench,external,1,official,301,original_faces_c23/445,ffpp_test:40,0,real,h265_crf32,1.2973060607910156,0.785381248373795
f3net_deepfakebench,external,1,official,302,deepfakes_faces_c23/494_445,ffpp_test:40,1,deepfakes,h265_crf32,5.54144287109375,0.9960944476935678
f3net_deepfakebench,external,1,official,303,deepfakes_faces_c23/445_494,ffpp_test:40,1,deepfakes,h265_crf32,4.77252197265625,0.9916119349886839
f3net_deepfakebench,external,1,official,304,face2face_faces_c23/494_445,ffpp_test:40,1,face2face,h265_crf32,5.043471336364746,0.9935900379623034
f3net_deepfakebench,external,1,official,305,face2face_faces_c23/445_494,ffpp_test:40,1,face2face,h265_crf32,5.3182373046875,0.995122520643
f3net_deepfakebench,external,1,official,306,faceswap_faces_c23/494_445,ffpp_test:40,1,faceswap,h265_crf32,2.6572587490081787,0.934456972615117
f3net_deepfakebench,external,1,official,307,faceswap_faces_c23/445_494,ffpp_test:40,1,faceswap,h265_crf32,4.654937744140625,0.9905751670680611
f3net_deepfakebench,external,1,official,308,neuraltextures_faces_c23/494_445,ffpp_test:40,1,neuraltextures,h265_crf32,1.4650688171386719,0.8123067132077869
f3net_deepfakebench,external,1,official,309,neuraltextures_faces_c23/445_494,ffpp_test:40,1,neuraltextures,h265_crf32,5.6463623046875,0.9964820836948421
f3net_deepfakebench,external,1,official,310,original_faces_c23/706,ffpp_test:44,0,real,h265_crf32,-1.4127769470214844,0.19579642836030128
f3net_deepfakebench,external,1,official,311,original_faces_c23/479,ffpp_test:44,0,real,h265_crf32,-1.2984542846679688,0.2144252732511574
f3net_deepfakebench,external,1,official,312,deepfakes_faces_c23/706_479,ffpp_test:44,1,deepfakes,h265_crf32,3.4478607177734375,0.9691672785944485
f3net_deepfakebench,external,1,official,313,deepfakes_faces_c23/479_706,ffpp_test:44,1,deepfakes,h265_crf32,7.0474853515625,0.9991311626041595
f3net_deepfakebench,external,1,official,314,face2face_faces_c23/706_479,ffpp_test:44,1,face2face,h265_crf32,1.5108642578125,0.8191892544919925
f3net_deepfakebench,external,1,official,315,face2face_faces_c23/479_706,ffpp_test:44,1,face2face,h265_crf32,3.233445167541504,0.9620736602796729
f3net_deepfakebench,external,1,official,316,faceswap_faces_c23/706_479,ffpp_test:44,1,faceswap,h265_crf32,4.12464714050293,0.9840880839013485
f3net_deepfakebench,external,1,official,317,faceswap_faces_c23/479_706,ffpp_test:44,1,faceswap,h265_crf32,2.6326675415039062,0.9329346439397114
f3net_deepfakebench,external,1,official,318,neuraltextures_faces_c23/706_479,ffpp_test:44,1,neuraltextures,h265_crf32,3.3211441040039062,0.9651470975298344
f3net_deepfakebench,external,1,official,319,neuraltextures_faces_c23/479_706,ffpp_test:44,1,neuraltextures,h265_crf32,4.313018798828125,0.9867839458145439
f3net_deepfakebench,external,1,official,320,original_faces_c23/186,ffpp_test:17,0,real,h265_crf32,-2.3481979370117188,0.08720911662865918
f3net_deepfakebench,external,1,official,321,original_faces_c23/170,ffpp_test:17,0,real,h265_crf32,-0.1303720474243164,0.46745307474685716
f3net_deepfakebench,external,1,official,322,deepfakes_faces_c23/186_170,ffpp_test:17,1,deepfakes,h265_crf32,1.2204437255859375,0.7721416274607555
f3net_deepfakebench,external,1,official,323,deepfakes_faces_c23/170_186,ffpp_test:17,1,deepfakes,h265_crf32,6.7076416015625,0.9987799487314272
f3net_deepfakebench,external,1,official,324,face2face_faces_c23/186_170,ffpp_test:17,1,face2face,h265_crf32,0.9685440063476562,0.72482919226789
f3net_deepfakebench,external,1,official,325,face2face_faces_c23/170_186,ffpp_test:17,1,face2face,h265_crf32,4.2886199951171875,0.986461943062064
f3net_deepfakebench,external,1,official,326,faceswap_faces_c23/186_170,ffpp_test:17,1,faceswap,h265_crf32,5.856571197509766,0.9971471253654739
f3net_deepfakebench,external,1,official,327,faceswap_faces_c23/170_186,ffpp_test:17,1,faceswap,h265_crf32,1.9802818298339844,0.8787112021251334
f3net_deepfakebench,external,1,official,328,neuraltextures_faces_c23/186_170,ffpp_test:17,1,neuraltextures,h265_crf32,-0.20788192749023438,0.4482158710929215
f3net_deepfakebench,external,1,official,329,neuraltextures_faces_c23/170_186,ffpp_test:17,1,neuraltextures,h265_crf32,1.4526634216308594,0.8104079987577185
f3net_deepfakebench,external,1,official,330,original_faces_c23/176,ffpp_test:18,0,real,h265_crf32,-1.9953651428222656,0.11969041181262245
f3net_deepfakebench,external,1,official,331,original_faces_c23/190,ffpp_test:18,0,real,h265_crf32,1.4462890625,0.8094266599964354
f3net_deepfakebench,external,1,official,332,deepfakes_faces_c23/176_190,ffpp_test:18,1,deepfakes,h265_crf32,6.2017822265625,0.9979782786850453
f3net_deepfakebench,external,1,official,333,deepfakes_faces_c23/190_176,ffpp_test:18,1,deepfakes,h265_crf32,1.3825149536132812,0.7993946091138975
f3net_deepfakebench,external,1,official,334,face2face_faces_c23/176_190,ffpp_test:18,1,face2face,h265_crf32,5.42254638671875,0.9956035265719746
f3net_deepfakebench,external,1,official,335,face2face_faces_c23/190_176,ffpp_test:18,1,face2face,h265_crf32,6.320068359375,0.9982034130665114
f3net_deepfakebench,external,1,official,336,faceswap_faces_c23/176_190,ffpp_test:18,1,faceswap,h265_crf32,5.6651611328125,0.9965473724682904
f3net_deepfakebench,external,1,official,337,faceswap_faces_c23/190_176,ffpp_test:18,1,faceswap,h265_crf32,3.0495834350585938,0.9547645388120458
f3net_deepfakebench,external,1,official,338,neuraltextures_faces_c23/176_190,ffpp_test:18,1,neuraltextures,h265_crf32,0.4335756301879883,0.6067271718885184
f3net_deepfakebench,external,1,official,339,neuraltextures_faces_c23/190_176,ffpp_test:18,1,neuraltextures,h265_crf32,1.6545348167419434,0.8395030023554362
f3net_deepfakebench,external,1,official,340,original_faces_c23/380,ffpp_test:29,0,real,h265_crf32,1.6306095123291016,0.8362531187471439
f3net_deepfakebench,external,1,official,341,original_faces_c23/358,ffpp_test:29,0,real,h265_crf32,1.69696044921875,0.8451373350448873
f3net_deepfakebench,external,1,official,342,deepfakes_faces_c23/380_358,ffpp_test:29,1,deepfakes,h265_crf32,7.5916748046875,0.9994956193477617
f3net_deepfakebench,external,1,official,343,deepfakes_faces_c23/358_380,ffpp_test:29,1,deepfakes,h265_crf32,4.005842208862305,0.982116689197376
f3net_deepfakebench,external,1,official,344,face2face_faces_c23/380_358,ffpp_test:29,1,face2face,h265_crf32,4.7835235595703125,0.9917029497748043
f3net_deepfakebench,external,1,official,345,face2face_faces_c23/358_380,ffpp_test:29,1,face2face,h265_crf32,3.71844482421875,0.9763034694835696
f3net_deepfakebench,external,1,official,346,faceswap_faces_c23/380_358,ffpp_test:29,1,faceswap,h265_crf32,2.391765594482422,0.9161972298637951
f3net_deepfakebench,external,1,official,347,faceswap_faces_c23/358_380,ffpp_test:29,1,faceswap,h265_crf32,0.10278892517089844,0.5256746296956436
f3net_deepfakebench,external,1,official,348,neuraltextures_faces_c23/380_358,ffpp_test:29,1,neuraltextures,h265_crf32,3.0609207153320312,0.9552516702719438
f3net_deepfakebench,external,1,official,349,neuraltextures_faces_c23/358_380,ffpp_test:29,1,neuraltextures,h265_crf32,4.13287353515625,0.984216387104265
f3net_deepfakebench,external,1,official,350,original_faces_c23/214,ffpp_test:19,0,real,h265_crf32,-1.4281005859375,0.19339480747477505
f3net_deepfakebench,external,1,official,351,original_faces_c23/255,ffpp_test:19,0,real,h265_crf32,0.4712848663330078,0.6156878219001904
f3net_deepfakebench,external,1,official,352,deepfakes_faces_c23/214_255,ffpp_test:19,1,deepfakes,h265_crf32,6.204864501953125,0.9979844880528279
f3net_deepfakebench,external,1,official,353,deepfakes_faces_c23/255_214,ffpp_test:19,1,deepfakes,h265_crf32,1.6988143920898438,0.8453798242658492
f3net_deepfakebench,external,1,official,354,face2face_faces_c23/214_255,ffpp_test:19,1,face2face,h265_crf32,5.741552352905273,0.9968004880429976
f3net_deepfakebench,external,1,official,355,face2face_faces_c23/255_214,ffpp_test:19,1,face2face,h265_crf32,5.088623046875,0.993871287702843
f3net_deepfakebench,external,1,official,356,faceswap_faces_c23/214_255,ffpp_test:19,1,faceswap,h265_crf32,5.66552734375,0.9965486322636913
f3net_deepfakebench,external,1,official,357,faceswap_faces_c23/255_214,ffpp_test:19,1,faceswap,h265_crf32,5.8812255859375,0.9972164078899665
f3net_deepfakebench,external,1,official,358,neuraltextures_faces_c23/214_255,ffpp_test:19,1,neuraltextures,h265_crf32,0.8860721588134766,0.7080789394653375
f3net_deepfakebench,external,1,official,359,neuraltextures_faces_c23/255_214,ffpp_test:19,1,neuraltextures,h265_crf32,0.6595535278320312,0.6591600875417507
f3net_deepfakebench,external,1,official,360,original_faces_c23/454,ffpp_test:42,0,real,h265_crf32,1.9182815551757812,0.8719466821892191
f3net_deepfakebench,external,1,official,361,original_faces_c23/527,ffpp_test:42,0,real,h265_crf32,0.13760757446289062,0.5343477104712938
f3net_deepfakebench,external,1,official,362,deepfakes_faces_c23/454_527,ffpp_test:42,1,deepfakes,h265_crf32,7.449951171875,0.9994188679072894
f3net_deepfakebench,external,1,official,363,deepfakes_faces_c23/527_454,ffpp_test:42,1,deepfakes,h265_crf32,6.8175048828125,0.9989067482124959
f3net_deepfakebench,external,1,official,364,face2face_faces_c23/454_527,ffpp_test:42,1,face2face,h265_crf32,6.27728271484375,0.998125024058333
f3net_deepfakebench,external,1,official,365,face2face_faces_c23/527_454,ffpp_test:42,1,face2face,h265_crf32,5.11529541015625,0.9940316314320414
f3net_deepfakebench,external,1,official,366,faceswap_faces_c23/454_527,ffpp_test:42,1,faceswap,h265_crf32,6.2860107421875,0.9981412874053726
f3net_deepfakebench,external,1,official,367,faceswap_faces_c23/527_454,ffpp_test:42,1,faceswap,h265_crf32,6.2396240234375,0.9980532086287147
f3net_deepfakebench,external,1,official,368,neuraltextures_faces_c23/454_527,ffpp_test:42,1,neuraltextures,h265_crf32,3.491607666015625,0.9704480363911424
f3net_deepfakebench,external,1,official,369,neuraltextures_faces_c23/527_454,ffpp_test:42,1,neuraltextures,h265_crf32,0.16638660430908203,0.5415009507955204
f3net_deepfakebench,external,1,official,370,original_faces_c23/425,ffpp_test:39,0,real,h265_crf32,-0.33232808113098145,0.4176742732127823
f3net_deepfakebench,external,1,official,371,original_faces_c23/485,ffpp_test:39,0,real,h265_crf32,0.15235424041748047,0.5380150553346899
f3net_deepfakebench,external,1,official,372,deepfakes_faces_c23/425_485,ffpp_test:39,1,deepfakes,h265_crf32,4.177848815917969,0.9849000512571677
f3net_deepfakebench,external,1,official,373,deepfakes_faces_c23/485_425,ffpp_test:39,1,deepfakes,h265_crf32,3.688385009765625,0.9755979878491284
f3net_deepfakebench,external,1,official,374,face2face_faces_c23/425_485,ffpp_test:39,1,face2face,h265_crf32,2.4686660766601562,0.9219157936742057
f3net_deepfakebench,external,1,official,375,face2face_faces_c23/485_425,ffpp_test:39,1,face2face,h265_crf32,0.4845089912414551,0.618812040596646
f3net_deepfakebench,external,1,official,376,faceswap_faces_c23/425_485,ffpp_test:39,1,faceswap,h265_crf32,3.821868896484375,0.9785819161921212
f3net_deepfakebench,external,1,official,377,faceswap_faces_c23/485_425,ffpp_test:39,1,faceswap,h265_crf32,6.7017822265625,0.9987727878077626
f3net_deepfakebench,external,1,official,378,neuraltextures_faces_c23/425_485,ffpp_test:39,1,neuraltextures,h265_crf32,2.2838401794433594,0.9075298173569573
f3net_deepfakebench,external,1,official,379,neuraltextures_faces_c23/485_425,ffpp_test:39,1,neuraltextures,h265_crf32,0.82421875,0.6951311290900456
f3net_deepfakebench,external,1,official,380,original_faces_c23/388,ffpp_test:26,0,real,h265_crf32,0.891815185546875,0.7092646210582634
f3net_deepfakebench,external,1,official,381,original_faces_c23/308,ffpp_test:26,0,real,h265_crf32,0.09335565567016602,0.5233219782495105
f3net_deepfakebench,external,1,official,382,deepfakes_faces_c23/388_308,ffpp_test:26,1,deepfakes,h265_crf32,2.3316097259521484,0.9114613270173597
f3net_deepfakebench,external,1,official,383,deepfakes_faces_c23/308_388,ffpp_test:26,1,deepfakes,h265_crf32,5.30474853515625,0.9950566111599378
f3net_deepfakebench,external,1,official,384,face2face_faces_c23/388_308,ffpp_test:26,1,face2face,h265_crf32,4.620796203613281,0.9902510238733658
f3net_deepfakebench,external,1,official,385,face2face_faces_c23/308_388,ffpp_test:26,1,face2face,h265_crf32,2.990816116333008,0.9521575009042906
f3net_deepfakebench,external,1,official,386,faceswap_faces_c23/388_308,ffpp_test:26,1,faceswap,h265_crf32,6.95355224609375,0.9990456757179971
f3net_deepfakebench,external,1,official,387,faceswap_faces_c23/308_388,ffpp_test:26,1,faceswap,h265_crf32,3.2747440338134766,0.9635521462648453
f3net_deepfakebench,external,1,official,388,neuraltextures_faces_c23/388_308,ffpp_test:26,1,neuraltextures,h265_crf32,3.912947654724121,0.980409923850223
f3net_deepfakebench,external,1,official,389,neuraltextures_faces_c23/308_388,ffpp_test:26,1,neuraltextures,h265_crf32,0.8178253173828125,0.693774520456777
f3net_deepfakebench,external,1,official,390,original_faces_c23/384,ffpp_test:32,0,real,h265_crf32,-1.3948211669921875,0.19863920028782164
f3net_deepfakebench,external,1,official,391,original_faces_c23/932,ffpp_test:32,0,real,h265_crf32,4.0812225341796875,0.9833936204211967
f3net_deepfakebench,external,1,official,392,deepfakes_faces_c23/384_932,ffpp_test:32,1,deepfakes,h265_crf32,6.3265380859375,0.9982149782923834
f3net_deepfakebench,external,1,official,393,deepfakes_faces_c23/932_384,ffpp_test:32,1,deepfakes,h265_crf32,6.426025390625,0.9983837440622668
f3net_deepfakebench,external,1,official,394,face2face_faces_c23/384_932,ffpp_test:32,1,face2face,h265_crf32,6.0189208984375,0.9975736088235427
f3net_deepfakebench,external,1,official,395,face2face_faces_c23/932_384,ffpp_test:32,1,face2face,h265_crf32,5.02545166015625,0.9934742461496632
f3net_deepfakebench,external,1,official,396,faceswap_faces_c23/384_932,ffpp_test:32,1,faceswap,h265_crf32,7.479736328125,0.9994359121606822
f3net_deepfakebench,external,1,official,397,faceswap_faces_c23/932_384,ffpp_test:32,1,faceswap,h265_crf32,7.2740478515625,0.999307180400796
f3net_deepfakebench,external,1,official,398,neuraltextures_faces_c23/384_932,ffpp_test:32,1,neuraltextures,h265_crf32,4.958073616027832,0.9930225760783693
f3net_deepfakebench,external,1,official,399,neuraltextures_faces_c23/932_384,ffpp_test:32,1,neuraltextures,h265_crf32,2.8468399047851562,0.945155103385782
f3net_deepfakebench,external,1,official,400,original_faces_c23/035,ffpp_test:5,0,real,h265_crf32,1.9120025634765625,0.871243958323933
f3net_deepfakebench,external,1,official,401,original_faces_c23/036,ffpp_test:5,0,real,h265_crf32,0.24074625968933105,0.5598975450332172
f3net_deepfakebench,external,1,official,402,deepfakes_faces_c23/035_036,ffpp_test:5,1,deepfakes,h265_crf32,5.6531982421875,0.9965059662027471
f3net_deepfakebench,external,1,official,403,deepfakes_faces_c23/036_035,ffpp_test:5,1,deepfakes,h265_crf32,6.85101318359375,0.998942736176475
f3net_deepfakebench,external,1,official,404,face2face_faces_c23/035_036,ffpp_test:5,1,face2face,h265_crf32,4.400672912597656,0.9878796247614123
f3net_deepfakebench,external,1,official,405,face2face_faces_c23/036_035,ffpp_test:5,1,face2face,h265_crf32,2.5860280990600586,0.9299569407063227
f3net_deepfakebench,external,1,official,406,faceswap_faces_c23/035_036,ffpp_test:5,1,faceswap,h265_crf32,4.597625732421875,0.9900247777974589
f3net_deepfakebench,external,1,official,407,faceswap_faces_c23/036_035,ffpp_test:5,1,faceswap,h265_crf32,1.2012615203857422,0.7687491249371043
f3net_deepfakebench,external,1,official,408,neuraltextures_faces_c23/035_036,ffpp_test:5,1,neuraltextures,h265_crf32,0.5275020599365234,0.6289003189094344
f3net_deepfakebench,external,1,official,409,neuraltextures_faces_c23/036_035,ffpp_test:5,1,neuraltextures,h265_crf32,4.334716796875,0.987063949421454
f3net_deepfakebench,external,1,official,410,original_faces_c23/257,ffpp_test:23,0,real,h265_crf32,0.4420480728149414,0.6087469371502139
f3net_deepfakebench,external,1,official,411,original_faces_c23/420,ffpp_test:23,0,real,h265_crf32,1.1345481872558594,0.7566772739609549
f3net_deepfakebench,external,1,official,412,deepfakes_faces_c23/257_420,ffpp_test:23,1,deepfakes,h265_crf32,5.359588623046875,0.9953191728330326
f3net_deepfakebench,external,1,official,413,deepfakes_faces_c23/420_257,ffpp_test:23,1,deepfakes,h265_crf32,4.034351348876953,0.9826105874697124
f3net_deepfakebench,external,1,official,414,face2face_faces_c23/257_420,ffpp_test:23,1,face2face,h265_crf32,4.09478759765625,0.9836136996590931
f3net_deepfakebench,external,1,official,415,face2face_faces_c23/420_257,ffpp_test:23,1,face2face,h265_crf32,3.1910552978515625,0.9604962812643101
f3net_deepfakebench,external,1,official,416,faceswap_faces_c23/257_420,ffpp_test:23,1,faceswap,h265_crf32,3.9557647705078125,0.9812155870516209
f3net_deepfakebench,external,1,official,417,faceswap_faces_c23/420_257,ffpp_test:23,1,faceswap,h265_crf32,3.193387508392334,0.9605846777612279
f3net_deepfakebench,external,1,official,418,neuraltextures_faces_c23/257_420,ffpp_test:23,1,neuraltextures,h265_crf32,0.80572509765625,0.6911978011780826
f3net_deepfakebench,external,1,official,419,neuraltextures_faces_c23/420_257,ffpp_test:23,1,neuraltextures,h265_crf32,2.87109375,0.9463988589047058
f3net_deepfakebench,external,1,official,420,original_faces_c23/924,ffpp_test:67,0,real,h265_crf32,-0.8142318725585938,0.306989443193117
f3net_deepfakebench,external,1,official,421,original_faces_c23/917,ffpp_test:67,0,real,h265_crf32,1.276458740234375,0.7818463727542059
f3net_deepfakebench,external,1,official,422,deepfakes_faces_c23/924_917,ffpp_test:67,1,deepfakes,h265_crf32,6.98095703125,0.9990714497071237
f3net_deepfakebench,external,1,official,423,deepfakes_faces_c23/917_924,ffpp_test:67,1,deepfakes,h265_crf32,4.5967864990234375,0.9900164863564691
f3net_deepfakebench,external,1,official,424,face2face_faces_c23/924_917,ffpp_test:67,1,face2face,h265_crf32,5.8011474609375,0.9969850347673651
f3net_deepfakebench,external,1,official,425,face2face_faces_c23/917_924,ffpp_test:67,1,face2face,h265_crf32,2.3601861000061035,0.9137404748163254
f3net_deepfakebench,external,1,official,426,faceswap_faces_c23/924_917,ffpp_test:67,1,faceswap,h265_crf32,6.463134765625,0.9984425313693974
f3net_deepfakebench,external,1,official,427,faceswap_faces_c23/917_924,ffpp_test:67,1,faceswap,h265_crf32,3.842559814453125,0.979011316998659
f3net_deepfakebench,external,1,official,428,neuraltextures_faces_c23/924_917,ffpp_test:67,1,neuraltextures,h265_crf32,5.85772705078125,0.9971504115738695
f3net_deepfakebench,external,1,official,429,neuraltextures_faces_c23/917_924,ffpp_test:67,1,neuraltextures,h265_crf32,3.3836669921875,0.9671901706952506
f3net_deepfakebench,external,1,official,430,original_faces_c23/114,ffpp_test:9,0,real,h265_crf32,0.3196449279785156,0.579237715939735
f3net_deepfakebench,external,1,official,431,original_faces_c23/102,ffpp_test:9,0,real,h265_crf32,-2.583597183227539,0.07020156752211465
f3net_deepfakebench,external,1,official,432,deepfakes_faces_c23/114_102,ffpp_test:9,1,deepfakes,h265_crf32,4.253265380859375,0.9859815784392335
f3net_deepfakebench,external,1,official,433,deepfakes_faces_c23/102_114,ffpp_test:9,1,deepfakes,h265_crf32,5.669586181640625,0.9965625643591867
f3net_deepfakebench,external,1,official,434,face2face_faces_c23/114_102,ffpp_test:9,1,face2face,h265_crf32,5.61669921875,0.9963765520976773
f3net_deepfakebench,external,1,official,435,face2face_faces_c23/102_114,ffpp_test:9,1,face2face,h265_crf32,5.6278076171875,0.9964164366230157
f3net_deepfakebench,external,1,official,436,faceswap_faces_c23/114_102,ffpp_test:9,1,faceswap,h265_crf32,4.713005065917969,0.9911021247231787
f3net_deepfakebench,external,1,official,437,faceswap_faces_c23/102_114,ffpp_test:9,1,faceswap,h265_crf32,4.3118743896484375,0.9867690128107525
f3net_deepfakebench,external,1,official,438,neuraltextures_faces_c23/114_102,ffpp_test:9,1,neuraltextures,h265_crf32,1.4001274108886719,0.8022041059639623
f3net_deepfakebench,external,1,official,439,neuraltextures_faces_c23/102_114,ffpp_test:9,1,neuraltextures,h265_crf32,2.507659912109375,0.9246770667116783
f3net_deepfakebench,external,1,official,440,original_faces_c23/732,ffpp_test:56,0,real,h265_crf32,-0.3688697814941406,0.408814150408267
f3net_deepfakebench,external,1,official,441,original_faces_c23/691,ffpp_test:56,0,real,h265_crf32,-1.0201225280761719,0.2650035342367477
f3net_deepfakebench,external,1,official,442,deepfakes_faces_c23/732_691,ffpp_test:56,1,deepfakes,h265_crf32,5.25689697265625,0.994815567486225
f3net_deepfakebench,external,1,official,443,deepfakes_faces_c23/691_732,ffpp_test:56,1,deepfakes,h265_crf32,7.09814453125,0.999174045463962
f3net_deepfakebench,external,1,official,444,face2face_faces_c23/732_691,ffpp_test:56,1,face2face,h265_crf32,4.91912841796875,0.9927474877834231
f3net_deepfakebench,external,1,official,445,face2face_faces_c23/691_732,ffpp_test:56,1,face2face,h265_crf32,1.3851828575134277,0.799822100120374
f3net_deepfakebench,external,1,official,446,faceswap_faces_c23/732_691,ffpp_test:56,1,faceswap,h265_crf32,2.7967615127563477,0.9425005712665244
f3net_deepfakebench,external,1,official,447,faceswap_faces_c23/691_732,ffpp_test:56,1,faceswap,h265_crf32,3.4067087173461914,0.9679135426875846
f3net_deepfakebench,external,1,official,448,neuraltextures_faces_c23/732_691,ffpp_test:56,1,neuraltextures,h265_crf32,0.9676361083984375,0.7246480733986593
f3net_deepfakebench,external,1,official,449,neuraltextures_faces_c23/691_732,ffpp_test:56,1,neuraltextures,h265_crf32,1.0879573822021484,0.7479968882461128
f3net_deepfakebench,external,1,official,450,original_faces_c23/550,ffpp_test:41,0,real,h265_crf32,-0.3633279800415039,0.4101541952132844
f3net_deepfakebench,external,1,official,451,original_faces_c23/452,ffpp_test:41,0,real,h265_crf32,4.255428314208984,0.9860114428958767
f3net_deepfakebench,external,1,official,452,deepfakes_faces_c23/550_452,ffpp_test:41,1,deepfakes,h265_crf32,4.2489013671875,0.9859211313529426
f3net_deepfakebench,external,1,official,453,deepfakes_faces_c23/452_550,ffpp_test:41,1,deepfakes,h265_crf32,6.162567138671875,0.9978975916545201
f3net_deepfakebench,external,1,official,454,face2face_faces_c23/550_452,ffpp_test:41,1,face2face,h265_crf32,3.614288330078125,0.9737704338994454
f3net_deepfakebench,external,1,official,455,face2face_faces_c23/452_550,ffpp_test:41,1,face2face,h265_crf32,5.8931884765625,0.9972494182606754
f3net_deepfakebench,external,1,official,456,faceswap_faces_c23/550_452,ffpp_test:41,1,faceswap,h265_crf32,4.7339935302734375,0.9912853207444619
f3net_deepfakebench,external,1,official,457,faceswap_faces_c23/452_550,ffpp_test:41,1,faceswap,h265_crf32,4.5697021484375,0.9897452050831925
f3net_deepfakebench,external,1,official,458,neuraltextures_faces_c23/550_452,ffpp_test:41,1,neuraltextures,h265_crf32,3.345184326171875,0.965946785972905
f3net_deepfakebench,external,1,official,459,neuraltextures_faces_c23/452_550,ffpp_test:41,1,neuraltextures,h265_crf32,7.2718505859375,0.9993056574765882
f3net_deepfakebench,external,1,official,460,original_faces_c23/280,ffpp_test:22,0,real,h265_crf32,0.5294792652130127,0.6293616506587144
f3net_deepfakebench,external,1,official,461,original_faces_c23/249,ffpp_test:22,0,real,h265_crf32,-1.4771060943603516,0.18586492461585222
f3net_deepfakebench,external,1,official,462,deepfakes_faces_c23/280_249,ffpp_test:22,1,deepfakes,h265_crf32,0.6603856086730957,0.6593470047705204
f3net_deepfakebench,external,1,official,463,deepfakes_faces_c23/249_280,ffpp_test:22,1,deepfakes,h265_crf32,8.7498779296875,0.999841544442423
f3net_deepfakebench,external,1,official,464,face2face_faces_c23/280_249,ffpp_test:22,1,face2face,h265_crf32,4.656280517578125,0.9905876949538072
f3net_deepfakebench,external,1,official,465,face2face_faces_c23/249_280,ffpp_test:22,1,face2face,h265_crf32,5.9464111328125,0.9973916121446649
f3net_deepfakebench,external,1,official,466,faceswap_faces_c23/280_249,ffpp_test:22,1,faceswap,h265_crf32,5.62835693359375,0.9964183975441183
f3net_deepfakebench,external,1,official,467,faceswap_faces_c23/249_280,ffpp_test:22,1,faceswap,h265_crf32,7.4874267578125,0.9994402311813784
f3net_deepfakebench,external,1,official,468,neuraltextures_faces_c23/280_249,ffpp_test:22,1,neuraltextures,h265_crf32,1.5431432723999023,0.8239212000351465
f3net_deepfakebench,external,1,official,469,neuraltextures_faces_c23/249_280,ffpp_test:22,1,neuraltextures,h265_crf32,-0.7141885757446289,0.3286739795265736
f3net_deepfakebench,external,1,official,470,original_faces_c23/842,ffpp_test:58,0,real,h265_crf32,0.9661084413528442,0.7243431484515316
f3net_deepfakebench,external,1,official,471,original_faces_c23/714,ffpp_test:58,0,real,h265_crf32,-1.9320368766784668,0.12652530004064366
f3net_deepfakebench,external,1,official,472,deepfakes_faces_c23/842_714,ffpp_test:58,1,deepfakes,h265_crf32,5.67767333984375,0.9965901569313742
f3net_deepfakebench,external,1,official,473,deepfakes_faces_c23/714_842,ffpp_test:58,1,deepfakes,h265_crf32,7.5941162109375,0.9994968486250655
f3net_deepfakebench,external,1,official,474,face2face_faces_c23/842_714,ffpp_test:58,1,face2face,h265_crf32,7.101806640625,0.9991770621834924
f3net_deepfakebench,external,1,official,475,face2face_faces_c23/714_842,ffpp_test:58,1,face2face,h265_crf32,5.18017578125,0.9944044689461555
f3net_deepfakebench,external,1,official,476,faceswap_faces_c23/842_714,ffpp_test:58,1,faceswap,h265_crf32,6.5482635498046875,0.998569448329717
f3net_deepfakebench,external,1,official,477,faceswap_faces_c23/714_842,ffpp_test:58,1,faceswap,h265_crf32,5.4168701171875,0.995578610694373
f3net_deepfakebench,external,1,official,478,neuraltextures_faces_c23/842_714,ffpp_test:58,1,neuraltextures,h265_crf32,1.311995506286621,0.7878468847045794
f3net_deepfakebench,external,1,official,479,neuraltextures_faces_c23/714_842,ffpp_test:58,1,neuraltextures,h265_crf32,1.1424217224121094,0.7581239926469263
f3net_deepfakebench,external,1,official,480,original_faces_c23/625,ffpp_test:52,0,real,h265_crf32,0.26403045654296875,0.5656268079110676
f3net_deepfakebench,external,1,official,481,original_faces_c23/650,ffpp_test:52,0,real,h265_crf32,0.16405487060546875,0.5409219776175722
f3net_deepfakebench,external,1,official,482,deepfakes_faces_c23/625_650,ffpp_test:52,1,deepfakes,h265_crf32,6.835693359375,0.9989264318987764
f3net_deepfakebench,external,1,official,483,deepfakes_faces_c23/650_625,ffpp_test:52,1,deepfakes,h265_crf32,5.11962890625,0.9940572860050017
f3net_deepfakebench,external,1,official,484,face2face_faces_c23/625_650,ffpp_test:52,1,face2face,h265_crf32,4.59423828125,0.9899912686969579
f3net_deepfakebench,external,1,official,485,face2face_faces_c23/650_625,ffpp_test:52,1,face2face,h265_crf32,4.258947372436523,0.9860598979117395
f3net_deepfakebench,external,1,official,486,faceswap_faces_c23/625_650,ffpp_test:52,1,faceswap,h265_crf32,4.839263916015625,0.992149245599542
f3net_deepfakebench,external,1,official,487,faceswap_faces_c23/650_625,ffpp_test:52,1,faceswap,h265_crf32,4.921905517578125,0.992767455323198
f3net_deepfakebench,external,1,official,488,neuraltextures_faces_c23/625_650,ffpp_test:52,1,neuraltextures,h265_crf32,2.9874114990234375,0.9520021693774433
f3net_deepfakebench,external,1,official,489,neuraltextures_faces_c23/650_625,ffpp_test:52,1,neuraltextures,h265_crf32,-0.26471567153930664,0.43420484705398976
f3net_deepfakebench,external,1,official,490,original_faces_c23/024,ffpp_test:3,0,real,h265_crf32,2.6710968017578125,0.9352994353922859
f3net_deepfakebench,external,1,official,491,original_faces_c23/073,ffpp_test:3,0,real,h265_crf32,2.5131378173828125,0.9250577130021974
f3net_deepfakebench,external,1,official,492,deepfakes_faces_c23/024_073,ffpp_test:3,1,deepfakes,h265_crf32,4.472287178039551,0.9887078062735346
f3net_deepfakebench,external,1,official,493,deepfakes_faces_c23/073_024,ffpp_test:3,1,deepfakes,h265_crf32,4.528564453125,0.9893191488613464
f3net_deepfakebench,external,1,official,494,face2face_faces_c23/024_073,ffpp_test:3,1,face2face,h265_crf32,3.961376190185547,0.9813187354606623
f3net_deepfakebench,external,1,official,495,face2face_faces_c23/073_024,ffpp_test:3,1,face2face,h265_crf32,5.574951171875,0.9962226616680572
f3net_deepfakebench,external,1,official,496,faceswap_faces_c23/024_073,ffpp_test:3,1,faceswap,h265_crf32,4.1654052734375,0.9847138706483567
f3net_deepfakebench,external,1,official,497,faceswap_faces_c23/073_024,ffpp_test:3,1,faceswap,h265_crf32,6.6192626953125,0.9986673638359301
f3net_deepfakebench,external,1,official,498,neuraltextures_faces_c23/024_073,ffpp_test:3,1,neuraltextures,h265_crf32,4.953125,0.992988204618503
f3net_deepfakebench,external,1,official,499,neuraltextures_faces_c23/073_024,ffpp_test:3,1,neuraltextures,h265_crf32,1.9409799575805664,0.8744597625990499
f3net_deepfakebench,external,1,official,500,original_faces_c23/044,ffpp_test:6,0,real,h265_crf32,1.4069843292236328,0.803289857425129
f3net_deepfakebench,external,1,official,501,original_faces_c23/945,ffpp_test:6,0,real,h265_crf32,2.7613372802734375,0.9405504525169245
f3net_deepfakebench,external,1,official,502,deepfakes_faces_c23/044_945,ffpp_test:6,1,deepfakes,h265_crf32,6.98046875,0.9990709966240232
f3net_deepfakebench,external,1,official,503,deepfakes_faces_c23/945_044,ffpp_test:6,1,deepfakes,h265_crf32,6.474853515625,0.998460648496929
f3net_deepfakebench,external,1,official,504,face2face_faces_c23/044_945,ffpp_test:6,1,face2face,h265_crf32,3.9780731201171875,0.9816223808557764
f3net_deepfakebench,external,1,official,505,face2face_faces_c23/945_044,ffpp_test:6,1,face2face,h265_crf32,5.622314453125,0.9963967684807267
f3net_deepfakebench,external,1,official,506,faceswap_faces_c23/044_945,ffpp_test:6,1,faceswap,h265_crf32,5.9462890625,0.9973912945491895
f3net_deepfakebench,external,1,official,507,faceswap_faces_c23/945_044,ffpp_test:6,1,faceswap,h265_crf32,4.566650390625,0.9897141845192843
f3net_deepfakebench,external,1,official,508,neuraltextures_faces_c23/044_945,ffpp_test:6,1,neuraltextures,h265_crf32,0.3189964294433594,0.5790796548624683
f3net_deepfakebench,external,1,official,509,neuraltextures_faces_c23/945_044,ffpp_test:6,1,neuraltextures,h265_crf32,3.366241455078125,0.9666326756422144
f3net_deepfakebench,external,1,official,510,original_faces_c23/896,ffpp_test:10,0,real,h265_crf32,3.963165283203125,0.9813515053779693
f3net_deepfakebench,external,1,official,511,original_faces_c23/128,ffpp_test:10,0,real,h265_crf32,0.21346282958984375,0.5531639863439539
f3net_deepfakebench,external,1,official,512,deepfakes_faces_c23/896_128,ffpp_test:10,1,deepfakes,h265_crf32,6.648193359375,0.9987053163273264
f3net_deepfakebench,external,1,official,513,deepfakes_faces_c23/128_896,ffpp_test:10,1,deepfakes,h265_crf32,6.3929443359375,0.9983294732107202
f3net_deepfakebench,external,1,official,514,face2face_faces_c23/896_128,ffpp_test:10,1,face2face,h265_crf32,7.5531005859375,0.9994757935327863
f3net_deepfakebench,external,1,official,515,face2face_faces_c23/128_896,ffpp_test:10,1,face2face,h265_crf32,3.999272346496582,0.9820009331990246
f3net_deepfakebench,external,1,official,516,faceswap_faces_c23/896_128,ffpp_test:10,1,faceswap,h265_crf32,6.87005615234375,0.9989626584415964
f3net_deepfakebench,external,1,official,517,faceswap_faces_c23/128_896,ffpp_test:10,1,faceswap,h265_crf32,5.8863525390625,0.997230603292538
f3net_deepfakebench,external,1,official,518,neuraltextures_faces_c23/896_128,ffpp_test:10,1,neuraltextures,h265_crf32,6.994873046875,0.9990842701828375
f3net_deepfakebench,external,1,official,519,neuraltextures_faces_c23/128_896,ffpp_test:10,1,neuraltextures,h265_crf32,2.3911590576171875,0.9161506482870703
f3net_deepfakebench,external,1,official,520,original_faces_c23/862,ffpp_test:7,0,real,h265_crf32,-1.0867681503295898,0.2522273451462078
f3net_deepfakebench,external,1,official,521,original_faces_c23/047,ffpp_test:7,0,real,h265_crf32,2.4762115478515625,0.9224572436806323
f3net_deepfakebench,external,1,official,522,deepfakes_faces_c23/862_047,ffpp_test:7,1,deepfakes,h265_crf32,7.19769287109375,0.9992522492829533
f3net_deepfakebench,external,1,official,523,deepfakes_faces_c23/047_862,ffpp_test:7,1,deepfakes,h265_crf32,3.9140472412109375,0.9804310316913437
f3net_deepfakebench,external,1,official,524,face2face_faces_c23/862_047,ffpp_test:7,1,face2face,h265_crf32,4.5762176513671875,0.9898111244761092
f3net_deepfakebench,external,1,official,525,face2face_faces_c23/047_862,ffpp_test:7,1,face2face,h265_crf32,5.51300048828125,0.9959822223751573
f3net_deepfakebench,external,1,official,526,faceswap_faces_c23/862_047,ffpp_test:7,1,faceswap,h265_crf32,5.4771728515625,0.9958362753994012
f3net_deepfakebench,external,1,official,527,faceswap_faces_c23/047_862,ffpp_test:7,1,faceswap,h265_crf32,7.0577392578125,0.9991400184387641
f3net_deepfakebench,external,1,official,528,neuraltextures_faces_c23/862_047,ffpp_test:7,1,neuraltextures,h265_crf32,4.1776123046875,0.9848965334728519
f3net_deepfakebench,external,1,official,529,neuraltextures_faces_c23/047_862,ffpp_test:7,1,neuraltextures,h265_crf32,2.9993743896484375,0.9525458558328703
f3net_deepfakebench,external,1,official,530,original_faces_c23/607,ffpp_test:49,0,real,h265_crf32,-0.2302989959716797,0.44267837757628675
f3net_deepfakebench,external,1,official,531,original_faces_c23/683,ffpp_test:49,0,real,h265_crf32,2.6427001953125,0.933559643035135
f3net_deepfakebench,external,1,official,532,deepfakes_faces_c23/607_683,ffpp_test:49,1,deepfakes,h265_crf32,3.89984130859375,0.9801566080116727
f3net_deepfakebench,external,1,official,533,deepfakes_faces_c23/683_607,ffpp_test:49,1,deepfakes,h265_crf32,6.943603515625,0.9990361432145669
f3net_deepfakebench,external,1,official,534,face2face_faces_c23/607_683,ffpp_test:49,1,face2face,h265_crf32,3.2660140991210938,0.9632443123481663
f3net_deepfakebench,external,1,official,535,face2face_faces_c23/683_607,ffpp_test:49,1,face2face,h265_crf32,4.493122100830078,0.9889380686167766
f3net_deepfakebench,external,1,official,536,faceswap_faces_c23/607_683,ffpp_test:49,1,faceswap,h265_crf32,4.9942626953125,0.9932688989965197
f3net_deepfakebench,external,1,official,537,faceswap_faces_c23/683_607,ffpp_test:49,1,faceswap,h265_crf32,7.5709228515625,0.9994850485510585
f3net_deepfakebench,external,1,official,538,neuraltextures_faces_c23/607_683,ffpp_test:49,1,neuraltextures,h265_crf32,0.1148386001586914,0.5286781399183432
f3net_deepfakebench,external,1,official,539,neuraltextures_faces_c23/683_607,ffpp_test:49,1,neuraltextures,h265_crf32,5.026824951171875,0.9934831433956446
f3net_deepfakebench,external,1,official,540,original_faces_c23/517,ffpp_test:45,0,real,h265_crf32,2.682086944580078,0.9359613241681507
f3net_deepfakebench,external,1,official,541,original_faces_c23/521,ffpp_test:45,0,real,h265_crf32,-0.8662185668945312,0.29604174830206614
f3net_deepfakebench,external,1,official,542,deepfakes_faces_c23/517_521,ffpp_test:45,1,deepfakes,h265_crf32,7.285888671875,0.999315329992311
f3net_deepfakebench,external,1,official,543,deepfakes_faces_c23/521_517,ffpp_test:45,1,deepfakes,h265_crf32,5.50372314453125,0.9959449264851699
f3net_deepfakebench,external,1,official,544,face2face_faces_c23/517_521,ffpp_test:45,1,face2face,h265_crf32,6.70263671875,0.9987738347178314
f3net_deepfakebench,external,1,official,545,face2face_faces_c23/521_517,ffpp_test:45,1,face2face,h265_crf32,3.720966339111328,0.9763617347353059
f3net_deepfakebench,external,1,official,546,faceswap_faces_c23/517_521,ffpp_test:45,1,faceswap,h265_crf32,7.5550537109375,0.9994768158392141
f3net_deepfakebench,external,1,official,547,faceswap_faces_c23/521_517,ffpp_test:45,1,faceswap,h265_crf32,6.08441162109375,0.997727073644814
f3net_deepfakebench,external,1,official,548,neuraltextures_faces_c23/517_521,ffpp_test:45,1,neuraltextures,h265_crf32,2.185537338256836,0.8989432201763805
f3net_deepfakebench,external,1,official,549,neuraltextures_faces_c23/521_517,ffpp_test:45,1,neuraltextures,h265_crf32,2.4996328353881836,0.9241160763661243
f3net_deepfakebench,external,1,official,550,original_faces_c23/682,ffpp_test:55,0,real,h265_crf32,-0.607208251953125,0.35269629610703623
f3net_deepfakebench,external,1,official,551,original_faces_c23/669,ffpp_test:55,0,real,h265_crf32,2.0633089542388916,0.8872855225193739
f3net_deepfakebench,external,1,official,552,deepfakes_faces_c23/682_669,ffpp_test:55,1,deepfakes,h265_crf32,5.59124755859375,0.9962834928469191
f3net_deepfakebench,external,1,official,553,deepfakes_faces_c23/669_682,ffpp_test:55,1,deepfakes,h265_crf32,5.5272216796875,0.9960387308610763
f3net_deepfakebench,external,1,official,554,face2face_faces_c23/682_669,ffpp_test:55,1,face2face,h265_crf32,2.9076156616210938,0.9482216248085615
f3net_deepfakebench,external,1,official,555,face2face_faces_c23/669_682,ffpp_test:55,1,face2face,h265_crf32,4.080322265625,0.9833789120887343
f3net_deepfakebench,external,1,official,556,faceswap_faces_c23/682_669,ffpp_test:55,1,faceswap,h265_crf32,1.00909423828125,0.7328428528039839
f3net_deepfakebench,external,1,official,557,faceswap_faces_c23/669_682,ffpp_test:55,1,faceswap,h265_crf32,4.86572265625,0.9923526750491738
f3net_deepfakebench,external,1,official,558,neuraltextures_faces_c23/682_669,ffpp_test:55,1,neuraltextures,h265_crf32,0.8183212280273438,0.6938798672595055
f3net_deepfakebench,external,1,official,559,neuraltextures_faces_c23/669_682,ffpp_test:55,1,neuraltextures,h265_crf32,0.9329423904418945,0.7176718512548329
f3net_deepfakebench,external,1,official,560,original_faces_c23/138,ffpp_test:12,0,real,h265_crf32,1.0206193923950195,0.7350932320357344
f3net_deepfakebench,external,1,official,561,original_faces_c23/142,ffpp_test:12,0,real,h265_crf32,-0.4355897307395935,0.39279234841300464
f3net_deepfakebench,external,1,official,562,deepfakes_faces_c23/138_142,ffpp_test:12,1,deepfakes,h265_crf32,2.737628936767578,0.9392108645289745
f3net_deepfakebench,external,1,official,563,deepfakes_faces_c23/142_138,ffpp_test:12,1,deepfakes,h265_crf32,3.573822021484375,0.9727168044689934
f3net_deepfakebench,external,1,official,564,face2face_faces_c23/138_142,ffpp_test:12,1,face2face,h265_crf32,5.739990234375,0.9967955021489514
f3net_deepfakebench,external,1,official,565,face2face_faces_c23/142_138,ffpp_test:12,1,face2face,h265_crf32,4.891510009765625,0.9925459071618175
f3net_deepfakebench,external,1,official,566,faceswap_faces_c23/138_142,ffpp_test:12,1,faceswap,h265_crf32,6.692626953125,0.9987615147342386
f3net_deepfakebench,external,1,official,567,faceswap_faces_c23/142_138,ffpp_test:12,1,faceswap,h265_crf32,6.93994140625,0.9990326104154392
f3net_deepfakebench,external,1,official,568,neuraltextures_faces_c23/138_142,ffpp_test:12,1,neuraltextures,h265_crf32,5.974609375,0.9974639528324347
f3net_deepfakebench,external,1,official,569,neuraltextures_faces_c23/142_138,ffpp_test:12,1,neuraltextures,h265_crf32,1.7452812194824219,0.8513566368401249
f3net_deepfakebench,external,1,official,570,original_faces_c23/552,ffpp_test:47,0,real,h265_crf32,1.958665370941162,0.8763884423604569
f3net_deepfakebench,external,1,official,571,original_faces_c23/851,ffpp_test:47,0,real,h265_crf32,4.696746826171875,0.9909575973451172
f3net_deepfakebench,external,1,official,572,deepfakes_faces_c23/552_851,ffpp_test:47,1,deepfakes,h265_crf32,5.09918212890625,0.9939352704145715
f3net_deepfakebench,external,1,official,573,deepfakes_faces_c23/851_552,ffpp_test:47,1,deepfakes,h265_crf32,5.78717041015625,0.9969427283085973
f3net_deepfakebench,external,1,official,574,face2face_faces_c23/552_851,ffpp_test:47,1,face2face,h265_crf32,5.606292724609375,0.9963387866007184
f3net_deepfakebench,external,1,official,575,face2face_faces_c23/851_552,ffpp_test:47,1,face2face,h265_crf32,4.3458251953125,0.9872050245925403
f3net_deepfakebench,external,1,official,576,faceswap_faces_c23/552_851,ffpp_test:47,1,faceswap,h265_crf32,5.16949462890625,0.9943447217073081
f3net_deepfakebench,external,1,official,577,faceswap_faces_c23/851_552,ffpp_test:47,1,faceswap,h265_crf32,6.1146240234375,0.9977945680441846
f3net_deepfakebench,external,1,official,578,neuraltextures_faces_c23/552_851,ffpp_test:47,1,neuraltextures,h265_crf32,4.58197021484375,0.9898689762706042
f3net_deepfakebench,external,1,official,579,neuraltextures_faces_c23/851_552,ffpp_test:47,1,neuraltextures,h265_crf32,4.903839111328125,0.992636572653301
f3net_deepfakebench,external,1,official,580,original_faces_c23/376,ffpp_test:31,0,real,h265_crf32,-0.8369350433349609,0.3021806916878017
f3net_deepfakebench,external,1,official,581,original_faces_c23/381,ffpp_test:31,0,real,h265_crf32,-0.7180919647216797,0.3278132836032871
f3net_deepfakebench,external,1,official,582,deepfakes_faces_c23/376_381,ffpp_test:31,1,deepfakes,h265_crf32,5.39764404296875,0.9954931691217884
f3net_deepfakebench,external,1,official,583,deepfakes_faces_c23/381_376,ffpp_test:31,1,deepfakes,h265_crf32,6.0196533203125,0.997575381007553
f3net_deepfakebench,external,1,official,584,face2face_faces_c23/376_381,ffpp_test:31,1,face2face,h265_crf32,4.56805419921875,0.9897284654952919
f3net_deepfakebench,external,1,official,585,face2face_faces_c23/381_376,ffpp_test:31,1,face2face,h265_crf32,3.3642120361328125,0.9665671568497307
f3net_deepfakebench,external,1,official,586,faceswap_faces_c23/376_381,ffpp_test:31,1,faceswap,h265_crf32,5.9420166015625,0.9973801543757523
f3net_deepfakebench,external,1,official,587,faceswap_faces_c23/381_376,ffpp_test:31,1,faceswap,h265_crf32,6.6492919921875,0.9987067360897341
f3net_deepfakebench,external,1,official,588,neuraltextures_faces_c23/376_381,ffpp_test:31,1,neuraltextures,h265_crf32,1.719381332397461,0.8480491308861928
f3net_deepfakebench,external,1,official,589,neuraltextures_faces_c23/381_376,ffpp_test:31,1,neuraltextures,h265_crf32,-0.36482858657836914,0.40979120588565227
f3net_deepfakebench,external,1,official,590,original_faces_c23/000,ffpp_test:0,0,real,h265_crf32,3.6514968872070312,0.9747042301024597
f3net_deepfakebench,external,1,official,591,original_faces_c23/003,ffpp_test:0,0,real,h265_crf32,-1.1584482192993164,0.23894936613451592
f3net_deepfakebench,external,1,official,592,deepfakes_faces_c23/000_003,ffpp_test:0,1,deepfakes,h265_crf32,7.380859375,0.9993773227593307
f3net_deepfakebench,external,1,official,593,deepfakes_faces_c23/003_000,ffpp_test:0,1,deepfakes,h265_crf32,0.5485324859619141,0.6337950495643668
f3net_deepfakebench,external,1,official,594,face2face_faces_c23/000_003,ffpp_test:0,1,face2face,h265_crf32,4.088336944580078,0.9835094043902677
f3net_deepfakebench,external,1,official,595,face2face_faces_c23/003_000,ffpp_test:0,1,face2face,h265_crf32,3.5357513427734375,0.9716880638389311
f3net_deepfakebench,external,1,official,596,faceswap_faces_c23/000_003,ffpp_test:0,1,faceswap,h265_crf32,5.719482421875,0.9967293235782156
f3net_deepfakebench,external,1,official,597,faceswap_faces_c23/003_000,ffpp_test:0,1,faceswap,h265_crf32,5.71966552734375,0.9967299204439275
f3net_deepfakebench,external,1,official,598,neuraltextures_faces_c23/000_003,ffpp_test:0,1,neuraltextures,h265_crf32,5.1716766357421875,0.9943569785520079
f3net_deepfakebench,external,1,official,599,neuraltextures_faces_c23/003_000,ffpp_test:0,1,neuraltextures,h265_crf32,1.5916366577148438,0.8308462447551244
f3net_deepfakebench,external,1,official,600,original_faces_c23/048,ffpp_test:4,0,real,h265_crf32,-2.2462406158447266,0.09567423531893335
f3net_deepfakebench,external,1,official,601,original_faces_c23/029,ffpp_test:4,0,real,h265_crf32,3.000091552734375,0.9525782626977912
f3net_deepfakebench,external,1,official,602,deepfakes_faces_c23/048_029,ffpp_test:4,1,deepfakes,h265_crf32,8.0096435546875,0.9996678672244467
f3net_deepfakebench,external,1,official,603,deepfakes_faces_c23/029_048,ffpp_test:4,1,deepfakes,h265_crf32,5.5853271484375,0.9962615068403429
f3net_deepfakebench,external,1,official,604,face2face_faces_c23/048_029,ffpp_test:4,1,face2face,h265_crf32,5.637481689453125,0.9964508146761764
f3net_deepfakebench,external,1,official,605,face2face_faces_c23/029_048,ffpp_test:4,1,face2face,h265_crf32,4.847282409667969,0.9922114567722612
f3net_deepfakebench,external,1,official,606,faceswap_faces_c23/048_029,ffpp_test:4,1,faceswap,h265_crf32,2.480320930480957,0.9227506774904204
f3net_deepfakebench,external,1,official,607,faceswap_faces_c23/029_048,ffpp_test:4,1,faceswap,h265_crf32,5.57196044921875,0.9962113906506962
f3net_deepfakebench,external,1,official,608,neuraltextures_faces_c23/048_029,ffpp_test:4,1,neuraltextures,h265_crf32,1.5761468410491943,0.828658124297607
f3net_deepfakebench,external,1,official,609,neuraltextures_faces_c23/029_048,ffpp_test:4,1,neuraltextures,h265_crf32,6.78466796875,0.9988702945148437
f3net_deepfakebench,external,1,official,610,original_faces_c23/724,ffpp_test:59,0,real,h265_crf32,2.787365674972534,0.9419892582269159
f3net_deepfakebench,external,1,official,611,original_faces_c23/725,ffpp_test:59,0,real,h265_crf32,1.7602720260620117,0.8532437262679227
f3net_deepfakebench,external,1,official,612,deepfakes_faces_c23/724_725,ffpp_test:59,1,deepfakes,h265_crf32,7.0384521484375,0.9991232855764394
f3net_deepfakebench,external,1,official,613,deepfakes_faces_c23/725_724,ffpp_test:59,1,deepfakes,h265_crf32,7.9471435546875,0.999646454074008
f3net_deepfakebench,external,1,official,614,face2face_faces_c23/724_725,ffpp_test:59,1,face2face,h265_crf32,6.24639892578125,0.9980663279550588
f3net_deepfakebench,external,1,official,615,face2face_faces_c23/725_724,ffpp_test:59,1,face2face,h265_crf32,6.6673583984375,0.9987298615189104
f3net_deepfakebench,external,1,official,616,faceswap_faces_c23/724_725,ffpp_test:59,1,faceswap,h265_crf32,6.550048828125,0.9985719963404436
f3net_deepfakebench,external,1,official,617,faceswap_faces_c23/725_724,ffpp_test:59,1,faceswap,h265_crf32,6.340576171875,0.998239817716456
f3net_deepfakebench,external,1,official,618,neuraltextures_faces_c23/724_725,ffpp_test:59,1,neuraltextures,h265_crf32,4.498220443725586,0.9889937034649571
f3net_deepfakebench,external,1,official,619,neuraltextures_faces_c23/725_724,ffpp_test:59,1,neuraltextures,h265_crf32,0.6800651550292969,0.6637532391766761
f3net_deepfakebench,external,1,official,620,original_faces_c23/608,ffpp_test:50,0,real,h265_crf32,0.0692129135131836,0.5172963241974015
f3net_deepfakebench,external,1,official,621,original_faces_c23/675,ffpp_test:50,0,real,h265_crf32,0.42514801025390625,0.6047144648757018
f3net_deepfakebench,external,1,official,622,deepfakes_faces_c23/608_675,ffpp_test:50,1,deepfakes,h265_crf32,6.74267578125,0.9988219026688308
f3net_deepfakebench,external,1,official,623,deepfakes_faces_c23/675_608,ffpp_test:50,1,deepfakes,h265_crf32,6.35980224609375,0.9982732779914438
f3net_deepfakebench,external,1,official,624,face2face_faces_c23/608_675,ffpp_test:50,1,face2face,h265_crf32,4.48687744140625,0.9888695457639057
f3net_deepfakebench,external,1,official,625,face2face_faces_c23/675_608,ffpp_test:50,1,face2face,h265_crf32,5.1036376953125,0.9939620693177067
f3net_deepfakebench,external,1,official,626,faceswap_faces_c23/608_675,ffpp_test:50,1,faceswap,h265_crf32,5.327667236328125,0.995168077562133
f3net_deepfakebench,external,1,official,627,faceswap_faces_c23/675_608,ffpp_test:50,1,faceswap,h265_crf32,6.18023681640625,0.9979343381896444
f3net_deepfakebench,external,1,official,628,neuraltextures_faces_c23/608_675,ffpp_test:50,1,neuraltextures,h265_crf32,-1.1874046325683594,0.23372343648134836
f3net_deepfakebench,external,1,official,629,neuraltextures_faces_c23/675_608,ffpp_test:50,1,neuraltextures,h265_crf32,1.88751220703125,0.8684716136873156
f3net_deepfakebench,external,1,official,630,original_faces_c23/386,ffpp_test:14,0,real,h265_crf32,-0.5076389312744141,0.37574717804874813
f3net_deepfakebench,external,1,official,631,original_faces_c23/154,ffpp_test:14,0,real,h265_crf32,-1.4888496398925781,0.18409445295872068
f3net_deepfakebench,external,1,official,632,deepfakes_faces_c23/386_154,ffpp_test:14,1,deepfakes,h265_crf32,6.8050537109375,0.9988930660115127
f3net_deepfakebench,external,1,official,633,deepfakes_faces_c23/154_386,ffpp_test:14,1,deepfakes,h265_crf32,6.3216552734375,0.9982062567246492
f3net_deepfakebench,external,1,official,634,face2face_faces_c23/386_154,ffpp_test:14,1,face2face,h265_crf32,2.7647767066955566,0.9407424779189375
f3net_deepfakebench,external,1,official,635,face2face_faces_c23/154_386,ffpp_test:14,1,face2face,h265_crf32,5.95794677734375,0.9974214515533953
f3net_deepfakebench,external,1,official,636,faceswap_faces_c23/386_154,ffpp_test:14,1,faceswap,h265_crf32,6.02783203125,0.9975950828974447
f3net_deepfakebench,external,1,official,637,faceswap_faces_c23/154_386,ffpp_test:14,1,faceswap,h265_crf32,5.218017578125,0.9946111378088655
f3net_deepfakebench,external,1,official,638,neuraltextures_faces_c23/386_154,ffpp_test:14,1,neuraltextures,h265_crf32,1.8299932479858398,0.8617609224685396
f3net_deepfakebench,external,1,official,639,neuraltextures_faces_c23/154_386,ffpp_test:14,1,neuraltextures,h265_crf32,0.6002740859985352,0.6457190102791042
f3net_deepfakebench,external,1,official,640,original_faces_c23/220,ffpp_test:20,0,real,h265_crf32,0.37403106689453125,0.5924326660158618
f3net_deepfakebench,external,1,official,641,original_faces_c23/219,ffpp_test:20,0,real,h265_crf32,1.3468208312988281,0.7936093869906831
f3net_deepfakebench,external,1,official,642,deepfakes_faces_c23/220_219,ffpp_test:20,1,deepfakes,h265_crf32,4.809783935546875,0.9919162590688723
f3net_deepfakebench,external,1,official,643,deepfakes_faces_c23/219_220,ffpp_test:20,1,deepfakes,h265_crf32,7.393310546875,0.9993850230146396
f3net_deepfakebench,external,1,official,644,face2face_faces_c23/220_219,ffpp_test:20,1,face2face,h265_crf32,4.010673522949219,0.9822013466190912
f3net_deepfakebench,external,1,official,645,face2face_faces_c23/219_220,ffpp_test:20,1,face2face,h265_crf32,3.6882095336914062,0.9755938100198454
f3net_deepfakebench,external,1,official,646,faceswap_faces_c23/220_219,ffpp_test:20,1,faceswap,h265_crf32,7.912109375,0.999633852971888
f3net_deepfakebench,external,1,official,647,faceswap_faces_c23/219_220,ffpp_test:20,1,faceswap,h265_crf32,4.83221435546875,0.9920941447855514
f3net_deepfakebench,external,1,official,648,neuraltextures_faces_c23/220_219,ffpp_test:20,1,neuraltextures,h265_crf32,4.3549041748046875,0.9873191977702047
f3net_deepfakebench,external,1,official,649,neuraltextures_faces_c23/219_220,ffpp_test:20,1,neuraltextures,h265_crf32,0.8377037048339844,0.6979813694068294
f3net_deepfakebench,external,1,official,650,original_faces_c23/801,ffpp_test:63,0,real,h265_crf32,-0.46467161178588867,0.38587817450014705
f3net_deepfakebench,external,1,official,651,original_faces_c23/855,ffpp_test:63,0,real,h265_crf32,-2.3102340698242188,0.09027891902385486
f3net_deepfakebench,external,1,official,652,deepfakes_faces_c23/801_855,ffpp_test:63,1,deepfakes,h265_crf32,6.54150390625,0.9985597595279617
f3net_deepfakebench,external,1,official,653,deepfakes_faces_c23/855_801,ffpp_test:63,1,deepfakes,h265_crf32,4.8370513916015625,0.9921319932022912
f3net_deepfakebench,external,1,official,654,face2face_faces_c23/801_855,ffpp_test:63,1,face2face,h265_crf32,4.188560485839844,0.9850585299050965
f3net_deepfakebench,external,1,official,655,face2face_faces_c23/855_801,ffpp_test:63,1,face2face,h265_crf32,4.983489990234375,0.9931964908522033
f3net_deepfakebench,external,1,official,656,faceswap_faces_c23/801_855,ffpp_test:63,1,faceswap,h265_crf32,6.57757568359375,0.9986107148361159
f3net_deepfakebench,external,1,official,657,faceswap_faces_c23/855_801,ffpp_test:63,1,faceswap,h265_crf32,5.812255859375,0.9970182415604649
f3net_deepfakebench,external,1,official,658,neuraltextures_faces_c23/801_855,ffpp_test:63,1,neuraltextures,h265_crf32,4.5634765625,0.9896818246246853
f3net_deepfakebench,external,1,official,659,neuraltextures_faces_c23/855_801,ffpp_test:63,1,neuraltextures,h265_crf32,1.9307937622070312,0.8733372513184553
f3net_deepfakebench,external,1,official,660,original_faces_c23/161,ffpp_test:13,0,real,h265_crf32,-1.5765495300292969,0.17128470794250053
f3net_deepfakebench,external,1,official,661,original_faces_c23/141,ffpp_test:13,0,real,h265_crf32,0.37148141860961914,0.5918168928377352
f3net_deepfakebench,external,1,official,662,deepfakes_faces_c23/161_141,ffpp_test:13,1,deepfakes,h265_crf32,6.7606201171875,0.998842830054765
f3net_deepfakebench,external,1,official,663,deepfakes_faces_c23/141_161,ffpp_test:13,1,deepfakes,h265_crf32,7.295654296875,0.9993219791699207
f3net_deepfakebench,external,1,official,664,face2face_faces_c23/161_141,ffpp_test:13,1,face2face,h265_crf32,5.1530914306640625,0.9942517296945009
f3net_deepfakebench,external,1,official,665,face2face_faces_c23/141_161,ffpp_test:13,1,face2face,h265_crf32,1.2979393005371094,0.7854879664204838
f3net_deepfakebench,external,1,official,666,faceswap_faces_c23/161_141,ffpp_test:13,1,faceswap,h265_crf32,7.7069091796875,0.9995504928456326
f3net_deepfakebench,external,1,official,667,faceswap_faces_c23/141_161,ffpp_test:13,1,faceswap,h265_crf32,4.4951171875,0.9889598727206321
f3net_deepfakebench,external,1,official,668,neuraltextures_faces_c23/161_141,ffpp_test:13,1,neuraltextures,h265_crf32,3.398895263671875,0.9676699917203674
f3net_deepfakebench,external,1,official,669,neuraltextures_faces_c23/141_161,ffpp_test:13,1,neuraltextures,h265_crf32,1.2056293487548828,0.769524699214151
f3net_deepfakebench,external,1,official,670,original_faces_c23/949,ffpp_test:66,0,real,h265_crf32,1.000361442565918,0.7311296366165067
f3net_deepfakebench,external,1,official,671,original_faces_c23/868,ffpp_test:66,0,real,h265_crf32,-1.7302436828613281,0.15055641269087514
f3net_deepfakebench,external,1,official,672,deepfakes_faces_c23/949_868,ffpp_test:66,1,deepfakes,h265_crf32,6.47064208984375,0.9984541620046777
f3net_deepfakebench,external,1,official,673,deepfakes_faces_c23/868_949,ffpp_test:66,1,deepfakes,h265_crf32,6.99951171875,0.9990885042533372
f3net_deepfakebench,external,1,official,674,face2face_faces_c23/949_868,ffpp_test:66,1,face2face,h265_crf32,5.1383056640625,0.9941666051416269
f3net_deepfakebench,external,1,official,675,face2face_faces_c23/868_949,ffpp_test:66,1,face2face,h265_crf32,3.8636093139648438,0.9794395121642646
f3net_deepfakebench,external,1,official,676,faceswap_faces_c23/949_868,ffpp_test:66,1,faceswap,h265_crf32,4.939178466796875,0.9928904294001467
f3net_deepfakebench,external,1,official,677,faceswap_faces_c23/868_949,ffpp_test:66,1,faceswap,h265_crf32,4.96234130859375,0.9930520836775227
f3net_deepfakebench,external,1,official,678,neuraltextures_faces_c23/949_868,ffpp_test:66,1,neuraltextures,h265_crf32,4.821922302246094,0.9920130103805336
f3net_deepfakebench,external,1,official,679,neuraltextures_faces_c23/868_949,ffpp_test:66,1,neuraltextures,h265_crf32,2.4094161987304688,0.917542523260223
f3net_deepfakebench,external,1,official,680,original_faces_c23/880,ffpp_test:11,0,real,h265_crf32,-0.9900093078613281,0.27091023917772256
f3net_deepfakebench,external,1,official,681,original_faces_c23/135,ffpp_test:11,0,real,h265_crf32,-1.3946609497070312,0.19866470517398205
f3net_deepfakebench,external,1,official,682,deepfakes_faces_c23/880_135,ffpp_test:11,1,deepfakes,h265_crf32,1.2986946105957031,0.785615206170184
f3net_deepfakebench,external,1,official,683,deepfakes_faces_c23/135_880,ffpp_test:11,1,deepfakes,h265_crf32,7.2713623046875,0.9993053185949459
f3net_deepfakebench,external,1,official,684,face2face_faces_c23/880_135,ffpp_test:11,1,face2face,h265_crf32,1.3037223815917969,0.7864607871989301
f3net_deepfakebench,external,1,official,685,face2face_faces_c23/135_880,ffpp_test:11,1,face2face,h265_crf32,6.315521240234375,0.9981952399473045
f3net_deepfakebench,external,1,official,686,faceswap_faces_c23/880_135,ffpp_test:11,1,faceswap,h265_crf32,7.639892578125,0.9995193510282021
f3net_deepfakebench,external,1,official,687,faceswap_faces_c23/135_880,ffpp_test:11,1,faceswap,h265_crf32,7.7022705078125,0.9995484038296847
f3net_deepfakebench,external,1,official,688,neuraltextures_faces_c23/880_135,ffpp_test:11,1,neuraltextures,h265_crf32,0.528472900390625,0.6291268698563686
f3net_deepfakebench,external,1,official,689,neuraltextures_faces_c23/135_880,ffpp_test:11,1,neuraltextures,h265_crf32,-0.6975746154785156,0.33235018598312116
f3net_deepfakebench,external,1,official,690,original_faces_c23/429,ffpp_test:35,0,real,h265_crf32,1.0107297897338867,0.7331629459750377
f3net_deepfakebench,external,1,official,691,original_faces_c23/404,ffpp_test:35,0,real,h265_crf32,1.1068108081817627,0.7515340695412529
f3net_deepfakebench,external,1,official,692,deepfakes_faces_c23/429_404,ffpp_test:35,1,deepfakes,h265_crf32,7.4049072265625,0.9993921092029228
f3net_deepfakebench,external,1,official,693,deepfakes_faces_c23/404_429,ffpp_test:35,1,deepfakes,h265_crf32,-0.25525665283203125,0.4365300834098171
f3net_deepfakebench,external,1,official,694,face2face_faces_c23/429_404,ffpp_test:35,1,face2face,h265_crf32,2.2643508911132812,0.9058812454943265
f3net_deepfakebench,external,1,official,695,face2face_faces_c23/404_429,ffpp_test:35,1,face2face,h265_crf32,6.2479248046875,0.998069270562129
f3net_deepfakebench,external,1,official,696,faceswap_faces_c23/429_404,ffpp_test:35,1,faceswap,h265_crf32,7.2596435546875,0.999297135665903
f3net_deepfakebench,external,1,official,697,faceswap_faces_c23/404_429,ffpp_test:35,1,faceswap,h265_crf32,4.193714141845703,0.9851341932486487
f3net_deepfakebench,external,1,official,698,neuraltextures_faces_c23/429_404,ffpp_test:35,1,neuraltextures,h265_crf32,-0.41194915771484375,0.3984448419152228
f3net_deepfakebench,external,1,official,699,neuraltextures_faces_c23/404_429,ffpp_test:35,1,neuraltextures,h265_crf32,4.55828857421875,0.9896287115769602
f3net_deepfakebench,external,1,official,0,original_faces_c23/953,ffpp_test:68,0,real,resize075_then_h264_crf30,-3.474884033203125,0.030035366694090286
f3net_deepfakebench,external,1,official,1,original_faces_c23/974,ffpp_test:68,0,real,resize075_then_h264_crf30,-3.6359219551086426,0.025682636241748002
f3net_deepfakebench,external,1,official,2,deepfakes_faces_c23/953_974,ffpp_test:68,1,deepfakes,resize075_then_h264_crf30,1.9081954956054688,0.8708162854205269
f3net_deepfakebench,external,1,official,3,deepfakes_faces_c23/974_953,ffpp_test:68,1,deepfakes,resize075_then_h264_crf30,1.6285629272460938,0.8359726791001296
f3net_deepfakebench,external,1,official,4,face2face_faces_c23/953_974,ffpp_test:68,1,face2face,resize075_then_h264_crf30,2.3756866455078125,0.9149544000598672
f3net_deepfakebench,external,1,official,5,face2face_faces_c23/974_953,ffpp_test:68,1,face2face,resize075_then_h264_crf30,5.10296630859375,0.993958038671149
f3net_deepfakebench,external,1,official,6,faceswap_faces_c23/953_974,ffpp_test:68,1,faceswap,resize075_then_h264_crf30,-0.1208648681640625,0.46982051330786395
f3net_deepfakebench,external,1,official,7,faceswap_faces_c23/974_953,ffpp_test:68,1,faceswap,resize075_then_h264_crf30,1.8687362670898438,0.8663119853118647
f3net_deepfakebench,external,1,official,8,neuraltextures_faces_c23/953_974,ffpp_test:68,1,neuraltextures,resize075_then_h264_crf30,-2.0624122619628906,0.11280418675490374
f3net_deepfakebench,external,1,official,9,neuraltextures_faces_c23/974_953,ffpp_test:68,1,neuraltextures,resize075_then_h264_crf30,1.6385498046875,0.8373375124991316
f3net_deepfakebench,external,1,official,10,original_faces_c23/012,ffpp_test:1,0,real,resize075_then_h264_crf30,-0.5186805725097656,0.37316081168593707
f3net_deepfakebench,external,1,official,11,original_faces_c23/026,ffpp_test:1,0,real,resize075_then_h264_crf30,-2.45001220703125,0.07943765651197321
f3net_deepfakebench,external,1,official,12,deepfakes_faces_c23/012_026,ffpp_test:1,1,deepfakes,resize075_then_h264_crf30,-1.4511127471923828,0.18983037221295615
f3net_deepfakebench,external,1,official,13,deepfakes_faces_c23/026_012,ffpp_test:1,1,deepfakes,resize075_then_h264_crf30,6.1309814453125,0.9978302721421863
f3net_deepfakebench,external,1,official,14,face2face_faces_c23/012_026,ffpp_test:1,1,face2face,resize075_then_h264_crf30,1.5340547561645508,0.8225987990347301
f3net_deepfakebench,external,1,official,15,face2face_faces_c23/026_012,ffpp_test:1,1,face2face,resize075_then_h264_crf30,-1.4340896606445312,0.19246226740472597
f3net_deepfakebench,external,1,official,16,faceswap_faces_c23/012_026,ffpp_test:1,1,faceswap,resize075_then_h264_crf30,1.5736465454101562,0.8283028309537697
f3net_deepfakebench,external,1,official,17,faceswap_faces_c23/026_012,ffpp_test:1,1,faceswap,resize075_then_h264_crf30,4.8502197265625,0.9922341232230749
f3net_deepfakebench,external,1,official,18,neuraltextures_faces_c23/012_026,ffpp_test:1,1,neuraltextures,resize075_then_h264_crf30,1.1394505500793457,0.7575787450546967
f3net_deepfakebench,external,1,official,19,neuraltextures_faces_c23/026_012,ffpp_test:1,1,neuraltextures,resize075_then_h264_crf30,-1.785268783569336,0.1436537645465148
f3net_deepfakebench,external,1,official,20,original_faces_c23/078,ffpp_test:8,0,real,resize075_then_h264_crf30,-1.8708782196044922,0.13344013790822867
f3net_deepfakebench,external,1,official,21,original_faces_c23/955,ffpp_test:8,0,real,resize075_then_h264_crf30,-2.0423812866210938,0.11482447642583972
f3net_deepfakebench,external,1,official,22,deepfakes_faces_c23/078_955,ffpp_test:8,1,deepfakes,resize075_then_h264_crf30,3.842864990234375,0.97901758688229
f3net_deepfakebench,external,1,official,23,deepfakes_faces_c23/955_078,ffpp_test:8,1,deepfakes,resize075_then_h264_crf30,0.423071026802063,0.6042178855611464
f3net_deepfakebench,external,1,official,24,face2face_faces_c23/078_955,ffpp_test:8,1,face2face,resize075_then_h264_crf30,-1.5912628173828125,0.1692063015486373
f3net_deepfakebench,external,1,official,25,face2face_faces_c23/955_078,ffpp_test:8,1,face2face,resize075_then_h264_crf30,2.782001495361328,0.9416954340474442
f3net_deepfakebench,external,1,official,26,faceswap_faces_c23/078_955,ffpp_test:8,1,faceswap,resize075_then_h264_crf30,3.87786865234375,0.9797247086399556
f3net_deepfakebench,external,1,official,27,faceswap_faces_c23/955_078,ffpp_test:8,1,faceswap,resize075_then_h264_crf30,4.269237518310547,0.9862006387730353
f3net_deepfakebench,external,1,official,28,neuraltextures_faces_c23/078_955,ffpp_test:8,1,neuraltextures,resize075_then_h264_crf30,-0.5437431335449219,0.3673172644254425
f3net_deepfakebench,external,1,official,29,neuraltextures_faces_c23/955_078,ffpp_test:8,1,neuraltextures,resize075_then_h264_crf30,3.0220718383789062,0.9535613570917661
f3net_deepfakebench,external,1,official,30,original_faces_c23/623,ffpp_test:51,0,real,resize075_then_h264_crf30,-0.14680862426757812,0.46336362160158745
f3net_deepfakebench,external,1,official,31,original_faces_c23/630,ffpp_test:51,0,real,resize075_then_h264_crf30,0.21147537231445312,0.5526726876436512
f3net_deepfakebench,external,1,official,32,deepfakes_faces_c23/623_630,ffpp_test:51,1,deepfakes,resize075_then_h264_crf30,6.4151611328125,0.9983661177560997
f3net_deepfakebench,external,1,official,33,deepfakes_faces_c23/630_623,ffpp_test:51,1,deepfakes,resize075_then_h264_crf30,3.91595458984375,0.980467592613919
f3net_deepfakebench,external,1,official,34,face2face_faces_c23/623_630,ffpp_test:51,1,face2face,resize075_then_h264_crf30,1.6742782592773438,0.8421453909639315
f3net_deepfakebench,external,1,official,35,face2face_faces_c23/630_623,ffpp_test:51,1,face2face,resize075_then_h264_crf30,2.859447479248047,0.9458049854319917
f3net_deepfakebench,external,1,official,36,faceswap_faces_c23/623_630,ffpp_test:51,1,faceswap,resize075_then_h264_crf30,3.172637939453125,0.9597915108882837
f3net_deepfakebench,external,1,official,37,faceswap_faces_c23/630_623,ffpp_test:51,1,faceswap,resize075_then_h264_crf30,5.6634521484375,0.9965414873613475
f3net_deepfakebench,external,1,official,38,neuraltextures_faces_c23/623_630,ffpp_test:51,1,neuraltextures,resize075_then_h264_crf30,2.560760498046875,0.9282930967979245
f3net_deepfakebench,external,1,official,39,neuraltextures_faces_c23/630_623,ffpp_test:51,1,neuraltextures,resize075_then_h264_crf30,1.0928306579589844,0.7489143780999216
f3net_deepfakebench,external,1,official,40,original_faces_c23/919,ffpp_test:2,0,real,resize075_then_h264_crf30,-2.4385910034179688,0.08027688041420372
f3net_deepfakebench,external,1,official,41,original_faces_c23/015,ffpp_test:2,0,real,resize075_then_h264_crf30,0.8305916786193848,0.696480022619774
f3net_deepfakebench,external,1,official,42,deepfakes_faces_c23/919_015,ffpp_test:2,1,deepfakes,resize075_then_h264_crf30,4.8665771484375,0.9923591569291513
f3net_deepfakebench,external,1,official,43,deepfakes_faces_c23/015_919,ffpp_test:2,1,deepfakes,resize075_then_h264_crf30,-0.11171340942382812,0.47210065666242723
f3net_deepfakebench,external,1,official,44,face2face_faces_c23/919_015,ffpp_test:2,1,face2face,resize075_then_h264_crf30,1.4278631210327148,0.8065681469045191
f3net_deepfakebench,external,1,official,45,face2face_faces_c23/015_919,ffpp_test:2,1,face2face,resize075_then_h264_crf30,3.3699913024902344,0.966753411612801
f3net_deepfakebench,external,1,official,46,faceswap_faces_c23/919_015,ffpp_test:2,1,faceswap,resize075_then_h264_crf30,4.4606475830078125,0.9885771119577541
f3net_deepfakebench,external,1,official,47,faceswap_faces_c23/015_919,ffpp_test:2,1,faceswap,resize075_then_h264_crf30,3.5334854125976562,0.971625660589768
f3net_deepfakebench,external,1,official,48,neuraltextures_faces_c23/919_015,ffpp_test:2,1,neuraltextures,resize075_then_h264_crf30,-0.352264404296875,0.4128334168541481
f3net_deepfakebench,external,1,official,49,neuraltextures_faces_c23/015_919,ffpp_test:2,1,neuraltextures,resize075_then_h264_crf30,1.2671241760253906,0.7802500568286401
f3net_deepfakebench,external,1,official,50,original_faces_c23/367,ffpp_test:30,0,real,resize075_then_h264_crf30,-0.5859758853912354,0.35755870479568475
f3net_deepfakebench,external,1,official,51,original_faces_c23/371,ffpp_test:30,0,real,resize075_then_h264_crf30,-3.538360595703125,0.028240242923797884
f3net_deepfakebench,external,1,official,52,deepfakes_faces_c23/367_371,ffpp_test:30,1,deepfakes,resize075_then_h264_crf30,3.810882568359375,0.9783504351350725
f3net_deepfakebench,external,1,official,53,deepfakes_faces_c23/371_367,ffpp_test:30,1,deepfakes,resize075_then_h264_crf30,7.2503662109375,0.999290589258046
f3net_deepfakebench,external,1,official,54,face2face_faces_c23/367_371,ffpp_test:30,1,face2face,resize075_then_h264_crf30,1.454254150390625,0.8106522885838221
f3net_deepfakebench,external,1,official,55,face2face_faces_c23/371_367,ffpp_test:30,1,face2face,resize075_then_h264_crf30,1.7151107788085938,0.8474980013123998
f3net_deepfakebench,external,1,official,56,faceswap_faces_c23/367_371,ffpp_test:30,1,faceswap,resize075_then_h264_crf30,4.249717712402344,0.9859324582647183
f3net_deepfakebench,external,1,official,57,faceswap_faces_c23/371_367,ffpp_test:30,1,faceswap,resize075_then_h264_crf30,3.70355224609375,0.9759564746596426
f3net_deepfakebench,external,1,official,58,neuraltextures_faces_c23/367_371,ffpp_test:30,1,neuraltextures,resize075_then_h264_crf30,-0.8062820434570312,0.3086833350766175
f3net_deepfakebench,external,1,official,59,neuraltextures_faces_c23/371_367,ffpp_test:30,1,neuraltextures,resize075_then_h264_crf30,0.7754780054092407,0.6847047032355085
f3net_deepfakebench,external,1,official,60,original_faces_c23/847,ffpp_test:65,0,real,resize075_then_h264_crf30,-1.5972442626953125,0.16836711963707812
f3net_deepfakebench,external,1,official,61,original_faces_c23/906,ffpp_test:65,0,real,resize075_then_h264_crf30,0.8420557975769043,0.6988980139973442
f3net_deepfakebench,external,1,official,62,deepfakes_faces_c23/847_906,ffpp_test:65,1,deepfakes,resize075_then_h264_crf30,6.08544921875,0.9977294254526624
f3net_deepfakebench,external,1,official,63,deepfakes_faces_c23/906_847,ffpp_test:65,1,deepfakes,resize075_then_h264_crf30,2.5463714599609375,0.9273293675723917
f3net_deepfakebench,external,1,official,64,face2face_faces_c23/847_906,ffpp_test:65,1,face2face,resize075_then_h264_crf30,1.41546630859375,0.8046266925998328
f3net_deepfakebench,external,1,official,65,face2face_faces_c23/906_847,ffpp_test:65,1,face2face,resize075_then_h264_crf30,5.20562744140625,0.9945443202538887
f3net_deepfakebench,external,1,official,66,faceswap_faces_c23/847_906,ffpp_test:65,1,faceswap,resize075_then_h264_crf30,5.266845703125,0.9948666268271857
f3net_deepfakebench,external,1,official,67,faceswap_faces_c23/906_847,ffpp_test:65,1,faceswap,resize075_then_h264_crf30,5.916748046875,0.9973132913138306
f3net_deepfakebench,external,1,official,68,neuraltextures_faces_c23/847_906,ffpp_test:65,1,neuraltextures,resize075_then_h264_crf30,4.090793609619141,0.983549200903979
f3net_deepfakebench,external,1,official,69,neuraltextures_faces_c23/906_847,ffpp_test:65,1,neuraltextures,resize075_then_h264_crf30,0.3003969192504883,0.5745395441533054
f3net_deepfakebench,external,1,official,70,original_faces_c23/529,ffpp_test:46,0,real,resize075_then_h264_crf30,-2.8616943359375,0.05407996067216227
f3net_deepfakebench,external,1,official,71,original_faces_c23/633,ffpp_test:46,0,real,resize075_then_h264_crf30,-2.1357784271240234,0.10566767305450712
f3net_deepfakebench,external,1,official,72,deepfakes_faces_c23/529_633,ffpp_test:46,1,deepfakes,resize075_then_h264_crf30,3.947113037109375,0.9810554564381739
f3net_deepfakebench,external,1,official,73,deepfakes_faces_c23/633_529,ffpp_test:46,1,deepfakes,resize075_then_h264_crf30,3.707986831665039,0.976060314793303
f3net_deepfakebench,external,1,official,74,face2face_faces_c23/529_633,ffpp_test:46,1,face2face,resize075_then_h264_crf30,1.7971539497375488,0.8578021340149623
f3net_deepfakebench,external,1,official,75,face2face_faces_c23/633_529,ffpp_test:46,1,face2face,resize075_then_h264_crf30,2.355243682861328,0.9133501219020221
f3net_deepfakebench,external,1,official,76,faceswap_faces_c23/529_633,ffpp_test:46,1,faceswap,resize075_then_h264_crf30,5.089599609375,0.9938772332246951
f3net_deepfakebench,external,1,official,77,faceswap_faces_c23/633_529,ffpp_test:46,1,faceswap,resize075_then_h264_crf30,3.2801132202148438,0.9637402403123129
f3net_deepfakebench,external,1,official,78,neuraltextures_faces_c23/529_633,ffpp_test:46,1,neuraltextures,resize075_then_h264_crf30,-2.2165133953094482,0.09827735093827025
f3net_deepfakebench,external,1,official,79,neuraltextures_faces_c23/633_529,ffpp_test:46,1,neuraltextures,resize075_then_h264_crf30,-0.6047706604003906,0.3532530018231325
f3net_deepfakebench,external,1,official,80,original_faces_c23/418,ffpp_test:36,0,real,resize075_then_h264_crf30,-0.3329944610595703,0.41751220353462887
f3net_deepfakebench,external,1,official,81,original_faces_c23/507,ffpp_test:36,0,real,resize075_then_h264_crf30,-2.834075927734375,0.055510313882534294
f3net_deepfakebench,external,1,official,82,deepfakes_faces_c23/418_507,ffpp_test:36,1,deepfakes,resize075_then_h264_crf30,0.40818822383880615,0.6006533694515435
f3net_deepfakebench,external,1,official,83,deepfakes_faces_c23/507_418,ffpp_test:36,1,deepfakes,resize075_then_h264_crf30,5.69854736328125,0.9966603610987071
f3net_deepfakebench,external,1,official,84,face2face_faces_c23/418_507,ffpp_test:36,1,face2face,resize075_then_h264_crf30,4.89324951171875,0.9925587658976427
f3net_deepfakebench,external,1,official,85,face2face_faces_c23/507_418,ffpp_test:36,1,face2face,resize075_then_h264_crf30,1.2713279724121094,0.7809699901366166
f3net_deepfakebench,external,1,official,86,faceswap_faces_c23/418_507,ffpp_test:36,1,faceswap,resize075_then_h264_crf30,3.8869171142578125,0.9799036710766311
f3net_deepfakebench,external,1,official,87,faceswap_faces_c23/507_418,ffpp_test:36,1,faceswap,resize075_then_h264_crf30,1.1366913318634033,0.7570716457453168
f3net_deepfakebench,external,1,official,88,neuraltextures_faces_c23/418_507,ffpp_test:36,1,neuraltextures,resize075_then_h264_crf30,0.18350553512573242,0.5457480779698805
f3net_deepfakebench,external,1,official,89,neuraltextures_faces_c23/507_418,ffpp_test:36,1,neuraltextures,resize075_then_h264_crf30,0.8895038366317749,0.7087877712531885
f3net_deepfakebench,external,1,official,90,original_faces_c23/227,ffpp_test:16,0,real,resize075_then_h264_crf30,0.3092803955078125,0.5767096041272587
f3net_deepfakebench,external,1,official,91,original_faces_c23/169,ffpp_test:16,0,real,resize075_then_h264_crf30,-0.47533416748046875,0.3833544972706697
f3net_deepfakebench,external,1,official,92,deepfakes_faces_c23/227_169,ffpp_test:16,1,deepfakes,resize075_then_h264_crf30,6.22601318359375,0.9980265826638853
f3net_deepfakebench,external,1,official,93,deepfakes_faces_c23/169_227,ffpp_test:16,1,deepfakes,resize075_then_h264_crf30,2.7300643920898438,0.9387775381731438
f3net_deepfakebench,external,1,official,94,face2face_faces_c23/227_169,ffpp_test:16,1,face2face,resize075_then_h264_crf30,0.715104877948761,0.6715281684189099
f3net_deepfakebench,external,1,official,95,face2face_faces_c23/169_227,ffpp_test:16,1,face2face,resize075_then_h264_crf30,3.1568126678466797,0.9591763222273372
f3net_deepfakebench,external,1,official,96,faceswap_faces_c23/227_169,ffpp_test:16,1,faceswap,resize075_then_h264_crf30,0.9083251953125,0.7126573236882922
f3net_deepfakebench,external,1,official,97,faceswap_faces_c23/169_227,ffpp_test:16,1,faceswap,resize075_then_h264_crf30,4.056427001953125,0.9829838032378944
f3net_deepfakebench,external,1,official,98,neuraltextures_faces_c23/227_169,ffpp_test:16,1,neuraltextures,resize075_then_h264_crf30,0.2954998016357422,0.573342039107743
f3net_deepfakebench,external,1,official,99,neuraltextures_faces_c23/169_227,ffpp_test:16,1,neuraltextures,resize075_then_h264_crf30,1.930633544921875,0.873319527134904
f3net_deepfakebench,external,1,official,100,original_faces_c23/389,ffpp_test:33,0,real,resize075_then_h264_crf30,-2.2412109375,0.09611029234821018
f3net_deepfakebench,external,1,official,101,original_faces_c23/480,ffpp_test:33,0,real,resize075_then_h264_crf30,-1.8904304504394531,0.1311953975454606
f3net_deepfakebench,external,1,official,102,deepfakes_faces_c23/389_480,ffpp_test:33,1,deepfakes,resize075_then_h264_crf30,5.330375671386719,0.9951810838240996
f3net_deepfakebench,external,1,official,103,deepfakes_faces_c23/480_389,ffpp_test:33,1,deepfakes,resize075_then_h264_crf30,0.6409683227539062,0.6549723184747489
f3net_deepfakebench,external,1,official,104,face2face_faces_c23/389_480,ffpp_test:33,1,face2face,resize075_then_h264_crf30,0.2945404052734375,0.5731073341658831
f3net_deepfakebench,external,1,official,105,face2face_faces_c23/480_389,ffpp_test:33,1,face2face,resize075_then_h264_crf30,2.013935089111328,0.8822524266735922
f3net_deepfakebench,external,1,official,106,faceswap_faces_c23/389_480,ffpp_test:33,1,faceswap,resize075_then_h264_crf30,5.505126953125,0.9959505920031909
f3net_deepfakebench,external,1,official,107,faceswap_faces_c23/480_389,ffpp_test:33,1,faceswap,resize075_then_h264_crf30,4.643533706665039,0.9904681010876586
f3net_deepfakebench,external,1,official,108,neuraltextures_faces_c23/389_480,ffpp_test:33,1,neuraltextures,resize075_then_h264_crf30,0.3237420320510864,0.5802359423504656
f3net_deepfakebench,external,1,official,109,neuraltextures_faces_c23/480_389,ffpp_test:33,1,neuraltextures,resize075_then_h264_crf30,1.4151744842529297,0.8045808129828305
f3net_deepfakebench,external,1,official,110,original_faces_c23/821,ffpp_test:64,0,real,resize075_then_h264_crf30,-0.3606381416320801,0.4108050986292363
f3net_deepfakebench,external,1,official,111,original_faces_c23/812,ffpp_test:64,0,real,resize075_then_h264_crf30,-0.25400829315185547,0.4368371686913805
f3net_deepfakebench,external,1,official,112,deepfakes_faces_c23/821_812,ffpp_test:64,1,deepfakes,resize075_then_h264_crf30,3.6425323486328125,0.974482258274745
f3net_deepfakebench,external,1,official,113,deepfakes_faces_c23/812_821,ffpp_test:64,1,deepfakes,resize075_then_h264_crf30,5.7083740234375,0.9966929098799927
f3net_deepfakebench,external,1,official,114,face2face_faces_c23/821_812,ffpp_test:64,1,face2face,resize075_then_h264_crf30,6.038818359375,0.9976212969956285
f3net_deepfakebench,external,1,official,115,face2face_faces_c23/812_821,ffpp_test:64,1,face2face,resize075_then_h264_crf30,3.919097900390625,0.9805276989904553
f3net_deepfakebench,external,1,official,116,faceswap_faces_c23/821_812,ffpp_test:64,1,faceswap,resize075_then_h264_crf30,3.5890960693359375,0.9731192461446907
f3net_deepfakebench,external,1,official,117,faceswap_faces_c23/812_821,ffpp_test:64,1,faceswap,resize075_then_h264_crf30,4.623218536376953,0.9902743811636048
f3net_deepfakebench,external,1,official,118,neuraltextures_faces_c23/821_812,ffpp_test:64,1,neuraltextures,resize075_then_h264_crf30,0.6465380191802979,0.6562298896934918
f3net_deepfakebench,external,1,official,119,neuraltextures_faces_c23/812_821,ffpp_test:64,1,neuraltextures,resize075_then_h264_crf30,1.3590221405029297,0.7956007239621763
f3net_deepfakebench,external,1,official,120,original_faces_c23/670,ffpp_test:54,0,real,resize075_then_h264_crf30,-3.452813148498535,0.030685075909024608
f3net_deepfakebench,external,1,official,121,original_faces_c23/661,ffpp_test:54,0,real,resize075_then_h264_crf30,-0.9300498962402344,0.28291459175125716
f3net_deepfakebench,external,1,official,122,deepfakes_faces_c23/670_661,ffpp_test:54,1,deepfakes,resize075_then_h264_crf30,4.9612579345703125,0.9930446047895727
f3net_deepfakebench,external,1,official,123,deepfakes_faces_c23/661_670,ffpp_test:54,1,deepfakes,resize075_then_h264_crf30,6.140869140625,0.9978515741711323
f3net_deepfakebench,external,1,official,124,face2face_faces_c23/670_661,ffpp_test:54,1,face2face,resize075_then_h264_crf30,0.9434089660644531,0.719787738079963
f3net_deepfakebench,external,1,official,125,face2face_faces_c23/661_670,ffpp_test:54,1,face2face,resize075_then_h264_crf30,2.7409324645996094,0.939399202101951
f3net_deepfakebench,external,1,official,126,faceswap_faces_c23/670_661,ffpp_test:54,1,faceswap,resize075_then_h264_crf30,6.4219970703125,0.9983772307210589
f3net_deepfakebench,external,1,official,127,faceswap_faces_c23/661_670,ffpp_test:54,1,faceswap,resize075_then_h264_crf30,5.151123046875,0.994240468981303
f3net_deepfakebench,external,1,official,128,neuraltextures_faces_c23/670_661,ffpp_test:54,1,neuraltextures,resize075_then_h264_crf30,2.3003196716308594,0.9089035105909574
f3net_deepfakebench,external,1,official,129,neuraltextures_faces_c23/661_670,ffpp_test:54,1,neuraltextures,resize075_then_h264_crf30,-0.7073531150817871,0.3301839685706369
f3net_deepfakebench,external,1,official,130,original_faces_c23/158,ffpp_test:15,0,real,resize075_then_h264_crf30,0.73333740234375,0.6755372148630006
f3net_deepfakebench,external,1,official,131,original_faces_c23/379,ffpp_test:15,0,real,resize075_then_h264_crf30,-0.9934539794921875,0.27023039210086325
f3net_deepfakebench,external,1,official,132,deepfakes_faces_c23/158_379,ffpp_test:15,1,deepfakes,resize075_then_h264_crf30,0.01151275634765625,0.5028781572968833
f3net_deepfakebench,external,1,official,133,deepfakes_faces_c23/379_158,ffpp_test:15,1,deepfakes,resize075_then_h264_crf30,4.328887939453125,0.9869893107463789
f3net_deepfakebench,external,1,official,134,face2face_faces_c23/158_379,ffpp_test:15,1,face2face,resize075_then_h264_crf30,0.7923984527587891,0.6883460927496755
f3net_deepfakebench,external,1,official,135,face2face_faces_c23/379_158,ffpp_test:15,1,face2face,resize075_then_h264_crf30,0.6208839416503906,0.650419560597459
f3net_deepfakebench,external,1,official,136,faceswap_faces_c23/158_379,ffpp_test:15,1,faceswap,resize075_then_h264_crf30,1.4530830383300781,0.8104724631543736
f3net_deepfakebench,external,1,official,137,faceswap_faces_c23/379_158,ffpp_test:15,1,faceswap,resize075_then_h264_crf30,3.4166717529296875,0.9682215255383503
f3net_deepfakebench,external,1,official,138,neuraltextures_faces_c23/158_379,ffpp_test:15,1,neuraltextures,resize075_then_h264_crf30,0.6750564575195312,0.6626344583663177
f3net_deepfakebench,external,1,official,139,neuraltextures_faces_c23/379_158,ffpp_test:15,1,neuraltextures,resize075_then_h264_crf30,-0.8651695251464844,0.29626041645085444
f3net_deepfakebench,external,1,official,140,original_faces_c23/423,ffpp_test:37,0,real,resize075_then_h264_crf30,-0.2703373432159424,0.4328242796420173
f3net_deepfakebench,external,1,official,141,original_faces_c23/421,ffpp_test:37,0,real,resize075_then_h264_crf30,-2.8359375,0.05541279438176918
f3net_deepfakebench,external,1,official,142,deepfakes_faces_c23/423_421,ffpp_test:37,1,deepfakes,resize075_then_h264_crf30,5.55712890625,0.9961549986258753
f3net_deepfakebench,external,1,official,143,deepfakes_faces_c23/421_423,ffpp_test:37,1,deepfakes,resize075_then_h264_crf30,1.253291130065918,0.77786905156977
f3net_deepfakebench,external,1,official,144,face2face_faces_c23/423_421,ffpp_test:37,1,face2face,resize075_then_h264_crf30,1.0776863098144531,0.7460558892956427
f3net_deepfakebench,external,1,official,145,face2face_faces_c23/421_423,ffpp_test:37,1,face2face,resize075_then_h264_crf30,3.404815673828125,0.9678546984874978
f3net_deepfakebench,external,1,official,146,faceswap_faces_c23/423_421,ffpp_test:37,1,faceswap,resize075_then_h264_crf30,0.30309295654296875,0.5751984410940114
f3net_deepfakebench,external,1,official,147,faceswap_faces_c23/421_423,ffpp_test:37,1,faceswap,resize075_then_h264_crf30,1.536590576171875,0.8229685486133858
f3net_deepfakebench,external,1,official,148,neuraltextures_faces_c23/423_421,ffpp_test:37,1,neuraltextures,resize075_then_h264_crf30,-0.570068359375,0.36122105143175826
f3net_deepfakebench,external,1,official,149,neuraltextures_faces_c23/421_423,ffpp_test:37,1,neuraltextures,resize075_then_h264_crf30,-1.4652557373046875,0.18766478976304302
f3net_deepfakebench,external,1,official,150,original_faces_c23/352,ffpp_test:28,0,real,resize075_then_h264_crf30,-2.2683639526367188,0.09377715607952848
f3net_deepfakebench,external,1,official,151,original_faces_c23/319,ffpp_test:28,0,real,resize075_then_h264_crf30,-3.3865814208984375,0.03271747055506903
f3net_deepfakebench,external,1,official,152,deepfakes_faces_c23/352_319,ffpp_test:28,1,deepfakes,resize075_then_h264_crf30,-0.05431938171386719,0.48642349263886997
f3net_deepfakebench,external,1,official,153,deepfakes_faces_c23/319_352,ffpp_test:28,1,deepfakes,resize075_then_h264_crf30,4.290618896484375,0.9864886120044932
f3net_deepfakebench,external,1,official,154,face2face_faces_c23/352_319,ffpp_test:28,1,face2face,resize075_then_h264_crf30,0.5157470703125,0.6261527525563781
f3net_deepfakebench,external,1,official,155,face2face_faces_c23/319_352,ffpp_test:28,1,face2face,resize075_then_h264_crf30,-3.2219772338867188,0.03834700541909225
f3net_deepfakebench,external,1,official,156,faceswap_faces_c23/352_319,ffpp_test:28,1,faceswap,resize075_then_h264_crf30,1.5658416748046875,0.8271899978792928
f3net_deepfakebench,external,1,official,157,faceswap_faces_c23/319_352,ffpp_test:28,1,faceswap,resize075_then_h264_crf30,1.5772876739501953,0.8288200434024886
f3net_deepfakebench,external,1,official,158,neuraltextures_faces_c23/352_319,ffpp_test:28,1,neuraltextures,resize075_then_h264_crf30,1.392770767211914,0.8010342119668202
f3net_deepfakebench,external,1,official,159,neuraltextures_faces_c23/319_352,ffpp_test:28,1,neuraltextures,resize075_then_h264_crf30,-2.4982681274414062,0.07597967994274592
f3net_deepfakebench,external,1,official,160,original_faces_c23/579,ffpp_test:48,0,real,resize075_then_h264_crf30,-1.2383537292480469,0.2247226729752659
f3net_deepfakebench,external,1,official,161,original_faces_c23/701,ffpp_test:48,0,real,resize075_then_h264_crf30,-0.832402229309082,0.30313737114128847
f3net_deepfakebench,external,1,official,162,deepfakes_faces_c23/579_701,ffpp_test:48,1,deepfakes,resize075_then_h264_crf30,1.2097539901733398,0.7702554175478045
f3net_deepfakebench,external,1,official,163,deepfakes_faces_c23/701_579,ffpp_test:48,1,deepfakes,resize075_then_h264_crf30,4.8394317626953125,0.9921505528694902
f3net_deepfakebench,external,1,official,164,face2face_faces_c23/579_701,ffpp_test:48,1,face2face,resize075_then_h264_crf30,3.377349853515625,0.9669891140472251
f3net_deepfakebench,external,1,official,165,face2face_faces_c23/701_579,ffpp_test:48,1,face2face,resize075_then_h264_crf30,2.534942626953125,0.9265554114736154
f3net_deepfakebench,external,1,official,166,faceswap_faces_c23/579_701,ffpp_test:48,1,faceswap,resize075_then_h264_crf30,5.193634986877441,0.9944788627806207
f3net_deepfakebench,external,1,official,167,faceswap_faces_c23/701_579,ffpp_test:48,1,faceswap,resize075_then_h264_crf30,6.04559326171875,0.9976373200618239
f3net_deepfakebench,external,1,official,168,neuraltextures_faces_c23/579_701,ffpp_test:48,1,neuraltextures,resize075_then_h264_crf30,1.0715293884277344,0.7448876543997272
f3net_deepfakebench,external,1,official,169,neuraltextures_faces_c23/701_579,ffpp_test:48,1,neuraltextures,resize075_then_h264_crf30,0.5165805816650391,0.6263478449387315
f3net_deepfakebench,external,1,official,170,original_faces_c23/488,ffpp_test:34,0,real,resize075_then_h264_crf30,-2.3891448974609375,0.0840042064987153
f3net_deepfakebench,external,1,official,171,original_faces_c23/399,ffpp_test:34,0,real,resize075_then_h264_crf30,2.3860530853271484,0.9157575800920111
f3net_deepfakebench,external,1,official,172,deepfakes_faces_c23/488_399,ffpp_test:34,1,deepfakes,resize075_then_h264_crf30,5.3292236328125,0.9951755558464433
f3net_deepfakebench,external,1,official,173,deepfakes_faces_c23/399_488,ffpp_test:34,1,deepfakes,resize075_then_h264_crf30,2.788426399230957,0.942047194861934
f3net_deepfakebench,external,1,official,174,face2face_faces_c23/488_399,ffpp_test:34,1,face2face,resize075_then_h264_crf30,3.3187713623046875,0.9650671946738051
f3net_deepfakebench,external,1,official,175,face2face_faces_c23/399_488,ffpp_test:34,1,face2face,resize075_then_h264_crf30,5.223388671875,0.9946398495724439
f3net_deepfakebench,external,1,official,176,faceswap_faces_c23/488_399,ffpp_test:34,1,faceswap,resize075_then_h264_crf30,3.037750244140625,0.9542507135340277
f3net_deepfakebench,external,1,official,177,faceswap_faces_c23/399_488,ffpp_test:34,1,faceswap,resize075_then_h264_crf30,5.0699462890625,0.9937564690071607
f3net_deepfakebench,external,1,official,178,neuraltextures_faces_c23/488_399,ffpp_test:34,1,neuraltextures,resize075_then_h264_crf30,-1.3025102615356445,0.2137428471888024
f3net_deepfakebench,external,1,official,179,neuraltextures_faces_c23/399_488,ffpp_test:34,1,neuraltextures,resize075_then_h264_crf30,3.71337890625,0.9761859862204529
f3net_deepfakebench,external,1,official,180,original_faces_c23/695,ffpp_test:38,0,real,resize075_then_h264_crf30,-0.46564483642578125,0.38564756904520087
f3net_deepfakebench,external,1,official,181,original_faces_c23/422,ffpp_test:38,0,real,resize075_then_h264_crf30,0.2866096496582031,0.571165917180472
f3net_deepfakebench,external,1,official,182,deepfakes_faces_c23/695_422,ffpp_test:38,1,deepfakes,resize075_then_h264_crf30,1.7968578338623047,0.8577660106744013
f3net_deepfakebench,external,1,official,183,deepfakes_faces_c23/422_695,ffpp_test:38,1,deepfakes,resize075_then_h264_crf30,5.079345703125,0.9938145182998326
f3net_deepfakebench,external,1,official,184,face2face_faces_c23/695_422,ffpp_test:38,1,face2face,resize075_then_h264_crf30,0.8390426635742188,0.6982635515859094
f3net_deepfakebench,external,1,official,185,face2face_faces_c23/422_695,ffpp_test:38,1,face2face,resize075_then_h264_crf30,5.2459716796875,0.9947589139903171
f3net_deepfakebench,external,1,official,186,faceswap_faces_c23/695_422,ffpp_test:38,1,faceswap,resize075_then_h264_crf30,1.9434051513671875,0.8747257584058072
f3net_deepfakebench,external,1,official,187,faceswap_faces_c23/422_695,ffpp_test:38,1,faceswap,resize075_then_h264_crf30,3.742584228515625,0.9768555601498915
f3net_deepfakebench,external,1,official,188,neuraltextures_faces_c23/695_422,ffpp_test:38,1,neuraltextures,resize075_then_h264_crf30,0.15970563888549805,0.5398417623938689
f3net_deepfakebench,external,1,official,189,neuraltextures_faces_c23/422_695,ffpp_test:38,1,neuraltextures,resize075_then_h264_crf30,1.4377317428588867,0.8081031530509288
f3net_deepfakebench,external,1,official,190,original_faces_c23/288,ffpp_test:25,0,real,resize075_then_h264_crf30,-0.528683066368103,0.37082409423483825
f3net_deepfakebench,external,1,official,191,original_faces_c23/321,ffpp_test:25,0,real,resize075_then_h264_crf30,1.0133247375488281,0.7336703014383013
f3net_deepfakebench,external,1,official,192,deepfakes_faces_c23/288_321,ffpp_test:25,1,deepfakes,resize075_then_h264_crf30,6.664703369140625,0.9987264890836594
f3net_deepfakebench,external,1,official,193,deepfakes_faces_c23/321_288,ffpp_test:25,1,deepfakes,resize075_then_h264_crf30,5.6148681640625,0.9963699353949904
f3net_deepfakebench,external,1,official,194,face2face_faces_c23/288_321,ffpp_test:25,1,face2face,resize075_then_h264_crf30,5.3677978515625,0.9953572638483609
f3net_deepfakebench,external,1,official,195,face2face_faces_c23/321_288,ffpp_test:25,1,face2face,resize075_then_h264_crf30,2.9816503524780273,0.951738232748865
f3net_deepfakebench,external,1,official,196,faceswap_faces_c23/288_321,ffpp_test:25,1,faceswap,resize075_then_h264_crf30,5.482208251953125,0.9958571020804544
f3net_deepfakebench,external,1,official,197,faceswap_faces_c23/321_288,ffpp_test:25,1,faceswap,resize075_then_h264_crf30,3.984172821044922,0.9817320960859617
f3net_deepfakebench,external,1,official,198,neuraltextures_faces_c23/288_321,ffpp_test:25,1,neuraltextures,resize075_then_h264_crf30,2.864959716796875,0.9460868379023991
f3net_deepfakebench,external,1,official,199,neuraltextures_faces_c23/321_288,ffpp_test:25,1,neuraltextures,resize075_then_h264_crf30,0.8340749740600586,0.6972158715943424
f3net_deepfakebench,external,1,official,200,original_faces_c23/705,ffpp_test:57,0,real,resize075_then_h264_crf30,1.9790878295898438,0.8785838906228524
f3net_deepfakebench,external,1,official,201,original_faces_c23/707,ffpp_test:57,0,real,resize075_then_h264_crf30,-3.7728271484375,0.022470455720816185
f3net_deepfakebench,external,1,official,202,deepfakes_faces_c23/705_707,ffpp_test:57,1,deepfakes,resize075_then_h264_crf30,4.159423828125,0.9846235736325357
f3net_deepfakebench,external,1,official,203,deepfakes_faces_c23/707_705,ffpp_test:57,1,deepfakes,resize075_then_h264_crf30,5.27178955078125,0.9948918134925978
f3net_deepfakebench,external,1,official,204,face2face_faces_c23/705_707,ffpp_test:57,1,face2face,resize075_then_h264_crf30,6.04541015625,0.9976368884250182
f3net_deepfakebench,external,1,official,205,face2face_faces_c23/707_705,ffpp_test:57,1,face2face,resize075_then_h264_crf30,0.9283294677734375,0.7167362478538256
f3net_deepfakebench,external,1,official,206,faceswap_faces_c23/705_707,ffpp_test:57,1,faceswap,resize075_then_h264_crf30,5.5518798828125,0.9961348412751988
f3net_deepfakebench,external,1,official,207,faceswap_faces_c23/707_705,ffpp_test:57,1,faceswap,resize075_then_h264_crf30,6.739013671875,0.9988175855488074
f3net_deepfakebench,external,1,official,208,neuraltextures_faces_c23/705_707,ffpp_test:57,1,neuraltextures,resize075_then_h264_crf30,3.6800918579101562,0.9753997758289518
f3net_deepfakebench,external,1,official,209,neuraltextures_faces_c23/707_705,ffpp_test:57,1,neuraltextures,resize075_then_h264_crf30,-1.6272048950195312,0.16421362245587365
f3net_deepfakebench,external,1,official,210,original_faces_c23/306,ffpp_test:24,0,real,resize075_then_h264_crf30,1.1364593505859375,0.7570289785571578
f3net_deepfakebench,external,1,official,211,original_faces_c23/278,ffpp_test:24,0,real,resize075_then_h264_crf30,1.432564377784729,0.8073005610980224
f3net_deepfakebench,external,1,official,212,deepfakes_faces_c23/306_278,ffpp_test:24,1,deepfakes,resize075_then_h264_crf30,7.2244873046875,0.9992720044084844
f3net_deepfakebench,external,1,official,213,deepfakes_faces_c23/278_306,ffpp_test:24,1,deepfakes,resize075_then_h264_crf30,4.5040283203125,0.9890567439060783
f3net_deepfakebench,external,1,official,214,face2face_faces_c23/306_278,ffpp_test:24,1,face2face,resize075_then_h264_crf30,5.25860595703125,0.9948243742163234
f3net_deepfakebench,external,1,official,215,face2face_faces_c23/278_306,ffpp_test:24,1,face2face,resize075_then_h264_crf30,7.4239501953125,0.9994035688845769
f3net_deepfakebench,external,1,official,216,faceswap_faces_c23/306_278,ffpp_test:24,1,faceswap,resize075_then_h264_crf30,5.440216064453125,0.9956801959038187
f3net_deepfakebench,external,1,official,217,faceswap_faces_c23/278_306,ffpp_test:24,1,faceswap,resize075_then_h264_crf30,4.529528617858887,0.9893293321637585
f3net_deepfakebench,external,1,official,218,neuraltextures_faces_c23/306_278,ffpp_test:24,1,neuraltextures,resize075_then_h264_crf30,4.10546875,0.9837849698906836
f3net_deepfakebench,external,1,official,219,neuraltextures_faces_c23/278_306,ffpp_test:24,1,neuraltextures,resize075_then_h264_crf30,3.11724853515625,0.9575986496768614
f3net_deepfakebench,external,1,official,220,original_faces_c23/865,ffpp_test:61,0,real,resize075_then_h264_crf30,-2.6595306396484375,0.06540401785075402
f3net_deepfakebench,external,1,official,221,original_faces_c23/739,ffpp_test:61,0,real,resize075_then_h264_crf30,-2.154296875,0.10393037850513788
f3net_deepfakebench,external,1,official,222,deepfakes_faces_c23/865_739,ffpp_test:61,1,deepfakes,resize075_then_h264_crf30,4.62579345703125,0.9902991490236306
f3net_deepfakebench,external,1,official,223,deepfakes_faces_c23/739_865,ffpp_test:61,1,deepfakes,resize075_then_h264_crf30,6.4410400390625,0.9984077919509503
f3net_deepfakebench,external,1,official,224,face2face_faces_c23/865_739,ffpp_test:61,1,face2face,resize075_then_h264_crf30,-2.0815963745117188,0.11089846639191507
f3net_deepfakebench,external,1,official,225,face2face_faces_c23/739_865,ffpp_test:61,1,face2face,resize075_then_h264_crf30,4.54278564453125,0.989468379958306
f3net_deepfakebench,external,1,official,226,faceswap_faces_c23/865_739,ffpp_test:61,1,faceswap,resize075_then_h264_crf30,4.90032958984375,0.9926108764330028
f3net_deepfakebench,external,1,official,227,faceswap_faces_c23/739_865,ffpp_test:61,1,faceswap,resize075_then_h264_crf30,6.4195556640625,0.9983732704945457
f3net_deepfakebench,external,1,official,228,neuraltextures_faces_c23/865_739,ffpp_test:61,1,neuraltextures,resize075_then_h264_crf30,-2.1015548706054688,0.1089457878351995
f3net_deepfakebench,external,1,official,229,neuraltextures_faces_c23/739_865,ffpp_test:61,1,neuraltextures,resize075_then_h264_crf30,-0.1261005401611328,0.46851657298020366
f3net_deepfakebench,external,1,official,230,original_faces_c23/995,ffpp_test:21,0,real,resize075_then_h264_crf30,1.063568115234375,0.7433718260833216
f3net_deepfakebench,external,1,official,231,original_faces_c23/233,ffpp_test:21,0,real,resize075_then_h264_crf30,-4.78521728515625,0.008283125496756348
f3net_deepfakebench,external,1,official,232,deepfakes_faces_c23/995_233,ffpp_test:21,1,deepfakes,resize075_then_h264_crf30,0.9224579334259033,0.7155426617529986
f3net_deepfakebench,external,1,official,233,deepfakes_faces_c23/233_995,ffpp_test:21,1,deepfakes,resize075_then_h264_crf30,4.963165283203125,0.9930577664989501
f3net_deepfakebench,external,1,official,234,face2face_faces_c23/995_233,ffpp_test:21,1,face2face,resize075_then_h264_crf30,5.50091552734375,0.9959335717553328
f3net_deepfakebench,external,1,official,235,face2face_faces_c23/233_995,ffpp_test:21,1,face2face,resize075_then_h264_crf30,-3.082275390625,0.04384432739612486
f3net_deepfakebench,external,1,official,236,faceswap_faces_c23/995_233,ffpp_test:21,1,faceswap,resize075_then_h264_crf30,1.323150634765625,0.7897054124588394
f3net_deepfakebench,external,1,official,237,faceswap_faces_c23/233_995,ffpp_test:21,1,faceswap,resize075_then_h264_crf30,0.8447494506835938,0.69946456134861
f3net_deepfakebench,external,1,official,238,neuraltextures_faces_c23/995_233,ffpp_test:21,1,neuraltextures,resize075_then_h264_crf30,2.161754608154297,0.8967621029952882
f3net_deepfakebench,external,1,official,239,neuraltextures_faces_c23/233_995,ffpp_test:21,1,neuraltextures,resize075_then_h264_crf30,-3.8344268798828125,0.02115645249363403
f3net_deepfakebench,external,1,official,240,original_faces_c23/755,ffpp_test:62,0,real,resize075_then_h264_crf30,-2.7791709899902344,0.05846016969147138
f3net_deepfakebench,external,1,official,241,original_faces_c23/759,ffpp_test:62,0,real,resize075_then_h264_crf30,0.23713397979736328,0.5590072432306684
f3net_deepfakebench,external,1,official,242,deepfakes_faces_c23/755_759,ffpp_test:62,1,deepfakes,resize075_then_h264_crf30,7.754638671875,0.9995714346526912
f3net_deepfakebench,external,1,official,243,deepfakes_faces_c23/759_755,ffpp_test:62,1,deepfakes,resize075_then_h264_crf30,1.0809645652770996,0.746676474958229
f3net_deepfakebench,external,1,official,244,face2face_faces_c23/755_759,ffpp_test:62,1,face2face,resize075_then_h264_crf30,0.0611034631729126,0.5152711146937846
f3net_deepfakebench,external,1,official,245,face2face_faces_c23/759_755,ffpp_test:62,1,face2face,resize075_then_h264_crf30,4.289791107177734,0.9864775740967802
f3net_deepfakebench,external,1,official,246,faceswap_faces_c23/755_759,ffpp_test:62,1,faceswap,resize075_then_h264_crf30,1.2944259643554688,0.7848953873891045
f3net_deepfakebench,external,1,official,247,faceswap_faces_c23/759_755,ffpp_test:62,1,faceswap,resize075_then_h264_crf30,-0.6528596878051758,0.34234540287102505
f3net_deepfakebench,external,1,official,248,neuraltextures_faces_c23/755_759,ffpp_test:62,1,neuraltextures,resize075_then_h264_crf30,-0.3305867910385132,0.4180978547128975
f3net_deepfakebench,external,1,official,249,neuraltextures_faces_c23/759_755,ffpp_test:62,1,neuraltextures,resize075_then_h264_crf30,3.9974708557128906,0.9819690640045142
f3net_deepfakebench,external,1,official,250,original_faces_c23/467,ffpp_test:43,0,real,resize075_then_h264_crf30,-1.2421875,0.22405544923169474
f3net_deepfakebench,external,1,official,251,original_faces_c23/462,ffpp_test:43,0,real,resize075_then_h264_crf30,-1.8703765869140625,0.13349815430303497
f3net_deepfakebench,external,1,official,252,deepfakes_faces_c23/467_462,ffpp_test:43,1,deepfakes,resize075_then_h264_crf30,-0.90509033203125,0.28800555689466184
f3net_deepfakebench,external,1,official,253,deepfakes_faces_c23/462_467,ffpp_test:43,1,deepfakes,resize075_then_h264_crf30,2.481414794921875,0.9228286141393112
f3net_deepfakebench,external,1,official,254,face2face_faces_c23/467_462,ffpp_test:43,1,face2face,resize075_then_h264_crf30,4.58221435546875,0.9898714243142609
f3net_deepfakebench,external,1,official,255,face2face_faces_c23/462_467,ffpp_test:43,1,face2face,resize075_then_h264_crf30,-0.1044778823852539,0.47390426269948843
f3net_deepfakebench,external,1,official,256,faceswap_faces_c23/467_462,ffpp_test:43,1,faceswap,resize075_then_h264_crf30,2.507404327392578,0.924659263460028
f3net_deepfakebench,external,1,official,257,faceswap_faces_c23/462_467,ffpp_test:43,1,faceswap,resize075_then_h264_crf30,4.71630859375,0.9911312103402162
f3net_deepfakebench,external,1,official,258,neuraltextures_faces_c23/467_462,ffpp_test:43,1,neuraltextures,resize075_then_h264_crf30,2.2761716842651367,0.9068842672034939
f3net_deepfakebench,external,1,official,259,neuraltextures_faces_c23/462_467,ffpp_test:43,1,neuraltextures,resize075_then_h264_crf30,-0.530522346496582,0.37039506724732385
f3net_deepfakebench,external,1,official,260,original_faces_c23/314,ffpp_test:27,0,real,resize075_then_h264_crf30,-1.2530858516693115,0.22216642025923633
f3net_deepfakebench,external,1,official,261,original_faces_c23/347,ffpp_test:27,0,real,resize075_then_h264_crf30,-1.7357749938964844,0.14985038433122258
f3net_deepfakebench,external,1,official,262,deepfakes_faces_c23/314_347,ffpp_test:27,1,deepfakes,resize075_then_h264_crf30,5.21026611328125,0.9945694316433296
f3net_deepfakebench,external,1,official,263,deepfakes_faces_c23/347_314,ffpp_test:27,1,deepfakes,resize075_then_h264_crf30,3.454835891723633,0.9693750304784853
f3net_deepfakebench,external,1,official,264,face2face_faces_c23/314_347,ffpp_test:27,1,face2face,resize075_then_h264_crf30,1.8585491180419922,0.8651277462982431
f3net_deepfakebench,external,1,official,265,face2face_faces_c23/347_314,ffpp_test:27,1,face2face,resize075_then_h264_crf30,0.732940673828125,0.6754502511992777
f3net_deepfakebench,external,1,official,266,faceswap_faces_c23/314_347,ffpp_test:27,1,faceswap,resize075_then_h264_crf30,0.5865268707275391,0.6425678523731732
f3net_deepfakebench,external,1,official,267,faceswap_faces_c23/347_314,ffpp_test:27,1,faceswap,resize075_then_h264_crf30,3.0418319702148438,0.9544285765206757
f3net_deepfakebench,external,1,official,268,neuraltextures_faces_c23/314_347,ffpp_test:27,1,neuraltextures,resize075_then_h264_crf30,0.9107666015625,0.7131570075251901
f3net_deepfakebench,external,1,official,269,neuraltextures_faces_c23/347_314,ffpp_test:27,1,neuraltextures,resize075_then_h264_crf30,-1.3738975524902344,0.2019908680071916
f3net_deepfakebench,external,1,official,270,original_faces_c23/741,ffpp_test:60,0,real,resize075_then_h264_crf30,-0.1300525665283203,0.4675326073703077
f3net_deepfakebench,external,1,official,271,original_faces_c23/731,ffpp_test:60,0,real,resize075_then_h264_crf30,-0.8337998390197754,0.3028422141873818
f3net_deepfakebench,external,1,official,272,deepfakes_faces_c23/741_731,ffpp_test:60,1,deepfakes,resize075_then_h264_crf30,2.942596435546875,0.9499124065752343
f3net_deepfakebench,external,1,official,273,deepfakes_faces_c23/731_741,ffpp_test:60,1,deepfakes,resize075_then_h264_crf30,5.46441650390625,0.9957830466795375
f3net_deepfakebench,external,1,official,274,face2face_faces_c23/741_731,ffpp_test:60,1,face2face,resize075_then_h264_crf30,0.06114959716796875,0.5152826374256606
f3net_deepfakebench,external,1,official,275,face2face_faces_c23/731_741,ffpp_test:60,1,face2face,resize075_then_h264_crf30,2.8343753814697266,0.944505384063503
f3net_deepfakebench,external,1,official,276,faceswap_faces_c23/741_731,ffpp_test:60,1,faceswap,resize075_then_h264_crf30,1.5109834671020508,0.8192069108878939
f3net_deepfakebench,external,1,official,277,faceswap_faces_c23/731_741,ffpp_test:60,1,faceswap,resize075_then_h264_crf30,4.92303466796875,0.9927755583788535
f3net_deepfakebench,external,1,official,278,neuraltextures_faces_c23/741_731,ffpp_test:60,1,neuraltextures,resize075_then_h264_crf30,1.3563714027404785,0.7951693226490953
f3net_deepfakebench,external,1,official,279,neuraltextures_faces_c23/731_741,ffpp_test:60,1,neuraltextures,resize075_then_h264_crf30,1.5546188354492188,0.8255798343479614
f3net_deepfakebench,external,1,official,280,original_faces_c23/970,ffpp_test:69,0,real,resize075_then_h264_crf30,-3.546234130859375,0.02802497232859712
f3net_deepfakebench,external,1,official,281,original_faces_c23/973,ffpp_test:69,0,real,resize075_then_h264_crf30,-0.8029332160949707,0.30939842539648627
f3net_deepfakebench,external,1,official,282,deepfakes_faces_c23/970_973,ffpp_test:69,1,deepfakes,resize075_then_h264_crf30,3.3403396606445312,0.9657870672889752
f3net_deepfakebench,external,1,official,283,deepfakes_faces_c23/973_970,ffpp_test:69,1,deepfakes,resize075_then_h264_crf30,6.7689208984375,0.9988523847355096
f3net_deepfakebench,external,1,official,284,face2face_faces_c23/970_973,ffpp_test:69,1,face2face,resize075_then_h264_crf30,1.4409599304199219,0.8086032581494287
f3net_deepfakebench,external,1,official,285,face2face_faces_c23/973_970,ffpp_test:69,1,face2face,resize075_then_h264_crf30,3.43402099609375,0.9687510229719473
f3net_deepfakebench,external,1,official,286,faceswap_faces_c23/970_973,ffpp_test:69,1,faceswap,resize075_then_h264_crf30,3.5697021484375,0.9726072546914777
f3net_deepfakebench,external,1,official,287,faceswap_faces_c23/973_970,ffpp_test:69,1,faceswap,resize075_then_h264_crf30,3.863677978515625,0.979440894868589
f3net_deepfakebench,external,1,official,288,neuraltextures_faces_c23/970_973,ffpp_test:69,1,neuraltextures,resize075_then_h264_crf30,-1.9477667808532715,0.12479707224118936
f3net_deepfakebench,external,1,official,289,neuraltextures_faces_c23/973_970,ffpp_test:69,1,neuraltextures,resize075_then_h264_crf30,1.7347240447998047,0.8500156804749854
f3net_deepfakebench,external,1,official,290,original_faces_c23/634,ffpp_test:53,0,real,resize075_then_h264_crf30,-2.9443359375,0.050004894706112996
f3net_deepfakebench,external,1,official,291,original_faces_c23/660,ffpp_test:53,0,real,resize075_then_h264_crf30,-0.33544254302978516,0.41691696086966296
f3net_deepfakebench,external,1,official,292,deepfakes_faces_c23/634_660,ffpp_test:53,1,deepfakes,resize075_then_h264_crf30,-0.7117948532104492,0.3292023646094941
f3net_deepfakebench,external,1,official,293,deepfakes_faces_c23/660_634,ffpp_test:53,1,deepfakes,resize075_then_h264_crf30,7.27838134765625,0.9993101741693102
f3net_deepfakebench,external,1,official,294,face2face_faces_c23/634_660,ffpp_test:53,1,face2face,resize075_then_h264_crf30,-1.1661128997802734,0.23755831444042727
f3net_deepfakebench,external,1,official,295,face2face_faces_c23/660_634,ffpp_test:53,1,face2face,resize075_then_h264_crf30,5.37860107421875,0.9954069212748564
f3net_deepfakebench,external,1,official,296,faceswap_faces_c23/634_660,ffpp_test:53,1,faceswap,resize075_then_h264_crf30,2.40203857421875,0.91698262294729
f3net_deepfakebench,external,1,official,297,faceswap_faces_c23/660_634,ffpp_test:53,1,faceswap,resize075_then_h264_crf30,5.12261962890625,0.994074927314732
f3net_deepfakebench,external,1,official,298,neuraltextures_faces_c23/634_660,ffpp_test:53,1,neuraltextures,resize075_then_h264_crf30,-2.57501220703125,0.07076400916072192
f3net_deepfakebench,external,1,official,299,neuraltextures_faces_c23/660_634,ffpp_test:53,1,neuraltextures,resize075_then_h264_crf30,2.111861228942871,0.8920506934392713
f3net_deepfakebench,external,1,official,300,original_faces_c23/494,ffpp_test:40,0,real,resize075_then_h264_crf30,-1.702383041381836,0.15415428240144918
f3net_deepfakebench,external,1,official,301,original_faces_c23/445,ffpp_test:40,0,real,resize075_then_h264_crf30,-0.9515724182128906,0.2785687059465586
f3net_deepfakebench,external,1,official,302,deepfakes_faces_c23/494_445,ffpp_test:40,1,deepfakes,resize075_then_h264_crf30,1.4434242248535156,0.8089843522739028
f3net_deepfakebench,external,1,official,303,deepfakes_faces_c23/445_494,ffpp_test:40,1,deepfakes,resize075_then_h264_crf30,4.48480224609375,0.988846681799913
f3net_deepfakebench,external,1,official,304,face2face_faces_c23/494_445,ffpp_test:40,1,face2face,resize075_then_h264_crf30,0.8743476867675781,0.7056495551684118
f3net_deepfakebench,external,1,official,305,face2face_faces_c23/445_494,ffpp_test:40,1,face2face,resize075_then_h264_crf30,3.5876007080078125,0.973080102529312
f3net_deepfakebench,external,1,official,306,faceswap_faces_c23/494_445,ffpp_test:40,1,faceswap,resize075_then_h264_crf30,2.1501121520996094,0.8956792566056107
f3net_deepfakebench,external,1,official,307,faceswap_faces_c23/445_494,ffpp_test:40,1,faceswap,resize075_then_h264_crf30,4.123291015625,0.9840668347656146
f3net_deepfakebench,external,1,official,308,neuraltextures_faces_c23/494_445,ffpp_test:40,1,neuraltextures,resize075_then_h264_crf30,-0.9385209083557129,0.2811992090020702
f3net_deepfakebench,external,1,official,309,neuraltextures_faces_c23/445_494,ffpp_test:40,1,neuraltextures,resize075_then_h264_crf30,2.6091384887695312,0.9314474065253386
f3net_deepfakebench,external,1,official,310,original_faces_c23/706,ffpp_test:44,0,real,resize075_then_h264_crf30,-2.7069015502929688,0.06256733759042798
f3net_deepfakebench,external,1,official,311,original_faces_c23/479,ffpp_test:44,0,real,resize075_then_h264_crf30,-1.9066162109375,0.12936148072154766
f3net_deepfakebench,external,1,official,312,deepfakes_faces_c23/706_479,ffpp_test:44,1,deepfakes,resize075_then_h264_crf30,1.1113967895507812,0.7523894244711238
f3net_deepfakebench,external,1,official,313,deepfakes_faces_c23/479_706,ffpp_test:44,1,deepfakes,resize075_then_h264_crf30,7.08929443359375,0.9991667093621022
f3net_deepfakebench,external,1,official,314,face2face_faces_c23/706_479,ffpp_test:44,1,face2face,resize075_then_h264_crf30,-0.6539840698242188,0.3420922987427743
f3net_deepfakebench,external,1,official,315,face2face_faces_c23/479_706,ffpp_test:44,1,face2face,resize075_then_h264_crf30,4.852325439453125,0.9922503321302227
f3net_deepfakebench,external,1,official,316,faceswap_faces_c23/706_479,ffpp_test:44,1,faceswap,resize075_then_h264_crf30,4.064178466796875,0.9831129750006927
f3net_deepfakebench,external,1,official,317,faceswap_faces_c23/479_706,ffpp_test:44,1,faceswap,resize075_then_h264_crf30,2.432467460632324,0.9192698394947414
f3net_deepfakebench,external,1,official,318,neuraltextures_faces_c23/706_479,ffpp_test:44,1,neuraltextures,resize075_then_h264_crf30,-2.071634292602539,0.11188454176450074
f3net_deepfakebench,external,1,official,319,neuraltextures_faces_c23/479_706,ffpp_test:44,1,neuraltextures,resize075_then_h264_crf30,0.9102306365966797,0.7130473558151079
f3net_deepfakebench,external,1,official,320,original_faces_c23/186,ffpp_test:17,0,real,resize075_then_h264_crf30,-1.2283973693847656,0.22646204665598044
f3net_deepfakebench,external,1,official,321,original_faces_c23/170,ffpp_test:17,0,real,resize075_then_h264_crf30,-2.2771549224853516,0.09303273626575845
f3net_deepfakebench,external,1,official,322,deepfakes_faces_c23/186_170,ffpp_test:17,1,deepfakes,resize075_then_h264_crf30,-1.455780029296875,0.18911360741092156
f3net_deepfakebench,external,1,official,323,deepfakes_faces_c23/170_186,ffpp_test:17,1,deepfakes,resize075_then_h264_crf30,4.522216796875,0.9892518658771412
f3net_deepfakebench,external,1,official,324,face2face_faces_c23/186_170,ffpp_test:17,1,face2face,resize075_then_h264_crf30,-0.6732268333435059,0.33777467580632864
f3net_deepfakebench,external,1,official,325,face2face_faces_c23/170_186,ffpp_test:17,1,face2face,resize075_then_h264_crf30,3.3882904052734375,0.9673365705685989
f3net_deepfakebench,external,1,official,326,faceswap_faces_c23/186_170,ffpp_test:17,1,faceswap,resize075_then_h264_crf30,1.5250449180603027,0.8212801694666364
f3net_deepfakebench,external,1,official,327,faceswap_faces_c23/170_186,ffpp_test:17,1,faceswap,resize075_then_h264_crf30,0.4428062438964844,0.6089274989722299
f3net_deepfakebench,external,1,official,328,neuraltextures_faces_c23/186_170,ffpp_test:17,1,neuraltextures,resize075_then_h264_crf30,-2.6551513671875,0.06567221672571699
f3net_deepfakebench,external,1,official,329,neuraltextures_faces_c23/170_186,ffpp_test:17,1,neuraltextures,resize075_then_h264_crf30,-0.49175286293029785,0.3794807249666261
f3net_deepfakebench,external,1,official,330,original_faces_c23/176,ffpp_test:18,0,real,resize075_then_h264_crf30,-1.7397823333740234,0.14934058434752925
f3net_deepfakebench,external,1,official,331,original_faces_c23/190,ffpp_test:18,0,real,resize075_then_h264_crf30,-0.6070518493652344,0.35273200389362674
f3net_deepfakebench,external,1,official,332,deepfakes_faces_c23/176_190,ffpp_test:18,1,deepfakes,resize075_then_h264_crf30,6.6754150390625,0.9987400406152498
f3net_deepfakebench,external,1,official,333,deepfakes_faces_c23/190_176,ffpp_test:18,1,deepfakes,resize075_then_h264_crf30,0.9920225143432617,0.7294872216564207
f3net_deepfakebench,external,1,official,334,face2face_faces_c23/176_190,ffpp_test:18,1,face2face,resize075_then_h264_crf30,5.0872802734375,0.9938631032404754
f3net_deepfakebench,external,1,official,335,face2face_faces_c23/190_176,ffpp_test:18,1,face2face,resize075_then_h264_crf30,5.575439453125,0.9962244986594709
f3net_deepfakebench,external,1,official,336,faceswap_faces_c23/176_190,ffpp_test:18,1,faceswap,resize075_then_h264_crf30,5.453094482421875,0.9957352357145564
f3net_deepfakebench,external,1,official,337,faceswap_faces_c23/190_176,ffpp_test:18,1,faceswap,resize075_then_h264_crf30,0.44183921813964844,0.6086971922454899
f3net_deepfakebench,external,1,official,338,neuraltextures_faces_c23/176_190,ffpp_test:18,1,neuraltextures,resize075_then_h264_crf30,-1.2543692588806152,0.22194471566607618
f3net_deepfakebench,external,1,official,339,neuraltextures_faces_c23/190_176,ffpp_test:18,1,neuraltextures,resize075_then_h264_crf30,0.07036066055297852,0.5175829118733534
f3net_deepfakebench,external,1,official,340,original_faces_c23/380,ffpp_test:29,0,real,resize075_then_h264_crf30,-1.6237831115722656,0.16468379347139786
f3net_deepfakebench,external,1,official,341,original_faces_c23/358,ffpp_test:29,0,real,resize075_then_h264_crf30,0.7113580703735352,0.6707011742423173
f3net_deepfakebench,external,1,official,342,deepfakes_faces_c23/380_358,ffpp_test:29,1,deepfakes,resize075_then_h264_crf30,5.363193511962891,0.9953359377582603
f3net_deepfakebench,external,1,official,343,deepfakes_faces_c23/358_380,ffpp_test:29,1,deepfakes,resize075_then_h264_crf30,2.463573455810547,0.9215484022518287
f3net_deepfakebench,external,1,official,344,face2face_faces_c23/380_358,ffpp_test:29,1,face2face,resize075_then_h264_crf30,1.5167694091796875,0.8200622669563364
f3net_deepfakebench,external,1,official,345,face2face_faces_c23/358_380,ffpp_test:29,1,face2face,resize075_then_h264_crf30,3.834686279296875,0.9788489187045446
f3net_deepfakebench,external,1,official,346,faceswap_faces_c23/380_358,ffpp_test:29,1,faceswap,resize075_then_h264_crf30,2.3436636924743652,0.9124292645697176
f3net_deepfakebench,external,1,official,347,faceswap_faces_c23/358_380,ffpp_test:29,1,faceswap,resize075_then_h264_crf30,1.391983985900879,0.8009087863174241
f3net_deepfakebench,external,1,official,348,neuraltextures_faces_c23/380_358,ffpp_test:29,1,neuraltextures,resize075_then_h264_crf30,1.3022041320800781,0.7862057011531128
f3net_deepfakebench,external,1,official,349,neuraltextures_faces_c23/358_380,ffpp_test:29,1,neuraltextures,resize075_then_h264_crf30,0.9623527526855469,0.7235926180384599
f3net_deepfakebench,external,1,official,350,original_faces_c23/214,ffpp_test:19,0,real,resize075_then_h264_crf30,-2.6928558349609375,0.06339623540481581
f3net_deepfakebench,external,1,official,351,original_faces_c23/255,ffpp_test:19,0,real,resize075_then_h264_crf30,-1.8770160675048828,0.1327319902938405
f3net_deepfakebench,external,1,official,352,deepfakes_faces_c23/214_255,ffpp_test:19,1,deepfakes,resize075_then_h264_crf30,5.8711700439453125,0.9971883552561913
f3net_deepfakebench,external,1,official,353,deepfakes_faces_c23/255_214,ffpp_test:19,1,deepfakes,resize075_then_h264_crf30,0.4323921203613281,0.6064447397826941
f3net_deepfakebench,external,1,official,354,face2face_faces_c23/214_255,ffpp_test:19,1,face2face,resize075_then_h264_crf30,1.917196273803711,0.8718254554519373
f3net_deepfakebench,external,1,official,355,face2face_faces_c23/255_214,ffpp_test:19,1,face2face,resize075_then_h264_crf30,3.8941650390625,0.9800459052363991
f3net_deepfakebench,external,1,official,356,faceswap_faces_c23/214_255,ffpp_test:19,1,faceswap,resize075_then_h264_crf30,4.15875244140625,0.9846134055350556
f3net_deepfakebench,external,1,official,357,faceswap_faces_c23/255_214,ffpp_test:19,1,faceswap,resize075_then_h264_crf30,4.087066650390625,0.9834887892669403
f3net_deepfakebench,external,1,official,358,neuraltextures_faces_c23/214_255,ffpp_test:19,1,neuraltextures,resize075_then_h264_crf30,-0.6179742813110352,0.3502423095975641
f3net_deepfakebench,external,1,official,359,neuraltextures_faces_c23/255_214,ffpp_test:19,1,neuraltextures,resize075_then_h264_crf30,-0.17806100845336914,0.45560199185693784
f3net_deepfakebench,external,1,official,360,original_faces_c23/454,ffpp_test:42,0,real,resize075_then_h264_crf30,0.8753581047058105,0.7058593837021562
f3net_deepfakebench,external,1,official,361,original_faces_c23/527,ffpp_test:42,0,real,resize075_then_h264_crf30,-3.17498779296875,0.04011790202933214
f3net_deepfakebench,external,1,official,362,deepfakes_faces_c23/454_527,ffpp_test:42,1,deepfakes,resize075_then_h264_crf30,6.792724609375,0.9988793494211593
f3net_deepfakebench,external,1,official,363,deepfakes_faces_c23/527_454,ffpp_test:42,1,deepfakes,resize075_then_h264_crf30,5.0157470703125,0.993411027403362
f3net_deepfakebench,external,1,official,364,face2face_faces_c23/454_527,ffpp_test:42,1,face2face,resize075_then_h264_crf30,5.40435791015625,0.9955231910309461
f3net_deepfakebench,external,1,official,365,face2face_faces_c23/527_454,ffpp_test:42,1,face2face,resize075_then_h264_crf30,0.31911468505859375,0.579108478974344
f3net_deepfakebench,external,1,official,366,faceswap_faces_c23/454_527,ffpp_test:42,1,faceswap,resize075_then_h264_crf30,4.84307861328125,0.9921789030197042
f3net_deepfakebench,external,1,official,367,faceswap_faces_c23/527_454,ffpp_test:42,1,faceswap,resize075_then_h264_crf30,4.2755126953125,0.9862857772367566
f3net_deepfakebench,external,1,official,368,neuraltextures_faces_c23/454_527,ffpp_test:42,1,neuraltextures,resize075_then_h264_crf30,-0.06288909912109375,0.48428290502165405
f3net_deepfakebench,external,1,official,369,neuraltextures_faces_c23/527_454,ffpp_test:42,1,neuraltextures,resize075_then_h264_crf30,-1.1894822120666504,0.2333515545215139
f3net_deepfakebench,external,1,official,370,original_faces_c23/425,ffpp_test:39,0,real,resize075_then_h264_crf30,-1.540252685546875,0.1764985447390683
f3net_deepfakebench,external,1,official,371,original_faces_c23/485,ffpp_test:39,0,real,resize075_then_h264_crf30,-3.1214599609375,0.04223068095477442
f3net_deepfakebench,external,1,official,372,deepfakes_faces_c23/425_485,ffpp_test:39,1,deepfakes,resize075_then_h264_crf30,1.7692079544067383,0.8543591448078394
f3net_deepfakebench,external,1,official,373,deepfakes_faces_c23/485_425,ffpp_test:39,1,deepfakes,resize075_then_h264_crf30,1.8340473175048828,0.8622431719286108
f3net_deepfakebench,external,1,official,374,face2face_faces_c23/425_485,ffpp_test:39,1,face2face,resize075_then_h264_crf30,-0.9378643035888672,0.2813319451024425
f3net_deepfakebench,external,1,official,375,face2face_faces_c23/485_425,ffpp_test:39,1,face2face,resize075_then_h264_crf30,-0.7701148986816406,0.31645425189561466
f3net_deepfakebench,external,1,official,376,faceswap_faces_c23/425_485,ffpp_test:39,1,faceswap,resize075_then_h264_crf30,2.19805908203125,0.9000750803562316
f3net_deepfakebench,external,1,official,377,faceswap_faces_c23/485_425,ffpp_test:39,1,faceswap,resize075_then_h264_crf30,5.3274078369140625,0.9951668300603752
f3net_deepfakebench,external,1,official,378,neuraltextures_faces_c23/425_485,ffpp_test:39,1,neuraltextures,resize075_then_h264_crf30,0.18822848796844482,0.5469186764731344
f3net_deepfakebench,external,1,official,379,neuraltextures_faces_c23/485_425,ffpp_test:39,1,neuraltextures,resize075_then_h264_crf30,-0.8203620910644531,0.30568680341537124
f3net_deepfakebench,external,1,official,380,original_faces_c23/388,ffpp_test:26,0,real,resize075_then_h264_crf30,0.6218457221984863,0.6506382127958797
f3net_deepfakebench,external,1,official,381,original_faces_c23/308,ffpp_test:26,0,real,resize075_then_h264_crf30,-0.5138349533081055,0.3742949541350639
f3net_deepfakebench,external,1,official,382,deepfakes_faces_c23/388_308,ffpp_test:26,1,deepfakes,resize075_then_h264_crf30,-0.3037109375,0.4246505652505345
f3net_deepfakebench,external,1,official,383,deepfakes_faces_c23/308_388,ffpp_test:26,1,deepfakes,resize075_then_h264_crf30,4.6435546875,0.9904682991665604
f3net_deepfakebench,external,1,official,384,face2face_faces_c23/388_308,ffpp_test:26,1,face2face,resize075_then_h264_crf30,3.6212902069091797,0.9739486808447528
f3net_deepfakebench,external,1,official,385,face2face_faces_c23/308_388,ffpp_test:26,1,face2face,resize075_then_h264_crf30,1.7727890014648438,0.8548041678488152
f3net_deepfakebench,external,1,official,386,faceswap_faces_c23/388_308,ffpp_test:26,1,faceswap,resize075_then_h264_crf30,4.58038330078125,0.9898530497060478
f3net_deepfakebench,external,1,official,387,faceswap_faces_c23/308_388,ffpp_test:26,1,faceswap,resize075_then_h264_crf30,3.0145530700683594,0.9532272725476526
f3net_deepfakebench,external,1,official,388,neuraltextures_faces_c23/388_308,ffpp_test:26,1,neuraltextures,resize075_then_h264_crf30,4.697601318359375,0.9909652509286566
f3net_deepfakebench,external,1,official,389,neuraltextures_faces_c23/308_388,ffpp_test:26,1,neuraltextures,resize075_then_h264_crf30,-0.40665698051452637,0.3997139847457006
f3net_deepfakebench,external,1,official,390,original_faces_c23/384,ffpp_test:32,0,real,resize075_then_h264_crf30,-2.724700927734375,0.06153144945684633
f3net_deepfakebench,external,1,official,391,original_faces_c23/932,ffpp_test:32,0,real,resize075_then_h264_crf30,-0.09423637390136719,0.4764583257550315
f3net_deepfakebench,external,1,official,392,deepfakes_faces_c23/384_932,ffpp_test:32,1,deepfakes,resize075_then_h264_crf30,6.3902587890625,0.9983249884279374
f3net_deepfakebench,external,1,official,393,deepfakes_faces_c23/932_384,ffpp_test:32,1,deepfakes,resize075_then_h264_crf30,3.9765167236328125,0.9815942825897918
f3net_deepfakebench,external,1,official,394,face2face_faces_c23/384_932,ffpp_test:32,1,face2face,resize075_then_h264_crf30,2.326322555541992,0.9110337253682579
f3net_deepfakebench,external,1,official,395,face2face_faces_c23/932_384,ffpp_test:32,1,face2face,resize075_then_h264_crf30,1.0197601318359375,0.7349258734225911
f3net_deepfakebench,external,1,official,396,faceswap_faces_c23/384_932,ffpp_test:32,1,faceswap,resize075_then_h264_crf30,6.5611572265625,0.9985877491157251
f3net_deepfakebench,external,1,official,397,faceswap_faces_c23/932_384,ffpp_test:32,1,faceswap,resize075_then_h264_crf30,4.3793134689331055,0.9876211948351511
f3net_deepfakebench,external,1,official,398,neuraltextures_faces_c23/384_932,ffpp_test:32,1,neuraltextures,resize075_then_h264_crf30,0.025976181030273438,0.5064936801209695
f3net_deepfakebench,external,1,official,399,neuraltextures_faces_c23/932_384,ffpp_test:32,1,neuraltextures,resize075_then_h264_crf30,1.074530839920044,0.7454576009879199
f3net_deepfakebench,external,1,official,400,original_faces_c23/035,ffpp_test:5,0,real,resize075_then_h264_crf30,-0.9313850402832031,0.2826438043634387
f3net_deepfakebench,external,1,official,401,original_faces_c23/036,ffpp_test:5,0,real,resize075_then_h264_crf30,-1.5276603698730469,0.17833625952449886
f3net_deepfakebench,external,1,official,402,deepfakes_faces_c23/035_036,ffpp_test:5,1,deepfakes,resize075_then_h264_crf30,4.637847900390625,0.9904142711820733
f3net_deepfakebench,external,1,official,403,deepfakes_faces_c23/036_035,ffpp_test:5,1,deepfakes,resize075_then_h264_crf30,0.5412139892578125,0.6320947773603005
f3net_deepfakebench,external,1,official,404,face2face_faces_c23/035_036,ffpp_test:5,1,face2face,resize075_then_h264_crf30,-0.03270721435546875,0.4918239252692212
f3net_deepfakebench,external,1,official,405,face2face_faces_c23/036_035,ffpp_test:5,1,face2face,resize075_then_h264_crf30,3.4013442993164062,0.9677465215679052
f3net_deepfakebench,external,1,official,406,faceswap_faces_c23/035_036,ffpp_test:5,1,faceswap,resize075_then_h264_crf30,1.0031452178955078,0.7316765164178326
f3net_deepfakebench,external,1,official,407,faceswap_faces_c23/036_035,ffpp_test:5,1,faceswap,resize075_then_h264_crf30,-1.7023468017578125,0.15415900777205319
f3net_deepfakebench,external,1,official,408,neuraltextures_faces_c23/035_036,ffpp_test:5,1,neuraltextures,resize075_then_h264_crf30,-3.3201370239257812,0.03488679468236709
f3net_deepfakebench,external,1,official,409,neuraltextures_faces_c23/036_035,ffpp_test:5,1,neuraltextures,resize075_then_h264_crf30,0.38266944885253906,0.5945167798574547
f3net_deepfakebench,external,1,official,410,original_faces_c23/257,ffpp_test:23,0,real,resize075_then_h264_crf30,2.0536270141601562,0.8863135956095756
f3net_deepfakebench,external,1,official,411,original_faces_c23/420,ffpp_test:23,0,real,resize075_then_h264_crf30,-0.3653678894042969,0.4096607751727542
f3net_deepfakebench,external,1,official,412,deepfakes_faces_c23/257_420,ffpp_test:23,1,deepfakes,resize075_then_h264_crf30,2.65460205078125,0.9342940695193038
f3net_deepfakebench,external,1,official,413,deepfakes_faces_c23/420_257,ffpp_test:23,1,deepfakes,resize075_then_h264_crf30,2.5225486755371094,0.9257075254475708
f3net_deepfakebench,external,1,official,414,face2face_faces_c23/257_420,ffpp_test:23,1,face2face,resize075_then_h264_crf30,1.8772201538085938,0.8672915011787182
f3net_deepfakebench,external,1,official,415,face2face_faces_c23/420_257,ffpp_test:23,1,face2face,resize075_then_h264_crf30,1.038555383682251,0.7385711702283342
f3net_deepfakebench,external,1,official,416,faceswap_faces_c23/257_420,ffpp_test:23,1,faceswap,resize075_then_h264_crf30,3.9259700775146484,0.9806584779827008
f3net_deepfakebench,external,1,official,417,faceswap_faces_c23/420_257,ffpp_test:23,1,faceswap,resize075_then_h264_crf30,2.806964874267578,0.9430510344178059
f3net_deepfakebench,external,1,official,418,neuraltextures_faces_c23/257_420,ffpp_test:23,1,neuraltextures,resize075_then_h264_crf30,1.4594612121582031,0.8114502547584358
f3net_deepfakebench,external,1,official,419,neuraltextures_faces_c23/420_257,ffpp_test:23,1,neuraltextures,resize075_then_h264_crf30,-0.30092620849609375,0.425331079449675
f3net_deepfakebench,external,1,official,420,original_faces_c23/924,ffpp_test:67,0,real,resize075_then_h264_crf30,-2.48543381690979,0.07688565328564229
f3net_deepfakebench,external,1,official,421,original_faces_c23/917,ffpp_test:67,0,real,resize075_then_h264_crf30,-1.93109130859375,0.1266298379656216
f3net_deepfakebench,external,1,official,422,deepfakes_faces_c23/924_917,ffpp_test:67,1,deepfakes,resize075_then_h264_crf30,5.474609375,0.9958256327092299
f3net_deepfakebench,external,1,official,423,deepfakes_faces_c23/917_924,ffpp_test:67,1,deepfakes,resize075_then_h264_crf30,5.841753959655762,0.9971046622179798
f3net_deepfakebench,external,1,official,424,face2face_faces_c23/924_917,ffpp_test:67,1,face2face,resize075_then_h264_crf30,4.9879150390625,0.9932263267238451
f3net_deepfakebench,external,1,official,425,face2face_faces_c23/917_924,ffpp_test:67,1,face2face,resize075_then_h264_crf30,1.9806194305419922,0.878747178274435
f3net_deepfakebench,external,1,official,426,faceswap_faces_c23/924_917,ffpp_test:67,1,faceswap,resize075_then_h264_crf30,4.7402191162109375,0.9913389377601045
f3net_deepfakebench,external,1,official,427,faceswap_faces_c23/917_924,ffpp_test:67,1,faceswap,resize075_then_h264_crf30,2.2351417541503906,0.9033611648708352
f3net_deepfakebench,external,1,official,428,neuraltextures_faces_c23/924_917,ffpp_test:67,1,neuraltextures,resize075_then_h264_crf30,3.367717742919922,0.9666802589625412
f3net_deepfakebench,external,1,official,429,neuraltextures_faces_c23/917_924,ffpp_test:67,1,neuraltextures,resize075_then_h264_crf30,2.6418304443359375,0.9335056754826474
f3net_deepfakebench,external,1,official,430,original_faces_c23/114,ffpp_test:9,0,real,resize075_then_h264_crf30,-0.9083404541015625,0.28733955167489444
f3net_deepfakebench,external,1,official,431,original_faces_c23/102,ffpp_test:9,0,real,resize075_then_h264_crf30,-2.7802982330322266,0.058398154201208655
f3net_deepfakebench,external,1,official,432,deepfakes_faces_c23/114_102,ffpp_test:9,1,deepfakes,resize075_then_h264_crf30,0.271148681640625,0.5673748828709808
f3net_deepfakebench,external,1,official,433,deepfakes_faces_c23/102_114,ffpp_test:9,1,deepfakes,resize075_then_h264_crf30,5.144989013671875,0.9942052366030746
f3net_deepfakebench,external,1,official,434,face2face_faces_c23/114_102,ffpp_test:9,1,face2face,resize075_then_h264_crf30,4.868896484375,0.9923767231349498
f3net_deepfakebench,external,1,official,435,face2face_faces_c23/102_114,ffpp_test:9,1,face2face,resize075_then_h264_crf30,0.3939371109008789,0.5972301182264704
f3net_deepfakebench,external,1,official,436,faceswap_faces_c23/114_102,ffpp_test:9,1,faceswap,resize075_then_h264_crf30,3.4452133178710938,0.9690880704832634
f3net_deepfakebench,external,1,official,437,faceswap_faces_c23/102_114,ffpp_test:9,1,faceswap,resize075_then_h264_crf30,1.203688621520996,0.7691803187193376
f3net_deepfakebench,external,1,official,438,neuraltextures_faces_c23/114_102,ffpp_test:9,1,neuraltextures,resize075_then_h264_crf30,0.8987712860107422,0.7106969360899631
f3net_deepfakebench,external,1,official,439,neuraltextures_faces_c23/102_114,ffpp_test:9,1,neuraltextures,resize075_then_h264_crf30,-0.48914194107055664,0.38009572523454577
f3net_deepfakebench,external,1,official,440,original_faces_c23/732,ffpp_test:56,0,real,resize075_then_h264_crf30,-3.4528045654296875,0.030685331200578623
f3net_deepfakebench,external,1,official,441,original_faces_c23/691,ffpp_test:56,0,real,resize075_then_h264_crf30,-1.5014686584472656,0.18220658076587912
f3net_deepfakebench,external,1,official,442,deepfakes_faces_c23/732_691,ffpp_test:56,1,deepfakes,resize075_then_h264_crf30,0.48189830780029297,0.6181960322056091
f3net_deepfakebench,external,1,official,443,deepfakes_faces_c23/691_732,ffpp_test:56,1,deepfakes,resize075_then_h264_crf30,5.607391357421875,0.9963427920187533
f3net_deepfakebench,external,1,official,444,face2face_faces_c23/732_691,ffpp_test:56,1,face2face,resize075_then_h264_crf30,4.01397705078125,0.9822590065318194
f3net_deepfakebench,external,1,official,445,face2face_faces_c23/691_732,ffpp_test:56,1,face2face,resize075_then_h264_crf30,0.767493486404419,0.6829784352652842
f3net_deepfakebench,external,1,official,446,faceswap_faces_c23/732_691,ffpp_test:56,1,faceswap,resize075_then_h264_crf30,3.0475692749023438,0.9546774690938523
f3net_deepfakebench,external,1,official,447,faceswap_faces_c23/691_732,ffpp_test:56,1,faceswap,resize075_then_h264_crf30,3.467012405395508,0.9697344569338289
f3net_deepfakebench,external,1,official,448,neuraltextures_faces_c23/732_691,ffpp_test:56,1,neuraltextures,resize075_then_h264_crf30,-2.026010513305664,0.1164989198237569
f3net_deepfakebench,external,1,official,449,neuraltextures_faces_c23/691_732,ffpp_test:56,1,neuraltextures,resize075_then_h264_crf30,1.2222766876220703,0.7724639559727078
f3net_deepfakebench,external,1,official,450,original_faces_c23/550,ffpp_test:41,0,real,resize075_then_h264_crf30,-0.4993457794189453,0.37769442537607995
f3net_deepfakebench,external,1,official,451,original_faces_c23/452,ffpp_test:41,0,real,resize075_then_h264_crf30,1.5798063278198242,0.8291770875253317
f3net_deepfakebench,external,1,official,452,deepfakes_faces_c23/550_452,ffpp_test:41,1,deepfakes,resize075_then_h264_crf30,4.8240966796875,0.9920302199847008
f3net_deepfakebench,external,1,official,453,deepfakes_faces_c23/452_550,ffpp_test:41,1,deepfakes,resize075_then_h264_crf30,2.450305938720703,0.9205838206445963
f3net_deepfakebench,external,1,official,454,face2face_faces_c23/550_452,ffpp_test:41,1,face2face,resize075_then_h264_crf30,1.1879711151123047,0.7663780034208265
f3net_deepfakebench,external,1,official,455,face2face_faces_c23/452_550,ffpp_test:41,1,face2face,resize075_then_h264_crf30,4.385955810546875,0.9877021387791058
f3net_deepfakebench,external,1,official,456,faceswap_faces_c23/550_452,ffpp_test:41,1,faceswap,resize075_then_h264_crf30,3.7064552307128906,0.9760245004157185
f3net_deepfakebench,external,1,official,457,faceswap_faces_c23/452_550,ffpp_test:41,1,faceswap,resize075_then_h264_crf30,4.0316619873046875,0.9825645745993886
f3net_deepfakebench,external,1,official,458,neuraltextures_faces_c23/550_452,ffpp_test:41,1,neuraltextures,resize075_then_h264_crf30,1.1221294403076172,0.7543834920956513
f3net_deepfakebench,external,1,official,459,neuraltextures_faces_c23/452_550,ffpp_test:41,1,neuraltextures,resize075_then_h264_crf30,4.7784423828125,0.9916610361615128
f3net_deepfakebench,external,1,official,460,original_faces_c23/280,ffpp_test:22,0,real,resize075_then_h264_crf30,-0.6315622329711914,0.34715639066250137
f3net_deepfakebench,external,1,official,461,original_faces_c23/249,ffpp_test:22,0,real,resize075_then_h264_crf30,-4.55194091796875,0.01043664191879419
f3net_deepfakebench,external,1,official,462,deepfakes_faces_c23/280_249,ffpp_test:22,1,deepfakes,resize075_then_h264_crf30,-1.2357206344604492,0.22518174953857362
f3net_deepfakebench,external,1,official,463,deepfakes_faces_c23/249_280,ffpp_test:22,1,deepfakes,resize075_then_h264_crf30,5.10394287109375,0.993963900546183
f3net_deepfakebench,external,1,official,464,face2face_faces_c23/280_249,ffpp_test:22,1,face2face,resize075_then_h264_crf30,2.1780507564544678,0.8982610726419121
f3net_deepfakebench,external,1,official,465,face2face_faces_c23/249_280,ffpp_test:22,1,face2face,resize075_then_h264_crf30,3.402912139892578,0.9677954230041645
f3net_deepfakebench,external,1,official,466,faceswap_faces_c23/280_249,ffpp_test:22,1,faceswap,resize075_then_h264_crf30,0.8416709899902344,0.6988170290530308
f3net_deepfakebench,external,1,official,467,faceswap_faces_c23/249_280,ffpp_test:22,1,faceswap,resize075_then_h264_crf30,4.177581787109375,0.9848960795064226
f3net_deepfakebench,external,1,official,468,neuraltextures_faces_c23/280_249,ffpp_test:22,1,neuraltextures,resize075_then_h264_crf30,-0.8661212921142578,0.29606202086881195
f3net_deepfakebench,external,1,official,469,neuraltextures_faces_c23/249_280,ffpp_test:22,1,neuraltextures,resize075_then_h264_crf30,-1.270111083984375,0.2192382369346043
f3net_deepfakebench,external,1,official,470,original_faces_c23/842,ffpp_test:58,0,real,resize075_then_h264_crf30,-0.060834407806396484,0.48479608667797464
f3net_deepfakebench,external,1,official,471,original_faces_c23/714,ffpp_test:58,0,real,resize075_then_h264_crf30,-2.8094215393066406,0.05681717198198469
f3net_deepfakebench,external,1,official,472,deepfakes_faces_c23/842_714,ffpp_test:58,1,deepfakes,resize075_then_h264_crf30,2.9904327392578125,0.9521400336728391
f3net_deepfakebench,external,1,official,473,deepfakes_faces_c23/714_842,ffpp_test:58,1,deepfakes,resize075_then_h264_crf30,6.415618896484375,0.9983668642956784
f3net_deepfakebench,external,1,official,474,face2face_faces_c23/842_714,ffpp_test:58,1,face2face,resize075_then_h264_crf30,5.8931884765625,0.9972494182606754
f3net_deepfakebench,external,1,official,475,face2face_faces_c23/714_842,ffpp_test:58,1,face2face,resize075_then_h264_crf30,4.32708740234375,0.9869661690235527
f3net_deepfakebench,external,1,official,476,faceswap_faces_c23/842_714,ffpp_test:58,1,faceswap,resize075_then_h264_crf30,3.7312889099121094,0.9765988066306962
f3net_deepfakebench,external,1,official,477,faceswap_faces_c23/714_842,ffpp_test:58,1,faceswap,resize075_then_h264_crf30,2.181987762451172,0.8986203044867591
f3net_deepfakebench,external,1,official,478,neuraltextures_faces_c23/842_714,ffpp_test:58,1,neuraltextures,resize075_then_h264_crf30,-0.06494712829589844,0.4837689229236812
f3net_deepfakebench,external,1,official,479,neuraltextures_faces_c23/714_842,ffpp_test:58,1,neuraltextures,resize075_then_h264_crf30,-1.1918106079101562,0.23293526639569728
f3net_deepfakebench,external,1,official,480,original_faces_c23/625,ffpp_test:52,0,real,resize075_then_h264_crf30,-0.6501336097717285,0.3429594293014474
f3net_deepfakebench,external,1,official,481,original_faces_c23/650,ffpp_test:52,0,real,resize075_then_h264_crf30,-2.015012741088867,0.11763566962522229
f3net_deepfakebench,external,1,official,482,deepfakes_faces_c23/625_650,ffpp_test:52,1,deepfakes,resize075_then_h264_crf30,6.1458740234375,0.9978622769989745
f3net_deepfakebench,external,1,official,483,deepfakes_faces_c23/650_625,ffpp_test:52,1,deepfakes,resize075_then_h264_crf30,5.83380126953125,0.9970816121582801
f3net_deepfakebench,external,1,official,484,face2face_faces_c23/625_650,ffpp_test:52,1,face2face,resize075_then_h264_crf30,0.9036703109741211,0.7117031682863185
f3net_deepfakebench,external,1,official,485,face2face_faces_c23/650_625,ffpp_test:52,1,face2face,resize075_then_h264_crf30,1.8705101013183594,0.8665172894064809
f3net_deepfakebench,external,1,official,486,faceswap_faces_c23/625_650,ffpp_test:52,1,faceswap,resize075_then_h264_crf30,3.7824668884277344,0.9777403144567677
f3net_deepfakebench,external,1,official,487,faceswap_faces_c23/650_625,ffpp_test:52,1,faceswap,resize075_then_h264_crf30,4.422032833099365,0.988132729916313
f3net_deepfakebench,external,1,official,488,neuraltextures_faces_c23/625_650,ffpp_test:52,1,neuraltextures,resize075_then_h264_crf30,1.9762921333312988,0.8782853460686931
f3net_deepfakebench,external,1,official,489,neuraltextures_faces_c23/650_625,ffpp_test:52,1,neuraltextures,resize075_then_h264_crf30,-1.8944282531738281,0.13074038681341774
f3net_deepfakebench,external,1,official,490,original_faces_c23/024,ffpp_test:3,0,real,resize075_then_h264_crf30,-0.7064743041992188,0.33037835759341155
f3net_deepfakebench,external,1,official,491,original_faces_c23/073,ffpp_test:3,0,real,resize075_then_h264_crf30,-2.1161270141601562,0.10753921388741783
f3net_deepfakebench,external,1,official,492,deepfakes_faces_c23/024_073,ffpp_test:3,1,deepfakes,resize075_then_h264_crf30,1.0344886779785156,0.7377851937807037
f3net_deepfakebench,external,1,official,493,deepfakes_faces_c23/073_024,ffpp_test:3,1,deepfakes,resize075_then_h264_crf30,2.1331405639648438,0.8940827841307962
f3net_deepfakebench,external,1,official,494,face2face_faces_c23/024_073,ffpp_test:3,1,face2face,resize075_then_h264_crf30,1.2343177795410156,0.7745733930889226
f3net_deepfakebench,external,1,official,495,face2face_faces_c23/073_024,ffpp_test:3,1,face2face,resize075_then_h264_crf30,1.852752685546875,0.8644499759719366
f3net_deepfakebench,external,1,official,496,faceswap_faces_c23/024_073,ffpp_test:3,1,faceswap,resize075_then_h264_crf30,4.171125411987305,0.9847997345227522
f3net_deepfakebench,external,1,official,497,faceswap_faces_c23/073_024,ffpp_test:3,1,faceswap,resize075_then_h264_crf30,4.198566436767578,0.9852050871834513
f3net_deepfakebench,external,1,official,498,neuraltextures_faces_c23/024_073,ffpp_test:3,1,neuraltextures,resize075_then_h264_crf30,2.7915267944335938,0.9422162269006719
f3net_deepfakebench,external,1,official,499,neuraltextures_faces_c23/073_024,ffpp_test:3,1,neuraltextures,resize075_then_h264_crf30,0.3181476593017578,0.5788727563143741
f3net_deepfakebench,external,1,official,500,original_faces_c23/044,ffpp_test:6,0,real,resize075_then_h264_crf30,-1.4043443202972412,0.19712763831938904
f3net_deepfakebench,external,1,official,501,original_faces_c23/945,ffpp_test:6,0,real,resize075_then_h264_crf30,1.6263046264648438,0.8356627805731153
f3net_deepfakebench,external,1,official,502,deepfakes_faces_c23/044_945,ffpp_test:6,1,deepfakes,resize075_then_h264_crf30,4.7511444091796875,0.9914322410703009
f3net_deepfakebench,external,1,official,503,deepfakes_faces_c23/945_044,ffpp_test:6,1,deepfakes,resize075_then_h264_crf30,6.588134765625,0.998625287175017
f3net_deepfakebench,external,1,official,504,face2face_faces_c23/044_945,ffpp_test:6,1,face2face,resize075_then_h264_crf30,2.7379112243652344,0.939226979407179
f3net_deepfakebench,external,1,official,505,face2face_faces_c23/945_044,ffpp_test:6,1,face2face,resize075_then_h264_crf30,5.3419189453125,0.9952361265998817
f3net_deepfakebench,external,1,official,506,faceswap_faces_c23/044_945,ffpp_test:6,1,faceswap,resize075_then_h264_crf30,5.20098876953125,0.994519093387244
f3net_deepfakebench,external,1,official,507,faceswap_faces_c23/945_044,ffpp_test:6,1,faceswap,resize075_then_h264_crf30,3.53759765625,0.9717388123960805
f3net_deepfakebench,external,1,official,508,neuraltextures_faces_c23/044_945,ffpp_test:6,1,neuraltextures,resize075_then_h264_crf30,-0.4100227355957031,0.3989066695948128
f3net_deepfakebench,external,1,official,509,neuraltextures_faces_c23/945_044,ffpp_test:6,1,neuraltextures,resize075_then_h264_crf30,2.835052490234375,0.9445408640146561
f3net_deepfakebench,external,1,official,510,original_faces_c23/896,ffpp_test:10,0,real,resize075_then_h264_crf30,3.234011650085449,0.9620943246468967
f3net_deepfakebench,external,1,official,511,original_faces_c23/128,ffpp_test:10,0,real,resize075_then_h264_crf30,-2.487548828125,0.0767356762208588
f3net_deepfakebench,external,1,official,512,deepfakes_faces_c23/896_128,ffpp_test:10,1,deepfakes,resize075_then_h264_crf30,4.709873199462891,0.9910744632001408
f3net_deepfakebench,external,1,official,513,deepfakes_faces_c23/128_896,ffpp_test:10,1,deepfakes,resize075_then_h264_crf30,5.372676849365234,0.995379756175918
f3net_deepfakebench,external,1,official,514,face2face_faces_c23/896_128,ffpp_test:10,1,face2face,resize075_then_h264_crf30,6.35552978515625,0.998265897677371
f3net_deepfakebench,external,1,official,515,face2face_faces_c23/128_896,ffpp_test:10,1,face2face,resize075_then_h264_crf30,1.7290639877319336,0.8492926548647974
f3net_deepfakebench,external,1,official,516,faceswap_faces_c23/896_128,ffpp_test:10,1,faceswap,resize075_then_h264_crf30,5.9664154052734375,0.997443140519726
f3net_deepfakebench,external,1,official,517,faceswap_faces_c23/128_896,ffpp_test:10,1,faceswap,resize075_then_h264_crf30,4.637929916381836,0.9904150497976685
f3net_deepfakebench,external,1,official,518,neuraltextures_faces_c23/896_128,ffpp_test:10,1,neuraltextures,resize075_then_h264_crf30,4.971778869628906,0.9931168974044993
f3net_deepfakebench,external,1,official,519,neuraltextures_faces_c23/128_896,ffpp_test:10,1,neuraltextures,resize075_then_h264_crf30,0.39296960830688477,0.5969973671764419
f3net_deepfakebench,external,1,official,520,original_faces_c23/862,ffpp_test:7,0,real,resize075_then_h264_crf30,-1.9286651611328125,0.12689840021551102
f3net_deepfakebench,external,1,official,521,original_faces_c23/047,ffpp_test:7,0,real,resize075_then_h264_crf30,0.32256317138671875,0.5799487893334699
f3net_deepfakebench,external,1,official,522,deepfakes_faces_c23/862_047,ffpp_test:7,1,deepfakes,resize075_then_h264_crf30,6.69464111328125,0.9987640036513323
f3net_deepfakebench,external,1,official,523,deepfakes_faces_c23/047_862,ffpp_test:7,1,deepfakes,resize075_then_h264_crf30,3.3175506591796875,0.9650260183432263
f3net_deepfakebench,external,1,official,524,face2face_faces_c23/862_047,ffpp_test:7,1,face2face,resize075_then_h264_crf30,1.8577651977539062,0.8650362509395958
f3net_deepfakebench,external,1,official,525,face2face_faces_c23/047_862,ffpp_test:7,1,face2face,resize075_then_h264_crf30,4.007071495056152,0.9821382669719917
f3net_deepfakebench,external,1,official,526,faceswap_faces_c23/862_047,ffpp_test:7,1,faceswap,resize075_then_h264_crf30,4.229988098144531,0.9856561756681114
f3net_deepfakebench,external,1,official,527,faceswap_faces_c23/047_862,ffpp_test:7,1,faceswap,resize075_then_h264_crf30,7.3612060546875,0.9993649718850361
f3net_deepfakebench,external,1,official,528,neuraltextures_faces_c23/862_047,ffpp_test:7,1,neuraltextures,resize075_then_h264_crf30,1.46181058883667,0.8118094434386457
f3net_deepfakebench,external,1,official,529,neuraltextures_faces_c23/047_862,ffpp_test:7,1,neuraltextures,resize075_then_h264_crf30,2.180452823638916,0.8984803831324528
f3net_deepfakebench,external,1,official,530,original_faces_c23/607,ffpp_test:49,0,real,resize075_then_h264_crf30,-1.464073657989502,0.18784506040905322
f3net_deepfakebench,external,1,official,531,original_faces_c23/683,ffpp_test:49,0,real,resize075_then_h264_crf30,-0.9350433349609375,0.28190265228389205
f3net_deepfakebench,external,1,official,532,deepfakes_faces_c23/607_683,ffpp_test:49,1,deepfakes,resize075_then_h264_crf30,4.2103424072265625,0.985375756866068
f3net_deepfakebench,external,1,official,533,deepfakes_faces_c23/683_607,ffpp_test:49,1,deepfakes,resize075_then_h264_crf30,6.857666015625,0.9989497392667617
f3net_deepfakebench,external,1,official,534,face2face_faces_c23/607_683,ffpp_test:49,1,face2face,resize075_then_h264_crf30,-0.19025611877441406,0.4525789273421486
f3net_deepfakebench,external,1,official,535,face2face_faces_c23/683_607,ffpp_test:49,1,face2face,resize075_then_h264_crf30,1.9780759811401367,0.8784759111063013
f3net_deepfakebench,external,1,official,536,faceswap_faces_c23/607_683,ffpp_test:49,1,faceswap,resize075_then_h264_crf30,3.05517578125,0.9550054545249141
f3net_deepfakebench,external,1,official,537,faceswap_faces_c23/683_607,ffpp_test:49,1,faceswap,resize075_then_h264_crf30,6.7581787109375,0.9988400047625168
f3net_deepfakebench,external,1,official,538,neuraltextures_faces_c23/607_683,ffpp_test:49,1,neuraltextures,resize075_then_h264_crf30,0.7605681419372559,0.6814770708414316
f3net_deepfakebench,external,1,official,539,neuraltextures_faces_c23/683_607,ffpp_test:49,1,neuraltextures,resize075_then_h264_crf30,2.9169921875,0.9486800575739395
f3net_deepfakebench,external,1,official,540,original_faces_c23/517,ffpp_test:45,0,real,resize075_then_h264_crf30,-0.7381362915039062,0.3234118198574265
f3net_deepfakebench,external,1,official,541,original_faces_c23/521,ffpp_test:45,0,real,resize075_then_h264_crf30,-0.2336559295654297,0.44185033439787424
f3net_deepfakebench,external,1,official,542,deepfakes_faces_c23/517_521,ffpp_test:45,1,deepfakes,resize075_then_h264_crf30,6.9515380859375,0.999043753458894
f3net_deepfakebench,external,1,official,543,deepfakes_faces_c23/521_517,ffpp_test:45,1,deepfakes,resize075_then_h264_crf30,3.9232254028320312,0.9806063498271231
f3net_deepfakebench,external,1,official,544,face2face_faces_c23/517_521,ffpp_test:45,1,face2face,resize075_then_h264_crf30,5.22509765625,0.9946489531867886
f3net_deepfakebench,external,1,official,545,face2face_faces_c23/521_517,ffpp_test:45,1,face2face,resize075_then_h264_crf30,2.7064056396484375,0.9374035696178126
f3net_deepfakebench,external,1,official,546,faceswap_faces_c23/517_521,ffpp_test:45,1,faceswap,resize075_then_h264_crf30,5.5420379638671875,0.9960967620990376
f3net_deepfakebench,external,1,official,547,faceswap_faces_c23/521_517,ffpp_test:45,1,faceswap,resize075_then_h264_crf30,3.9596681594848633,0.9812873976168812
f3net_deepfakebench,external,1,official,548,neuraltextures_faces_c23/517_521,ffpp_test:45,1,neuraltextures,resize075_then_h264_crf30,2.861114501953125,0.9458903700652336
f3net_deepfakebench,external,1,official,549,neuraltextures_faces_c23/521_517,ffpp_test:45,1,neuraltextures,resize075_then_h264_crf30,0.5266342163085938,0.6286977548307449
f3net_deepfakebench,external,1,official,550,original_faces_c23/682,ffpp_test:55,0,real,resize075_then_h264_crf30,-1.3914813995361328,0.19917136515951936
f3net_deepfakebench,external,1,official,551,original_faces_c23/669,ffpp_test:55,0,real,resize075_then_h264_crf30,-1.3291521072387695,0.2092996512038012
f3net_deepfakebench,external,1,official,552,deepfakes_faces_c23/682_669,ffpp_test:55,1,deepfakes,resize075_then_h264_crf30,3.249065399169922,0.962639514566196
f3net_deepfakebench,external,1,official,553,deepfakes_faces_c23/669_682,ffpp_test:55,1,deepfakes,resize075_then_h264_crf30,3.461669921875,0.969577263389257
f3net_deepfakebench,external,1,official,554,face2face_faces_c23/682_669,ffpp_test:55,1,face2face,resize075_then_h264_crf30,1.2395706176757812,0.7754892652173138
f3net_deepfakebench,external,1,official,555,face2face_faces_c23/669_682,ffpp_test:55,1,face2face,resize075_then_h264_crf30,1.3214101791381836,0.7894162279062248
f3net_deepfakebench,external,1,official,556,faceswap_faces_c23/682_669,ffpp_test:55,1,faceswap,resize075_then_h264_crf30,0.3968009948730469,0.5979188226869188
f3net_deepfakebench,external,1,official,557,faceswap_faces_c23/669_682,ffpp_test:55,1,faceswap,resize075_then_h264_crf30,4.21795654296875,0.9854850748781564
f3net_deepfakebench,external,1,official,558,neuraltextures_faces_c23/682_669,ffpp_test:55,1,neuraltextures,resize075_then_h264_crf30,1.440765380859375,0.8085731470678535
f3net_deepfakebench,external,1,official,559,neuraltextures_faces_c23/669_682,ffpp_test:55,1,neuraltextures,resize075_then_h264_crf30,1.0321615934371948,0.7373347511428556
f3net_deepfakebench,external,1,official,560,original_faces_c23/138,ffpp_test:12,0,real,resize075_then_h264_crf30,0.24694252014160156,0.561423808382318
f3net_deepfakebench,external,1,official,561,original_faces_c23/142,ffpp_test:12,0,real,resize075_then_h264_crf30,-2.096160888671875,0.10947052285070984
f3net_deepfakebench,external,1,official,562,deepfakes_faces_c23/138_142,ffpp_test:12,1,deepfakes,resize075_then_h264_crf30,2.240631103515625,0.9038393238758183
f3net_deepfakebench,external,1,official,563,deepfakes_faces_c23/142_138,ffpp_test:12,1,deepfakes,resize075_then_h264_crf30,2.4300994873046875,0.9190939309965281
f3net_deepfakebench,external,1,official,564,face2face_faces_c23/138_142,ffpp_test:12,1,face2face,resize075_then_h264_crf30,6.2344970703125,0.998043221471461
f3net_deepfakebench,external,1,official,565,face2face_faces_c23/142_138,ffpp_test:12,1,face2face,resize075_then_h264_crf30,2.4600658416748047,0.9212944372073941
f3net_deepfakebench,external,1,official,566,faceswap_faces_c23/138_142,ffpp_test:12,1,faceswap,resize075_then_h264_crf30,5.943752288818359,0.9973846857822823
f3net_deepfakebench,external,1,official,567,faceswap_faces_c23/142_138,ffpp_test:12,1,faceswap,resize075_then_h264_crf30,4.179718017578125,0.9849278247313524
f3net_deepfakebench,external,1,official,568,neuraltextures_faces_c23/138_142,ffpp_test:12,1,neuraltextures,resize075_then_h264_crf30,3.0037078857421875,0.9527413558973692
f3net_deepfakebench,external,1,official,569,neuraltextures_faces_c23/142_138,ffpp_test:12,1,neuraltextures,resize075_then_h264_crf30,-0.30047607421875,0.42544110701517446
f3net_deepfakebench,external,1,official,570,original_faces_c23/552,ffpp_test:47,0,real,resize075_then_h264_crf30,0.8429727554321289,0.6990909430231756
f3net_deepfakebench,external,1,official,571,original_faces_c23/851,ffpp_test:47,0,real,resize075_then_h264_crf30,2.746734619140625,0.9397286682495737
f3net_deepfakebench,external,1,official,572,deepfakes_faces_c23/552_851,ffpp_test:47,1,deepfakes,resize075_then_h264_crf30,3.8415985107421875,0.9789915548794936
f3net_deepfakebench,external,1,official,573,deepfakes_faces_c23/851_552,ffpp_test:47,1,deepfakes,resize075_then_h264_crf30,5.09912109375,0.9939349024866925
f3net_deepfakebench,external,1,official,574,face2face_faces_c23/552_851,ffpp_test:47,1,face2face,resize075_then_h264_crf30,1.4305071830749512,0.8069803284638213
f3net_deepfakebench,external,1,official,575,face2face_faces_c23/851_552,ffpp_test:47,1,face2face,resize075_then_h264_crf30,2.749476432800293,0.9398837739053589
f3net_deepfakebench,external,1,official,576,faceswap_faces_c23/552_851,ffpp_test:47,1,faceswap,resize075_then_h264_crf30,4.3460845947265625,0.987208300720966
f3net_deepfakebench,external,1,official,577,faceswap_faces_c23/851_552,ffpp_test:47,1,faceswap,resize075_then_h264_crf30,5.7164306640625,0.9967193598152247
f3net_deepfakebench,external,1,official,578,neuraltextures_faces_c23/552_851,ffpp_test:47,1,neuraltextures,resize075_then_h264_crf30,1.838998794555664,0.8628302535883895
f3net_deepfakebench,external,1,official,579,neuraltextures_faces_c23/851_552,ffpp_test:47,1,neuraltextures,resize075_then_h264_crf30,3.340667724609375,0.9657979056560482
f3net_deepfakebench,external,1,official,580,original_faces_c23/376,ffpp_test:31,0,real,resize075_then_h264_crf30,-2.0012989044189453,0.11906661283035766
f3net_deepfakebench,external,1,official,581,original_faces_c23/381,ffpp_test:31,0,real,resize075_then_h264_crf30,-2.292388916015625,0.0917552723937855
f3net_deepfakebench,external,1,official,582,deepfakes_faces_c23/376_381,ffpp_test:31,1,deepfakes,resize075_then_h264_crf30,4.54766845703125,0.9895191408884628
f3net_deepfakebench,external,1,official,583,deepfakes_faces_c23/381_376,ffpp_test:31,1,deepfakes,resize075_then_h264_crf30,4.7916259765625,0.9917693532431797
f3net_deepfakebench,external,1,official,584,face2face_faces_c23/376_381,ffpp_test:31,1,face2face,resize075_then_h264_crf30,2.057206153869629,0.8866737378476353
f3net_deepfakebench,external,1,official,585,face2face_faces_c23/381_376,ffpp_test:31,1,face2face,resize075_then_h264_crf30,1.920928955078125,0.8722419884293933
f3net_deepfakebench,external,1,official,586,faceswap_faces_c23/376_381,ffpp_test:31,1,faceswap,resize075_then_h264_crf30,4.171272277832031,0.9848019328329868
f3net_deepfakebench,external,1,official,587,faceswap_faces_c23/381_376,ffpp_test:31,1,faceswap,resize075_then_h264_crf30,5.155303955078125,0.994264360957311
f3net_deepfakebench,external,1,official,588,neuraltextures_faces_c23/376_381,ffpp_test:31,1,neuraltextures,resize075_then_h264_crf30,1.2028923034667969,0.7690389085501433
f3net_deepfakebench,external,1,official,589,neuraltextures_faces_c23/381_376,ffpp_test:31,1,neuraltextures,resize075_then_h264_crf30,-0.02974700927734375,0.4925637960210849
f3net_deepfakebench,external,1,official,590,original_faces_c23/000,ffpp_test:0,0,real,resize075_then_h264_crf30,1.6453933715820312,0.8382674790537781
f3net_deepfakebench,external,1,official,591,original_faces_c23/003,ffpp_test:0,0,real,resize075_then_h264_crf30,-2.1321563720703125,0.10601045377556458
f3net_deepfakebench,external,1,official,592,deepfakes_faces_c23/000_003,ffpp_test:0,1,deepfakes,resize075_then_h264_crf30,5.92364501953125,0.9973317084420937
f3net_deepfakebench,external,1,official,593,deepfakes_faces_c23/003_000,ffpp_test:0,1,deepfakes,resize075_then_h264_crf30,1.318680763244629,0.7889621361706056
f3net_deepfakebench,external,1,official,594,face2face_faces_c23/000_003,ffpp_test:0,1,face2face,resize075_then_h264_crf30,6.039306640625,0.9976224554274007
f3net_deepfakebench,external,1,official,595,face2face_faces_c23/003_000,ffpp_test:0,1,face2face,resize075_then_h264_crf30,3.302337646484375,0.964508918739218
f3net_deepfakebench,external,1,official,596,faceswap_faces_c23/000_003,ffpp_test:0,1,faceswap,resize075_then_h264_crf30,5.173828125,0.9943690381094333
f3net_deepfakebench,external,1,official,597,faceswap_faces_c23/003_000,ffpp_test:0,1,faceswap,resize075_then_h264_crf30,5.54241943359375,0.9960982449736939
f3net_deepfakebench,external,1,official,598,neuraltextures_faces_c23/000_003,ffpp_test:0,1,neuraltextures,resize075_then_h264_crf30,2.58856201171875,0.9301218125373263
f3net_deepfakebench,external,1,official,599,neuraltextures_faces_c23/003_000,ffpp_test:0,1,neuraltextures,resize075_then_h264_crf30,-0.909149169921875,0.2871739749463831
f3net_deepfakebench,external,1,official,600,original_faces_c23/048,ffpp_test:4,0,real,resize075_then_h264_crf30,-2.853179931640625,0.05451717508568773
f3net_deepfakebench,external,1,official,601,original_faces_c23/029,ffpp_test:4,0,real,resize075_then_h264_crf30,2.2174148559570312,0.9018025065998491
f3net_deepfakebench,external,1,official,602,deepfakes_faces_c23/048_029,ffpp_test:4,1,deepfakes,resize075_then_h264_crf30,7.6171875,0.9995083184477073
f3net_deepfakebench,external,1,official,603,deepfakes_faces_c23/029_048,ffpp_test:4,1,deepfakes,resize075_then_h264_crf30,3.9791793823242188,0.9816423270663506
f3net_deepfakebench,external,1,official,604,face2face_faces_c23/048_029,ffpp_test:4,1,face2face,resize075_then_h264_crf30,0.16685935854911804,0.5416183228122355
f3net_deepfakebench,external,1,official,605,face2face_faces_c23/029_048,ffpp_test:4,1,face2face,resize075_then_h264_crf30,4.02716064453125,0.9824872924137318
f3net_deepfakebench,external,1,official,606,faceswap_faces_c23/048_029,ffpp_test:4,1,faceswap,resize075_then_h264_crf30,3.3145008087158203,0.9649229373275249
f3net_deepfakebench,external,1,official,607,faceswap_faces_c23/029_048,ffpp_test:4,1,faceswap,resize075_then_h264_crf30,4.9749755859375,0.9931387148690227
f3net_deepfakebench,external,1,official,608,neuraltextures_faces_c23/048_029,ffpp_test:4,1,neuraltextures,resize075_then_h264_crf30,-0.9156723022460938,0.285840512566101
f3net_deepfakebench,external,1,official,609,neuraltextures_faces_c23/029_048,ffpp_test:4,1,neuraltextures,resize075_then_h264_crf30,4.2444610595703125,0.9858593638081937
f3net_deepfakebench,external,1,official,610,original_faces_c23/724,ffpp_test:59,0,real,resize075_then_h264_crf30,1.3663406372070312,0.7967882850334365
f3net_deepfakebench,external,1,official,611,original_faces_c23/725,ffpp_test:59,0,real,resize075_then_h264_crf30,0.582763671875,0.6417030789664785
f3net_deepfakebench,external,1,official,612,deepfakes_faces_c23/724_725,ffpp_test:59,1,deepfakes,resize075_then_h264_crf30,6.37371826171875,0.998297100024428
f3net_deepfakebench,external,1,official,613,deepfakes_faces_c23/725_724,ffpp_test:59,1,deepfakes,resize075_then_h264_crf30,6.8917236328125,0.998984870692157
f3net_deepfakebench,external,1,official,614,face2face_faces_c23/724_725,ffpp_test:59,1,face2face,resize075_then_h264_crf30,4.8662109375,0.9923563796484179
f3net_deepfakebench,external,1,official,615,face2face_faces_c23/725_724,ffpp_test:59,1,face2face,resize075_then_h264_crf30,4.060333251953125,0.983049018576288
f3net_deepfakebench,external,1,official,616,faceswap_faces_c23/724_725,ffpp_test:59,1,faceswap,resize075_then_h264_crf30,6.0972900390625,0.9977560923985571
f3net_deepfakebench,external,1,official,617,faceswap_faces_c23/725_724,ffpp_test:59,1,faceswap,resize075_then_h264_crf30,4.99285888671875,0.9932595069204044
f3net_deepfakebench,external,1,official,618,neuraltextures_faces_c23/724_725,ffpp_test:59,1,neuraltextures,resize075_then_h264_crf30,5.00567626953125,0.9933447797648379
f3net_deepfakebench,external,1,official,619,neuraltextures_faces_c23/725_724,ffpp_test:59,1,neuraltextures,resize075_then_h264_crf30,1.0517683029174805,0.741114317278458
f3net_deepfakebench,external,1,official,620,original_faces_c23/608,ffpp_test:50,0,real,resize075_then_h264_crf30,-2.492328643798828,0.07639772349167155
f3net_deepfakebench,external,1,official,621,original_faces_c23/675,ffpp_test:50,0,real,resize075_then_h264_crf30,-0.8171706199645996,0.3063645885922751
f3net_deepfakebench,external,1,official,622,deepfakes_faces_c23/608_675,ffpp_test:50,1,deepfakes,resize075_then_h264_crf30,5.3212890625,0.9951373105690418
f3net_deepfakebench,external,1,official,623,deepfakes_faces_c23/675_608,ffpp_test:50,1,deepfakes,resize075_then_h264_crf30,2.4300384521484375,0.9190893922893064
f3net_deepfakebench,external,1,official,624,face2face_faces_c23/608_675,ffpp_test:50,1,face2face,resize075_then_h264_crf30,3.794586181640625,0.9780025595046182
f3net_deepfakebench,external,1,official,625,face2face_faces_c23/675_608,ffpp_test:50,1,face2face,resize075_then_h264_crf30,2.8813552856445312,0.9469170285418004
f3net_deepfakebench,external,1,official,626,faceswap_faces_c23/608_675,ffpp_test:50,1,faceswap,resize075_then_h264_crf30,5.41473388671875,0.9955691973863089
f3net_deepfakebench,external,1,official,627,faceswap_faces_c23/675_608,ffpp_test:50,1,faceswap,resize075_then_h264_crf30,4.45550537109375,0.9885188978879398
f3net_deepfakebench,external,1,official,628,neuraltextures_faces_c23/608_675,ffpp_test:50,1,neuraltextures,resize075_then_h264_crf30,0.3090858459472656,0.5766621108287971
f3net_deepfakebench,external,1,official,629,neuraltextures_faces_c23/675_608,ffpp_test:50,1,neuraltextures,resize075_then_h264_crf30,1.8306941986083984,0.8618444048671736
f3net_deepfakebench,external,1,official,630,original_faces_c23/386,ffpp_test:14,0,real,resize075_then_h264_crf30,-1.6153221130371094,0.16585101874830874
f3net_deepfakebench,external,1,official,631,original_faces_c23/154,ffpp_test:14,0,real,resize075_then_h264_crf30,-1.7159271240234375,0.15239651996465298
f3net_deepfakebench,external,1,official,632,deepfakes_faces_c23/386_154,ffpp_test:14,1,deepfakes,resize075_then_h264_crf30,6.0076904296875,0.9975462729661814
f3net_deepfakebench,external,1,official,633,deepfakes_faces_c23/154_386,ffpp_test:14,1,deepfakes,resize075_then_h264_crf30,5.982177734375,0.9974830259714773
f3net_deepfakebench,external,1,official,634,face2face_faces_c23/386_154,ffpp_test:14,1,face2face,resize075_then_h264_crf30,1.3257865905761719,0.7901428333904439
f3net_deepfakebench,external,1,official,635,face2face_faces_c23/154_386,ffpp_test:14,1,face2face,resize075_then_h264_crf30,1.803985595703125,0.8586334068409667
f3net_deepfakebench,external,1,official,636,faceswap_faces_c23/386_154,ffpp_test:14,1,faceswap,resize075_then_h264_crf30,4.033500671386719,0.9825960459566072
f3net_deepfakebench,external,1,official,637,faceswap_faces_c23/154_386,ffpp_test:14,1,faceswap,resize075_then_h264_crf30,1.256072998046875,0.7783493555902771
f3net_deepfakebench,external,1,official,638,neuraltextures_faces_c23/386_154,ffpp_test:14,1,neuraltextures,resize075_then_h264_crf30,1.6864738464355469,0.8437598733169238
f3net_deepfakebench,external,1,official,639,neuraltextures_faces_c23/154_386,ffpp_test:14,1,neuraltextures,resize075_then_h264_crf30,-1.0131778717041016,0.26635839686678653
f3net_deepfakebench,external,1,official,640,original_faces_c23/220,ffpp_test:20,0,real,resize075_then_h264_crf30,-1.9995803833007812,0.11924698612416772
f3net_deepfakebench,external,1,official,641,original_faces_c23/219,ffpp_test:20,0,real,resize075_then_h264_crf30,-0.9463081359863281,0.27962789139710226
f3net_deepfakebench,external,1,official,642,deepfakes_faces_c23/220_219,ffpp_test:20,1,deepfakes,resize075_then_h264_crf30,1.2253150939941406,0.7729975544317367
f3net_deepfakebench,external,1,official,643,deepfakes_faces_c23/219_220,ffpp_test:20,1,deepfakes,resize075_then_h264_crf30,6.4954833984375,0.9984920324137418
f3net_deepfakebench,external,1,official,644,face2face_faces_c23/220_219,ffpp_test:20,1,face2face,resize075_then_h264_crf30,4.649238109588623,0.9905218061909373
f3net_deepfakebench,external,1,official,645,face2face_faces_c23/219_220,ffpp_test:20,1,face2face,resize075_then_h264_crf30,2.313633441925049,0.9099998781936935
f3net_deepfakebench,external,1,official,646,faceswap_faces_c23/220_219,ffpp_test:20,1,faceswap,resize075_then_h264_crf30,5.45928955078125,0.9957614629130209
f3net_deepfakebench,external,1,official,647,faceswap_faces_c23/219_220,ffpp_test:20,1,faceswap,resize075_then_h264_crf30,1.0259695053100586,0.7361337545698077
f3net_deepfakebench,external,1,official,648,neuraltextures_faces_c23/220_219,ffpp_test:20,1,neuraltextures,resize075_then_h264_crf30,4.3466796875,0.9872158134167734
f3net_deepfakebench,external,1,official,649,neuraltextures_faces_c23/219_220,ffpp_test:20,1,neuraltextures,resize075_then_h264_crf30,0.186126708984375,0.546397807331367
f3net_deepfakebench,external,1,official,650,original_faces_c23/801,ffpp_test:63,0,real,resize075_then_h264_crf30,-2.6515045166015625,0.065896339951278
f3net_deepfakebench,external,1,official,651,original_faces_c23/855,ffpp_test:63,0,real,resize075_then_h264_crf30,-2.8648757934570312,0.053917442896466494
f3net_deepfakebench,external,1,official,652,deepfakes_faces_c23/801_855,ffpp_test:63,1,deepfakes,resize075_then_h264_crf30,3.0566329956054688,0.9550680295778761
f3net_deepfakebench,external,1,official,653,deepfakes_faces_c23/855_801,ffpp_test:63,1,deepfakes,resize075_then_h264_crf30,1.868072509765625,0.86623509321306
f3net_deepfakebench,external,1,official,654,face2face_faces_c23/801_855,ffpp_test:63,1,face2face,resize075_then_h264_crf30,-0.47136688232421875,0.38429277196128425
f3net_deepfakebench,external,1,official,655,face2face_faces_c23/855_801,ffpp_test:63,1,face2face,resize075_then_h264_crf30,3.167999267578125,0.9596121140464993
f3net_deepfakebench,external,1,official,656,faceswap_faces_c23/801_855,ffpp_test:63,1,faceswap,resize075_then_h264_crf30,3.6741485595703125,0.9752567624142107
f3net_deepfakebench,external,1,official,657,faceswap_faces_c23/855_801,ffpp_test:63,1,faceswap,resize075_then_h264_crf30,1.7473068237304688,0.8516127916517606
f3net_deepfakebench,external,1,official,658,neuraltextures_faces_c23/801_855,ffpp_test:63,1,neuraltextures,resize075_then_h264_crf30,0.3431072235107422,0.5849451066703644
f3net_deepfakebench,external,1,official,659,neuraltextures_faces_c23/855_801,ffpp_test:63,1,neuraltextures,resize075_then_h264_crf30,-0.9113960266113281,0.2867142519892759
f3net_deepfakebench,external,1,official,660,original_faces_c23/161,ffpp_test:13,0,real,resize075_then_h264_crf30,-0.9483451843261719,0.27921774051736425
f3net_deepfakebench,external,1,official,661,original_faces_c23/141,ffpp_test:13,0,real,resize075_then_h264_crf30,-1.960052490234375,0.12346136703023584
f3net_deepfakebench,external,1,official,662,deepfakes_faces_c23/161_141,ffpp_test:13,1,deepfakes,resize075_then_h264_crf30,4.302116394042969,0.9866410061190961
f3net_deepfakebench,external,1,official,663,deepfakes_faces_c23/141_161,ffpp_test:13,1,deepfakes,resize075_then_h264_crf30,4.8171844482421875,0.9919753837865487
f3net_deepfakebench,external,1,official,664,face2face_faces_c23/161_141,ffpp_test:13,1,face2face,resize075_then_h264_crf30,6.12310791015625,0.9978131587894801
f3net_deepfakebench,external,1,official,665,face2face_faces_c23/141_161,ffpp_test:13,1,face2face,resize075_then_h264_crf30,-1.20654296875,0.23031330430098115
f3net_deepfakebench,external,1,official,666,faceswap_faces_c23/161_141,ffpp_test:13,1,faceswap,resize075_then_h264_crf30,6.20709228515625,0.9979889641589416
f3net_deepfakebench,external,1,official,667,faceswap_faces_c23/141_161,ffpp_test:13,1,faceswap,resize075_then_h264_crf30,4.449000835418701,0.9884448409883694
f3net_deepfakebench,external,1,official,668,neuraltextures_faces_c23/161_141,ffpp_test:13,1,neuraltextures,resize075_then_h264_crf30,3.0167770385742188,0.9533263283856876
f3net_deepfakebench,external,1,official,669,neuraltextures_faces_c23/141_161,ffpp_test:13,1,neuraltextures,resize075_then_h264_crf30,1.6954994201660156,0.8449460188028317
f3net_deepfakebench,external,1,official,670,original_faces_c23/949,ffpp_test:66,0,real,resize075_then_h264_crf30,-0.6324920654296875,0.34694568448152535
f3net_deepfakebench,external,1,official,671,original_faces_c23/868,ffpp_test:66,0,real,resize075_then_h264_crf30,-0.6230611801147461,0.3490855543501829
f3net_deepfakebench,external,1,official,672,deepfakes_faces_c23/949_868,ffpp_test:66,1,deepfakes,resize075_then_h264_crf30,4.97711181640625,0.993153256263276
f3net_deepfakebench,external,1,official,673,deepfakes_faces_c23/868_949,ffpp_test:66,1,deepfakes,resize075_then_h264_crf30,3.848237991333008,0.9791276762758906
f3net_deepfakebench,external,1,official,674,face2face_faces_c23/949_868,ffpp_test:66,1,face2face,resize075_then_h264_crf30,0.30657291412353516,0.5760485286906495
f3net_deepfakebench,external,1,official,675,face2face_faces_c23/868_949,ffpp_test:66,1,face2face,resize075_then_h264_crf30,1.8174819946289062,0.8602637119614405
f3net_deepfakebench,external,1,official,676,faceswap_faces_c23/949_868,ffpp_test:66,1,faceswap,resize075_then_h264_crf30,4.935546875,0.9928647479633423
f3net_deepfakebench,external,1,official,677,faceswap_faces_c23/868_949,ffpp_test:66,1,faceswap,resize075_then_h264_crf30,2.445244073867798,0.9202129627607967
f3net_deepfakebench,external,1,official,678,neuraltextures_faces_c23/949_868,ffpp_test:66,1,neuraltextures,resize075_then_h264_crf30,0.9144630432128906,0.7139125705627817
f3net_deepfakebench,external,1,official,679,neuraltextures_faces_c23/868_949,ffpp_test:66,1,neuraltextures,resize075_then_h264_crf30,1.3148384094238281,0.7883216705456773
f3net_deepfakebench,external,1,official,680,original_faces_c23/880,ffpp_test:11,0,real,resize075_then_h264_crf30,-1.8059158325195312,0.1411324591516892
f3net_deepfakebench,external,1,official,681,original_faces_c23/135,ffpp_test:11,0,real,resize075_then_h264_crf30,-2.778156280517578,0.05851604694717439
f3net_deepfakebench,external,1,official,682,deepfakes_faces_c23/880_135,ffpp_test:11,1,deepfakes,resize075_then_h264_crf30,-0.2641305923461914,0.4343485895725047
f3net_deepfakebench,external,1,official,683,deepfakes_faces_c23/135_880,ffpp_test:11,1,deepfakes,resize075_then_h264_crf30,7.00634765625,0.9990947083110504
f3net_deepfakebench,external,1,official,684,face2face_faces_c23/880_135,ffpp_test:11,1,face2face,resize075_then_h264_crf30,0.22620868682861328,0.5563122496930339
f3net_deepfakebench,external,1,official,685,face2face_faces_c23/135_880,ffpp_test:11,1,face2face,resize075_then_h264_crf30,4.9483795166015625,0.9929550861555091
f3net_deepfakebench,external,1,official,686,faceswap_faces_c23/880_135,ffpp_test:11,1,faceswap,resize075_then_h264_crf30,3.5318984985351562,0.9715818778219113
f3net_deepfakebench,external,1,official,687,faceswap_faces_c23/135_880,ffpp_test:11,1,faceswap,resize075_then_h264_crf30,5.5152130126953125,0.9959910663817055
f3net_deepfakebench,external,1,official,688,neuraltextures_faces_c23/880_135,ffpp_test:11,1,neuraltextures,resize075_then_h264_crf30,-0.23807716369628906,0.4407602577808353
f3net_deepfakebench,external,1,official,689,neuraltextures_faces_c23/135_880,ffpp_test:11,1,neuraltextures,resize075_then_h264_crf30,-1.7038803100585938,0.15395915351014752
f3net_deepfakebench,external,1,official,690,original_faces_c23/429,ffpp_test:35,0,real,resize075_then_h264_crf30,-1.9570465087890625,0.1237870386800007
f3net_deepfakebench,external,1,official,691,original_faces_c23/404,ffpp_test:35,0,real,resize075_then_h264_crf30,-1.364898681640625,0.203445291593353
f3net_deepfakebench,external,1,official,692,deepfakes_faces_c23/429_404,ffpp_test:35,1,deepfakes,resize075_then_h264_crf30,7.2513427734375,0.999291281213061
f3net_deepfakebench,external,1,official,693,deepfakes_faces_c23/404_429,ffpp_test:35,1,deepfakes,resize075_then_h264_crf30,-0.5854034423828125,0.3576902116718625
f3net_deepfakebench,external,1,official,694,face2face_faces_c23/429_404,ffpp_test:35,1,face2face,resize075_then_h264_crf30,3.0308761596679688,0.9539496776975458
f3net_deepfakebench,external,1,official,695,face2face_faces_c23/404_429,ffpp_test:35,1,face2face,resize075_then_h264_crf30,4.6571197509765625,0.990595516504895
f3net_deepfakebench,external,1,official,696,faceswap_faces_c23/429_404,ffpp_test:35,1,faceswap,resize075_then_h264_crf30,2.7454566955566406,0.9396562476350672
f3net_deepfakebench,external,1,official,697,faceswap_faces_c23/404_429,ffpp_test:35,1,faceswap,resize075_then_h264_crf30,2.751018524169922,0.9399708464791318
f3net_deepfakebench,external,1,official,698,neuraltextures_faces_c23/429_404,ffpp_test:35,1,neuraltextures,resize075_then_h264_crf30,1.3012886047363281,0.7860517732295903
f3net_deepfakebench,external,1,official,699,neuraltextures_faces_c23/404_429,ffpp_test:35,1,neuraltextures,resize075_then_h264_crf30,0.192169189453125,0.5478949951555588
f3net_deepfakebench,external,1,official,0,original_faces_c23/953,ffpp_test:68,0,real,h264_crf30_then_resize075,-3.63275146484375,0.025762090960437842
f3net_deepfakebench,external,1,official,1,original_faces_c23/974,ffpp_test:68,0,real,h264_crf30_then_resize075,-3.904296875,0.01975691800521462
f3net_deepfakebench,external,1,official,2,deepfakes_faces_c23/953_974,ffpp_test:68,1,deepfakes,h264_crf30_then_resize075,1.8491955995559692,0.8640326294995152
f3net_deepfakebench,external,1,official,3,deepfakes_faces_c23/974_953,ffpp_test:68,1,deepfakes,h264_crf30_then_resize075,1.7424850463867188,0.851002437536945
f3net_deepfakebench,external,1,official,4,face2face_faces_c23/953_974,ffpp_test:68,1,face2face,h264_crf30_then_resize075,2.316150665283203,0.9102058263782569
f3net_deepfakebench,external,1,official,5,face2face_faces_c23/974_953,ffpp_test:68,1,face2face,h264_crf30_then_resize075,3.310026168823242,0.9647711702245624
f3net_deepfakebench,external,1,official,6,faceswap_faces_c23/953_974,ffpp_test:68,1,faceswap,h264_crf30_then_resize075,0.5650968551635742,0.6376310320514649
f3net_deepfakebench,external,1,official,7,faceswap_faces_c23/974_953,ffpp_test:68,1,faceswap,h264_crf30_then_resize075,0.9058055877685547,0.7121410900286552
f3net_deepfakebench,external,1,official,8,neuraltextures_faces_c23/953_974,ffpp_test:68,1,neuraltextures,h264_crf30_then_resize075,-2.4536895751953125,0.07916915600639798
f3net_deepfakebench,external,1,official,9,neuraltextures_faces_c23/974_953,ffpp_test:68,1,neuraltextures,h264_crf30_then_resize075,0.6171588897705078,0.6495721069501548
f3net_deepfakebench,external,1,official,10,original_faces_c23/012,ffpp_test:1,0,real,h264_crf30_then_resize075,-1.5217280387878418,0.1792071978458738
f3net_deepfakebench,external,1,official,11,original_faces_c23/026,ffpp_test:1,0,real,h264_crf30_then_resize075,-3.9336090087890625,0.019197161893365688
f3net_deepfakebench,external,1,official,12,deepfakes_faces_c23/012_026,ffpp_test:1,1,deepfakes,h264_crf30_then_resize075,-1.0597667694091797,0.257354027889006
f3net_deepfakebench,external,1,official,13,deepfakes_faces_c23/026_012,ffpp_test:1,1,deepfakes,h264_crf30_then_resize075,5.88690185546875,0.99723211994028
f3net_deepfakebench,external,1,official,14,face2face_faces_c23/012_026,ffpp_test:1,1,face2face,h264_crf30_then_resize075,1.5156989097595215,0.8199042497806072
f3net_deepfakebench,external,1,official,15,face2face_faces_c23/026_012,ffpp_test:1,1,face2face,h264_crf30_then_resize075,-0.36418914794921875,0.4099458709464562
f3net_deepfakebench,external,1,official,16,faceswap_faces_c23/012_026,ffpp_test:1,1,faceswap,h264_crf30_then_resize075,0.5512847900390625,0.6344336207175366
f3net_deepfakebench,external,1,official,17,faceswap_faces_c23/026_012,ffpp_test:1,1,faceswap,h264_crf30_then_resize075,3.8175225257873535,0.9784906293481055
f3net_deepfakebench,external,1,official,18,neuraltextures_faces_c23/012_026,ffpp_test:1,1,neuraltextures,h264_crf30_then_resize075,0.48389744758605957,0.6186677769395846
f3net_deepfakebench,external,1,official,19,neuraltextures_faces_c23/026_012,ffpp_test:1,1,neuraltextures,h264_crf30_then_resize075,-1.0530967712402344,0.25863087928096606
f3net_deepfakebench,external,1,official,20,original_faces_c23/078,ffpp_test:8,0,real,h264_crf30_then_resize075,-2.159393310546875,0.10345671044317083
f3net_deepfakebench,external,1,official,21,original_faces_c23/955,ffpp_test:8,0,real,h264_crf30_then_resize075,-2.368934154510498,0.08557250485412911
f3net_deepfakebench,external,1,official,22,deepfakes_faces_c23/078_955,ffpp_test:8,1,deepfakes,h264_crf30_then_resize075,5.68878173828125,0.9966276981934089
f3net_deepfakebench,external,1,official,23,deepfakes_faces_c23/955_078,ffpp_test:8,1,deepfakes,h264_crf30_then_resize075,-1.2523322105407715,0.22229668312284145
f3net_deepfakebench,external,1,official,24,face2face_faces_c23/078_955,ffpp_test:8,1,face2face,h264_crf30_then_resize075,-0.2890281677246094,0.42824180432927816
f3net_deepfakebench,external,1,official,25,face2face_faces_c23/955_078,ffpp_test:8,1,face2face,h264_crf30_then_resize075,1.1512279510498047,0.7597351357440523
f3net_deepfakebench,external,1,official,26,faceswap_faces_c23/078_955,ffpp_test:8,1,faceswap,h264_crf30_then_resize075,4.975341796875,0.9931412098558806
f3net_deepfakebench,external,1,official,27,faceswap_faces_c23/955_078,ffpp_test:8,1,faceswap,h264_crf30_then_resize075,5.10888671875,0.9939934896564112
f3net_deepfakebench,external,1,official,28,neuraltextures_faces_c23/078_955,ffpp_test:8,1,neuraltextures,h264_crf30_then_resize075,-1.936370849609375,0.12604709865693173
f3net_deepfakebench,external,1,official,29,neuraltextures_faces_c23/955_078,ffpp_test:8,1,neuraltextures,h264_crf30_then_resize075,4.712104797363281,0.9910941820109659
f3net_deepfakebench,external,1,official,30,original_faces_c23/623,ffpp_test:51,0,real,h264_crf30_then_resize075,-0.48337364196777344,0.3814558058915862
f3net_deepfakebench,external,1,official,31,original_faces_c23/630,ffpp_test:51,0,real,h264_crf30_then_resize075,-2.561248779296875,0.07167440754570459
f3net_deepfakebench,external,1,official,32,deepfakes_faces_c23/623_630,ffpp_test:51,1,deepfakes,h264_crf30_then_resize075,6.27203369140625,0.9981151749893442
f3net_deepfakebench,external,1,official,33,deepfakes_faces_c23/630_623,ffpp_test:51,1,deepfakes,h264_crf30_then_resize075,4.4075927734375,0.9879622004098636
f3net_deepfakebench,external,1,official,34,face2face_faces_c23/623_630,ffpp_test:51,1,face2face,h264_crf30_then_resize075,0.5250415802001953,0.6283258986737716
f3net_deepfakebench,external,1,official,35,face2face_faces_c23/630_623,ffpp_test:51,1,face2face,h264_crf30_then_resize075,5.0692138671875,0.9937519230157189
f3net_deepfakebench,external,1,official,36,faceswap_faces_c23/623_630,ffpp_test:51,1,faceswap,h264_crf30_then_resize075,3.8826904296875,0.9798202681819916
f3net_deepfakebench,external,1,official,37,faceswap_faces_c23/630_623,ffpp_test:51,1,faceswap,h264_crf30_then_resize075,6.72021484375,0.9987951743313251
f3net_deepfakebench,external,1,official,38,neuraltextures_faces_c23/623_630,ffpp_test:51,1,neuraltextures,h264_crf30_then_resize075,2.21490478515625,0.9015800036292637
f3net_deepfakebench,external,1,official,39,neuraltextures_faces_c23/630_623,ffpp_test:51,1,neuraltextures,h264_crf30_then_resize075,0.08047419786453247,0.5201076990205802
f3net_deepfakebench,external,1,official,40,original_faces_c23/919,ffpp_test:2,0,real,h264_crf30_then_resize075,-3.562957763671875,0.02757300567603635
f3net_deepfakebench,external,1,official,41,original_faces_c23/015,ffpp_test:2,0,real,h264_crf30_then_resize075,-0.36289119720458984,0.4102598692394139
f3net_deepfakebench,external,1,official,42,deepfakes_faces_c23/919_015,ffpp_test:2,1,deepfakes,h264_crf30_then_resize075,4.9085845947265625,0.9926711774112272
f3net_deepfakebench,external,1,official,43,deepfakes_faces_c23/015_919,ffpp_test:2,1,deepfakes,h264_crf30_then_resize075,-0.6295967102050781,0.3476019881665579
f3net_deepfakebench,external,1,official,44,face2face_faces_c23/919_015,ffpp_test:2,1,face2face,h264_crf30_then_resize075,2.1821813583374023,0.898637940069684
f3net_deepfakebench,external,1,official,45,face2face_faces_c23/015_919,ffpp_test:2,1,face2face,h264_crf30_then_resize075,3.2094573974609375,0.9611886287902168
f3net_deepfakebench,external,1,official,46,faceswap_faces_c23/919_015,ffpp_test:2,1,faceswap,h264_crf30_then_resize075,5.3326416015625,0.9951919383484354
f3net_deepfakebench,external,1,official,47,faceswap_faces_c23/015_919,ffpp_test:2,1,faceswap,h264_crf30_then_resize075,3.325582504272461,0.9652960893869746
f3net_deepfakebench,external,1,official,48,neuraltextures_faces_c23/919_015,ffpp_test:2,1,neuraltextures,h264_crf30_then_resize075,-0.8093719482421875,0.3080243458660298
f3net_deepfakebench,external,1,official,49,neuraltextures_faces_c23/015_919,ffpp_test:2,1,neuraltextures,h264_crf30_then_resize075,0.95111083984375,0.7213385220073499
f3net_deepfakebench,external,1,official,50,original_faces_c23/367,ffpp_test:30,0,real,h264_crf30_then_resize075,-2.3488082885742188,0.0871605426337662
f3net_deepfakebench,external,1,official,51,original_faces_c23/371,ffpp_test:30,0,real,h264_crf30_then_resize075,-3.1031036376953125,0.04297941431363872
f3net_deepfakebench,external,1,official,52,deepfakes_faces_c23/367_371,ffpp_test:30,1,deepfakes,h264_crf30_then_resize075,3.4507529735565186,0.969253587991022
f3net_deepfakebench,external,1,official,53,deepfakes_faces_c23/371_367,ffpp_test:30,1,deepfakes,h264_crf30_then_resize075,7.74072265625,0.9995654316502917
f3net_deepfakebench,external,1,official,54,face2face_faces_c23/367_371,ffpp_test:30,1,face2face,h264_crf30_then_resize075,0.9039630889892578,0.7117632372736262
f3net_deepfakebench,external,1,official,55,face2face_faces_c23/371_367,ffpp_test:30,1,face2face,h264_crf30_then_resize075,3.6400766372680664,0.9744211219106254
f3net_deepfakebench,external,1,official,56,faceswap_faces_c23/367_371,ffpp_test:30,1,faceswap,h264_crf30_then_resize075,5.008880615234375,0.9933659300110564
f3net_deepfakebench,external,1,official,57,faceswap_faces_c23/371_367,ffpp_test:30,1,faceswap,h264_crf30_then_resize075,2.2122116088867188,0.9013407700782644
f3net_deepfakebench,external,1,official,58,neuraltextures_faces_c23/367_371,ffpp_test:30,1,neuraltextures,h264_crf30_then_resize075,-0.4186859130859375,0.39683124231345257
f3net_deepfakebench,external,1,official,59,neuraltextures_faces_c23/371_367,ffpp_test:30,1,neuraltextures,h264_crf30_then_resize075,-0.16782379150390625,0.4581422490574672
f3net_deepfakebench,external,1,official,60,original_faces_c23/847,ffpp_test:65,0,real,h264_crf30_then_resize075,-2.7424545288085938,0.06051420723545867
f3net_deepfakebench,external,1,official,61,original_faces_c23/906,ffpp_test:65,0,real,h264_crf30_then_resize075,-0.8161258697509766,0.3065866484811823
f3net_deepfakebench,external,1,official,62,deepfakes_faces_c23/847_906,ffpp_test:65,1,deepfakes,h264_crf30_then_resize075,6.093109130859375,0.997746712371386
f3net_deepfakebench,external,1,official,63,deepfakes_faces_c23/906_847,ffpp_test:65,1,deepfakes,h264_crf30_then_resize075,4.329141616821289,0.9869925679193777
f3net_deepfakebench,external,1,official,64,face2face_faces_c23/847_906,ffpp_test:65,1,face2face,h264_crf30_then_resize075,0.08946800231933594,0.522352092747696
f3net_deepfakebench,external,1,official,65,face2face_faces_c23/906_847,ffpp_test:65,1,face2face,h264_crf30_then_resize075,3.7979393005371094,0.9780745815017761
f3net_deepfakebench,external,1,official,66,faceswap_faces_c23/847_906,ffpp_test:65,1,faceswap,h264_crf30_then_resize075,5.86346435546875,0.9971666675315913
f3net_deepfakebench,external,1,official,67,faceswap_faces_c23/906_847,ffpp_test:65,1,faceswap,h264_crf30_then_resize075,5.2404327392578125,0.9947299567947527
f3net_deepfakebench,external,1,official,68,neuraltextures_faces_c23/847_906,ffpp_test:65,1,neuraltextures,h264_crf30_then_resize075,-0.7391729354858398,0.32318502646761704
f3net_deepfakebench,external,1,official,69,neuraltextures_faces_c23/906_847,ffpp_test:65,1,neuraltextures,h264_crf30_then_resize075,1.4827804565429688,0.8149921849599653
f3net_deepfakebench,external,1,official,70,original_faces_c23/529,ffpp_test:46,0,real,h264_crf30_then_resize075,-3.34808349609375,0.033957978628977974
f3net_deepfakebench,external,1,official,71,original_faces_c23/633,ffpp_test:46,0,real,h264_crf30_then_resize075,-2.22540283203125,0.09749238706100305
f3net_deepfakebench,external,1,official,72,deepfakes_faces_c23/529_633,ffpp_test:46,1,deepfakes,h264_crf30_then_resize075,4.1861419677734375,0.9850228918274436
f3net_deepfakebench,external,1,official,73,deepfakes_faces_c23/633_529,ffpp_test:46,1,deepfakes,h264_crf30_then_resize075,4.059532165527344,0.983035664389076
f3net_deepfakebench,external,1,official,74,face2face_faces_c23/529_633,ffpp_test:46,1,face2face,h264_crf30_then_resize075,2.591716766357422,0.9303265785065742
f3net_deepfakebench,external,1,official,75,face2face_faces_c23/633_529,ffpp_test:46,1,face2face,h264_crf30_then_resize075,4.0536956787109375,0.9829380570421796
f3net_deepfakebench,external,1,official,76,faceswap_faces_c23/529_633,ffpp_test:46,1,faceswap,h264_crf30_then_resize075,6.0140380859375,0.9975617611963545
f3net_deepfakebench,external,1,official,77,faceswap_faces_c23/633_529,ffpp_test:46,1,faceswap,h264_crf30_then_resize075,4.7552490234375,0.9914670368735711
f3net_deepfakebench,external,1,official,78,neuraltextures_faces_c23/529_633,ffpp_test:46,1,neuraltextures,h264_crf30_then_resize075,-1.5785408020019531,0.17100223932620678
f3net_deepfakebench,external,1,official,79,neuraltextures_faces_c23/633_529,ffpp_test:46,1,neuraltextures,h264_crf30_then_resize075,-1.058333396911621,0.25762807351041284
f3net_deepfakebench,external,1,official,80,original_faces_c23/418,ffpp_test:36,0,real,h264_crf30_then_resize075,-1.594879150390625,0.16869854158917286
f3net_deepfakebench,external,1,official,81,original_faces_c23/507,ffpp_test:36,0,real,h264_crf30_then_resize075,-1.8499269485473633,0.13588147431443504
f3net_deepfakebench,external,1,official,82,deepfakes_faces_c23/418_507,ffpp_test:36,1,deepfakes,h264_crf30_then_resize075,1.6694927215576172,0.8415081760508462
f3net_deepfakebench,external,1,official,83,deepfakes_faces_c23/507_418,ffpp_test:36,1,deepfakes,h264_crf30_then_resize075,5.8958892822265625,0.9972568166735575
f3net_deepfakebench,external,1,official,84,face2face_faces_c23/418_507,ffpp_test:36,1,face2face,h264_crf30_then_resize075,5.09576416015625,0.9939146322520963
f3net_deepfakebench,external,1,official,85,face2face_faces_c23/507_418,ffpp_test:36,1,face2face,h264_crf30_then_resize075,2.5018959045410156,0.9242746231022221
f3net_deepfakebench,external,1,official,86,faceswap_faces_c23/418_507,ffpp_test:36,1,faceswap,h264_crf30_then_resize075,4.199371337890625,0.9852168148602476
f3net_deepfakebench,external,1,official,87,faceswap_faces_c23/507_418,ffpp_test:36,1,faceswap,h264_crf30_then_resize075,2.02142333984375,0.8830281053120235
f3net_deepfakebench,external,1,official,88,neuraltextures_faces_c23/418_507,ffpp_test:36,1,neuraltextures,h264_crf30_then_resize075,0.9178848266601562,0.7146109285928562
f3net_deepfakebench,external,1,official,89,neuraltextures_faces_c23/507_418,ffpp_test:36,1,neuraltextures,h264_crf30_then_resize075,0.8603806495666504,0.7027401768127721
f3net_deepfakebench,external,1,official,90,original_faces_c23/227,ffpp_test:16,0,real,h264_crf30_then_resize075,-0.8157863616943359,0.3066588296710832
f3net_deepfakebench,external,1,official,91,original_faces_c23/169,ffpp_test:16,0,real,h264_crf30_then_resize075,-0.7555618286132812,0.31961061585623224
f3net_deepfakebench,external,1,official,92,deepfakes_faces_c23/227_169,ffpp_test:16,1,deepfakes,h264_crf30_then_resize075,6.274169921875,0.9981191895474888
f3net_deepfakebench,external,1,official,93,deepfakes_faces_c23/169_227,ffpp_test:16,1,deepfakes,h264_crf30_then_resize075,1.9580516815185547,0.8763219449593499
f3net_deepfakebench,external,1,official,94,face2face_faces_c23/227_169,ffpp_test:16,1,face2face,h264_crf30_then_resize075,-0.7214417457580566,0.32707557972947693
f3net_deepfakebench,external,1,official,95,face2face_faces_c23/169_227,ffpp_test:16,1,face2face,h264_crf30_then_resize075,3.2239227294921875,0.9617246732737182
f3net_deepfakebench,external,1,official,96,faceswap_faces_c23/227_169,ffpp_test:16,1,faceswap,h264_crf30_then_resize075,0.24725341796875,0.5615003583951379
f3net_deepfakebench,external,1,official,97,faceswap_faces_c23/169_227,ffpp_test:16,1,faceswap,h264_crf30_then_resize075,3.3134994506835938,0.9648890289169463
f3net_deepfakebench,external,1,official,98,neuraltextures_faces_c23/227_169,ffpp_test:16,1,neuraltextures,h264_crf30_then_resize075,-0.6549015045166016,0.34188584608216355
f3net_deepfakebench,external,1,official,99,neuraltextures_faces_c23/169_227,ffpp_test:16,1,neuraltextures,h264_crf30_then_resize075,1.2825126647949219,0.7828771840041805
f3net_deepfakebench,external,1,official,100,original_faces_c23/389,ffpp_test:33,0,real,h264_crf30_then_resize075,-3.04266357421875,0.04553526680442553
f3net_deepfakebench,external,1,official,101,original_faces_c23/480,ffpp_test:33,0,real,h264_crf30_then_resize075,-1.5695724487304688,0.17227735108981235
f3net_deepfakebench,external,1,official,102,deepfakes_faces_c23/389_480,ffpp_test:33,1,deepfakes,h264_crf30_then_resize075,5.26654052734375,0.994865068052467
f3net_deepfakebench,external,1,official,103,deepfakes_faces_c23/480_389,ffpp_test:33,1,deepfakes,h264_crf30_then_resize075,0.8502159118652344,0.700612432953636
f3net_deepfakebench,external,1,official,104,face2face_faces_c23/389_480,ffpp_test:33,1,face2face,h264_crf30_then_resize075,1.1717157363891602,0.7634550031128877
f3net_deepfakebench,external,1,official,105,face2face_faces_c23/480_389,ffpp_test:33,1,face2face,h264_crf30_then_resize075,1.7810707092285156,0.8558290264604901
f3net_deepfakebench,external,1,official,106,faceswap_faces_c23/389_480,ffpp_test:33,1,faceswap,h264_crf30_then_resize075,6.182373046875,0.9979387371233049
f3net_deepfakebench,external,1,official,107,faceswap_faces_c23/480_389,ffpp_test:33,1,faceswap,h264_crf30_then_resize075,2.934539794921875,0.9495276886315787
f3net_deepfakebench,external,1,official,108,neuraltextures_faces_c23/389_480,ffpp_test:33,1,neuraltextures,h264_crf30_then_resize075,-1.09954833984375,0.24982453147925823
f3net_deepfakebench,external,1,official,109,neuraltextures_faces_c23/480_389,ffpp_test:33,1,neuraltextures,h264_crf30_then_resize075,0.09954631328582764,0.524866047602429
f3net_deepfakebench,external,1,official,110,original_faces_c23/821,ffpp_test:64,0,real,h264_crf30_then_resize075,-1.1964797973632812,0.23210203283816744
f3net_deepfakebench,external,1,official,111,original_faces_c23/812,ffpp_test:64,0,real,h264_crf30_then_resize075,-0.33135986328125,0.4179097843082631
f3net_deepfakebench,external,1,official,112,deepfakes_faces_c23/821_812,ffpp_test:64,1,deepfakes,h264_crf30_then_resize075,1.884775161743164,0.868158649207932
f3net_deepfakebench,external,1,official,113,deepfakes_faces_c23/812_821,ffpp_test:64,1,deepfakes,h264_crf30_then_resize075,5.5927734375,0.9962891384343793
f3net_deepfakebench,external,1,official,114,face2face_faces_c23/821_812,ffpp_test:64,1,face2face,h264_crf30_then_resize075,5.39984130859375,0.9955030164714722
f3net_deepfakebench,external,1,official,115,face2face_faces_c23/812_821,ffpp_test:64,1,face2face,h264_crf30_then_resize075,2.952869415283203,0.9503989299338167
f3net_deepfakebench,external,1,official,116,faceswap_faces_c23/821_812,ffpp_test:64,1,faceswap,h264_crf30_then_resize075,5.0126190185546875,0.9933905209257501
f3net_deepfakebench,external,1,official,117,faceswap_faces_c23/812_821,ffpp_test:64,1,faceswap,h264_crf30_then_resize075,4.4901580810546875,0.988905596494068
f3net_deepfakebench,external,1,official,118,neuraltextures_faces_c23/821_812,ffpp_test:64,1,neuraltextures,h264_crf30_then_resize075,1.3006846904754639,0.7859501927763534
f3net_deepfakebench,external,1,official,119,neuraltextures_faces_c23/812_821,ffpp_test:64,1,neuraltextures,h264_crf30_then_resize075,1.4710540771484375,0.8132175476990924
f3net_deepfakebench,external,1,official,120,original_faces_c23/670,ffpp_test:54,0,real,h264_crf30_then_resize075,-3.5804443359375,0.0271079961995565
f3net_deepfakebench,external,1,official,121,original_faces_c23/661,ffpp_test:54,0,real,h264_crf30_then_resize075,-1.7115631103515625,0.15296108307201484
f3net_deepfakebench,external,1,official,122,deepfakes_faces_c23/670_661,ffpp_test:54,1,deepfakes,h264_crf30_then_resize075,6.3697509765625,0.998290342288823
f3net_deepfakebench,external,1,official,123,deepfakes_faces_c23/661_670,ffpp_test:54,1,deepfakes,h264_crf30_then_resize075,6.38006591796875,0.9983078569801627
f3net_deepfakebench,external,1,official,124,face2face_faces_c23/670_661,ffpp_test:54,1,face2face,h264_crf30_then_resize075,2.6295013427734375,0.932736270747032
f3net_deepfakebench,external,1,official,125,face2face_faces_c23/661_670,ffpp_test:54,1,face2face,h264_crf30_then_resize075,4.1615447998046875,0.9846556521418881
f3net_deepfakebench,external,1,official,126,faceswap_faces_c23/670_661,ffpp_test:54,1,faceswap,h264_crf30_then_resize075,6.0374755859375,0.9976181084040225
f3net_deepfakebench,external,1,official,127,faceswap_faces_c23/661_670,ffpp_test:54,1,faceswap,h264_crf30_then_resize075,4.849925994873047,0.9922318595263074
f3net_deepfakebench,external,1,official,128,neuraltextures_faces_c23/670_661,ffpp_test:54,1,neuraltextures,h264_crf30_then_resize075,-0.13798999786376953,0.4655571360993471
f3net_deepfakebench,external,1,official,129,neuraltextures_faces_c23/661_670,ffpp_test:54,1,neuraltextures,h264_crf30_then_resize075,-1.4866714477539062,0.18442185059919278
f3net_deepfakebench,external,1,official,130,original_faces_c23/158,ffpp_test:15,0,real,h264_crf30_then_resize075,-0.4634208679199219,0.3861746133140581
f3net_deepfakebench,external,1,official,131,original_faces_c23/379,ffpp_test:15,0,real,h264_crf30_then_resize075,-2.8166961669921875,0.056428586606584445
f3net_deepfakebench,external,1,official,132,deepfakes_faces_c23/158_379,ffpp_test:15,1,deepfakes,h264_crf30_then_resize075,-0.9275588989257812,0.28342022331836325
f3net_deepfakebench,external,1,official,133,deepfakes_faces_c23/379_158,ffpp_test:15,1,deepfakes,h264_crf30_then_resize075,3.2349014282226562,0.9621267604805804
f3net_deepfakebench,external,1,official,134,face2face_faces_c23/158_379,ffpp_test:15,1,face2face,h264_crf30_then_resize075,1.3220140933990479,0.7895166040072585
f3net_deepfakebench,external,1,official,135,face2face_faces_c23/379_158,ffpp_test:15,1,face2face,h264_crf30_then_resize075,1.1937904357910156,0.7674182951198538
f3net_deepfakebench,external,1,official,136,faceswap_faces_c23/158_379,ffpp_test:15,1,faceswap,h264_crf30_then_resize075,1.2809391021728516,0.7826095899872741
f3net_deepfakebench,external,1,official,137,faceswap_faces_c23/379_158,ffpp_test:15,1,faceswap,h264_crf30_then_resize075,3.1804161071777344,0.9600906129238335
f3net_deepfakebench,external,1,official,138,neuraltextures_faces_c23/158_379,ffpp_test:15,1,neuraltextures,h264_crf30_then_resize075,1.7885055541992188,0.8567439553510982
f3net_deepfakebench,external,1,official,139,neuraltextures_faces_c23/379_158,ffpp_test:15,1,neuraltextures,h264_crf30_then_resize075,-1.4259033203125,0.19373779702541344
f3net_deepfakebench,external,1,official,140,original_faces_c23/423,ffpp_test:37,0,real,h264_crf30_then_resize075,-0.7720603942871094,0.3160335702295548
f3net_deepfakebench,external,1,official,141,original_faces_c23/421,ffpp_test:37,0,real,h264_crf30_then_resize075,-2.7566070556640625,0.05971459123660745
f3net_deepfakebench,external,1,official,142,deepfakes_faces_c23/423_421,ffpp_test:37,1,deepfakes,h264_crf30_then_resize075,6.2213134765625,0.9980173047844483
f3net_deepfakebench,external,1,official,143,deepfakes_faces_c23/421_423,ffpp_test:37,1,deepfakes,h264_crf30_then_resize075,1.7560081481933594,0.8527090037174092
f3net_deepfakebench,external,1,official,144,face2face_faces_c23/423_421,ffpp_test:37,1,face2face,h264_crf30_then_resize075,1.0054035186767578,0.7321196475259375
f3net_deepfakebench,external,1,official,145,face2face_faces_c23/421_423,ffpp_test:37,1,face2face,h264_crf30_then_resize075,2.8824806213378906,0.9469735652911943
f3net_deepfakebench,external,1,official,146,faceswap_faces_c23/423_421,ffpp_test:37,1,faceswap,h264_crf30_then_resize075,1.795166015625,0.8575594779993901
f3net_deepfakebench,external,1,official,147,faceswap_faces_c23/421_423,ffpp_test:37,1,faceswap,h264_crf30_then_resize075,0.7065229415893555,0.6696324022946051
f3net_deepfakebench,external,1,official,148,neuraltextures_faces_c23/423_421,ffpp_test:37,1,neuraltextures,h264_crf30_then_resize075,-2.4974365234375,0.07603808476343103
f3net_deepfakebench,external,1,official,149,neuraltextures_faces_c23/421_423,ffpp_test:37,1,neuraltextures,h264_crf30_then_resize075,-2.424530029296875,0.08132118329974515
f3net_deepfakebench,external,1,official,150,original_faces_c23/352,ffpp_test:28,0,real,h264_crf30_then_resize075,-2.6933021545410156,0.06336973938252023
f3net_deepfakebench,external,1,official,151,original_faces_c23/319,ffpp_test:28,0,real,h264_crf30_then_resize075,-3.733245849609375,0.023356511983710065
f3net_deepfakebench,external,1,official,152,deepfakes_faces_c23/352_319,ffpp_test:28,1,deepfakes,h264_crf30_then_resize075,-0.9102783203125,0.2869428876796152
f3net_deepfakebench,external,1,official,153,deepfakes_faces_c23/319_352,ffpp_test:28,1,deepfakes,h264_crf30_then_resize075,4.7707061767578125,0.9915968182433111
f3net_deepfakebench,external,1,official,154,face2face_faces_c23/352_319,ffpp_test:28,1,face2face,h264_crf30_then_resize075,0.7919096946716309,0.6882412319038305
f3net_deepfakebench,external,1,official,155,face2face_faces_c23/319_352,ffpp_test:28,1,face2face,h264_crf30_then_resize075,-0.7140579223632812,0.32870280850005396
f3net_deepfakebench,external,1,official,156,faceswap_faces_c23/352_319,ffpp_test:28,1,faceswap,h264_crf30_then_resize075,-0.03331756591796875,0.49167137894548285
f3net_deepfakebench,external,1,official,157,faceswap_faces_c23/319_352,ffpp_test:28,1,faceswap,h264_crf30_then_resize075,0.5180058479309082,0.6266813487574552
f3net_deepfakebench,external,1,official,158,neuraltextures_faces_c23/352_319,ffpp_test:28,1,neuraltextures,h264_crf30_then_resize075,-0.0689544677734375,0.48276821020829597
f3net_deepfakebench,external,1,official,159,neuraltextures_faces_c23/319_352,ffpp_test:28,1,neuraltextures,h264_crf30_then_resize075,-2.733367919921875,0.06103286895959872
f3net_deepfakebench,external,1,official,160,original_faces_c23/579,ffpp_test:48,0,real,h264_crf30_then_resize075,-2.9827003479003906,0.048213561133573994
f3net_deepfakebench,external,1,official,161,original_faces_c23/701,ffpp_test:48,0,real,h264_crf30_then_resize075,-0.9214355945587158,0.2846654723372045
f3net_deepfakebench,external,1,official,162,deepfakes_faces_c23/579_701,ffpp_test:48,1,deepfakes,h264_crf30_then_resize075,3.7393722534179688,0.97678282999391
f3net_deepfakebench,external,1,official,163,deepfakes_faces_c23/701_579,ffpp_test:48,1,deepfakes,h264_crf30_then_resize075,0.8682174682617188,0.7043746549017692
f3net_deepfakebench,external,1,official,164,face2face_faces_c23/579_701,ffpp_test:48,1,face2face,h264_crf30_then_resize075,2.6232452392578125,0.9323427028665335
f3net_deepfakebench,external,1,official,165,face2face_faces_c23/701_579,ffpp_test:48,1,face2face,h264_crf30_then_resize075,4.5634002685546875,0.9896810455038856
f3net_deepfakebench,external,1,official,166,faceswap_faces_c23/579_701,ffpp_test:48,1,faceswap,h264_crf30_then_resize075,3.8002357482910156,0.9781237740934923
f3net_deepfakebench,external,1,official,167,faceswap_faces_c23/701_579,ffpp_test:48,1,faceswap,h264_crf30_then_resize075,3.5625152587890625,0.9724151270771203
f3net_deepfakebench,external,1,official,168,neuraltextures_faces_c23/579_701,ffpp_test:48,1,neuraltextures,h264_crf30_then_resize075,-1.9354549646377563,0.12614802639843317
f3net_deepfakebench,external,1,official,169,neuraltextures_faces_c23/701_579,ffpp_test:48,1,neuraltextures,h264_crf30_then_resize075,0.08898162841796875,0.522230740955681
f3net_deepfakebench,external,1,official,170,original_faces_c23/488,ffpp_test:34,0,real,h264_crf30_then_resize075,-3.69915771484375,0.024146860895299115
f3net_deepfakebench,external,1,official,171,original_faces_c23/399,ffpp_test:34,0,real,h264_crf30_then_resize075,2.4386825561523438,0.9197298788935778
f3net_deepfakebench,external,1,official,172,deepfakes_faces_c23/488_399,ffpp_test:34,1,deepfakes,h264_crf30_then_resize075,4.9830322265625,0.9931933969432688
f3net_deepfakebench,external,1,official,173,deepfakes_faces_c23/399_488,ffpp_test:34,1,deepfakes,h264_crf30_then_resize075,4.88238525390625,0.9924780930774247
f3net_deepfakebench,external,1,official,174,face2face_faces_c23/488_399,ffpp_test:34,1,face2face,h264_crf30_then_resize075,5.19049072265625,0.9944615718436475
f3net_deepfakebench,external,1,official,175,face2face_faces_c23/399_488,ffpp_test:34,1,face2face,h264_crf30_then_resize075,5.8316650390625,0.9970753893980375
f3net_deepfakebench,external,1,official,176,faceswap_faces_c23/488_399,ffpp_test:34,1,faceswap,h264_crf30_then_resize075,2.5601348876953125,0.9282514418704825
f3net_deepfakebench,external,1,official,177,faceswap_faces_c23/399_488,ffpp_test:34,1,faceswap,h264_crf30_then_resize075,5.60833740234375,0.9963462376300933
f3net_deepfakebench,external,1,official,178,neuraltextures_faces_c23/488_399,ffpp_test:34,1,neuraltextures,h264_crf30_then_resize075,-2.0963430404663086,0.10945276673150842
f3net_deepfakebench,external,1,official,179,neuraltextures_faces_c23/399_488,ffpp_test:34,1,neuraltextures,h264_crf30_then_resize075,4.14581298828125,0.9844161405739316
f3net_deepfakebench,external,1,official,180,original_faces_c23/695,ffpp_test:38,0,real,h264_crf30_then_resize075,-1.4792404174804688,0.1855421771597063
f3net_deepfakebench,external,1,official,181,original_faces_c23/422,ffpp_test:38,0,real,h264_crf30_then_resize075,-0.18580055236816406,0.4536830309095065
f3net_deepfakebench,external,1,official,182,deepfakes_faces_c23/695_422,ffpp_test:38,1,deepfakes,h264_crf30_then_resize075,1.1103250980377197,0.7521897147949705
f3net_deepfakebench,external,1,official,183,deepfakes_faces_c23/422_695,ffpp_test:38,1,deepfakes,h264_crf30_then_resize075,5.1622314453125,0.9943037316800155
f3net_deepfakebench,external,1,official,184,face2face_faces_c23/695_422,ffpp_test:38,1,face2face,h264_crf30_then_resize075,0.9481067657470703,0.7207342739796078
f3net_deepfakebench,external,1,official,185,face2face_faces_c23/422_695,ffpp_test:38,1,face2face,h264_crf30_then_resize075,5.3089599609375,0.9950772838292589
f3net_deepfakebench,external,1,official,186,faceswap_faces_c23/695_422,ffpp_test:38,1,faceswap,h264_crf30_then_resize075,3.0665206909179688,0.9554904370264291
f3net_deepfakebench,external,1,official,187,faceswap_faces_c23/422_695,ffpp_test:38,1,faceswap,h264_crf30_then_resize075,4.781494140625,0.9916862346173643
f3net_deepfakebench,external,1,official,188,neuraltextures_faces_c23/695_422,ffpp_test:38,1,neuraltextures,h264_crf30_then_resize075,-1.0819587707519531,0.2531355164876926
f3net_deepfakebench,external,1,official,189,neuraltextures_faces_c23/422_695,ffpp_test:38,1,neuraltextures,h264_crf30_then_resize075,0.7182211875915527,0.672215190246656
f3net_deepfakebench,external,1,official,190,original_faces_c23/288,ffpp_test:25,0,real,h264_crf30_then_resize075,0.24546432495117188,0.5610598036600132
f3net_deepfakebench,external,1,official,191,original_faces_c23/321,ffpp_test:25,0,real,h264_crf30_then_resize075,-1.9546356201171875,0.12404877011099175
f3net_deepfakebench,external,1,official,192,deepfakes_faces_c23/288_321,ffpp_test:25,1,deepfakes,h264_crf30_then_resize075,7.6424560546875,0.9995205809927024
f3net_deepfakebench,external,1,official,193,deepfakes_faces_c23/321_288,ffpp_test:25,1,deepfakes,h264_crf30_then_resize075,5.65118408203125,0.9964989462306061
f3net_deepfakebench,external,1,official,194,face2face_faces_c23/288_321,ffpp_test:25,1,face2face,h264_crf30_then_resize075,6.2059326171875,0.9979866353704788
f3net_deepfakebench,external,1,official,195,face2face_faces_c23/321_288,ffpp_test:25,1,face2face,h264_crf30_then_resize075,3.3749008178710938,0.9669108484994675
f3net_deepfakebench,external,1,official,196,faceswap_faces_c23/288_321,ffpp_test:25,1,faceswap,h264_crf30_then_resize075,5.380615234375,0.995416120796888
f3net_deepfakebench,external,1,official,197,faceswap_faces_c23/321_288,ffpp_test:25,1,faceswap,h264_crf30_then_resize075,4.5492706298828125,0.989535744014967
f3net_deepfakebench,external,1,official,198,neuraltextures_faces_c23/288_321,ffpp_test:25,1,neuraltextures,h264_crf30_then_resize075,0.2799248695373535,0.5695278046091349
f3net_deepfakebench,external,1,official,199,neuraltextures_faces_c23/321_288,ffpp_test:25,1,neuraltextures,h264_crf30_then_resize075,0.5848836898803711,0.6421903674392505
f3net_deepfakebench,external,1,official,200,original_faces_c23/705,ffpp_test:57,0,real,h264_crf30_then_resize075,3.9816856384277344,0.9816874370007928
f3net_deepfakebench,external,1,official,201,original_faces_c23/707,ffpp_test:57,0,real,h264_crf30_then_resize075,-4.66485595703125,0.009332685552617057
f3net_deepfakebench,external,1,official,202,deepfakes_faces_c23/705_707,ffpp_test:57,1,deepfakes,h264_crf30_then_resize075,3.4648704528808594,0.9696715283213936
f3net_deepfakebench,external,1,official,203,deepfakes_faces_c23/707_705,ffpp_test:57,1,deepfakes,h264_crf30_then_resize075,5.42718505859375,0.9956237841016125
f3net_deepfakebench,external,1,official,204,face2face_faces_c23/705_707,ffpp_test:57,1,face2face,h264_crf30_then_resize075,6.591064453125,0.9986293032477526
f3net_deepfakebench,external,1,official,205,face2face_faces_c23/707_705,ffpp_test:57,1,face2face,h264_crf30_then_resize075,2.5984649658203125,0.9307627221039586
f3net_deepfakebench,external,1,official,206,faceswap_faces_c23/705_707,ffpp_test:57,1,faceswap,h264_crf30_then_resize075,5.91546630859375,0.9973098547184582
f3net_deepfakebench,external,1,official,207,faceswap_faces_c23/707_705,ffpp_test:57,1,faceswap,h264_crf30_then_resize075,6.76416015625,0.9988469145241868
f3net_deepfakebench,external,1,official,208,neuraltextures_faces_c23/705_707,ffpp_test:57,1,neuraltextures,h264_crf30_then_resize075,5.50091552734375,0.9959335717553328
f3net_deepfakebench,external,1,official,209,neuraltextures_faces_c23/707_705,ffpp_test:57,1,neuraltextures,h264_crf30_then_resize075,-1.8429555892944336,0.13670211507035418
f3net_deepfakebench,external,1,official,210,original_faces_c23/306,ffpp_test:24,0,real,h264_crf30_then_resize075,0.7750778198242188,0.6846183031163866
f3net_deepfakebench,external,1,official,211,original_faces_c23/278,ffpp_test:24,0,real,h264_crf30_then_resize075,-0.39690732955932617,0.4020556134548735
f3net_deepfakebench,external,1,official,212,deepfakes_faces_c23/306_278,ffpp_test:24,1,deepfakes,h264_crf30_then_resize075,7.4212646484375,0.999401965947338
f3net_deepfakebench,external,1,official,213,deepfakes_faces_c23/278_306,ffpp_test:24,1,deepfakes,h264_crf30_then_resize075,5.095775604248047,0.9939147014694181
f3net_deepfakebench,external,1,official,214,face2face_faces_c23/306_278,ffpp_test:24,1,face2face,h264_crf30_then_resize075,4.4952850341796875,0.9889617051610525
f3net_deepfakebench,external,1,official,215,face2face_faces_c23/278_306,ffpp_test:24,1,face2face,h264_crf30_then_resize075,6.00616455078125,0.9975425352258847
f3net_deepfakebench,external,1,official,216,faceswap_faces_c23/306_278,ffpp_test:24,1,faceswap,h264_crf30_then_resize075,5.76422119140625,0.9968719770421316
f3net_deepfakebench,external,1,official,217,faceswap_faces_c23/278_306,ffpp_test:24,1,faceswap,h264_crf30_then_resize075,4.268352508544922,0.9861885895453439
f3net_deepfakebench,external,1,official,218,neuraltextures_faces_c23/306_278,ffpp_test:24,1,neuraltextures,h264_crf30_then_resize075,4.459320068359375,0.9885621113967497
f3net_deepfakebench,external,1,official,219,neuraltextures_faces_c23/278_306,ffpp_test:24,1,neuraltextures,h264_crf30_then_resize075,2.2121219635009766,0.9013327980229646
f3net_deepfakebench,external,1,official,220,original_faces_c23/865,ffpp_test:61,0,real,h264_crf30_then_resize075,-2.9730224609375,0.04865961664456517
f3net_deepfakebench,external,1,official,221,original_faces_c23/739,ffpp_test:61,0,real,h264_crf30_then_resize075,-2.5819091796875,0.07031182906485138
f3net_deepfakebench,external,1,official,222,deepfakes_faces_c23/865_739,ffpp_test:61,1,deepfakes,h264_crf30_then_resize075,5.22686767578125,0.9946583657184593
f3net_deepfakebench,external,1,official,223,deepfakes_faces_c23/739_865,ffpp_test:61,1,deepfakes,h264_crf30_then_resize075,6.5382080078125,0.9985550116809228
f3net_deepfakebench,external,1,official,224,face2face_faces_c23/865_739,ffpp_test:61,1,face2face,h264_crf30_then_resize075,-2.3618621826171875,0.08612750990952846
f3net_deepfakebench,external,1,official,225,face2face_faces_c23/739_865,ffpp_test:61,1,face2face,h264_crf30_then_resize075,2.879627227783203,0.9468301003074114
f3net_deepfakebench,external,1,official,226,faceswap_faces_c23/865_739,ffpp_test:61,1,faceswap,h264_crf30_then_resize075,5.07550048828125,0.9937908359730454
f3net_deepfakebench,external,1,official,227,faceswap_faces_c23/739_865,ffpp_test:61,1,faceswap,h264_crf30_then_resize075,6.2392578125,0.9980524969505629
f3net_deepfakebench,external,1,official,228,neuraltextures_faces_c23/865_739,ffpp_test:61,1,neuraltextures,h264_crf30_then_resize075,-2.4884033203125,0.07667515963714669
f3net_deepfakebench,external,1,official,229,neuraltextures_faces_c23/739_865,ffpp_test:61,1,neuraltextures,h264_crf30_then_resize075,-0.5682125091552734,0.3616493812548407
f3net_deepfakebench,external,1,official,230,original_faces_c23/995,ffpp_test:21,0,real,h264_crf30_then_resize075,-0.3781700134277344,0.40656834328676367
f3net_deepfakebench,external,1,official,231,original_faces_c23/233,ffpp_test:21,0,real,h264_crf30_then_resize075,-5.480712890625,0.004149071959903458
f3net_deepfakebench,external,1,official,232,deepfakes_faces_c23/995_233,ffpp_test:21,1,deepfakes,h264_crf30_then_resize075,-1.0989875793457031,0.24992963960017758
f3net_deepfakebench,external,1,official,233,deepfakes_faces_c23/233_995,ffpp_test:21,1,deepfakes,h264_crf30_then_resize075,5.139892578125,0.9941758010243211
f3net_deepfakebench,external,1,official,234,face2face_faces_c23/995_233,ffpp_test:21,1,face2face,h264_crf30_then_resize075,5.13616943359375,0.9941542032711385
f3net_deepfakebench,external,1,official,235,face2face_faces_c23/233_995,ffpp_test:21,1,face2face,h264_crf30_then_resize075,-4.789577484130859,0.008247385258543292
f3net_deepfakebench,external,1,official,236,faceswap_faces_c23/995_233,ffpp_test:21,1,faceswap,h264_crf30_then_resize075,0.2879924774169922,0.5715045872850547
f3net_deepfakebench,external,1,official,237,faceswap_faces_c23/233_995,ffpp_test:21,1,faceswap,h264_crf30_then_resize075,1.7017059326171875,0.845757408209434
f3net_deepfakebench,external,1,official,238,neuraltextures_faces_c23/995_233,ffpp_test:21,1,neuraltextures,h264_crf30_then_resize075,2.1057891845703125,0.8914645848539218
f3net_deepfakebench,external,1,official,239,neuraltextures_faces_c23/233_995,ffpp_test:21,1,neuraltextures,h264_crf30_then_resize075,-5.119659423828125,0.005942533718231991
f3net_deepfakebench,external,1,official,240,original_faces_c23/755,ffpp_test:62,0,real,h264_crf30_then_resize075,-2.7110595703125,0.06232390175651095
f3net_deepfakebench,external,1,official,241,original_faces_c23/759,ffpp_test:62,0,real,h264_crf30_then_resize075,-1.7255134582519531,0.1511623576989577
f3net_deepfakebench,external,1,official,242,deepfakes_faces_c23/755_759,ffpp_test:62,1,deepfakes,h264_crf30_then_resize075,7.38037109375,0.9993770188329267
f3net_deepfakebench,external,1,official,243,deepfakes_faces_c23/759_755,ffpp_test:62,1,deepfakes,h264_crf30_then_resize075,-0.718963623046875,0.32762124101471213
f3net_deepfakebench,external,1,official,244,face2face_faces_c23/755_759,ffpp_test:62,1,face2face,h264_crf30_then_resize075,1.6368255615234375,0.8371025280922624
f3net_deepfakebench,external,1,official,245,face2face_faces_c23/759_755,ffpp_test:62,1,face2face,h264_crf30_then_resize075,2.9673919677734375,0.9510790739964157
f3net_deepfakebench,external,1,official,246,faceswap_faces_c23/755_759,ffpp_test:62,1,faceswap,h264_crf30_then_resize075,1.6457061767578125,0.8383098831635094
f3net_deepfakebench,external,1,official,247,faceswap_faces_c23/759_755,ffpp_test:62,1,faceswap,h264_crf30_then_resize075,-1.3795604705810547,0.20107959937786626
f3net_deepfakebench,external,1,official,248,neuraltextures_faces_c23/755_759,ffpp_test:62,1,neuraltextures,h264_crf30_then_resize075,-1.449005126953125,0.19015472516621726
f3net_deepfakebench,external,1,official,249,neuraltextures_faces_c23/759_755,ffpp_test:62,1,neuraltextures,h264_crf30_then_resize075,2.556598663330078,0.9280155698863043
f3net_deepfakebench,external,1,official,250,original_faces_c23/467,ffpp_test:43,0,real,h264_crf30_then_resize075,-0.9407596588134766,0.2807469205862993
f3net_deepfakebench,external,1,official,251,original_faces_c23/462,ffpp_test:43,0,real,h264_crf30_then_resize075,-2.59014892578125,0.06977511599868007
f3net_deepfakebench,external,1,official,252,deepfakes_faces_c23/467_462,ffpp_test:43,1,deepfakes,h264_crf30_then_resize075,-1.0009269714355469,0.26875920676462134
f3net_deepfakebench,external,1,official,253,deepfakes_faces_c23/462_467,ffpp_test:43,1,deepfakes,h264_crf30_then_resize075,4.475433349609375,0.9887428783183574
f3net_deepfakebench,external,1,official,254,face2face_faces_c23/467_462,ffpp_test:43,1,face2face,h264_crf30_then_resize075,4.86126708984375,0.9923187881716606
f3net_deepfakebench,external,1,official,255,face2face_faces_c23/462_467,ffpp_test:43,1,face2face,h264_crf30_then_resize075,1.2673416137695312,0.780287336411884
f3net_deepfakebench,external,1,official,256,faceswap_faces_c23/467_462,ffpp_test:43,1,faceswap,h264_crf30_then_resize075,3.6676025390625,0.9750983079368399
f3net_deepfakebench,external,1,official,257,faceswap_faces_c23/462_467,ffpp_test:43,1,faceswap,h264_crf30_then_resize075,5.157470703125,0.9942767041375782
f3net_deepfakebench,external,1,official,258,neuraltextures_faces_c23/467_462,ffpp_test:43,1,neuraltextures,h264_crf30_then_resize075,1.2001404762268066,0.7685497724961499
f3net_deepfakebench,external,1,official,259,neuraltextures_faces_c23/462_467,ffpp_test:43,1,neuraltextures,h264_crf30_then_resize075,-1.503291130065918,0.18193517637711398
f3net_deepfakebench,external,1,official,260,original_faces_c23/314,ffpp_test:27,0,real,h264_crf30_then_resize075,-1.8243789672851562,0.13890926077355906
f3net_deepfakebench,external,1,official,261,original_faces_c23/347,ffpp_test:27,0,real,h264_crf30_then_resize075,-3.233978271484375,0.037906892650578256
f3net_deepfakebench,external,1,official,262,deepfakes_faces_c23/314_347,ffpp_test:27,1,deepfakes,h264_crf30_then_resize075,6.547119140625,0.9985678126021476
f3net_deepfakebench,external,1,official,263,deepfakes_faces_c23/347_314,ffpp_test:27,1,deepfakes,h264_crf30_then_resize075,1.7973098754882812,0.8578211524078585
f3net_deepfakebench,external,1,official,264,face2face_faces_c23/314_347,ffpp_test:27,1,face2face,h264_crf30_then_resize075,1.437906265258789,0.8081302152113264
f3net_deepfakebench,external,1,official,265,face2face_faces_c23/347_314,ffpp_test:27,1,face2face,h264_crf30_then_resize075,-0.007091522216796875,0.4982271268755642
f3net_deepfakebench,external,1,official,266,faceswap_faces_c23/314_347,ffpp_test:27,1,faceswap,h264_crf30_then_resize075,1.8037185668945312,0.8586009912247903
f3net_deepfakebench,external,1,official,267,faceswap_faces_c23/347_314,ffpp_test:27,1,faceswap,h264_crf30_then_resize075,3.1128361225128174,0.9574191282037452
f3net_deepfakebench,external,1,official,268,neuraltextures_faces_c23/314_347,ffpp_test:27,1,neuraltextures,h264_crf30_then_resize075,0.5580558776855469,0.6360025886696625
f3net_deepfakebench,external,1,official,269,neuraltextures_faces_c23/347_314,ffpp_test:27,1,neuraltextures,h264_crf30_then_resize075,-2.4795913696289062,0.07730134300948958
f3net_deepfakebench,external,1,official,270,original_faces_c23/741,ffpp_test:60,0,real,h264_crf30_then_resize075,-1.8917160034179688,0.1310489356083167
f3net_deepfakebench,external,1,official,271,original_faces_c23/731,ffpp_test:60,0,real,h264_crf30_then_resize075,-2.175048828125,0.10201359611283517
f3net_deepfakebench,external,1,official,272,deepfakes_faces_c23/741_731,ffpp_test:60,1,deepfakes,h264_crf30_then_resize075,1.0498695373535156,0.7407498459861614
f3net_deepfakebench,external,1,official,273,deepfakes_faces_c23/731_741,ffpp_test:60,1,deepfakes,h264_crf30_then_resize075,6.390380859375,0.9983251925422185
f3net_deepfakebench,external,1,official,274,face2face_faces_c23/741_731,ffpp_test:60,1,face2face,h264_crf30_then_resize075,2.4983673095703125,0.9240272830211508
f3net_deepfakebench,external,1,official,275,face2face_faces_c23/731_741,ffpp_test:60,1,face2face,h264_crf30_then_resize075,1.105570673942566,0.7513024262877941
f3net_deepfakebench,external,1,official,276,faceswap_faces_c23/741_731,ffpp_test:60,1,faceswap,h264_crf30_then_resize075,2.3026437759399414,0.9090957588047216
f3net_deepfakebench,external,1,official,277,faceswap_faces_c23/731_741,ffpp_test:60,1,faceswap,h264_crf30_then_resize075,3.2039284706115723,0.9609818451586749
f3net_deepfakebench,external,1,official,278,neuraltextures_faces_c23/741_731,ffpp_test:60,1,neuraltextures,h264_crf30_then_resize075,-0.44972801208496094,0.38942543556023684
f3net_deepfakebench,external,1,official,279,neuraltextures_faces_c23/731_741,ffpp_test:60,1,neuraltextures,h264_crf30_then_resize075,1.4012670516967773,0.8023848735466612
f3net_deepfakebench,external,1,official,280,original_faces_c23/970,ffpp_test:69,0,real,h264_crf30_then_resize075,-4.216461181640625,0.014536330668179682
f3net_deepfakebench,external,1,official,281,original_faces_c23/973,ffpp_test:69,0,real,h264_crf30_then_resize075,-2.7534408569335938,0.0598926173908053
f3net_deepfakebench,external,1,official,282,deepfakes_faces_c23/970_973,ffpp_test:69,1,deepfakes,h264_crf30_then_resize075,3.0774383544921875,0.9559524463531535
f3net_deepfakebench,external,1,official,283,deepfakes_faces_c23/973_970,ffpp_test:69,1,deepfakes,h264_crf30_then_resize075,6.807861328125,0.9988961660739268
f3net_deepfakebench,external,1,official,284,face2face_faces_c23/970_973,ffpp_test:69,1,face2face,h264_crf30_then_resize075,2.409454345703125,0.9175454093471139
f3net_deepfakebench,external,1,official,285,face2face_faces_c23/973_970,ffpp_test:69,1,face2face,h264_crf30_then_resize075,4.054771423339844,0.9829560888062012
f3net_deepfakebench,external,1,official,286,faceswap_faces_c23/970_973,ffpp_test:69,1,faceswap,h264_crf30_then_resize075,3.5374984741210938,0.9717360884801272
f3net_deepfakebench,external,1,official,287,faceswap_faces_c23/973_970,ffpp_test:69,1,faceswap,h264_crf30_then_resize075,3.61798095703125,0.9738645845916559
f3net_deepfakebench,external,1,official,288,neuraltextures_faces_c23/970_973,ffpp_test:69,1,neuraltextures,h264_crf30_then_resize075,-1.8090548515319824,0.14075239427661923
f3net_deepfakebench,external,1,official,289,neuraltextures_faces_c23/973_970,ffpp_test:69,1,neuraltextures,h264_crf30_then_resize075,2.983922004699707,0.9518424685606491
f3net_deepfakebench,external,1,official,290,original_faces_c23/634,ffpp_test:53,0,real,h264_crf30_then_resize075,-4.83782958984375,0.00786193442930399
f3net_deepfakebench,external,1,official,291,original_faces_c23/660,ffpp_test:53,0,real,h264_crf30_then_resize075,-1.3698368072509766,0.20264621395441476
f3net_deepfakebench,external,1,official,292,deepfakes_faces_c23/634_660,ffpp_test:53,1,deepfakes,h264_crf30_then_resize075,-0.6690597534179688,0.3387074096966456
f3net_deepfakebench,external,1,official,293,deepfakes_faces_c23/660_634,ffpp_test:53,1,deepfakes,h264_crf30_then_resize075,7.112089157104492,0.9991854738421136
f3net_deepfakebench,external,1,official,294,face2face_faces_c23/634_660,ffpp_test:53,1,face2face,h264_crf30_then_resize075,-0.9712429046630859,0.2746328342765693
f3net_deepfakebench,external,1,official,295,face2face_faces_c23/660_634,ffpp_test:53,1,face2face,h264_crf30_then_resize075,5.253021240234375,0.994795539802823
f3net_deepfakebench,external,1,official,296,faceswap_faces_c23/634_660,ffpp_test:53,1,faceswap,h264_crf30_then_resize075,3.0913925170898438,0.9565362952201086
f3net_deepfakebench,external,1,official,297,faceswap_faces_c23/660_634,ffpp_test:53,1,faceswap,h264_crf30_then_resize075,5.212985992431641,0.9945841021774311
f3net_deepfakebench,external,1,official,298,neuraltextures_faces_c23/634_660,ffpp_test:53,1,neuraltextures,h264_crf30_then_resize075,-2.1064682006835938,0.10846973407817956
f3net_deepfakebench,external,1,official,299,neuraltextures_faces_c23/660_634,ffpp_test:53,1,neuraltextures,h264_crf30_then_resize075,1.5581283569335938,0.8260846203192103
f3net_deepfakebench,external,1,official,300,original_faces_c23/494,ffpp_test:40,0,real,h264_crf30_then_resize075,-1.6673014163970947,0.15878430182248132
f3net_deepfakebench,external,1,official,301,original_faces_c23/445,ffpp_test:40,0,real,h264_crf30_then_resize075,-0.5735018849372864,0.36042917646553846
f3net_deepfakebench,external,1,official,302,deepfakes_faces_c23/494_445,ffpp_test:40,1,deepfakes,h264_crf30_then_resize075,1.2996959686279297,0.7857838106138667
f3net_deepfakebench,external,1,official,303,deepfakes_faces_c23/445_494,ffpp_test:40,1,deepfakes,h264_crf30_then_resize075,3.938873291015625,0.9809017068602338
f3net_deepfakebench,external,1,official,304,face2face_faces_c23/494_445,ffpp_test:40,1,face2face,h264_crf30_then_resize075,2.7384109497070312,0.9392554972999952
f3net_deepfakebench,external,1,official,305,face2face_faces_c23/445_494,ffpp_test:40,1,face2face,h264_crf30_then_resize075,2.1232948303222656,0.8931467812088545
f3net_deepfakebench,external,1,official,306,faceswap_faces_c23/494_445,ffpp_test:40,1,faceswap,h264_crf30_then_resize075,2.6277904510498047,0.9326288510601686
f3net_deepfakebench,external,1,official,307,faceswap_faces_c23/445_494,ffpp_test:40,1,faceswap,h264_crf30_then_resize075,5.05694580078125,0.9936752868656467
f3net_deepfakebench,external,1,official,308,neuraltextures_faces_c23/494_445,ffpp_test:40,1,neuraltextures,h264_crf30_then_resize075,-0.4759712219238281,0.38320391272795246
f3net_deepfakebench,external,1,official,309,neuraltextures_faces_c23/445_494,ffpp_test:40,1,neuraltextures,h264_crf30_then_resize075,1.5643730163574219,0.8269799570998471
f3net_deepfakebench,external,1,official,310,original_faces_c23/706,ffpp_test:44,0,real,h264_crf30_then_resize075,-3.721832275390625,0.02361828813213871
f3net_deepfakebench,external,1,official,311,original_faces_c23/479,ffpp_test:44,0,real,h264_crf30_then_resize075,-2.82999324798584,0.05572475321524315
f3net_deepfakebench,external,1,official,312,deepfakes_faces_c23/706_479,ffpp_test:44,1,deepfakes,h264_crf30_then_resize075,1.5694465637207031,0.8277046972359311
f3net_deepfakebench,external,1,official,313,deepfakes_faces_c23/479_706,ffpp_test:44,1,deepfakes,h264_crf30_then_resize075,7.2769775390625,0.9993092057752738
f3net_deepfakebench,external,1,official,314,face2face_faces_c23/706_479,ffpp_test:44,1,face2face,h264_crf30_then_resize075,0.12816810607910156,0.5319982354208169
f3net_deepfakebench,external,1,official,315,face2face_faces_c23/479_706,ffpp_test:44,1,face2face,h264_crf30_then_resize075,4.242485046386719,0.9858317903801946
f3net_deepfakebench,external,1,official,316,faceswap_faces_c23/706_479,ffpp_test:44,1,faceswap,h264_crf30_then_resize075,3.5196266174316406,0.9712410766432936
f3net_deepfakebench,external,1,official,317,faceswap_faces_c23/479_706,ffpp_test:44,1,faceswap,h264_crf30_then_resize075,0.9315500259399414,0.7173896463156317
f3net_deepfakebench,external,1,official,318,neuraltextures_faces_c23/706_479,ffpp_test:44,1,neuraltextures,h264_crf30_then_resize075,-2.0349655151367188,0.11558036972490517
f3net_deepfakebench,external,1,official,319,neuraltextures_faces_c23/479_706,ffpp_test:44,1,neuraltextures,h264_crf30_then_resize075,0.1741325855255127,0.5434234773334111
f3net_deepfakebench,external,1,official,320,original_faces_c23/186,ffpp_test:17,0,real,h264_crf30_then_resize075,-2.2899017333984375,0.09196275541420144
f3net_deepfakebench,external,1,official,321,original_faces_c23/170,ffpp_test:17,0,real,h264_crf30_then_resize075,-2.735443115234375,0.06091405223942915
f3net_deepfakebench,external,1,official,322,deepfakes_faces_c23/186_170,ffpp_test:17,1,deepfakes,h264_crf30_then_resize075,-1.0552024841308594,0.258227333149096
f3net_deepfakebench,external,1,official,323,deepfakes_faces_c23/170_186,ffpp_test:17,1,deepfakes,h264_crf30_then_resize075,4.89825439453125,0.9925956402924203
f3net_deepfakebench,external,1,official,324,face2face_faces_c23/186_170,ffpp_test:17,1,face2face,h264_crf30_then_resize075,-0.452392578125,0.38879205997946154
f3net_deepfakebench,external,1,official,325,face2face_faces_c23/170_186,ffpp_test:17,1,face2face,h264_crf30_then_resize075,3.771465301513672,0.9774996111222436
f3net_deepfakebench,external,1,official,326,faceswap_faces_c23/186_170,ffpp_test:17,1,faceswap,h264_crf30_then_resize075,1.58831787109375,0.8303793076812792
f3net_deepfakebench,external,1,official,327,faceswap_faces_c23/170_186,ffpp_test:17,1,faceswap,h264_crf30_then_resize075,0.4828376770019531,0.6184177266035926
f3net_deepfakebench,external,1,official,328,neuraltextures_faces_c23/186_170,ffpp_test:17,1,neuraltextures,h264_crf30_then_resize075,-2.7762908935546875,0.05861889936809969
f3net_deepfakebench,external,1,official,329,neuraltextures_faces_c23/170_186,ffpp_test:17,1,neuraltextures,h264_crf30_then_resize075,-1.2475709915161133,0.22312089502074664
f3net_deepfakebench,external,1,official,330,original_faces_c23/176,ffpp_test:18,0,real,h264_crf30_then_resize075,-3.588531494140625,0.026895526059718025
f3net_deepfakebench,external,1,official,331,original_faces_c23/190,ffpp_test:18,0,real,h264_crf30_then_resize075,-0.8150247931480408,0.30682077759773835
f3net_deepfakebench,external,1,official,332,deepfakes_faces_c23/176_190,ffpp_test:18,1,deepfakes,h264_crf30_then_resize075,6.8072509765625,0.9988954928858815
f3net_deepfakebench,external,1,official,333,deepfakes_faces_c23/190_176,ffpp_test:18,1,deepfakes,h264_crf30_then_resize075,0.73046875,0.6749081281133934
f3net_deepfakebench,external,1,official,334,face2face_faces_c23/176_190,ffpp_test:18,1,face2face,h264_crf30_then_resize075,5.0491943359375,0.9936263842571301
f3net_deepfakebench,external,1,official,335,face2face_faces_c23/190_176,ffpp_test:18,1,face2face,h264_crf30_then_resize075,5.7103271484375,0.9966993414380373
f3net_deepfakebench,external,1,official,336,faceswap_faces_c23/176_190,ffpp_test:18,1,faceswap,h264_crf30_then_resize075,4.828392028808594,0.9920641084694684
f3net_deepfakebench,external,1,official,337,faceswap_faces_c23/190_176,ffpp_test:18,1,faceswap,h264_crf30_then_resize075,1.3473281860351562,0.7936924760337604
f3net_deepfakebench,external,1,official,338,neuraltextures_faces_c23/176_190,ffpp_test:18,1,neuraltextures,h264_crf30_then_resize075,-0.5459427833557129,0.36680622552166475
f3net_deepfakebench,external,1,official,339,neuraltextures_faces_c23/190_176,ffpp_test:18,1,neuraltextures,h264_crf30_then_resize075,0.1311807632446289,0.5327482422237784
f3net_deepfakebench,external,1,official,340,original_faces_c23/380,ffpp_test:29,0,real,h264_crf30_then_resize075,-1.6387042999267578,0.16264144582025855
f3net_deepfakebench,external,1,official,341,original_faces_c23/358,ffpp_test:29,0,real,h264_crf30_then_resize075,-0.5508809089660645,0.3656600555359609
f3net_deepfakebench,external,1,official,342,deepfakes_faces_c23/380_358,ffpp_test:29,1,deepfakes,h264_crf30_then_resize075,6.37060546875,0.9982918000595741
f3net_deepfakebench,external,1,official,343,deepfakes_faces_c23/358_380,ffpp_test:29,1,deepfakes,h264_crf30_then_resize075,3.17877197265625,0.9600275675566369
f3net_deepfakebench,external,1,official,344,face2face_faces_c23/380_358,ffpp_test:29,1,face2face,h264_crf30_then_resize075,2.7462158203125,0.9396992774549753
f3net_deepfakebench,external,1,official,345,face2face_faces_c23/358_380,ffpp_test:29,1,face2face,h264_crf30_then_resize075,2.728443145751953,0.9386842919083069
f3net_deepfakebench,external,1,official,346,faceswap_faces_c23/380_358,ffpp_test:29,1,faceswap,h264_crf30_then_resize075,3.1111068725585938,0.9573485747996247
f3net_deepfakebench,external,1,official,347,faceswap_faces_c23/358_380,ffpp_test:29,1,faceswap,h264_crf30_then_resize075,0.15807542204856873,0.5394367697205963
f3net_deepfakebench,external,1,official,348,neuraltextures_faces_c23/380_358,ffpp_test:29,1,neuraltextures,h264_crf30_then_resize075,1.300323486328125,0.7858894202279243
f3net_deepfakebench,external,1,official,349,neuraltextures_faces_c23/358_380,ffpp_test:29,1,neuraltextures,h264_crf30_then_resize075,2.56703519821167,0.9287096515397804
f3net_deepfakebench,external,1,official,350,original_faces_c23/214,ffpp_test:19,0,real,h264_crf30_then_resize075,-3.225067138671875,0.03823322290353418
f3net_deepfakebench,external,1,official,351,original_faces_c23/255,ffpp_test:19,0,real,h264_crf30_then_resize075,-1.497659683227539,0.18277483320569057
f3net_deepfakebench,external,1,official,352,deepfakes_faces_c23/214_255,ffpp_test:19,1,deepfakes,h264_crf30_then_resize075,5.7451171875,0.9968118371696824
f3net_deepfakebench,external,1,official,353,deepfakes_faces_c23/255_214,ffpp_test:19,1,deepfakes,h264_crf30_then_resize075,1.2728118896484375,0.7812237170480385
f3net_deepfakebench,external,1,official,354,face2face_faces_c23/214_255,ffpp_test:19,1,face2face,h264_crf30_then_resize075,4.458709716796875,0.9885552080546672
f3net_deepfakebench,external,1,official,355,face2face_faces_c23/255_214,ffpp_test:19,1,face2face,h264_crf30_then_resize075,4.87384033203125,0.9924140332483221
f3net_deepfakebench,external,1,official,356,faceswap_faces_c23/214_255,ffpp_test:19,1,faceswap,h264_crf30_then_resize075,3.1338958740234375,0.9582694638776051
f3net_deepfakebench,external,1,official,357,faceswap_faces_c23/255_214,ffpp_test:19,1,faceswap,h264_crf30_then_resize075,4.435335159301758,0.9882877102006384
f3net_deepfakebench,external,1,official,358,neuraltextures_faces_c23/214_255,ffpp_test:19,1,neuraltextures,h264_crf30_then_resize075,-1.1982040405273438,0.23179486177288777
f3net_deepfakebench,external,1,official,359,neuraltextures_faces_c23/255_214,ffpp_test:19,1,neuraltextures,h264_crf30_then_resize075,0.0465240478515625,0.5116289144856756
f3net_deepfakebench,external,1,official,360,original_faces_c23/454,ffpp_test:42,0,real,h264_crf30_then_resize075,0.8734569549560547,0.7054645089290282
f3net_deepfakebench,external,1,official,361,original_faces_c23/527,ffpp_test:42,0,real,h264_crf30_then_resize075,-2.2003021240234375,0.09972336156357542
f3net_deepfakebench,external,1,official,362,deepfakes_faces_c23/454_527,ffpp_test:42,1,deepfakes,h264_crf30_then_resize075,6.5413818359375,0.9985595839598821
f3net_deepfakebench,external,1,official,363,deepfakes_faces_c23/527_454,ffpp_test:42,1,deepfakes,h264_crf30_then_resize075,5.6966552734375,0.9966540573828088
f3net_deepfakebench,external,1,official,364,face2face_faces_c23/454_527,ffpp_test:42,1,face2face,h264_crf30_then_resize075,5.298980712890625,0.9950281583553119
f3net_deepfakebench,external,1,official,365,face2face_faces_c23/527_454,ffpp_test:42,1,face2face,h264_crf30_then_resize075,2.4409713745117188,0.9198986928438642
f3net_deepfakebench,external,1,official,366,faceswap_faces_c23/454_527,ffpp_test:42,1,faceswap,h264_crf30_then_resize075,5.2181396484375,0.9946117920445534
f3net_deepfakebench,external,1,official,367,faceswap_faces_c23/527_454,ffpp_test:42,1,faceswap,h264_crf30_then_resize075,4.170434951782227,0.9847893954133814
f3net_deepfakebench,external,1,official,368,neuraltextures_faces_c23/454_527,ffpp_test:42,1,neuraltextures,h264_crf30_then_resize075,0.4346141815185547,0.6069749524190422
f3net_deepfakebench,external,1,official,369,neuraltextures_faces_c23/527_454,ffpp_test:42,1,neuraltextures,h264_crf30_then_resize075,-0.24693059921264648,0.43857912687578515
f3net_deepfakebench,external,1,official,370,original_faces_c23/425,ffpp_test:39,0,real,h264_crf30_then_resize075,-2.0866241455078125,0.11040369715501844
f3net_deepfakebench,external,1,official,371,original_faces_c23/485,ffpp_test:39,0,real,h264_crf30_then_resize075,-4.104400634765625,0.0162320776009201
f3net_deepfakebench,external,1,official,372,deepfakes_faces_c23/425_485,ffpp_test:39,1,deepfakes,h264_crf30_then_resize075,2.255382537841797,0.905113811594623
f3net_deepfakebench,external,1,official,373,deepfakes_faces_c23/485_425,ffpp_test:39,1,deepfakes,h264_crf30_then_resize075,1.5303438901901245,0.8220566238808916
f3net_deepfakebench,external,1,official,374,face2face_faces_c23/425_485,ffpp_test:39,1,face2face,h264_crf30_then_resize075,1.6299057006835938,0.8361567203062285
f3net_deepfakebench,external,1,official,375,face2face_faces_c23/485_425,ffpp_test:39,1,face2face,h264_crf30_then_resize075,-3.206329345703125,0.03892823182325809
f3net_deepfakebench,external,1,official,376,faceswap_faces_c23/425_485,ffpp_test:39,1,faceswap,h264_crf30_then_resize075,2.6926040649414062,0.9365888135648845
f3net_deepfakebench,external,1,official,377,faceswap_faces_c23/485_425,ffpp_test:39,1,faceswap,h264_crf30_then_resize075,5.9210052490234375,0.9973246743287262
f3net_deepfakebench,external,1,official,378,neuraltextures_faces_c23/425_485,ffpp_test:39,1,neuraltextures,h264_crf30_then_resize075,0.6660511493682861,0.6606183823656063
f3net_deepfakebench,external,1,official,379,neuraltextures_faces_c23/485_425,ffpp_test:39,1,neuraltextures,h264_crf30_then_resize075,-2.5308494567871094,0.07372361750971748
f3net_deepfakebench,external,1,official,380,original_faces_c23/388,ffpp_test:26,0,real,h264_crf30_then_resize075,-0.5984487533569336,0.354698674695548
f3net_deepfakebench,external,1,official,381,original_faces_c23/308,ffpp_test:26,0,real,h264_crf30_then_resize075,-1.3495407104492188,0.20594547016539763
f3net_deepfakebench,external,1,official,382,deepfakes_faces_c23/388_308,ffpp_test:26,1,deepfakes,h264_crf30_then_resize075,-0.396759033203125,0.4020912654394981
f3net_deepfakebench,external,1,official,383,deepfakes_faces_c23/308_388,ffpp_test:26,1,deepfakes,h264_crf30_then_resize075,4.2667236328125,0.9861663856110179
f3net_deepfakebench,external,1,official,384,face2face_faces_c23/388_308,ffpp_test:26,1,face2face,h264_crf30_then_resize075,3.0195045471191406,0.9534475395860686
f3net_deepfakebench,external,1,official,385,face2face_faces_c23/308_388,ffpp_test:26,1,face2face,h264_crf30_then_resize075,1.1222419738769531,0.7544043427356564
f3net_deepfakebench,external,1,official,386,faceswap_faces_c23/388_308,ffpp_test:26,1,faceswap,h264_crf30_then_resize075,3.6082687377929688,0.9736162447586642
f3net_deepfakebench,external,1,official,387,faceswap_faces_c23/308_388,ffpp_test:26,1,faceswap,h264_crf30_then_resize075,3.0609130859375,0.9552513441453477
f3net_deepfakebench,external,1,official,388,neuraltextures_faces_c23/388_308,ffpp_test:26,1,neuraltextures,h264_crf30_then_resize075,2.89678955078125,0.9476875045842729
f3net_deepfakebench,external,1,official,389,neuraltextures_faces_c23/308_388,ffpp_test:26,1,neuraltextures,h264_crf30_then_resize075,-0.5232887268066406,0.37208354149098066
f3net_deepfakebench,external,1,official,390,original_faces_c23/384,ffpp_test:32,0,real,h264_crf30_then_resize075,-3.5452346801757812,0.028052209784777363
f3net_deepfakebench,external,1,official,391,original_faces_c23/932,ffpp_test:32,0,real,h264_crf30_then_resize075,-0.8289079666137695,0.3038760243929329
f3net_deepfakebench,external,1,official,392,deepfakes_faces_c23/384_932,ffpp_test:32,1,deepfakes,h264_crf30_then_resize075,5.932220458984375,0.9973544321075456
f3net_deepfakebench,external,1,official,393,deepfakes_faces_c23/932_384,ffpp_test:32,1,deepfakes,h264_crf30_then_resize075,3.970855712890625,0.9814917260818886
f3net_deepfakebench,external,1,official,394,face2face_faces_c23/384_932,ffpp_test:32,1,face2face,h264_crf30_then_resize075,-0.2911224365234375,0.4277290982567532
f3net_deepfakebench,external,1,official,395,face2face_faces_c23/932_384,ffpp_test:32,1,face2face,h264_crf30_then_resize075,0.16346168518066406,0.5407746710431308
f3net_deepfakebench,external,1,official,396,faceswap_faces_c23/384_932,ffpp_test:32,1,faceswap,h264_crf30_then_resize075,6.6494140625,0.9987068937450996
f3net_deepfakebench,external,1,official,397,faceswap_faces_c23/932_384,ffpp_test:32,1,faceswap,h264_crf30_then_resize075,2.669297695159912,0.9351904782327748
f3net_deepfakebench,external,1,official,398,neuraltextures_faces_c23/384_932,ffpp_test:32,1,neuraltextures,h264_crf30_then_resize075,-0.7526845932006836,0.32023662299988914
f3net_deepfakebench,external,1,official,399,neuraltextures_faces_c23/932_384,ffpp_test:32,1,neuraltextures,h264_crf30_then_resize075,0.4879133701324463,0.6196147526250829
f3net_deepfakebench,external,1,official,400,original_faces_c23/035,ffpp_test:5,0,real,h264_crf30_then_resize075,-2.4129791259765625,0.08218831264363595
f3net_deepfakebench,external,1,official,401,original_faces_c23/036,ffpp_test:5,0,real,h264_crf30_then_resize075,-2.538787841796875,0.07318334861379697
f3net_deepfakebench,external,1,official,402,deepfakes_faces_c23/035_036,ffpp_test:5,1,deepfakes,h264_crf30_then_resize075,4.500211715698242,0.9890153576826556
f3net_deepfakebench,external,1,official,403,deepfakes_faces_c23/036_035,ffpp_test:5,1,deepfakes,h264_crf30_then_resize075,1.1886062622070312,0.7664917026687148
f3net_deepfakebench,external,1,official,404,face2face_faces_c23/035_036,ffpp_test:5,1,face2face,h264_crf30_then_resize075,-0.6380500793457031,0.3456874545315274
f3net_deepfakebench,external,1,official,405,face2face_faces_c23/036_035,ffpp_test:5,1,face2face,h264_crf30_then_resize075,2.4151554107666016,0.9179757027040343
f3net_deepfakebench,external,1,official,406,faceswap_faces_c23/035_036,ffpp_test:5,1,faceswap,h264_crf30_then_resize075,0.6579608917236328,0.6588021824189781
f3net_deepfakebench,external,1,official,407,faceswap_faces_c23/036_035,ffpp_test:5,1,faceswap,h264_crf30_then_resize075,-0.6447389125823975,0.34417608876133754
f3net_deepfakebench,external,1,official,408,neuraltextures_faces_c23/035_036,ffpp_test:5,1,neuraltextures,h264_crf30_then_resize075,-0.5013694763183594,0.3772188907936789
f3net_deepfakebench,external,1,official,409,neuraltextures_faces_c23/036_035,ffpp_test:5,1,neuraltextures,h264_crf30_then_resize075,-0.01129770278930664,0.49717560434431457
f3net_deepfakebench,external,1,official,410,original_faces_c23/257,ffpp_test:23,0,real,h264_crf30_then_resize075,0.1600494384765625,0.5399271653851873
f3net_deepfakebench,external,1,official,411,original_faces_c23/420,ffpp_test:23,0,real,h264_crf30_then_resize075,-0.1884077787399292,0.4530368958917701
f3net_deepfakebench,external,1,official,412,deepfakes_faces_c23/257_420,ffpp_test:23,1,deepfakes,h264_crf30_then_resize075,2.7437782287597656,0.9395610043040568
f3net_deepfakebench,external,1,official,413,deepfakes_faces_c23/420_257,ffpp_test:23,1,deepfakes,h264_crf30_then_resize075,2.329108476638794,0.911259269411629
f3net_deepfakebench,external,1,official,414,face2face_faces_c23/257_420,ffpp_test:23,1,face2face,h264_crf30_then_resize075,2.1815872192382812,0.8985838084312757
f3net_deepfakebench,external,1,official,415,face2face_faces_c23/420_257,ffpp_test:23,1,face2face,h264_crf30_then_resize075,0.9079229831695557,0.7125749529031882
f3net_deepfakebench,external,1,official,416,faceswap_faces_c23/257_420,ffpp_test:23,1,faceswap,h264_crf30_then_resize075,2.7644119262695312,0.9407221395747896
f3net_deepfakebench,external,1,official,417,faceswap_faces_c23/420_257,ffpp_test:23,1,faceswap,h264_crf30_then_resize075,1.9155998229980469,0.8716469528090778
f3net_deepfakebench,external,1,official,418,neuraltextures_faces_c23/257_420,ffpp_test:23,1,neuraltextures,h264_crf30_then_resize075,1.1497573852539062,0.7594665995848464
f3net_deepfakebench,external,1,official,419,neuraltextures_faces_c23/420_257,ffpp_test:23,1,neuraltextures,h264_crf30_then_resize075,0.026651382446289062,0.5066624512567641
f3net_deepfakebench,external,1,official,420,original_faces_c23/924,ffpp_test:67,0,real,h264_crf30_then_resize075,-2.5745086669921875,0.07079712733063674
f3net_deepfakebench,external,1,official,421,original_faces_c23/917,ffpp_test:67,0,real,h264_crf30_then_resize075,-2.5506820678710938,0.07238067679630211
f3net_deepfakebench,external,1,official,422,deepfakes_faces_c23/924_917,ffpp_test:67,1,deepfakes,h264_crf30_then_resize075,6.48974609375,0.9984833690371792
f3net_deepfakebench,external,1,official,423,deepfakes_faces_c23/917_924,ffpp_test:67,1,deepfakes,h264_crf30_then_resize075,5.08160400390625,0.9938283851050845
f3net_deepfakebench,external,1,official,424,face2face_faces_c23/924_917,ffpp_test:67,1,face2face,h264_crf30_then_resize075,5.48883056640625,0.9958843344673459
f3net_deepfakebench,external,1,official,425,face2face_faces_c23/917_924,ffpp_test:67,1,face2face,h264_crf30_then_resize075,0.7051734924316406,0.6693338023023805
f3net_deepfakebench,external,1,official,426,faceswap_faces_c23/924_917,ffpp_test:67,1,faceswap,h264_crf30_then_resize075,5.4864349365234375,0.9958745037611326
f3net_deepfakebench,external,1,official,427,faceswap_faces_c23/917_924,ffpp_test:67,1,faceswap,h264_crf30_then_resize075,1.3087873458862305,0.7873101642151168
f3net_deepfakebench,external,1,official,428,neuraltextures_faces_c23/924_917,ffpp_test:67,1,neuraltextures,h264_crf30_then_resize075,1.5165863037109375,0.8200352463032938
f3net_deepfakebench,external,1,official,429,neuraltextures_faces_c23/917_924,ffpp_test:67,1,neuraltextures,h264_crf30_then_resize075,3.0078086853027344,0.9529256530582358
f3net_deepfakebench,external,1,official,430,original_faces_c23/114,ffpp_test:9,0,real,h264_crf30_then_resize075,-1.6190834045410156,0.1653313187007887
f3net_deepfakebench,external,1,official,431,original_faces_c23/102,ffpp_test:9,0,real,h264_crf30_then_resize075,-4.189239501953125,0.014931479475541921
f3net_deepfakebench,external,1,official,432,deepfakes_faces_c23/114_102,ffpp_test:9,1,deepfakes,h264_crf30_then_resize075,-0.3913249969482422,0.403398375395781
f3net_deepfakebench,external,1,official,433,deepfakes_faces_c23/102_114,ffpp_test:9,1,deepfakes,h264_crf30_then_resize075,5.11029052734375,0.9940018651908332
f3net_deepfakebench,external,1,official,434,face2face_faces_c23/114_102,ffpp_test:9,1,face2face,h264_crf30_then_resize075,4.9354400634765625,0.9928639912343352
f3net_deepfakebench,external,1,official,435,face2face_faces_c23/102_114,ffpp_test:9,1,face2face,h264_crf30_then_resize075,1.360733985900879,0.795878963760079
f3net_deepfakebench,external,1,official,436,faceswap_faces_c23/114_102,ffpp_test:9,1,faceswap,h264_crf30_then_resize075,4.76190185546875,0.9915231372063303
f3net_deepfakebench,external,1,official,437,faceswap_faces_c23/102_114,ffpp_test:9,1,faceswap,h264_crf30_then_resize075,1.3237648010253906,0.7898073893772762
f3net_deepfakebench,external,1,official,438,neuraltextures_faces_c23/114_102,ffpp_test:9,1,neuraltextures,h264_crf30_then_resize075,0.43822479248046875,0.6078359531333496
f3net_deepfakebench,external,1,official,439,neuraltextures_faces_c23/102_114,ffpp_test:9,1,neuraltextures,h264_crf30_then_resize075,-0.4569854736328125,0.38770119648113177
f3net_deepfakebench,external,1,official,440,original_faces_c23/732,ffpp_test:56,0,real,h264_crf30_then_resize075,-2.8699951171875,0.05365689994528891
f3net_deepfakebench,external,1,official,441,original_faces_c23/691,ffpp_test:56,0,real,h264_crf30_then_resize075,-1.5627098083496094,0.17325815097057143
f3net_deepfakebench,external,1,official,442,deepfakes_faces_c23/732_691,ffpp_test:56,1,deepfakes,h264_crf30_then_resize075,2.2328262329101562,0.9031588315103676
f3net_deepfakebench,external,1,official,443,deepfakes_faces_c23/691_732,ffpp_test:56,1,deepfakes,h264_crf30_then_resize075,5.06341552734375,0.9937158176338501
f3net_deepfakebench,external,1,official,444,face2face_faces_c23/732_691,ffpp_test:56,1,face2face,h264_crf30_then_resize075,3.7187347412109375,0.976310175788511
f3net_deepfakebench,external,1,official,445,face2face_faces_c23/691_732,ffpp_test:56,1,face2face,h264_crf30_then_resize075,-0.0023533105850219727,0.4994116726252611
f3net_deepfakebench,external,1,official,446,faceswap_faces_c23/732_691,ffpp_test:56,1,faceswap,h264_crf30_then_resize075,3.056346893310547,0.9550557504461763
f3net_deepfakebench,external,1,official,447,faceswap_faces_c23/691_732,ffpp_test:56,1,faceswap,h264_crf30_then_resize075,1.3480758666992188,0.7938148779181555
f3net_deepfakebench,external,1,official,448,neuraltextures_faces_c23/732_691,ffpp_test:56,1,neuraltextures,h264_crf30_then_resize075,-1.4769821166992188,0.18588368554133491
f3net_deepfakebench,external,1,official,449,neuraltextures_faces_c23/691_732,ffpp_test:56,1,neuraltextures,h264_crf30_then_resize075,-0.5525984764099121,0.3652617529951036
f3net_deepfakebench,external,1,official,450,original_faces_c23/550,ffpp_test:41,0,real,h264_crf30_then_resize075,-0.5987472534179688,0.3546303547191181
f3net_deepfakebench,external,1,official,451,original_faces_c23/452,ffpp_test:41,0,real,h264_crf30_then_resize075,0.8936805725097656,0.7096491291591114
f3net_deepfakebench,external,1,official,452,deepfakes_faces_c23/550_452,ffpp_test:41,1,deepfakes,h264_crf30_then_resize075,3.7130889892578125,0.976179245616712
f3net_deepfakebench,external,1,official,453,deepfakes_faces_c23/452_550,ffpp_test:41,1,deepfakes,h264_crf30_then_resize075,1.0449981689453125,0.7398132542108526
f3net_deepfakebench,external,1,official,454,face2face_faces_c23/550_452,ffpp_test:41,1,face2face,h264_crf30_then_resize075,0.20792555809020996,0.551794919533048
f3net_deepfakebench,external,1,official,455,face2face_faces_c23/452_550,ffpp_test:41,1,face2face,h264_crf30_then_resize075,5.5418701171875,0.996096109456362
f3net_deepfakebench,external,1,official,456,faceswap_faces_c23/550_452,ffpp_test:41,1,faceswap,h264_crf30_then_resize075,3.8430938720703125,0.979022288092176
f3net_deepfakebench,external,1,official,457,faceswap_faces_c23/452_550,ffpp_test:41,1,faceswap,h264_crf30_then_resize075,2.3531150817871094,0.9131815125553955
f3net_deepfakebench,external,1,official,458,neuraltextures_faces_c23/550_452,ffpp_test:41,1,neuraltextures,h264_crf30_then_resize075,-0.4066429138183594,0.39971735995173335
f3net_deepfakebench,external,1,official,459,neuraltextures_faces_c23/452_550,ffpp_test:41,1,neuraltextures,h264_crf30_then_resize075,5.15966796875,0.9942891941950096
f3net_deepfakebench,external,1,official,460,original_faces_c23/280,ffpp_test:22,0,real,h264_crf30_then_resize075,-0.731572151184082,0.32484982451932726
f3net_deepfakebench,external,1,official,461,original_faces_c23/249,ffpp_test:22,0,real,h264_crf30_then_resize075,-4.05047607421875,0.017116022447114763
f3net_deepfakebench,external,1,official,462,deepfakes_faces_c23/280_249,ffpp_test:22,1,deepfakes,h264_crf30_then_resize075,-1.516836166381836,0.1799278825516906
f3net_deepfakebench,external,1,official,463,deepfakes_faces_c23/249_280,ffpp_test:22,1,deepfakes,h264_crf30_then_resize075,6.359801769256592,0.9982732771695001
f3net_deepfakebench,external,1,official,464,face2face_faces_c23/280_249,ffpp_test:22,1,face2face,h264_crf30_then_resize075,3.71856689453125,0.9763062934166604
f3net_deepfakebench,external,1,official,465,face2face_faces_c23/249_280,ffpp_test:22,1,face2face,h264_crf30_then_resize075,4.74969482421875,0.9914199190090123
f3net_deepfakebench,external,1,official,466,faceswap_faces_c23/280_249,ffpp_test:22,1,faceswap,h264_crf30_then_resize075,1.5460433959960938,0.824341540461507
f3net_deepfakebench,external,1,official,467,faceswap_faces_c23/249_280,ffpp_test:22,1,faceswap,h264_crf30_then_resize075,3.9615707397460938,0.981322301662735
f3net_deepfakebench,external,1,official,468,neuraltextures_faces_c23/280_249,ffpp_test:22,1,neuraltextures,h264_crf30_then_resize075,-0.6157035827636719,0.3507592340077827
f3net_deepfakebench,external,1,official,469,neuraltextures_faces_c23/249_280,ffpp_test:22,1,neuraltextures,h264_crf30_then_resize075,-1.9598236083984375,0.12348613845009791
f3net_deepfakebench,external,1,official,470,original_faces_c23/842,ffpp_test:58,0,real,h264_crf30_then_resize075,-1.4195060729980469,0.194739027440922
f3net_deepfakebench,external,1,official,471,original_faces_c23/714,ffpp_test:58,0,real,h264_crf30_then_resize075,-3.6923828125,0.024307018985860504
f3net_deepfakebench,external,1,official,472,deepfakes_faces_c23/842_714,ffpp_test:58,1,deepfakes,h264_crf30_then_resize075,3.740447998046875,0.9768072133652042
f3net_deepfakebench,external,1,official,473,deepfakes_faces_c23/714_842,ffpp_test:58,1,deepfakes,h264_crf30_then_resize075,6.901123046875,0.9989943580596966
f3net_deepfakebench,external,1,official,474,face2face_faces_c23/842_714,ffpp_test:58,1,face2face,h264_crf30_then_resize075,6.76934814453125,0.9988528743825893
f3net_deepfakebench,external,1,official,475,face2face_faces_c23/714_842,ffpp_test:58,1,face2face,h264_crf30_then_resize075,4.24981689453125,0.9859338338194392
f3net_deepfakebench,external,1,official,476,faceswap_faces_c23/842_714,ffpp_test:58,1,faceswap,h264_crf30_then_resize075,5.010171890258789,0.993374434170851
f3net_deepfakebench,external,1,official,477,faceswap_faces_c23/714_842,ffpp_test:58,1,faceswap,h264_crf30_then_resize075,2.7974138259887695,0.9425359120346434
f3net_deepfakebench,external,1,official,478,neuraltextures_faces_c23/842_714,ffpp_test:58,1,neuraltextures,h264_crf30_then_resize075,-0.6122288703918457,0.35155093025773293
f3net_deepfakebench,external,1,official,479,neuraltextures_faces_c23/714_842,ffpp_test:58,1,neuraltextures,h264_crf30_then_resize075,-0.4930381774902344,0.37917811230443743
f3net_deepfakebench,external,1,official,480,original_faces_c23/625,ffpp_test:52,0,real,h264_crf30_then_resize075,-2.6820335388183594,0.06404187692617579
f3net_deepfakebench,external,1,official,481,original_faces_c23/650,ffpp_test:52,0,real,h264_crf30_then_resize075,-3.1331939697265625,0.04175861367275303
f3net_deepfakebench,external,1,official,482,deepfakes_faces_c23/625_650,ffpp_test:52,1,deepfakes,h264_crf30_then_resize075,6.2274169921875,0.9980293455650505
f3net_deepfakebench,external,1,official,483,deepfakes_faces_c23/650_625,ffpp_test:52,1,deepfakes,h264_crf30_then_resize075,4.051849365234375,0.9829070652018603
f3net_deepfakebench,external,1,official,484,face2face_faces_c23/625_650,ffpp_test:52,1,face2face,h264_crf30_then_resize075,2.2348103523254395,0.9033322296998827
f3net_deepfakebench,external,1,official,485,face2face_faces_c23/650_625,ffpp_test:52,1,face2face,h264_crf30_then_resize075,3.0221290588378906,0.9535638908678272
f3net_deepfakebench,external,1,official,486,faceswap_faces_c23/625_650,ffpp_test:52,1,faceswap,h264_crf30_then_resize075,4.391864776611328,0.9877737063144554
f3net_deepfakebench,external,1,official,487,faceswap_faces_c23/650_625,ffpp_test:52,1,faceswap,h264_crf30_then_resize075,3.152189254760742,0.9589948979214858
f3net_deepfakebench,external,1,official,488,neuraltextures_faces_c23/625_650,ffpp_test:52,1,neuraltextures,h264_crf30_then_resize075,1.1405067443847656,0.757772665733479
f3net_deepfakebench,external,1,official,489,neuraltextures_faces_c23/650_625,ffpp_test:52,1,neuraltextures,h264_crf30_then_resize075,-1.2521247863769531,0.22233254485787673
f3net_deepfakebench,external,1,official,490,original_faces_c23/024,ffpp_test:3,0,real,h264_crf30_then_resize075,-1.9967269897460938,0.11954699563366636
f3net_deepfakebench,external,1,official,491,original_faces_c23/073,ffpp_test:3,0,real,h264_crf30_then_resize075,-1.7013225555419922,0.1542926106553886
f3net_deepfakebench,external,1,official,492,deepfakes_faces_c23/024_073,ffpp_test:3,1,deepfakes,h264_crf30_then_resize075,1.117319107055664,0.7534910997980275
f3net_deepfakebench,external,1,official,493,deepfakes_faces_c23/073_024,ffpp_test:3,1,deepfakes,h264_crf30_then_resize075,1.5363245010375977,0.8229297804454854
f3net_deepfakebench,external,1,official,494,face2face_faces_c23/024_073,ffpp_test:3,1,face2face,h264_crf30_then_resize075,0.14086270332336426,0.53515756113718
f3net_deepfakebench,external,1,official,495,face2face_faces_c23/073_024,ffpp_test:3,1,face2face,h264_crf30_then_resize075,3.0350875854492188,0.9541343310384428
f3net_deepfakebench,external,1,official,496,faceswap_faces_c23/024_073,ffpp_test:3,1,faceswap,h264_crf30_then_resize075,2.040437698364258,0.8849778296853943
f3net_deepfakebench,external,1,official,497,faceswap_faces_c23/073_024,ffpp_test:3,1,faceswap,h264_crf30_then_resize075,4.785514831542969,0.9917193183450252
f3net_deepfakebench,external,1,official,498,neuraltextures_faces_c23/024_073,ffpp_test:3,1,neuraltextures,h264_crf30_then_resize075,1.4017082452774048,0.8024548213627883
f3net_deepfakebench,external,1,official,499,neuraltextures_faces_c23/073_024,ffpp_test:3,1,neuraltextures,h264_crf30_then_resize075,-0.9440393447875977,0.2800851363408745
f3net_deepfakebench,external,1,official,500,original_faces_c23/044,ffpp_test:6,0,real,h264_crf30_then_resize075,-2.049884796142578,0.11406402250613042
f3net_deepfakebench,external,1,official,501,original_faces_c23/945,ffpp_test:6,0,real,h264_crf30_then_resize075,1.369114875793457,0.7972371107951137
f3net_deepfakebench,external,1,official,502,deepfakes_faces_c23/044_945,ffpp_test:6,1,deepfakes,h264_crf30_then_resize075,5.367919921875,0.9953578279232789
f3net_deepfakebench,external,1,official,503,deepfakes_faces_c23/945_044,ffpp_test:6,1,deepfakes,h264_crf30_then_resize075,6.958740234375,0.9990506092321606
f3net_deepfakebench,external,1,official,504,face2face_faces_c23/044_945,ffpp_test:6,1,face2face,h264_crf30_then_resize075,1.1832199096679688,0.7655262581073483
f3net_deepfakebench,external,1,official,505,face2face_faces_c23/945_044,ffpp_test:6,1,face2face,h264_crf30_then_resize075,5.52001953125,0.9960102124663892
f3net_deepfakebench,external,1,official,506,faceswap_faces_c23/044_945,ffpp_test:6,1,faceswap,h264_crf30_then_resize075,4.890777587890625,0.9925404863617686
f3net_deepfakebench,external,1,official,507,faceswap_faces_c23/945_044,ffpp_test:6,1,faceswap,h264_crf30_then_resize075,3.197824478149414,0.9607523263396694
f3net_deepfakebench,external,1,official,508,neuraltextures_faces_c23/044_945,ffpp_test:6,1,neuraltextures,h264_crf30_then_resize075,0.10757255554199219,0.5268672352357651
f3net_deepfakebench,external,1,official,509,neuraltextures_faces_c23/945_044,ffpp_test:6,1,neuraltextures,h264_crf30_then_resize075,2.434070587158203,0.9193887320674644
f3net_deepfakebench,external,1,official,510,original_faces_c23/896,ffpp_test:10,0,real,h264_crf30_then_resize075,4.329345703125,0.986995187767687
f3net_deepfakebench,external,1,official,511,original_faces_c23/128,ffpp_test:10,0,real,h264_crf30_then_resize075,-2.4967169761657715,0.07608865291257924
f3net_deepfakebench,external,1,official,512,deepfakes_faces_c23/896_128,ffpp_test:10,1,deepfakes,h264_crf30_then_resize075,4.3044586181640625,0.986671842714779
f3net_deepfakebench,external,1,official,513,deepfakes_faces_c23/128_896,ffpp_test:10,1,deepfakes,h264_crf30_then_resize075,4.958465576171875,0.9930252913433459
f3net_deepfakebench,external,1,official,514,face2face_faces_c23/896_128,ffpp_test:10,1,face2face,h264_crf30_then_resize075,6.617919921875,0.9986655755950117
f3net_deepfakebench,external,1,official,515,face2face_faces_c23/128_896,ffpp_test:10,1,face2face,h264_crf30_then_resize075,1.4521937370300293,0.8103358226653866
f3net_deepfakebench,external,1,official,516,faceswap_faces_c23/896_128,ffpp_test:10,1,faceswap,h264_crf30_then_resize075,5.8740234375,0.997196344089147
f3net_deepfakebench,external,1,official,517,faceswap_faces_c23/128_896,ffpp_test:10,1,faceswap,h264_crf30_then_resize075,5.138258934020996,0.9941663341307378
f3net_deepfakebench,external,1,official,518,neuraltextures_faces_c23/896_128,ffpp_test:10,1,neuraltextures,h264_crf30_then_resize075,6.18896484375,0.9979522521328347
f3net_deepfakebench,external,1,official,519,neuraltextures_faces_c23/128_896,ffpp_test:10,1,neuraltextures,h264_crf30_then_resize075,-0.5145721435546875,0.37412232148113767
f3net_deepfakebench,external,1,official,520,original_faces_c23/862,ffpp_test:7,0,real,h264_crf30_then_resize075,-3.5871849060058594,0.026930791636996933
f3net_deepfakebench,external,1,official,521,original_faces_c23/047,ffpp_test:7,0,real,h264_crf30_then_resize075,0.024459481239318848,0.5061145654680372
f3net_deepfakebench,external,1,official,522,deepfakes_faces_c23/862_047,ffpp_test:7,1,deepfakes,h264_crf30_then_resize075,7.10125732421875,0.9991766103783839
f3net_deepfakebench,external,1,official,523,deepfakes_faces_c23/047_862,ffpp_test:7,1,deepfakes,h264_crf30_then_resize075,4.262041091918945,0.9861023596007352
f3net_deepfakebench,external,1,official,524,face2face_faces_c23/862_047,ffpp_test:7,1,face2face,h264_crf30_then_resize075,3.4175186157226562,0.9682475719939603
f3net_deepfakebench,external,1,official,525,face2face_faces_c23/047_862,ffpp_test:7,1,face2face,h264_crf30_then_resize075,5.2960205078125,0.9950134923777647
f3net_deepfakebench,external,1,official,526,faceswap_faces_c23/862_047,ffpp_test:7,1,faceswap,h264_crf30_then_resize075,5.2159423828125,0.9946000037064266
f3net_deepfakebench,external,1,official,527,faceswap_faces_c23/047_862,ffpp_test:7,1,faceswap,h264_crf30_then_resize075,7.3890380859375,0.9993823915548352
f3net_deepfakebench,external,1,official,528,neuraltextures_faces_c23/862_047,ffpp_test:7,1,neuraltextures,h264_crf30_then_resize075,-0.20193099975585938,0.44968809438339163
f3net_deepfakebench,external,1,official,529,neuraltextures_faces_c23/047_862,ffpp_test:7,1,neuraltextures,h264_crf30_then_resize075,0.47563934326171875,0.616717641831551
f3net_deepfakebench,external,1,official,530,original_faces_c23/607,ffpp_test:49,0,real,h264_crf30_then_resize075,-2.0926971435546875,0.10980864907044532
f3net_deepfakebench,external,1,official,531,original_faces_c23/683,ffpp_test:49,0,real,h264_crf30_then_resize075,-0.25030267238616943,0.43774900252659027
f3net_deepfakebench,external,1,official,532,deepfakes_faces_c23/607_683,ffpp_test:49,1,deepfakes,h264_crf30_then_resize075,2.9819297790527344,0.9517510659093251
f3net_deepfakebench,external,1,official,533,deepfakes_faces_c23/683_607,ffpp_test:49,1,deepfakes,h264_crf30_then_resize075,5.77587890625,0.9969081188199164
f3net_deepfakebench,external,1,official,534,face2face_faces_c23/607_683,ffpp_test:49,1,face2face,h264_crf30_then_resize075,0.6405975818634033,0.6548885323079339
f3net_deepfakebench,external,1,official,535,face2face_faces_c23/683_607,ffpp_test:49,1,face2face,h264_crf30_then_resize075,0.7845501899719238,0.6866599545170382
f3net_deepfakebench,external,1,official,536,faceswap_faces_c23/607_683,ffpp_test:49,1,faceswap,h264_crf30_then_resize075,1.3586063385009766,0.7955330978414266
f3net_deepfakebench,external,1,official,537,faceswap_faces_c23/683_607,ffpp_test:49,1,faceswap,h264_crf30_then_resize075,6.917724609375,0.9990108990905707
f3net_deepfakebench,external,1,official,538,neuraltextures_faces_c23/607_683,ffpp_test:49,1,neuraltextures,h264_crf30_then_resize075,0.3233451843261719,0.5801392821715462
f3net_deepfakebench,external,1,official,539,neuraltextures_faces_c23/683_607,ffpp_test:49,1,neuraltextures,h264_crf30_then_resize075,2.5407180786132812,0.926947466799013
f3net_deepfakebench,external,1,official,540,original_faces_c23/517,ffpp_test:45,0,real,h264_crf30_then_resize075,-1.1824970245361328,0.23460352164714213
f3net_deepfakebench,external,1,official,541,original_faces_c23/521,ffpp_test:45,0,real,h264_crf30_then_resize075,-2.2510528564453125,0.09525868634992486
f3net_deepfakebench,external,1,official,542,deepfakes_faces_c23/517_521,ffpp_test:45,1,deepfakes,h264_crf30_then_resize075,7.126953125,0.9991974817529303
f3net_deepfakebench,external,1,official,543,deepfakes_faces_c23/521_517,ffpp_test:45,1,deepfakes,h264_crf30_then_resize075,3.9578704833984375,0.9812543593201969
f3net_deepfakebench,external,1,official,544,face2face_faces_c23/517_521,ffpp_test:45,1,face2face,h264_crf30_then_resize075,6.36676025390625,0.9982852303041273
f3net_deepfakebench,external,1,official,545,face2face_faces_c23/521_517,ffpp_test:45,1,face2face,h264_crf30_then_resize075,2.3816184997558594,0.9154148398210804
f3net_deepfakebench,external,1,official,546,faceswap_faces_c23/517_521,ffpp_test:45,1,faceswap,h264_crf30_then_resize075,5.347949981689453,0.9952646355856747
f3net_deepfakebench,external,1,official,547,faceswap_faces_c23/521_517,ffpp_test:45,1,faceswap,h264_crf30_then_resize075,3.872406005859375,0.9796159126797411
f3net_deepfakebench,external,1,official,548,neuraltextures_faces_c23/517_521,ffpp_test:45,1,neuraltextures,h264_crf30_then_resize075,2.587482452392578,0.9300516137451008
f3net_deepfakebench,external,1,official,549,neuraltextures_faces_c23/521_517,ffpp_test:45,1,neuraltextures,h264_crf30_then_resize075,0.458831787109375,0.6127370070084167
f3net_deepfakebench,external,1,official,550,original_faces_c23/682,ffpp_test:55,0,real,h264_crf30_then_resize075,-1.5218400955200195,0.17919071579197746
f3net_deepfakebench,external,1,official,551,original_faces_c23/669,ffpp_test:55,0,real,h264_crf30_then_resize075,-1.1021461486816406,0.24933798680189934
f3net_deepfakebench,external,1,official,552,deepfakes_faces_c23/682_669,ffpp_test:55,1,deepfakes,h264_crf30_then_resize075,3.970459461212158,0.9814845265122282
f3net_deepfakebench,external,1,official,553,deepfakes_faces_c23/669_682,ffpp_test:55,1,deepfakes,h264_crf30_then_resize075,3.0607070922851562,0.9552425378708619
f3net_deepfakebench,external,1,official,554,face2face_faces_c23/682_669,ffpp_test:55,1,face2face,h264_crf30_then_resize075,0.46393823623657227,0.613948018403595
f3net_deepfakebench,external,1,official,555,face2face_faces_c23/669_682,ffpp_test:55,1,face2face,h264_crf30_then_resize075,3.38458251953125,0.9672192110164519
f3net_deepfakebench,external,1,official,556,faceswap_faces_c23/682_669,ffpp_test:55,1,faceswap,h264_crf30_then_resize075,1.0560340881347656,0.7419319252232522
f3net_deepfakebench,external,1,official,557,faceswap_faces_c23/669_682,ffpp_test:55,1,faceswap,h264_crf30_then_resize075,4.327556610107422,0.9869722035099501
f3net_deepfakebench,external,1,official,558,neuraltextures_faces_c23/682_669,ffpp_test:55,1,neuraltextures,h264_crf30_then_resize075,0.29294776916503906,0.5727176419820091
f3net_deepfakebench,external,1,official,559,neuraltextures_faces_c23/669_682,ffpp_test:55,1,neuraltextures,h264_crf30_then_resize075,0.23014163970947266,0.5572828000443004
f3net_deepfakebench,external,1,official,560,original_faces_c23/138,ffpp_test:12,0,real,h264_crf30_then_resize075,0.2424314022064209,0.5603127428432678
f3net_deepfakebench,external,1,official,561,original_faces_c23/142,ffpp_test:12,0,real,h264_crf30_then_resize075,-2.745049476623535,0.060366846783636664
f3net_deepfakebench,external,1,official,562,deepfakes_faces_c23/138_142,ffpp_test:12,1,deepfakes,h264_crf30_then_resize075,0.6594479084014893,0.6591363578296185
f3net_deepfakebench,external,1,official,563,deepfakes_faces_c23/142_138,ffpp_test:12,1,deepfakes,h264_crf30_then_resize075,3.7184600830078125,0.9763038224931647
f3net_deepfakebench,external,1,official,564,face2face_faces_c23/138_142,ffpp_test:12,1,face2face,h264_crf30_then_resize075,6.0838623046875,0.9977258275862992
f3net_deepfakebench,external,1,official,565,face2face_faces_c23/142_138,ffpp_test:12,1,face2face,h264_crf30_then_resize075,3.267444610595703,0.9632949256390356
f3net_deepfakebench,external,1,official,566,faceswap_faces_c23/138_142,ffpp_test:12,1,faceswap,h264_crf30_then_resize075,5.208337783813477,0.9945590066478324
f3net_deepfakebench,external,1,official,567,faceswap_faces_c23/142_138,ffpp_test:12,1,faceswap,h264_crf30_then_resize075,5.7181396484375,0.9967249432438738
f3net_deepfakebench,external,1,official,568,neuraltextures_faces_c23/138_142,ffpp_test:12,1,neuraltextures,h264_crf30_then_resize075,4.2979736328125,0.9865862920983306
f3net_deepfakebench,external,1,official,569,neuraltextures_faces_c23/142_138,ffpp_test:12,1,neuraltextures,h264_crf30_then_resize075,-0.7372608184814453,0.3236034175088169
f3net_deepfakebench,external,1,official,570,original_faces_c23/552,ffpp_test:47,0,real,h264_crf30_then_resize075,-1.5307540893554688,0.17788338030430925
f3net_deepfakebench,external,1,official,571,original_faces_c23/851,ffpp_test:47,0,real,h264_crf30_then_resize075,2.0935134887695312,0.8902711238390708
f3net_deepfakebench,external,1,official,572,deepfakes_faces_c23/552_851,ffpp_test:47,1,deepfakes,h264_crf30_then_resize075,3.971710205078125,0.9815072421610175
f3net_deepfakebench,external,1,official,573,deepfakes_faces_c23/851_552,ffpp_test:47,1,deepfakes,h264_crf30_then_resize075,4.402435302734375,0.9879007085558882
f3net_deepfakebench,external,1,official,574,face2face_faces_c23/552_851,ffpp_test:47,1,face2face,h264_crf30_then_resize075,3.635406494140625,0.9743044622045941
f3net_deepfakebench,external,1,official,575,face2face_faces_c23/851_552,ffpp_test:47,1,face2face,h264_crf30_then_resize075,3.5473480224609375,0.972005353656895
f3net_deepfakebench,external,1,official,576,faceswap_faces_c23/552_851,ffpp_test:47,1,faceswap,h264_crf30_then_resize075,4.555754661560059,0.9896026719018881
f3net_deepfakebench,external,1,official,577,faceswap_faces_c23/851_552,ffpp_test:47,1,faceswap,h264_crf30_then_resize075,6.2474365234375,0.9980683294144533
f3net_deepfakebench,external,1,official,578,neuraltextures_faces_c23/552_851,ffpp_test:47,1,neuraltextures,h264_crf30_then_resize075,1.830545425415039,0.861826689693732
f3net_deepfakebench,external,1,official,579,neuraltextures_faces_c23/851_552,ffpp_test:47,1,neuraltextures,h264_crf30_then_resize075,2.0774002075195312,0.8886871155303359
f3net_deepfakebench,external,1,official,580,original_faces_c23/376,ffpp_test:31,0,real,h264_crf30_then_resize075,-3.075878143310547,0.04411329678630276
f3net_deepfakebench,external,1,official,581,original_faces_c23/381,ffpp_test:31,0,real,h264_crf30_then_resize075,-2.689605712890625,0.06358949246406205
f3net_deepfakebench,external,1,official,582,deepfakes_faces_c23/376_381,ffpp_test:31,1,deepfakes,h264_crf30_then_resize075,4.025444030761719,0.9824577318593797
f3net_deepfakebench,external,1,official,583,deepfakes_faces_c23/381_376,ffpp_test:31,1,deepfakes,h264_crf30_then_resize075,5.53564453125,0.9960718254078891
f3net_deepfakebench,external,1,official,584,face2face_faces_c23/376_381,ffpp_test:31,1,face2face,h264_crf30_then_resize075,3.4165244102478027,0.9682169916970861
f3net_deepfakebench,external,1,official,585,face2face_faces_c23/381_376,ffpp_test:31,1,face2face,h264_crf30_then_resize075,2.011111259460449,0.8819587617541681
f3net_deepfakebench,external,1,official,586,faceswap_faces_c23/376_381,ffpp_test:31,1,faceswap,h264_crf30_then_resize075,4.4512786865234375,0.9884708288520841
f3net_deepfakebench,external,1,official,587,faceswap_faces_c23/381_376,ffpp_test:31,1,faceswap,h264_crf30_then_resize075,6.025146484375,0.997588631294539
f3net_deepfakebench,external,1,official,588,neuraltextures_faces_c23/376_381,ffpp_test:31,1,neuraltextures,h264_crf30_then_resize075,-1.1893701553344727,0.23337160191374226
f3net_deepfakebench,external,1,official,589,neuraltextures_faces_c23/381_376,ffpp_test:31,1,neuraltextures,h264_crf30_then_resize075,-0.8997554779052734,0.28910074933245106
f3net_deepfakebench,external,1,official,590,original_faces_c23/000,ffpp_test:0,0,real,h264_crf30_then_resize075,1.660736083984375,0.8403367888280343
f3net_deepfakebench,external,1,official,591,original_faces_c23/003,ffpp_test:0,0,real,h264_crf30_then_resize075,-2.409942626953125,0.08241765685987111
f3net_deepfakebench,external,1,official,592,deepfakes_faces_c23/000_003,ffpp_test:0,1,deepfakes,h264_crf30_then_resize075,6.03240966796875,0.9976060402809722
f3net_deepfakebench,external,1,official,593,deepfakes_faces_c23/003_000,ffpp_test:0,1,deepfakes,h264_crf30_then_resize075,1.6725387573242188,0.8419140099568742
f3net_deepfakebench,external,1,official,594,face2face_faces_c23/000_003,ffpp_test:0,1,face2face,h264_crf30_then_resize075,2.994156837463379,0.9523094530896099
f3net_deepfakebench,external,1,official,595,face2face_faces_c23/003_000,ffpp_test:0,1,face2face,h264_crf30_then_resize075,3.266815185546875,0.9632726640556157
f3net_deepfakebench,external,1,official,596,faceswap_faces_c23/000_003,ffpp_test:0,1,faceswap,h264_crf30_then_resize075,5.149749755859375,0.9942325996842435
f3net_deepfakebench,external,1,official,597,faceswap_faces_c23/003_000,ffpp_test:0,1,faceswap,h264_crf30_then_resize075,5.5335693359375,0.9960636973353112
f3net_deepfakebench,external,1,official,598,neuraltextures_faces_c23/000_003,ffpp_test:0,1,neuraltextures,h264_crf30_then_resize075,2.18768310546875,0.8991379841115831
f3net_deepfakebench,external,1,official,599,neuraltextures_faces_c23/003_000,ffpp_test:0,1,neuraltextures,h264_crf30_then_resize075,-0.8834476470947266,0.29246385149676135
f3net_deepfakebench,external,1,official,600,original_faces_c23/048,ffpp_test:4,0,real,h264_crf30_then_resize075,-2.658905029296875,0.06544226951590516
f3net_deepfakebench,external,1,official,601,original_faces_c23/029,ffpp_test:4,0,real,h264_crf30_then_resize075,-0.15244102478027344,0.46196337406172805
f3net_deepfakebench,external,1,official,602,deepfakes_faces_c23/048_029,ffpp_test:4,1,deepfakes,h264_crf30_then_resize075,7.7021484375,0.9995483487247337
f3net_deepfakebench,external,1,official,603,deepfakes_faces_c23/029_048,ffpp_test:4,1,deepfakes,h264_crf30_then_resize075,3.9730224609375,0.9815310455789827
f3net_deepfakebench,external,1,official,604,face2face_faces_c23/048_029,ffpp_test:4,1,face2face,h264_crf30_then_resize075,2.8279151916503906,0.9441657994832914
f3net_deepfakebench,external,1,official,605,face2face_faces_c23/029_048,ffpp_test:4,1,face2face,h264_crf30_then_resize075,4.8912353515625,0.9925438748201179
f3net_deepfakebench,external,1,official,606,faceswap_faces_c23/048_029,ffpp_test:4,1,faceswap,h264_crf30_then_resize075,2.6499862670898438,0.934010144083233
f3net_deepfakebench,external,1,official,607,faceswap_faces_c23/029_048,ffpp_test:4,1,faceswap,h264_crf30_then_resize075,5.8917236328125,0.9972453972426127
f3net_deepfakebench,external,1,official,608,neuraltextures_faces_c23/048_029,ffpp_test:4,1,neuraltextures,h264_crf30_then_resize075,1.3366947174072266,0.7919458634286337
f3net_deepfakebench,external,1,official,609,neuraltextures_faces_c23/029_048,ffpp_test:4,1,neuraltextures,h264_crf30_then_resize075,4.834228515625,0.9921099269061007
f3net_deepfakebench,external,1,official,610,original_faces_c23/724,ffpp_test:59,0,real,h264_crf30_then_resize075,1.4550628662109375,0.810776391359463
f3net_deepfakebench,external,1,official,611,original_faces_c23/725,ffpp_test:59,0,real,h264_crf30_then_resize075,-0.8070564270019531,0.30851810771532207
f3net_deepfakebench,external,1,official,612,deepfakes_faces_c23/724_725,ffpp_test:59,1,deepfakes,h264_crf30_then_resize075,6.368900775909424,0.9982888906068839
f3net_deepfakebench,external,1,official,613,deepfakes_faces_c23/725_724,ffpp_test:59,1,deepfakes,h264_crf30_then_resize075,7.0416259765625,0.9991260612784337
f3net_deepfakebench,external,1,official,614,face2face_faces_c23/724_725,ffpp_test:59,1,face2face,h264_crf30_then_resize075,6.314453125,0.9981933147103256
f3net_deepfakebench,external,1,official,615,face2face_faces_c23/725_724,ffpp_test:59,1,face2face,h264_crf30_then_resize075,4.821075439453125,0.9920062977227256
f3net_deepfakebench,external,1,official,616,faceswap_faces_c23/724_725,ffpp_test:59,1,faceswap,h264_crf30_then_resize075,6.5316162109375,0.9985454690489529
f3net_deepfakebench,external,1,official,617,faceswap_faces_c23/725_724,ffpp_test:59,1,faceswap,h264_crf30_then_resize075,5.612762451171875,0.996362311302934
f3net_deepfakebench,external,1,official,618,neuraltextures_faces_c23/724_725,ffpp_test:59,1,neuraltextures,h264_crf30_then_resize075,5.4556732177734375,0.9957461725230455
f3net_deepfakebench,external,1,official,619,neuraltextures_faces_c23/725_724,ffpp_test:59,1,neuraltextures,h264_crf30_then_resize075,0.9236583709716797,0.7157869372103081
f3net_deepfakebench,external,1,official,620,original_faces_c23/608,ffpp_test:50,0,real,h264_crf30_then_resize075,-0.7699470520019531,0.3164905600902353
f3net_deepfakebench,external,1,official,621,original_faces_c23/675,ffpp_test:50,0,real,h264_crf30_then_resize075,-1.5625667572021484,0.17327864254094436
f3net_deepfakebench,external,1,official,622,deepfakes_faces_c23/608_675,ffpp_test:50,1,deepfakes,h264_crf30_then_resize075,4.234710693359375,0.9857227911821871
f3net_deepfakebench,external,1,official,623,deepfakes_faces_c23/675_608,ffpp_test:50,1,deepfakes,h264_crf30_then_resize075,3.8550186157226562,0.9792658003930167
f3net_deepfakebench,external,1,official,624,face2face_faces_c23/608_675,ffpp_test:50,1,face2face,h264_crf30_then_resize075,3.4822998046875,0.9701799274627203
f3net_deepfakebench,external,1,official,625,face2face_faces_c23/675_608,ffpp_test:50,1,face2face,h264_crf30_then_resize075,2.7110862731933594,0.9376776587318094
f3net_deepfakebench,external,1,official,626,faceswap_faces_c23/608_675,ffpp_test:50,1,faceswap,h264_crf30_then_resize075,3.8883819580078125,0.9799324971936364
f3net_deepfakebench,external,1,official,627,faceswap_faces_c23/675_608,ffpp_test:50,1,faceswap,h264_crf30_then_resize075,4.848426818847656,0.9922202956513296
f3net_deepfakebench,external,1,official,628,neuraltextures_faces_c23/608_675,ffpp_test:50,1,neuraltextures,h264_crf30_then_resize075,-0.15678787231445312,0.4608831314392345
f3net_deepfakebench,external,1,official,629,neuraltextures_faces_c23/675_608,ffpp_test:50,1,neuraltextures,h264_crf30_then_resize075,-0.4098930358886719,0.39893776941626474
f3net_deepfakebench,external,1,official,630,original_faces_c23/386,ffpp_test:14,0,real,h264_crf30_then_resize075,-1.9610977172851562,0.12334829847212059
f3net_deepfakebench,external,1,official,631,original_faces_c23/154,ffpp_test:14,0,real,h264_crf30_then_resize075,-3.8364410400390625,0.021114781743136076
f3net_deepfakebench,external,1,official,632,deepfakes_faces_c23/386_154,ffpp_test:14,1,deepfakes,h264_crf30_then_resize075,5.464599609375,0.9957838155008468
f3net_deepfakebench,external,1,official,633,deepfakes_faces_c23/154_386,ffpp_test:14,1,deepfakes,h264_crf30_then_resize075,6.0203857421875,0.9975771519003418
f3net_deepfakebench,external,1,official,634,face2face_faces_c23/386_154,ffpp_test:14,1,face2face,h264_crf30_then_resize075,1.332118034362793,0.791190766689021
f3net_deepfakebench,external,1,official,635,face2face_faces_c23/154_386,ffpp_test:14,1,face2face,h264_crf30_then_resize075,3.0523757934570312,0.9548849855477215
f3net_deepfakebench,external,1,official,636,faceswap_faces_c23/386_154,ffpp_test:14,1,faceswap,h264_crf30_then_resize075,4.580844402313232,0.9898576799591563
f3net_deepfakebench,external,1,official,637,faceswap_faces_c23/154_386,ffpp_test:14,1,faceswap,h264_crf30_then_resize075,3.1097869873046875,0.9572946483291216
f3net_deepfakebench,external,1,official,638,neuraltextures_faces_c23/386_154,ffpp_test:14,1,neuraltextures,h264_crf30_then_resize075,0.31174516677856445,0.5773111792898291
f3net_deepfakebench,external,1,official,639,neuraltextures_faces_c23/154_386,ffpp_test:14,1,neuraltextures,h264_crf30_then_resize075,-0.8406219482421875,0.3014038106800811
f3net_deepfakebench,external,1,official,640,original_faces_c23/220,ffpp_test:20,0,real,h264_crf30_then_resize075,-1.4933719635009766,0.1834161534794423
f3net_deepfakebench,external,1,official,641,original_faces_c23/219,ffpp_test:20,0,real,h264_crf30_then_resize075,-1.7621817588806152,0.1465173004311019
f3net_deepfakebench,external,1,official,642,deepfakes_faces_c23/220_219,ffpp_test:20,1,deepfakes,h264_crf30_then_resize075,3.5834503173828125,0.9729711684157647
f3net_deepfakebench,external,1,official,643,deepfakes_faces_c23/219_220,ffpp_test:20,1,deepfakes,h264_crf30_then_resize075,6.913787841796875,0.9990070014297181
f3net_deepfakebench,external,1,official,644,face2face_faces_c23/220_219,ffpp_test:20,1,face2face,h264_crf30_then_resize075,1.2988815307617188,0.7856466863228972
f3net_deepfakebench,external,1,official,645,face2face_faces_c23/219_220,ffpp_test:20,1,face2face,h264_crf30_then_resize075,2.708892822265625,0.9375493541366311
f3net_deepfakebench,external,1,official,646,faceswap_faces_c23/220_219,ffpp_test:20,1,faceswap,h264_crf30_then_resize075,4.5794830322265625,0.9898440034291722
f3net_deepfakebench,external,1,official,647,faceswap_faces_c23/219_220,ffpp_test:20,1,faceswap,h264_crf30_then_resize075,0.96527099609375,0.724175904218318
f3net_deepfakebench,external,1,official,648,neuraltextures_faces_c23/220_219,ffpp_test:20,1,neuraltextures,h264_crf30_then_resize075,3.6529998779296875,0.9747412612544734
f3net_deepfakebench,external,1,official,649,neuraltextures_faces_c23/219_220,ffpp_test:20,1,neuraltextures,h264_crf30_then_resize075,-0.32386207580566406,0.41973481981099575
f3net_deepfakebench,external,1,official,650,original_faces_c23/801,ffpp_test:63,0,real,h264_crf30_then_resize075,-2.687713623046875,0.06370225167265156
f3net_deepfakebench,external,1,official,651,original_faces_c23/855,ffpp_test:63,0,real,h264_crf30_then_resize075,-4.32086181640625,0.01311415987371003
f3net_deepfakebench,external,1,official,652,deepfakes_faces_c23/801_855,ffpp_test:63,1,deepfakes,h264_crf30_then_resize075,3.3558578491210938,0.966296135753174
f3net_deepfakebench,external,1,official,653,deepfakes_faces_c23/855_801,ffpp_test:63,1,deepfakes,h264_crf30_then_resize075,2.7260189056396484,0.9385446136452115
f3net_deepfakebench,external,1,official,654,face2face_faces_c23/801_855,ffpp_test:63,1,face2face,h264_crf30_then_resize075,0.14052391052246094,0.5350732807001176
f3net_deepfakebench,external,1,official,655,face2face_faces_c23/855_801,ffpp_test:63,1,face2face,h264_crf30_then_resize075,3.1208038330078125,0.9577427725020258
f3net_deepfakebench,external,1,official,656,faceswap_faces_c23/801_855,ffpp_test:63,1,faceswap,h264_crf30_then_resize075,1.549004077911377,0.8247698431973333
f3net_deepfakebench,external,1,official,657,faceswap_faces_c23/855_801,ffpp_test:63,1,faceswap,h264_crf30_then_resize075,3.5115528106689453,0.9710147002358436
f3net_deepfakebench,external,1,official,658,neuraltextures_faces_c23/801_855,ffpp_test:63,1,neuraltextures,h264_crf30_then_resize075,0.08697128295898438,0.5217291258664322
f3net_deepfakebench,external,1,official,659,neuraltextures_faces_c23/855_801,ffpp_test:63,1,neuraltextures,h264_crf30_then_resize075,-1.137263298034668,0.24282317703935974
f3net_deepfakebench,external,1,official,660,original_faces_c23/161,ffpp_test:13,0,real,h264_crf30_then_resize075,-2.8726348876953125,0.05352301593432938
f3net_deepfakebench,external,1,official,661,original_faces_c23/141,ffpp_test:13,0,real,h264_crf30_then_resize075,-2.9987945556640625,0.047480360845464205
f3net_deepfakebench,external,1,official,662,deepfakes_faces_c23/161_141,ffpp_test:13,1,deepfakes,h264_crf30_then_resize075,5.70135498046875,0.9966696931933012
f3net_deepfakebench,external,1,official,663,deepfakes_faces_c23/141_161,ffpp_test:13,1,deepfakes,h264_crf30_then_resize075,4.961334228515625,0.9930451317333805
f3net_deepfakebench,external,1,official,664,face2face_faces_c23/161_141,ffpp_test:13,1,face2face,h264_crf30_then_resize075,5.144134521484375,0.9942003116367717
f3net_deepfakebench,external,1,official,665,face2face_faces_c23/141_161,ffpp_test:13,1,face2face,h264_crf30_then_resize075,-1.4297714233398438,0.19313430162275247
f3net_deepfakebench,external,1,official,666,faceswap_faces_c23/161_141,ffpp_test:13,1,faceswap,h264_crf30_then_resize075,7.0645751953125,0.9991458721670824
f3net_deepfakebench,external,1,official,667,faceswap_faces_c23/141_161,ffpp_test:13,1,faceswap,h264_crf30_then_resize075,3.5098342895507812,0.97096629302624
f3net_deepfakebench,external,1,official,668,neuraltextures_faces_c23/161_141,ffpp_test:13,1,neuraltextures,h264_crf30_then_resize075,1.6244277954101562,0.8354048720280854
f3net_deepfakebench,external,1,official,669,neuraltextures_faces_c23/141_161,ffpp_test:13,1,neuraltextures,h264_crf30_then_resize075,0.6196304559707642,0.6501344968888713
f3net_deepfakebench,external,1,official,670,original_faces_c23/949,ffpp_test:66,0,real,h264_crf30_then_resize075,-0.44478607177734375,0.39060113691865855
f3net_deepfakebench,external,1,official,671,original_faces_c23/868,ffpp_test:66,0,real,h264_crf30_then_resize075,-3.598541259765625,0.026634785860161377
f3net_deepfakebench,external,1,official,672,deepfakes_faces_c23/949_868,ffpp_test:66,1,deepfakes,h264_crf30_then_resize075,4.5941162109375,0.9899900590840077
f3net_deepfakebench,external,1,official,673,deepfakes_faces_c23/868_949,ffpp_test:66,1,deepfakes,h264_crf30_then_resize075,5.13201904296875,0.9941300332274627
f3net_deepfakebench,external,1,official,674,face2face_faces_c23/949_868,ffpp_test:66,1,face2face,h264_crf30_then_resize075,4.355867862701416,0.9873312574777183
f3net_deepfakebench,external,1,official,675,face2face_faces_c23/868_949,ffpp_test:66,1,face2face,h264_crf30_then_resize075,-0.310638427734375,0.42295891355400544
f3net_deepfakebench,external,1,official,676,faceswap_faces_c23/949_868,ffpp_test:66,1,faceswap,h264_crf30_then_resize075,4.6859283447265625,0.9908601401683571
f3net_deepfakebench,external,1,official,677,faceswap_faces_c23/868_949,ffpp_test:66,1,faceswap,h264_crf30_then_resize075,2.7084808349609375,0.937525227699313
f3net_deepfakebench,external,1,official,678,neuraltextures_faces_c23/949_868,ffpp_test:66,1,neuraltextures,h264_crf30_then_resize075,0.467987060546875,0.6149072100966623
f3net_deepfakebench,external,1,official,679,neuraltextures_faces_c23/868_949,ffpp_test:66,1,neuraltextures,h264_crf30_then_resize075,-0.9009647369384766,0.2888522839915678
f3net_deepfakebench,external,1,official,680,original_faces_c23/880,ffpp_test:11,0,real,h264_crf30_then_resize075,-2.2750625610351562,0.09320943519869934
f3net_deepfakebench,external,1,official,681,original_faces_c23/135,ffpp_test:11,0,real,h264_crf30_then_resize075,-3.50079345703125,0.029289662929098945
f3net_deepfakebench,external,1,official,682,deepfakes_faces_c23/880_135,ffpp_test:11,1,deepfakes,h264_crf30_then_resize075,0.7108039855957031,0.6705787868911209
f3net_deepfakebench,external,1,official,683,deepfakes_faces_c23/135_880,ffpp_test:11,1,deepfakes,h264_crf30_then_resize075,7.2127685546875,0.999263429347613
f3net_deepfakebench,external,1,official,684,face2face_faces_c23/880_135,ffpp_test:11,1,face2face,h264_crf30_then_resize075,-0.38501453399658203,0.404918024025671
f3net_deepfakebench,external,1,official,685,face2face_faces_c23/135_880,ffpp_test:11,1,face2face,h264_crf30_then_resize075,5.36865234375,0.9953612109405918
f3net_deepfakebench,external,1,official,686,faceswap_faces_c23/880_135,ffpp_test:11,1,faceswap,h264_crf30_then_resize075,5.302978515625,0.9950478968855787
f3net_deepfakebench,external,1,official,687,faceswap_faces_c23/135_880,ffpp_test:11,1,faceswap,h264_crf30_then_resize075,6.1283111572265625,0.997824483222642
f3net_deepfakebench,external,1,official,688,neuraltextures_faces_c23/880_135,ffpp_test:11,1,neuraltextures,h264_crf30_then_resize075,-1.294236183166504,0.21513665597790219
f3net_deepfakebench,external,1,official,689,neuraltextures_faces_c23/135_880,ffpp_test:11,1,neuraltextures,h264_crf30_then_resize075,-1.4028892517089844,0.19735803109202846
f3net_deepfakebench,external,1,official,690,original_faces_c23/429,ffpp_test:35,0,real,h264_crf30_then_resize075,-2.2751646041870117,0.09320081072294203
f3net_deepfakebench,external,1,official,691,original_faces_c23/404,ffpp_test:35,0,real,h264_crf30_then_resize075,-2.5135250091552734,0.07491544898128256
f3net_deepfakebench,external,1,official,692,deepfakes_faces_c23/429_404,ffpp_test:35,1,deepfakes,h264_crf30_then_resize075,7.0667724609375,0.9991477452547542
f3net_deepfakebench,external,1,official,693,deepfakes_faces_c23/404_429,ffpp_test:35,1,deepfakes,h264_crf30_then_resize075,-1.873666763305664,0.13311801728554912
f3net_deepfakebench,external,1,official,694,face2face_faces_c23/429_404,ffpp_test:35,1,face2face,h264_crf30_then_resize075,1.0872535705566406,0.7478641983252715
f3net_deepfakebench,external,1,official,695,face2face_faces_c23/404_429,ffpp_test:35,1,face2face,h264_crf30_then_resize075,5.40618896484375,0.9955313442154209
f3net_deepfakebench,external,1,official,696,faceswap_faces_c23/429_404,ffpp_test:35,1,faceswap,h264_crf30_then_resize075,4.565624237060547,0.9897037330068629
f3net_deepfakebench,external,1,official,697,faceswap_faces_c23/404_429,ffpp_test:35,1,faceswap,h264_crf30_then_resize075,4.045501708984375,0.9828000921638876
f3net_deepfakebench,external,1,official,698,neuraltextures_faces_c23/429_404,ffpp_test:35,1,neuraltextures,h264_crf30_then_resize075,-0.8302879333496094,0.30358419162579797
f3net_deepfakebench,external,1,official,699,neuraltextures_faces_c23/404_429,ffpp_test:35,1,neuraltextures,h264_crf30_then_resize075,0.1203765869140625,0.5300578593169966
