model_id,model_type,checkpoint_count,seed,video_id,path,source_identity,label,manipulation,codec_environment,score,probability
fcg_official,external,1,official,0,original_faces_c23/953,ffpp_test:68,0,real,canonical,-1.5377378463745117,0.17686436600912678
fcg_official,external,1,official,1,original_faces_c23/974,ffpp_test:68,0,real,canonical,-1.3964428901672363,0.1983811778453959
fcg_official,external,1,official,2,deepfakes_faces_c23/953_974,ffpp_test:68,1,deepfakes,canonical,1.4895331859588623,0.8160081960099369
fcg_official,external,1,official,3,deepfakes_faces_c23/974_953,ffpp_test:68,1,deepfakes,canonical,0.9365856051445007,0.718409449897549
fcg_official,external,1,official,4,face2face_faces_c23/953_974,ffpp_test:68,1,face2face,canonical,2.665858030319214,0.9349816904039845
fcg_official,external,1,official,5,face2face_faces_c23/974_953,ffpp_test:68,1,face2face,canonical,0.824730634689331,0.6952395988234765
fcg_official,external,1,official,6,faceswap_faces_c23/953_974,ffpp_test:68,1,faceswap,canonical,0.9263713359832764,0.7163385287019088
fcg_official,external,1,official,7,faceswap_faces_c23/974_953,ffpp_test:68,1,faceswap,canonical,-0.09715455770492554,0.47573044761302147
fcg_official,external,1,official,8,neuraltextures_faces_c23/953_974,ffpp_test:68,1,neuraltextures,canonical,0.4866127371788025,0.6193081557829865
fcg_official,external,1,official,9,neuraltextures_faces_c23/974_953,ffpp_test:68,1,neuraltextures,canonical,-0.03795433044433594,0.49051255627479706
fcg_official,external,1,official,10,original_faces_c23/012,ffpp_test:1,0,real,canonical,-1.1002460718154907,0.2496937907978369
fcg_official,external,1,official,11,original_faces_c23/026,ffpp_test:1,0,real,canonical,-0.930876612663269,0.2827469026496103
fcg_official,external,1,official,12,deepfakes_faces_c23/012_026,ffpp_test:1,1,deepfakes,canonical,1.2386417388916016,0.7753275007758579
fcg_official,external,1,official,13,deepfakes_faces_c23/026_012,ffpp_test:1,1,deepfakes,canonical,1.8614152669906616,0.8654618236686341
fcg_official,external,1,official,14,face2face_faces_c23/012_026,ffpp_test:1,1,face2face,canonical,0.7618682384490967,0.6817592110782033
fcg_official,external,1,official,15,face2face_faces_c23/026_012,ffpp_test:1,1,face2face,canonical,0.5154764652252197,0.6260894056716912
fcg_official,external,1,official,16,faceswap_faces_c23/012_026,ffpp_test:1,1,faceswap,canonical,1.7009738683700562,0.8456618849256757
fcg_official,external,1,official,17,faceswap_faces_c23/026_012,ffpp_test:1,1,faceswap,canonical,0.7588908672332764,0.6811128806391542
fcg_official,external,1,official,18,neuraltextures_faces_c23/012_026,ffpp_test:1,1,neuraltextures,canonical,1.12208092212677,0.7543745020975957
fcg_official,external,1,official,19,neuraltextures_faces_c23/026_012,ffpp_test:1,1,neuraltextures,canonical,0.2563338279724121,0.5637348529114503
fcg_official,external,1,official,20,original_faces_c23/078,ffpp_test:8,0,real,canonical,-1.780861496925354,0.14419678926853297
fcg_official,external,1,official,21,original_faces_c23/955,ffpp_test:8,0,real,canonical,-0.8568817377090454,0.29799125145772365
fcg_official,external,1,official,22,deepfakes_faces_c23/078_955,ffpp_test:8,1,deepfakes,canonical,2.585933208465576,0.9299507595627259
fcg_official,external,1,official,23,deepfakes_faces_c23/955_078,ffpp_test:8,1,deepfakes,canonical,1.6739541292190552,0.8421022974595712
fcg_official,external,1,official,24,face2face_faces_c23/078_955,ffpp_test:8,1,face2face,canonical,0.7998670339584351,0.6899460376835699
fcg_official,external,1,official,25,face2face_faces_c23/955_078,ffpp_test:8,1,face2face,canonical,1.335496187210083,0.7917483153695591
fcg_official,external,1,official,26,faceswap_faces_c23/078_955,ffpp_test:8,1,faceswap,canonical,2.2117409706115723,0.901298910387774
fcg_official,external,1,official,27,faceswap_faces_c23/955_078,ffpp_test:8,1,faceswap,canonical,1.9458386898040771,0.8749921839349505
fcg_official,external,1,official,28,neuraltextures_faces_c23/078_955,ffpp_test:8,1,neuraltextures,canonical,0.08828306198120117,0.5220564418823889
fcg_official,external,1,official,29,neuraltextures_faces_c23/955_078,ffpp_test:8,1,neuraltextures,canonical,1.0553826093673706,0.7418071676128362
fcg_official,external,1,official,30,original_faces_c23/623,ffpp_test:51,0,real,canonical,-1.2818374633789062,0.21723760899027866
fcg_official,external,1,official,31,original_faces_c23/630,ffpp_test:51,0,real,canonical,-0.7069100141525269,0.3302819732595812
fcg_official,external,1,official,32,deepfakes_faces_c23/623_630,ffpp_test:51,1,deepfakes,canonical,1.671234369277954,0.8417403252411892
fcg_official,external,1,official,33,deepfakes_faces_c23/630_623,ffpp_test:51,1,deepfakes,canonical,1.334537148475647,0.7915901420177189
fcg_official,external,1,official,34,face2face_faces_c23/623_630,ffpp_test:51,1,face2face,canonical,-0.2608535885810852,0.43515388880600236
fcg_official,external,1,official,35,face2face_faces_c23/630_623,ffpp_test:51,1,face2face,canonical,1.567496418952942,0.8274264100521649
fcg_official,external,1,official,36,faceswap_faces_c23/623_630,ffpp_test:51,1,faceswap,canonical,0.9896712303161621,0.7290229792901776
fcg_official,external,1,official,37,faceswap_faces_c23/630_623,ffpp_test:51,1,faceswap,canonical,2.2731313705444336,0.9066272095275731
fcg_official,external,1,official,38,neuraltextures_faces_c23/623_630,ffpp_test:51,1,neuraltextures,canonical,0.016910016536712646,0.5042274033996305
fcg_official,external,1,official,39,neuraltextures_faces_c23/630_623,ffpp_test:51,1,neuraltextures,canonical,0.9642428159713745,0.7239704828810594
fcg_official,external,1,official,40,original_faces_c23/919,ffpp_test:2,0,real,canonical,-0.7534217834472656,0.320076168917099
fcg_official,external,1,official,41,original_faces_c23/015,ffpp_test:2,0,real,canonical,-1.2895373106002808,0.21593113609994033
fcg_official,external,1,official,42,deepfakes_faces_c23/919_015,ffpp_test:2,1,deepfakes,canonical,1.9714053869247437,0.8777619854805888
fcg_official,external,1,official,43,deepfakes_faces_c23/015_919,ffpp_test:2,1,deepfakes,canonical,-0.0241624116897583,0.4939596909468802
fcg_official,external,1,official,44,face2face_faces_c23/919_015,ffpp_test:2,1,face2face,canonical,1.2313860654830933,0.7740610760711805
fcg_official,external,1,official,45,face2face_faces_c23/015_919,ffpp_test:2,1,face2face,canonical,-0.5288703441619873,0.37078040083843566
fcg_official,external,1,official,46,faceswap_faces_c23/919_015,ffpp_test:2,1,faceswap,canonical,1.448875069618225,0.809825245729609
fcg_official,external,1,official,47,faceswap_faces_c23/015_919,ffpp_test:2,1,faceswap,canonical,0.597026526927948,0.6449757281871118
fcg_official,external,1,official,48,neuraltextures_faces_c23/919_015,ffpp_test:2,1,neuraltextures,canonical,0.35685867071151733,0.588279794690561
fcg_official,external,1,official,49,neuraltextures_faces_c23/015_919,ffpp_test:2,1,neuraltextures,canonical,-0.17784607410430908,0.45565530227775836
fcg_official,external,1,official,50,original_faces_c23/367,ffpp_test:30,0,real,canonical,-0.6146379709243774,0.35100194137703716
fcg_official,external,1,official,51,original_faces_c23/371,ffpp_test:30,0,real,canonical,-0.8164712190628052,0.30651323513488976
fcg_official,external,1,official,52,deepfakes_faces_c23/367_371,ffpp_test:30,1,deepfakes,canonical,1.4640001058578491,0.81214371827206
fcg_official,external,1,official,53,deepfakes_faces_c23/371_367,ffpp_test:30,1,deepfakes,canonical,1.4384829998016357,0.8082196253387336
fcg_official,external,1,official,54,face2face_faces_c23/367_371,ffpp_test:30,1,face2face,canonical,0.692305326461792,0.66647956173673
fcg_official,external,1,official,55,face2face_faces_c23/371_367,ffpp_test:30,1,face2face,canonical,1.1419694423675537,0.7580410474666313
fcg_official,external,1,official,56,faceswap_faces_c23/367_371,ffpp_test:30,1,faceswap,canonical,1.3878531455993652,0.8002492888899431
fcg_official,external,1,official,57,faceswap_faces_c23/371_367,ffpp_test:30,1,faceswap,canonical,0.12660974264144897,0.5316102208798038
fcg_official,external,1,official,58,neuraltextures_faces_c23/367_371,ffpp_test:30,1,neuraltextures,canonical,1.0278273820877075,0.7364944717811314
fcg_official,external,1,official,59,neuraltextures_faces_c23/371_367,ffpp_test:30,1,neuraltextures,canonical,0.8426412343978882,0.6990211987286629
fcg_official,external,1,official,60,original_faces_c23/847,ffpp_test:65,0,real,canonical,-0.9646385908126831,0.27595043358494586
fcg_official,external,1,official,61,original_faces_c23/906,ffpp_test:65,0,real,canonical,-0.7471558451652527,0.32144134348776937
fcg_official,external,1,official,62,deepfakes_faces_c23/847_906,ffpp_test:65,1,deepfakes,canonical,2.789449453353882,0.9421030225103687
fcg_official,external,1,official,63,deepfakes_faces_c23/906_847,ffpp_test:65,1,deepfakes,canonical,2.5979721546173096,0.9307309568937864
fcg_official,external,1,official,64,face2face_faces_c23/847_906,ffpp_test:65,1,face2face,canonical,0.9691852331161499,0.7249570676833388
fcg_official,external,1,official,65,face2face_faces_c23/906_847,ffpp_test:65,1,face2face,canonical,0.9430519342422485,0.7197157214851534
fcg_official,external,1,official,66,faceswap_faces_c23/847_906,ffpp_test:65,1,faceswap,canonical,2.0469324588775635,0.885637293605075
fcg_official,external,1,official,67,faceswap_faces_c23/906_847,ffpp_test:65,1,faceswap,canonical,1.6807342767715454,0.843001736982322
fcg_official,external,1,official,68,neuraltextures_faces_c23/847_906,ffpp_test:65,1,neuraltextures,canonical,0.6351218223571777,0.6536499109868446
fcg_official,external,1,official,69,neuraltextures_faces_c23/906_847,ffpp_test:65,1,neuraltextures,canonical,0.9317219257354736,0.7174244962771693
fcg_official,external,1,official,70,original_faces_c23/529,ffpp_test:46,0,real,canonical,-1.06374990940094,0.2565934945499123
fcg_official,external,1,official,71,original_faces_c23/633,ffpp_test:46,0,real,canonical,-0.3775376081466675,0.4067209330522068
fcg_official,external,1,official,72,deepfakes_faces_c23/529_633,ffpp_test:46,1,deepfakes,canonical,1.8680624961853027,0.8662339329166628
fcg_official,external,1,official,73,deepfakes_faces_c23/633_529,ffpp_test:46,1,deepfakes,canonical,2.6697824001312256,0.9352198496402709
fcg_official,external,1,official,74,face2face_faces_c23/529_633,ffpp_test:46,1,face2face,canonical,0.4910552501678467,0.6203549907896789
fcg_official,external,1,official,75,face2face_faces_c23/633_529,ffpp_test:46,1,face2face,canonical,1.7789242267608643,0.8555639788737651
fcg_official,external,1,official,76,faceswap_faces_c23/529_633,ffpp_test:46,1,faceswap,canonical,2.4676263332366943,0.9218409127564995
fcg_official,external,1,official,77,faceswap_faces_c23/633_529,ffpp_test:46,1,faceswap,canonical,2.4241654872894287,0.9186515783213182
fcg_official,external,1,official,78,neuraltextures_faces_c23/529_633,ffpp_test:46,1,neuraltextures,canonical,-0.0859295129776001,0.4785308306131607
fcg_official,external,1,official,79,neuraltextures_faces_c23/633_529,ffpp_test:46,1,neuraltextures,canonical,0.46379125118255615,0.613913180032779
fcg_official,external,1,official,80,original_faces_c23/418,ffpp_test:36,0,real,canonical,-0.9481140375137329,0.27926426238786933
fcg_official,external,1,official,81,original_faces_c23/507,ffpp_test:36,0,real,canonical,-0.2643670439720154,0.4342904967000882
fcg_official,external,1,official,82,deepfakes_faces_c23/418_507,ffpp_test:36,1,deepfakes,canonical,1.821911334991455,0.8607953140597692
fcg_official,external,1,official,83,deepfakes_faces_c23/507_418,ffpp_test:36,1,deepfakes,canonical,2.1432106494903564,0.8950326312904675
fcg_official,external,1,official,84,face2face_faces_c23/418_507,ffpp_test:36,1,face2face,canonical,1.2864741086959839,0.7835497976025119
fcg_official,external,1,official,85,face2face_faces_c23/507_418,ffpp_test:36,1,face2face,canonical,1.2199325561523438,0.7720516803445793
fcg_official,external,1,official,86,faceswap_faces_c23/418_507,ffpp_test:36,1,faceswap,canonical,1.353179931640625,0.794649021872837
fcg_official,external,1,official,87,faceswap_faces_c23/507_418,ffpp_test:36,1,faceswap,canonical,1.4784431457519531,0.8143373118976873
fcg_official,external,1,official,88,neuraltextures_faces_c23/418_507,ffpp_test:36,1,neuraltextures,canonical,0.1612834334373474,0.54023368177617
fcg_official,external,1,official,89,neuraltextures_faces_c23/507_418,ffpp_test:36,1,neuraltextures,canonical,1.6635264158248901,0.8407108146418826
fcg_official,external,1,official,90,original_faces_c23/227,ffpp_test:16,0,real,canonical,-0.9470279812812805,0.2794829115489574
fcg_official,external,1,official,91,original_faces_c23/169,ffpp_test:16,0,real,canonical,-0.6422325372695923,0.34474204580176326
fcg_official,external,1,official,92,deepfakes_faces_c23/227_169,ffpp_test:16,1,deepfakes,canonical,1.1333622932434082,0.7564588645209818
fcg_official,external,1,official,93,deepfakes_faces_c23/169_227,ffpp_test:16,1,deepfakes,canonical,1.1936895847320557,0.7674002939854974
fcg_official,external,1,official,94,face2face_faces_c23/227_169,ffpp_test:16,1,face2face,canonical,-1.1051080226898193,0.24878402880290926
fcg_official,external,1,official,95,face2face_faces_c23/169_227,ffpp_test:16,1,face2face,canonical,0.7111383676528931,0.6706526486360758
fcg_official,external,1,official,96,faceswap_faces_c23/227_169,ffpp_test:16,1,faceswap,canonical,1.9251770973205566,0.8727146358665647
fcg_official,external,1,official,97,faceswap_faces_c23/169_227,ffpp_test:16,1,faceswap,canonical,1.1592705249786377,0.7612001401618071
fcg_official,external,1,official,98,neuraltextures_faces_c23/227_169,ffpp_test:16,1,neuraltextures,canonical,-1.1553380489349365,0.23951541772546833
fcg_official,external,1,official,99,neuraltextures_faces_c23/169_227,ffpp_test:16,1,neuraltextures,canonical,0.6885859966278076,0.6656523008777516
fcg_official,external,1,official,100,original_faces_c23/389,ffpp_test:33,0,real,canonical,-0.4679463505744934,0.3851024299206104
fcg_official,external,1,official,101,original_faces_c23/480,ffpp_test:33,0,real,canonical,-0.03534495830535889,0.491164680209951
fcg_official,external,1,official,102,deepfakes_faces_c23/389_480,ffpp_test:33,1,deepfakes,canonical,2.9116978645324707,0.9484216839236372
fcg_official,external,1,official,103,deepfakes_faces_c23/480_389,ffpp_test:33,1,deepfakes,canonical,3.010131359100342,0.9530297348382193
fcg_official,external,1,official,104,face2face_faces_c23/389_480,ffpp_test:33,1,face2face,canonical,1.7744982242584229,0.855016177708111
fcg_official,external,1,official,105,face2face_faces_c23/480_389,ffpp_test:33,1,face2face,canonical,1.8461283445358276,0.8636718851118438
fcg_official,external,1,official,106,faceswap_faces_c23/389_480,ffpp_test:33,1,faceswap,canonical,2.6584537029266357,0.9345301221390718
fcg_official,external,1,official,107,faceswap_faces_c23/480_389,ffpp_test:33,1,faceswap,canonical,1.7371790409088135,0.8503283966613695
fcg_official,external,1,official,108,neuraltextures_faces_c23/389_480,ffpp_test:33,1,neuraltextures,canonical,0.6304658651351929,0.6525950881922147
fcg_official,external,1,official,109,neuraltextures_faces_c23/480_389,ffpp_test:33,1,neuraltextures,canonical,1.715408444404602,0.847536469164427
fcg_official,external,1,official,110,original_faces_c23/821,ffpp_test:64,0,real,canonical,-0.5097329020500183,0.375256141613132
fcg_official,external,1,official,111,original_faces_c23/812,ffpp_test:64,0,real,canonical,-0.7976226806640625,0.3105342800622782
fcg_official,external,1,official,112,deepfakes_faces_c23/821_812,ffpp_test:64,1,deepfakes,canonical,1.2322968244552612,0.7742203194286926
fcg_official,external,1,official,113,deepfakes_faces_c23/812_821,ffpp_test:64,1,deepfakes,canonical,1.6479933261871338,0.8386196582591712
fcg_official,external,1,official,114,face2face_faces_c23/821_812,ffpp_test:64,1,face2face,canonical,1.258467435836792,0.7787621725799551
fcg_official,external,1,official,115,face2face_faces_c23/812_821,ffpp_test:64,1,face2face,canonical,1.2756173610687256,0.781702830886475
fcg_official,external,1,official,116,faceswap_faces_c23/821_812,ffpp_test:64,1,faceswap,canonical,1.765082597732544,0.8538450775773219
fcg_official,external,1,official,117,faceswap_faces_c23/812_821,ffpp_test:64,1,faceswap,canonical,1.0686720609664917,0.7443442965263537
fcg_official,external,1,official,118,neuraltextures_faces_c23/821_812,ffpp_test:64,1,neuraltextures,canonical,0.10837072134017944,0.5270661962534802
fcg_official,external,1,official,119,neuraltextures_faces_c23/812_821,ffpp_test:64,1,neuraltextures,canonical,0.3125190734863281,0.5775000190040894
fcg_official,external,1,official,120,original_faces_c23/670,ffpp_test:54,0,real,canonical,-0.9484760761260986,0.27919139862407144
fcg_official,external,1,official,121,original_faces_c23/661,ffpp_test:54,0,real,canonical,-1.345015287399292,0.2066865061942312
fcg_official,external,1,official,122,deepfakes_faces_c23/670_661,ffpp_test:54,1,deepfakes,canonical,2.8834073543548584,0.9470200815769944
fcg_official,external,1,official,123,deepfakes_faces_c23/661_670,ffpp_test:54,1,deepfakes,canonical,1.4123847484588623,0.8041418086126424
fcg_official,external,1,official,124,face2face_faces_c23/670_661,ffpp_test:54,1,face2face,canonical,1.1092357635498047,0.751986606690044
fcg_official,external,1,official,125,face2face_faces_c23/661_670,ffpp_test:54,1,face2face,canonical,0.17587679624557495,0.5438562082478976
fcg_official,external,1,official,126,faceswap_faces_c23/670_661,ffpp_test:54,1,faceswap,canonical,2.4276492595672607,0.9189115441859429
fcg_official,external,1,official,127,faceswap_faces_c23/661_670,ffpp_test:54,1,faceswap,canonical,1.382319450378418,0.7993632558193545
fcg_official,external,1,official,128,neuraltextures_faces_c23/670_661,ffpp_test:54,1,neuraltextures,canonical,0.9813448786735535,0.7273749881452944
fcg_official,external,1,official,129,neuraltextures_faces_c23/661_670,ffpp_test:54,1,neuraltextures,canonical,-0.13648295402526855,0.4659321286302086
fcg_official,external,1,official,130,original_faces_c23/158,ffpp_test:15,0,real,canonical,-1.4600939750671387,0.18845295239313042
fcg_official,external,1,official,131,original_faces_c23/379,ffpp_test:15,0,real,canonical,-1.231608271598816,0.22590006455085107
fcg_official,external,1,official,132,deepfakes_faces_c23/158_379,ffpp_test:15,1,deepfakes,canonical,-0.5041979551315308,0.37655464210202655
fcg_official,external,1,official,133,deepfakes_faces_c23/379_158,ffpp_test:15,1,deepfakes,canonical,0.2591458559036255,0.5644263126851253
fcg_official,external,1,official,134,face2face_faces_c23/158_379,ffpp_test:15,1,face2face,canonical,-0.0784497857093811,0.4803976059052831
fcg_official,external,1,official,135,face2face_faces_c23/379_158,ffpp_test:15,1,face2face,canonical,-0.34015101194381714,0.41577279492440183
fcg_official,external,1,official,136,faceswap_faces_c23/158_379,ffpp_test:15,1,faceswap,canonical,-0.2843400835990906,0.42939006947975256
fcg_official,external,1,official,137,faceswap_faces_c23/379_158,ffpp_test:15,1,faceswap,canonical,0.15473288297653198,0.5386062247576301
fcg_official,external,1,official,138,neuraltextures_faces_c23/158_379,ffpp_test:15,1,neuraltextures,canonical,-0.0748397707939148,0.48129878526520714
fcg_official,external,1,official,139,neuraltextures_faces_c23/379_158,ffpp_test:15,1,neuraltextures,canonical,0.22971093654632568,0.5571765349079458
fcg_official,external,1,official,140,original_faces_c23/423,ffpp_test:37,0,real,canonical,-0.5898211002349854,0.35667590327161725
fcg_official,external,1,official,141,original_faces_c23/421,ffpp_test:37,0,real,canonical,-1.155117154121399,0.23955565554100522
fcg_official,external,1,official,142,deepfakes_faces_c23/423_421,ffpp_test:37,1,deepfakes,canonical,0.9026718139648438,0.711498251604792
fcg_official,external,1,official,143,deepfakes_faces_c23/421_423,ffpp_test:37,1,deepfakes,canonical,1.778890609741211,0.8555598246258861
fcg_official,external,1,official,144,face2face_faces_c23/423_421,ffpp_test:37,1,face2face,canonical,1.1865803003311157,0.7661288958549066
fcg_official,external,1,official,145,face2face_faces_c23/421_423,ffpp_test:37,1,face2face,canonical,1.3193457126617432,0.7890728295629941
fcg_official,external,1,official,146,faceswap_faces_c23/423_421,ffpp_test:37,1,faceswap,canonical,1.1098014116287231,0.7520920865748563
fcg_official,external,1,official,147,faceswap_faces_c23/421_423,ffpp_test:37,1,faceswap,canonical,0.3121345043182373,0.5774061837362445
fcg_official,external,1,official,148,neuraltextures_faces_c23/423_421,ffpp_test:37,1,neuraltextures,canonical,-0.24173974990844727,0.4398576613598813
fcg_official,external,1,official,149,neuraltextures_faces_c23/421_423,ffpp_test:37,1,neuraltextures,canonical,0.09176421165466309,0.5229249682038976
fcg_official,external,1,official,150,original_faces_c23/352,ffpp_test:28,0,real,canonical,-1.1042706966400146,0.24894055003205448
fcg_official,external,1,official,151,original_faces_c23/319,ffpp_test:28,0,real,canonical,-1.4779127836227417,0.18574288801063285
fcg_official,external,1,official,152,deepfakes_faces_c23/352_319,ffpp_test:28,1,deepfakes,canonical,0.7499617338180542,0.6791703611087478
fcg_official,external,1,official,153,deepfakes_faces_c23/319_352,ffpp_test:28,1,deepfakes,canonical,2.002309799194336,0.8810393788498175
fcg_official,external,1,official,154,face2face_faces_c23/352_319,ffpp_test:28,1,face2face,canonical,0.7925716638565063,0.6883832497779181
fcg_official,external,1,official,155,face2face_faces_c23/319_352,ffpp_test:28,1,face2face,canonical,0.21329301595687866,0.553122012519731
fcg_official,external,1,official,156,faceswap_faces_c23/352_319,ffpp_test:28,1,faceswap,canonical,1.584553837776184,0.8298484859400886
fcg_official,external,1,official,157,faceswap_faces_c23/319_352,ffpp_test:28,1,faceswap,canonical,0.4272462725639343,0.6052159123957311
fcg_official,external,1,official,158,neuraltextures_faces_c23/352_319,ffpp_test:28,1,neuraltextures,canonical,0.5939130783081055,0.6442624830116817
fcg_official,external,1,official,159,neuraltextures_faces_c23/319_352,ffpp_test:28,1,neuraltextures,canonical,0.20827287435531616,0.5518808153031645
fcg_official,external,1,official,160,original_faces_c23/579,ffpp_test:48,0,real,canonical,-0.6184366941452026,0.3501370843795292
fcg_official,external,1,official,161,original_faces_c23/701,ffpp_test:48,0,real,canonical,-1.3412812948226929,0.20729942906035653
fcg_official,external,1,official,162,deepfakes_faces_c23/579_701,ffpp_test:48,1,deepfakes,canonical,1.4274957180023193,0.8065108197075217
fcg_official,external,1,official,163,deepfakes_faces_c23/701_579,ffpp_test:48,1,deepfakes,canonical,0.5685984492301941,0.638439711767706
fcg_official,external,1,official,164,face2face_faces_c23/579_701,ffpp_test:48,1,face2face,canonical,1.4404525756835938,0.8085247255920102
fcg_official,external,1,official,165,face2face_faces_c23/701_579,ffpp_test:48,1,face2face,canonical,0.21238934993743896,0.5528986354056624
fcg_official,external,1,official,166,faceswap_faces_c23/579_701,ffpp_test:48,1,faceswap,canonical,0.5557529926300049,0.6354692963987179
fcg_official,external,1,official,167,faceswap_faces_c23/701_579,ffpp_test:48,1,faceswap,canonical,-0.1061062216758728,0.47349830409552757
fcg_official,external,1,official,168,neuraltextures_faces_c23/579_701,ffpp_test:48,1,neuraltextures,canonical,0.6077417135238647,0.6474254844606312
fcg_official,external,1,official,169,neuraltextures_faces_c23/701_579,ffpp_test:48,1,neuraltextures,canonical,-0.09233993291854858,0.47693140595243777
fcg_official,external,1,official,170,original_faces_c23/488,ffpp_test:34,0,real,canonical,-0.4650009274482727,0.3858001374564307
fcg_official,external,1,official,171,original_faces_c23/399,ffpp_test:34,0,real,canonical,-0.8497250080108643,0.29949054655287705
fcg_official,external,1,official,172,deepfakes_faces_c23/488_399,ffpp_test:34,1,deepfakes,canonical,2.091222047805786,0.8900470762593296
fcg_official,external,1,official,173,deepfakes_faces_c23/399_488,ffpp_test:34,1,deepfakes,canonical,1.800502061843872,0.8582100397678581
fcg_official,external,1,official,174,face2face_faces_c23/488_399,ffpp_test:34,1,face2face,canonical,2.256995439529419,0.905252241625721
fcg_official,external,1,official,175,face2face_faces_c23/399_488,ffpp_test:34,1,face2face,canonical,1.6879831552505493,0.8439587409961139
fcg_official,external,1,official,176,faceswap_faces_c23/488_399,ffpp_test:34,1,faceswap,canonical,2.0169005393981934,0.8825601377582326
fcg_official,external,1,official,177,faceswap_faces_c23/399_488,ffpp_test:34,1,faceswap,canonical,1.5367839336395264,0.8229967173582433
fcg_official,external,1,official,178,neuraltextures_faces_c23/488_399,ffpp_test:34,1,neuraltextures,canonical,1.0692201852798462,0.7444485883460326
fcg_official,external,1,official,179,neuraltextures_faces_c23/399_488,ffpp_test:34,1,neuraltextures,canonical,0.404815673828125,0.5998441256552548
fcg_official,external,1,official,180,original_faces_c23/695,ffpp_test:38,0,real,canonical,-0.8141120076179504,0.307014944680601
fcg_official,external,1,official,181,original_faces_c23/422,ffpp_test:38,0,real,canonical,-1.0043623447418213,0.26808459733755485
fcg_official,external,1,official,182,deepfakes_faces_c23/695_422,ffpp_test:38,1,deepfakes,canonical,2.4332125186920166,0.9193251150712107
fcg_official,external,1,official,183,deepfakes_faces_c23/422_695,ffpp_test:38,1,deepfakes,canonical,1.9957752227783203,0.8803527893667947
fcg_official,external,1,official,184,face2face_faces_c23/695_422,ffpp_test:38,1,face2face,canonical,1.6782336235046387,0.8426704920559324
fcg_official,external,1,official,185,face2face_faces_c23/422_695,ffpp_test:38,1,face2face,canonical,1.4966380596160889,0.8170725192635211
fcg_official,external,1,official,186,faceswap_faces_c23/695_422,ffpp_test:38,1,faceswap,canonical,1.3456486463546753,0.7934173246042988
fcg_official,external,1,official,187,faceswap_faces_c23/422_695,ffpp_test:38,1,faceswap,canonical,0.8415987491607666,0.6988018241780403
fcg_official,external,1,official,188,neuraltextures_faces_c23/695_422,ffpp_test:38,1,neuraltextures,canonical,0.7039512395858765,0.6690632299252157
fcg_official,external,1,official,189,neuraltextures_faces_c23/422_695,ffpp_test:38,1,neuraltextures,canonical,0.9002872109413147,0.7110085209855649
fcg_official,external,1,official,190,original_faces_c23/288,ffpp_test:25,0,real,canonical,-0.6518255472183228,0.34257827242801686
fcg_official,external,1,official,191,original_faces_c23/321,ffpp_test:25,0,real,canonical,-0.9098200798034668,0.2870366558958837
fcg_official,external,1,official,192,deepfakes_faces_c23/288_321,ffpp_test:25,1,deepfakes,canonical,2.2635703086853027,0.9058146716241177
fcg_official,external,1,official,193,deepfakes_faces_c23/321_288,ffpp_test:25,1,deepfakes,canonical,1.4028254747390747,0.8026318659410122
fcg_official,external,1,official,194,face2face_faces_c23/288_321,ffpp_test:25,1,face2face,canonical,1.181692361831665,0.7652519584731691
fcg_official,external,1,official,195,face2face_faces_c23/321_288,ffpp_test:25,1,face2face,canonical,1.1225740909576416,0.7544658716678047
fcg_official,external,1,official,196,faceswap_faces_c23/288_321,ffpp_test:25,1,faceswap,canonical,2.479139804840088,0.9226664426018041
fcg_official,external,1,official,197,faceswap_faces_c23/321_288,ffpp_test:25,1,faceswap,canonical,2.1731181144714355,0.8978094013912081
fcg_official,external,1,official,198,neuraltextures_faces_c23/288_321,ffpp_test:25,1,neuraltextures,canonical,0.6560946702957153,0.658382565446524
fcg_official,external,1,official,199,neuraltextures_faces_c23/321_288,ffpp_test:25,1,neuraltextures,canonical,0.41613590717315674,0.6025582376569638
fcg_official,external,1,official,200,original_faces_c23/705,ffpp_test:57,0,real,canonical,-1.2867649793624878,0.21640087494300728
fcg_official,external,1,official,201,original_faces_c23/707,ffpp_test:57,0,real,canonical,-1.0981473922729492,0.25008717820473075
fcg_official,external,1,official,202,deepfakes_faces_c23/705_707,ffpp_test:57,1,deepfakes,canonical,1.54127037525177,0.8236493245166395
fcg_official,external,1,official,203,deepfakes_faces_c23/707_705,ffpp_test:57,1,deepfakes,canonical,0.6983838081359863,0.6678293442750234
fcg_official,external,1,official,204,face2face_faces_c23/705_707,ffpp_test:57,1,face2face,canonical,0.8372340202331543,0.6978823491007177
fcg_official,external,1,official,205,face2face_faces_c23/707_705,ffpp_test:57,1,face2face,canonical,1.0152021646499634,0.7340369863241614
fcg_official,external,1,official,206,faceswap_faces_c23/705_707,ffpp_test:57,1,faceswap,canonical,1.0861313343048096,0.7476525268534829
fcg_official,external,1,official,207,faceswap_faces_c23/707_705,ffpp_test:57,1,faceswap,canonical,0.12013912200927734,0.5299987072124518
fcg_official,external,1,official,208,neuraltextures_faces_c23/705_707,ffpp_test:57,1,neuraltextures,canonical,0.6626061797142029,0.6598455873484194
fcg_official,external,1,official,209,neuraltextures_faces_c23/707_705,ffpp_test:57,1,neuraltextures,canonical,0.48150157928466797,0.6181023881039835
fcg_official,external,1,official,210,original_faces_c23/306,ffpp_test:24,0,real,canonical,-0.625180721282959,0.3486040961523376
fcg_official,external,1,official,211,original_faces_c23/278,ffpp_test:24,0,real,canonical,-0.5778322219848633,0.3594315517453974
fcg_official,external,1,official,212,deepfakes_faces_c23/306_278,ffpp_test:24,1,deepfakes,canonical,1.2425798177719116,0.7760127496355923
fcg_official,external,1,official,213,deepfakes_faces_c23/278_306,ffpp_test:24,1,deepfakes,canonical,1.1361815929412842,0.7569778852507808
fcg_official,external,1,official,214,face2face_faces_c23/306_278,ffpp_test:24,1,face2face,canonical,0.8099373579025269,0.6920961554898936
fcg_official,external,1,official,215,face2face_faces_c23/278_306,ffpp_test:24,1,face2face,canonical,0.5940976142883301,0.6443047753799093
fcg_official,external,1,official,216,faceswap_faces_c23/306_278,ffpp_test:24,1,faceswap,canonical,1.6450306177139282,0.8382182926222375
fcg_official,external,1,official,217,faceswap_faces_c23/278_306,ffpp_test:24,1,faceswap,canonical,0.7010297775268555,0.6684160475459455
fcg_official,external,1,official,218,neuraltextures_faces_c23/306_278,ffpp_test:24,1,neuraltextures,canonical,0.9209747314453125,0.715240672314645
fcg_official,external,1,official,219,neuraltextures_faces_c23/278_306,ffpp_test:24,1,neuraltextures,canonical,0.3160404562950134,0.578358979086371
fcg_official,external,1,official,220,original_faces_c23/865,ffpp_test:61,0,real,canonical,-1.1824623346328735,0.23460975078688423
fcg_official,external,1,official,221,original_faces_c23/739,ffpp_test:61,0,real,canonical,-0.6536235809326172,0.3421734368499026
fcg_official,external,1,official,222,deepfakes_faces_c23/865_739,ffpp_test:61,1,deepfakes,canonical,2.8017804622650146,0.9427719611278413
fcg_official,external,1,official,223,deepfakes_faces_c23/739_865,ffpp_test:61,1,deepfakes,canonical,2.515322208404541,0.9252090074285929
fcg_official,external,1,official,224,face2face_faces_c23/865_739,ffpp_test:61,1,face2face,canonical,0.3654271364212036,0.590353552979474
fcg_official,external,1,official,225,face2face_faces_c23/739_865,ffpp_test:61,1,face2face,canonical,1.3592901229858398,0.7956442998781951
fcg_official,external,1,official,226,faceswap_faces_c23/865_739,ffpp_test:61,1,faceswap,canonical,2.510265588760376,0.9248583497931847
fcg_official,external,1,official,227,faceswap_faces_c23/739_865,ffpp_test:61,1,faceswap,canonical,2.0622880458831787,0.8871833811761783
fcg_official,external,1,official,228,neuraltextures_faces_c23/865_739,ffpp_test:61,1,neuraltextures,canonical,-0.03309422731399536,0.4917271982079841
fcg_official,external,1,official,229,neuraltextures_faces_c23/739_865,ffpp_test:61,1,neuraltextures,canonical,0.15095728635787964,0.5376678172364614
fcg_official,external,1,official,230,original_faces_c23/995,ffpp_test:21,0,real,canonical,-0.9812555313110352,0.27264272985155624
fcg_official,external,1,official,231,original_faces_c23/233,ffpp_test:21,0,real,canonical,-0.6844072341918945,0.3352783645008385
fcg_official,external,1,official,232,deepfakes_faces_c23/995_233,ffpp_test:21,1,deepfakes,canonical,0.6641976833343506,0.6602027084371501
fcg_official,external,1,official,233,deepfakes_faces_c23/233_995,ffpp_test:21,1,deepfakes,canonical,2.239934206008911,0.9037787368161128
fcg_official,external,1,official,234,face2face_faces_c23/995_233,ffpp_test:21,1,face2face,canonical,0.8234400749206543,0.6949660842060039
fcg_official,external,1,official,235,face2face_faces_c23/233_995,ffpp_test:21,1,face2face,canonical,-0.9421558380126953,0.2804650791133913
fcg_official,external,1,official,236,faceswap_faces_c23/995_233,ffpp_test:21,1,faceswap,canonical,1.8600661754608154,0.8653046611501244
fcg_official,external,1,official,237,faceswap_faces_c23/233_995,ffpp_test:21,1,faceswap,canonical,1.0215909481048584,0.735282381000349
fcg_official,external,1,official,238,neuraltextures_faces_c23/995_233,ffpp_test:21,1,neuraltextures,canonical,0.257440984249115,0.5640071253257024
fcg_official,external,1,official,239,neuraltextures_faces_c23/233_995,ffpp_test:21,1,neuraltextures,canonical,-0.7730685472488403,0.3158156919898907
fcg_official,external,1,official,240,original_faces_c23/755,ffpp_test:62,0,real,canonical,-0.69511479139328,0.33289622996405543
fcg_official,external,1,official,241,original_faces_c23/759,ffpp_test:62,0,real,canonical,-0.541199803352356,0.36790852159195264
fcg_official,external,1,official,242,deepfakes_faces_c23/755_759,ffpp_test:62,1,deepfakes,canonical,2.2627735137939453,0.9057466715200625
fcg_official,external,1,official,243,deepfakes_faces_c23/759_755,ffpp_test:62,1,deepfakes,canonical,1.078714370727539,0.7462506128428422
fcg_official,external,1,official,244,face2face_faces_c23/755_759,ffpp_test:62,1,face2face,canonical,0.6403611898422241,0.6548351034993468
fcg_official,external,1,official,245,face2face_faces_c23/759_755,ffpp_test:62,1,face2face,canonical,1.542573094367981,0.8238384661470318
fcg_official,external,1,official,246,faceswap_faces_c23/755_759,ffpp_test:62,1,faceswap,canonical,0.2555362582206726,0.5635386903455767
fcg_official,external,1,official,247,faceswap_faces_c23/759_755,ffpp_test:62,1,faceswap,canonical,1.4892230033874512,0.8159616209997437
fcg_official,external,1,official,248,neuraltextures_faces_c23/755_759,ffpp_test:62,1,neuraltextures,canonical,0.3802717924118042,0.5939386542861419
fcg_official,external,1,official,249,neuraltextures_faces_c23/759_755,ffpp_test:62,1,neuraltextures,canonical,1.2378654479980469,0.7751922460625152
fcg_official,external,1,official,250,original_faces_c23/467,ffpp_test:43,0,real,canonical,-1.21137273311615,0.2294582517732833
fcg_official,external,1,official,251,original_faces_c23/462,ffpp_test:43,0,real,canonical,-1.2901318073272705,0.21583050190044978
fcg_official,external,1,official,252,deepfakes_faces_c23/467_462,ffpp_test:43,1,deepfakes,canonical,1.3935669660568237,0.8011610784529182
fcg_official,external,1,official,253,deepfakes_faces_c23/462_467,ffpp_test:43,1,deepfakes,canonical,2.23707914352417,0.9035301663967876
fcg_official,external,1,official,254,face2face_faces_c23/467_462,ffpp_test:43,1,face2face,canonical,0.9749619364738464,0.7261074114254749
fcg_official,external,1,official,255,face2face_faces_c23/462_467,ffpp_test:43,1,face2face,canonical,0.28045767545700073,0.5696584256017094
fcg_official,external,1,official,256,faceswap_faces_c23/467_462,ffpp_test:43,1,faceswap,canonical,1.5920597314834595,0.8309056955427337
fcg_official,external,1,official,257,faceswap_faces_c23/462_467,ffpp_test:43,1,faceswap,canonical,2.0905978679656982,0.8899859771007406
fcg_official,external,1,official,258,neuraltextures_faces_c23/467_462,ffpp_test:43,1,neuraltextures,canonical,0.7144992351531982,0.6713945630139069
fcg_official,external,1,official,259,neuraltextures_faces_c23/462_467,ffpp_test:43,1,neuraltextures,canonical,-0.4606456756591797,0.38683266282867046
fcg_official,external,1,official,260,original_faces_c23/314,ffpp_test:27,0,real,canonical,-0.7254292368888855,0.3261985502206254
fcg_official,external,1,official,261,original_faces_c23/347,ffpp_test:27,0,real,canonical,-0.48722174763679504,0.3805482709593833
fcg_official,external,1,official,262,deepfakes_faces_c23/314_347,ffpp_test:27,1,deepfakes,canonical,1.2303543090820312,0.7738805806292435
fcg_official,external,1,official,263,deepfakes_faces_c23/347_314,ffpp_test:27,1,deepfakes,canonical,2.8206095695495605,0.9437794188327236
fcg_official,external,1,official,264,face2face_faces_c23/314_347,ffpp_test:27,1,face2face,canonical,1.1569859981536865,0.7607846237049337
fcg_official,external,1,official,265,face2face_faces_c23/347_314,ffpp_test:27,1,face2face,canonical,0.7458912134170532,0.6782827568099113
fcg_official,external,1,official,266,faceswap_faces_c23/314_347,ffpp_test:27,1,faceswap,canonical,1.196832299232483,0.767960787876301
fcg_official,external,1,official,267,faceswap_faces_c23/347_314,ffpp_test:27,1,faceswap,canonical,0.46566659212112427,0.6143575853779297
fcg_official,external,1,official,268,neuraltextures_faces_c23/314_347,ffpp_test:27,1,neuraltextures,canonical,-0.10523849725723267,0.4737146307238286
fcg_official,external,1,official,269,neuraltextures_faces_c23/347_314,ffpp_test:27,1,neuraltextures,canonical,-1.1012226343154907,0.2495108796621372
fcg_official,external,1,official,270,original_faces_c23/741,ffpp_test:60,0,real,canonical,-0.5366723537445068,0.36896201656478145
fcg_official,external,1,official,271,original_faces_c23/731,ffpp_test:60,0,real,canonical,-0.5466833710670471,0.36663423402391626
fcg_official,external,1,official,272,deepfakes_faces_c23/741_731,ffpp_test:60,1,deepfakes,canonical,1.302980661392212,0.7863361960807335
fcg_official,external,1,official,273,deepfakes_faces_c23/731_741,ffpp_test:60,1,deepfakes,canonical,1.6387341022491455,0.8373626128935552
fcg_official,external,1,official,274,face2face_faces_c23/741_731,ffpp_test:60,1,face2face,canonical,1.7374448776245117,0.850362226553247
fcg_official,external,1,official,275,face2face_faces_c23/731_741,ffpp_test:60,1,face2face,canonical,1.685401439666748,0.843618446721259
fcg_official,external,1,official,276,faceswap_faces_c23/741_731,ffpp_test:60,1,faceswap,canonical,1.578786849975586,0.8290326377275855
fcg_official,external,1,official,277,faceswap_faces_c23/731_741,ffpp_test:60,1,faceswap,canonical,0.792296290397644,0.688324175870893
fcg_official,external,1,official,278,neuraltextures_faces_c23/741_731,ffpp_test:60,1,neuraltextures,canonical,0.9188742637634277,0.7148126736665049
fcg_official,external,1,official,279,neuraltextures_faces_c23/731_741,ffpp_test:60,1,neuraltextures,canonical,1.343926191329956,0.7931348607328343
fcg_official,external,1,official,280,original_faces_c23/970,ffpp_test:69,0,real,canonical,-1.252443552017212,0.22227743490694554
fcg_official,external,1,official,281,original_faces_c23/973,ffpp_test:69,0,real,canonical,-0.9705153703689575,0.2747777898827037
fcg_official,external,1,official,282,deepfakes_faces_c23/970_973,ffpp_test:69,1,deepfakes,canonical,1.5401597023010254,0.8234879400363776
fcg_official,external,1,official,283,deepfakes_faces_c23/973_970,ffpp_test:69,1,deepfakes,canonical,2.2218501567840576,0.9021945741844001
fcg_official,external,1,official,284,face2face_faces_c23/970_973,ffpp_test:69,1,face2face,canonical,1.7017372846603394,0.8457614980960212
fcg_official,external,1,official,285,face2face_faces_c23/973_970,ffpp_test:69,1,face2face,canonical,1.1768500804901123,0.7643809672602607
fcg_official,external,1,official,286,faceswap_faces_c23/970_973,ffpp_test:69,1,faceswap,canonical,2.3785970211029053,0.915180591342675
fcg_official,external,1,official,287,faceswap_faces_c23/973_970,ffpp_test:69,1,faceswap,canonical,1.6289595365524292,0.8360270558573656
fcg_official,external,1,official,288,neuraltextures_faces_c23/970_973,ffpp_test:69,1,neuraltextures,canonical,0.6849334239959717,0.6648388955617344
fcg_official,external,1,official,289,neuraltextures_faces_c23/973_970,ffpp_test:69,1,neuraltextures,canonical,0.6156467199325562,0.64922781666937
fcg_official,external,1,official,290,original_faces_c23/634,ffpp_test:53,0,real,canonical,-1.2094231843948364,0.2298031277409781
fcg_official,external,1,official,291,original_faces_c23/660,ffpp_test:53,0,real,canonical,-1.2968976497650146,0.21468760040887785
fcg_official,external,1,official,292,deepfakes_faces_c23/634_660,ffpp_test:53,1,deepfakes,canonical,1.3397341966629028,0.792446226780491
fcg_official,external,1,official,293,deepfakes_faces_c23/660_634,ffpp_test:53,1,deepfakes,canonical,1.815051794052124,0.8599713215618158
fcg_official,external,1,official,294,face2face_faces_c23/634_660,ffpp_test:53,1,face2face,canonical,1.1292153596878052,0.7556940674383097
fcg_official,external,1,official,295,face2face_faces_c23/660_634,ffpp_test:53,1,face2face,canonical,1.3666396141052246,0.7968366900948349
fcg_official,external,1,official,296,faceswap_faces_c23/634_660,ffpp_test:53,1,faceswap,canonical,2.394648790359497,0.9164183357810324
fcg_official,external,1,official,297,faceswap_faces_c23/660_634,ffpp_test:53,1,faceswap,canonical,0.7252604961395264,0.6737643606467527
fcg_official,external,1,official,298,neuraltextures_faces_c23/634_660,ffpp_test:53,1,neuraltextures,canonical,0.4945324957370758,0.6211735897423132
fcg_official,external,1,official,299,neuraltextures_faces_c23/660_634,ffpp_test:53,1,neuraltextures,canonical,0.07966411113739014,0.5199055015901712
fcg_official,external,1,official,300,original_faces_c23/494,ffpp_test:40,0,real,canonical,-1.6494892835617065,0.16117798630898345
fcg_official,external,1,official,301,original_faces_c23/445,ffpp_test:40,0,real,canonical,-1.270089864730835,0.21924186911597296
fcg_official,external,1,official,302,deepfakes_faces_c23/494_445,ffpp_test:40,1,deepfakes,canonical,2.8288583755493164,0.9442155002412621
fcg_official,external,1,official,303,deepfakes_faces_c23/445_494,ffpp_test:40,1,deepfakes,canonical,1.738362431526184,0.850478944371456
fcg_official,external,1,official,304,face2face_faces_c23/494_445,ffpp_test:40,1,face2face,canonical,-0.1265813708305359,0.46839684372997425
fcg_official,external,1,official,305,face2face_faces_c23/445_494,ffpp_test:40,1,face2face,canonical,1.9826946258544922,0.8789681177960241
fcg_official,external,1,official,306,faceswap_faces_c23/494_445,ffpp_test:40,1,faceswap,canonical,1.908134937286377,0.8708094727423313
fcg_official,external,1,official,307,faceswap_faces_c23/445_494,ffpp_test:40,1,faceswap,canonical,2.8711366653442383,0.9464010358751049
fcg_official,external,1,official,308,neuraltextures_faces_c23/494_445,ffpp_test:40,1,neuraltextures,canonical,-0.795364499092102,0.3110179696665247
fcg_official,external,1,official,309,neuraltextures_faces_c23/445_494,ffpp_test:40,1,neuraltextures,canonical,0.7118421792984009,0.6708080862393168
fcg_official,external,1,official,310,original_faces_c23/706,ffpp_test:44,0,real,canonical,-0.9006599187850952,0.2889149027428252
fcg_official,external,1,official,311,original_faces_c23/479,ffpp_test:44,0,real,canonical,-1.12656831741333,0.24479496165155232
fcg_official,external,1,official,312,deepfakes_faces_c23/706_479,ffpp_test:44,1,deepfakes,canonical,2.6817867755889893,0.9359433303674899
fcg_official,external,1,official,313,deepfakes_faces_c23/479_706,ffpp_test:44,1,deepfakes,canonical,2.385277509689331,0.9156977285210288
fcg_official,external,1,official,314,face2face_faces_c23/706_479,ffpp_test:44,1,face2face,canonical,-0.08603250980377197,0.4785051289373097
fcg_official,external,1,official,315,face2face_faces_c23/479_706,ffpp_test:44,1,face2face,canonical,1.4501922130584717,0.8100280139983723
fcg_official,external,1,official,316,faceswap_faces_c23/706_479,ffpp_test:44,1,faceswap,canonical,0.8097069263458252,0.6920470485666409
fcg_official,external,1,official,317,faceswap_faces_c23/479_706,ffpp_test:44,1,faceswap,canonical,0.11820822954177856,0.5295176940361347
fcg_official,external,1,official,318,neuraltextures_faces_c23/706_479,ffpp_test:44,1,neuraltextures,canonical,0.15624064207077026,0.5389808954256938
fcg_official,external,1,official,319,neuraltextures_faces_c23/479_706,ffpp_test:44,1,neuraltextures,canonical,0.8893332481384277,0.7087525592262781
fcg_official,external,1,official,320,original_faces_c23/186,ffpp_test:17,0,real,canonical,-1.2480239868164062,0.22304238358758277
fcg_official,external,1,official,321,original_faces_c23/170,ffpp_test:17,0,real,canonical,-1.4052519798278809,0.1969840240491083
fcg_official,external,1,official,322,deepfakes_faces_c23/186_170,ffpp_test:17,1,deepfakes,canonical,3.0435314178466797,0.9545024363745511
fcg_official,external,1,official,323,deepfakes_faces_c23/170_186,ffpp_test:17,1,deepfakes,canonical,2.054182529449463,0.8863695583220905
fcg_official,external,1,official,324,face2face_faces_c23/186_170,ffpp_test:17,1,face2face,canonical,0.3131164312362671,0.5776457638082049
fcg_official,external,1,official,325,face2face_faces_c23/170_186,ffpp_test:17,1,face2face,canonical,2.2039566040039062,0.9006042529791544
fcg_official,external,1,official,326,faceswap_faces_c23/186_170,ffpp_test:17,1,faceswap,canonical,1.1640582084655762,0.7620693302501166
fcg_official,external,1,official,327,faceswap_faces_c23/170_186,ffpp_test:17,1,faceswap,canonical,0.6462303400039673,0.6561604763285122
fcg_official,external,1,official,328,neuraltextures_faces_c23/186_170,ffpp_test:17,1,neuraltextures,canonical,-0.02632087469100952,0.49342016119255266
fcg_official,external,1,official,329,neuraltextures_faces_c23/170_186,ffpp_test:17,1,neuraltextures,canonical,0.8417329788208008,0.6988300757922976
fcg_official,external,1,official,330,original_faces_c23/176,ffpp_test:18,0,real,canonical,-1.2400017976760864,0.22443567281953908
fcg_official,external,1,official,331,original_faces_c23/190,ffpp_test:18,0,real,canonical,-0.11863768100738525,0.4703753186339213
fcg_official,external,1,official,332,deepfakes_faces_c23/176_190,ffpp_test:18,1,deepfakes,canonical,2.7398290634155273,0.9393363568397531
fcg_official,external,1,official,333,deepfakes_faces_c23/190_176,ffpp_test:18,1,deepfakes,canonical,1.3697640895843506,0.7973420360181601
fcg_official,external,1,official,334,face2face_faces_c23/176_190,ffpp_test:18,1,face2face,canonical,0.1885906457901001,0.5470084171621569
fcg_official,external,1,official,335,face2face_faces_c23/190_176,ffpp_test:18,1,face2face,canonical,1.8718234300613403,0.8666691225682102
fcg_official,external,1,official,336,faceswap_faces_c23/176_190,ffpp_test:18,1,faceswap,canonical,1.5084036588668823,0.8188245086703348
fcg_official,external,1,official,337,faceswap_faces_c23/190_176,ffpp_test:18,1,faceswap,canonical,1.0552217960357666,0.7417763659513364
fcg_official,external,1,official,338,neuraltextures_faces_c23/176_190,ffpp_test:18,1,neuraltextures,canonical,0.2967068552970886,0.5736372835422282
fcg_official,external,1,official,339,neuraltextures_faces_c23/190_176,ffpp_test:18,1,neuraltextures,canonical,0.5437870025634766,0.6326929304685777
fcg_official,external,1,official,340,original_faces_c23/380,ffpp_test:29,0,real,canonical,-0.6698416471481323,0.3385322995565209
fcg_official,external,1,official,341,original_faces_c23/358,ffpp_test:29,0,real,canonical,-1.0065720081329346,0.2676512499390255
fcg_official,external,1,official,342,deepfakes_faces_c23/380_358,ffpp_test:29,1,deepfakes,canonical,0.2506157159805298,0.5623280437675791
fcg_official,external,1,official,343,deepfakes_faces_c23/358_380,ffpp_test:29,1,deepfakes,canonical,0.18322288990020752,0.5456780073023344
fcg_official,external,1,official,344,face2face_faces_c23/380_358,ffpp_test:29,1,face2face,canonical,0.37477487325668335,0.5926122503202182
fcg_official,external,1,official,345,face2face_faces_c23/358_380,ffpp_test:29,1,face2face,canonical,0.35428130626678467,0.5876553980879787
fcg_official,external,1,official,346,faceswap_faces_c23/380_358,ffpp_test:29,1,faceswap,canonical,-0.6520078182220459,0.3425372228222158
fcg_official,external,1,official,347,faceswap_faces_c23/358_380,ffpp_test:29,1,faceswap,canonical,-0.6157355308532715,0.35075195859368147
fcg_official,external,1,official,348,neuraltextures_faces_c23/380_358,ffpp_test:29,1,neuraltextures,canonical,0.5468880534172058,0.6334132946982479
fcg_official,external,1,official,349,neuraltextures_faces_c23/358_380,ffpp_test:29,1,neuraltextures,canonical,0.013730406761169434,0.5034325477639723
fcg_official,external,1,official,350,original_faces_c23/214,ffpp_test:19,0,real,canonical,-0.6481699347496033,0.34340205676622
fcg_official,external,1,official,351,original_faces_c23/255,ffpp_test:19,0,real,canonical,-1.0065752267837524,0.2676506190386881
fcg_official,external,1,official,352,deepfakes_faces_c23/214_255,ffpp_test:19,1,deepfakes,canonical,2.512141227722168,0.9249885942130038
fcg_official,external,1,official,353,deepfakes_faces_c23/255_214,ffpp_test:19,1,deepfakes,canonical,2.463468074798584,0.9215407831881932
fcg_official,external,1,official,354,face2face_faces_c23/214_255,ffpp_test:19,1,face2face,canonical,1.439324140548706,0.8083499689117827
fcg_official,external,1,official,355,face2face_faces_c23/255_214,ffpp_test:19,1,face2face,canonical,1.1695035696029663,0.7630552718773403
fcg_official,external,1,official,356,faceswap_faces_c23/214_255,ffpp_test:19,1,faceswap,canonical,1.4525725841522217,0.8103940414695162
fcg_official,external,1,official,357,faceswap_faces_c23/255_214,ffpp_test:19,1,faceswap,canonical,1.3814635276794434,0.7992259463575995
fcg_official,external,1,official,358,neuraltextures_faces_c23/214_255,ffpp_test:19,1,neuraltextures,canonical,0.2956801652908325,0.5733861592517975
fcg_official,external,1,official,359,neuraltextures_faces_c23/255_214,ffpp_test:19,1,neuraltextures,canonical,-0.28693294525146484,0.42875489810266176
fcg_official,external,1,official,360,original_faces_c23/454,ffpp_test:42,0,real,canonical,-0.6700155138969421,0.3384933669846853
fcg_official,external,1,official,361,original_faces_c23/527,ffpp_test:42,0,real,canonical,-0.9687467217445374,0.2751303776171554
fcg_official,external,1,official,362,deepfakes_faces_c23/454_527,ffpp_test:42,1,deepfakes,canonical,2.3900864124298096,0.9160682123547819
fcg_official,external,1,official,363,deepfakes_faces_c23/527_454,ffpp_test:42,1,deepfakes,canonical,3.186371088027954,0.9603181635864616
fcg_official,external,1,official,364,face2face_faces_c23/454_527,ffpp_test:42,1,face2face,canonical,1.6472995281219482,0.8385257398389707
fcg_official,external,1,official,365,face2face_faces_c23/527_454,ffpp_test:42,1,face2face,canonical,0.51107257604599,0.6250578776537034
fcg_official,external,1,official,366,faceswap_faces_c23/454_527,ffpp_test:42,1,faceswap,canonical,1.9615358114242554,0.8766990663622247
fcg_official,external,1,official,367,faceswap_faces_c23/527_454,ffpp_test:42,1,faceswap,canonical,2.9579532146453857,0.9506380363167929
fcg_official,external,1,official,368,neuraltextures_faces_c23/454_527,ffpp_test:42,1,neuraltextures,canonical,0.6378880739212036,0.6542759009280975
fcg_official,external,1,official,369,neuraltextures_faces_c23/527_454,ffpp_test:42,1,neuraltextures,canonical,0.9242050647735596,0.7158981412879001
fcg_official,external,1,official,370,original_faces_c23/425,ffpp_test:39,0,real,canonical,-1.1213512420654297,0.24576072805141116
fcg_official,external,1,official,371,original_faces_c23/485,ffpp_test:39,0,real,canonical,-0.2949220538139343,0.4267992960954663
fcg_official,external,1,official,372,deepfakes_faces_c23/425_485,ffpp_test:39,1,deepfakes,canonical,1.18772292137146,0.7663335631907617
fcg_official,external,1,official,373,deepfakes_faces_c23/485_425,ffpp_test:39,1,deepfakes,canonical,2.226367712020874,0.90259247746879
fcg_official,external,1,official,374,face2face_faces_c23/425_485,ffpp_test:39,1,face2face,canonical,0.06987559795379639,0.5174617951543171
fcg_official,external,1,official,375,face2face_faces_c23/485_425,ffpp_test:39,1,face2face,canonical,0.4967152178287506,0.6216870852545491
fcg_official,external,1,official,376,faceswap_faces_c23/425_485,ffpp_test:39,1,faceswap,canonical,0.9491664171218872,0.72094750687728
fcg_official,external,1,official,377,faceswap_faces_c23/485_425,ffpp_test:39,1,faceswap,canonical,2.5173325538635254,0.925347999047216
fcg_official,external,1,official,378,neuraltextures_faces_c23/425_485,ffpp_test:39,1,neuraltextures,canonical,-0.2030928134918213,0.4494005986717349
fcg_official,external,1,official,379,neuraltextures_faces_c23/485_425,ffpp_test:39,1,neuraltextures,canonical,0.5593419075012207,0.6363002567064123
fcg_official,external,1,official,380,original_faces_c23/388,ffpp_test:26,0,real,canonical,-1.0106933116912842,0.2668441904690057
fcg_official,external,1,official,381,original_faces_c23/308,ffpp_test:26,0,real,canonical,-1.1436923742294312,0.24164308181000285
fcg_official,external,1,official,382,deepfakes_faces_c23/388_308,ffpp_test:26,1,deepfakes,canonical,-0.595649003982544,0.35533976278063406
fcg_official,external,1,official,383,deepfakes_faces_c23/308_388,ffpp_test:26,1,deepfakes,canonical,1.1655296087265015,0.7623360211676868
fcg_official,external,1,official,384,face2face_faces_c23/388_308,ffpp_test:26,1,face2face,canonical,0.6256672143936157,0.6515063682148825
fcg_official,external,1,official,385,face2face_faces_c23/308_388,ffpp_test:26,1,face2face,canonical,0.45900076627731323,0.612777103373295
fcg_official,external,1,official,386,faceswap_faces_c23/388_308,ffpp_test:26,1,faceswap,canonical,1.0460176467895508,0.7400094451138763
fcg_official,external,1,official,387,faceswap_faces_c23/308_388,ffpp_test:26,1,faceswap,canonical,1.3300886154174805,0.7908552924382369
fcg_official,external,1,official,388,neuraltextures_faces_c23/388_308,ffpp_test:26,1,neuraltextures,canonical,0.3106802701950073,0.577051298679461
fcg_official,external,1,official,389,neuraltextures_faces_c23/308_388,ffpp_test:26,1,neuraltextures,canonical,-0.17280817031860352,0.4569051480045843
fcg_official,external,1,official,390,original_faces_c23/384,ffpp_test:32,0,real,canonical,-0.520641028881073,0.37270235191616896
fcg_official,external,1,official,391,original_faces_c23/932,ffpp_test:32,0,real,canonical,-1.6297065019607544,0.16387057147917533
fcg_official,external,1,official,392,deepfakes_faces_c23/384_932,ffpp_test:32,1,deepfakes,canonical,2.4751346111297607,0.9223801754736219
fcg_official,external,1,official,393,deepfakes_faces_c23/932_384,ffpp_test:32,1,deepfakes,canonical,1.1135506629943848,0.7527904720151706
fcg_official,external,1,official,394,face2face_faces_c23/384_932,ffpp_test:32,1,face2face,canonical,1.344948172569275,0.7933024889587577
fcg_official,external,1,official,395,face2face_faces_c23/932_384,ffpp_test:32,1,face2face,canonical,-0.12561237812042236,0.46863813148697164
fcg_official,external,1,official,396,faceswap_faces_c23/384_932,ffpp_test:32,1,faceswap,canonical,3.107365846633911,0.9571955585522284
fcg_official,external,1,official,397,faceswap_faces_c23/932_384,ffpp_test:32,1,faceswap,canonical,0.8419289588928223,0.6988713214445716
fcg_official,external,1,official,398,neuraltextures_faces_c23/384_932,ffpp_test:32,1,neuraltextures,canonical,1.2460072040557861,0.7766079238883441
fcg_official,external,1,official,399,neuraltextures_faces_c23/932_384,ffpp_test:32,1,neuraltextures,canonical,-0.2758021950721741,0.43148322289160146
fcg_official,external,1,official,400,original_faces_c23/035,ffpp_test:5,0,real,canonical,-0.7636823654174805,0.3178473192718382
fcg_official,external,1,official,401,original_faces_c23/036,ffpp_test:5,0,real,canonical,-1.2523361444473267,0.22229600302640531
fcg_official,external,1,official,402,deepfakes_faces_c23/035_036,ffpp_test:5,1,deepfakes,canonical,2.314718008041382,0.9100886647773402
fcg_official,external,1,official,403,deepfakes_faces_c23/036_035,ffpp_test:5,1,deepfakes,canonical,2.3145132064819336,0.9100719050138126
fcg_official,external,1,official,404,face2face_faces_c23/035_036,ffpp_test:5,1,face2face,canonical,1.1693658828735352,0.7630303769501231
fcg_official,external,1,official,405,face2face_faces_c23/036_035,ffpp_test:5,1,face2face,canonical,1.1979516744613647,0.7681601973686185
fcg_official,external,1,official,406,faceswap_faces_c23/035_036,ffpp_test:5,1,faceswap,canonical,0.9139606952667236,0.7138099592845629
fcg_official,external,1,official,407,faceswap_faces_c23/036_035,ffpp_test:5,1,faceswap,canonical,0.987745463848114,0.7286423793172859
fcg_official,external,1,official,408,neuraltextures_faces_c23/035_036,ffpp_test:5,1,neuraltextures,canonical,0.9197859764099121,0.7149984949123126
fcg_official,external,1,official,409,neuraltextures_faces_c23/036_035,ffpp_test:5,1,neuraltextures,canonical,0.6703567504882812,0.661583037002447
fcg_official,external,1,official,410,original_faces_c23/257,ffpp_test:23,0,real,canonical,-0.31944823265075684,0.42081022366486315
fcg_official,external,1,official,411,original_faces_c23/420,ffpp_test:23,0,real,canonical,-0.47586196660995483,0.38322973649856773
fcg_official,external,1,official,412,deepfakes_faces_c23/257_420,ffpp_test:23,1,deepfakes,canonical,0.919732391834259,0.7149875755549348
fcg_official,external,1,official,413,deepfakes_faces_c23/420_257,ffpp_test:23,1,deepfakes,canonical,0.44501009583473206,0.6094521866437728
fcg_official,external,1,official,414,face2face_faces_c23/257_420,ffpp_test:23,1,face2face,canonical,0.5534754395484924,0.6349415430195597
fcg_official,external,1,official,415,face2face_faces_c23/420_257,ffpp_test:23,1,face2face,canonical,-0.28441357612609863,0.42937206285772006
fcg_official,external,1,official,416,faceswap_faces_c23/257_420,ffpp_test:23,1,faceswap,canonical,1.058957576751709,0.7424912864738961
fcg_official,external,1,official,417,faceswap_faces_c23/420_257,ffpp_test:23,1,faceswap,canonical,0.5973222851753235,0.645043448609227
fcg_official,external,1,official,418,neuraltextures_faces_c23/257_420,ffpp_test:23,1,neuraltextures,canonical,0.5411131381988525,0.6320713240363116
fcg_official,external,1,official,419,neuraltextures_faces_c23/420_257,ffpp_test:23,1,neuraltextures,canonical,-0.5098861455917358,0.37522021604191436
fcg_official,external,1,official,420,original_faces_c23/924,ffpp_test:67,0,real,canonical,-1.0538809299468994,0.2584805524078356
fcg_official,external,1,official,421,original_faces_c23/917,ffpp_test:67,0,real,canonical,-1.1125015020370483,0.2474048254461142
fcg_official,external,1,official,422,deepfakes_faces_c23/924_917,ffpp_test:67,1,deepfakes,canonical,1.447730302810669,0.8096488795862256
fcg_official,external,1,official,423,deepfakes_faces_c23/917_924,ffpp_test:67,1,deepfakes,canonical,1.5531039237976074,0.8253615828408707
fcg_official,external,1,official,424,face2face_faces_c23/924_917,ffpp_test:67,1,face2face,canonical,0.9933851957321167,0.7297560431195718
fcg_official,external,1,official,425,face2face_faces_c23/917_924,ffpp_test:67,1,face2face,canonical,0.533455491065979,0.6302886891590176
fcg_official,external,1,official,426,faceswap_faces_c23/924_917,ffpp_test:67,1,faceswap,canonical,1.1085413694381714,0.7518570776190716
fcg_official,external,1,official,427,faceswap_faces_c23/917_924,ffpp_test:67,1,faceswap,canonical,0.8318582773208618,0.6967477093604646
fcg_official,external,1,official,428,neuraltextures_faces_c23/924_917,ffpp_test:67,1,neuraltextures,canonical,0.920179009437561,0.7150785787036549
fcg_official,external,1,official,429,neuraltextures_faces_c23/917_924,ffpp_test:67,1,neuraltextures,canonical,1.018357753753662,0.7346525863902205
fcg_official,external,1,official,430,original_faces_c23/114,ffpp_test:9,0,real,canonical,-0.887603759765625,0.29160457470969764
fcg_official,external,1,official,431,original_faces_c23/102,ffpp_test:9,0,real,canonical,-1.6344988346099854,0.1632149976834979
fcg_official,external,1,official,432,deepfakes_faces_c23/114_102,ffpp_test:9,1,deepfakes,canonical,1.7359884977340698,0.8501768130094968
fcg_official,external,1,official,433,deepfakes_faces_c23/102_114,ffpp_test:9,1,deepfakes,canonical,1.481785774230957,0.8148421598440658
fcg_official,external,1,official,434,face2face_faces_c23/114_102,ffpp_test:9,1,face2face,canonical,1.5051383972167969,0.8183395996776721
fcg_official,external,1,official,435,face2face_faces_c23/102_114,ffpp_test:9,1,face2face,canonical,0.16631931066513062,0.5414842432396677
fcg_official,external,1,official,436,faceswap_faces_c23/114_102,ffpp_test:9,1,faceswap,canonical,1.022433876991272,0.7354464179916831
fcg_official,external,1,official,437,faceswap_faces_c23/102_114,ffpp_test:9,1,faceswap,canonical,0.9951989650726318,0.7301135913930012
fcg_official,external,1,official,438,neuraltextures_faces_c23/114_102,ffpp_test:9,1,neuraltextures,canonical,0.5486286282539368,0.6338173637960658
fcg_official,external,1,official,439,neuraltextures_faces_c23/102_114,ffpp_test:9,1,neuraltextures,canonical,0.0014643669128417969,0.5003660916627908
fcg_official,external,1,official,440,original_faces_c23/732,ffpp_test:56,0,real,canonical,0.15230023860931396,0.5380016328955092
fcg_official,external,1,official,441,original_faces_c23/691,ffpp_test:56,0,real,canonical,-0.5102916955947876,0.37512514776464223
fcg_official,external,1,official,442,deepfakes_faces_c23/732_691,ffpp_test:56,1,deepfakes,canonical,2.1519391536712646,0.8958498444765148
fcg_official,external,1,official,443,deepfakes_faces_c23/691_732,ffpp_test:56,1,deepfakes,canonical,2.667978286743164,0.935110463949173
fcg_official,external,1,official,444,face2face_faces_c23/732_691,ffpp_test:56,1,face2face,canonical,2.3771519660949707,0.915068351517294
fcg_official,external,1,official,445,face2face_faces_c23/691_732,ffpp_test:56,1,face2face,canonical,1.6611475944519043,0.840391993813191
fcg_official,external,1,official,446,faceswap_faces_c23/732_691,ffpp_test:56,1,faceswap,canonical,1.2570359706878662,0.7785154446741375
fcg_official,external,1,official,447,faceswap_faces_c23/691_732,ffpp_test:56,1,faceswap,canonical,2.9152345657348633,0.9485944181246603
fcg_official,external,1,official,448,neuraltextures_faces_c23/732_691,ffpp_test:56,1,neuraltextures,canonical,1.2014501094818115,0.7687826494584618
fcg_official,external,1,official,449,neuraltextures_faces_c23/691_732,ffpp_test:56,1,neuraltextures,canonical,0.35306060314178467,0.5873595699238815
fcg_official,external,1,official,450,original_faces_c23/550,ffpp_test:41,0,real,canonical,-1.048970103263855,0.25942291829567715
fcg_official,external,1,official,451,original_faces_c23/452,ffpp_test:41,0,real,canonical,-0.4527866244316101,0.38869842575899033
fcg_official,external,1,official,452,deepfakes_faces_c23/550_452,ffpp_test:41,1,deepfakes,canonical,0.6271300315856934,0.6518384210935362
fcg_official,external,1,official,453,deepfakes_faces_c23/452_550,ffpp_test:41,1,deepfakes,canonical,2.344651460647583,0.9125081571767363
fcg_official,external,1,official,454,face2face_faces_c23/550_452,ffpp_test:41,1,face2face,canonical,0.995765209197998,0.7302251539757557
fcg_official,external,1,official,455,face2face_faces_c23/452_550,ffpp_test:41,1,face2face,canonical,1.0371737480163574,0.738304310848937
fcg_official,external,1,official,456,faceswap_faces_c23/550_452,ffpp_test:41,1,faceswap,canonical,1.2673689126968384,0.7802920164771197
fcg_official,external,1,official,457,faceswap_faces_c23/452_550,ffpp_test:41,1,faceswap,canonical,1.5849473476409912,0.8299040423118242
fcg_official,external,1,official,458,neuraltextures_faces_c23/550_452,ffpp_test:41,1,neuraltextures,canonical,0.3669915795326233,0.5907318384631979
fcg_official,external,1,official,459,neuraltextures_faces_c23/452_550,ffpp_test:41,1,neuraltextures,canonical,1.0296456813812256,0.7368471980126547
fcg_official,external,1,official,460,original_faces_c23/280,ffpp_test:22,0,real,canonical,-0.691184401512146,0.3337696490468811
fcg_official,external,1,official,461,original_faces_c23/249,ffpp_test:22,0,real,canonical,-1.608686923980713,0.16677099673051377
fcg_official,external,1,official,462,deepfakes_faces_c23/280_249,ffpp_test:22,1,deepfakes,canonical,0.20386964082717896,0.5507916116866542
fcg_official,external,1,official,463,deepfakes_faces_c23/249_280,ffpp_test:22,1,deepfakes,canonical,1.9682085514068604,0.8774185637547011
fcg_official,external,1,official,464,face2face_faces_c23/280_249,ffpp_test:22,1,face2face,canonical,0.8878490924835205,0.7084461014090997
fcg_official,external,1,official,465,face2face_faces_c23/249_280,ffpp_test:22,1,face2face,canonical,1.8884021043777466,0.8685732321499652
fcg_official,external,1,official,466,faceswap_faces_c23/280_249,ffpp_test:22,1,faceswap,canonical,0.812725305557251,0.692689946142503
fcg_official,external,1,official,467,faceswap_faces_c23/249_280,ffpp_test:22,1,faceswap,canonical,1.5939040184020996,0.8311646623579239
fcg_official,external,1,official,468,neuraltextures_faces_c23/280_249,ffpp_test:22,1,neuraltextures,canonical,-0.044831037521362305,0.4887941173758437
fcg_official,external,1,official,469,neuraltextures_faces_c23/249_280,ffpp_test:22,1,neuraltextures,canonical,-0.5599039793014526,0.36356967734637047
fcg_official,external,1,official,470,original_faces_c23/842,ffpp_test:58,0,real,canonical,-1.2216780185699463,0.22764128529435926
fcg_official,external,1,official,471,original_faces_c23/714,ffpp_test:58,0,real,canonical,-1.2810370922088623,0.21737373925126752
fcg_official,external,1,official,472,deepfakes_faces_c23/842_714,ffpp_test:58,1,deepfakes,canonical,1.9982960224151611,0.8806180551426289
fcg_official,external,1,official,473,deepfakes_faces_c23/714_842,ffpp_test:58,1,deepfakes,canonical,1.6231590509414673,0.8352303408848066
fcg_official,external,1,official,474,face2face_faces_c23/842_714,ffpp_test:58,1,face2face,canonical,1.4585425853729248,0.8113096658053173
fcg_official,external,1,official,475,face2face_faces_c23/714_842,ffpp_test:58,1,face2face,canonical,0.24783003330230713,0.5616423262613579
fcg_official,external,1,official,476,faceswap_faces_c23/842_714,ffpp_test:58,1,faceswap,canonical,1.2676396369934082,0.7803384249501458
fcg_official,external,1,official,477,faceswap_faces_c23/714_842,ffpp_test:58,1,faceswap,canonical,0.8478947877883911,0.7001253397867769
fcg_official,external,1,official,478,neuraltextures_faces_c23/842_714,ffpp_test:58,1,neuraltextures,canonical,-0.35826098918914795,0.41138059650768133
fcg_official,external,1,official,479,neuraltextures_faces_c23/714_842,ffpp_test:58,1,neuraltextures,canonical,0.07318174839019775,0.51828727626287
fcg_official,external,1,official,480,original_faces_c23/625,ffpp_test:52,0,real,canonical,-1.3923351764678955,0.19903522089389597
fcg_official,external,1,official,481,original_faces_c23/650,ffpp_test:52,0,real,canonical,-1.2285900115966797,0.2264283019518003
fcg_official,external,1,official,482,deepfakes_faces_c23/625_650,ffpp_test:52,1,deepfakes,canonical,1.5769832134246826,0.828776843016528
fcg_official,external,1,official,483,deepfakes_faces_c23/650_625,ffpp_test:52,1,deepfakes,canonical,2.195584535598755,0.8998522993826638
fcg_official,external,1,official,484,face2face_faces_c23/625_650,ffpp_test:52,1,face2face,canonical,1.4067884683609009,0.8032589065810519
fcg_official,external,1,official,485,face2face_faces_c23/650_625,ffpp_test:52,1,face2face,canonical,0.6065936088562012,0.6471633671773833
fcg_official,external,1,official,486,faceswap_faces_c23/625_650,ffpp_test:52,1,faceswap,canonical,1.4384052753448486,0.8082075777078253
fcg_official,external,1,official,487,faceswap_faces_c23/650_625,ffpp_test:52,1,faceswap,canonical,1.8559074401855469,0.8648192133427987
fcg_official,external,1,official,488,neuraltextures_faces_c23/625_650,ffpp_test:52,1,neuraltextures,canonical,1.086864948272705,0.7477909113512436
fcg_official,external,1,official,489,neuraltextures_faces_c23/650_625,ffpp_test:52,1,neuraltextures,canonical,-0.22648406028747559,0.44361978122503665
fcg_official,external,1,official,490,original_faces_c23/024,ffpp_test:3,0,real,canonical,-1.0714675188064575,0.2551241028648079
fcg_official,external,1,official,491,original_faces_c23/073,ffpp_test:3,0,real,canonical,-0.9397209882736206,0.2809567050973359
fcg_official,external,1,official,492,deepfakes_faces_c23/024_073,ffpp_test:3,1,deepfakes,canonical,1.687315583229065,0.8438708066568102
fcg_official,external,1,official,493,deepfakes_faces_c23/073_024,ffpp_test:3,1,deepfakes,canonical,2.1666886806488037,0.8972180051827428
fcg_official,external,1,official,494,face2face_faces_c23/024_073,ffpp_test:3,1,face2face,canonical,-0.24189257621765137,0.439820007916919
fcg_official,external,1,official,495,face2face_faces_c23/073_024,ffpp_test:3,1,face2face,canonical,0.7817812561988831,0.6860638883989701
fcg_official,external,1,official,496,faceswap_faces_c23/024_073,ffpp_test:3,1,faceswap,canonical,0.10042774677276611,0.5250858561339816
fcg_official,external,1,official,497,faceswap_faces_c23/073_024,ffpp_test:3,1,faceswap,canonical,1.3838233947753906,0.79960435229654
fcg_official,external,1,official,498,neuraltextures_faces_c23/024_073,ffpp_test:3,1,neuraltextures,canonical,0.39566612243652344,0.5976459555502953
fcg_official,external,1,official,499,neuraltextures_faces_c23/073_024,ffpp_test:3,1,neuraltextures,canonical,0.22792285680770874,0.556735315494114
fcg_official,external,1,official,500,original_faces_c23/044,ffpp_test:6,0,real,canonical,-1.2198402881622314,0.22796455811129032
fcg_official,external,1,official,501,original_faces_c23/945,ffpp_test:6,0,real,canonical,-0.42135167121887207,0.3961933523689366
fcg_official,external,1,official,502,deepfakes_faces_c23/044_945,ffpp_test:6,1,deepfakes,canonical,2.769045114517212,0.9409799777107889
fcg_official,external,1,official,503,deepfakes_faces_c23/945_044,ffpp_test:6,1,deepfakes,canonical,2.7116024494171143,0.9377078163619713
fcg_official,external,1,official,504,face2face_faces_c23/044_945,ffpp_test:6,1,face2face,canonical,1.4198741912841797,0.8053186928132214
fcg_official,external,1,official,505,face2face_faces_c23/945_044,ffpp_test:6,1,face2face,canonical,1.0399421453475952,0.7388388428357819
fcg_official,external,1,official,506,faceswap_faces_c23/044_945,ffpp_test:6,1,faceswap,canonical,2.3031909465789795,0.9091409672267188
fcg_official,external,1,official,507,faceswap_faces_c23/945_044,ffpp_test:6,1,faceswap,canonical,1.8981159925460815,0.8696781445473617
fcg_official,external,1,official,508,neuraltextures_faces_c23/044_945,ffpp_test:6,1,neuraltextures,canonical,1.1533582210540771,0.7601237750607983
fcg_official,external,1,official,509,neuraltextures_faces_c23/945_044,ffpp_test:6,1,neuraltextures,canonical,0.36256545782089233,0.5896613168855492
fcg_official,external,1,official,510,original_faces_c23/896,ffpp_test:10,0,real,canonical,-0.769891619682312,0.3165025515691518
fcg_official,external,1,official,511,original_faces_c23/128,ffpp_test:10,0,real,canonical,-0.6223251819610596,0.3492528099755967
fcg_official,external,1,official,512,deepfakes_faces_c23/896_128,ffpp_test:10,1,deepfakes,canonical,0.1118994951248169,0.5279457196777634
fcg_official,external,1,official,513,deepfakes_faces_c23/128_896,ffpp_test:10,1,deepfakes,canonical,1.8725305795669556,0.8667508151631477
fcg_official,external,1,official,514,face2face_faces_c23/896_128,ffpp_test:10,1,face2face,canonical,-0.26258301734924316,0.43472885166576286
fcg_official,external,1,official,515,face2face_faces_c23/128_896,ffpp_test:10,1,face2face,canonical,0.3003764748573303,0.5745345466393853
fcg_official,external,1,official,516,faceswap_faces_c23/896_128,ffpp_test:10,1,faceswap,canonical,0.8304507732391357,0.6964502350176496
fcg_official,external,1,official,517,faceswap_faces_c23/128_896,ffpp_test:10,1,faceswap,canonical,0.9661563634872437,0.7243527169685059
fcg_official,external,1,official,518,neuraltextures_faces_c23/896_128,ffpp_test:10,1,neuraltextures,canonical,0.568533182144165,0.6384246457399224
fcg_official,external,1,official,519,neuraltextures_faces_c23/128_896,ffpp_test:10,1,neuraltextures,canonical,0.6678487062454224,0.6610212813029223
fcg_official,external,1,official,520,original_faces_c23/862,ffpp_test:7,0,real,canonical,-0.8449365496635437,0.30049610931510107
fcg_official,external,1,official,521,original_faces_c23/047,ffpp_test:7,0,real,canonical,-0.9419010281562805,0.2805165037446943
fcg_official,external,1,official,522,deepfakes_faces_c23/862_047,ffpp_test:7,1,deepfakes,canonical,1.699116826057434,0.8454193521204418
fcg_official,external,1,official,523,deepfakes_faces_c23/047_862,ffpp_test:7,1,deepfakes,canonical,0.13467276096343994,0.5336173963928288
fcg_official,external,1,official,524,face2face_faces_c23/862_047,ffpp_test:7,1,face2face,canonical,0.9743525981903076,0.7259862123125751
fcg_official,external,1,official,525,face2face_faces_c23/047_862,ffpp_test:7,1,face2face,canonical,0.8849680423736572,0.7078506626919072
fcg_official,external,1,official,526,faceswap_faces_c23/862_047,ffpp_test:7,1,faceswap,canonical,1.0114436149597168,0.7333025719571505
fcg_official,external,1,official,527,faceswap_faces_c23/047_862,ffpp_test:7,1,faceswap,canonical,2.7653021812438965,0.9407717642755611
fcg_official,external,1,official,528,neuraltextures_faces_c23/862_047,ffpp_test:7,1,neuraltextures,canonical,0.546573281288147,0.6333402012599127
fcg_official,external,1,official,529,neuraltextures_faces_c23/047_862,ffpp_test:7,1,neuraltextures,canonical,-0.7404834032058716,0.3228984458355654
fcg_official,external,1,official,530,original_faces_c23/607,ffpp_test:49,0,real,canonical,-0.8837697505950928,0.29239720347887643
fcg_official,external,1,official,531,original_faces_c23/683,ffpp_test:49,0,real,canonical,-0.3916366696357727,0.40332336797304624
fcg_official,external,1,official,532,deepfakes_faces_c23/607_683,ffpp_test:49,1,deepfakes,canonical,2.1468772888183594,0.8953766105766595
fcg_official,external,1,official,533,deepfakes_faces_c23/683_607,ffpp_test:49,1,deepfakes,canonical,3.1153979301452637,0.9575234450166298
fcg_official,external,1,official,534,face2face_faces_c23/607_683,ffpp_test:49,1,face2face,canonical,1.7842973470687866,0.8562266905261192
fcg_official,external,1,official,535,face2face_faces_c23/683_607,ffpp_test:49,1,face2face,canonical,1.5111234188079834,0.819227637781955
fcg_official,external,1,official,536,faceswap_faces_c23/607_683,ffpp_test:49,1,faceswap,canonical,2.5103273391723633,0.924862641049109
fcg_official,external,1,official,537,faceswap_faces_c23/683_607,ffpp_test:49,1,faceswap,canonical,2.7839608192443848,0.9418029179529066
fcg_official,external,1,official,538,neuraltextures_faces_c23/607_683,ffpp_test:49,1,neuraltextures,canonical,0.35849183797836304,0.5886753015982531
fcg_official,external,1,official,539,neuraltextures_faces_c23/683_607,ffpp_test:49,1,neuraltextures,canonical,1.223278522491455,0.7726399938015771
fcg_official,external,1,official,540,original_faces_c23/517,ffpp_test:45,0,real,canonical,-0.2121686339378357,0.4471559266090647
fcg_official,external,1,official,541,original_faces_c23/521,ffpp_test:45,0,real,canonical,-1.2071731090545654,0.230201618888602
fcg_official,external,1,official,542,deepfakes_faces_c23/517_521,ffpp_test:45,1,deepfakes,canonical,2.331204414367676,0.9114286130889399
fcg_official,external,1,official,543,deepfakes_faces_c23/521_517,ffpp_test:45,1,deepfakes,canonical,1.6215206384658813,0.8350047376853849
fcg_official,external,1,official,544,face2face_faces_c23/517_521,ffpp_test:45,1,face2face,canonical,2.0269596576690674,0.8835987371293746
fcg_official,external,1,official,545,face2face_faces_c23/521_517,ffpp_test:45,1,face2face,canonical,1.4350836277008057,0.8076921682739345
fcg_official,external,1,official,546,faceswap_faces_c23/517_521,ffpp_test:45,1,faceswap,canonical,2.770629644393921,0.9410679157418937
fcg_official,external,1,official,547,faceswap_faces_c23/521_517,ffpp_test:45,1,faceswap,canonical,0.9873601198196411,0.7285661813574913
fcg_official,external,1,official,548,neuraltextures_faces_c23/517_521,ffpp_test:45,1,neuraltextures,canonical,1.1935149431228638,0.767369119511981
fcg_official,external,1,official,549,neuraltextures_faces_c23/521_517,ffpp_test:45,1,neuraltextures,canonical,0.050324082374572754,0.5125783661324234
fcg_official,external,1,official,550,original_faces_c23/682,ffpp_test:55,0,real,canonical,-1.3224079608917236,0.21041795050291337
fcg_official,external,1,official,551,original_faces_c23/669,ffpp_test:55,0,real,canonical,-0.1647699475288391,0.4589004558288851
fcg_official,external,1,official,552,deepfakes_faces_c23/682_669,ffpp_test:55,1,deepfakes,canonical,1.1929240226745605,0.7672636154185484
fcg_official,external,1,official,553,deepfakes_faces_c23/669_682,ffpp_test:55,1,deepfakes,canonical,1.8186743259429932,0.8604069806191197
fcg_official,external,1,official,554,face2face_faces_c23/682_669,ffpp_test:55,1,face2face,canonical,-0.029296875,0.4926763050739881
fcg_official,external,1,official,555,face2face_faces_c23/669_682,ffpp_test:55,1,face2face,canonical,1.962156891822815,0.8767661880892718
fcg_official,external,1,official,556,faceswap_faces_c23/682_669,ffpp_test:55,1,faceswap,canonical,0.07525229454040527,0.5188042006012795
fcg_official,external,1,official,557,faceswap_faces_c23/669_682,ffpp_test:55,1,faceswap,canonical,1.985349178314209,0.8792502335187186
fcg_official,external,1,official,558,neuraltextures_faces_c23/682_669,ffpp_test:55,1,neuraltextures,canonical,-0.5780090093612671,0.35939084914104835
fcg_official,external,1,official,559,neuraltextures_faces_c23/669_682,ffpp_test:55,1,neuraltextures,canonical,1.1836978197097778,0.7656120300697261
fcg_official,external,1,official,560,original_faces_c23/138,ffpp_test:12,0,real,canonical,-0.06288737058639526,0.48428333672834556
fcg_official,external,1,official,561,original_faces_c23/142,ffpp_test:12,0,real,canonical,-0.9085570573806763,0.2872951986660127
fcg_official,external,1,official,562,deepfakes_faces_c23/138_142,ffpp_test:12,1,deepfakes,canonical,2.311995029449463,0.909865601878365
fcg_official,external,1,official,563,deepfakes_faces_c23/142_138,ffpp_test:12,1,deepfakes,canonical,0.4096679091453552,0.6010082470186641
fcg_official,external,1,official,564,face2face_faces_c23/138_142,ffpp_test:12,1,face2face,canonical,2.284303903579712,0.9075687254768794
fcg_official,external,1,official,565,face2face_faces_c23/142_138,ffpp_test:12,1,face2face,canonical,0.33216381072998047,0.5822857719935188
fcg_official,external,1,official,566,faceswap_faces_c23/138_142,ffpp_test:12,1,faceswap,canonical,1.0285426378250122,0.7366332582408021
fcg_official,external,1,official,567,faceswap_faces_c23/142_138,ffpp_test:12,1,faceswap,canonical,1.9897830486297607,0.8797201832385835
fcg_official,external,1,official,568,neuraltextures_faces_c23/138_142,ffpp_test:12,1,neuraltextures,canonical,1.3139275312423706,0.7881696318251942
fcg_official,external,1,official,569,neuraltextures_faces_c23/142_138,ffpp_test:12,1,neuraltextures,canonical,-0.04167366027832031,0.4895830924684851
fcg_official,external,1,official,570,original_faces_c23/552,ffpp_test:47,0,real,canonical,-1.405619740486145,0.19692585766592186
fcg_official,external,1,official,571,original_faces_c23/851,ffpp_test:47,0,real,canonical,-1.0689616203308105,0.25560060542270757
fcg_official,external,1,official,572,deepfakes_faces_c23/552_851,ffpp_test:47,1,deepfakes,canonical,2.402552843093872,0.9170217635242969
fcg_official,external,1,official,573,deepfakes_faces_c23/851_552,ffpp_test:47,1,deepfakes,canonical,0.7179533243179321,0.6721561660139972
fcg_official,external,1,official,574,face2face_faces_c23/552_851,ffpp_test:47,1,face2face,canonical,0.6593202352523804,0.6591076722029545
fcg_official,external,1,official,575,face2face_faces_c23/851_552,ffpp_test:47,1,face2face,canonical,1.4616155624389648,0.8117796464940084
fcg_official,external,1,official,576,faceswap_faces_c23/552_851,ffpp_test:47,1,faceswap,canonical,1.4006359577178955,0.8022847860503628
fcg_official,external,1,official,577,faceswap_faces_c23/851_552,ffpp_test:47,1,faceswap,canonical,2.153533458709717,0.8959985039098282
fcg_official,external,1,official,578,neuraltextures_faces_c23/552_851,ffpp_test:47,1,neuraltextures,canonical,-0.6351463794708252,0.3463445295073079
fcg_official,external,1,official,579,neuraltextures_faces_c23/851_552,ffpp_test:47,1,neuraltextures,canonical,0.10264390707015991,0.525638470629882
fcg_official,external,1,official,580,original_faces_c23/376,ffpp_test:31,0,real,canonical,-0.8504819869995117,0.2993317595284577
fcg_official,external,1,official,581,original_faces_c23/381,ffpp_test:31,0,real,canonical,-1.600385308265686,0.16792776961085895
fcg_official,external,1,official,582,deepfakes_faces_c23/376_381,ffpp_test:31,1,deepfakes,canonical,0.762397825717926,0.6818741011711342
fcg_official,external,1,official,583,deepfakes_faces_c23/381_376,ffpp_test:31,1,deepfakes,canonical,2.179844856262207,0.8984249149343166
fcg_official,external,1,official,584,face2face_faces_c23/376_381,ffpp_test:31,1,face2face,canonical,1.2027555704116821,0.7690146213959768
fcg_official,external,1,official,585,face2face_faces_c23/381_376,ffpp_test:31,1,face2face,canonical,0.46758532524108887,0.6148120762590726
fcg_official,external,1,official,586,faceswap_faces_c23/376_381,ffpp_test:31,1,faceswap,canonical,2.1473286151885986,0.8954188820847939
fcg_official,external,1,official,587,faceswap_faces_c23/381_376,ffpp_test:31,1,faceswap,canonical,1.9904098510742188,0.879786491039852
fcg_official,external,1,official,588,neuraltextures_faces_c23/376_381,ffpp_test:31,1,neuraltextures,canonical,0.7790867686271667,0.6854832583017997
fcg_official,external,1,official,589,neuraltextures_faces_c23/381_376,ffpp_test:31,1,neuraltextures,canonical,-0.3021984100341797,0.4250201517364653
fcg_official,external,1,official,590,original_faces_c23/000,ffpp_test:0,0,real,canonical,-1.3312193155288696,0.2089577476518324
fcg_official,external,1,official,591,original_faces_c23/003,ffpp_test:0,0,real,canonical,-0.88741135597229,0.29164432141396457
fcg_official,external,1,official,592,deepfakes_faces_c23/000_003,ffpp_test:0,1,deepfakes,canonical,1.2868120670318604,0.7836071096787991
fcg_official,external,1,official,593,deepfakes_faces_c23/003_000,ffpp_test:0,1,deepfakes,canonical,0.8949435949325562,0.7099093025204293
fcg_official,external,1,official,594,face2face_faces_c23/000_003,ffpp_test:0,1,face2face,canonical,0.3434317111968994,0.5850238850233596
fcg_official,external,1,official,595,face2face_faces_c23/003_000,ffpp_test:0,1,face2face,canonical,1.125230312347412,0.7549575963762136
fcg_official,external,1,official,596,faceswap_faces_c23/000_003,ffpp_test:0,1,faceswap,canonical,1.5738952159881592,0.8283381933126858
fcg_official,external,1,official,597,faceswap_faces_c23/003_000,ffpp_test:0,1,faceswap,canonical,2.048722982406616,0.8858185195877296
fcg_official,external,1,official,598,neuraltextures_faces_c23/000_003,ffpp_test:0,1,neuraltextures,canonical,0.13280987739562988,0.5331537518984637
fcg_official,external,1,official,599,neuraltextures_faces_c23/003_000,ffpp_test:0,1,neuraltextures,canonical,-0.38723546266555786,0.4043829835510949
fcg_official,external,1,official,600,original_faces_c23/048,ffpp_test:4,0,real,canonical,-0.862202525138855,0.29687938052956026
fcg_official,external,1,official,601,original_faces_c23/029,ffpp_test:4,0,real,canonical,-0.43569302558898926,0.39276771219084244
fcg_official,external,1,official,602,deepfakes_faces_c23/048_029,ffpp_test:4,1,deepfakes,canonical,2.906294822692871,0.9481567366781234
fcg_official,external,1,official,603,deepfakes_faces_c23/029_048,ffpp_test:4,1,deepfakes,canonical,0.8154183626174927,0.6932629210960939
fcg_official,external,1,official,604,face2face_faces_c23/048_029,ffpp_test:4,1,face2face,canonical,1.0411767959594727,0.7390770058277207
fcg_official,external,1,official,605,face2face_faces_c23/029_048,ffpp_test:4,1,face2face,canonical,1.0630550384521484,0.7432739341249566
fcg_official,external,1,official,606,faceswap_faces_c23/048_029,ffpp_test:4,1,faceswap,canonical,0.9781948328018188,0.7267498849043136
fcg_official,external,1,official,607,faceswap_faces_c23/029_048,ffpp_test:4,1,faceswap,canonical,2.0144708156585693,0.8823080682028334
fcg_official,external,1,official,608,neuraltextures_faces_c23/048_029,ffpp_test:4,1,neuraltextures,canonical,0.42493975162506104,0.6046646827137165
fcg_official,external,1,official,609,neuraltextures_faces_c23/029_048,ffpp_test:4,1,neuraltextures,canonical,1.481458067893982,0.8147927122410326
fcg_official,external,1,official,610,original_faces_c23/724,ffpp_test:59,0,real,canonical,-0.52813720703125,0.3709514596114359
fcg_official,external,1,official,611,original_faces_c23/725,ffpp_test:59,0,real,canonical,-0.6253921985626221,0.34855607558151597
fcg_official,external,1,official,612,deepfakes_faces_c23/724_725,ffpp_test:59,1,deepfakes,canonical,2.2862801551818848,0.9077343752677057
fcg_official,external,1,official,613,deepfakes_faces_c23/725_724,ffpp_test:59,1,deepfakes,canonical,2.9346249103546143,0.9495317676204625
fcg_official,external,1,official,614,face2face_faces_c23/724_725,ffpp_test:59,1,face2face,canonical,2.3259713649749756,0.9110052568152917
fcg_official,external,1,official,615,face2face_faces_c23/725_724,ffpp_test:59,1,face2face,canonical,2.719106435775757,0.9381447011971609
fcg_official,external,1,official,616,faceswap_faces_c23/724_725,ffpp_test:59,1,faceswap,canonical,2.523805856704712,0.9257939394378067
fcg_official,external,1,official,617,faceswap_faces_c23/725_724,ffpp_test:59,1,faceswap,canonical,1.8420131206512451,0.8631866217376623
fcg_official,external,1,official,618,neuraltextures_faces_c23/724_725,ffpp_test:59,1,neuraltextures,canonical,1.1453468799591064,0.7586599795686623
fcg_official,external,1,official,619,neuraltextures_faces_c23/725_724,ffpp_test:59,1,neuraltextures,canonical,0.9661044478416443,0.7243423510658299
fcg_official,external,1,official,620,original_faces_c23/608,ffpp_test:50,0,real,canonical,-0.7735116481781006,0.3157199562659362
fcg_official,external,1,official,621,original_faces_c23/675,ffpp_test:50,0,real,canonical,-1.5311365127563477,0.17782746125742963
fcg_official,external,1,official,622,deepfakes_faces_c23/608_675,ffpp_test:50,1,deepfakes,canonical,2.3928866386413574,0.9162832633338172
fcg_official,external,1,official,623,deepfakes_faces_c23/675_608,ffpp_test:50,1,deepfakes,canonical,1.5907015800476074,0.8307147875680032
fcg_official,external,1,official,624,face2face_faces_c23/608_675,ffpp_test:50,1,face2face,canonical,1.367665410041809,0.7970027035616588
fcg_official,external,1,official,625,face2face_faces_c23/675_608,ffpp_test:50,1,face2face,canonical,0.6211787462234497,0.650486588506624
fcg_official,external,1,official,626,faceswap_faces_c23/608_675,ffpp_test:50,1,faceswap,canonical,2.6669862270355225,0.9350502408824088
fcg_official,external,1,official,627,faceswap_faces_c23/675_608,ffpp_test:50,1,faceswap,canonical,0.7943118810653687,0.6887564243876882
fcg_official,external,1,official,628,neuraltextures_faces_c23/608_675,ffpp_test:50,1,neuraltextures,canonical,0.6984749436378479,0.6678495608559384
fcg_official,external,1,official,629,neuraltextures_faces_c23/675_608,ffpp_test:50,1,neuraltextures,canonical,-0.2474231719970703,0.4384578455938869
fcg_official,external,1,official,630,original_faces_c23/386,ffpp_test:14,0,real,canonical,-1.535112738609314,0.17724686226217481
fcg_official,external,1,official,631,original_faces_c23/154,ffpp_test:14,0,real,canonical,-1.1628022193908691,0.23815848022487376
fcg_official,external,1,official,632,deepfakes_faces_c23/386_154,ffpp_test:14,1,deepfakes,canonical,2.1115195751190186,0.892017789048868
fcg_official,external,1,official,633,deepfakes_faces_c23/154_386,ffpp_test:14,1,deepfakes,canonical,2.1576616764068604,0.8963825642442564
fcg_official,external,1,official,634,face2face_faces_c23/386_154,ffpp_test:14,1,face2face,canonical,0.9639827013015747,0.7239184992596683
fcg_official,external,1,official,635,face2face_faces_c23/154_386,ffpp_test:14,1,face2face,canonical,1.4727718830108643,0.8134783330428297
fcg_official,external,1,official,636,faceswap_faces_c23/386_154,ffpp_test:14,1,faceswap,canonical,0.8847894072532654,0.7078137199164903
fcg_official,external,1,official,637,faceswap_faces_c23/154_386,ffpp_test:14,1,faceswap,canonical,1.7736670970916748,0.8549131178610253
fcg_official,external,1,official,638,neuraltextures_faces_c23/386_154,ffpp_test:14,1,neuraltextures,canonical,-0.6176269054412842,0.3503213669512319
fcg_official,external,1,official,639,neuraltextures_faces_c23/154_386,ffpp_test:14,1,neuraltextures,canonical,0.1670694351196289,0.5416704776282467
fcg_official,external,1,official,640,original_faces_c23/220,ffpp_test:20,0,real,canonical,-0.05191993713378906,0.4870229307542854
fcg_official,external,1,official,641,original_faces_c23/219,ffpp_test:20,0,real,canonical,-0.3823031187057495,0.405571533154362
fcg_official,external,1,official,642,deepfakes_faces_c23/220_219,ffpp_test:20,1,deepfakes,canonical,1.6734853982925415,0.8420399621801594
fcg_official,external,1,official,643,deepfakes_faces_c23/219_220,ffpp_test:20,1,deepfakes,canonical,2.0379951000213623,0.8847289586410962
fcg_official,external,1,official,644,face2face_faces_c23/220_219,ffpp_test:20,1,face2face,canonical,1.8636422157287598,0.8657209133874212
fcg_official,external,1,official,645,face2face_faces_c23/219_220,ffpp_test:20,1,face2face,canonical,1.2591423988342285,0.7788784411884053
fcg_official,external,1,official,646,faceswap_faces_c23/220_219,ffpp_test:20,1,faceswap,canonical,1.988646388053894,0.879599858326855
fcg_official,external,1,official,647,faceswap_faces_c23/219_220,ffpp_test:20,1,faceswap,canonical,1.1060880422592163,0.7513990824834992
fcg_official,external,1,official,648,neuraltextures_faces_c23/220_219,ffpp_test:20,1,neuraltextures,canonical,0.8443259596824646,0.6993755301391408
fcg_official,external,1,official,649,neuraltextures_faces_c23/219_220,ffpp_test:20,1,neuraltextures,canonical,0.3274734616279602,0.581144504450364
fcg_official,external,1,official,650,original_faces_c23/801,ffpp_test:63,0,real,canonical,-0.8992035984992981,0.28921418561921336
fcg_official,external,1,official,651,original_faces_c23/855,ffpp_test:63,0,real,canonical,-1.3226925134658813,0.2103706781974292
fcg_official,external,1,official,652,deepfakes_faces_c23/801_855,ffpp_test:63,1,deepfakes,canonical,1.4634344577789307,0.812057404200429
fcg_official,external,1,official,653,deepfakes_faces_c23/855_801,ffpp_test:63,1,deepfakes,canonical,2.8385610580444336,0.9447243683962709
fcg_official,external,1,official,654,face2face_faces_c23/801_855,ffpp_test:63,1,face2face,canonical,0.49615177512168884,0.6215545588116823
fcg_official,external,1,official,655,face2face_faces_c23/855_801,ffpp_test:63,1,face2face,canonical,1.0985124111175537,0.7499812724916719
fcg_official,external,1,official,656,faceswap_faces_c23/801_855,ffpp_test:63,1,faceswap,canonical,0.1015889048576355,0.5253754064714674
fcg_official,external,1,official,657,faceswap_faces_c23/855_801,ffpp_test:63,1,faceswap,canonical,1.3689205646514893,0.797205698565429
fcg_official,external,1,official,658,neuraltextures_faces_c23/801_855,ffpp_test:63,1,neuraltextures,canonical,0.433440625667572,0.6066949580888412
fcg_official,external,1,official,659,neuraltextures_faces_c23/855_801,ffpp_test:63,1,neuraltextures,canonical,0.5258737802505493,0.6285202236381208
fcg_official,external,1,official,660,original_faces_c23/161,ffpp_test:13,0,real,canonical,-0.9694129228591919,0.2749975346011862
fcg_official,external,1,official,661,original_faces_c23/141,ffpp_test:13,0,real,canonical,-0.8197140693664551,0.30582435839989974
fcg_official,external,1,official,662,deepfakes_faces_c23/161_141,ffpp_test:13,1,deepfakes,canonical,1.570915937423706,0.8279141431878814
fcg_official,external,1,official,663,deepfakes_faces_c23/141_161,ffpp_test:13,1,deepfakes,canonical,2.0444130897521973,0.8853818741095442
fcg_official,external,1,official,664,face2face_faces_c23/161_141,ffpp_test:13,1,face2face,canonical,1.0734316110610962,0.7452489654178359
fcg_official,external,1,official,665,face2face_faces_c23/141_161,ffpp_test:13,1,face2face,canonical,-0.26413416862487793,0.43434771091718566
fcg_official,external,1,official,666,faceswap_faces_c23/161_141,ffpp_test:13,1,faceswap,canonical,2.2164368629455566,0.9017158666382938
fcg_official,external,1,official,667,faceswap_faces_c23/141_161,ffpp_test:13,1,faceswap,canonical,1.7542747259140015,0.8524911590567444
fcg_official,external,1,official,668,neuraltextures_faces_c23/161_141,ffpp_test:13,1,neuraltextures,canonical,0.8550072908401489,0.7016164799608259
fcg_official,external,1,official,669,neuraltextures_faces_c23/141_161,ffpp_test:13,1,neuraltextures,canonical,0.3026584982872009,0.5750922798403421
fcg_official,external,1,official,670,original_faces_c23/949,ffpp_test:66,0,real,canonical,-1.4441187381744385,0.19090834853633146
fcg_official,external,1,official,671,original_faces_c23/868,ffpp_test:66,0,real,canonical,-0.9719324707984924,0.2744954874044663
fcg_official,external,1,official,672,deepfakes_faces_c23/949_868,ffpp_test:66,1,deepfakes,canonical,0.29657894372940063,0.5736059989496972
fcg_official,external,1,official,673,deepfakes_faces_c23/868_949,ffpp_test:66,1,deepfakes,canonical,2.4052071571350098,0.9172235144033012
fcg_official,external,1,official,674,face2face_faces_c23/949_868,ffpp_test:66,1,face2face,canonical,0.2642725110054016,0.5656862780826672
fcg_official,external,1,official,675,face2face_faces_c23/868_949,ffpp_test:66,1,face2face,canonical,0.5923438668251038,0.6439027566826334
fcg_official,external,1,official,676,faceswap_faces_c23/949_868,ffpp_test:66,1,faceswap,canonical,0.666939377784729,0.6608174962980262
fcg_official,external,1,official,677,faceswap_faces_c23/868_949,ffpp_test:66,1,faceswap,canonical,0.8189141750335693,0.694005801006035
fcg_official,external,1,official,678,neuraltextures_faces_c23/949_868,ffpp_test:66,1,neuraltextures,canonical,-0.05368262529373169,0.48658256574577297
fcg_official,external,1,official,679,neuraltextures_faces_c23/868_949,ffpp_test:66,1,neuraltextures,canonical,0.38839054107666016,0.5958951948614334
fcg_official,external,1,official,680,original_faces_c23/880,ffpp_test:11,0,real,canonical,-1.224914789199829,0.2270726956614915
fcg_official,external,1,official,681,original_faces_c23/135,ffpp_test:11,0,real,canonical,-0.1690657138824463,0.4578339604651285
fcg_official,external,1,official,682,deepfakes_faces_c23/880_135,ffpp_test:11,1,deepfakes,canonical,1.7335284948349,0.8498631971873256
fcg_official,external,1,official,683,deepfakes_faces_c23/135_880,ffpp_test:11,1,deepfakes,canonical,2.535231113433838,0.9265750407017533
fcg_official,external,1,official,684,face2face_faces_c23/880_135,ffpp_test:11,1,face2face,canonical,-0.034568965435028076,0.4913586191712404
fcg_official,external,1,official,685,face2face_faces_c23/135_880,ffpp_test:11,1,face2face,canonical,1.508151888847351,0.8187871553549485
fcg_official,external,1,official,686,faceswap_faces_c23/880_135,ffpp_test:11,1,faceswap,canonical,2.0562362670898438,0.8865762437510006
fcg_official,external,1,official,687,faceswap_faces_c23/135_880,ffpp_test:11,1,faceswap,canonical,2.773315906524658,0.941216717012312
fcg_official,external,1,official,688,neuraltextures_faces_c23/880_135,ffpp_test:11,1,neuraltextures,canonical,0.09552145004272461,0.5238622213361375
fcg_official,external,1,official,689,neuraltextures_faces_c23/135_880,ffpp_test:11,1,neuraltextures,canonical,0.9352202415466309,0.7181331581619604
fcg_official,external,1,official,690,original_faces_c23/429,ffpp_test:35,0,real,canonical,-1.0857285261154175,0.2524234778339363
fcg_official,external,1,official,691,original_faces_c23/404,ffpp_test:35,0,real,canonical,-1.4302122592926025,0.19306561393137248
fcg_official,external,1,official,692,deepfakes_faces_c23/429_404,ffpp_test:35,1,deepfakes,canonical,2.3858492374420166,0.9157418527846961
fcg_official,external,1,official,693,deepfakes_faces_c23/404_429,ffpp_test:35,1,deepfakes,canonical,2.334758996963501,0.9117151427488263
fcg_official,external,1,official,694,face2face_faces_c23/429_404,ffpp_test:35,1,face2face,canonical,1.2327476739883423,0.7742991196336233
fcg_official,external,1,official,695,face2face_faces_c23/404_429,ffpp_test:35,1,face2face,canonical,1.8551528453826904,0.8647309716843483
fcg_official,external,1,official,696,faceswap_faces_c23/429_404,ffpp_test:35,1,faceswap,canonical,0.37810075283050537,0.5934149460644147
fcg_official,external,1,official,697,faceswap_faces_c23/404_429,ffpp_test:35,1,faceswap,canonical,1.2652978897094727,0.779936761686575
fcg_official,external,1,official,698,neuraltextures_faces_c23/429_404,ffpp_test:35,1,neuraltextures,canonical,-0.2862650156021118,0.42891849797367304
fcg_official,external,1,official,699,neuraltextures_faces_c23/404_429,ffpp_test:35,1,neuraltextures,canonical,0.4395221173763275,0.6081451549942152
fcg_official,external,1,official,0,original_faces_c23/953,ffpp_test:68,0,real,jpeg40,-1.2909208536148071,0.21569698757786482
fcg_official,external,1,official,1,original_faces_c23/974,ffpp_test:68,0,real,jpeg40,-1.122570276260376,0.24553483499456402
fcg_official,external,1,official,2,deepfakes_faces_c23/953_974,ffpp_test:68,1,deepfakes,jpeg40,1.0528757572174072,0.741326741020259
fcg_official,external,1,official,3,deepfakes_faces_c23/974_953,ffpp_test:68,1,deepfakes,jpeg40,0.5805326104164124,0.6411899507744931
fcg_official,external,1,official,4,face2face_faces_c23/953_974,ffpp_test:68,1,face2face,jpeg40,1.8041821718215942,0.8586572659768896
fcg_official,external,1,official,5,face2face_faces_c23/974_953,ffpp_test:68,1,face2face,jpeg40,0.5101673603057861,0.62484570681139
fcg_official,external,1,official,6,faceswap_faces_c23/953_974,ffpp_test:68,1,faceswap,jpeg40,0.3328109383583069,0.5824431638463895
fcg_official,external,1,official,7,faceswap_faces_c23/974_953,ffpp_test:68,1,faceswap,jpeg40,-0.46781450510025024,0.3851336512104404
fcg_official,external,1,official,8,neuraltextures_faces_c23/953_974,ffpp_test:68,1,neuraltextures,jpeg40,0.19964849948883057,0.5497469935875265
fcg_official,external,1,official,9,neuraltextures_faces_c23/974_953,ffpp_test:68,1,neuraltextures,jpeg40,0.021116912364959717,0.5052790319221173
fcg_official,external,1,official,10,original_faces_c23/012,ffpp_test:1,0,real,jpeg40,-1.0455023050308228,0.2600897165668806
fcg_official,external,1,official,11,original_faces_c23/026,ffpp_test:1,0,real,jpeg40,-1.0357475280761719,0.2619713442523579
fcg_official,external,1,official,12,deepfakes_faces_c23/012_026,ffpp_test:1,1,deepfakes,jpeg40,0.6581543684005737,0.6588456711313092
fcg_official,external,1,official,13,deepfakes_faces_c23/026_012,ffpp_test:1,1,deepfakes,jpeg40,1.1838102340698242,0.7656322022523474
fcg_official,external,1,official,14,face2face_faces_c23/012_026,ffpp_test:1,1,face2face,jpeg40,0.06800949573516846,0.5169958235522005
fcg_official,external,1,official,15,face2face_faces_c23/026_012,ffpp_test:1,1,face2face,jpeg40,0.12240785360336304,0.5305638097258051
fcg_official,external,1,official,16,faceswap_faces_c23/012_026,ffpp_test:1,1,faceswap,jpeg40,0.8034963011741638,0.690721876663272
fcg_official,external,1,official,17,faceswap_faces_c23/026_012,ffpp_test:1,1,faceswap,jpeg40,0.039354920387268066,0.5098374604333644
fcg_official,external,1,official,18,neuraltextures_faces_c23/012_026,ffpp_test:1,1,neuraltextures,jpeg40,0.5711734890937805,0.6390339075167188
fcg_official,external,1,official,19,neuraltextures_faces_c23/026_012,ffpp_test:1,1,neuraltextures,jpeg40,-0.1822206974029541,0.454570461120655
fcg_official,external,1,official,20,original_faces_c23/078,ffpp_test:8,0,real,jpeg40,-1.3159337043762207,0.2114956146318928
fcg_official,external,1,official,21,original_faces_c23/955,ffpp_test:8,0,real,jpeg40,-0.8292060494422913,0.30381297301320986
fcg_official,external,1,official,22,deepfakes_faces_c23/078_955,ffpp_test:8,1,deepfakes,jpeg40,2.0210227966308594,0.8829867270679669
fcg_official,external,1,official,23,deepfakes_faces_c23/955_078,ffpp_test:8,1,deepfakes,jpeg40,1.0563373565673828,0.741989987449171
fcg_official,external,1,official,24,face2face_faces_c23/078_955,ffpp_test:8,1,face2face,jpeg40,-0.15984207391738892,0.4601243456047765
fcg_official,external,1,official,25,face2face_faces_c23/955_078,ffpp_test:8,1,face2face,jpeg40,0.4855889678001404,0.6190667567536898
fcg_official,external,1,official,26,faceswap_faces_c23/078_955,ffpp_test:8,1,faceswap,jpeg40,1.6462600231170654,0.8383849409907411
fcg_official,external,1,official,27,faceswap_faces_c23/955_078,ffpp_test:8,1,faceswap,jpeg40,1.2159984111785889,0.7713585775708306
fcg_official,external,1,official,28,neuraltextures_faces_c23/078_955,ffpp_test:8,1,neuraltextures,jpeg40,-0.4532904028892517,0.38857872868658644
fcg_official,external,1,official,29,neuraltextures_faces_c23/955_078,ffpp_test:8,1,neuraltextures,jpeg40,0.543911874294281,0.6327219492521757
fcg_official,external,1,official,30,original_faces_c23/623,ffpp_test:51,0,real,jpeg40,-1.1786143779754639,0.23530142622059222
fcg_official,external,1,official,31,original_faces_c23/630,ffpp_test:51,0,real,jpeg40,-0.634332001209259,0.34652891966222893
fcg_official,external,1,official,32,deepfakes_faces_c23/623_630,ffpp_test:51,1,deepfakes,jpeg40,1.2225656509399414,0.7725147411470451
fcg_official,external,1,official,33,deepfakes_faces_c23/630_623,ffpp_test:51,1,deepfakes,jpeg40,1.064537763595581,0.7435567623940732
fcg_official,external,1,official,34,face2face_faces_c23/623_630,ffpp_test:51,1,face2face,jpeg40,-0.6209127902984619,0.34957387999977424
fcg_official,external,1,official,35,face2face_faces_c23/630_623,ffpp_test:51,1,face2face,jpeg40,0.9545912742614746,0.7220375823198033
fcg_official,external,1,official,36,faceswap_faces_c23/623_630,ffpp_test:51,1,faceswap,jpeg40,0.5278311371803284,0.6289771172474812
fcg_official,external,1,official,37,faceswap_faces_c23/630_623,ffpp_test:51,1,faceswap,jpeg40,1.5425280332565308,0.8238319263934264
fcg_official,external,1,official,38,neuraltextures_faces_c23/623_630,ffpp_test:51,1,neuraltextures,jpeg40,-0.3911892771720886,0.4034310392481832
fcg_official,external,1,official,39,neuraltextures_faces_c23/630_623,ffpp_test:51,1,neuraltextures,jpeg40,0.6570265293121338,0.6585921235387984
fcg_official,external,1,official,40,original_faces_c23/919,ffpp_test:2,0,real,jpeg40,-0.9038825035095215,0.28825329562988145
fcg_official,external,1,official,41,original_faces_c23/015,ffpp_test:2,0,real,jpeg40,-1.2796207666397095,0.21761478439951004
fcg_official,external,1,official,42,deepfakes_faces_c23/919_015,ffpp_test:2,1,deepfakes,jpeg40,1.7598018646240234,0.8531848434057357
fcg_official,external,1,official,43,deepfakes_faces_c23/015_919,ffpp_test:2,1,deepfakes,jpeg40,-0.1616855263710022,0.4596664474950328
fcg_official,external,1,official,44,face2face_faces_c23/919_015,ffpp_test:2,1,face2face,jpeg40,0.2577027678489685,0.5640714976422788
fcg_official,external,1,official,45,face2face_faces_c23/015_919,ffpp_test:2,1,face2face,jpeg40,-0.6102614998817444,0.35199954856905075
fcg_official,external,1,official,46,faceswap_faces_c23/919_015,ffpp_test:2,1,faceswap,jpeg40,0.2938571572303772,0.5729401655552034
fcg_official,external,1,official,47,faceswap_faces_c23/015_919,ffpp_test:2,1,faceswap,jpeg40,0.18917816877365112,0.5471539955800275
fcg_official,external,1,official,48,neuraltextures_faces_c23/919_015,ffpp_test:2,1,neuraltextures,jpeg40,-0.19739729166030884,0.45081029933926153
fcg_official,external,1,official,49,neuraltextures_faces_c23/015_919,ffpp_test:2,1,neuraltextures,jpeg40,-0.3963974118232727,0.40217820731571685
fcg_official,external,1,official,50,original_faces_c23/367,ffpp_test:30,0,real,jpeg40,-0.633374810218811,0.3467457041632268
fcg_official,external,1,official,51,original_faces_c23/371,ffpp_test:30,0,real,jpeg40,-0.9418370127677917,0.2805294239597073
fcg_official,external,1,official,52,deepfakes_faces_c23/367_371,ffpp_test:30,1,deepfakes,jpeg40,1.017324447631836,0.7344511067578641
fcg_official,external,1,official,53,deepfakes_faces_c23/371_367,ffpp_test:30,1,deepfakes,jpeg40,1.1247645616531372,0.754871423838979
fcg_official,external,1,official,54,face2face_faces_c23/367_371,ffpp_test:30,1,face2face,jpeg40,0.5739496946334839,0.6396740461657494
fcg_official,external,1,official,55,face2face_faces_c23/371_367,ffpp_test:30,1,face2face,jpeg40,0.17907291650772095,0.5446489792038498
fcg_official,external,1,official,56,faceswap_faces_c23/367_371,ffpp_test:30,1,faceswap,jpeg40,0.6846201419830322,0.6647690839093855
fcg_official,external,1,official,57,faceswap_faces_c23/371_367,ffpp_test:30,1,faceswap,jpeg40,-0.15563052892684937,0.4611707093880137
fcg_official,external,1,official,58,neuraltextures_faces_c23/367_371,ffpp_test:30,1,neuraltextures,jpeg40,0.542328953742981,0.6323540252234747
fcg_official,external,1,official,59,neuraltextures_faces_c23/371_367,ffpp_test:30,1,neuraltextures,jpeg40,0.1435936689376831,0.5358368612749215
fcg_official,external,1,official,60,original_faces_c23/847,ffpp_test:65,0,real,jpeg40,-1.0488163232803345,0.2594524640093722
fcg_official,external,1,official,61,original_faces_c23/906,ffpp_test:65,0,real,jpeg40,-0.6722862124443054,0.33798510875340915
fcg_official,external,1,official,62,deepfakes_faces_c23/847_906,ffpp_test:65,1,deepfakes,jpeg40,2.595855236053467,0.9305943528622967
fcg_official,external,1,official,63,deepfakes_faces_c23/906_847,ffpp_test:65,1,deepfakes,jpeg40,2.671398162841797,0.9353176696857781
fcg_official,external,1,official,64,face2face_faces_c23/847_906,ffpp_test:65,1,face2face,jpeg40,0.23877835273742676,0.5594125715776387
fcg_official,external,1,official,65,face2face_faces_c23/906_847,ffpp_test:65,1,face2face,jpeg40,0.5427433252334595,0.6324503540226388
fcg_official,external,1,official,66,faceswap_faces_c23/847_906,ffpp_test:65,1,faceswap,jpeg40,1.1942607164382935,0.7675022237593759
fcg_official,external,1,official,67,faceswap_faces_c23/906_847,ffpp_test:65,1,faceswap,jpeg40,1.8725074529647827,0.8667481441604118
fcg_official,external,1,official,68,neuraltextures_faces_c23/847_906,ffpp_test:65,1,neuraltextures,jpeg40,-0.17703598737716675,0.4558562381699459
fcg_official,external,1,official,69,neuraltextures_faces_c23/906_847,ffpp_test:65,1,neuraltextures,jpeg40,0.6002120971679688,0.6457048292160555
fcg_official,external,1,official,70,original_faces_c23/529,ffpp_test:46,0,real,jpeg40,-1.0652321577072144,0.25631085285966415
fcg_official,external,1,official,71,original_faces_c23/633,ffpp_test:46,0,real,jpeg40,-0.1672910451889038,0.45827450517280716
fcg_official,external,1,official,72,deepfakes_faces_c23/529_633,ffpp_test:46,1,deepfakes,jpeg40,1.5367310047149658,0.8229890069048187
fcg_official,external,1,official,73,deepfakes_faces_c23/633_529,ffpp_test:46,1,deepfakes,jpeg40,2.1754820346832275,0.8980260817218839
fcg_official,external,1,official,74,face2face_faces_c23/529_633,ffpp_test:46,1,face2face,jpeg40,-0.18583589792251587,0.4536742703607228
fcg_official,external,1,official,75,face2face_faces_c23/633_529,ffpp_test:46,1,face2face,jpeg40,0.4025845527648926,0.5993084679961651
fcg_official,external,1,official,76,faceswap_faces_c23/529_633,ffpp_test:46,1,faceswap,jpeg40,1.9594539403915405,0.8764738441091038
fcg_official,external,1,official,77,faceswap_faces_c23/633_529,ffpp_test:46,1,faceswap,jpeg40,1.7549481391906738,0.8525758206651806
fcg_official,external,1,official,78,neuraltextures_faces_c23/529_633,ffpp_test:46,1,neuraltextures,jpeg40,-0.6545345187187195,0.34196842264587957
fcg_official,external,1,official,79,neuraltextures_faces_c23/633_529,ffpp_test:46,1,neuraltextures,jpeg40,0.3029975891113281,0.5751751383532847
fcg_official,external,1,official,80,original_faces_c23/418,ffpp_test:36,0,real,jpeg40,-1.205357313156128,0.23052355158771531
fcg_official,external,1,official,81,original_faces_c23/507,ffpp_test:36,0,real,jpeg40,-0.3185155987739563,0.42103755034048834
fcg_official,external,1,official,82,deepfakes_faces_c23/418_507,ffpp_test:36,1,deepfakes,jpeg40,1.7844042778015137,0.8562398534700422
fcg_official,external,1,official,83,deepfakes_faces_c23/507_418,ffpp_test:36,1,deepfakes,jpeg40,1.663670301437378,0.8407300823032224
fcg_official,external,1,official,84,face2face_faces_c23/418_507,ffpp_test:36,1,face2face,jpeg40,0.3156048059463501,0.5782527378237177
fcg_official,external,1,official,85,face2face_faces_c23/507_418,ffpp_test:36,1,face2face,jpeg40,0.08690083026885986,0.5217115459315792
fcg_official,external,1,official,86,faceswap_faces_c23/418_507,ffpp_test:36,1,faceswap,jpeg40,0.8080347776412964,0.6916905693006179
fcg_official,external,1,official,87,faceswap_faces_c23/507_418,ffpp_test:36,1,faceswap,jpeg40,0.7139303684234619,0.6712690451805806
fcg_official,external,1,official,88,neuraltextures_faces_c23/418_507,ffpp_test:36,1,neuraltextures,jpeg40,-0.6416469216346741,0.3448743454517729
fcg_official,external,1,official,89,neuraltextures_faces_c23/507_418,ffpp_test:36,1,neuraltextures,jpeg40,0.3644898533821106,0.5901268647968222
fcg_official,external,1,official,90,original_faces_c23/227,ffpp_test:16,0,real,jpeg40,-0.9171586036682129,0.28553720196544813
fcg_official,external,1,official,91,original_faces_c23/169,ffpp_test:16,0,real,jpeg40,-0.5819437503814697,0.3584854594728244
fcg_official,external,1,official,92,deepfakes_faces_c23/227_169,ffpp_test:16,1,deepfakes,jpeg40,0.7762666940689087,0.6848749438257038
fcg_official,external,1,official,93,deepfakes_faces_c23/169_227,ffpp_test:16,1,deepfakes,jpeg40,0.8678653240203857,0.7043013222771553
fcg_official,external,1,official,94,face2face_faces_c23/227_169,ffpp_test:16,1,face2face,jpeg40,-1.1790934801101685,0.23521523007130662
fcg_official,external,1,official,95,face2face_faces_c23/169_227,ffpp_test:16,1,face2face,jpeg40,0.22893649339675903,0.5569854474443372
fcg_official,external,1,official,96,faceswap_faces_c23/227_169,ffpp_test:16,1,faceswap,jpeg40,1.0888599157333374,0.7481669755181807
fcg_official,external,1,official,97,faceswap_faces_c23/169_227,ffpp_test:16,1,faceswap,jpeg40,0.7793142795562744,0.6855323066691469
fcg_official,external,1,official,98,neuraltextures_faces_c23/227_169,ffpp_test:16,1,neuraltextures,jpeg40,-0.92252516746521,0.284443653537459
fcg_official,external,1,official,99,neuraltextures_faces_c23/169_227,ffpp_test:16,1,neuraltextures,jpeg40,0.044714152812957764,0.5111766760862576
fcg_official,external,1,official,100,original_faces_c23/389,ffpp_test:33,0,real,jpeg40,-0.3354693651199341,0.41691044050894943
fcg_official,external,1,official,101,original_faces_c23/480,ffpp_test:33,0,real,jpeg40,-0.2603590488433838,0.4352754480876657
fcg_official,external,1,official,102,deepfakes_faces_c23/389_480,ffpp_test:33,1,deepfakes,jpeg40,2.149538040161133,0.8956256005895982
fcg_official,external,1,official,103,deepfakes_faces_c23/480_389,ffpp_test:33,1,deepfakes,jpeg40,2.2094309329986572,0.901093220739475
fcg_official,external,1,official,104,face2face_faces_c23/389_480,ffpp_test:33,1,face2face,jpeg40,0.2830389142036438,0.570291096244619
fcg_official,external,1,official,105,face2face_faces_c23/480_389,ffpp_test:33,1,face2face,jpeg40,0.7807849645614624,0.6858492671100876
fcg_official,external,1,official,106,faceswap_faces_c23/389_480,ffpp_test:33,1,faceswap,jpeg40,1.511094570159912,0.8192233654391364
fcg_official,external,1,official,107,faceswap_faces_c23/480_389,ffpp_test:33,1,faceswap,jpeg40,1.2271032333374023,0.7733111702405687
fcg_official,external,1,official,108,neuraltextures_faces_c23/389_480,ffpp_test:33,1,neuraltextures,jpeg40,0.22040045261383057,0.5548781444256005
fcg_official,external,1,official,109,neuraltextures_faces_c23/480_389,ffpp_test:33,1,neuraltextures,jpeg40,0.5005173683166504,0.6225809069715063
fcg_official,external,1,official,110,original_faces_c23/821,ffpp_test:64,0,real,jpeg40,-0.6029781103134155,0.35366264499722494
fcg_official,external,1,official,111,original_faces_c23/812,ffpp_test:64,0,real,jpeg40,-0.5828098058700562,0.3582863139637693
fcg_official,external,1,official,112,deepfakes_faces_c23/821_812,ffpp_test:64,1,deepfakes,jpeg40,0.7999297380447388,0.6899594512134728
fcg_official,external,1,official,113,deepfakes_faces_c23/812_821,ffpp_test:64,1,deepfakes,jpeg40,1.4471029043197632,0.8095521676691603
fcg_official,external,1,official,114,face2face_faces_c23/821_812,ffpp_test:64,1,face2face,jpeg40,0.34926438331604004,0.5864391824288303
fcg_official,external,1,official,115,face2face_faces_c23/812_821,ffpp_test:64,1,face2face,jpeg40,0.5419678688049316,0.6322700753149958
fcg_official,external,1,official,116,faceswap_faces_c23/821_812,ffpp_test:64,1,faceswap,jpeg40,0.9298902750015259,0.7170530241393616
fcg_official,external,1,official,117,faceswap_faces_c23/812_821,ffpp_test:64,1,faceswap,jpeg40,0.2631606459617615,0.5654130892475446
fcg_official,external,1,official,118,neuraltextures_faces_c23/821_812,ffpp_test:64,1,neuraltextures,jpeg40,-0.21823209524154663,0.4456574781959085
fcg_official,external,1,official,119,neuraltextures_faces_c23/812_821,ffpp_test:64,1,neuraltextures,jpeg40,-0.030012309551239014,0.49249748575416236
fcg_official,external,1,official,120,original_faces_c23/670,ffpp_test:54,0,real,jpeg40,-0.8476994633674622,0.2999156701487031
fcg_official,external,1,official,121,original_faces_c23/661,ffpp_test:54,0,real,jpeg40,-1.1865359544754028,0.23387904992578007
fcg_official,external,1,official,122,deepfakes_faces_c23/670_661,ffpp_test:54,1,deepfakes,jpeg40,2.7773349285125732,0.9414386867829075
fcg_official,external,1,official,123,deepfakes_faces_c23/661_670,ffpp_test:54,1,deepfakes,jpeg40,1.0061237812042236,0.732260882132087
fcg_official,external,1,official,124,face2face_faces_c23/670_661,ffpp_test:54,1,face2face,jpeg40,0.9237276315689087,0.7158010270984222
fcg_official,external,1,official,125,face2face_faces_c23/661_670,ffpp_test:54,1,face2face,jpeg40,-0.6766253113746643,0.3370149138371633
fcg_official,external,1,official,126,faceswap_faces_c23/670_661,ffpp_test:54,1,faceswap,jpeg40,1.7409543991088867,0.8508082513211878
fcg_official,external,1,official,127,faceswap_faces_c23/661_670,ffpp_test:54,1,faceswap,jpeg40,0.6182698011398315,0.6498249396516264
fcg_official,external,1,official,128,neuraltextures_faces_c23/670_661,ffpp_test:54,1,neuraltextures,jpeg40,0.6370834112167358,0.6540938644839516
fcg_official,external,1,official,129,neuraltextures_faces_c23/661_670,ffpp_test:54,1,neuraltextures,jpeg40,-0.4539441764354706,0.3884234130216703
fcg_official,external,1,official,130,original_faces_c23/158,ffpp_test:15,0,real,jpeg40,-1.5950826406478882,0.16867000617291386
fcg_official,external,1,official,131,original_faces_c23/379,ffpp_test:15,0,real,jpeg40,-1.3460322618484497,0.20651980548698523
fcg_official,external,1,official,132,deepfakes_faces_c23/158_379,ffpp_test:15,1,deepfakes,jpeg40,-0.43223536014556885,0.39359267472657755
fcg_official,external,1,official,133,deepfakes_faces_c23/379_158,ffpp_test:15,1,deepfakes,jpeg40,-0.12451547384262085,0.46891128804725685
fcg_official,external,1,official,134,face2face_faces_c23/158_379,ffpp_test:15,1,face2face,jpeg40,-0.4300551414489746,0.3941131643762559
fcg_official,external,1,official,135,face2face_faces_c23/379_158,ffpp_test:15,1,face2face,jpeg40,-0.5918522477149963,0.3562099756177143
fcg_official,external,1,official,136,faceswap_faces_c23/158_379,ffpp_test:15,1,faceswap,jpeg40,-0.4344208836555481,0.39307116096885686
fcg_official,external,1,official,137,faceswap_faces_c23/379_158,ffpp_test:15,1,faceswap,jpeg40,-0.06066662073135376,0.48483799476805617
fcg_official,external,1,official,138,neuraltextures_faces_c23/158_379,ffpp_test:15,1,neuraltextures,jpeg40,-0.1740480661392212,0.4565974932204957
fcg_official,external,1,official,139,neuraltextures_faces_c23/379_158,ffpp_test:15,1,neuraltextures,jpeg40,0.030507266521453857,0.5076262251664756
fcg_official,external,1,official,140,original_faces_c23/423,ffpp_test:37,0,real,jpeg40,-0.5302882790565491,0.3704496540295928
fcg_official,external,1,official,141,original_faces_c23/421,ffpp_test:37,0,real,jpeg40,-0.9201195240020752,0.28493354108570745
fcg_official,external,1,official,142,deepfakes_faces_c23/423_421,ffpp_test:37,1,deepfakes,jpeg40,0.6780217885971069,0.6632970382018339
fcg_official,external,1,official,143,deepfakes_faces_c23/421_423,ffpp_test:37,1,deepfakes,jpeg40,1.5422416925430298,0.8237903650864865
fcg_official,external,1,official,144,face2face_faces_c23/423_421,ffpp_test:37,1,face2face,jpeg40,0.3701912760734558,0.5915051966669368
fcg_official,external,1,official,145,face2face_faces_c23/421_423,ffpp_test:37,1,face2face,jpeg40,0.8624238967895508,0.7031668269567215
fcg_official,external,1,official,146,faceswap_faces_c23/423_421,ffpp_test:37,1,faceswap,jpeg40,0.3134235739707947,0.5777206959822695
fcg_official,external,1,official,147,faceswap_faces_c23/421_423,ffpp_test:37,1,faceswap,jpeg40,0.16118621826171875,0.5402095352548199
fcg_official,external,1,official,148,neuraltextures_faces_c23/423_421,ffpp_test:37,1,neuraltextures,jpeg40,-0.24928069114685059,0.43800055344994
fcg_official,external,1,official,149,neuraltextures_faces_c23/421_423,ffpp_test:37,1,neuraltextures,jpeg40,-0.3700045347213745,0.4085399258191175
fcg_official,external,1,official,150,original_faces_c23/352,ffpp_test:28,0,real,jpeg40,-1.1057769060134888,0.24865904184689047
fcg_official,external,1,official,151,original_faces_c23/319,ffpp_test:28,0,real,jpeg40,-1.2596776485443115,0.22102938821924425
fcg_official,external,1,official,152,deepfakes_faces_c23/352_319,ffpp_test:28,1,deepfakes,jpeg40,0.46121591329574585,0.6133025849032521
fcg_official,external,1,official,153,deepfakes_faces_c23/319_352,ffpp_test:28,1,deepfakes,jpeg40,1.6812379360198975,0.843068384672157
fcg_official,external,1,official,154,face2face_faces_c23/352_319,ffpp_test:28,1,face2face,jpeg40,-0.0845029354095459,0.47888682830249596
fcg_official,external,1,official,155,face2face_faces_c23/319_352,ffpp_test:28,1,face2face,jpeg40,-0.19106841087341309,0.45237768872859085
fcg_official,external,1,official,156,faceswap_faces_c23/352_319,ffpp_test:28,1,faceswap,jpeg40,0.748996913433075,0.6789600923618958
fcg_official,external,1,official,157,faceswap_faces_c23/319_352,ffpp_test:28,1,faceswap,jpeg40,0.24365466833114624,0.5606140873182965
fcg_official,external,1,official,158,neuraltextures_faces_c23/352_319,ffpp_test:28,1,neuraltextures,jpeg40,0.1064026951789856,0.5265756054738318
fcg_official,external,1,official,159,neuraltextures_faces_c23/319_352,ffpp_test:28,1,neuraltextures,jpeg40,-0.3840632438659668,0.4051472670596152
fcg_official,external,1,official,160,original_faces_c23/579,ffpp_test:48,0,real,jpeg40,-0.6792647838592529,0.3364254149696694
fcg_official,external,1,official,161,original_faces_c23/701,ffpp_test:48,0,real,jpeg40,-1.2925971746444702,0.21541353649109263
fcg_official,external,1,official,162,deepfakes_faces_c23/579_701,ffpp_test:48,1,deepfakes,jpeg40,0.5902647972106934,0.6434259001636351
fcg_official,external,1,official,163,deepfakes_faces_c23/701_579,ffpp_test:48,1,deepfakes,jpeg40,-0.41066819429397583,0.39875191152229433
fcg_official,external,1,official,164,face2face_faces_c23/579_701,ffpp_test:48,1,face2face,jpeg40,0.6312695741653442,0.6527772785212625
fcg_official,external,1,official,165,face2face_faces_c23/701_579,ffpp_test:48,1,face2face,jpeg40,-0.22418814897537231,0.44418653408682585
fcg_official,external,1,official,166,faceswap_faces_c23/579_701,ffpp_test:48,1,faceswap,jpeg40,0.26047617197036743,0.5647533418156749
fcg_official,external,1,official,167,faceswap_faces_c23/701_579,ffpp_test:48,1,faceswap,jpeg40,-0.4396115243434906,0.3918335391179817
fcg_official,external,1,official,168,neuraltextures_faces_c23/579_701,ffpp_test:48,1,neuraltextures,jpeg40,-0.029310941696166992,0.4926727891547971
fcg_official,external,1,official,169,neuraltextures_faces_c23/701_579,ffpp_test:48,1,neuraltextures,jpeg40,-0.6214988827705383,0.3494406307440664
fcg_official,external,1,official,170,original_faces_c23/488,ffpp_test:34,0,real,jpeg40,-0.4218876361846924,0.3960651437257072
fcg_official,external,1,official,171,original_faces_c23/399,ffpp_test:34,0,real,jpeg40,-0.7533479928970337,0.3200922279770017
fcg_official,external,1,official,172,deepfakes_faces_c23/488_399,ffpp_test:34,1,deepfakes,jpeg40,1.894040584564209,0.8692155493738472
fcg_official,external,1,official,173,deepfakes_faces_c23/399_488,ffpp_test:34,1,deepfakes,jpeg40,1.6751691102981567,0.8422637815153328
fcg_official,external,1,official,174,face2face_faces_c23/488_399,ffpp_test:34,1,face2face,jpeg40,0.9069181680679321,0.7123691108734943
fcg_official,external,1,official,175,face2face_faces_c23/399_488,ffpp_test:34,1,face2face,jpeg40,0.6285523176193237,0.6521611321846275
fcg_official,external,1,official,176,faceswap_faces_c23/488_399,ffpp_test:34,1,faceswap,jpeg40,1.8574289083480835,0.8649969848241089
fcg_official,external,1,official,177,faceswap_faces_c23/399_488,ffpp_test:34,1,faceswap,jpeg40,0.7690588235855103,0.6833172632204101
fcg_official,external,1,official,178,neuraltextures_faces_c23/488_399,ffpp_test:34,1,neuraltextures,jpeg40,0.5426318049430847,0.6324244299783418
fcg_official,external,1,official,179,neuraltextures_faces_c23/399_488,ffpp_test:34,1,neuraltextures,jpeg40,-0.1755782961845398,0.4562178436110627
fcg_official,external,1,official,180,original_faces_c23/695,ffpp_test:38,0,real,jpeg40,-1.0189707279205322,0.2652279387398193
fcg_official,external,1,official,181,original_faces_c23/422,ffpp_test:38,0,real,jpeg40,-1.0264889001846313,0.2637653701025842
fcg_official,external,1,official,182,deepfakes_faces_c23/695_422,ffpp_test:38,1,deepfakes,jpeg40,1.4626816511154175,0.8119424837230215
fcg_official,external,1,official,183,deepfakes_faces_c23/422_695,ffpp_test:38,1,deepfakes,jpeg40,0.979758620262146,0.7270603186995603
fcg_official,external,1,official,184,face2face_faces_c23/695_422,ffpp_test:38,1,face2face,jpeg40,0.6632148027420044,0.6599821791220136
fcg_official,external,1,official,185,face2face_faces_c23/422_695,ffpp_test:38,1,face2face,jpeg40,0.420620858669281,0.6036318063419832
fcg_official,external,1,official,186,faceswap_faces_c23/695_422,ffpp_test:38,1,faceswap,jpeg40,0.8672668933868408,0.704176677297709
fcg_official,external,1,official,187,faceswap_faces_c23/422_695,ffpp_test:38,1,faceswap,jpeg40,0.21586322784423828,0.5537572254083588
fcg_official,external,1,official,188,neuraltextures_faces_c23/695_422,ffpp_test:38,1,neuraltextures,jpeg40,0.11694103479385376,0.5292019876820206
fcg_official,external,1,official,189,neuraltextures_faces_c23/422_695,ffpp_test:38,1,neuraltextures,jpeg40,0.0001507401466369629,0.5000376850365879
fcg_official,external,1,official,190,original_faces_c23/288,ffpp_test:25,0,real,jpeg40,-1.0440694093704224,0.26036556216581097
fcg_official,external,1,official,191,original_faces_c23/321,ffpp_test:25,0,real,jpeg40,-0.7746186256408691,0.3154808526968866
fcg_official,external,1,official,192,deepfakes_faces_c23/288_321,ffpp_test:25,1,deepfakes,jpeg40,1.9438722133636475,0.8747769303853545
fcg_official,external,1,official,193,deepfakes_faces_c23/321_288,ffpp_test:25,1,deepfakes,jpeg40,1.164307713508606,0.7621145674630311
fcg_official,external,1,official,194,face2face_faces_c23/288_321,ffpp_test:25,1,face2face,jpeg40,0.5567049980163574,0.6356897981546283
fcg_official,external,1,official,195,face2face_faces_c23/321_288,ffpp_test:25,1,face2face,jpeg40,0.5880310535430908,0.642913250534953
fcg_official,external,1,official,196,faceswap_faces_c23/288_321,ffpp_test:25,1,faceswap,jpeg40,1.8844382762908936,0.8681200847828604
fcg_official,external,1,official,197,faceswap_faces_c23/321_288,ffpp_test:25,1,faceswap,jpeg40,1.684592366218567,0.8435116789268178
fcg_official,external,1,official,198,neuraltextures_faces_c23/288_321,ffpp_test:25,1,neuraltextures,jpeg40,0.16655266284942627,0.5415421791389571
fcg_official,external,1,official,199,neuraltextures_faces_c23/321_288,ffpp_test:25,1,neuraltextures,jpeg40,-0.1683574914932251,0.45800976210341365
fcg_official,external,1,official,200,original_faces_c23/705,ffpp_test:57,0,real,jpeg40,-1.4310307502746582,0.19293813220490383
fcg_official,external,1,official,201,original_faces_c23/707,ffpp_test:57,0,real,jpeg40,-0.9035530090332031,0.2883209005310498
fcg_official,external,1,official,202,deepfakes_faces_c23/705_707,ffpp_test:57,1,deepfakes,jpeg40,0.9124186038970947,0.7134948288438456
fcg_official,external,1,official,203,deepfakes_faces_c23/707_705,ffpp_test:57,1,deepfakes,jpeg40,0.5257656574249268,0.6284949784940712
fcg_official,external,1,official,204,face2face_faces_c23/705_707,ffpp_test:57,1,face2face,jpeg40,0.020829319953918457,0.5052071417253846
fcg_official,external,1,official,205,face2face_faces_c23/707_705,ffpp_test:57,1,face2face,jpeg40,0.6731239557266235,0.6622023118413948
fcg_official,external,1,official,206,faceswap_faces_c23/705_707,ffpp_test:57,1,faceswap,jpeg40,-0.02058809995651245,0.494853156808896
fcg_official,external,1,official,207,faceswap_faces_c23/707_705,ffpp_test:57,1,faceswap,jpeg40,-0.11040502786636353,0.4724267454991442
fcg_official,external,1,official,208,neuraltextures_faces_c23/705_707,ffpp_test:57,1,neuraltextures,jpeg40,0.17267966270446777,0.5430629635753332
fcg_official,external,1,official,209,neuraltextures_faces_c23/707_705,ffpp_test:57,1,neuraltextures,jpeg40,0.10255932807922363,0.5256173814328367
fcg_official,external,1,official,210,original_faces_c23/306,ffpp_test:24,0,real,jpeg40,-0.7060652375221252,0.33046886107860524
fcg_official,external,1,official,211,original_faces_c23/278,ffpp_test:24,0,real,jpeg40,-0.47319936752319336,0.3838592763075468
fcg_official,external,1,official,212,deepfakes_faces_c23/306_278,ffpp_test:24,1,deepfakes,jpeg40,0.9198073744773865,0.7150028552973003
fcg_official,external,1,official,213,deepfakes_faces_c23/278_306,ffpp_test:24,1,deepfakes,jpeg40,0.6670228242874146,0.6608361995569532
fcg_official,external,1,official,214,face2face_faces_c23/306_278,ffpp_test:24,1,face2face,jpeg40,0.09338301420211792,0.5233288029974367
fcg_official,external,1,official,215,face2face_faces_c23/278_306,ffpp_test:24,1,face2face,jpeg40,0.41128355264663696,0.6013956107235914
fcg_official,external,1,official,216,faceswap_faces_c23/306_278,ffpp_test:24,1,faceswap,jpeg40,0.9454814195632935,0.7202055477074836
fcg_official,external,1,official,217,faceswap_faces_c23/278_306,ffpp_test:24,1,faceswap,jpeg40,0.3946937918663025,0.5974121216370215
fcg_official,external,1,official,218,neuraltextures_faces_c23/306_278,ffpp_test:24,1,neuraltextures,jpeg40,0.512671947479248,0.6254326321500197
fcg_official,external,1,official,219,neuraltextures_faces_c23/278_306,ffpp_test:24,1,neuraltextures,jpeg40,0.1814640760421753,0.545241938647426
fcg_official,external,1,official,220,original_faces_c23/865,ffpp_test:61,0,real,jpeg40,-1.2350702285766602,0.22529524934244813
fcg_official,external,1,official,221,original_faces_c23/739,ffpp_test:61,0,real,jpeg40,-0.8562872409820557,0.2981156306272532
fcg_official,external,1,official,222,deepfakes_faces_c23/865_739,ffpp_test:61,1,deepfakes,jpeg40,2.5982651710510254,0.9307498455261213
fcg_official,external,1,official,223,deepfakes_faces_c23/739_865,ffpp_test:61,1,deepfakes,jpeg40,2.7332558631896973,0.938960708993232
fcg_official,external,1,official,224,face2face_faces_c23/865_739,ffpp_test:61,1,face2face,jpeg40,-0.49732545018196106,0.3781694034844997
fcg_official,external,1,official,225,face2face_faces_c23/739_865,ffpp_test:61,1,face2face,jpeg40,0.6595128774642944,0.6591509546431394
fcg_official,external,1,official,226,faceswap_faces_c23/865_739,ffpp_test:61,1,faceswap,jpeg40,2.209987163543701,0.9011427832988461
fcg_official,external,1,official,227,faceswap_faces_c23/739_865,ffpp_test:61,1,faceswap,jpeg40,1.3440521955490112,0.7931555337275845
fcg_official,external,1,official,228,neuraltextures_faces_c23/865_739,ffpp_test:61,1,neuraltextures,jpeg40,-0.6727842688560486,0.3378736770400714
fcg_official,external,1,official,229,neuraltextures_faces_c23/739_865,ffpp_test:61,1,neuraltextures,jpeg40,-0.3533731698989868,0.41256467586994455
fcg_official,external,1,official,230,original_faces_c23/995,ffpp_test:21,0,real,jpeg40,-0.7385374307632446,0.3233240501411735
fcg_official,external,1,official,231,original_faces_c23/233,ffpp_test:21,0,real,jpeg40,-0.8850055932998657,0.29214157190843365
fcg_official,external,1,official,232,deepfakes_faces_c23/995_233,ffpp_test:21,1,deepfakes,jpeg40,0.4233430027961731,0.6042829236845132
fcg_official,external,1,official,233,deepfakes_faces_c23/233_995,ffpp_test:21,1,deepfakes,jpeg40,1.9842652082443237,0.8791351018992654
fcg_official,external,1,official,234,face2face_faces_c23/995_233,ffpp_test:21,1,face2face,jpeg40,0.7432971000671387,0.6777164200893293
fcg_official,external,1,official,235,face2face_faces_c23/233_995,ffpp_test:21,1,face2face,jpeg40,-1.2326774597167969,0.22571315124830685
fcg_official,external,1,official,236,faceswap_faces_c23/995_233,ffpp_test:21,1,faceswap,jpeg40,1.062860131263733,0.7432367406019836
fcg_official,external,1,official,237,faceswap_faces_c23/233_995,ffpp_test:21,1,faceswap,jpeg40,0.723174512386322,0.6733056829220925
fcg_official,external,1,official,238,neuraltextures_faces_c23/995_233,ffpp_test:21,1,neuraltextures,jpeg40,0.24683690071105957,0.5613978018458725
fcg_official,external,1,official,239,neuraltextures_faces_c23/233_995,ffpp_test:21,1,neuraltextures,jpeg40,-0.7711976766586304,0.31622008171542354
fcg_official,external,1,official,240,original_faces_c23/755,ffpp_test:62,0,real,jpeg40,-0.6051480770111084,0.3531667799933463
fcg_official,external,1,official,241,original_faces_c23/759,ffpp_test:62,0,real,jpeg40,-0.06653428077697754,0.48337256322924427
fcg_official,external,1,official,242,deepfakes_faces_c23/755_759,ffpp_test:62,1,deepfakes,jpeg40,1.2474348545074463,0.7768555063782463
fcg_official,external,1,official,243,deepfakes_faces_c23/759_755,ffpp_test:62,1,deepfakes,jpeg40,0.8479801416397095,0.7001432595088135
fcg_official,external,1,official,244,face2face_faces_c23/755_759,ffpp_test:62,1,face2face,jpeg40,0.25613731145858765,0.5636865214537169
fcg_official,external,1,official,245,face2face_faces_c23/759_755,ffpp_test:62,1,face2face,jpeg40,0.9349217414855957,0.7180727324648655
fcg_official,external,1,official,246,faceswap_faces_c23/755_759,ffpp_test:62,1,faceswap,jpeg40,-0.3049046993255615,0.4243589286885884
fcg_official,external,1,official,247,faceswap_faces_c23/759_755,ffpp_test:62,1,faceswap,jpeg40,0.6811904907226562,0.6640043507839131
fcg_official,external,1,official,248,neuraltextures_faces_c23/755_759,ffpp_test:62,1,neuraltextures,jpeg40,-0.06378763914108276,0.48405849516468247
fcg_official,external,1,official,249,neuraltextures_faces_c23/759_755,ffpp_test:62,1,neuraltextures,jpeg40,0.8544368743896484,0.7014970490914764
fcg_official,external,1,official,250,original_faces_c23/467,ffpp_test:43,0,real,jpeg40,-0.810167670249939,0.3078547673352388
fcg_official,external,1,official,251,original_faces_c23/462,ffpp_test:43,0,real,jpeg40,-1.341982364654541,0.20718424843591557
fcg_official,external,1,official,252,deepfakes_faces_c23/467_462,ffpp_test:43,1,deepfakes,jpeg40,1.0761675834655762,0.7457680492100393
fcg_official,external,1,official,253,deepfakes_faces_c23/462_467,ffpp_test:43,1,deepfakes,jpeg40,2.3292651176452637,0.9112719354980411
fcg_official,external,1,official,254,face2face_faces_c23/467_462,ffpp_test:43,1,face2face,jpeg40,0.17468231916427612,0.543559870906908
fcg_official,external,1,official,255,face2face_faces_c23/462_467,ffpp_test:43,1,face2face,jpeg40,-0.8572136163711548,0.29792182959699093
fcg_official,external,1,official,256,faceswap_faces_c23/467_462,ffpp_test:43,1,faceswap,jpeg40,1.1198393106460571,0.7539589090072879
fcg_official,external,1,official,257,faceswap_faces_c23/462_467,ffpp_test:43,1,faceswap,jpeg40,1.6467481851577759,0.8384510738892368
fcg_official,external,1,official,258,neuraltextures_faces_c23/467_462,ffpp_test:43,1,neuraltextures,jpeg40,0.39881807565689087,0.5984036569949215
fcg_official,external,1,official,259,neuraltextures_faces_c23/462_467,ffpp_test:43,1,neuraltextures,jpeg40,-0.7868351936340332,0.312848618341454
fcg_official,external,1,official,260,original_faces_c23/314,ffpp_test:27,0,real,jpeg40,-0.9067893028259277,0.28765729425480735
fcg_official,external,1,official,261,original_faces_c23/347,ffpp_test:27,0,real,jpeg40,-0.605796217918396,0.35301873277555074
fcg_official,external,1,official,262,deepfakes_faces_c23/314_347,ffpp_test:27,1,deepfakes,jpeg40,0.5079042315483093,0.6243150490598323
fcg_official,external,1,official,263,deepfakes_faces_c23/347_314,ffpp_test:27,1,deepfakes,jpeg40,2.3656160831451416,0.9141674992732499
fcg_official,external,1,official,264,face2face_faces_c23/314_347,ffpp_test:27,1,face2face,jpeg40,-0.025132358074188232,0.49371724117905674
fcg_official,external,1,official,265,face2face_faces_c23/347_314,ffpp_test:27,1,face2face,jpeg40,0.17311280965805054,0.5431704450713724
fcg_official,external,1,official,266,faceswap_faces_c23/314_347,ffpp_test:27,1,faceswap,jpeg40,0.4092077612876892,0.6008978996622762
fcg_official,external,1,official,267,faceswap_faces_c23/347_314,ffpp_test:27,1,faceswap,jpeg40,0.4386986494064331,0.607948901301978
fcg_official,external,1,official,268,neuraltextures_faces_c23/314_347,ffpp_test:27,1,neuraltextures,jpeg40,-0.35056787729263306,0.4132447190955214
fcg_official,external,1,official,269,neuraltextures_faces_c23/347_314,ffpp_test:27,1,neuraltextures,jpeg40,-1.0584174394607544,0.2576120002087207
fcg_official,external,1,official,270,original_faces_c23/741,ffpp_test:60,0,real,jpeg40,-0.5419369339942932,0.3677371172010478
fcg_official,external,1,official,271,original_faces_c23/731,ffpp_test:60,0,real,jpeg40,-0.46661680936813354,0.38541731140354396
fcg_official,external,1,official,272,deepfakes_faces_c23/741_731,ffpp_test:60,1,deepfakes,jpeg40,1.1603693962097168,0.7613998295798601
fcg_official,external,1,official,273,deepfakes_faces_c23/731_741,ffpp_test:60,1,deepfakes,jpeg40,1.2575374841690063,0.7786019081369746
fcg_official,external,1,official,274,face2face_faces_c23/741_731,ffpp_test:60,1,face2face,jpeg40,0.9392490386962891,0.7189479417769657
fcg_official,external,1,official,275,face2face_faces_c23/731_741,ffpp_test:60,1,face2face,jpeg40,1.1074670553207397,0.7516565907422559
fcg_official,external,1,official,276,faceswap_faces_c23/741_731,ffpp_test:60,1,faceswap,jpeg40,0.854695200920105,0.7015511395771025
fcg_official,external,1,official,277,faceswap_faces_c23/731_741,ffpp_test:60,1,faceswap,jpeg40,0.42193132638931274,0.60394530681655
fcg_official,external,1,official,278,neuraltextures_faces_c23/741_731,ffpp_test:60,1,neuraltextures,jpeg40,0.41982895135879517,0.6034423187027975
fcg_official,external,1,official,279,neuraltextures_faces_c23/731_741,ffpp_test:60,1,neuraltextures,jpeg40,0.8215239644050598,0.6945597396604898
fcg_official,external,1,official,280,original_faces_c23/970,ffpp_test:69,0,real,jpeg40,-0.9768325090408325,0.27352073501903085
fcg_official,external,1,official,281,original_faces_c23/973,ffpp_test:69,0,real,jpeg40,-0.7012197971343994,0.3315418386095484
fcg_official,external,1,official,282,deepfakes_faces_c23/970_973,ffpp_test:69,1,deepfakes,jpeg40,1.0838855504989624,0.7472285831987108
fcg_official,external,1,official,283,deepfakes_faces_c23/973_970,ffpp_test:69,1,deepfakes,jpeg40,1.590788722038269,0.8307270417951114
fcg_official,external,1,official,284,face2face_faces_c23/970_973,ffpp_test:69,1,face2face,jpeg40,0.7175650596618652,0.6720706014207954
fcg_official,external,1,official,285,face2face_faces_c23/973_970,ffpp_test:69,1,face2face,jpeg40,0.7288687229156494,0.6745569725374507
fcg_official,external,1,official,286,faceswap_faces_c23/970_973,ffpp_test:69,1,faceswap,jpeg40,1.3664493560791016,0.7968058878679384
fcg_official,external,1,official,287,faceswap_faces_c23/973_970,ffpp_test:69,1,faceswap,jpeg40,0.7712414264678955,0.6837893780084704
fcg_official,external,1,official,288,neuraltextures_faces_c23/970_973,ffpp_test:69,1,neuraltextures,jpeg40,0.3356137275695801,0.5831246530221617
fcg_official,external,1,official,289,neuraltextures_faces_c23/973_970,ffpp_test:69,1,neuraltextures,jpeg40,0.32055163383483887,0.5794586836556264
fcg_official,external,1,official,290,original_faces_c23/634,ffpp_test:53,0,real,jpeg40,-1.194744348526001,0.2324114868578269
fcg_official,external,1,official,291,original_faces_c23/660,ffpp_test:53,0,real,jpeg40,-1.404374122619629,0.19712292159809408
fcg_official,external,1,official,292,deepfakes_faces_c23/634_660,ffpp_test:53,1,deepfakes,jpeg40,0.7415026426315308,0.677324355379649
fcg_official,external,1,official,293,deepfakes_faces_c23/660_634,ffpp_test:53,1,deepfakes,jpeg40,2.001124858856201,0.8809151303629115
fcg_official,external,1,official,294,face2face_faces_c23/634_660,ffpp_test:53,1,face2face,jpeg40,-0.22655093669891357,0.4436032747664141
fcg_official,external,1,official,295,face2face_faces_c23/660_634,ffpp_test:53,1,face2face,jpeg40,0.5697486996650696,0.6387051868862202
fcg_official,external,1,official,296,faceswap_faces_c23/634_660,ffpp_test:53,1,faceswap,jpeg40,1.4028133153915405,0.8026299397236067
fcg_official,external,1,official,297,faceswap_faces_c23/660_634,ffpp_test:53,1,faceswap,jpeg40,0.48701348900794983,0.6194026347454115
fcg_official,external,1,official,298,neuraltextures_faces_c23/634_660,ffpp_test:53,1,neuraltextures,jpeg40,-0.2114909291267395,0.4473234663174359
fcg_official,external,1,official,299,neuraltextures_faces_c23/660_634,ffpp_test:53,1,neuraltextures,jpeg40,-0.5400238633155823,0.3681820310659622
fcg_official,external,1,official,300,original_faces_c23/494,ffpp_test:40,0,real,jpeg40,-1.5466389656066895,0.17557223618930223
fcg_official,external,1,official,301,original_faces_c23/445,ffpp_test:40,0,real,jpeg40,-1.2810498476028442,0.2173715692808948
fcg_official,external,1,official,302,deepfakes_faces_c23/494_445,ffpp_test:40,1,deepfakes,jpeg40,2.4749855995178223,0.9223695063176556
fcg_official,external,1,official,303,deepfakes_faces_c23/445_494,ffpp_test:40,1,deepfakes,jpeg40,1.7018102407455444,0.845771014903321
fcg_official,external,1,official,304,face2face_faces_c23/494_445,ffpp_test:40,1,face2face,jpeg40,-0.824794352054596,0.3047469008136066
fcg_official,external,1,official,305,face2face_faces_c23/445_494,ffpp_test:40,1,face2face,jpeg40,0.5372342467308044,0.6311687988083872
fcg_official,external,1,official,306,faceswap_faces_c23/494_445,ffpp_test:40,1,faceswap,jpeg40,1.482417106628418,0.8149373928171882
fcg_official,external,1,official,307,faceswap_faces_c23/445_494,ffpp_test:40,1,faceswap,jpeg40,2.506376266479492,0.924587612825704
fcg_official,external,1,official,308,neuraltextures_faces_c23/494_445,ffpp_test:40,1,neuraltextures,jpeg40,-1.03236985206604,0.2626249169406474
fcg_official,external,1,official,309,neuraltextures_faces_c23/445_494,ffpp_test:40,1,neuraltextures,jpeg40,0.3523671627044678,0.5871914917648801
fcg_official,external,1,official,310,original_faces_c23/706,ffpp_test:44,0,real,jpeg40,-0.9872120022773743,0.271463110989112
fcg_official,external,1,official,311,original_faces_c23/479,ffpp_test:44,0,real,jpeg40,-0.9611989259719849,0.276638214146976
fcg_official,external,1,official,312,deepfakes_faces_c23/706_479,ffpp_test:44,1,deepfakes,jpeg40,2.4582648277282715,0.9211637447616976
fcg_official,external,1,official,313,deepfakes_faces_c23/479_706,ffpp_test:44,1,deepfakes,jpeg40,2.230250358581543,0.9029333038430869
fcg_official,external,1,official,314,face2face_faces_c23/706_479,ffpp_test:44,1,face2face,jpeg40,-0.4746462106704712,0.38351713905869655
fcg_official,external,1,official,315,face2face_faces_c23/479_706,ffpp_test:44,1,face2face,jpeg40,0.5825394988059998,0.641651535404115
fcg_official,external,1,official,316,faceswap_faces_c23/706_479,ffpp_test:44,1,faceswap,jpeg40,0.8424772024154663,0.6989866868210273
fcg_official,external,1,official,317,faceswap_faces_c23/479_706,ffpp_test:44,1,faceswap,jpeg40,0.03690212965011597,0.5092244856361428
fcg_official,external,1,official,318,neuraltextures_faces_c23/706_479,ffpp_test:44,1,neuraltextures,jpeg40,-0.3034883141517639,0.424704958047416
fcg_official,external,1,official,319,neuraltextures_faces_c23/479_706,ffpp_test:44,1,neuraltextures,jpeg40,0.38534867763519287,0.5951624884722505
fcg_official,external,1,official,320,original_faces_c23/186,ffpp_test:17,0,real,jpeg40,-0.9702414870262146,0.27483237134029187
fcg_official,external,1,official,321,original_faces_c23/170,ffpp_test:17,0,real,jpeg40,-1.5873277187347412,0.16976020042164747
fcg_official,external,1,official,322,deepfakes_faces_c23/186_170,ffpp_test:17,1,deepfakes,jpeg40,1.8804147243499756,0.8676587552889373
fcg_official,external,1,official,323,deepfakes_faces_c23/170_186,ffpp_test:17,1,deepfakes,jpeg40,1.9604110717773438,0.8765774329439046
fcg_official,external,1,official,324,face2face_faces_c23/186_170,ffpp_test:17,1,face2face,jpeg40,0.08170276880264282,0.5204143374061638
fcg_official,external,1,official,325,face2face_faces_c23/170_186,ffpp_test:17,1,face2face,jpeg40,1.2945537567138672,0.7849169623776294
fcg_official,external,1,official,326,faceswap_faces_c23/186_170,ffpp_test:17,1,faceswap,jpeg40,0.6642200946807861,0.660207736070568
fcg_official,external,1,official,327,faceswap_faces_c23/170_186,ffpp_test:17,1,faceswap,jpeg40,-0.5050853490829468,0.37634633922655486
fcg_official,external,1,official,328,neuraltextures_faces_c23/186_170,ffpp_test:17,1,neuraltextures,jpeg40,-0.3100619316101074,0.4230996221364253
fcg_official,external,1,official,329,neuraltextures_faces_c23/170_186,ffpp_test:17,1,neuraltextures,jpeg40,-0.1027754545211792,0.4743287290882759
fcg_official,external,1,official,330,original_faces_c23/176,ffpp_test:18,0,real,jpeg40,-1.2762997150421143,0.21818075221527866
fcg_official,external,1,official,331,original_faces_c23/190,ffpp_test:18,0,real,jpeg40,-0.645237922668457,0.34406346150926226
fcg_official,external,1,official,332,deepfakes_faces_c23/176_190,ffpp_test:18,1,deepfakes,jpeg40,2.212916135787964,0.9014034028336642
fcg_official,external,1,official,333,deepfakes_faces_c23/190_176,ffpp_test:18,1,deepfakes,jpeg40,0.7190101146697998,0.6723890003365619
fcg_official,external,1,official,334,face2face_faces_c23/176_190,ffpp_test:18,1,face2face,jpeg40,0.16484856605529785,0.5411190659393857
fcg_official,external,1,official,335,face2face_faces_c23/190_176,ffpp_test:18,1,face2face,jpeg40,0.8544982671737671,0.7015099045163141
fcg_official,external,1,official,336,faceswap_faces_c23/176_190,ffpp_test:18,1,faceswap,jpeg40,1.6416112184524536,0.8377540569676953
fcg_official,external,1,official,337,faceswap_faces_c23/190_176,ffpp_test:18,1,faceswap,jpeg40,0.6256206631660461,0.6514957988786872
fcg_official,external,1,official,338,neuraltextures_faces_c23/176_190,ffpp_test:18,1,neuraltextures,jpeg40,-0.3664501905441284,0.4093990583521004
fcg_official,external,1,official,339,neuraltextures_faces_c23/190_176,ffpp_test:18,1,neuraltextures,jpeg40,0.11424469947814941,0.5285301506771372
fcg_official,external,1,official,340,original_faces_c23/380,ffpp_test:29,0,real,jpeg40,-0.7073817253112793,0.3301776410910566
fcg_official,external,1,official,341,original_faces_c23/358,ffpp_test:29,0,real,jpeg40,-0.8785214424133301,0.2934842660323555
fcg_official,external,1,official,342,deepfakes_faces_c23/380_358,ffpp_test:29,1,deepfakes,jpeg40,0.06453198194503784,0.5161273991609017
fcg_official,external,1,official,343,deepfakes_faces_c23/358_380,ffpp_test:29,1,deepfakes,jpeg40,-0.13606715202331543,0.46603559800683936
fcg_official,external,1,official,344,face2face_faces_c23/380_358,ffpp_test:29,1,face2face,jpeg40,0.0022301673889160156,0.5005575416161444
fcg_official,external,1,official,345,face2face_faces_c23/358_380,ffpp_test:29,1,face2face,jpeg40,0.006496310234069824,0.5016240718469251
fcg_official,external,1,official,346,faceswap_faces_c23/380_358,ffpp_test:29,1,faceswap,jpeg40,-0.684481143951416,0.3352618926710609
fcg_official,external,1,official,347,faceswap_faces_c23/358_380,ffpp_test:29,1,faceswap,jpeg40,-0.5340775847434998,0.36956635930369397
fcg_official,external,1,official,348,neuraltextures_faces_c23/380_358,ffpp_test:29,1,neuraltextures,jpeg40,0.13565921783447266,0.5338628876258192
fcg_official,external,1,official,349,neuraltextures_faces_c23/358_380,ffpp_test:29,1,neuraltextures,jpeg40,-0.2733328938484192,0.4320890581351344
fcg_official,external,1,official,350,original_faces_c23/214,ffpp_test:19,0,real,jpeg40,-0.7601876258850098,0.3186055319867876
fcg_official,external,1,official,351,original_faces_c23/255,ffpp_test:19,0,real,jpeg40,-1.1160237789154053,0.24674957637456418
fcg_official,external,1,official,352,deepfakes_faces_c23/214_255,ffpp_test:19,1,deepfakes,jpeg40,2.3957135677337646,0.9164998570698378
fcg_official,external,1,official,353,deepfakes_faces_c23/255_214,ffpp_test:19,1,deepfakes,jpeg40,1.8636901378631592,0.8657264841522977
fcg_official,external,1,official,354,face2face_faces_c23/214_255,ffpp_test:19,1,face2face,jpeg40,0.5598461627960205,0.6364169445738334
fcg_official,external,1,official,355,face2face_faces_c23/255_214,ffpp_test:19,1,face2face,jpeg40,0.10323089361190796,0.5257848292139484
fcg_official,external,1,official,356,faceswap_faces_c23/214_255,ffpp_test:19,1,faceswap,jpeg40,1.0036900043487549,0.7317834586582759
fcg_official,external,1,official,357,faceswap_faces_c23/255_214,ffpp_test:19,1,faceswap,jpeg40,0.7398853302001953,0.6769707806016141
fcg_official,external,1,official,358,neuraltextures_faces_c23/214_255,ffpp_test:19,1,neuraltextures,jpeg40,-0.25648677349090576,0.4362275323604711
fcg_official,external,1,official,359,neuraltextures_faces_c23/255_214,ffpp_test:19,1,neuraltextures,jpeg40,-0.8773099184036255,0.2937355398898154
fcg_official,external,1,official,360,original_faces_c23/454,ffpp_test:42,0,real,jpeg40,-0.7088132500648499,0.32986112155353187
fcg_official,external,1,official,361,original_faces_c23/527,ffpp_test:42,0,real,jpeg40,-1.1728259325027466,0.23634456359325517
fcg_official,external,1,official,362,deepfakes_faces_c23/454_527,ffpp_test:42,1,deepfakes,jpeg40,1.8875535726547241,0.8684763387554445
fcg_official,external,1,official,363,deepfakes_faces_c23/527_454,ffpp_test:42,1,deepfakes,jpeg40,2.427476644515991,0.9188986811701354
fcg_official,external,1,official,364,face2face_faces_c23/454_527,ffpp_test:42,1,face2face,jpeg40,0.7487054467201233,0.6788965570912983
fcg_official,external,1,official,365,face2face_faces_c23/527_454,ffpp_test:42,1,face2face,jpeg40,-0.23749876022338867,0.4409028337118485
fcg_official,external,1,official,366,faceswap_faces_c23/454_527,ffpp_test:42,1,faceswap,jpeg40,1.464613676071167,0.8122373104808589
fcg_official,external,1,official,367,faceswap_faces_c23/527_454,ffpp_test:42,1,faceswap,jpeg40,2.2171790599823,0.901781623768858
fcg_official,external,1,official,368,neuraltextures_faces_c23/454_527,ffpp_test:42,1,neuraltextures,jpeg40,0.10030990839004517,0.5250564706071846
fcg_official,external,1,official,369,neuraltextures_faces_c23/527_454,ffpp_test:42,1,neuraltextures,jpeg40,-0.12328583002090454,0.4692175222102282
fcg_official,external,1,official,370,original_faces_c23/425,ffpp_test:39,0,real,jpeg40,-1.2544406652450562,0.22193238508437682
fcg_official,external,1,official,371,original_faces_c23/485,ffpp_test:39,0,real,jpeg40,-0.40025538206100464,0.40125098314983293
fcg_official,external,1,official,372,deepfakes_faces_c23/425_485,ffpp_test:39,1,deepfakes,jpeg40,0.5986895561218262,0.6453564401246122
fcg_official,external,1,official,373,deepfakes_faces_c23/485_425,ffpp_test:39,1,deepfakes,jpeg40,1.8805944919586182,0.8676793961069925
fcg_official,external,1,official,374,face2face_faces_c23/425_485,ffpp_test:39,1,face2face,jpeg40,-0.4319588541984558,0.3936586724109319
fcg_official,external,1,official,375,face2face_faces_c23/485_425,ffpp_test:39,1,face2face,jpeg40,-0.0607181191444397,0.484825132013616
fcg_official,external,1,official,376,faceswap_faces_c23/425_485,ffpp_test:39,1,faceswap,jpeg40,0.05100727081298828,0.5127490536777428
fcg_official,external,1,official,377,faceswap_faces_c23/485_425,ffpp_test:39,1,faceswap,jpeg40,2.191619634628296,0.8994944229877857
fcg_official,external,1,official,378,neuraltextures_faces_c23/425_485,ffpp_test:39,1,neuraltextures,jpeg40,-0.43149298429489136,0.3937698771144953
fcg_official,external,1,official,379,neuraltextures_faces_c23/485_425,ffpp_test:39,1,neuraltextures,jpeg40,0.32227593660354614,0.5798788149811098
fcg_official,external,1,official,380,original_faces_c23/388,ffpp_test:26,0,real,jpeg40,-1.071360468864441,0.25514444671891734
fcg_official,external,1,official,381,original_faces_c23/308,ffpp_test:26,0,real,jpeg40,-1.1020485162734985,0.24935626096587038
fcg_official,external,1,official,382,deepfakes_faces_c23/388_308,ffpp_test:26,1,deepfakes,jpeg40,-0.8630530834197998,0.29670186396053366
fcg_official,external,1,official,383,deepfakes_faces_c23/308_388,ffpp_test:26,1,deepfakes,jpeg40,0.3456318974494934,0.5855579261881726
fcg_official,external,1,official,384,face2face_faces_c23/388_308,ffpp_test:26,1,face2face,jpeg40,-0.35970038175582886,0.4110320970037957
fcg_official,external,1,official,385,face2face_faces_c23/308_388,ffpp_test:26,1,face2face,jpeg40,-0.04162788391113281,0.48959453159845123
fcg_official,external,1,official,386,faceswap_faces_c23/388_308,ffpp_test:26,1,faceswap,jpeg40,0.02586418390274048,0.5064656855414374
fcg_official,external,1,official,387,faceswap_faces_c23/308_388,ffpp_test:26,1,faceswap,jpeg40,0.48583462834358215,0.6191246874916532
fcg_official,external,1,official,388,neuraltextures_faces_c23/388_308,ffpp_test:26,1,neuraltextures,jpeg40,-0.38890540599823,0.403980829672321
fcg_official,external,1,official,389,neuraltextures_faces_c23/308_388,ffpp_test:26,1,neuraltextures,jpeg40,-0.4409911036491394,0.3915048344491795
fcg_official,external,1,official,390,original_faces_c23/384,ffpp_test:32,0,real,jpeg40,-0.46067649126052856,0.38682535360449055
fcg_official,external,1,official,391,original_faces_c23/932,ffpp_test:32,0,real,jpeg40,-1.2455135583877563,0.22347772943307848
fcg_official,external,1,official,392,deepfakes_faces_c23/384_932,ffpp_test:32,1,deepfakes,jpeg40,2.4461686611175537,0.9202808205730251
fcg_official,external,1,official,393,deepfakes_faces_c23/932_384,ffpp_test:32,1,deepfakes,jpeg40,0.684352695941925,0.6647094806256595
fcg_official,external,1,official,394,face2face_faces_c23/384_932,ffpp_test:32,1,face2face,jpeg40,0.30007773637771606,0.5744615200053333
fcg_official,external,1,official,395,face2face_faces_c23/932_384,ffpp_test:32,1,face2face,jpeg40,-0.25368309020996094,0.4369171736583055
fcg_official,external,1,official,396,faceswap_faces_c23/384_932,ffpp_test:32,1,faceswap,jpeg40,2.582026481628418,0.9296958383508376
fcg_official,external,1,official,397,faceswap_faces_c23/932_384,ffpp_test:32,1,faceswap,jpeg40,0.6331368684768677,0.6532003969450344
fcg_official,external,1,official,398,neuraltextures_faces_c23/384_932,ffpp_test:32,1,neuraltextures,jpeg40,0.5697522759437561,0.638706012150996
fcg_official,external,1,official,399,neuraltextures_faces_c23/932_384,ffpp_test:32,1,neuraltextures,jpeg40,-0.4489094614982605,0.38962008261318326
fcg_official,external,1,official,400,original_faces_c23/035,ffpp_test:5,0,real,jpeg40,-0.8900601863861084,0.2910974072327367
fcg_official,external,1,official,401,original_faces_c23/036,ffpp_test:5,0,real,jpeg40,-1.1941014528274536,0.2325261968578563
fcg_official,external,1,official,402,deepfakes_faces_c23/035_036,ffpp_test:5,1,deepfakes,jpeg40,1.5063318014144897,0.8185169436300966
fcg_official,external,1,official,403,deepfakes_faces_c23/036_035,ffpp_test:5,1,deepfakes,jpeg40,1.8936147689819336,0.8691671350995098
fcg_official,external,1,official,404,face2face_faces_c23/035_036,ffpp_test:5,1,face2face,jpeg40,0.35061728954315186,0.5867672620154913
fcg_official,external,1,official,405,face2face_faces_c23/036_035,ffpp_test:5,1,face2face,jpeg40,0.4488908648490906,0.6103754947919272
fcg_official,external,1,official,406,faceswap_faces_c23/035_036,ffpp_test:5,1,faceswap,jpeg40,0.27404212951660156,0.5680849714713454
fcg_official,external,1,official,407,faceswap_faces_c23/036_035,ffpp_test:5,1,faceswap,jpeg40,0.4361356198787689,0.6073378420831452
fcg_official,external,1,official,408,neuraltextures_faces_c23/035_036,ffpp_test:5,1,neuraltextures,jpeg40,0.36554640531539917,0.5903823962089947
fcg_official,external,1,official,409,neuraltextures_faces_c23/036_035,ffpp_test:5,1,neuraltextures,jpeg40,0.3801126480102539,0.5939002719771466
fcg_official,external,1,official,410,original_faces_c23/257,ffpp_test:23,0,real,jpeg40,-0.03275579214096069,0.49181178407501014
fcg_official,external,1,official,411,original_faces_c23/420,ffpp_test:23,0,real,jpeg40,-0.3126940131187439,0.42245729739829474
fcg_official,external,1,official,412,deepfakes_faces_c23/257_420,ffpp_test:23,1,deepfakes,jpeg40,0.9809397459030151,0.7272946426677447
fcg_official,external,1,official,413,deepfakes_faces_c23/420_257,ffpp_test:23,1,deepfakes,jpeg40,0.42794156074523926,0.6053820251722294
fcg_official,external,1,official,414,face2face_faces_c23/257_420,ffpp_test:23,1,face2face,jpeg40,0.5113027691841125,0.625111824285695
fcg_official,external,1,official,415,face2face_faces_c23/420_257,ffpp_test:23,1,face2face,jpeg40,-0.047805726528167725,0.4880508439855865
fcg_official,external,1,official,416,faceswap_faces_c23/257_420,ffpp_test:23,1,faceswap,jpeg40,0.6476096510887146,0.656471601025744
fcg_official,external,1,official,417,faceswap_faces_c23/420_257,ffpp_test:23,1,faceswap,jpeg40,0.33759552240371704,0.5836063286002342
fcg_official,external,1,official,418,neuraltextures_faces_c23/257_420,ffpp_test:23,1,neuraltextures,jpeg40,0.2683790922164917,0.5666949312746528
fcg_official,external,1,official,419,neuraltextures_faces_c23/420_257,ffpp_test:23,1,neuraltextures,jpeg40,-0.284315288066864,0.429396144748816
fcg_official,external,1,official,420,original_faces_c23/924,ffpp_test:67,0,real,jpeg40,-1.2136799097061157,0.22905058107093298
fcg_official,external,1,official,421,original_faces_c23/917,ffpp_test:67,0,real,jpeg40,-1.0227597951889038,0.2644901746055353
fcg_official,external,1,official,422,deepfakes_faces_c23/924_917,ffpp_test:67,1,deepfakes,jpeg40,0.8266338109970093,0.6956426967695633
fcg_official,external,1,official,423,deepfakes_faces_c23/917_924,ffpp_test:67,1,deepfakes,jpeg40,1.2280950546264648,0.7734849903758623
fcg_official,external,1,official,424,face2face_faces_c23/924_917,ffpp_test:67,1,face2face,jpeg40,0.39755380153656006,0.5980997930217776
fcg_official,external,1,official,425,face2face_faces_c23/917_924,ffpp_test:67,1,face2face,jpeg40,0.3482293486595154,0.58618813482833
fcg_official,external,1,official,426,faceswap_faces_c23/924_917,ffpp_test:67,1,faceswap,jpeg40,0.2687585949897766,0.5667881164987575
fcg_official,external,1,official,427,faceswap_faces_c23/917_924,ffpp_test:67,1,faceswap,jpeg40,0.3672667145729065,0.5907983555773704
fcg_official,external,1,official,428,neuraltextures_faces_c23/924_917,ffpp_test:67,1,neuraltextures,jpeg40,0.4326688051223755,0.6065107740558389
fcg_official,external,1,official,429,neuraltextures_faces_c23/917_924,ffpp_test:67,1,neuraltextures,jpeg40,0.4455282688140869,0.609575515292351
fcg_official,external,1,official,430,original_faces_c23/114,ffpp_test:9,0,real,jpeg40,-0.5686649084091187,0.3615449473056829
fcg_official,external,1,official,431,original_faces_c23/102,ffpp_test:9,0,real,jpeg40,-1.4843090772628784,0.18477744069588825
fcg_official,external,1,official,432,deepfakes_faces_c23/114_102,ffpp_test:9,1,deepfakes,jpeg40,1.3070642948150635,0.7870214915328722
fcg_official,external,1,official,433,deepfakes_faces_c23/102_114,ffpp_test:9,1,deepfakes,jpeg40,0.8896850347518921,0.7088251705193601
fcg_official,external,1,official,434,face2face_faces_c23/114_102,ffpp_test:9,1,face2face,jpeg40,0.6759048700332642,0.6628240948340942
fcg_official,external,1,official,435,face2face_faces_c23/102_114,ffpp_test:9,1,face2face,jpeg40,-0.10483992099761963,0.47381400044392197
fcg_official,external,1,official,436,faceswap_faces_c23/114_102,ffpp_test:9,1,faceswap,jpeg40,0.2725030183792114,0.5677072888312279
fcg_official,external,1,official,437,faceswap_faces_c23/102_114,ffpp_test:9,1,faceswap,jpeg40,0.1337997317314148,0.5334001193577157
fcg_official,external,1,official,438,neuraltextures_faces_c23/114_102,ffpp_test:9,1,neuraltextures,jpeg40,0.2772448658943176,0.5688706370860103
fcg_official,external,1,official,439,neuraltextures_faces_c23/102_114,ffpp_test:9,1,neuraltextures,jpeg40,-0.3630179166793823,0.41022921022822023
fcg_official,external,1,official,440,original_faces_c23/732,ffpp_test:56,0,real,jpeg40,0.02567434310913086,0.5064182332212435
fcg_official,external,1,official,441,original_faces_c23/691,ffpp_test:56,0,real,jpeg40,-0.4076988101005554,0.39946403146407267
fcg_official,external,1,official,442,deepfakes_faces_c23/732_691,ffpp_test:56,1,deepfakes,jpeg40,1.6365097761154175,0.8370594624145222
fcg_official,external,1,official,443,deepfakes_faces_c23/691_732,ffpp_test:56,1,deepfakes,jpeg40,2.616847038269043,0.9319379875600929
fcg_official,external,1,official,444,face2face_faces_c23/732_691,ffpp_test:56,1,face2face,jpeg40,1.4557082653045654,0.8108753873603834
fcg_official,external,1,official,445,face2face_faces_c23/691_732,ffpp_test:56,1,face2face,jpeg40,0.1435719132423401,0.5358314502872853
fcg_official,external,1,official,446,faceswap_faces_c23/732_691,ffpp_test:56,1,faceswap,jpeg40,0.40182244777679443,0.5991254439164342
fcg_official,external,1,official,447,faceswap_faces_c23/691_732,ffpp_test:56,1,faceswap,jpeg40,2.2535524368286133,0.904956520824609
fcg_official,external,1,official,448,neuraltextures_faces_c23/732_691,ffpp_test:56,1,neuraltextures,jpeg40,0.6458830833435059,0.6560821261491206
fcg_official,external,1,official,449,neuraltextures_faces_c23/691_732,ffpp_test:56,1,neuraltextures,jpeg40,-0.015278518199920654,0.4961804447506219
fcg_official,external,1,official,450,original_faces_c23/550,ffpp_test:41,0,real,jpeg40,-1.0530518293380737,0.2586394965773471
fcg_official,external,1,official,451,original_faces_c23/452,ffpp_test:41,0,real,jpeg40,-0.4640078544616699,0.3860354811045732
fcg_official,external,1,official,452,deepfakes_faces_c23/550_452,ffpp_test:41,1,deepfakes,jpeg40,0.7286876440048218,0.6745172190524602
fcg_official,external,1,official,453,deepfakes_faces_c23/452_550,ffpp_test:41,1,deepfakes,jpeg40,1.8975085020065308,0.8696092772785874
fcg_official,external,1,official,454,face2face_faces_c23/550_452,ffpp_test:41,1,face2face,jpeg40,0.6935582756996155,0.6667580148820612
fcg_official,external,1,official,455,face2face_faces_c23/452_550,ffpp_test:41,1,face2face,jpeg40,0.531206488609314,0.6297644622943126
fcg_official,external,1,official,456,faceswap_faces_c23/550_452,ffpp_test:41,1,faceswap,jpeg40,0.9254725575447083,0.716155863538219
fcg_official,external,1,official,457,faceswap_faces_c23/452_550,ffpp_test:41,1,faceswap,jpeg40,1.196434736251831,0.7678899357923822
fcg_official,external,1,official,458,neuraltextures_faces_c23/550_452,ffpp_test:41,1,neuraltextures,jpeg40,0.5271855592727661,0.6288264494814726
fcg_official,external,1,official,459,neuraltextures_faces_c23/452_550,ffpp_test:41,1,neuraltextures,jpeg40,0.5807031989097595,0.6412291963387358
fcg_official,external,1,official,460,original_faces_c23/280,ffpp_test:22,0,real,jpeg40,-0.8492472767829895,0.2995907822336428
fcg_official,external,1,official,461,original_faces_c23/249,ffpp_test:22,0,real,jpeg40,-1.6246832609176636,0.1645600035619596
fcg_official,external,1,official,462,deepfakes_faces_c23/280_249,ffpp_test:22,1,deepfakes,jpeg40,-0.08340567350387573,0.47916066097316135
fcg_official,external,1,official,463,deepfakes_faces_c23/249_280,ffpp_test:22,1,deepfakes,jpeg40,1.9813376665115356,0.8788236859142884
fcg_official,external,1,official,464,face2face_faces_c23/280_249,ffpp_test:22,1,face2face,jpeg40,0.3054391145706177,0.5757716121474941
fcg_official,external,1,official,465,face2face_faces_c23/249_280,ffpp_test:22,1,face2face,jpeg40,0.6376049518585205,0.6542118562188427
fcg_official,external,1,official,466,faceswap_faces_c23/280_249,ffpp_test:22,1,faceswap,jpeg40,0.42033660411834717,0.6035637934675251
fcg_official,external,1,official,467,faceswap_faces_c23/249_280,ffpp_test:22,1,faceswap,jpeg40,1.2690850496292114,0.7805860832658013
fcg_official,external,1,official,468,neuraltextures_faces_c23/280_249,ffpp_test:22,1,neuraltextures,jpeg40,-0.19934481382369995,0.4503281774136601
fcg_official,external,1,official,469,neuraltextures_faces_c23/249_280,ffpp_test:22,1,neuraltextures,jpeg40,-0.8580574989318848,0.2977453495021624
fcg_official,external,1,official,470,original_faces_c23/842,ffpp_test:58,0,real,jpeg40,-1.1238726377487183,0.24529365577330325
fcg_official,external,1,official,471,original_faces_c23/714,ffpp_test:58,0,real,jpeg40,-1.037509560585022,0.26163081164271446
fcg_official,external,1,official,472,deepfakes_faces_c23/842_714,ffpp_test:58,1,deepfakes,jpeg40,2.1126739978790283,0.8921289351072563
fcg_official,external,1,official,473,deepfakes_faces_c23/714_842,ffpp_test:58,1,deepfakes,jpeg40,1.4695303440093994,0.8129859901393794
fcg_official,external,1,official,474,face2face_faces_c23/842_714,ffpp_test:58,1,face2face,jpeg40,0.6661081314086914,0.6606311577210149
fcg_official,external,1,official,475,face2face_faces_c23/714_842,ffpp_test:58,1,face2face,jpeg40,-0.07993310689926147,0.4800273564131973
fcg_official,external,1,official,476,faceswap_faces_c23/842_714,ffpp_test:58,1,faceswap,jpeg40,0.8589773178100586,0.7024469424512653
fcg_official,external,1,official,477,faceswap_faces_c23/714_842,ffpp_test:58,1,faceswap,jpeg40,0.43936043977737427,0.6081066258009672
fcg_official,external,1,official,478,neuraltextures_faces_c23/842_714,ffpp_test:58,1,neuraltextures,jpeg40,-0.517025887966156,0.3735479431219366
fcg_official,external,1,official,479,neuraltextures_faces_c23/714_842,ffpp_test:58,1,neuraltextures,jpeg40,-0.5599949359893799,0.3635486314335869
fcg_official,external,1,official,480,original_faces_c23/625,ffpp_test:52,0,real,jpeg40,-1.1798746585845947,0.23507473370470963
fcg_official,external,1,official,481,original_faces_c23/650,ffpp_test:52,0,real,jpeg40,-1.2768502235412598,0.2180868621940229
fcg_official,external,1,official,482,deepfakes_faces_c23/625_650,ffpp_test:52,1,deepfakes,jpeg40,1.1160272359848022,0.7532510661703904
fcg_official,external,1,official,483,deepfakes_faces_c23/650_625,ffpp_test:52,1,deepfakes,jpeg40,1.3934197425842285,0.8011376244187143
fcg_official,external,1,official,484,face2face_faces_c23/625_650,ffpp_test:52,1,face2face,jpeg40,0.4527322053909302,0.6112886435477987
fcg_official,external,1,official,485,face2face_faces_c23/650_625,ffpp_test:52,1,face2face,jpeg40,0.10908746719360352,0.5272448541703526
fcg_official,external,1,official,486,faceswap_faces_c23/625_650,ffpp_test:52,1,faceswap,jpeg40,0.4119293689727783,0.6015504149799336
fcg_official,external,1,official,487,faceswap_faces_c23/650_625,ffpp_test:52,1,faceswap,jpeg40,0.643902063369751,0.6556349939236451
fcg_official,external,1,official,488,neuraltextures_faces_c23/625_650,ffpp_test:52,1,neuraltextures,jpeg40,0.7481311559677124,0.6787713511318325
fcg_official,external,1,official,489,neuraltextures_faces_c23/650_625,ffpp_test:52,1,neuraltextures,jpeg40,-0.45573392510414124,0.38799834203243044
fcg_official,external,1,official,490,original_faces_c23/024,ffpp_test:3,0,real,jpeg40,-0.9480918645858765,0.27926872528204455
fcg_official,external,1,official,491,original_faces_c23/073,ffpp_test:3,0,real,jpeg40,-0.9027830362319946,0.2884789185054818
fcg_official,external,1,official,492,deepfakes_faces_c23/024_073,ffpp_test:3,1,deepfakes,jpeg40,1.3533766269683838,0.7946811171405259
fcg_official,external,1,official,493,deepfakes_faces_c23/073_024,ffpp_test:3,1,deepfakes,jpeg40,1.6620227098464966,0.8405093409575536
fcg_official,external,1,official,494,face2face_faces_c23/024_073,ffpp_test:3,1,face2face,jpeg40,-0.1906859278678894,0.4524724437774621
fcg_official,external,1,official,495,face2face_faces_c23/073_024,ffpp_test:3,1,face2face,jpeg40,0.26226556301116943,0.5651931355918584
fcg_official,external,1,official,496,faceswap_faces_c23/024_073,ffpp_test:3,1,faceswap,jpeg40,0.12007617950439453,0.5299830282000034
fcg_official,external,1,official,497,faceswap_faces_c23/073_024,ffpp_test:3,1,faceswap,jpeg40,1.0639461278915405,0.7434439329817223
fcg_official,external,1,official,498,neuraltextures_faces_c23/024_073,ffpp_test:3,1,neuraltextures,jpeg40,0.28934431076049805,0.5718356017770876
fcg_official,external,1,official,499,neuraltextures_faces_c23/073_024,ffpp_test:3,1,neuraltextures,jpeg40,-0.06419634819030762,0.48395642243472053
fcg_official,external,1,official,500,original_faces_c23/044,ffpp_test:6,0,real,jpeg40,-1.1231114864349365,0.24543459098165096
fcg_official,external,1,official,501,original_faces_c23/945,ffpp_test:6,0,real,jpeg40,-0.6212064027786255,0.349507123697
fcg_official,external,1,official,502,deepfakes_faces_c23/044_945,ffpp_test:6,1,deepfakes,jpeg40,2.4972503185272217,0.9239488321367767
fcg_official,external,1,official,503,deepfakes_faces_c23/945_044,ffpp_test:6,1,deepfakes,jpeg40,1.9818825721740723,0.8788817023658396
fcg_official,external,1,official,504,face2face_faces_c23/044_945,ffpp_test:6,1,face2face,jpeg40,0.472653329372406,0.6160115712946407
fcg_official,external,1,official,505,face2face_faces_c23/945_044,ffpp_test:6,1,face2face,jpeg40,0.014483749866485596,0.5036208741682261
fcg_official,external,1,official,506,faceswap_faces_c23/044_945,ffpp_test:6,1,faceswap,jpeg40,1.7079445123672485,0.8465694879404103
fcg_official,external,1,official,507,faceswap_faces_c23/945_044,ffpp_test:6,1,faceswap,jpeg40,1.3149704933166504,0.7883437106266341
fcg_official,external,1,official,508,neuraltextures_faces_c23/044_945,ffpp_test:6,1,neuraltextures,jpeg40,0.31843990087509155,0.5789439970560891
fcg_official,external,1,official,509,neuraltextures_faces_c23/945_044,ffpp_test:6,1,neuraltextures,jpeg40,-0.23558145761489868,0.4413755166459782
fcg_official,external,1,official,510,original_faces_c23/896,ffpp_test:10,0,real,jpeg40,-0.8714316487312317,0.2949564930262485
fcg_official,external,1,official,511,original_faces_c23/128,ffpp_test:10,0,real,jpeg40,-0.5893182754516602,0.3567912888560234
fcg_official,external,1,official,512,deepfakes_faces_c23/896_128,ffpp_test:10,1,deepfakes,jpeg40,0.2264081835746765,0.5563614907081675
fcg_official,external,1,official,513,deepfakes_faces_c23/128_896,ffpp_test:10,1,deepfakes,jpeg40,1.5166993141174316,0.8200519234867178
fcg_official,external,1,official,514,face2face_faces_c23/896_128,ffpp_test:10,1,face2face,jpeg40,-0.25082361698150635,0.43762078929608383
fcg_official,external,1,official,515,face2face_faces_c23/128_896,ffpp_test:10,1,face2face,jpeg40,0.21246474981307983,0.5529172743113412
fcg_official,external,1,official,516,faceswap_faces_c23/896_128,ffpp_test:10,1,faceswap,jpeg40,-0.022801697254180908,0.4942998226527624
fcg_official,external,1,official,517,faceswap_faces_c23/128_896,ffpp_test:10,1,faceswap,jpeg40,0.5701691508293152,0.6388022049037501
fcg_official,external,1,official,518,neuraltextures_faces_c23/896_128,ffpp_test:10,1,neuraltextures,jpeg40,0.22205901145935059,0.5552877518275541
fcg_official,external,1,official,519,neuraltextures_faces_c23/128_896,ffpp_test:10,1,neuraltextures,jpeg40,0.5734462738037109,0.6395580039572735
fcg_official,external,1,official,520,original_faces_c23/862,ffpp_test:7,0,real,jpeg40,-0.8464621305465698,0.30017553259588214
fcg_official,external,1,official,521,original_faces_c23/047,ffpp_test:7,0,real,jpeg40,-1.1612493991851807,0.23844033694321226
fcg_official,external,1,official,522,deepfakes_faces_c23/862_047,ffpp_test:7,1,deepfakes,jpeg40,1.5875046253204346,0.8302647316321834
fcg_official,external,1,official,523,deepfakes_faces_c23/047_862,ffpp_test:7,1,deepfakes,jpeg40,0.03147745132446289,0.507868713128797
fcg_official,external,1,official,524,face2face_faces_c23/862_047,ffpp_test:7,1,face2face,jpeg40,0.45345383882522583,0.6114601005821649
fcg_official,external,1,official,525,face2face_faces_c23/047_862,ffpp_test:7,1,face2face,jpeg40,0.13766008615493774,0.5343607764192684
fcg_official,external,1,official,526,faceswap_faces_c23/862_047,ffpp_test:7,1,faceswap,jpeg40,0.691340446472168,0.6662650493760242
fcg_official,external,1,official,527,faceswap_faces_c23/047_862,ffpp_test:7,1,faceswap,jpeg40,1.940850019454956,0.8744454973123276
fcg_official,external,1,official,528,neuraltextures_faces_c23/862_047,ffpp_test:7,1,neuraltextures,jpeg40,0.3954648971557617,0.5975975669087392
fcg_official,external,1,official,529,neuraltextures_faces_c23/047_862,ffpp_test:7,1,neuraltextures,jpeg40,-0.6157180666923523,0.3507559356304794
fcg_official,external,1,official,530,original_faces_c23/607,ffpp_test:49,0,real,jpeg40,-0.9499703645706177,0.27889078194043637
fcg_official,external,1,official,531,original_faces_c23/683,ffpp_test:49,0,real,jpeg40,-0.4689674377441406,0.38486066634587174
fcg_official,external,1,official,532,deepfakes_faces_c23/607_683,ffpp_test:49,1,deepfakes,jpeg40,2.162698984146118,0.8968495004138304
fcg_official,external,1,official,533,deepfakes_faces_c23/683_607,ffpp_test:49,1,deepfakes,jpeg40,3.1369597911834717,0.9583918152733739
fcg_official,external,1,official,534,face2face_faces_c23/607_683,ffpp_test:49,1,face2face,jpeg40,0.08219623565673828,0.5205374972265724
fcg_official,external,1,official,535,face2face_faces_c23/683_607,ffpp_test:49,1,face2face,jpeg40,0.9148256182670593,0.7139866176600006
fcg_official,external,1,official,536,faceswap_faces_c23/607_683,ffpp_test:49,1,faceswap,jpeg40,2.1452889442443848,0.8952277252207703
fcg_official,external,1,official,537,faceswap_faces_c23/683_607,ffpp_test:49,1,faceswap,jpeg40,2.500504970550537,0.9241772127099586
fcg_official,external,1,official,538,neuraltextures_faces_c23/607_683,ffpp_test:49,1,neuraltextures,jpeg40,0.000943601131439209,0.5002359002653564
fcg_official,external,1,official,539,neuraltextures_faces_c23/683_607,ffpp_test:49,1,neuraltextures,jpeg40,0.6225607395172119,0.6508007245338023
fcg_official,external,1,official,540,original_faces_c23/517,ffpp_test:45,0,real,jpeg40,-0.28361254930496216,0.429568334890073
fcg_official,external,1,official,541,original_faces_c23/521,ffpp_test:45,0,real,jpeg40,-1.2486445903778076,0.22293485490250003
fcg_official,external,1,official,542,deepfakes_faces_c23/517_521,ffpp_test:45,1,deepfakes,jpeg40,2.216374635696411,0.9017103516501486
fcg_official,external,1,official,543,deepfakes_faces_c23/521_517,ffpp_test:45,1,deepfakes,jpeg40,1.5268067121505737,0.8215386175781655
fcg_official,external,1,official,544,face2face_faces_c23/517_521,ffpp_test:45,1,face2face,jpeg40,0.3883383274078369,0.5958826215323466
fcg_official,external,1,official,545,face2face_faces_c23/521_517,ffpp_test:45,1,face2face,jpeg40,0.32760173082351685,0.5811757268446206
fcg_official,external,1,official,546,faceswap_faces_c23/517_521,ffpp_test:45,1,faceswap,jpeg40,1.9447400569915771,0.8748719650153669
fcg_official,external,1,official,547,faceswap_faces_c23/521_517,ffpp_test:45,1,faceswap,jpeg40,0.47939497232437134,0.6176049961196501
fcg_official,external,1,official,548,neuraltextures_faces_c23/517_521,ffpp_test:45,1,neuraltextures,jpeg40,0.4434598386287689,0.6090831315373488
fcg_official,external,1,official,549,neuraltextures_faces_c23/521_517,ffpp_test:45,1,neuraltextures,jpeg40,-0.18025553226470947,0.45505773995865056
fcg_official,external,1,official,550,original_faces_c23/682,ffpp_test:55,0,real,jpeg40,-1.169473648071289,0.23695013803573514
fcg_official,external,1,official,551,original_faces_c23/669,ffpp_test:55,0,real,jpeg40,-0.2984602451324463,0.4259339321390994
fcg_official,external,1,official,552,deepfakes_faces_c23/682_669,ffpp_test:55,1,deepfakes,jpeg40,1.0816874504089355,0.7468131848151242
fcg_official,external,1,official,553,deepfakes_faces_c23/669_682,ffpp_test:55,1,deepfakes,jpeg40,1.6389511823654175,0.8373921741027149
fcg_official,external,1,official,554,face2face_faces_c23/682_669,ffpp_test:55,1,face2face,jpeg40,-0.012190043926239014,0.49695252675550533
fcg_official,external,1,official,555,face2face_faces_c23/669_682,ffpp_test:55,1,face2face,jpeg40,1.5866097211837769,0.8301385798050253
fcg_official,external,1,official,556,faceswap_faces_c23/682_669,ffpp_test:55,1,faceswap,jpeg40,-0.1800844669342041,0.4551001610984027
fcg_official,external,1,official,557,faceswap_faces_c23/669_682,ffpp_test:55,1,faceswap,jpeg40,1.0591397285461426,0.7425261119899665
fcg_official,external,1,official,558,neuraltextures_faces_c23/682_669,ffpp_test:55,1,neuraltextures,jpeg40,-0.3791065812110901,0.4063423968734596
fcg_official,external,1,official,559,neuraltextures_faces_c23/669_682,ffpp_test:55,1,neuraltextures,jpeg40,0.7296021580696106,0.674717962838371
fcg_official,external,1,official,560,original_faces_c23/138,ffpp_test:12,0,real,jpeg40,-0.04407089948654175,0.4889840580414156
fcg_official,external,1,official,561,original_faces_c23/142,ffpp_test:12,0,real,jpeg40,-0.8321964740753174,0.3031808376878048
fcg_official,external,1,official,562,deepfakes_faces_c23/138_142,ffpp_test:12,1,deepfakes,jpeg40,1.7465835809707642,0.8515213733452233
fcg_official,external,1,official,563,deepfakes_faces_c23/142_138,ffpp_test:12,1,deepfakes,jpeg40,0.4177696704864502,0.6029494286155324
fcg_official,external,1,official,564,face2face_faces_c23/138_142,ffpp_test:12,1,face2face,jpeg40,1.5768141746520996,0.8287528541032357
fcg_official,external,1,official,565,face2face_faces_c23/142_138,ffpp_test:12,1,face2face,jpeg40,0.1012883186340332,0.525300452895275
fcg_official,external,1,official,566,faceswap_faces_c23/138_142,ffpp_test:12,1,faceswap,jpeg40,0.6042692065238953,0.6466324249285641
fcg_official,external,1,official,567,faceswap_faces_c23/142_138,ffpp_test:12,1,faceswap,jpeg40,1.285179615020752,0.783330171522709
fcg_official,external,1,official,568,neuraltextures_faces_c23/138_142,ffpp_test:12,1,neuraltextures,jpeg40,0.8269742727279663,0.6957147758652246
fcg_official,external,1,official,569,neuraltextures_faces_c23/142_138,ffpp_test:12,1,neuraltextures,jpeg40,-0.2348729372024536,0.44155021893408425
fcg_official,external,1,official,570,original_faces_c23/552,ffpp_test:47,0,real,jpeg40,-1.3670934438705444,0.2030898502187192
fcg_official,external,1,official,571,original_faces_c23/851,ffpp_test:47,0,real,jpeg40,-1.0203580856323242,0.264957655662298
fcg_official,external,1,official,572,deepfakes_faces_c23/552_851,ffpp_test:47,1,deepfakes,jpeg40,2.0407345294952393,0.8850080412882461
fcg_official,external,1,official,573,deepfakes_faces_c23/851_552,ffpp_test:47,1,deepfakes,jpeg40,0.5638638138771057,0.6373460800474172
fcg_official,external,1,official,574,face2face_faces_c23/552_851,ffpp_test:47,1,face2face,jpeg40,-0.7194632291793823,0.3275111944759697
fcg_official,external,1,official,575,face2face_faces_c23/851_552,ffpp_test:47,1,face2face,jpeg40,-0.04385793209075928,0.4890372741712054
fcg_official,external,1,official,576,faceswap_faces_c23/552_851,ffpp_test:47,1,faceswap,jpeg40,0.9623007774353027,0.723582222538021
fcg_official,external,1,official,577,faceswap_faces_c23/851_552,ffpp_test:47,1,faceswap,jpeg40,1.4357128143310547,0.807789878101049
fcg_official,external,1,official,578,neuraltextures_faces_c23/552_851,ffpp_test:47,1,neuraltextures,jpeg40,-0.83603835105896,0.3023698084988182
fcg_official,external,1,official,579,neuraltextures_faces_c23/851_552,ffpp_test:47,1,neuraltextures,jpeg40,-0.17898929119110107,0.45537176049304073
fcg_official,external,1,official,580,original_faces_c23/376,ffpp_test:31,0,real,jpeg40,-1.0421701669692993,0.26073147583579975
fcg_official,external,1,official,581,original_faces_c23/381,ffpp_test:31,0,real,jpeg40,-1.5959097146987915,0.16855406526797148
fcg_official,external,1,official,582,deepfakes_faces_c23/376_381,ffpp_test:31,1,deepfakes,jpeg40,0.37821900844573975,0.5934434777128633
fcg_official,external,1,official,583,deepfakes_faces_c23/381_376,ffpp_test:31,1,deepfakes,jpeg40,1.8865660429000854,0.8683634969319205
fcg_official,external,1,official,584,face2face_faces_c23/376_381,ffpp_test:31,1,face2face,jpeg40,0.14759331941604614,0.5368314933294427
fcg_official,external,1,official,585,face2face_faces_c23/381_376,ffpp_test:31,1,face2face,jpeg40,-0.37819135189056396,0.40656319495488724
fcg_official,external,1,official,586,faceswap_faces_c23/376_381,ffpp_test:31,1,faceswap,jpeg40,1.458823561668396,0.8113526756621415
fcg_official,external,1,official,587,faceswap_faces_c23/381_376,ffpp_test:31,1,faceswap,jpeg40,1.301345705986023,0.786061376040174
fcg_official,external,1,official,588,neuraltextures_faces_c23/376_381,ffpp_test:31,1,neuraltextures,jpeg40,0.24580037593841553,0.5611425618091447
fcg_official,external,1,official,589,neuraltextures_faces_c23/381_376,ffpp_test:31,1,neuraltextures,jpeg40,-0.4024953842163086,0.4007129449350356
fcg_official,external,1,official,590,original_faces_c23/000,ffpp_test:0,0,real,jpeg40,-1.1979484558105469,0.2318403758417497
fcg_official,external,1,official,591,original_faces_c23/003,ffpp_test:0,0,real,jpeg40,-0.980240523815155,0.27284406108362985
fcg_official,external,1,official,592,deepfakes_faces_c23/000_003,ffpp_test:0,1,deepfakes,jpeg40,1.3883198499679565,0.8003238812995727
fcg_official,external,1,official,593,deepfakes_faces_c23/003_000,ffpp_test:0,1,deepfakes,jpeg40,0.72015780210495,0.6726417652205777
fcg_official,external,1,official,594,face2face_faces_c23/000_003,ffpp_test:0,1,face2face,jpeg40,-0.3141854405403137,0.4220934504492799
fcg_official,external,1,official,595,face2face_faces_c23/003_000,ffpp_test:0,1,face2face,jpeg40,0.8478093147277832,0.7001073944237118
fcg_official,external,1,official,596,faceswap_faces_c23/000_003,ffpp_test:0,1,faceswap,jpeg40,1.0133339166641235,0.7336720950169708
fcg_official,external,1,official,597,faceswap_faces_c23/003_000,ffpp_test:0,1,faceswap,jpeg40,1.1717150211334229,0.7634548739437845
fcg_official,external,1,official,598,neuraltextures_faces_c23/000_003,ffpp_test:0,1,neuraltextures,jpeg40,-0.19654279947280884,0.4510218637137129
fcg_official,external,1,official,599,neuraltextures_faces_c23/003_000,ffpp_test:0,1,neuraltextures,jpeg40,-0.4643661379814148,0.3859505670473933
fcg_official,external,1,official,600,original_faces_c23/048,ffpp_test:4,0,real,jpeg40,-0.9087561368942261,0.2872544375344244
fcg_official,external,1,official,601,original_faces_c23/029,ffpp_test:4,0,real,jpeg40,-0.28242892026901245,0.42985839476280985
fcg_official,external,1,official,602,deepfakes_faces_c23/048_029,ffpp_test:4,1,deepfakes,jpeg40,2.2056894302368164,0.9007592614129301
fcg_official,external,1,official,603,deepfakes_faces_c23/029_048,ffpp_test:4,1,deepfakes,jpeg40,0.46837782859802246,0.6149997383823654
fcg_official,external,1,official,604,face2face_faces_c23/048_029,ffpp_test:4,1,face2face,jpeg40,0.1457066535949707,0.5363623537867391
fcg_official,external,1,official,605,face2face_faces_c23/029_048,ffpp_test:4,1,face2face,jpeg40,0.7178299427032471,0.6721289767857316
fcg_official,external,1,official,606,faceswap_faces_c23/048_029,ffpp_test:4,1,faceswap,jpeg40,0.6258331537246704,0.6515440430991712
fcg_official,external,1,official,607,faceswap_faces_c23/029_048,ffpp_test:4,1,faceswap,jpeg40,1.127517819404602,0.7553805306122972
fcg_official,external,1,official,608,neuraltextures_faces_c23/048_029,ffpp_test:4,1,neuraltextures,jpeg40,-0.0699385404586792,0.48252248842881035
fcg_official,external,1,official,609,neuraltextures_faces_c23/029_048,ffpp_test:4,1,neuraltextures,jpeg40,0.8908994197845459,0.7090757463581373
fcg_official,external,1,official,610,original_faces_c23/724,ffpp_test:59,0,real,jpeg40,-0.3906981348991394,0.4035492502418969
fcg_official,external,1,official,611,original_faces_c23/725,ffpp_test:59,0,real,jpeg40,-0.9042720794677734,0.28817337552149086
fcg_official,external,1,official,612,deepfakes_faces_c23/724_725,ffpp_test:59,1,deepfakes,jpeg40,1.9294178485870361,0.8731849705218377
fcg_official,external,1,official,613,deepfakes_faces_c23/725_724,ffpp_test:59,1,deepfakes,jpeg40,2.624384880065918,0.9324145557554814
fcg_official,external,1,official,614,face2face_faces_c23/724_725,ffpp_test:59,1,face2face,jpeg40,0.9891947507858276,0.7289288412145978
fcg_official,external,1,official,615,face2face_faces_c23/725_724,ffpp_test:59,1,face2face,jpeg40,0.54292893409729,0.6324934990236288
fcg_official,external,1,official,616,faceswap_faces_c23/724_725,ffpp_test:59,1,faceswap,jpeg40,2.334604501724243,0.9117027065369329
fcg_official,external,1,official,617,faceswap_faces_c23/725_724,ffpp_test:59,1,faceswap,jpeg40,1.1727991104125977,0.763650595365821
fcg_official,external,1,official,618,neuraltextures_faces_c23/724_725,ffpp_test:59,1,neuraltextures,jpeg40,0.4143010377883911,0.6021187372371521
fcg_official,external,1,official,619,neuraltextures_faces_c23/725_724,ffpp_test:59,1,neuraltextures,jpeg40,-0.10400170087814331,0.4740229852756495
fcg_official,external,1,official,620,original_faces_c23/608,ffpp_test:50,0,real,jpeg40,-0.46785348653793335,0.38512442022428295
fcg_official,external,1,official,621,original_faces_c23/675,ffpp_test:50,0,real,jpeg40,-1.201812982559204,0.23115285400698274
fcg_official,external,1,official,622,deepfakes_faces_c23/608_675,ffpp_test:50,1,deepfakes,jpeg40,2.204111099243164,0.9006180819549883
fcg_official,external,1,official,623,deepfakes_faces_c23/675_608,ffpp_test:50,1,deepfakes,jpeg40,1.1309001445770264,0.7560049793297511
fcg_official,external,1,official,624,face2face_faces_c23/608_675,ffpp_test:50,1,face2face,jpeg40,0.06793147325515747,0.5169763404437909
fcg_official,external,1,official,625,face2face_faces_c23/675_608,ffpp_test:50,1,face2face,jpeg40,0.7243909239768982,0.6735731946408263
fcg_official,external,1,official,626,faceswap_faces_c23/608_675,ffpp_test:50,1,faceswap,jpeg40,2.239915609359741,0.903777119588557
fcg_official,external,1,official,627,faceswap_faces_c23/675_608,ffpp_test:50,1,faceswap,jpeg40,0.5319037437438965,0.6299270204125972
fcg_official,external,1,official,628,neuraltextures_faces_c23/608_675,ffpp_test:50,1,neuraltextures,jpeg40,0.48503613471984863,0.618936377360024
fcg_official,external,1,official,629,neuraltextures_faces_c23/675_608,ffpp_test:50,1,neuraltextures,jpeg40,0.2894025444984436,0.5718498596452416
fcg_official,external,1,official,630,original_faces_c23/386,ffpp_test:14,0,real,jpeg40,-1.649959921836853,0.1611143663283658
fcg_official,external,1,official,631,original_faces_c23/154,ffpp_test:14,0,real,jpeg40,-1.144932508468628,0.2414158979171534
fcg_official,external,1,official,632,deepfakes_faces_c23/386_154,ffpp_test:14,1,deepfakes,jpeg40,1.723694086074829,0.8486040462827898
fcg_official,external,1,official,633,deepfakes_faces_c23/154_386,ffpp_test:14,1,deepfakes,jpeg40,2.251008987426758,0.9047375327548729
fcg_official,external,1,official,634,face2face_faces_c23/386_154,ffpp_test:14,1,face2face,jpeg40,0.27556663751602173,0.5684589926234364
fcg_official,external,1,official,635,face2face_faces_c23/154_386,ffpp_test:14,1,face2face,jpeg40,0.6496695876121521,0.6569360011347648
fcg_official,external,1,official,636,faceswap_faces_c23/386_154,ffpp_test:14,1,faceswap,jpeg40,0.3015121817588806,0.5748121405321999
fcg_official,external,1,official,637,faceswap_faces_c23/154_386,ffpp_test:14,1,faceswap,jpeg40,1.8143547773361206,0.8598873652957153
fcg_official,external,1,official,638,neuraltextures_faces_c23/386_154,ffpp_test:14,1,neuraltextures,jpeg40,-0.7973573207855225,0.31059109719585554
fcg_official,external,1,official,639,neuraltextures_faces_c23/154_386,ffpp_test:14,1,neuraltextures,jpeg40,-0.43723058700561523,0.39240106241592243
fcg_official,external,1,official,640,original_faces_c23/220,ffpp_test:20,0,real,jpeg40,-0.2555353045463562,0.436461544222876
fcg_official,external,1,official,641,original_faces_c23/219,ffpp_test:20,0,real,jpeg40,-0.44134318828582764,0.391420960953807
fcg_official,external,1,official,642,deepfakes_faces_c23/220_219,ffpp_test:20,1,deepfakes,jpeg40,1.301055669784546,0.7860125969275907
fcg_official,external,1,official,643,deepfakes_faces_c23/219_220,ffpp_test:20,1,deepfakes,jpeg40,2.061340808868408,0.8870885383658847
fcg_official,external,1,official,644,face2face_faces_c23/220_219,ffpp_test:20,1,face2face,jpeg40,0.8306975960731506,0.6965024126375665
fcg_official,external,1,official,645,face2face_faces_c23/219_220,ffpp_test:20,1,face2face,jpeg40,0.19813692569732666,0.54937281286136
fcg_official,external,1,official,646,faceswap_faces_c23/220_219,ffpp_test:20,1,faceswap,jpeg40,1.4518507719039917,0.810283106169625
fcg_official,external,1,official,647,faceswap_faces_c23/219_220,ffpp_test:20,1,faceswap,jpeg40,0.3681262135505676,0.5910061280912169
fcg_official,external,1,official,648,neuraltextures_faces_c23/220_219,ffpp_test:20,1,neuraltextures,jpeg40,0.31460434198379517,0.5780087290822682
fcg_official,external,1,official,649,neuraltextures_faces_c23/219_220,ffpp_test:20,1,neuraltextures,jpeg40,-0.05446124076843262,0.4863880540912221
fcg_official,external,1,official,650,original_faces_c23/801,ffpp_test:63,0,real,jpeg40,-0.686461329460144,0.33482072990021705
fcg_official,external,1,official,651,original_faces_c23/855,ffpp_test:63,0,real,jpeg40,-0.9379361867904663,0.2813174116774068
fcg_official,external,1,official,652,deepfakes_faces_c23/801_855,ffpp_test:63,1,deepfakes,jpeg40,1.33322274684906,0.7913732152513047
fcg_official,external,1,official,653,deepfakes_faces_c23/855_801,ffpp_test:63,1,deepfakes,jpeg40,2.3542375564575195,0.9132704622490954
fcg_official,external,1,official,654,face2face_faces_c23/801_855,ffpp_test:63,1,face2face,jpeg40,0.029718875885009766,0.5074291721850569
fcg_official,external,1,official,655,face2face_faces_c23/855_801,ffpp_test:63,1,face2face,jpeg40,0.4319480061531067,0.6063387382496255
fcg_official,external,1,official,656,faceswap_faces_c23/801_855,ffpp_test:63,1,faceswap,jpeg40,-0.30198603868484497,0.4250720514530542
fcg_official,external,1,official,657,faceswap_faces_c23/855_801,ffpp_test:63,1,faceswap,jpeg40,0.7689381837844849,0.683291156819766
fcg_official,external,1,official,658,neuraltextures_faces_c23/801_855,ffpp_test:63,1,neuraltextures,jpeg40,0.19514787197113037,0.5486327271009582
fcg_official,external,1,official,659,neuraltextures_faces_c23/855_801,ffpp_test:63,1,neuraltextures,jpeg40,0.22963553667068481,0.5571579313528093
fcg_official,external,1,official,660,original_faces_c23/161,ffpp_test:13,0,real,jpeg40,-1.1452430486679077,0.24135903193372898
fcg_official,external,1,official,661,original_faces_c23/141,ffpp_test:13,0,real,jpeg40,-0.7715466618537903,0.3161446272521173
fcg_official,external,1,official,662,deepfakes_faces_c23/161_141,ffpp_test:13,1,deepfakes,jpeg40,1.2375562191009521,0.7751383523956528
fcg_official,external,1,official,663,deepfakes_faces_c23/141_161,ffpp_test:13,1,deepfakes,jpeg40,1.6268982887268066,0.835744292261784
fcg_official,external,1,official,664,face2face_faces_c23/161_141,ffpp_test:13,1,face2face,jpeg40,0.3430910110473633,0.5849411705329033
fcg_official,external,1,official,665,face2face_faces_c23/141_161,ffpp_test:13,1,face2face,jpeg40,-0.2884792685508728,0.42837620800039333
fcg_official,external,1,official,666,faceswap_faces_c23/161_141,ffpp_test:13,1,faceswap,jpeg40,1.5585578680038452,0.8261463190257369
fcg_official,external,1,official,667,faceswap_faces_c23/141_161,ffpp_test:13,1,faceswap,jpeg40,1.5138449668884277,0.8196303318420062
fcg_official,external,1,official,668,neuraltextures_faces_c23/161_141,ffpp_test:13,1,neuraltextures,jpeg40,0.4579310417175293,0.61252324711129
fcg_official,external,1,official,669,neuraltextures_faces_c23/141_161,ffpp_test:13,1,neuraltextures,jpeg40,-0.11621671915054321,0.470978477373444
fcg_official,external,1,official,670,original_faces_c23/949,ffpp_test:66,0,real,jpeg40,-1.3870636224746704,0.1998769465873739
fcg_official,external,1,official,671,original_faces_c23/868,ffpp_test:66,0,real,jpeg40,-0.942083477973938,0.28047968192090356
fcg_official,external,1,official,672,deepfakes_faces_c23/949_868,ffpp_test:66,1,deepfakes,jpeg40,0.07060414552688599,0.517643707580733
fcg_official,external,1,official,673,deepfakes_faces_c23/868_949,ffpp_test:66,1,deepfakes,jpeg40,1.5217201709747314,0.8207916448590117
fcg_official,external,1,official,674,face2face_faces_c23/949_868,ffpp_test:66,1,face2face,jpeg40,-0.23148202896118164,0.4423865263267769
fcg_official,external,1,official,675,face2face_faces_c23/868_949,ffpp_test:66,1,face2face,jpeg40,-0.0722396969795227,0.48194792557931015
fcg_official,external,1,official,676,faceswap_faces_c23/949_868,ffpp_test:66,1,faceswap,jpeg40,-0.27582621574401855,0.43147733049955334
fcg_official,external,1,official,677,faceswap_faces_c23/868_949,ffpp_test:66,1,faceswap,jpeg40,-0.08285272121429443,0.47929866049718844
fcg_official,external,1,official,678,neuraltextures_faces_c23/949_868,ffpp_test:66,1,neuraltextures,jpeg40,-0.5127668380737305,0.3745451384124396
fcg_official,external,1,official,679,neuraltextures_faces_c23/868_949,ffpp_test:66,1,neuraltextures,jpeg40,-0.10762399435043335,0.47311994221086645
fcg_official,external,1,official,680,original_faces_c23/880,ffpp_test:11,0,real,jpeg40,-1.229494571685791,0.22626989974922157
fcg_official,external,1,official,681,original_faces_c23/135,ffpp_test:11,0,real,jpeg40,-0.5777859687805176,0.35944220117605574
fcg_official,external,1,official,682,deepfakes_faces_c23/880_135,ffpp_test:11,1,deepfakes,jpeg40,1.1012986898422241,0.7505033618594541
fcg_official,external,1,official,683,deepfakes_faces_c23/135_880,ffpp_test:11,1,deepfakes,jpeg40,2.3975977897644043,0.9166439394513392
fcg_official,external,1,official,684,face2face_faces_c23/880_135,ffpp_test:11,1,face2face,jpeg40,-0.49566972255706787,0.3785588383990051
fcg_official,external,1,official,685,face2face_faces_c23/135_880,ffpp_test:11,1,face2face,jpeg40,0.5361717939376831,0.6309214309299618
fcg_official,external,1,official,686,faceswap_faces_c23/880_135,ffpp_test:11,1,faceswap,jpeg40,1.8839714527130127,0.8680666300852552
fcg_official,external,1,official,687,faceswap_faces_c23/135_880,ffpp_test:11,1,faceswap,jpeg40,2.0155372619628906,0.882418763421855
fcg_official,external,1,official,688,neuraltextures_faces_c23/880_135,ffpp_test:11,1,neuraltextures,jpeg40,-0.2814421057701111,0.43010026013487707
fcg_official,external,1,official,689,neuraltextures_faces_c23/135_880,ffpp_test:11,1,neuraltextures,jpeg40,0.12916046380996704,0.5322453009257655
fcg_official,external,1,official,690,original_faces_c23/429,ffpp_test:35,0,real,jpeg40,-1.0476796627044678,0.2596709181357712
fcg_official,external,1,official,691,original_faces_c23/404,ffpp_test:35,0,real,jpeg40,-1.2863327264785767,0.21647418171386987
fcg_official,external,1,official,692,deepfakes_faces_c23/429_404,ffpp_test:35,1,deepfakes,jpeg40,2.285557746887207,0.9076738538135277
fcg_official,external,1,official,693,deepfakes_faces_c23/404_429,ffpp_test:35,1,deepfakes,jpeg40,2.037235975265503,0.884651517730636
fcg_official,external,1,official,694,face2face_faces_c23/429_404,ffpp_test:35,1,face2face,jpeg40,-0.1983546018600464,0.45057329930098455
fcg_official,external,1,official,695,face2face_faces_c23/404_429,ffpp_test:35,1,face2face,jpeg40,0.7078063488006592,0.6699162620226257
fcg_official,external,1,official,696,faceswap_faces_c23/429_404,ffpp_test:35,1,faceswap,jpeg40,-0.012317955493927002,0.4969205500640183
fcg_official,external,1,official,697,faceswap_faces_c23/404_429,ffpp_test:35,1,faceswap,jpeg40,0.9465738534927368,0.720425630575672
fcg_official,external,1,official,698,neuraltextures_faces_c23/429_404,ffpp_test:35,1,neuraltextures,jpeg40,-0.6701846122741699,0.33845550425296317
fcg_official,external,1,official,699,neuraltextures_faces_c23/404_429,ffpp_test:35,1,neuraltextures,jpeg40,0.37844812870025635,0.5934987559872021
fcg_official,external,1,official,0,original_faces_c23/953,ffpp_test:68,0,real,webp50,-1.2968809604644775,0.21469041418551899
fcg_official,external,1,official,1,original_faces_c23/974,ffpp_test:68,0,real,webp50,-1.1565202474594116,0.23930014920170886
fcg_official,external,1,official,2,deepfakes_faces_c23/953_974,ffpp_test:68,1,deepfakes,webp50,0.730270266532898,0.6748645779104434
fcg_official,external,1,official,3,deepfakes_faces_c23/974_953,ffpp_test:68,1,deepfakes,webp50,0.5340437889099121,0.6304257666695078
fcg_official,external,1,official,4,face2face_faces_c23/953_974,ffpp_test:68,1,face2face,webp50,1.2715845108032227,0.7810138693698847
fcg_official,external,1,official,5,face2face_faces_c23/974_953,ffpp_test:68,1,face2face,webp50,-0.033393681049346924,0.491652355454504
fcg_official,external,1,official,6,faceswap_faces_c23/953_974,ffpp_test:68,1,faceswap,webp50,0.14628320932388306,0.5365057273752176
fcg_official,external,1,official,7,faceswap_faces_c23/974_953,ffpp_test:68,1,faceswap,webp50,-0.5726056694984436,0.36063579786676947
fcg_official,external,1,official,8,neuraltextures_faces_c23/953_974,ffpp_test:68,1,neuraltextures,webp50,-0.17458444833755493,0.45646441119706416
fcg_official,external,1,official,9,neuraltextures_faces_c23/974_953,ffpp_test:68,1,neuraltextures,webp50,-0.20248371362686157,0.449551318800495
fcg_official,external,1,official,10,original_faces_c23/012,ffpp_test:1,0,real,webp50,-1.0375330448150635,0.26162627498149715
fcg_official,external,1,official,11,original_faces_c23/026,ffpp_test:1,0,real,webp50,-1.1304453611373901,0.2440789204499531
fcg_official,external,1,official,12,deepfakes_faces_c23/012_026,ffpp_test:1,1,deepfakes,webp50,0.5830987095832825,0.6417801072582024
fcg_official,external,1,official,13,deepfakes_faces_c23/026_012,ffpp_test:1,1,deepfakes,webp50,1.0001530647277832,0.7310886719176798
fcg_official,external,1,official,14,face2face_faces_c23/012_026,ffpp_test:1,1,face2face,webp50,0.1878928542137146,0.546835505576961
fcg_official,external,1,official,15,face2face_faces_c23/026_012,ffpp_test:1,1,face2face,webp50,-0.12005364894866943,0.4700225841881554
fcg_official,external,1,official,16,faceswap_faces_c23/012_026,ffpp_test:1,1,faceswap,webp50,0.6134424209594727,0.6487256643544448
fcg_official,external,1,official,17,faceswap_faces_c23/026_012,ffpp_test:1,1,faceswap,webp50,0.4239659905433655,0.6044318859918588
fcg_official,external,1,official,18,neuraltextures_faces_c23/012_026,ffpp_test:1,1,neuraltextures,webp50,0.6788397431373596,0.6634796909173412
fcg_official,external,1,official,19,neuraltextures_faces_c23/026_012,ffpp_test:1,1,neuraltextures,webp50,-0.44080570340156555,0.39154900301582857
fcg_official,external,1,official,20,original_faces_c23/078,ffpp_test:8,0,real,webp50,-1.5546932220458984,0.17440945440730793
fcg_official,external,1,official,21,original_faces_c23/955,ffpp_test:8,0,real,webp50,-0.8737139701843262,0.29448209015279725
fcg_official,external,1,official,22,deepfakes_faces_c23/078_955,ffpp_test:8,1,deepfakes,webp50,1.6590585708618164,0.8401115869133208
fcg_official,external,1,official,23,deepfakes_faces_c23/955_078,ffpp_test:8,1,deepfakes,webp50,0.7731021642684937,0.6841915718010012
fcg_official,external,1,official,24,face2face_faces_c23/078_955,ffpp_test:8,1,face2face,webp50,-0.38208138942718506,0.4056249894917327
fcg_official,external,1,official,25,face2face_faces_c23/955_078,ffpp_test:8,1,face2face,webp50,0.4843965768814087,0.6187855235274377
fcg_official,external,1,official,26,faceswap_faces_c23/078_955,ffpp_test:8,1,faceswap,webp50,1.1701542139053345,0.7631728894839681
fcg_official,external,1,official,27,faceswap_faces_c23/955_078,ffpp_test:8,1,faceswap,webp50,1.0288680791854858,0.7366963905322738
fcg_official,external,1,official,28,neuraltextures_faces_c23/078_955,ffpp_test:8,1,neuraltextures,webp50,-0.8961434960365295,0.28984365439685184
fcg_official,external,1,official,29,neuraltextures_faces_c23/955_078,ffpp_test:8,1,neuraltextures,webp50,0.0591282844543457,0.5147777659189604
fcg_official,external,1,official,30,original_faces_c23/623,ffpp_test:51,0,real,webp50,-1.2227476835250854,0.2274532708132002
fcg_official,external,1,official,31,original_faces_c23/630,ffpp_test:51,0,real,webp50,-0.6223336458206177,0.34925088635196033
fcg_official,external,1,official,32,deepfakes_faces_c23/623_630,ffpp_test:51,1,deepfakes,webp50,1.0654585361480713,0.7437322960220345
fcg_official,external,1,official,33,deepfakes_faces_c23/630_623,ffpp_test:51,1,deepfakes,webp50,1.2506195306777954,0.7774070864764233
fcg_official,external,1,official,34,face2face_faces_c23/623_630,ffpp_test:51,1,face2face,webp50,-0.5505930185317993,0.3657268351045797
fcg_official,external,1,official,35,face2face_faces_c23/630_623,ffpp_test:51,1,face2face,webp50,0.8500113487243652,0.700569523122483
fcg_official,external,1,official,36,faceswap_faces_c23/623_630,ffpp_test:51,1,faceswap,webp50,0.25786882638931274,0.5641123301464809
fcg_official,external,1,official,37,faceswap_faces_c23/630_623,ffpp_test:51,1,faceswap,webp50,1.0820932388305664,0.7468899049245561
fcg_official,external,1,official,38,neuraltextures_faces_c23/623_630,ffpp_test:51,1,neuraltextures,webp50,-0.6410818099975586,0.34500203572265875
fcg_official,external,1,official,39,neuraltextures_faces_c23/630_623,ffpp_test:51,1,neuraltextures,webp50,0.47716593742370605,0.6170784292123634
fcg_official,external,1,official,40,original_faces_c23/919,ffpp_test:2,0,real,webp50,-0.6341750025749207,0.34656447233005655
fcg_official,external,1,official,41,original_faces_c23/015,ffpp_test:2,0,real,webp50,-1.2574483156204224,0.22141346320638147
fcg_official,external,1,official,42,deepfakes_faces_c23/919_015,ffpp_test:2,1,deepfakes,webp50,1.80204176902771,0.8583972965938115
fcg_official,external,1,official,43,deepfakes_faces_c23/015_919,ffpp_test:2,1,deepfakes,webp50,-0.38742852210998535,0.4043364846164396
fcg_official,external,1,official,44,face2face_faces_c23/919_015,ffpp_test:2,1,face2face,webp50,0.4774906039237976,0.6171551426005879
fcg_official,external,1,official,45,face2face_faces_c23/015_919,ffpp_test:2,1,face2face,webp50,-0.9470276832580566,0.27948297156255764
fcg_official,external,1,official,46,faceswap_faces_c23/919_015,ffpp_test:2,1,faceswap,webp50,0.4182766079902649,0.6030707838353396
fcg_official,external,1,official,47,faceswap_faces_c23/015_919,ffpp_test:2,1,faceswap,webp50,0.06712722778320312,0.5167755081250711
fcg_official,external,1,official,48,neuraltextures_faces_c23/919_015,ffpp_test:2,1,neuraltextures,webp50,-0.2210853099822998,0.444952710119809
fcg_official,external,1,official,49,neuraltextures_faces_c23/015_919,ffpp_test:2,1,neuraltextures,webp50,-0.3331639766693115,0.417470978633049
fcg_official,external,1,official,50,original_faces_c23/367,ffpp_test:30,0,real,webp50,-0.6328070163726807,0.34687432810828356
fcg_official,external,1,official,51,original_faces_c23/371,ffpp_test:30,0,real,webp50,-0.8041584491729736,0.30913668972699104
fcg_official,external,1,official,52,deepfakes_faces_c23/367_371,ffpp_test:30,1,deepfakes,webp50,0.7130082845687866,0.671065539657697
fcg_official,external,1,official,53,deepfakes_faces_c23/371_367,ffpp_test:30,1,deepfakes,webp50,1.0369623899459839,0.73826347207629
fcg_official,external,1,official,54,face2face_faces_c23/367_371,ffpp_test:30,1,face2face,webp50,0.4677848219871521,0.6148593196345676
fcg_official,external,1,official,55,face2face_faces_c23/371_367,ffpp_test:30,1,face2face,webp50,-0.2536768913269043,0.4369186987115644
fcg_official,external,1,official,56,faceswap_faces_c23/367_371,ffpp_test:30,1,faceswap,webp50,0.7407572269439697,0.6771614187247507
fcg_official,external,1,official,57,faceswap_faces_c23/371_367,ffpp_test:30,1,faceswap,webp50,-0.12182486057281494,0.4695813965141963
fcg_official,external,1,official,58,neuraltextures_faces_c23/367_371,ffpp_test:30,1,neuraltextures,webp50,0.8077112436294556,0.6916215698650532
fcg_official,external,1,official,59,neuraltextures_faces_c23/371_367,ffpp_test:30,1,neuraltextures,webp50,-0.17026633024215698,0.45753595616327675
fcg_official,external,1,official,60,original_faces_c23/847,ffpp_test:65,0,real,webp50,-1.4434829950332642,0.1910065662132965
fcg_official,external,1,official,61,original_faces_c23/906,ffpp_test:65,0,real,webp50,-0.826843798160553,0.30431284574841555
fcg_official,external,1,official,62,deepfakes_faces_c23/847_906,ffpp_test:65,1,deepfakes,webp50,2.2496023178100586,0.9046162263320504
fcg_official,external,1,official,63,deepfakes_faces_c23/906_847,ffpp_test:65,1,deepfakes,webp50,2.247246503829956,0.9044127594008972
fcg_official,external,1,official,64,face2face_faces_c23/847_906,ffpp_test:65,1,face2face,webp50,-0.2797093987464905,0.4305250222690727
fcg_official,external,1,official,65,face2face_faces_c23/906_847,ffpp_test:65,1,face2face,webp50,0.41685354709625244,0.602730086707714
fcg_official,external,1,official,66,faceswap_faces_c23/847_906,ffpp_test:65,1,faceswap,webp50,1.0417346954345703,0.7391845780307962
fcg_official,external,1,official,67,faceswap_faces_c23/906_847,ffpp_test:65,1,faceswap,webp50,1.5958973169326782,0.8314441972574086
fcg_official,external,1,official,68,neuraltextures_faces_c23/847_906,ffpp_test:65,1,neuraltextures,webp50,-0.5649644732475281,0.36239955636672017
fcg_official,external,1,official,69,neuraltextures_faces_c23/906_847,ffpp_test:65,1,neuraltextures,webp50,0.09567689895629883,0.5239009949071449
fcg_official,external,1,official,70,original_faces_c23/529,ffpp_test:46,0,real,webp50,-0.9793614149093628,0.2730185112738267
fcg_official,external,1,official,71,original_faces_c23/633,ffpp_test:46,0,real,webp50,-0.3636200428009033,0.41008353898705246
fcg_official,external,1,official,72,deepfakes_faces_c23/529_633,ffpp_test:46,1,deepfakes,webp50,1.5891362428665161,0.8304945437837985
fcg_official,external,1,official,73,deepfakes_faces_c23/633_529,ffpp_test:46,1,deepfakes,webp50,1.8505443334579468,0.8641910013064041
fcg_official,external,1,official,74,face2face_faces_c23/529_633,ffpp_test:46,1,face2face,webp50,-0.25155144929885864,0.4374416714732043
fcg_official,external,1,official,75,face2face_faces_c23/633_529,ffpp_test:46,1,face2face,webp50,0.24356061220169067,0.5605909187224387
fcg_official,external,1,official,76,faceswap_faces_c23/529_633,ffpp_test:46,1,faceswap,webp50,1.79739248752594,0.8578312278064725
fcg_official,external,1,official,77,faceswap_faces_c23/633_529,ffpp_test:46,1,faceswap,webp50,1.6139122247695923,0.8339538391214016
fcg_official,external,1,official,78,neuraltextures_faces_c23/529_633,ffpp_test:46,1,neuraltextures,webp50,-0.5370910167694092,0.36886454500051
fcg_official,external,1,official,79,neuraltextures_faces_c23/633_529,ffpp_test:46,1,neuraltextures,webp50,-0.021004557609558105,0.4947490536522395
fcg_official,external,1,official,80,original_faces_c23/418,ffpp_test:36,0,real,webp50,-1.3455359935760498,0.20660114050319017
fcg_official,external,1,official,81,original_faces_c23/507,ffpp_test:36,0,real,webp50,-0.5751827359199524,0.3600417976912557
fcg_official,external,1,official,82,deepfakes_faces_c23/418_507,ffpp_test:36,1,deepfakes,webp50,0.905633270740509,0.7121057644087023
fcg_official,external,1,official,83,deepfakes_faces_c23/507_418,ffpp_test:36,1,deepfakes,webp50,1.0229613780975342,0.7355490384884521
fcg_official,external,1,official,84,face2face_faces_c23/418_507,ffpp_test:36,1,face2face,webp50,0.5076199173927307,0.624248362021122
fcg_official,external,1,official,85,face2face_faces_c23/507_418,ffpp_test:36,1,face2face,webp50,0.03932744264602661,0.509830593655374
fcg_official,external,1,official,86,faceswap_faces_c23/418_507,ffpp_test:36,1,faceswap,webp50,0.3825955390930176,0.5944989625601635
fcg_official,external,1,official,87,faceswap_faces_c23/507_418,ffpp_test:36,1,faceswap,webp50,0.3896358609199524,0.5961950371539849
fcg_official,external,1,official,88,neuraltextures_faces_c23/418_507,ffpp_test:36,1,neuraltextures,webp50,-0.6526979804039001,0.34238181141653073
fcg_official,external,1,official,89,neuraltextures_faces_c23/507_418,ffpp_test:36,1,neuraltextures,webp50,0.029476583003997803,0.507368612228864
fcg_official,external,1,official,90,original_faces_c23/227,ffpp_test:16,0,real,webp50,-0.7832549810409546,0.3136187874763425
fcg_official,external,1,official,91,original_faces_c23/169,ffpp_test:16,0,real,webp50,-0.3014989495277405,0.4251910934698893
fcg_official,external,1,official,92,deepfakes_faces_c23/227_169,ffpp_test:16,1,deepfakes,webp50,0.9221800565719604,0.7154860989325391
fcg_official,external,1,official,93,deepfakes_faces_c23/169_227,ffpp_test:16,1,deepfakes,webp50,0.7011120915412903,0.668434291044804
fcg_official,external,1,official,94,face2face_faces_c23/227_169,ffpp_test:16,1,face2face,webp50,-1.2252235412597656,0.22701851094188638
fcg_official,external,1,official,95,face2face_faces_c23/169_227,ffpp_test:16,1,face2face,webp50,0.09766244888305664,0.5243962244638128
fcg_official,external,1,official,96,faceswap_faces_c23/227_169,ffpp_test:16,1,faceswap,webp50,1.0651861429214478,0.7436803759060051
fcg_official,external,1,official,97,faceswap_faces_c23/169_227,ffpp_test:16,1,faceswap,webp50,0.757455587387085,0.6808010595448406
fcg_official,external,1,official,98,neuraltextures_faces_c23/227_169,ffpp_test:16,1,neuraltextures,webp50,-0.8996407985687256,0.2891243189724377
fcg_official,external,1,official,99,neuraltextures_faces_c23/169_227,ffpp_test:16,1,neuraltextures,webp50,0.12809395790100098,0.5319797742518599
fcg_official,external,1,official,100,original_faces_c23/389,ffpp_test:33,0,real,webp50,-0.8390726447105408,0.3017301316791332
fcg_official,external,1,official,101,original_faces_c23/480,ffpp_test:33,0,real,webp50,-0.4248150587081909,0.3953651249315066
fcg_official,external,1,official,102,deepfakes_faces_c23/389_480,ffpp_test:33,1,deepfakes,webp50,1.566184639930725,0.8272390181128143
fcg_official,external,1,official,103,deepfakes_faces_c23/480_389,ffpp_test:33,1,deepfakes,webp50,1.5840578079223633,0.8297784350765591
fcg_official,external,1,official,104,face2face_faces_c23/389_480,ffpp_test:33,1,face2face,webp50,-0.4433574080467224,0.3909412575458824
fcg_official,external,1,official,105,face2face_faces_c23/480_389,ffpp_test:33,1,face2face,webp50,0.5727871656417847,0.6394060500232314
fcg_official,external,1,official,106,faceswap_faces_c23/389_480,ffpp_test:33,1,faceswap,webp50,1.1059000492095947,0.7513639640039292
fcg_official,external,1,official,107,faceswap_faces_c23/480_389,ffpp_test:33,1,faceswap,webp50,0.8303265571594238,0.6964239741901898
fcg_official,external,1,official,108,neuraltextures_faces_c23/389_480,ffpp_test:33,1,neuraltextures,webp50,-0.003921449184417725,0.49901963896020857
fcg_official,external,1,official,109,neuraltextures_faces_c23/480_389,ffpp_test:33,1,neuraltextures,webp50,0.28856152296066284,0.571643933520926
fcg_official,external,1,official,110,original_faces_c23/821,ffpp_test:64,0,real,webp50,-0.35656678676605225,0.4117909033713948
fcg_official,external,1,official,111,original_faces_c23/812,ffpp_test:64,0,real,webp50,-0.6994098424911499,0.33194308633367703
fcg_official,external,1,official,112,deepfakes_faces_c23/821_812,ffpp_test:64,1,deepfakes,webp50,1.084389328956604,0.747323724028509
fcg_official,external,1,official,113,deepfakes_faces_c23/812_821,ffpp_test:64,1,deepfakes,webp50,0.5218867063522339,0.6275888354210997
fcg_official,external,1,official,114,face2face_faces_c23/821_812,ffpp_test:64,1,face2face,webp50,0.44360584020614624,0.6091178940863032
fcg_official,external,1,official,115,face2face_faces_c23/812_821,ffpp_test:64,1,face2face,webp50,0.34670984745025635,0.5858194987738241
fcg_official,external,1,official,116,faceswap_faces_c23/821_812,ffpp_test:64,1,faceswap,webp50,1.1559346914291382,0.7605932424909563
fcg_official,external,1,official,117,faceswap_faces_c23/812_821,ffpp_test:64,1,faceswap,webp50,-0.10670065879821777,0.4733501146507216
fcg_official,external,1,official,118,neuraltextures_faces_c23/821_812,ffpp_test:64,1,neuraltextures,webp50,0.15007638931274414,0.5374488355967115
fcg_official,external,1,official,119,neuraltextures_faces_c23/812_821,ffpp_test:64,1,neuraltextures,webp50,-0.15561240911483765,0.4611752120246936
fcg_official,external,1,official,120,original_faces_c23/670,ffpp_test:54,0,real,webp50,-1.2603060007095337,0.2209212203997515
fcg_official,external,1,official,121,original_faces_c23/661,ffpp_test:54,0,real,webp50,-1.0236241817474365,0.26432205529556513
fcg_official,external,1,official,122,deepfakes_faces_c23/670_661,ffpp_test:54,1,deepfakes,webp50,2.4891066551208496,0.9233746188868179
fcg_official,external,1,official,123,deepfakes_faces_c23/661_670,ffpp_test:54,1,deepfakes,webp50,1.4605224132537842,0.8116125635275618
fcg_official,external,1,official,124,face2face_faces_c23/670_661,ffpp_test:54,1,face2face,webp50,0.5422461032867432,0.63233476373837
fcg_official,external,1,official,125,face2face_faces_c23/661_670,ffpp_test:54,1,face2face,webp50,-0.2836869955062866,0.429550092734675
fcg_official,external,1,official,126,faceswap_faces_c23/670_661,ffpp_test:54,1,faceswap,webp50,1.5197880268096924,0.8205072643421664
fcg_official,external,1,official,127,faceswap_faces_c23/661_670,ffpp_test:54,1,faceswap,webp50,0.3245519995689392,0.5804332069851035
fcg_official,external,1,official,128,neuraltextures_faces_c23/670_661,ffpp_test:54,1,neuraltextures,webp50,0.26012760400772095,0.5646676594357698
fcg_official,external,1,official,129,neuraltextures_faces_c23/661_670,ffpp_test:54,1,neuraltextures,webp50,-0.3619370460510254,0.4104907427220178
fcg_official,external,1,official,130,original_faces_c23/158,ffpp_test:15,0,real,webp50,-1.3622705936431885,0.2038715191395747
fcg_official,external,1,official,131,original_faces_c23/379,ffpp_test:15,0,real,webp50,-1.1246490478515625,0.24514995152853342
fcg_official,external,1,official,132,deepfakes_faces_c23/158_379,ffpp_test:15,1,deepfakes,webp50,-0.454683780670166,0.38824773404918456
fcg_official,external,1,official,133,deepfakes_faces_c23/379_158,ffpp_test:15,1,deepfakes,webp50,0.23929983377456665,0.5595410971002168
fcg_official,external,1,official,134,face2face_faces_c23/158_379,ffpp_test:15,1,face2face,webp50,0.014066100120544434,0.503516467051061
fcg_official,external,1,official,135,face2face_faces_c23/379_158,ffpp_test:15,1,face2face,webp50,-0.5747348070144653,0.3601450122214976
fcg_official,external,1,official,136,faceswap_faces_c23/158_379,ffpp_test:15,1,faceswap,webp50,-0.5713481307029724,0.3609258089561685
fcg_official,external,1,official,137,faceswap_faces_c23/379_158,ffpp_test:15,1,faceswap,webp50,-0.16700905561447144,0.4583445124410477
fcg_official,external,1,official,138,neuraltextures_faces_c23/158_379,ffpp_test:15,1,neuraltextures,webp50,-0.08463025093078613,0.4788550562605662
fcg_official,external,1,official,139,neuraltextures_faces_c23/379_158,ffpp_test:15,1,neuraltextures,webp50,-0.24739962816238403,0.4384636423901721
fcg_official,external,1,official,140,original_faces_c23/423,ffpp_test:37,0,real,webp50,-0.5851554870605469,0.357747180902385
fcg_official,external,1,official,141,original_faces_c23/421,ffpp_test:37,0,real,webp50,-0.7084572315216064,0.3299398252023066
fcg_official,external,1,official,142,deepfakes_faces_c23/423_421,ffpp_test:37,1,deepfakes,webp50,0.4988565444946289,0.6221905773098912
fcg_official,external,1,official,143,deepfakes_faces_c23/421_423,ffpp_test:37,1,deepfakes,webp50,1.4086103439331055,0.8035466658634538
fcg_official,external,1,official,144,face2face_faces_c23/423_421,ffpp_test:37,1,face2face,webp50,0.44255274534225464,0.6088671304780965
fcg_official,external,1,official,145,face2face_faces_c23/421_423,ffpp_test:37,1,face2face,webp50,1.1034120321273804,0.7508988715847126
fcg_official,external,1,official,146,faceswap_faces_c23/423_421,ffpp_test:37,1,faceswap,webp50,0.46456602215766907,0.6140968029685534
fcg_official,external,1,official,147,faceswap_faces_c23/421_423,ffpp_test:37,1,faceswap,webp50,0.27847278118133545,0.5691717661998641
fcg_official,external,1,official,148,neuraltextures_faces_c23/423_421,ffpp_test:37,1,neuraltextures,webp50,-0.0002320408821105957,0.49994198977973264
fcg_official,external,1,official,149,neuraltextures_faces_c23/421_423,ffpp_test:37,1,neuraltextures,webp50,-0.07088804244995117,0.4822854069212725
fcg_official,external,1,official,150,original_faces_c23/352,ffpp_test:28,0,real,webp50,-1.0188443660736084,0.26525256512982526
fcg_official,external,1,official,151,original_faces_c23/319,ffpp_test:28,0,real,webp50,-1.1572380065917969,0.23916951594581456
fcg_official,external,1,official,152,deepfakes_faces_c23/352_319,ffpp_test:28,1,deepfakes,webp50,0.7271907329559326,0.6741884957887432
fcg_official,external,1,official,153,deepfakes_faces_c23/319_352,ffpp_test:28,1,deepfakes,webp50,1.148289680480957,0.7591983814624165
fcg_official,external,1,official,154,face2face_faces_c23/352_319,ffpp_test:28,1,face2face,webp50,0.06456315517425537,0.5161351843563526
fcg_official,external,1,official,155,face2face_faces_c23/319_352,ffpp_test:28,1,face2face,webp50,-0.3281470537185669,0.4186915417149957
fcg_official,external,1,official,156,faceswap_faces_c23/352_319,ffpp_test:28,1,faceswap,webp50,0.8395707607269287,0.6983748055498727
fcg_official,external,1,official,157,faceswap_faces_c23/319_352,ffpp_test:28,1,faceswap,webp50,-0.11521488428115845,0.47122809953342754
fcg_official,external,1,official,158,neuraltextures_faces_c23/352_319,ffpp_test:28,1,neuraltextures,webp50,0.0944402813911438,0.5235925378654177
fcg_official,external,1,official,159,neuraltextures_faces_c23/319_352,ffpp_test:28,1,neuraltextures,webp50,-0.36074304580688477,0.4107797074124777
fcg_official,external,1,official,160,original_faces_c23/579,ffpp_test:48,0,real,webp50,-0.8811668157577515,0.29293604437772186
fcg_official,external,1,official,161,original_faces_c23/701,ffpp_test:48,0,real,webp50,-1.4259488582611084,0.1937306839393458
fcg_official,external,1,official,162,deepfakes_faces_c23/579_701,ffpp_test:48,1,deepfakes,webp50,0.17107826471328735,0.5426655564194864
fcg_official,external,1,official,163,deepfakes_faces_c23/701_579,ffpp_test:48,1,deepfakes,webp50,-0.48954206705093384,0.38000145088895926
fcg_official,external,1,official,164,face2face_faces_c23/579_701,ffpp_test:48,1,face2face,webp50,0.18806779384613037,0.5468788563883826
fcg_official,external,1,official,165,face2face_faces_c23/701_579,ffpp_test:48,1,face2face,webp50,-0.569762647151947,0.36129159458578447
fcg_official,external,1,official,166,faceswap_faces_c23/579_701,ffpp_test:48,1,faceswap,webp50,-0.19449090957641602,0.4515299648804094
fcg_official,external,1,official,167,faceswap_faces_c23/701_579,ffpp_test:48,1,faceswap,webp50,-0.41086381673812866,0.39870501220030347
fcg_official,external,1,official,168,neuraltextures_faces_c23/579_701,ffpp_test:48,1,neuraltextures,webp50,-0.4408254623413086,0.3915442956880963
fcg_official,external,1,official,169,neuraltextures_faces_c23/701_579,ffpp_test:48,1,neuraltextures,webp50,-0.8939946889877319,0.29028615226925986
fcg_official,external,1,official,170,original_faces_c23/488,ffpp_test:34,0,real,webp50,-0.10688012838363647,0.47330537493071095
fcg_official,external,1,official,171,original_faces_c23/399,ffpp_test:34,0,real,webp50,-1.1579551696777344,0.2390390400138318
fcg_official,external,1,official,172,deepfakes_faces_c23/488_399,ffpp_test:34,1,deepfakes,webp50,1.7583703994750977,0.8530054467463047
fcg_official,external,1,official,173,deepfakes_faces_c23/399_488,ffpp_test:34,1,deepfakes,webp50,1.0031986236572266,0.7316870012272371
fcg_official,external,1,official,174,face2face_faces_c23/488_399,ffpp_test:34,1,face2face,webp50,1.1063419580459595,0.751446510544139
fcg_official,external,1,official,175,face2face_faces_c23/399_488,ffpp_test:34,1,face2face,webp50,0.24916213750839233,0.5619702636380278
fcg_official,external,1,official,176,faceswap_faces_c23/488_399,ffpp_test:34,1,faceswap,webp50,1.2167972326278687,0.7714994307943706
fcg_official,external,1,official,177,faceswap_faces_c23/399_488,ffpp_test:34,1,faceswap,webp50,0.8887235522270203,0.708626688335474
fcg_official,external,1,official,178,neuraltextures_faces_c23/488_399,ffpp_test:34,1,neuraltextures,webp50,0.4984366297721863,0.6220918631181205
fcg_official,external,1,official,179,neuraltextures_faces_c23/399_488,ffpp_test:34,1,neuraltextures,webp50,-0.6612294912338257,0.3404634775019997
fcg_official,external,1,official,180,original_faces_c23/695,ffpp_test:38,0,real,webp50,-1.0058538913726807,0.26779203440390353
fcg_official,external,1,official,181,original_faces_c23/422,ffpp_test:38,0,real,webp50,-1.1146799325942993,0.2469994343232448
fcg_official,external,1,official,182,deepfakes_faces_c23/695_422,ffpp_test:38,1,deepfakes,webp50,1.5429693460464478,0.8238959662380811
fcg_official,external,1,official,183,deepfakes_faces_c23/422_695,ffpp_test:38,1,deepfakes,webp50,0.5314030647277832,0.6298102950456284
fcg_official,external,1,official,184,face2face_faces_c23/695_422,ffpp_test:38,1,face2face,webp50,0.20747679471969604,0.5516839300161167
fcg_official,external,1,official,185,face2face_faces_c23/422_695,ffpp_test:38,1,face2face,webp50,0.0345766544342041,0.5086433025042617
fcg_official,external,1,official,186,faceswap_faces_c23/695_422,ffpp_test:38,1,faceswap,webp50,0.636948823928833,0.6540634127947413
fcg_official,external,1,official,187,faceswap_faces_c23/422_695,ffpp_test:38,1,faceswap,webp50,0.2164255976676941,0.553896188501098
fcg_official,external,1,official,188,neuraltextures_faces_c23/695_422,ffpp_test:38,1,neuraltextures,webp50,-0.3801668882369995,0.4060866462830378
fcg_official,external,1,official,189,neuraltextures_faces_c23/422_695,ffpp_test:38,1,neuraltextures,webp50,-0.6027804613113403,0.35370782597582234
fcg_official,external,1,official,190,original_faces_c23/288,ffpp_test:25,0,real,webp50,-0.41343623399734497,0.39808846361770206
fcg_official,external,1,official,191,original_faces_c23/321,ffpp_test:25,0,real,webp50,-0.9782602190971375,0.2732371305841148
fcg_official,external,1,official,192,deepfakes_faces_c23/288_321,ffpp_test:25,1,deepfakes,webp50,1.721191167831421,0.8482822026641749
fcg_official,external,1,official,193,deepfakes_faces_c23/321_288,ffpp_test:25,1,deepfakes,webp50,1.0155527591705322,0.7341054261152764
fcg_official,external,1,official,194,face2face_faces_c23/288_321,ffpp_test:25,1,face2face,webp50,0.5548031330108643,0.635249234951166
fcg_official,external,1,official,195,face2face_faces_c23/321_288,ffpp_test:25,1,face2face,webp50,0.3846609592437744,0.5949967759443108
fcg_official,external,1,official,196,faceswap_faces_c23/288_321,ffpp_test:25,1,faceswap,webp50,2.028510093688965,0.8837581077717841
fcg_official,external,1,official,197,faceswap_faces_c23/321_288,ffpp_test:25,1,faceswap,webp50,1.3810373544692993,0.7991575522500427
fcg_official,external,1,official,198,neuraltextures_faces_c23/288_321,ffpp_test:25,1,neuraltextures,webp50,0.14675122499465942,0.5366221055928669
fcg_official,external,1,official,199,neuraltextures_faces_c23/321_288,ffpp_test:25,1,neuraltextures,webp50,-0.11934828758239746,0.4701982943680257
fcg_official,external,1,official,200,original_faces_c23/705,ffpp_test:57,0,real,webp50,-1.2452120780944824,0.22353005130804812
fcg_official,external,1,official,201,original_faces_c23/707,ffpp_test:57,0,real,webp50,-0.8896520137786865,0.29118164479392705
fcg_official,external,1,official,202,deepfakes_faces_c23/705_707,ffpp_test:57,1,deepfakes,webp50,0.6815842390060425,0.6640921913654548
fcg_official,external,1,official,203,deepfakes_faces_c23/707_705,ffpp_test:57,1,deepfakes,webp50,0.2757534384727478,0.5685048168088219
fcg_official,external,1,official,204,face2face_faces_c23/705_707,ffpp_test:57,1,face2face,webp50,-0.2895030379295349,0.42812553596218367
fcg_official,external,1,official,205,face2face_faces_c23/707_705,ffpp_test:57,1,face2face,webp50,0.48502469062805176,0.6189336782199426
fcg_official,external,1,official,206,faceswap_faces_c23/705_707,ffpp_test:57,1,faceswap,webp50,0.049700379371643066,0.5124225378435981
fcg_official,external,1,official,207,faceswap_faces_c23/707_705,ffpp_test:57,1,faceswap,webp50,-0.19868457317352295,0.4504916139250991
fcg_official,external,1,official,208,neuraltextures_faces_c23/705_707,ffpp_test:57,1,neuraltextures,webp50,-0.04595315456390381,0.4885137325765376
fcg_official,external,1,official,209,neuraltextures_faces_c23/707_705,ffpp_test:57,1,neuraltextures,webp50,0.08641529083251953,0.5215903886766879
fcg_official,external,1,official,210,original_faces_c23/306,ffpp_test:24,0,real,webp50,-0.47259247303009033,0.3840028238462424
fcg_official,external,1,official,211,original_faces_c23/278,ffpp_test:24,0,real,webp50,-0.5417736768722534,0.3677750763675265
fcg_official,external,1,official,212,deepfakes_faces_c23/306_278,ffpp_test:24,1,deepfakes,webp50,0.6760076284408569,0.6628470597531122
fcg_official,external,1,official,213,deepfakes_faces_c23/278_306,ffpp_test:24,1,deepfakes,webp50,0.6371499300003052,0.6541089145424407
fcg_official,external,1,official,214,face2face_faces_c23/306_278,ffpp_test:24,1,face2face,webp50,0.10332804918289185,0.5258090534513882
fcg_official,external,1,official,215,face2face_faces_c23/278_306,ffpp_test:24,1,face2face,webp50,0.3065846562385559,0.5760513963077458
fcg_official,external,1,official,216,faceswap_faces_c23/306_278,ffpp_test:24,1,faceswap,webp50,0.8414207696914673,0.6987643621193127
fcg_official,external,1,official,217,faceswap_faces_c23/278_306,ffpp_test:24,1,faceswap,webp50,0.23710715770721436,0.5590006310882886
fcg_official,external,1,official,218,neuraltextures_faces_c23/306_278,ffpp_test:24,1,neuraltextures,webp50,0.2791995406150818,0.5693499697419256
fcg_official,external,1,official,219,neuraltextures_faces_c23/278_306,ffpp_test:24,1,neuraltextures,webp50,0.07468903064727783,0.5186635823112885
fcg_official,external,1,official,220,original_faces_c23/865,ffpp_test:61,0,real,webp50,-1.217090368270874,0.22844889700483936
fcg_official,external,1,official,221,original_faces_c23/739,ffpp_test:61,0,real,webp50,-1.015728235244751,0.26586032330102577
fcg_official,external,1,official,222,deepfakes_faces_c23/865_739,ffpp_test:61,1,deepfakes,webp50,2.3996198177337646,0.9167983081131655
fcg_official,external,1,official,223,deepfakes_faces_c23/739_865,ffpp_test:61,1,deepfakes,webp50,2.514289379119873,0.9251375070363806
fcg_official,external,1,official,224,face2face_faces_c23/865_739,ffpp_test:61,1,face2face,webp50,-0.5174837112426758,0.3734408141570237
fcg_official,external,1,official,225,face2face_faces_c23/739_865,ffpp_test:61,1,face2face,webp50,0.28960859775543213,0.5719003084826062
fcg_official,external,1,official,226,faceswap_faces_c23/865_739,ffpp_test:61,1,faceswap,webp50,2.3716466426849365,0.9146395084816089
fcg_official,external,1,official,227,faceswap_faces_c23/739_865,ffpp_test:61,1,faceswap,webp50,1.2485721111297607,0.777052588909682
fcg_official,external,1,official,228,neuraltextures_faces_c23/865_739,ffpp_test:61,1,neuraltextures,webp50,-0.8538467884063721,0.2986265289773817
fcg_official,external,1,official,229,neuraltextures_faces_c23/739_865,ffpp_test:61,1,neuraltextures,webp50,-0.43625080585479736,0.3926346888676262
fcg_official,external,1,official,230,original_faces_c23/995,ffpp_test:21,0,real,webp50,-0.639450192451477,0.34537083471378716
fcg_official,external,1,official,231,original_faces_c23/233,ffpp_test:21,0,real,webp50,-0.9692707061767578,0.27502588980175946
fcg_official,external,1,official,232,deepfakes_faces_c23/995_233,ffpp_test:21,1,deepfakes,webp50,0.41339558362960815,0.601901795943157
fcg_official,external,1,official,233,deepfakes_faces_c23/233_995,ffpp_test:21,1,deepfakes,webp50,1.7189080715179443,0.8479881355903235
fcg_official,external,1,official,234,face2face_faces_c23/995_233,ffpp_test:21,1,face2face,webp50,0.20560228824615479,0.5512202658481954
fcg_official,external,1,official,235,face2face_faces_c23/233_995,ffpp_test:21,1,face2face,webp50,-1.1460611820220947,0.24120925944955848
fcg_official,external,1,official,236,faceswap_faces_c23/995_233,ffpp_test:21,1,faceswap,webp50,0.6329166889190674,0.6531505180671355
fcg_official,external,1,official,237,faceswap_faces_c23/233_995,ffpp_test:21,1,faceswap,webp50,0.5529624223709106,0.6348226221378646
fcg_official,external,1,official,238,neuraltextures_faces_c23/995_233,ffpp_test:21,1,neuraltextures,webp50,0.24896830320358276,0.561922548873339
fcg_official,external,1,official,239,neuraltextures_faces_c23/233_995,ffpp_test:21,1,neuraltextures,webp50,-0.9534434676170349,0.27819284038344755
fcg_official,external,1,official,240,original_faces_c23/755,ffpp_test:62,0,real,webp50,-0.8393081426620483,0.3016805171540972
fcg_official,external,1,official,241,original_faces_c23/759,ffpp_test:62,0,real,webp50,-0.16600829362869263,0.4585929767727188
fcg_official,external,1,official,242,deepfakes_faces_c23/755_759,ffpp_test:62,1,deepfakes,webp50,1.2198467254638672,0.7720365748306887
fcg_official,external,1,official,243,deepfakes_faces_c23/759_755,ffpp_test:62,1,deepfakes,webp50,0.7935954928398132,0.6886028307558058
fcg_official,external,1,official,244,face2face_faces_c23/755_759,ffpp_test:62,1,face2face,webp50,0.11512666940689087,0.5287499197184665
fcg_official,external,1,official,245,face2face_faces_c23/759_755,ffpp_test:62,1,face2face,webp50,0.9073261618614197,0.7124527012970936
fcg_official,external,1,official,246,faceswap_faces_c23/755_759,ffpp_test:62,1,faceswap,webp50,-0.2337130904197693,0.4418362375139256
fcg_official,external,1,official,247,faceswap_faces_c23/759_755,ffpp_test:62,1,faceswap,webp50,0.44970160722732544,0.6105682860522021
fcg_official,external,1,official,248,neuraltextures_faces_c23/755_759,ffpp_test:62,1,neuraltextures,webp50,-0.08309519290924072,0.47923814678763965
fcg_official,external,1,official,249,neuraltextures_faces_c23/759_755,ffpp_test:62,1,neuraltextures,webp50,0.6235389113426208,0.6510229902191489
fcg_official,external,1,official,250,original_faces_c23/467,ffpp_test:43,0,real,webp50,-0.8759409189224243,0.29401962581419533
fcg_official,external,1,official,251,original_faces_c23/462,ffpp_test:43,0,real,webp50,-1.065993070602417,0.25616583788850156
fcg_official,external,1,official,252,deepfakes_faces_c23/467_462,ffpp_test:43,1,deepfakes,webp50,0.5948014259338379,0.6444660558234996
fcg_official,external,1,official,253,deepfakes_faces_c23/462_467,ffpp_test:43,1,deepfakes,webp50,2.2765328884124756,0.9069147646749727
fcg_official,external,1,official,254,face2face_faces_c23/467_462,ffpp_test:43,1,face2face,webp50,0.1788386106491089,0.5445908692276173
fcg_official,external,1,official,255,face2face_faces_c23/462_467,ffpp_test:43,1,face2face,webp50,-0.7042825222015381,0.3308634223737644
fcg_official,external,1,official,256,faceswap_faces_c23/467_462,ffpp_test:43,1,faceswap,webp50,0.9070619940757751,0.7123985798304037
fcg_official,external,1,official,257,faceswap_faces_c23/462_467,ffpp_test:43,1,faceswap,webp50,1.590877890586853,0.8307395802730965
fcg_official,external,1,official,258,neuraltextures_faces_c23/467_462,ffpp_test:43,1,neuraltextures,webp50,0.296710729598999,0.573638231109229
fcg_official,external,1,official,259,neuraltextures_faces_c23/462_467,ffpp_test:43,1,neuraltextures,webp50,-0.8225631713867188,0.3052198407935591
fcg_official,external,1,official,260,original_faces_c23/314,ffpp_test:27,0,real,webp50,-0.8566783666610718,0.2980337968963993
fcg_official,external,1,official,261,original_faces_c23/347,ffpp_test:27,0,real,webp50,-0.8011075258255005,0.30978865821924856
fcg_official,external,1,official,262,deepfakes_faces_c23/314_347,ffpp_test:27,1,deepfakes,webp50,0.4541897177696228,0.6116349138873453
fcg_official,external,1,official,263,deepfakes_faces_c23/347_314,ffpp_test:27,1,deepfakes,webp50,1.977707862854004,0.8784366068005892
fcg_official,external,1,official,264,face2face_faces_c23/314_347,ffpp_test:27,1,face2face,webp50,0.2091006636619568,0.5520855257331394
fcg_official,external,1,official,265,face2face_faces_c23/347_314,ffpp_test:27,1,face2face,webp50,-0.09680205583572388,0.47581836620402096
fcg_official,external,1,official,266,faceswap_faces_c23/314_347,ffpp_test:27,1,faceswap,webp50,0.4125068187713623,0.6016888143665413
fcg_official,external,1,official,267,faceswap_faces_c23/347_314,ffpp_test:27,1,faceswap,webp50,0.13110703229904175,0.5327298885156323
fcg_official,external,1,official,268,neuraltextures_faces_c23/314_347,ffpp_test:27,1,neuraltextures,webp50,-0.4548252820968628,0.3882141263743312
fcg_official,external,1,official,269,neuraltextures_faces_c23/347_314,ffpp_test:27,1,neuraltextures,webp50,-1.2286063432693481,0.22642544133286913
fcg_official,external,1,official,270,original_faces_c23/741,ffpp_test:60,0,real,webp50,-0.3109120726585388,0.42289212790400404
fcg_official,external,1,official,271,original_faces_c23/731,ffpp_test:60,0,real,webp50,-0.806531548500061,0.30863009375770406
fcg_official,external,1,official,272,deepfakes_faces_c23/741_731,ffpp_test:60,1,deepfakes,webp50,0.42354923486709595,0.6043322378825361
fcg_official,external,1,official,273,deepfakes_faces_c23/731_741,ffpp_test:60,1,deepfakes,webp50,1.240625262260437,0.7756728314628498
fcg_official,external,1,official,274,face2face_faces_c23/741_731,ffpp_test:60,1,face2face,webp50,1.1150398254394531,0.7530674963089414
fcg_official,external,1,official,275,face2face_faces_c23/731_741,ffpp_test:60,1,face2face,webp50,0.9537825584411621,0.7218752444696348
fcg_official,external,1,official,276,faceswap_faces_c23/741_731,ffpp_test:60,1,faceswap,webp50,1.1581355333328247,0.7609937664785074
fcg_official,external,1,official,277,faceswap_faces_c23/731_741,ffpp_test:60,1,faceswap,webp50,0.24759703874588013,0.5615849621258421
fcg_official,external,1,official,278,neuraltextures_faces_c23/741_731,ffpp_test:60,1,neuraltextures,webp50,0.6331081986427307,0.6531939023493497
fcg_official,external,1,official,279,neuraltextures_faces_c23/731_741,ffpp_test:60,1,neuraltextures,webp50,0.2267361283302307,0.5564424336451318
fcg_official,external,1,official,280,original_faces_c23/970,ffpp_test:69,0,real,webp50,-0.9294818639755249,0.2830298448955649
fcg_official,external,1,official,281,original_faces_c23/973,ffpp_test:69,0,real,webp50,-0.9579471349716187,0.2772894008591304
fcg_official,external,1,official,282,deepfakes_faces_c23/970_973,ffpp_test:69,1,deepfakes,webp50,1.313952922821045,0.7881738711280523
fcg_official,external,1,official,283,deepfakes_faces_c23/973_970,ffpp_test:69,1,deepfakes,webp50,1.5331122875213623,0.822461222753217
fcg_official,external,1,official,284,face2face_faces_c23/970_973,ffpp_test:69,1,face2face,webp50,1.1006885766983032,0.7503891018939761
fcg_official,external,1,official,285,face2face_faces_c23/973_970,ffpp_test:69,1,face2face,webp50,0.6669071912765503,0.6608102820497121
fcg_official,external,1,official,286,faceswap_faces_c23/970_973,ffpp_test:69,1,faceswap,webp50,1.333756923675537,0.7914613949996275
fcg_official,external,1,official,287,faceswap_faces_c23/973_970,ffpp_test:69,1,faceswap,webp50,0.5410628914833069,0.6320596387250323
fcg_official,external,1,official,288,neuraltextures_faces_c23/970_973,ffpp_test:69,1,neuraltextures,webp50,0.29865753650665283,0.5741143077018366
fcg_official,external,1,official,289,neuraltextures_faces_c23/973_970,ffpp_test:69,1,neuraltextures,webp50,0.35349488258361816,0.5874648215015933
fcg_official,external,1,official,290,original_faces_c23/634,ffpp_test:53,0,real,webp50,-1.2277551889419556,0.22657456165235504
fcg_official,external,1,official,291,original_faces_c23/660,ffpp_test:53,0,real,webp50,-1.2479181289672852,0.22306072870619126
fcg_official,external,1,official,292,deepfakes_faces_c23/634_660,ffpp_test:53,1,deepfakes,webp50,0.7486429214477539,0.6788829266781967
fcg_official,external,1,official,293,deepfakes_faces_c23/660_634,ffpp_test:53,1,deepfakes,webp50,1.6109775304794312,0.8335470594452179
fcg_official,external,1,official,294,face2face_faces_c23/634_660,ffpp_test:53,1,face2face,webp50,-0.14711880683898926,0.4632864931703986
fcg_official,external,1,official,295,face2face_faces_c23/660_634,ffpp_test:53,1,face2face,webp50,0.5525301694869995,0.6347224101992933
fcg_official,external,1,official,296,faceswap_faces_c23/634_660,ffpp_test:53,1,faceswap,webp50,1.309181809425354,0.7873762107805342
fcg_official,external,1,official,297,faceswap_faces_c23/660_634,ffpp_test:53,1,faceswap,webp50,0.561977744102478,0.6369100284941808
fcg_official,external,1,official,298,neuraltextures_faces_c23/634_660,ffpp_test:53,1,neuraltextures,webp50,-0.4183427095413208,0.39691339312025087
fcg_official,external,1,official,299,neuraltextures_faces_c23/660_634,ffpp_test:53,1,neuraltextures,webp50,-0.44961702823638916,0.389451824876174
fcg_official,external,1,official,300,original_faces_c23/494,ffpp_test:40,0,real,webp50,-1.6032631397247314,0.1675260400687214
fcg_official,external,1,official,301,original_faces_c23/445,ffpp_test:40,0,real,webp50,-0.983949601650238,0.27210879970504603
fcg_official,external,1,official,302,deepfakes_faces_c23/494_445,ffpp_test:40,1,deepfakes,webp50,2.556671619415283,0.928020443395546
fcg_official,external,1,official,303,deepfakes_faces_c23/445_494,ffpp_test:40,1,deepfakes,webp50,1.3948029279708862,0.8013578963783795
fcg_official,external,1,official,304,face2face_faces_c23/494_445,ffpp_test:40,1,face2face,webp50,-1.0792310237884521,0.25365156585272236
fcg_official,external,1,official,305,face2face_faces_c23/445_494,ffpp_test:40,1,face2face,webp50,0.08980417251586914,0.5224359667097757
fcg_official,external,1,official,306,faceswap_faces_c23/494_445,ffpp_test:40,1,faceswap,webp50,1.0979801416397095,0.74988145370145
fcg_official,external,1,official,307,faceswap_faces_c23/445_494,ffpp_test:40,1,faceswap,webp50,2.0393900871276855,0.8848711481527239
fcg_official,external,1,official,308,neuraltextures_faces_c23/494_445,ffpp_test:40,1,neuraltextures,webp50,-1.2991716861724854,0.21430445382347169
fcg_official,external,1,official,309,neuraltextures_faces_c23/445_494,ffpp_test:40,1,neuraltextures,webp50,-0.019561767578125,0.4951097140486637
fcg_official,external,1,official,310,original_faces_c23/706,ffpp_test:44,0,real,webp50,-1.1756529808044434,0.2358347018617115
fcg_official,external,1,official,311,original_faces_c23/479,ffpp_test:44,0,real,webp50,-1.1655731201171875,0.23765609553671477
fcg_official,external,1,official,312,deepfakes_faces_c23/706_479,ffpp_test:44,1,deepfakes,webp50,2.0347743034362793,0.8844000828823252
fcg_official,external,1,official,313,deepfakes_faces_c23/479_706,ffpp_test:44,1,deepfakes,webp50,1.8070459365844727,0.8590044698348562
fcg_official,external,1,official,314,face2face_faces_c23/706_479,ffpp_test:44,1,face2face,webp50,-0.8486148118972778,0.2997235130468272
fcg_official,external,1,official,315,face2face_faces_c23/479_706,ffpp_test:44,1,face2face,webp50,0.13525986671447754,0.5337635064371871
fcg_official,external,1,official,316,faceswap_faces_c23/706_479,ffpp_test:44,1,faceswap,webp50,0.41769158840179443,0.602930735503713
fcg_official,external,1,official,317,faceswap_faces_c23/479_706,ffpp_test:44,1,faceswap,webp50,-0.16424983739852905,0.45902960756359074
fcg_official,external,1,official,318,neuraltextures_faces_c23/706_479,ffpp_test:44,1,neuraltextures,webp50,-0.44346457719802856,0.3909157402057692
fcg_official,external,1,official,319,neuraltextures_faces_c23/479_706,ffpp_test:44,1,neuraltextures,webp50,-0.2044062614440918,0.44907562114831256
fcg_official,external,1,official,320,original_faces_c23/186,ffpp_test:17,0,real,webp50,-1.2405405044555664,0.22434191712035767
fcg_official,external,1,official,321,original_faces_c23/170,ffpp_test:17,0,real,webp50,-1.5777379274368286,0.17111608527029723
fcg_official,external,1,official,322,deepfakes_faces_c23/186_170,ffpp_test:17,1,deepfakes,webp50,1.7899632453918457,0.8569227702385465
fcg_official,external,1,official,323,deepfakes_faces_c23/170_186,ffpp_test:17,1,deepfakes,webp50,1.6906278133392334,0.8443067055960332
fcg_official,external,1,official,324,face2face_faces_c23/186_170,ffpp_test:17,1,face2face,webp50,-0.23516106605529785,0.4414791722746253
fcg_official,external,1,official,325,face2face_faces_c23/170_186,ffpp_test:17,1,face2face,webp50,0.8653628826141357,0.7037798950946041
fcg_official,external,1,official,326,faceswap_faces_c23/186_170,ffpp_test:17,1,faceswap,webp50,0.39736104011535645,0.5980534568433226
fcg_official,external,1,official,327,faceswap_faces_c23/170_186,ffpp_test:17,1,faceswap,webp50,-0.49062344431877136,0.3797467111089102
fcg_official,external,1,official,328,neuraltextures_faces_c23/186_170,ffpp_test:17,1,neuraltextures,webp50,-0.7004899978637695,0.3317035979520911
fcg_official,external,1,official,329,neuraltextures_faces_c23/170_186,ffpp_test:17,1,neuraltextures,webp50,-0.06354129314422607,0.4841200193009019
fcg_official,external,1,official,330,original_faces_c23/176,ffpp_test:18,0,real,webp50,-1.3594058752059937,0.20433688009754022
fcg_official,external,1,official,331,original_faces_c23/190,ffpp_test:18,0,real,webp50,-0.8166871070861816,0.3064673472736308
fcg_official,external,1,official,332,deepfakes_faces_c23/176_190,ffpp_test:18,1,deepfakes,webp50,1.7693779468536377,0.8543802956252717
fcg_official,external,1,official,333,deepfakes_faces_c23/190_176,ffpp_test:18,1,deepfakes,webp50,0.31894534826278687,0.5790672039578852
fcg_official,external,1,official,334,face2face_faces_c23/176_190,ffpp_test:18,1,face2face,webp50,-0.17218047380447388,0.457060910604664
fcg_official,external,1,official,335,face2face_faces_c23/190_176,ffpp_test:18,1,face2face,webp50,0.223255455493927,0.5555831860454093
fcg_official,external,1,official,336,faceswap_faces_c23/176_190,ffpp_test:18,1,faceswap,webp50,1.5657198429107666,0.8271725817172333
fcg_official,external,1,official,337,faceswap_faces_c23/190_176,ffpp_test:18,1,faceswap,webp50,0.4829642176628113,0.6184475868722603
fcg_official,external,1,official,338,neuraltextures_faces_c23/176_190,ffpp_test:18,1,neuraltextures,webp50,-0.4202297329902649,0.39646177835556307
fcg_official,external,1,official,339,neuraltextures_faces_c23/190_176,ffpp_test:18,1,neuraltextures,webp50,-0.5786139965057373,0.359251575367227
fcg_official,external,1,official,340,original_faces_c23/380,ffpp_test:29,0,real,webp50,-0.45971477031707764,0.3870534904504691
fcg_official,external,1,official,341,original_faces_c23/358,ffpp_test:29,0,real,webp50,-0.6933468580245972,0.333288962040216
fcg_official,external,1,official,342,deepfakes_faces_c23/380_358,ffpp_test:29,1,deepfakes,webp50,0.01216655969619751,0.5030416024046647
fcg_official,external,1,official,343,deepfakes_faces_c23/358_380,ffpp_test:29,1,deepfakes,webp50,-0.46729809045791626,0.3852559484044145
fcg_official,external,1,official,344,face2face_faces_c23/380_358,ffpp_test:29,1,face2face,webp50,-0.13806861639022827,0.46553757478672436
fcg_official,external,1,official,345,face2face_faces_c23/358_380,ffpp_test:29,1,face2face,webp50,-0.2792521119117737,0.4306371403182553
fcg_official,external,1,official,346,faceswap_faces_c23/380_358,ffpp_test:29,1,faceswap,webp50,-0.5207927227020264,0.37266688729735653
fcg_official,external,1,official,347,faceswap_faces_c23/358_380,ffpp_test:29,1,faceswap,webp50,-0.43376612663269043,0.3932273748103602
fcg_official,external,1,official,348,neuraltextures_faces_c23/380_358,ffpp_test:29,1,neuraltextures,webp50,0.272426962852478,0.5676886235130353
fcg_official,external,1,official,349,neuraltextures_faces_c23/358_380,ffpp_test:29,1,neuraltextures,webp50,-0.0547061562538147,0.48632687080333703
fcg_official,external,1,official,350,original_faces_c23/214,ffpp_test:19,0,real,webp50,-0.9189890623092651,0.2851639245939023
fcg_official,external,1,official,351,original_faces_c23/255,ffpp_test:19,0,real,webp50,-1.2317924499511719,0.22586785905097173
fcg_official,external,1,official,352,deepfakes_faces_c23/214_255,ffpp_test:19,1,deepfakes,webp50,1.8040587902069092,0.8586422911088278
fcg_official,external,1,official,353,deepfakes_faces_c23/255_214,ffpp_test:19,1,deepfakes,webp50,1.4832392930984497,0.8150613583018287
fcg_official,external,1,official,354,face2face_faces_c23/214_255,ffpp_test:19,1,face2face,webp50,0.35997211933135986,0.589033684918237
fcg_official,external,1,official,355,face2face_faces_c23/255_214,ffpp_test:19,1,face2face,webp50,0.2124813199043274,0.5529213704303635
fcg_official,external,1,official,356,faceswap_faces_c23/214_255,ffpp_test:19,1,faceswap,webp50,0.3453025221824646,0.5854779911987545
fcg_official,external,1,official,357,faceswap_faces_c23/255_214,ffpp_test:19,1,faceswap,webp50,0.6469892263412476,0.6563316713427937
fcg_official,external,1,official,358,neuraltextures_faces_c23/214_255,ffpp_test:19,1,neuraltextures,webp50,-0.294341504573822,0.4269413286554208
fcg_official,external,1,official,359,neuraltextures_faces_c23/255_214,ffpp_test:19,1,neuraltextures,webp50,-0.9798946976661682,0.2729126784432885
fcg_official,external,1,official,360,original_faces_c23/454,ffpp_test:42,0,real,webp50,-0.4923486113548279,0.37934045111989056
fcg_official,external,1,official,361,original_faces_c23/527,ffpp_test:42,0,real,webp50,-1.3613604307174683,0.20401928561006064
fcg_official,external,1,official,362,deepfakes_faces_c23/454_527,ffpp_test:42,1,deepfakes,webp50,1.885070562362671,0.8681924568522105
fcg_official,external,1,official,363,deepfakes_faces_c23/527_454,ffpp_test:42,1,deepfakes,webp50,2.269456148147583,0.9063156208007644
fcg_official,external,1,official,364,face2face_faces_c23/454_527,ffpp_test:42,1,face2face,webp50,1.079591155052185,0.7464166054300327
fcg_official,external,1,official,365,face2face_faces_c23/527_454,ffpp_test:42,1,face2face,webp50,-0.6085488796234131,0.3523902891155907
fcg_official,external,1,official,366,faceswap_faces_c23/454_527,ffpp_test:42,1,faceswap,webp50,1.5718655586242676,0.8280493957913677
fcg_official,external,1,official,367,faceswap_faces_c23/527_454,ffpp_test:42,1,faceswap,webp50,2.145237922668457,0.8952229395532464
fcg_official,external,1,official,368,neuraltextures_faces_c23/454_527,ffpp_test:42,1,neuraltextures,webp50,0.28440630435943604,0.5706261554734929
fcg_official,external,1,official,369,neuraltextures_faces_c23/527_454,ffpp_test:42,1,neuraltextures,webp50,-0.5600593686103821,0.3635337230788376
fcg_official,external,1,official,370,original_faces_c23/425,ffpp_test:39,0,real,webp50,-1.0218027830123901,0.2646763890420573
fcg_official,external,1,official,371,original_faces_c23/485,ffpp_test:39,0,real,webp50,-0.2224847674369812,0.444607113077823
fcg_official,external,1,official,372,deepfakes_faces_c23/425_485,ffpp_test:39,1,deepfakes,webp50,0.7248533964157104,0.6736748713772651
fcg_official,external,1,official,373,deepfakes_faces_c23/485_425,ffpp_test:39,1,deepfakes,webp50,1.6698181629180908,0.8415515760460008
fcg_official,external,1,official,374,face2face_faces_c23/425_485,ffpp_test:39,1,face2face,webp50,-0.4526362419128418,0.38873415904198977
fcg_official,external,1,official,375,face2face_faces_c23/485_425,ffpp_test:39,1,face2face,webp50,-0.018736600875854492,0.49531598681112343
fcg_official,external,1,official,376,faceswap_faces_c23/425_485,ffpp_test:39,1,faceswap,webp50,-0.06594246625900269,0.48352035468880694
fcg_official,external,1,official,377,faceswap_faces_c23/485_425,ffpp_test:39,1,faceswap,webp50,1.8151755332946777,0.8599862216578364
fcg_official,external,1,official,378,neuraltextures_faces_c23/425_485,ffpp_test:39,1,neuraltextures,webp50,-0.3282175660133362,0.4186743799010948
fcg_official,external,1,official,379,neuraltextures_faces_c23/485_425,ffpp_test:39,1,neuraltextures,webp50,0.23816698789596558,0.5592618829269638
fcg_official,external,1,official,380,original_faces_c23/388,ffpp_test:26,0,real,webp50,-0.9756646156311035,0.273752865154143
fcg_official,external,1,official,381,original_faces_c23/308,ffpp_test:26,0,real,webp50,-1.1122957468032837,0.24744313817240804
fcg_official,external,1,official,382,deepfakes_faces_c23/388_308,ffpp_test:26,1,deepfakes,webp50,-0.44900572299957275,0.3895971903048833
fcg_official,external,1,official,383,deepfakes_faces_c23/308_388,ffpp_test:26,1,deepfakes,webp50,0.393027663230896,0.5970113346196598
fcg_official,external,1,official,384,face2face_faces_c23/388_308,ffpp_test:26,1,face2face,webp50,-0.3155408501625061,0.4217628595676332
fcg_official,external,1,official,385,face2face_faces_c23/308_388,ffpp_test:26,1,face2face,webp50,-0.31305134296417236,0.4223701159316847
fcg_official,external,1,official,386,faceswap_faces_c23/388_308,ffpp_test:26,1,faceswap,webp50,0.25611841678619385,0.5636818744163081
fcg_official,external,1,official,387,faceswap_faces_c23/308_388,ffpp_test:26,1,faceswap,webp50,0.21336215734481812,0.5531391026905218
fcg_official,external,1,official,388,neuraltextures_faces_c23/388_308,ffpp_test:26,1,neuraltextures,webp50,-0.4087444543838501,0.3992132156127776
fcg_official,external,1,official,389,neuraltextures_faces_c23/308_388,ffpp_test:26,1,neuraltextures,webp50,-0.668947696685791,0.3387325091438397
fcg_official,external,1,official,390,original_faces_c23/384,ffpp_test:32,0,real,webp50,-0.5693193078041077,0.3613939058540018
fcg_official,external,1,official,391,original_faces_c23/932,ffpp_test:32,0,real,webp50,-1.4684114456176758,0.18718418649274618
fcg_official,external,1,official,392,deepfakes_faces_c23/384_932,ffpp_test:32,1,deepfakes,webp50,1.7138230800628662,0.8473314980262359
fcg_official,external,1,official,393,deepfakes_faces_c23/932_384,ffpp_test:32,1,deepfakes,webp50,0.8119650483131409,0.6925280860347339
fcg_official,external,1,official,394,face2face_faces_c23/384_932,ffpp_test:32,1,face2face,webp50,0.45502060651779175,0.6118322629279747
fcg_official,external,1,official,395,face2face_faces_c23/932_384,ffpp_test:32,1,face2face,webp50,-0.5992804765701294,0.3545083266425346
fcg_official,external,1,official,396,faceswap_faces_c23/384_932,ffpp_test:32,1,faceswap,webp50,2.772648572921753,0.9411797840333097
fcg_official,external,1,official,397,faceswap_faces_c23/932_384,ffpp_test:32,1,faceswap,webp50,0.39973384141921997,0.5986237109740015
fcg_official,external,1,official,398,neuraltextures_faces_c23/384_932,ffpp_test:32,1,neuraltextures,webp50,0.4673684537410736,0.6147607158649504
fcg_official,external,1,official,399,neuraltextures_faces_c23/932_384,ffpp_test:32,1,neuraltextures,webp50,-0.9307399988174438,0.28277460890895645
fcg_official,external,1,official,400,original_faces_c23/035,ffpp_test:5,0,real,webp50,-0.794327974319458,0.3112401256956221
fcg_official,external,1,official,401,original_faces_c23/036,ffpp_test:5,0,real,webp50,-1.266602873802185,0.21983933865957195
fcg_official,external,1,official,402,deepfakes_faces_c23/035_036,ffpp_test:5,1,deepfakes,webp50,1.398283839225769,0.8019114185270048
fcg_official,external,1,official,403,deepfakes_faces_c23/036_035,ffpp_test:5,1,deepfakes,webp50,1.8662734031677246,0.8660264899999713
fcg_official,external,1,official,404,face2face_faces_c23/035_036,ffpp_test:5,1,face2face,webp50,-0.019496917724609375,0.4951259249663004
fcg_official,external,1,official,405,face2face_faces_c23/036_035,ffpp_test:5,1,face2face,webp50,0.3749743700027466,0.5926604125273786
fcg_official,external,1,official,406,faceswap_faces_c23/035_036,ffpp_test:5,1,faceswap,webp50,0.07210642099380493,0.518018798775882
fcg_official,external,1,official,407,faceswap_faces_c23/036_035,ffpp_test:5,1,faceswap,webp50,0.25461435317993164,0.5633119227010873
fcg_official,external,1,official,408,neuraltextures_faces_c23/035_036,ffpp_test:5,1,neuraltextures,webp50,0.1594281792640686,0.5397728371569991
fcg_official,external,1,official,409,neuraltextures_faces_c23/036_035,ffpp_test:5,1,neuraltextures,webp50,0.24581682682037354,0.5611466130253703
fcg_official,external,1,official,410,original_faces_c23/257,ffpp_test:23,0,real,webp50,-0.2378062605857849,0.44082703393665823
fcg_official,external,1,official,411,original_faces_c23/420,ffpp_test:23,0,real,webp50,-0.10700851678848267,0.47327336942919873
fcg_official,external,1,official,412,deepfakes_faces_c23/257_420,ffpp_test:23,1,deepfakes,webp50,0.9971432685852051,0.7304965405402443
fcg_official,external,1,official,413,deepfakes_faces_c23/420_257,ffpp_test:23,1,deepfakes,webp50,0.7241586446762085,0.6735221207870943
fcg_official,external,1,official,414,face2face_faces_c23/257_420,ffpp_test:23,1,face2face,webp50,0.6638673543930054,0.6601286001425272
fcg_official,external,1,official,415,face2face_faces_c23/420_257,ffpp_test:23,1,face2face,webp50,0.06977719068527222,0.5174372233007648
fcg_official,external,1,official,416,faceswap_faces_c23/257_420,ffpp_test:23,1,faceswap,webp50,0.5947917699813843,0.6444638433562887
fcg_official,external,1,official,417,faceswap_faces_c23/420_257,ffpp_test:23,1,faceswap,webp50,0.20514267683029175,0.5511065661173131
fcg_official,external,1,official,418,neuraltextures_faces_c23/257_420,ffpp_test:23,1,neuraltextures,webp50,0.21973472833633423,0.5547137122573627
fcg_official,external,1,official,419,neuraltextures_faces_c23/420_257,ffpp_test:23,1,neuraltextures,webp50,-0.15861302614212036,0.460429668204432
fcg_official,external,1,official,420,original_faces_c23/924,ffpp_test:67,0,real,webp50,-1.0736337900161743,0.2547126522154221
fcg_official,external,1,official,421,original_faces_c23/917,ffpp_test:67,0,real,webp50,-0.9938029050827026,0.27016158742317276
fcg_official,external,1,official,422,deepfakes_faces_c23/924_917,ffpp_test:67,1,deepfakes,webp50,0.5103527307510376,0.624889159149703
fcg_official,external,1,official,423,deepfakes_faces_c23/917_924,ffpp_test:67,1,deepfakes,webp50,0.7444952130317688,0.6779780524386052
fcg_official,external,1,official,424,face2face_faces_c23/924_917,ffpp_test:67,1,face2face,webp50,0.11080795526504517,0.5276736788940496
fcg_official,external,1,official,425,face2face_faces_c23/917_924,ffpp_test:67,1,face2face,webp50,0.04614531993865967,0.5115342833078083
fcg_official,external,1,official,426,faceswap_faces_c23/924_917,ffpp_test:67,1,faceswap,webp50,0.05862271785736084,0.514651483735761
fcg_official,external,1,official,427,faceswap_faces_c23/917_924,ffpp_test:67,1,faceswap,webp50,0.42656850814819336,0.6050539628643198
fcg_official,external,1,official,428,neuraltextures_faces_c23/924_917,ffpp_test:67,1,neuraltextures,webp50,0.07752513885498047,0.51937158351317
fcg_official,external,1,official,429,neuraltextures_faces_c23/917_924,ffpp_test:67,1,neuraltextures,webp50,0.26312023401260376,0.5654031591515742
fcg_official,external,1,official,430,original_faces_c23/114,ffpp_test:9,0,real,webp50,-0.9262328147888184,0.2836896193215135
fcg_official,external,1,official,431,original_faces_c23/102,ffpp_test:9,0,real,webp50,-1.540827989578247,0.176414941696033
fcg_official,external,1,official,432,deepfakes_faces_c23/114_102,ffpp_test:9,1,deepfakes,webp50,1.2069772481918335,0.7697636710023018
fcg_official,external,1,official,433,deepfakes_faces_c23/102_114,ffpp_test:9,1,deepfakes,webp50,0.4573701024055481,0.6123901062056228
fcg_official,external,1,official,434,face2face_faces_c23/114_102,ffpp_test:9,1,face2face,webp50,0.45338988304138184,0.6114449060732392
fcg_official,external,1,official,435,face2face_faces_c23/102_114,ffpp_test:9,1,face2face,webp50,-0.35849529504776,0.41132386131865956
fcg_official,external,1,official,436,faceswap_faces_c23/114_102,ffpp_test:9,1,faceswap,webp50,0.10819971561431885,0.5270235699000241
fcg_official,external,1,official,437,faceswap_faces_c23/102_114,ffpp_test:9,1,faceswap,webp50,-0.2603510022163391,0.4352774260359829
fcg_official,external,1,official,438,neuraltextures_faces_c23/114_102,ffpp_test:9,1,neuraltextures,webp50,-0.12279057502746582,0.4693408685522168
fcg_official,external,1,official,439,neuraltextures_faces_c23/102_114,ffpp_test:9,1,neuraltextures,webp50,-0.5987732410430908,0.3546244070144752
fcg_official,external,1,official,440,original_faces_c23/732,ffpp_test:56,0,real,webp50,0.007047533988952637,0.5017618762048774
fcg_official,external,1,official,441,original_faces_c23/691,ffpp_test:56,0,real,webp50,-0.5977096557617188,0.35486786307650336
fcg_official,external,1,official,442,deepfakes_faces_c23/732_691,ffpp_test:56,1,deepfakes,webp50,1.6352999210357666,0.8368943818700266
fcg_official,external,1,official,443,deepfakes_faces_c23/691_732,ffpp_test:56,1,deepfakes,webp50,2.2303717136383057,0.902943939456947
fcg_official,external,1,official,444,face2face_faces_c23/732_691,ffpp_test:56,1,face2face,webp50,1.4369382858276367,0.8079800796465586
fcg_official,external,1,official,445,face2face_faces_c23/691_732,ffpp_test:56,1,face2face,webp50,-0.33281296491622925,0.41755634328847374
fcg_official,external,1,official,446,faceswap_faces_c23/732_691,ffpp_test:56,1,faceswap,webp50,0.38107603788375854,0.5941326039501718
fcg_official,external,1,official,447,faceswap_faces_c23/691_732,ffpp_test:56,1,faceswap,webp50,1.799044132232666,0.8580325381079575
fcg_official,external,1,official,448,neuraltextures_faces_c23/732_691,ffpp_test:56,1,neuraltextures,webp50,0.5368942618370056,0.6310896485823426
fcg_official,external,1,official,449,neuraltextures_faces_c23/691_732,ffpp_test:56,1,neuraltextures,webp50,-0.4233807325363159,0.39570805422416416
fcg_official,external,1,official,450,original_faces_c23/550,ffpp_test:41,0,real,webp50,-0.9420290589332581,0.2804906644038632
fcg_official,external,1,official,451,original_faces_c23/452,ffpp_test:41,0,real,webp50,-0.6245753765106201,0.34874157000240186
fcg_official,external,1,official,452,deepfakes_faces_c23/550_452,ffpp_test:41,1,deepfakes,webp50,0.7122711539268494,0.6709028074471601
fcg_official,external,1,official,453,deepfakes_faces_c23/452_550,ffpp_test:41,1,deepfakes,webp50,1.6265419721603394,0.8356953727789009
fcg_official,external,1,official,454,face2face_faces_c23/550_452,ffpp_test:41,1,face2face,webp50,0.6942228078842163,0.666905652094698
fcg_official,external,1,official,455,face2face_faces_c23/452_550,ffpp_test:41,1,face2face,webp50,0.36522144079208374,0.5903038073985135
fcg_official,external,1,official,456,faceswap_faces_c23/550_452,ffpp_test:41,1,faceswap,webp50,0.42027199268341064,0.6035483334926642
fcg_official,external,1,official,457,faceswap_faces_c23/452_550,ffpp_test:41,1,faceswap,webp50,0.6871205568313599,0.6653260744659536
fcg_official,external,1,official,458,neuraltextures_faces_c23/550_452,ffpp_test:41,1,neuraltextures,webp50,0.2317637801170349,0.5576829751134424
fcg_official,external,1,official,459,neuraltextures_faces_c23/452_550,ffpp_test:41,1,neuraltextures,webp50,0.6986882090568542,0.6678968670891451
fcg_official,external,1,official,460,original_faces_c23/280,ffpp_test:22,0,real,webp50,-0.6771447062492371,0.33689887222175785
fcg_official,external,1,official,461,original_faces_c23/249,ffpp_test:22,0,real,webp50,-1.717840313911438,0.15214955405896594
fcg_official,external,1,official,462,deepfakes_faces_c23/280_249,ffpp_test:22,1,deepfakes,webp50,0.022467315196990967,0.5056165925391523
fcg_official,external,1,official,463,deepfakes_faces_c23/249_280,ffpp_test:22,1,deepfakes,webp50,1.5877678394317627,0.8303018219108336
fcg_official,external,1,official,464,face2face_faces_c23/280_249,ffpp_test:22,1,face2face,webp50,0.1108623743057251,0.5276872419579205
fcg_official,external,1,official,465,face2face_faces_c23/249_280,ffpp_test:22,1,face2face,webp50,0.695976734161377,0.6672951595441639
fcg_official,external,1,official,466,faceswap_faces_c23/280_249,ffpp_test:22,1,faceswap,webp50,0.14003247022628784,0.5349510230591685
fcg_official,external,1,official,467,faceswap_faces_c23/249_280,ffpp_test:22,1,faceswap,webp50,1.1339502334594727,0.7565671637385872
fcg_official,external,1,official,468,neuraltextures_faces_c23/280_249,ffpp_test:22,1,neuraltextures,webp50,-0.1979442834854126,0.45067487854604127
fcg_official,external,1,official,469,neuraltextures_faces_c23/249_280,ffpp_test:22,1,neuraltextures,webp50,-1.006052017211914,0.26775318778351337
fcg_official,external,1,official,470,original_faces_c23/842,ffpp_test:58,0,real,webp50,-1.2767889499664307,0.218097311049801
fcg_official,external,1,official,471,original_faces_c23/714,ffpp_test:58,0,real,webp50,-1.33795964717865,0.20784579407932513
fcg_official,external,1,official,472,deepfakes_faces_c23/842_714,ffpp_test:58,1,deepfakes,webp50,1.1421236991882324,0.7580693393270919
fcg_official,external,1,official,473,deepfakes_faces_c23/714_842,ffpp_test:58,1,deepfakes,webp50,1.3315637111663818,0.7910991733150027
fcg_official,external,1,official,474,face2face_faces_c23/842_714,ffpp_test:58,1,face2face,webp50,0.3178112506866455,0.5787907447536036
fcg_official,external,1,official,475,face2face_faces_c23/714_842,ffpp_test:58,1,face2face,webp50,-0.3473926782608032,0.41401483227782193
fcg_official,external,1,official,476,faceswap_faces_c23/842_714,ffpp_test:58,1,faceswap,webp50,0.3250836730003357,0.5805626801414046
fcg_official,external,1,official,477,faceswap_faces_c23/714_842,ffpp_test:58,1,faceswap,webp50,0.41466575860977173,0.6022061107923355
fcg_official,external,1,official,478,neuraltextures_faces_c23/842_714,ffpp_test:58,1,neuraltextures,webp50,-0.7398775815963745,0.32303091387579796
fcg_official,external,1,official,479,neuraltextures_faces_c23/714_842,ffpp_test:58,1,neuraltextures,webp50,-0.5319780111312866,0.37005566661766354
fcg_official,external,1,official,480,original_faces_c23/625,ffpp_test:52,0,real,webp50,-1.1338785886764526,0.24344603155939443
fcg_official,external,1,official,481,original_faces_c23/650,ffpp_test:52,0,real,webp50,-1.194197416305542,0.23250907186964273
fcg_official,external,1,official,482,deepfakes_faces_c23/625_650,ffpp_test:52,1,deepfakes,webp50,0.8894981145858765,0.7087865901776356
fcg_official,external,1,official,483,deepfakes_faces_c23/650_625,ffpp_test:52,1,deepfakes,webp50,1.7909892797470093,0.8570485222830038
fcg_official,external,1,official,484,face2face_faces_c23/625_650,ffpp_test:52,1,face2face,webp50,0.3033367395401001,0.5752580072055837
fcg_official,external,1,official,485,face2face_faces_c23/650_625,ffpp_test:52,1,face2face,webp50,-0.0357058048248291,0.49107449703730055
fcg_official,external,1,official,486,faceswap_faces_c23/625_650,ffpp_test:52,1,faceswap,webp50,0.21149170398712158,0.5526767252475558
fcg_official,external,1,official,487,faceswap_faces_c23/650_625,ffpp_test:52,1,faceswap,webp50,0.7898852825164795,0.6878066979838682
fcg_official,external,1,official,488,neuraltextures_faces_c23/625_650,ffpp_test:52,1,neuraltextures,webp50,0.33950626850128174,0.584070584668291
fcg_official,external,1,official,489,neuraltextures_faces_c23/650_625,ffpp_test:52,1,neuraltextures,webp50,-0.5738281011581421,0.3603539805314867
fcg_official,external,1,official,490,original_faces_c23/024,ffpp_test:3,0,real,webp50,-0.9517287015914917,0.27853729904701424
fcg_official,external,1,official,491,original_faces_c23/073,ffpp_test:3,0,real,webp50,-1.4164992570877075,0.1952109763279418
fcg_official,external,1,official,492,deepfakes_faces_c23/024_073,ffpp_test:3,1,deepfakes,webp50,0.1031954288482666,0.525775986593964
fcg_official,external,1,official,493,deepfakes_faces_c23/073_024,ffpp_test:3,1,deepfakes,webp50,0.6877572536468506,0.6654678310933807
fcg_official,external,1,official,494,face2face_faces_c23/024_073,ffpp_test:3,1,face2face,webp50,-0.5622973442077637,0.3630160654121158
fcg_official,external,1,official,495,face2face_faces_c23/073_024,ffpp_test:3,1,face2face,webp50,-0.28083187341690063,0.4302498430198202
fcg_official,external,1,official,496,faceswap_faces_c23/024_073,ffpp_test:3,1,faceswap,webp50,-0.23690378665924072,0.4410495043253451
fcg_official,external,1,official,497,faceswap_faces_c23/073_024,ffpp_test:3,1,faceswap,webp50,-0.05833005905151367,0.48542161845474485
fcg_official,external,1,official,498,neuraltextures_faces_c23/024_073,ffpp_test:3,1,neuraltextures,webp50,-0.37717264890670776,0.40680900035467127
fcg_official,external,1,official,499,neuraltextures_faces_c23/073_024,ffpp_test:3,1,neuraltextures,webp50,-0.6375605463981628,0.3457981891956112
fcg_official,external,1,official,500,original_faces_c23/044,ffpp_test:6,0,real,webp50,-1.0508008003234863,0.2590713548278133
fcg_official,external,1,official,501,original_faces_c23/945,ffpp_test:6,0,real,webp50,-0.8522736430168152,0.2989561266189088
fcg_official,external,1,official,502,deepfakes_faces_c23/044_945,ffpp_test:6,1,deepfakes,webp50,1.5816590785980225,0.8294393556477004
fcg_official,external,1,official,503,deepfakes_faces_c23/945_044,ffpp_test:6,1,deepfakes,webp50,1.5563907623291016,0.8258348406890529
fcg_official,external,1,official,504,face2face_faces_c23/044_945,ffpp_test:6,1,face2face,webp50,0.5265122652053833,0.6286692864979648
fcg_official,external,1,official,505,face2face_faces_c23/945_044,ffpp_test:6,1,face2face,webp50,-0.28475260734558105,0.42928899823393224
fcg_official,external,1,official,506,faceswap_faces_c23/044_945,ffpp_test:6,1,faceswap,webp50,0.8510416746139526,0.700785611833062
fcg_official,external,1,official,507,faceswap_faces_c23/945_044,ffpp_test:6,1,faceswap,webp50,1.2752726078033447,0.7816439952640248
fcg_official,external,1,official,508,neuraltextures_faces_c23/044_945,ffpp_test:6,1,neuraltextures,webp50,0.10876613855361938,0.5271647598263465
fcg_official,external,1,official,509,neuraltextures_faces_c23/945_044,ffpp_test:6,1,neuraltextures,webp50,-0.6268810033798218,0.34821809677278837
fcg_official,external,1,official,510,original_faces_c23/896,ffpp_test:10,0,real,webp50,-0.42087775468826294,0.39630673023789625
fcg_official,external,1,official,511,original_faces_c23/128,ffpp_test:10,0,real,webp50,-0.7819521427154541,0.3138993071941992
fcg_official,external,1,official,512,deepfakes_faces_c23/896_128,ffpp_test:10,1,deepfakes,webp50,0.19159859418869019,0.5477536513864646
fcg_official,external,1,official,513,deepfakes_faces_c23/128_896,ffpp_test:10,1,deepfakes,webp50,1.4587870836257935,0.8113470922873528
fcg_official,external,1,official,514,face2face_faces_c23/896_128,ffpp_test:10,1,face2face,webp50,0.003850698471069336,0.5009626734282339
fcg_official,external,1,official,515,face2face_faces_c23/128_896,ffpp_test:10,1,face2face,webp50,-0.13429385423660278,0.4664769032753189
fcg_official,external,1,official,516,faceswap_faces_c23/896_128,ffpp_test:10,1,faceswap,webp50,0.04519873857498169,0.5112977613350624
fcg_official,external,1,official,517,faceswap_faces_c23/128_896,ffpp_test:10,1,faceswap,webp50,0.34164345264434814,0.5845896819128589
fcg_official,external,1,official,518,neuraltextures_faces_c23/896_128,ffpp_test:10,1,neuraltextures,webp50,0.5800857543945312,0.6410871381811616
fcg_official,external,1,official,519,neuraltextures_faces_c23/128_896,ffpp_test:10,1,neuraltextures,webp50,0.12375062704086304,0.5308982349629691
fcg_official,external,1,official,520,original_faces_c23/862,ffpp_test:7,0,real,webp50,-0.5994197726249695,0.35447645186965643
fcg_official,external,1,official,521,original_faces_c23/047,ffpp_test:7,0,real,webp50,-0.5966237783432007,0.3551164993885285
fcg_official,external,1,official,522,deepfakes_faces_c23/862_047,ffpp_test:7,1,deepfakes,webp50,1.5524508953094482,0.8252674354186103
fcg_official,external,1,official,523,deepfakes_faces_c23/047_862,ffpp_test:7,1,deepfakes,webp50,0.015519440174102783,0.5038797821723995
fcg_official,external,1,official,524,face2face_faces_c23/862_047,ffpp_test:7,1,face2face,webp50,0.6347784996032715,0.6535721814636865
fcg_official,external,1,official,525,face2face_faces_c23/047_862,ffpp_test:7,1,face2face,webp50,0.21475940942764282,0.5534844445033967
fcg_official,external,1,official,526,faceswap_faces_c23/862_047,ffpp_test:7,1,faceswap,webp50,0.6296084523200989,0.6524006746450024
fcg_official,external,1,official,527,faceswap_faces_c23/047_862,ffpp_test:7,1,faceswap,webp50,1.8933051824569702,0.8691319262502012
fcg_official,external,1,official,528,neuraltextures_faces_c23/862_047,ffpp_test:7,1,neuraltextures,webp50,0.3921405076980591,0.5967978765766705
fcg_official,external,1,official,529,neuraltextures_faces_c23/047_862,ffpp_test:7,1,neuraltextures,webp50,-0.5852200984954834,0.3577323356483464
fcg_official,external,1,official,530,original_faces_c23/607,ffpp_test:49,0,real,webp50,-0.609042763710022,0.35227758736844156
fcg_official,external,1,official,531,original_faces_c23/683,ffpp_test:49,0,real,webp50,-0.1961071491241455,0.45112973353757607
fcg_official,external,1,official,532,deepfakes_faces_c23/607_683,ffpp_test:49,1,deepfakes,webp50,2.029555082321167,0.8838654161129923
fcg_official,external,1,official,533,deepfakes_faces_c23/683_607,ffpp_test:49,1,deepfakes,webp50,2.9352238178253174,0.9495604602533827
fcg_official,external,1,official,534,face2face_faces_c23/607_683,ffpp_test:49,1,face2face,webp50,0.520037055015564,0.6271564309743346
fcg_official,external,1,official,535,face2face_faces_c23/683_607,ffpp_test:49,1,face2face,webp50,0.47906097769737244,0.6175261138231954
fcg_official,external,1,official,536,faceswap_faces_c23/607_683,ffpp_test:49,1,faceswap,webp50,2.008277654647827,0.8816634427968311
fcg_official,external,1,official,537,faceswap_faces_c23/683_607,ffpp_test:49,1,faceswap,webp50,2.039740562438965,0.8849068477286378
fcg_official,external,1,official,538,neuraltextures_faces_c23/607_683,ffpp_test:49,1,neuraltextures,webp50,-0.09250682592391968,0.47688977167526997
fcg_official,external,1,official,539,neuraltextures_faces_c23/683_607,ffpp_test:49,1,neuraltextures,webp50,0.19834405183792114,0.5494240889658131
fcg_official,external,1,official,540,original_faces_c23/517,ffpp_test:45,0,real,webp50,0.13223958015441895,0.5330118017624271
fcg_official,external,1,official,541,original_faces_c23/521,ffpp_test:45,0,real,webp50,-0.9810417890548706,0.27268511885423313
fcg_official,external,1,official,542,deepfakes_faces_c23/517_521,ffpp_test:45,1,deepfakes,webp50,2.178257703781128,0.8982799836099327
fcg_official,external,1,official,543,deepfakes_faces_c23/521_517,ffpp_test:45,1,deepfakes,webp50,1.4490467309951782,0.8098516816033284
fcg_official,external,1,official,544,face2face_faces_c23/517_521,ffpp_test:45,1,face2face,webp50,1.0798192024230957,0.7464597675499745
fcg_official,external,1,official,545,face2face_faces_c23/521_517,ffpp_test:45,1,face2face,webp50,0.5120352506637573,0.62528346340898
fcg_official,external,1,official,546,faceswap_faces_c23/517_521,ffpp_test:45,1,faceswap,webp50,1.9462368488311768,0.8750357284104933
fcg_official,external,1,official,547,faceswap_faces_c23/521_517,ffpp_test:45,1,faceswap,webp50,0.5557895302772522,0.6354777602322806
fcg_official,external,1,official,548,neuraltextures_faces_c23/517_521,ffpp_test:45,1,neuraltextures,webp50,0.7788418531417847,0.6854304531138364
fcg_official,external,1,official,549,neuraltextures_faces_c23/521_517,ffpp_test:45,1,neuraltextures,webp50,0.039715588092803955,0.5099275921351356
fcg_official,external,1,official,550,original_faces_c23/682,ffpp_test:55,0,real,webp50,-1.252759575843811,0.22222280860699456
fcg_official,external,1,official,551,original_faces_c23/669,ffpp_test:55,0,real,webp50,-0.4382508397102356,0.392157837969277
fcg_official,external,1,official,552,deepfakes_faces_c23/682_669,ffpp_test:55,1,deepfakes,webp50,1.1773192882537842,0.7644654623641722
fcg_official,external,1,official,553,deepfakes_faces_c23/669_682,ffpp_test:55,1,deepfakes,webp50,1.4885575771331787,0.8158616740908717
fcg_official,external,1,official,554,face2face_faces_c23/682_669,ffpp_test:55,1,face2face,webp50,-0.3265964388847351,0.41906899171994594
fcg_official,external,1,official,555,face2face_faces_c23/669_682,ffpp_test:55,1,face2face,webp50,1.3774129152297974,0.7985751816893695
fcg_official,external,1,official,556,faceswap_faces_c23/682_669,ffpp_test:55,1,faceswap,webp50,-0.4037098288536072,0.4004213408700031
fcg_official,external,1,official,557,faceswap_faces_c23/669_682,ffpp_test:55,1,faceswap,webp50,0.9189198017120361,0.7148219567376713
fcg_official,external,1,official,558,neuraltextures_faces_c23/682_669,ffpp_test:55,1,neuraltextures,webp50,-0.4618344306945801,0.38655073623302055
fcg_official,external,1,official,559,neuraltextures_faces_c23/669_682,ffpp_test:55,1,neuraltextures,webp50,0.5331355929374695,0.6302141418367843
fcg_official,external,1,official,560,original_faces_c23/138,ffpp_test:12,0,real,webp50,-0.1379765272140503,0.4655604877829538
fcg_official,external,1,official,561,original_faces_c23/142,ffpp_test:12,0,real,webp50,-1.2064515352249146,0.23032951303808802
fcg_official,external,1,official,562,deepfakes_faces_c23/138_142,ffpp_test:12,1,deepfakes,webp50,1.6402071714401245,0.8375631253003449
fcg_official,external,1,official,563,deepfakes_faces_c23/142_138,ffpp_test:12,1,deepfakes,webp50,0.20266801118850708,0.5504942861156814
fcg_official,external,1,official,564,face2face_faces_c23/138_142,ffpp_test:12,1,face2face,webp50,1.7976489067077637,0.8578624970032577
fcg_official,external,1,official,565,face2face_faces_c23/142_138,ffpp_test:12,1,face2face,webp50,-0.24153977632522583,0.43990693202346753
fcg_official,external,1,official,566,faceswap_faces_c23/138_142,ffpp_test:12,1,faceswap,webp50,0.8027554750442505,0.6905635952018429
fcg_official,external,1,official,567,faceswap_faces_c23/142_138,ffpp_test:12,1,faceswap,webp50,0.8405282497406006,0.6985764598381379
fcg_official,external,1,official,568,neuraltextures_faces_c23/138_142,ffpp_test:12,1,neuraltextures,webp50,0.9402490854263306,0.719149968765816
fcg_official,external,1,official,569,neuraltextures_faces_c23/142_138,ffpp_test:12,1,neuraltextures,webp50,-0.49455660581588745,0.3788207367637832
fcg_official,external,1,official,570,original_faces_c23/552,ffpp_test:47,0,real,webp50,-1.440261721611023,0.1915048227427079
fcg_official,external,1,official,571,original_faces_c23/851,ffpp_test:47,0,real,webp50,-1.0375391244888306,0.26162510052417953
fcg_official,external,1,official,572,deepfakes_faces_c23/552_851,ffpp_test:47,1,deepfakes,webp50,1.8875761032104492,0.8684789122910374
fcg_official,external,1,official,573,deepfakes_faces_c23/851_552,ffpp_test:47,1,deepfakes,webp50,0.3864949345588684,0.5954386421627335
fcg_official,external,1,official,574,face2face_faces_c23/552_851,ffpp_test:47,1,face2face,webp50,-1.0100563764572144,0.26696881794263616
fcg_official,external,1,official,575,face2face_faces_c23/851_552,ffpp_test:47,1,face2face,webp50,0.09841728210449219,0.5245844800350493
fcg_official,external,1,official,576,faceswap_faces_c23/552_851,ffpp_test:47,1,faceswap,webp50,0.40983492136001587,0.6010482954267966
fcg_official,external,1,official,577,faceswap_faces_c23/851_552,ffpp_test:47,1,faceswap,webp50,1.5518773794174194,0.8251847183704475
fcg_official,external,1,official,578,neuraltextures_faces_c23/552_851,ffpp_test:47,1,neuraltextures,webp50,-0.980658769607544,0.27276108892752676
fcg_official,external,1,official,579,neuraltextures_faces_c23/851_552,ffpp_test:47,1,neuraltextures,webp50,-0.1053585410118103,0.47368470282036196
fcg_official,external,1,official,580,original_faces_c23/376,ffpp_test:31,0,real,webp50,-0.6578006744384766,0.3412338324377261
fcg_official,external,1,official,581,original_faces_c23/381,ffpp_test:31,0,real,webp50,-1.5725820064544678,0.1718486177659759
fcg_official,external,1,official,582,deepfakes_faces_c23/376_381,ffpp_test:31,1,deepfakes,webp50,0.5512183308601379,0.6344182068618559
fcg_official,external,1,official,583,deepfakes_faces_c23/381_376,ffpp_test:31,1,deepfakes,webp50,1.8010698556900024,0.8582791180325495
fcg_official,external,1,official,584,face2face_faces_c23/376_381,ffpp_test:31,1,face2face,webp50,0.4962307810783386,0.6215731427690003
fcg_official,external,1,official,585,face2face_faces_c23/381_376,ffpp_test:31,1,face2face,webp50,-0.1164470911026001,0.47092107879993034
fcg_official,external,1,official,586,faceswap_faces_c23/376_381,ffpp_test:31,1,faceswap,webp50,1.3618688583374023,0.7960632682802635
fcg_official,external,1,official,587,faceswap_faces_c23/381_376,ffpp_test:31,1,faceswap,webp50,1.2107059955596924,0.7704238429878298
fcg_official,external,1,official,588,neuraltextures_faces_c23/376_381,ffpp_test:31,1,neuraltextures,webp50,0.38402456045150757,0.5948434100888274
fcg_official,external,1,official,589,neuraltextures_faces_c23/381_376,ffpp_test:31,1,neuraltextures,webp50,-0.853466272354126,0.2987062336859091
fcg_official,external,1,official,590,original_faces_c23/000,ffpp_test:0,0,real,webp50,-1.3305821418762207,0.20906308842442303
fcg_official,external,1,official,591,original_faces_c23/003,ffpp_test:0,0,real,webp50,-0.7994625568389893,0.31014049491219825
fcg_official,external,1,official,592,deepfakes_faces_c23/000_003,ffpp_test:0,1,deepfakes,webp50,0.5232998132705688,0.6279190487177276
fcg_official,external,1,official,593,deepfakes_faces_c23/003_000,ffpp_test:0,1,deepfakes,webp50,0.45109719038009644,0.6109000691032714
fcg_official,external,1,official,594,face2face_faces_c23/000_003,ffpp_test:0,1,face2face,webp50,-0.6150007247924805,0.35091931066583926
fcg_official,external,1,official,595,face2face_faces_c23/003_000,ffpp_test:0,1,face2face,webp50,0.5318413972854614,0.6299124861527333
fcg_official,external,1,official,596,faceswap_faces_c23/000_003,ffpp_test:0,1,faceswap,webp50,0.7970792651176453,0.6893493612024778
fcg_official,external,1,official,597,faceswap_faces_c23/003_000,ffpp_test:0,1,faceswap,webp50,1.1006113290786743,0.7503746327257337
fcg_official,external,1,official,598,neuraltextures_faces_c23/000_003,ffpp_test:0,1,neuraltextures,webp50,-0.5972235202789307,0.35497916516221933
fcg_official,external,1,official,599,neuraltextures_faces_c23/003_000,ffpp_test:0,1,neuraltextures,webp50,-0.6375162601470947,0.345808207779527
fcg_official,external,1,official,600,original_faces_c23/048,ffpp_test:4,0,real,webp50,-0.7117272615432739,0.32921729092582236
fcg_official,external,1,official,601,original_faces_c23/029,ffpp_test:4,0,real,webp50,0.08678734302520752,0.5216832275478115
fcg_official,external,1,official,602,deepfakes_faces_c23/048_029,ffpp_test:4,1,deepfakes,webp50,1.93742036819458,0.8740684701317916
fcg_official,external,1,official,603,deepfakes_faces_c23/029_048,ffpp_test:4,1,deepfakes,webp50,0.5988894701004028,0.6454021934081352
fcg_official,external,1,official,604,face2face_faces_c23/048_029,ffpp_test:4,1,face2face,webp50,0.5056933164596558,0.623796345926831
fcg_official,external,1,official,605,face2face_faces_c23/029_048,ffpp_test:4,1,face2face,webp50,1.06636643409729,0.743905298144847
fcg_official,external,1,official,606,faceswap_faces_c23/048_029,ffpp_test:4,1,faceswap,webp50,0.8416998982429504,0.6988231133897257
fcg_official,external,1,official,607,faceswap_faces_c23/029_048,ffpp_test:4,1,faceswap,webp50,1.1239166259765625,0.7547144874419829
fcg_official,external,1,official,608,neuraltextures_faces_c23/048_029,ffpp_test:4,1,neuraltextures,webp50,-0.10423523187637329,0.47396476046752767
fcg_official,external,1,official,609,neuraltextures_faces_c23/029_048,ffpp_test:4,1,neuraltextures,webp50,1.2571698427200317,0.7785385272537829
fcg_official,external,1,official,610,original_faces_c23/724,ffpp_test:59,0,real,webp50,-0.34763240814208984,0.413956673437287
fcg_official,external,1,official,611,original_faces_c23/725,ffpp_test:59,0,real,webp50,-1.675522804260254,0.15768923398339496
fcg_official,external,1,official,612,deepfakes_faces_c23/724_725,ffpp_test:59,1,deepfakes,webp50,1.7490495443344116,0.8518328816254457
fcg_official,external,1,official,613,deepfakes_faces_c23/725_724,ffpp_test:59,1,deepfakes,webp50,2.211813449859619,0.9013053578950408
fcg_official,external,1,official,614,face2face_faces_c23/724_725,ffpp_test:59,1,face2face,webp50,0.7132099866867065,0.6711100611572823
fcg_official,external,1,official,615,face2face_faces_c23/725_724,ffpp_test:59,1,face2face,webp50,-0.25614285469055176,0.43631211522197255
fcg_official,external,1,official,616,faceswap_faces_c23/724_725,ffpp_test:59,1,faceswap,webp50,1.5720219612121582,0.8280716638113621
fcg_official,external,1,official,617,faceswap_faces_c23/725_724,ffpp_test:59,1,faceswap,webp50,0.6023447513580322,0.6461925649913248
fcg_official,external,1,official,618,neuraltextures_faces_c23/724_725,ffpp_test:59,1,neuraltextures,webp50,0.1371510624885559,0.5342341192755042
fcg_official,external,1,official,619,neuraltextures_faces_c23/725_724,ffpp_test:59,1,neuraltextures,webp50,-0.9134347438812256,0.28629749693406464
fcg_official,external,1,official,620,original_faces_c23/608,ffpp_test:50,0,real,webp50,-0.9492552280426025,0.2790346262969815
fcg_official,external,1,official,621,original_faces_c23/675,ffpp_test:50,0,real,webp50,-1.6420581340789795,0.16218520644752335
fcg_official,external,1,official,622,deepfakes_faces_c23/608_675,ffpp_test:50,1,deepfakes,webp50,2.286236047744751,0.9077306810852361
fcg_official,external,1,official,623,deepfakes_faces_c23/675_608,ffpp_test:50,1,deepfakes,webp50,0.5132420063018799,0.6255661683714449
fcg_official,external,1,official,624,face2face_faces_c23/608_675,ffpp_test:50,1,face2face,webp50,0.09387421607971191,0.523451334731966
fcg_official,external,1,official,625,face2face_faces_c23/675_608,ffpp_test:50,1,face2face,webp50,0.3896172046661377,0.5961905457178389
fcg_official,external,1,official,626,faceswap_faces_c23/608_675,ffpp_test:50,1,faceswap,webp50,1.6508451700210571,0.839005244851089
fcg_official,external,1,official,627,faceswap_faces_c23/675_608,ffpp_test:50,1,faceswap,webp50,-2.3245811462402344e-05,0.49999418854713473
fcg_official,external,1,official,628,neuraltextures_faces_c23/608_675,ffpp_test:50,1,neuraltextures,webp50,0.2056506872177124,0.5512322385859435
fcg_official,external,1,official,629,neuraltextures_faces_c23/675_608,ffpp_test:50,1,neuraltextures,webp50,-0.15324848890304565,0.4617626824327339
fcg_official,external,1,official,630,original_faces_c23/386,ffpp_test:14,0,real,webp50,-1.571883201599121,0.1719480921530044
fcg_official,external,1,official,631,original_faces_c23/154,ffpp_test:14,0,real,webp50,-1.2184457778930664,0.22821008044301266
fcg_official,external,1,official,632,deepfakes_faces_c23/386_154,ffpp_test:14,1,deepfakes,webp50,1.6790639162063599,0.842780538400188
fcg_official,external,1,official,633,deepfakes_faces_c23/154_386,ffpp_test:14,1,deepfakes,webp50,1.4626291990280151,0.8119344745837829
fcg_official,external,1,official,634,face2face_faces_c23/386_154,ffpp_test:14,1,face2face,webp50,-0.0545041561126709,0.4863773332129995
fcg_official,external,1,official,635,face2face_faces_c23/154_386,ffpp_test:14,1,face2face,webp50,0.5141570568084717,0.6257804788833471
fcg_official,external,1,official,636,faceswap_faces_c23/386_154,ffpp_test:14,1,faceswap,webp50,0.04302060604095459,0.510753493038923
fcg_official,external,1,official,637,faceswap_faces_c23/154_386,ffpp_test:14,1,faceswap,webp50,0.9424823522567749,0.7196008081803
fcg_official,external,1,official,638,neuraltextures_faces_c23/386_154,ffpp_test:14,1,neuraltextures,webp50,-1.0513617992401123,0.2589636837408631
fcg_official,external,1,official,639,neuraltextures_faces_c23/154_386,ffpp_test:14,1,neuraltextures,webp50,-0.6245207190513611,0.34875398395567736
fcg_official,external,1,official,640,original_faces_c23/220,ffpp_test:20,0,real,webp50,0.37329649925231934,0.5922552880670351
fcg_official,external,1,official,641,original_faces_c23/219,ffpp_test:20,0,real,webp50,-0.47829002141952515,0.38265599299068725
fcg_official,external,1,official,642,deepfakes_faces_c23/220_219,ffpp_test:20,1,deepfakes,webp50,1.6669909954071045,0.8411742302804717
fcg_official,external,1,official,643,deepfakes_faces_c23/219_220,ffpp_test:20,1,deepfakes,webp50,1.748268723487854,0.8517343043211741
fcg_official,external,1,official,644,face2face_faces_c23/220_219,ffpp_test:20,1,face2face,webp50,1.49709951877594,0.8171414811734807
fcg_official,external,1,official,645,face2face_faces_c23/219_220,ffpp_test:20,1,face2face,webp50,0.13568979501724243,0.5338704968509248
fcg_official,external,1,official,646,faceswap_faces_c23/220_219,ffpp_test:20,1,faceswap,webp50,1.1584432125091553,0.7610497233666531
fcg_official,external,1,official,647,faceswap_faces_c23/219_220,ffpp_test:20,1,faceswap,webp50,0.6078460216522217,0.6474492940651758
fcg_official,external,1,official,648,neuraltextures_faces_c23/220_219,ffpp_test:20,1,neuraltextures,webp50,0.8354167938232422,0.6974990626802509
fcg_official,external,1,official,649,neuraltextures_faces_c23/219_220,ffpp_test:20,1,neuraltextures,webp50,0.07826554775238037,0.519556405233653
fcg_official,external,1,official,650,original_faces_c23/801,ffpp_test:63,0,real,webp50,-0.8753668069839478,0.2941388095174364
fcg_official,external,1,official,651,original_faces_c23/855,ffpp_test:63,0,real,webp50,-1.2032710313796997,0.23089382938485242
fcg_official,external,1,official,652,deepfakes_faces_c23/801_855,ffpp_test:63,1,deepfakes,webp50,0.7232590913772583,0.6733242870789862
fcg_official,external,1,official,653,deepfakes_faces_c23/855_801,ffpp_test:63,1,deepfakes,webp50,2.1083922386169434,0.8917161880679408
fcg_official,external,1,official,654,face2face_faces_c23/801_855,ffpp_test:63,1,face2face,webp50,-0.4094240665435791,0.3990502272271035
fcg_official,external,1,official,655,face2face_faces_c23/855_801,ffpp_test:63,1,face2face,webp50,-0.3335278034210205,0.41738250264103033
fcg_official,external,1,official,656,faceswap_faces_c23/801_855,ffpp_test:63,1,faceswap,webp50,-0.3524690866470337,0.4127838023311792
fcg_official,external,1,official,657,faceswap_faces_c23/855_801,ffpp_test:63,1,faceswap,webp50,0.6533794403076172,0.65777160723009
fcg_official,external,1,official,658,neuraltextures_faces_c23/801_855,ffpp_test:63,1,neuraltextures,webp50,-0.46037572622299194,0.38689669494256324
fcg_official,external,1,official,659,neuraltextures_faces_c23/855_801,ffpp_test:63,1,neuraltextures,webp50,-0.18751204013824463,0.4532588642836424
fcg_official,external,1,official,660,original_faces_c23/161,ffpp_test:13,0,real,webp50,-0.716041088104248,0.32826535730759593
fcg_official,external,1,official,661,original_faces_c23/141,ffpp_test:13,0,real,webp50,-0.930428683757782,0.2828377519600288
fcg_official,external,1,official,662,deepfakes_faces_c23/161_141,ffpp_test:13,1,deepfakes,webp50,1.4251164197921753,0.8061392567648198
fcg_official,external,1,official,663,deepfakes_faces_c23/141_161,ffpp_test:13,1,deepfakes,webp50,1.301135540008545,0.7860260305363523
fcg_official,external,1,official,664,face2face_faces_c23/161_141,ffpp_test:13,1,face2face,webp50,0.4617118239402771,0.6134201897131293
fcg_official,external,1,official,665,face2face_faces_c23/141_161,ffpp_test:13,1,face2face,webp50,-0.5421348810195923,0.3676910944301791
fcg_official,external,1,official,666,faceswap_faces_c23/161_141,ffpp_test:13,1,faceswap,webp50,1.5682287216186523,0.8275309519036441
fcg_official,external,1,official,667,faceswap_faces_c23/141_161,ffpp_test:13,1,faceswap,webp50,1.3258317708969116,0.7901503249636368
fcg_official,external,1,official,668,neuraltextures_faces_c23/161_141,ffpp_test:13,1,neuraltextures,webp50,0.4775523543357849,0.617169732553407
fcg_official,external,1,official,669,neuraltextures_faces_c23/141_161,ffpp_test:13,1,neuraltextures,webp50,-0.18324416875839233,0.45431671738616664
fcg_official,external,1,official,670,original_faces_c23/949,ffpp_test:66,0,real,webp50,-1.0697460174560547,0.2554513876299649
fcg_official,external,1,official,671,original_faces_c23/868,ffpp_test:66,0,real,webp50,-1.037567138671875,0.26161968885307024
fcg_official,external,1,official,672,deepfakes_faces_c23/949_868,ffpp_test:66,1,deepfakes,webp50,0.40044718980789185,0.5987950975259533
fcg_official,external,1,official,673,deepfakes_faces_c23/868_949,ffpp_test:66,1,deepfakes,webp50,1.4004459381103516,0.8022546426662479
fcg_official,external,1,official,674,face2face_faces_c23/949_868,ffpp_test:66,1,face2face,webp50,0.2411443591117859,0.5599956392808325
fcg_official,external,1,official,675,face2face_faces_c23/868_949,ffpp_test:66,1,face2face,webp50,-0.09002453088760376,0.4775090548916908
fcg_official,external,1,official,676,faceswap_faces_c23/949_868,ffpp_test:66,1,faceswap,webp50,0.5541013479232788,0.6350866105526487
fcg_official,external,1,official,677,faceswap_faces_c23/868_949,ffpp_test:66,1,faceswap,webp50,0.329784631729126,0.5817069735014003
fcg_official,external,1,official,678,neuraltextures_faces_c23/949_868,ffpp_test:66,1,neuraltextures,webp50,-0.3776646852493286,0.40669026983593226
fcg_official,external,1,official,679,neuraltextures_faces_c23/868_949,ffpp_test:66,1,neuraltextures,webp50,-0.1907869577407837,0.45244741464264987
fcg_official,external,1,official,680,original_faces_c23/880,ffpp_test:11,0,real,webp50,-1.204697608947754,0.23064059233499407
fcg_official,external,1,official,681,original_faces_c23/135,ffpp_test:11,0,real,webp50,-0.36750590801239014,0.40914381931127153
fcg_official,external,1,official,682,deepfakes_faces_c23/880_135,ffpp_test:11,1,deepfakes,webp50,0.9922682642936707,0.7295357141389954
fcg_official,external,1,official,683,deepfakes_faces_c23/135_880,ffpp_test:11,1,deepfakes,webp50,1.8882272243499756,0.8685532676482698
fcg_official,external,1,official,684,face2face_faces_c23/880_135,ffpp_test:11,1,face2face,webp50,-0.640263557434082,0.3451869643057734
fcg_official,external,1,official,685,face2face_faces_c23/135_880,ffpp_test:11,1,face2face,webp50,0.42979758977890015,0.6058253337043066
fcg_official,external,1,official,686,faceswap_faces_c23/880_135,ffpp_test:11,1,faceswap,webp50,1.5205026865005493,0.82061249180775
fcg_official,external,1,official,687,faceswap_faces_c23/135_880,ffpp_test:11,1,faceswap,webp50,1.938637614250183,0.8742023947917508
fcg_official,external,1,official,688,neuraltextures_faces_c23/880_135,ffpp_test:11,1,neuraltextures,webp50,-0.25236982107162476,0.4372402915854148
fcg_official,external,1,official,689,neuraltextures_faces_c23/135_880,ffpp_test:11,1,neuraltextures,webp50,0.31600290536880493,0.578349821895429
fcg_official,external,1,official,690,original_faces_c23/429,ffpp_test:35,0,real,webp50,-1.007298469543457,0.26750887732739415
fcg_official,external,1,official,691,original_faces_c23/404,ffpp_test:35,0,real,webp50,-1.298079490661621,0.21448841296263124
fcg_official,external,1,official,692,deepfakes_faces_c23/429_404,ffpp_test:35,1,deepfakes,webp50,1.7356981039047241,0.850139819985588
fcg_official,external,1,official,693,deepfakes_faces_c23/404_429,ffpp_test:35,1,deepfakes,webp50,1.5044195652008057,0.8182327137281802
fcg_official,external,1,official,694,face2face_faces_c23/429_404,ffpp_test:35,1,face2face,webp50,0.18636423349380493,0.546456676477236
fcg_official,external,1,official,695,face2face_faces_c23/404_429,ffpp_test:35,1,face2face,webp50,0.34114933013916016,0.5844696819245169
fcg_official,external,1,official,696,faceswap_faces_c23/429_404,ffpp_test:35,1,faceswap,webp50,-0.12143731117248535,0.4696779264048916
fcg_official,external,1,official,697,faceswap_faces_c23/404_429,ffpp_test:35,1,faceswap,webp50,0.549383282661438,0.6339924960417291
fcg_official,external,1,official,698,neuraltextures_faces_c23/429_404,ffpp_test:35,1,neuraltextures,webp50,-0.5819121599197388,0.35849272447861197
fcg_official,external,1,official,699,neuraltextures_faces_c23/404_429,ffpp_test:35,1,neuraltextures,webp50,-0.35248398780822754,0.4127801903937182
fcg_official,external,1,official,0,original_faces_c23/953,ffpp_test:68,0,real,h264_crf35,-0.9343318939208984,0.2820466941610035
fcg_official,external,1,official,1,original_faces_c23/974,ffpp_test:68,0,real,h264_crf35,-1.1223818063735962,0.24556975024050565
fcg_official,external,1,official,2,deepfakes_faces_c23/953_974,ffpp_test:68,1,deepfakes,h264_crf35,1.0016846656799316,0.7313896750464767
fcg_official,external,1,official,3,deepfakes_faces_c23/974_953,ffpp_test:68,1,deepfakes,h264_crf35,-0.03954493999481201,0.49011505314292614
fcg_official,external,1,official,4,face2face_faces_c23/953_974,ffpp_test:68,1,face2face,h264_crf35,1.0208607912063599,0.7351402372414153
fcg_official,external,1,official,5,face2face_faces_c23/974_953,ffpp_test:68,1,face2face,h264_crf35,0.27347272634506226,0.5679452547701943
fcg_official,external,1,official,6,faceswap_faces_c23/953_974,ffpp_test:68,1,faceswap,h264_crf35,0.08346688747406006,0.5208546159160082
fcg_official,external,1,official,7,faceswap_faces_c23/974_953,ffpp_test:68,1,faceswap,h264_crf35,-0.45504307746887207,0.3881624003796056
fcg_official,external,1,official,8,neuraltextures_faces_c23/953_974,ffpp_test:68,1,neuraltextures,h264_crf35,-0.39505648612976074,0.40250064952984843
fcg_official,external,1,official,9,neuraltextures_faces_c23/974_953,ffpp_test:68,1,neuraltextures,h264_crf35,-0.6576845049858093,0.3412599470344419
fcg_official,external,1,official,10,original_faces_c23/012,ffpp_test:1,0,real,h264_crf35,-0.7691705226898193,0.31665856617132593
fcg_official,external,1,official,11,original_faces_c23/026,ffpp_test:1,0,real,h264_crf35,-0.9643187522888184,0.27601434247424317
fcg_official,external,1,official,12,deepfakes_faces_c23/012_026,ffpp_test:1,1,deepfakes,h264_crf35,0.31185489892959595,0.5773379562293068
fcg_official,external,1,official,13,deepfakes_faces_c23/026_012,ffpp_test:1,1,deepfakes,h264_crf35,0.24883002042770386,0.5618885081196993
fcg_official,external,1,official,14,face2face_faces_c23/012_026,ffpp_test:1,1,face2face,h264_crf35,0.4900438189506531,0.6201167549137381
fcg_official,external,1,official,15,face2face_faces_c23/026_012,ffpp_test:1,1,face2face,h264_crf35,0.07213771343231201,0.5180266117211643
fcg_official,external,1,official,16,faceswap_faces_c23/012_026,ffpp_test:1,1,faceswap,h264_crf35,0.21487808227539062,0.5535137730552829
fcg_official,external,1,official,17,faceswap_faces_c23/026_012,ffpp_test:1,1,faceswap,h264_crf35,-0.043218910694122314,0.48919695383509454
fcg_official,external,1,official,18,neuraltextures_faces_c23/012_026,ffpp_test:1,1,neuraltextures,h264_crf35,0.5348067283630371,0.6306035055659588
fcg_official,external,1,official,19,neuraltextures_faces_c23/026_012,ffpp_test:1,1,neuraltextures,h264_crf35,-0.5704259276390076,0.36113855008110507
fcg_official,external,1,official,20,original_faces_c23/078,ffpp_test:8,0,real,h264_crf35,-1.3981311321258545,0.19811284003712518
fcg_official,external,1,official,21,original_faces_c23/955,ffpp_test:8,0,real,h264_crf35,-1.2004812955856323,0.23138960775769934
fcg_official,external,1,official,22,deepfakes_faces_c23/078_955,ffpp_test:8,1,deepfakes,h264_crf35,0.26514554023742676,0.5659007562295884
fcg_official,external,1,official,23,deepfakes_faces_c23/955_078,ffpp_test:8,1,deepfakes,h264_crf35,0.40415364503860474,0.5996852076245668
fcg_official,external,1,official,24,face2face_faces_c23/078_955,ffpp_test:8,1,face2face,h264_crf35,-0.41246551275253296,0.3983210850501092
fcg_official,external,1,official,25,face2face_faces_c23/955_078,ffpp_test:8,1,face2face,h264_crf35,0.09805423021316528,0.5244939356824138
fcg_official,external,1,official,26,faceswap_faces_c23/078_955,ffpp_test:8,1,faceswap,h264_crf35,0.19974106550216675,0.5497699059063564
fcg_official,external,1,official,27,faceswap_faces_c23/955_078,ffpp_test:8,1,faceswap,h264_crf35,0.1990572214126587,0.5496006330409786
fcg_official,external,1,official,28,neuraltextures_faces_c23/078_955,ffpp_test:8,1,neuraltextures,h264_crf35,-0.5874603986740112,0.3572177686963556
fcg_official,external,1,official,29,neuraltextures_faces_c23/955_078,ffpp_test:8,1,neuraltextures,h264_crf35,-0.03624236583709717,0.490940400174571
fcg_official,external,1,official,30,original_faces_c23/623,ffpp_test:51,0,real,h264_crf35,-1.3800134658813477,0.2010068370796879
fcg_official,external,1,official,31,original_faces_c23/630,ffpp_test:51,0,real,h264_crf35,-0.48842453956604004,0.3802647760384751
fcg_official,external,1,official,32,deepfakes_faces_c23/623_630,ffpp_test:51,1,deepfakes,h264_crf35,0.49105578660964966,0.6203551171295884
fcg_official,external,1,official,33,deepfakes_faces_c23/630_623,ffpp_test:51,1,deepfakes,h264_crf35,0.8957110047340393,0.7100673159635582
fcg_official,external,1,official,34,face2face_faces_c23/623_630,ffpp_test:51,1,face2face,h264_crf35,-0.7215970754623413,0.3270413930233836
fcg_official,external,1,official,35,face2face_faces_c23/630_623,ffpp_test:51,1,face2face,h264_crf35,0.18181520700454712,0.5453290012976151
fcg_official,external,1,official,36,faceswap_faces_c23/623_630,ffpp_test:51,1,faceswap,h264_crf35,0.03642958402633667,0.5091063889270567
fcg_official,external,1,official,37,faceswap_faces_c23/630_623,ffpp_test:51,1,faceswap,h264_crf35,0.5555500388145447,0.6354222812466478
fcg_official,external,1,official,38,neuraltextures_faces_c23/623_630,ffpp_test:51,1,neuraltextures,h264_crf35,-0.7898213863372803,0.3122070225207036
fcg_official,external,1,official,39,neuraltextures_faces_c23/630_623,ffpp_test:51,1,neuraltextures,h264_crf35,0.17989754676818848,0.544853485301417
fcg_official,external,1,official,40,original_faces_c23/919,ffpp_test:2,0,real,h264_crf35,-0.4786672592163086,0.38256688190678756
fcg_official,external,1,official,41,original_faces_c23/015,ffpp_test:2,0,real,h264_crf35,-0.8524262309074402,0.29892414802218814
fcg_official,external,1,official,42,deepfakes_faces_c23/919_015,ffpp_test:2,1,deepfakes,h264_crf35,1.5540086030960083,0.82549194478991
fcg_official,external,1,official,43,deepfakes_faces_c23/015_919,ffpp_test:2,1,deepfakes,h264_crf35,-0.4792908728122711,0.38241958926574526
fcg_official,external,1,official,44,face2face_faces_c23/919_015,ffpp_test:2,1,face2face,h264_crf35,0.453310489654541,0.6114260436228959
fcg_official,external,1,official,45,face2face_faces_c23/015_919,ffpp_test:2,1,face2face,h264_crf35,-1.1661629676818848,0.23754924604286698
fcg_official,external,1,official,46,faceswap_faces_c23/919_015,ffpp_test:2,1,faceswap,h264_crf35,-0.00010079145431518555,0.4999748021364426
fcg_official,external,1,official,47,faceswap_faces_c23/015_919,ffpp_test:2,1,faceswap,h264_crf35,0.2397405505180359,0.5596497110306694
fcg_official,external,1,official,48,neuraltextures_faces_c23/919_015,ffpp_test:2,1,neuraltextures,h264_crf35,-0.1306402087211609,0.4673863190695682
fcg_official,external,1,official,49,neuraltextures_faces_c23/015_919,ffpp_test:2,1,neuraltextures,h264_crf35,-0.6761297583580017,0.33712564709386367
fcg_official,external,1,official,50,original_faces_c23/367,ffpp_test:30,0,real,h264_crf35,-0.2759312391281128,0.43145156796115447
fcg_official,external,1,official,51,original_faces_c23/371,ffpp_test:30,0,real,h264_crf35,-0.5579122304916382,0.36403066677880486
fcg_official,external,1,official,52,deepfakes_faces_c23/367_371,ffpp_test:30,1,deepfakes,h264_crf35,0.29921793937683105,0.574251324470881
fcg_official,external,1,official,53,deepfakes_faces_c23/371_367,ffpp_test:30,1,deepfakes,h264_crf35,1.0954065322875977,0.7493984390793944
fcg_official,external,1,official,54,face2face_faces_c23/367_371,ffpp_test:30,1,face2face,h264_crf35,0.28191930055618286,0.5700167030968776
fcg_official,external,1,official,55,face2face_faces_c23/371_367,ffpp_test:30,1,face2face,h264_crf35,-0.08637863397598267,0.47841875845727855
fcg_official,external,1,official,56,faceswap_faces_c23/367_371,ffpp_test:30,1,faceswap,h264_crf35,0.24103856086730957,0.5599695703725864
fcg_official,external,1,official,57,faceswap_faces_c23/371_367,ffpp_test:30,1,faceswap,h264_crf35,-0.10851877927780151,0.47289689787420985
fcg_official,external,1,official,58,neuraltextures_faces_c23/367_371,ffpp_test:30,1,neuraltextures,h264_crf35,0.8059209585189819,0.6912396048211092
fcg_official,external,1,official,59,neuraltextures_faces_c23/371_367,ffpp_test:30,1,neuraltextures,h264_crf35,-0.2888534665107727,0.4282845805906404
fcg_official,external,1,official,60,original_faces_c23/847,ffpp_test:65,0,real,h264_crf35,-1.1568634510040283,0.2392376795327006
fcg_official,external,1,official,61,original_faces_c23/906,ffpp_test:65,0,real,h264_crf35,-0.6071356534957886,0.352712870629611
fcg_official,external,1,official,62,deepfakes_faces_c23/847_906,ffpp_test:65,1,deepfakes,h264_crf35,0.7544893026351929,0.6801561078882795
fcg_official,external,1,official,63,deepfakes_faces_c23/906_847,ffpp_test:65,1,deepfakes,h264_crf35,1.8253049850463867,0.8612014663991231
fcg_official,external,1,official,64,face2face_faces_c23/847_906,ffpp_test:65,1,face2face,h264_crf35,0.3501693606376648,0.5866586478282201
fcg_official,external,1,official,65,face2face_faces_c23/906_847,ffpp_test:65,1,face2face,h264_crf35,0.012844979763031006,0.5032112007886064
fcg_official,external,1,official,66,faceswap_faces_c23/847_906,ffpp_test:65,1,faceswap,h264_crf35,0.846729576587677,0.6998806468400179
fcg_official,external,1,official,67,faceswap_faces_c23/906_847,ffpp_test:65,1,faceswap,h264_crf35,1.209242820739746,0.7701649474816143
fcg_official,external,1,official,68,neuraltextures_faces_c23/847_906,ffpp_test:65,1,neuraltextures,h264_crf35,0.15456384420394897,0.5385642167326902
fcg_official,external,1,official,69,neuraltextures_faces_c23/906_847,ffpp_test:65,1,neuraltextures,h264_crf35,-0.0612032413482666,0.4847039640693341
fcg_official,external,1,official,70,original_faces_c23/529,ffpp_test:46,0,real,h264_crf35,-0.910293459892273,0.28693979003065156
fcg_official,external,1,official,71,original_faces_c23/633,ffpp_test:46,0,real,h264_crf35,-0.004550457000732422,0.49886238771282865
fcg_official,external,1,official,72,deepfakes_faces_c23/529_633,ffpp_test:46,1,deepfakes,h264_crf35,1.2440330982208252,0.7762652530985893
fcg_official,external,1,official,73,deepfakes_faces_c23/633_529,ffpp_test:46,1,deepfakes,h264_crf35,0.8098235130310059,0.692071894723448
fcg_official,external,1,official,74,face2face_faces_c23/529_633,ffpp_test:46,1,face2face,h264_crf35,-0.5611876249313354,0.3632727107820136
fcg_official,external,1,official,75,face2face_faces_c23/633_529,ffpp_test:46,1,face2face,h264_crf35,0.377957820892334,0.5933804598938976
fcg_official,external,1,official,76,faceswap_faces_c23/529_633,ffpp_test:46,1,faceswap,h264_crf35,1.414943814277649,0.8045445420725915
fcg_official,external,1,official,77,faceswap_faces_c23/633_529,ffpp_test:46,1,faceswap,h264_crf35,0.9790483713150024,0.7269193516055569
fcg_official,external,1,official,78,neuraltextures_faces_c23/529_633,ffpp_test:46,1,neuraltextures,h264_crf35,-0.6018262505531311,0.35392598765649524
fcg_official,external,1,official,79,neuraltextures_faces_c23/633_529,ffpp_test:46,1,neuraltextures,h264_crf35,-0.1277167797088623,0.4681141356854244
fcg_official,external,1,official,80,original_faces_c23/418,ffpp_test:36,0,real,h264_crf35,-0.9224528074264526,0.28445838160105863
fcg_official,external,1,official,81,original_faces_c23/507,ffpp_test:36,0,real,h264_crf35,-0.18031692504882812,0.4550425158061901
fcg_official,external,1,official,82,deepfakes_faces_c23/418_507,ffpp_test:36,1,deepfakes,h264_crf35,0.31940948963165283,0.5791803335096648
fcg_official,external,1,official,83,deepfakes_faces_c23/507_418,ffpp_test:36,1,deepfakes,h264_crf35,0.3319714069366455,0.5822389730605365
fcg_official,external,1,official,84,face2face_faces_c23/418_507,ffpp_test:36,1,face2face,h264_crf35,0.2862239480018616,0.5710714425942337
fcg_official,external,1,official,85,face2face_faces_c23/507_418,ffpp_test:36,1,face2face,h264_crf35,0.14947646856307983,0.5372996934011209
fcg_official,external,1,official,86,faceswap_faces_c23/418_507,ffpp_test:36,1,faceswap,h264_crf35,0.6069231629371643,0.6472386148761614
fcg_official,external,1,official,87,faceswap_faces_c23/507_418,ffpp_test:36,1,faceswap,h264_crf35,0.4896392226219177,0.620021438730518
fcg_official,external,1,official,88,neuraltextures_faces_c23/418_507,ffpp_test:36,1,neuraltextures,h264_crf35,-0.041245877742767334,0.489689992157584
fcg_official,external,1,official,89,neuraltextures_faces_c23/507_418,ffpp_test:36,1,neuraltextures,h264_crf35,0.4803602695465088,0.617832943566786
fcg_official,external,1,official,90,original_faces_c23/227,ffpp_test:16,0,real,h264_crf35,-0.8859251737594604,0.29195144373825843
fcg_official,external,1,official,91,original_faces_c23/169,ffpp_test:16,0,real,h264_crf35,-0.4596860706806183,0.3870602992628598
fcg_official,external,1,official,92,deepfakes_faces_c23/227_169,ffpp_test:16,1,deepfakes,h264_crf35,0.7901469469070435,0.6878628820623505
fcg_official,external,1,official,93,deepfakes_faces_c23/169_227,ffpp_test:16,1,deepfakes,h264_crf35,-0.03771615028381348,0.49057208001017866
fcg_official,external,1,official,94,face2face_faces_c23/227_169,ffpp_test:16,1,face2face,h264_crf35,-0.9582052230834961,0.2772376829773183
fcg_official,external,1,official,95,face2face_faces_c23/169_227,ffpp_test:16,1,face2face,h264_crf35,-0.1349291205406189,0.4663188039825399
fcg_official,external,1,official,96,faceswap_faces_c23/227_169,ffpp_test:16,1,faceswap,h264_crf35,0.9652653932571411,0.7241747850773952
fcg_official,external,1,official,97,faceswap_faces_c23/169_227,ffpp_test:16,1,faceswap,h264_crf35,0.3492247462272644,0.586429569281416
fcg_official,external,1,official,98,neuraltextures_faces_c23/227_169,ffpp_test:16,1,neuraltextures,h264_crf35,-0.6144907474517822,0.35103547955767694
fcg_official,external,1,official,99,neuraltextures_faces_c23/169_227,ffpp_test:16,1,neuraltextures,h264_crf35,-0.2828507423400879,0.4297550176043392
fcg_official,external,1,official,100,original_faces_c23/389,ffpp_test:33,0,real,h264_crf35,-0.6321104764938354,0.3470321478054862
fcg_official,external,1,official,101,original_faces_c23/480,ffpp_test:33,0,real,h264_crf35,-0.06400847434997559,0.4840033426780444
fcg_official,external,1,official,102,deepfakes_faces_c23/389_480,ffpp_test:33,1,deepfakes,h264_crf35,0.9602377414703369,0.7231694024025064
fcg_official,external,1,official,103,deepfakes_faces_c23/480_389,ffpp_test:33,1,deepfakes,h264_crf35,0.7530659437179565,0.679846385644901
fcg_official,external,1,official,104,face2face_faces_c23/389_480,ffpp_test:33,1,face2face,h264_crf35,-0.33082103729248047,0.418040865557849
fcg_official,external,1,official,105,face2face_faces_c23/480_389,ffpp_test:33,1,face2face,h264_crf35,-0.09565168619155884,0.476105293884847
fcg_official,external,1,official,106,faceswap_faces_c23/389_480,ffpp_test:33,1,faceswap,h264_crf35,0.7893026471138,0.6876815757861067
fcg_official,external,1,official,107,faceswap_faces_c23/480_389,ffpp_test:33,1,faceswap,h264_crf35,0.5661636590957642,0.6378774891038275
fcg_official,external,1,official,108,neuraltextures_faces_c23/389_480,ffpp_test:33,1,neuraltextures,h264_crf35,-0.13479191064834595,0.46635295095930834
fcg_official,external,1,official,109,neuraltextures_faces_c23/480_389,ffpp_test:33,1,neuraltextures,h264_crf35,0.10730910301208496,0.5268015618115843
fcg_official,external,1,official,110,original_faces_c23/821,ffpp_test:64,0,real,h264_crf35,-0.16271287202835083,0.4594112929570971
fcg_official,external,1,official,111,original_faces_c23/812,ffpp_test:64,0,real,h264_crf35,-0.40392202138900757,0.4003703978947081
fcg_official,external,1,official,112,deepfakes_faces_c23/821_812,ffpp_test:64,1,deepfakes,h264_crf35,0.6873617172241211,0.6653797708557078
fcg_official,external,1,official,113,deepfakes_faces_c23/812_821,ffpp_test:64,1,deepfakes,h264_crf35,0.5520373582839966,0.6346081444007594
fcg_official,external,1,official,114,face2face_faces_c23/821_812,ffpp_test:64,1,face2face,h264_crf35,0.11968094110488892,0.5298845727468668
fcg_official,external,1,official,115,face2face_faces_c23/812_821,ffpp_test:64,1,face2face,h264_crf35,0.10179668664932251,0.5254272178529908
fcg_official,external,1,official,116,faceswap_faces_c23/821_812,ffpp_test:64,1,faceswap,h264_crf35,0.889880895614624,0.7088655929905375
fcg_official,external,1,official,117,faceswap_faces_c23/812_821,ffpp_test:64,1,faceswap,h264_crf35,-0.20174777507781982,0.44973343717636116
fcg_official,external,1,official,118,neuraltextures_faces_c23/821_812,ffpp_test:64,1,neuraltextures,h264_crf35,0.05308258533477783,0.5132675310858352
fcg_official,external,1,official,119,neuraltextures_faces_c23/812_821,ffpp_test:64,1,neuraltextures,h264_crf35,-0.25500184297561646,0.43659276040349226
fcg_official,external,1,official,120,original_faces_c23/670,ffpp_test:54,0,real,h264_crf35,-0.06535375118255615,0.4836673749975554
fcg_official,external,1,official,121,original_faces_c23/661,ffpp_test:54,0,real,h264_crf35,-1.383005142211914,0.20052679437293267
fcg_official,external,1,official,122,deepfakes_faces_c23/670_661,ffpp_test:54,1,deepfakes,h264_crf35,1.9659929275512695,0.8771800624849551
fcg_official,external,1,official,123,deepfakes_faces_c23/661_670,ffpp_test:54,1,deepfakes,h264_crf35,0.9960132837295532,0.7302740209688735
fcg_official,external,1,official,124,face2face_faces_c23/670_661,ffpp_test:54,1,face2face,h264_crf35,0.911125123500824,0.7132303426341376
fcg_official,external,1,official,125,face2face_faces_c23/661_670,ffpp_test:54,1,face2face,h264_crf35,-0.7157466411590576,0.32833028826558663
fcg_official,external,1,official,126,faceswap_faces_c23/670_661,ffpp_test:54,1,faceswap,h264_crf35,1.1519525051116943,0.7598673692554234
fcg_official,external,1,official,127,faceswap_faces_c23/661_670,ffpp_test:54,1,faceswap,h264_crf35,0.14416825771331787,0.5359797675890166
fcg_official,external,1,official,128,neuraltextures_faces_c23/670_661,ffpp_test:54,1,neuraltextures,h264_crf35,1.1005240678787231,0.7503582872513351
fcg_official,external,1,official,129,neuraltextures_faces_c23/661_670,ffpp_test:54,1,neuraltextures,h264_crf35,-0.84932541847229,0.29957438553954807
fcg_official,external,1,official,130,original_faces_c23/158,ffpp_test:15,0,real,h264_crf35,-1.2876722812652588,0.2162470619536723
fcg_official,external,1,official,131,original_faces_c23/379,ffpp_test:15,0,real,h264_crf35,-1.3140109777450562,0.21181643642666081
fcg_official,external,1,official,132,deepfakes_faces_c23/158_379,ffpp_test:15,1,deepfakes,h264_crf35,-0.5720269680023193,0.36076924423871437
fcg_official,external,1,official,133,deepfakes_faces_c23/379_158,ffpp_test:15,1,deepfakes,h264_crf35,-0.2586485743522644,0.4356959475258872
fcg_official,external,1,official,134,face2face_faces_c23/158_379,ffpp_test:15,1,face2face,h264_crf35,0.06176048517227173,0.5154352153191317
fcg_official,external,1,official,135,face2face_faces_c23/379_158,ffpp_test:15,1,face2face,h264_crf35,-1.0868909358978271,0.2522041874229453
fcg_official,external,1,official,136,faceswap_faces_c23/158_379,ffpp_test:15,1,faceswap,h264_crf35,-0.30004453659057617,0.425546595884698
fcg_official,external,1,official,137,faceswap_faces_c23/379_158,ffpp_test:15,1,faceswap,h264_crf35,-0.26707369089126587,0.4336256402169905
fcg_official,external,1,official,138,neuraltextures_faces_c23/158_379,ffpp_test:15,1,neuraltextures,h264_crf35,-0.23530107736587524,0.44144464922485877
fcg_official,external,1,official,139,neuraltextures_faces_c23/379_158,ffpp_test:15,1,neuraltextures,h264_crf35,-0.6933819055557251,0.33328117426390574
fcg_official,external,1,official,140,original_faces_c23/423,ffpp_test:37,0,real,h264_crf35,-0.6755326986312866,0.33725908616478667
fcg_official,external,1,official,141,original_faces_c23/421,ffpp_test:37,0,real,h264_crf35,-0.6206848621368408,0.3496257062544405
fcg_official,external,1,official,142,deepfakes_faces_c23/423_421,ffpp_test:37,1,deepfakes,h264_crf35,0.17991256713867188,0.544857210173019
fcg_official,external,1,official,143,deepfakes_faces_c23/421_423,ffpp_test:37,1,deepfakes,h264_crf35,1.0478670597076416,0.740365105803733
fcg_official,external,1,official,144,face2face_faces_c23/423_421,ffpp_test:37,1,face2face,h264_crf35,-0.12145566940307617,0.46967335372886343
fcg_official,external,1,official,145,face2face_faces_c23/421_423,ffpp_test:37,1,face2face,h264_crf35,0.16068559885025024,0.5400851873062973
fcg_official,external,1,official,146,faceswap_faces_c23/423_421,ffpp_test:37,1,faceswap,h264_crf35,0.004042208194732666,0.501010550672697
fcg_official,external,1,official,147,faceswap_faces_c23/421_423,ffpp_test:37,1,faceswap,h264_crf35,0.07563042640686035,0.5188985991888938
fcg_official,external,1,official,148,neuraltextures_faces_c23/423_421,ffpp_test:37,1,neuraltextures,h264_crf35,-0.5213567018508911,0.3725350461824725
fcg_official,external,1,official,149,neuraltextures_faces_c23/421_423,ffpp_test:37,1,neuraltextures,h264_crf35,0.1373705267906189,0.5342887277338598
fcg_official,external,1,official,150,original_faces_c23/352,ffpp_test:28,0,real,h264_crf35,-0.8296701908111572,0.30371481111062326
fcg_official,external,1,official,151,original_faces_c23/319,ffpp_test:28,0,real,h264_crf35,-1.1954188346862793,0.23229118268095383
fcg_official,external,1,official,152,deepfakes_faces_c23/352_319,ffpp_test:28,1,deepfakes,h264_crf35,0.9631568193435669,0.7237534075528347
fcg_official,external,1,official,153,deepfakes_faces_c23/319_352,ffpp_test:28,1,deepfakes,h264_crf35,0.7999125719070435,0.6899557791001687
fcg_official,external,1,official,154,face2face_faces_c23/352_319,ffpp_test:28,1,face2face,h264_crf35,-0.39685654640197754,0.4020678221368813
fcg_official,external,1,official,155,face2face_faces_c23/319_352,ffpp_test:28,1,face2face,h264_crf35,-0.12241655588150024,0.46943402283443947
fcg_official,external,1,official,156,faceswap_faces_c23/352_319,ffpp_test:28,1,faceswap,h264_crf35,0.4627971053123474,0.6136775171448344
fcg_official,external,1,official,157,faceswap_faces_c23/319_352,ffpp_test:28,1,faceswap,h264_crf35,-0.0222817063331604,0.494429803869802
fcg_official,external,1,official,158,neuraltextures_faces_c23/352_319,ffpp_test:28,1,neuraltextures,h264_crf35,-0.4025718569755554,0.4006945807469572
fcg_official,external,1,official,159,neuraltextures_faces_c23/319_352,ffpp_test:28,1,neuraltextures,h264_crf35,0.03600883483886719,0.5090012361200286
fcg_official,external,1,official,160,original_faces_c23/579,ffpp_test:48,0,real,h264_crf35,-0.7192748785018921,0.32755267961056195
fcg_official,external,1,official,161,original_faces_c23/701,ffpp_test:48,0,real,h264_crf35,-1.07503080368042,0.2544475422482996
fcg_official,external,1,official,162,deepfakes_faces_c23/579_701,ffpp_test:48,1,deepfakes,h264_crf35,-0.28346937894821167,0.4296034176193089
fcg_official,external,1,official,163,deepfakes_faces_c23/701_579,ffpp_test:48,1,deepfakes,h264_crf35,-0.538341224193573,0.3685735400930332
fcg_official,external,1,official,164,face2face_faces_c23/579_701,ffpp_test:48,1,face2face,h264_crf35,0.24199002981185913,0.5602040023997978
fcg_official,external,1,official,165,face2face_faces_c23/701_579,ffpp_test:48,1,face2face,h264_crf35,-1.0425251722335815,0.26066305418013164
fcg_official,external,1,official,166,faceswap_faces_c23/579_701,ffpp_test:48,1,faceswap,h264_crf35,0.05653101205825806,0.5141289904819155
fcg_official,external,1,official,167,faceswap_faces_c23/701_579,ffpp_test:48,1,faceswap,h264_crf35,-0.4289884567260742,0.3943679046126582
fcg_official,external,1,official,168,neuraltextures_faces_c23/579_701,ffpp_test:48,1,neuraltextures,h264_crf35,-0.48760753870010376,0.38045733212840754
fcg_official,external,1,official,169,neuraltextures_faces_c23/701_579,ffpp_test:48,1,neuraltextures,h264_crf35,-0.9232918620109558,0.28428762980230327
fcg_official,external,1,official,170,original_faces_c23/488,ffpp_test:34,0,real,h264_crf35,-0.4642042815685272,0.3859889265480591
fcg_official,external,1,official,171,original_faces_c23/399,ffpp_test:34,0,real,h264_crf35,-0.7576460838317871,0.3191575449125401
fcg_official,external,1,official,172,deepfakes_faces_c23/488_399,ffpp_test:34,1,deepfakes,h264_crf35,1.661161184310913,0.8403938166572655
fcg_official,external,1,official,173,deepfakes_faces_c23/399_488,ffpp_test:34,1,deepfakes,h264_crf35,0.48086875677108765,0.6179529980340598
fcg_official,external,1,official,174,face2face_faces_c23/488_399,ffpp_test:34,1,face2face,h264_crf35,0.9296441078186035,0.717003077107232
fcg_official,external,1,official,175,face2face_faces_c23/399_488,ffpp_test:34,1,face2face,h264_crf35,-0.25396019220352173,0.43684900206359956
fcg_official,external,1,official,176,faceswap_faces_c23/488_399,ffpp_test:34,1,faceswap,h264_crf35,1.3761656284332275,0.7983744773217353
fcg_official,external,1,official,177,faceswap_faces_c23/399_488,ffpp_test:34,1,faceswap,h264_crf35,0.5380517244338989,0.6313590829085207
fcg_official,external,1,official,178,neuraltextures_faces_c23/488_399,ffpp_test:34,1,neuraltextures,h264_crf35,0.4276861548423767,0.6053210084319337
fcg_official,external,1,official,179,neuraltextures_faces_c23/399_488,ffpp_test:34,1,neuraltextures,h264_crf35,-0.22432583570480347,0.44415254157959466
fcg_official,external,1,official,180,original_faces_c23/695,ffpp_test:38,0,real,h264_crf35,-0.5575745105743408,0.3641088566969688
fcg_official,external,1,official,181,original_faces_c23/422,ffpp_test:38,0,real,h264_crf35,-0.802782416343689,0.3094306478622367
fcg_official,external,1,official,182,deepfakes_faces_c23/695_422,ffpp_test:38,1,deepfakes,h264_crf35,0.5413048267364502,0.6321159014505655
fcg_official,external,1,official,183,deepfakes_faces_c23/422_695,ffpp_test:38,1,deepfakes,h264_crf35,0.17608118057250977,0.5439069107689116
fcg_official,external,1,official,184,face2face_faces_c23/695_422,ffpp_test:38,1,face2face,h264_crf35,-0.48200535774230957,0.38177870114862883
fcg_official,external,1,official,185,face2face_faces_c23/422_695,ffpp_test:38,1,face2face,h264_crf35,-0.4297831058502197,0.3941781250776295
fcg_official,external,1,official,186,faceswap_faces_c23/695_422,ffpp_test:38,1,faceswap,h264_crf35,0.43703943490982056,0.6075533616922589
fcg_official,external,1,official,187,faceswap_faces_c23/422_695,ffpp_test:38,1,faceswap,h264_crf35,0.04253697395324707,0.5106326403168888
fcg_official,external,1,official,188,neuraltextures_faces_c23/695_422,ffpp_test:38,1,neuraltextures,h264_crf35,-0.5648046135902405,0.36243649532959915
fcg_official,external,1,official,189,neuraltextures_faces_c23/422_695,ffpp_test:38,1,neuraltextures,h264_crf35,-0.7683918476104736,0.31682708454343533
fcg_official,external,1,official,190,original_faces_c23/288,ffpp_test:25,0,real,h264_crf35,-0.654586136341095,0.3419568074324761
fcg_official,external,1,official,191,original_faces_c23/321,ffpp_test:25,0,real,h264_crf35,-0.5414242744445801,0.3678563219741055
fcg_official,external,1,official,192,deepfakes_faces_c23/288_321,ffpp_test:25,1,deepfakes,h264_crf35,1.625118613243103,0.8354998399394025
fcg_official,external,1,official,193,deepfakes_faces_c23/321_288,ffpp_test:25,1,deepfakes,h264_crf35,0.25599193572998047,0.5636507668306271
fcg_official,external,1,official,194,face2face_faces_c23/288_321,ffpp_test:25,1,face2face,h264_crf35,0.20521467924118042,0.5511243785927451
fcg_official,external,1,official,195,face2face_faces_c23/321_288,ffpp_test:25,1,face2face,h264_crf35,1.1907734870910645,0.7668793732366732
fcg_official,external,1,official,196,faceswap_faces_c23/288_321,ffpp_test:25,1,faceswap,h264_crf35,1.4191076755523682,0.8051984899713592
fcg_official,external,1,official,197,faceswap_faces_c23/321_288,ffpp_test:25,1,faceswap,h264_crf35,0.9241466522216797,0.715886260726407
fcg_official,external,1,official,198,neuraltextures_faces_c23/288_321,ffpp_test:25,1,neuraltextures,h264_crf35,-0.20588266849517822,0.44871037566803734
fcg_official,external,1,official,199,neuraltextures_faces_c23/321_288,ffpp_test:25,1,neuraltextures,h264_crf35,0.07996541261672974,0.5199807071240058
fcg_official,external,1,official,200,original_faces_c23/705,ffpp_test:57,0,real,h264_crf35,-0.8337512016296387,0.30285248304002943
fcg_official,external,1,official,201,original_faces_c23/707,ffpp_test:57,0,real,h264_crf35,-0.7020345330238342,0.33136130012491016
fcg_official,external,1,official,202,deepfakes_faces_c23/705_707,ffpp_test:57,1,deepfakes,h264_crf35,0.6452131271362305,0.6559309425192652
fcg_official,external,1,official,203,deepfakes_faces_c23/707_705,ffpp_test:57,1,deepfakes,h264_crf35,0.032008349895477295,0.508001404342659
fcg_official,external,1,official,204,face2face_faces_c23/705_707,ffpp_test:57,1,face2face,h264_crf35,-0.2228076457977295,0.44452738562516336
fcg_official,external,1,official,205,face2face_faces_c23/707_705,ffpp_test:57,1,face2face,h264_crf35,0.04540640115737915,0.5113496503528075
fcg_official,external,1,official,206,faceswap_faces_c23/705_707,ffpp_test:57,1,faceswap,h264_crf35,0.22345232963562012,0.5556317958079398
fcg_official,external,1,official,207,faceswap_faces_c23/707_705,ffpp_test:57,1,faceswap,h264_crf35,-0.21663564443588257,0.44605191053827237
fcg_official,external,1,official,208,neuraltextures_faces_c23/705_707,ffpp_test:57,1,neuraltextures,h264_crf35,0.10249650478363037,0.5256017168115357
fcg_official,external,1,official,209,neuraltextures_faces_c23/707_705,ffpp_test:57,1,neuraltextures,h264_crf35,-0.5616182088851929,0.3631731201460794
fcg_official,external,1,official,210,original_faces_c23/306,ffpp_test:24,0,real,h264_crf35,-0.5238726139068604,0.371947133830874
fcg_official,external,1,official,211,original_faces_c23/278,ffpp_test:24,0,real,h264_crf35,-0.6278700828552246,0.3479936467795221
fcg_official,external,1,official,212,deepfakes_faces_c23/306_278,ffpp_test:24,1,deepfakes,h264_crf35,1.1587638854980469,0.7611080338433851
fcg_official,external,1,official,213,deepfakes_faces_c23/278_306,ffpp_test:24,1,deepfakes,h264_crf35,0.17843282222747803,0.544490227150157
fcg_official,external,1,official,214,face2face_faces_c23/306_278,ffpp_test:24,1,face2face,h264_crf35,0.25747525691986084,0.564015553062781
fcg_official,external,1,official,215,face2face_faces_c23/278_306,ffpp_test:24,1,face2face,h264_crf35,0.3528258204460144,0.5873026648728465
fcg_official,external,1,official,216,faceswap_faces_c23/306_278,ffpp_test:24,1,faceswap,h264_crf35,0.4889088273048401,0.6198493462737428
fcg_official,external,1,official,217,faceswap_faces_c23/278_306,ffpp_test:24,1,faceswap,h264_crf35,0.04305458068847656,0.5107619827689539
fcg_official,external,1,official,218,neuraltextures_faces_c23/306_278,ffpp_test:24,1,neuraltextures,h264_crf35,0.09816527366638184,0.5245216298495241
fcg_official,external,1,official,219,neuraltextures_faces_c23/278_306,ffpp_test:24,1,neuraltextures,h264_crf35,-0.19216543436050415,0.4521059350038419
fcg_official,external,1,official,220,original_faces_c23/865,ffpp_test:61,0,real,h264_crf35,-1.158530831336975,0.23893434324743001
fcg_official,external,1,official,221,original_faces_c23/739,ffpp_test:61,0,real,h264_crf35,-0.46883735060691833,0.38489146401764185
fcg_official,external,1,official,222,deepfakes_faces_c23/865_739,ffpp_test:61,1,deepfakes,h264_crf35,1.880504846572876,0.8676691034141165
fcg_official,external,1,official,223,deepfakes_faces_c23/739_865,ffpp_test:61,1,deepfakes,h264_crf35,1.9347680807113647,0.8737762357107707
fcg_official,external,1,official,224,face2face_faces_c23/865_739,ffpp_test:61,1,face2face,h264_crf35,-0.9263118505477905,0.28367355875380545
fcg_official,external,1,official,225,face2face_faces_c23/739_865,ffpp_test:61,1,face2face,h264_crf35,1.0283563137054443,0.736597108891941
fcg_official,external,1,official,226,faceswap_faces_c23/865_739,ffpp_test:61,1,faceswap,h264_crf35,1.5936298370361328,0.831126183002396
fcg_official,external,1,official,227,faceswap_faces_c23/739_865,ffpp_test:61,1,faceswap,h264_crf35,1.1978110074996948,0.7681351450291807
fcg_official,external,1,official,228,neuraltextures_faces_c23/865_739,ffpp_test:61,1,neuraltextures,h264_crf35,-1.1892658472061157,0.23339026412670022
fcg_official,external,1,official,229,neuraltextures_faces_c23/739_865,ffpp_test:61,1,neuraltextures,h264_crf35,-0.10271930694580078,0.4743427290002493
fcg_official,external,1,official,230,original_faces_c23/995,ffpp_test:21,0,real,h264_crf35,-0.2842360734939575,0.4294155536235123
fcg_official,external,1,official,231,original_faces_c23/233,ffpp_test:21,0,real,h264_crf35,-0.943191409111023,0.28025614380893005
fcg_official,external,1,official,232,deepfakes_faces_c23/995_233,ffpp_test:21,1,deepfakes,h264_crf35,0.17471188306808472,0.5435672057770193
fcg_official,external,1,official,233,deepfakes_faces_c23/233_995,ffpp_test:21,1,deepfakes,h264_crf35,1.1527831554412842,0.7600189044302784
fcg_official,external,1,official,234,face2face_faces_c23/995_233,ffpp_test:21,1,face2face,h264_crf35,0.5041683316230774,0.6234384034208574
fcg_official,external,1,official,235,face2face_faces_c23/233_995,ffpp_test:21,1,face2face,h264_crf35,-0.8015782833099365,0.3096880100350704
fcg_official,external,1,official,236,faceswap_faces_c23/995_233,ffpp_test:21,1,faceswap,h264_crf35,0.1134997010231018,0.5283445035320651
fcg_official,external,1,official,237,faceswap_faces_c23/233_995,ffpp_test:21,1,faceswap,h264_crf35,0.5201293230056763,0.6271780058599231
fcg_official,external,1,official,238,neuraltextures_faces_c23/995_233,ffpp_test:21,1,neuraltextures,h264_crf35,0.32513731718063354,0.5805757429607616
fcg_official,external,1,official,239,neuraltextures_faces_c23/233_995,ffpp_test:21,1,neuraltextures,h264_crf35,-0.8131842613220215,0.30721236431652205
fcg_official,external,1,official,240,original_faces_c23/755,ffpp_test:62,0,real,h264_crf35,-0.0846676230430603,0.4788457299492632
fcg_official,external,1,official,241,original_faces_c23/759,ffpp_test:62,0,real,h264_crf35,-0.840653657913208,0.30139713394795337
fcg_official,external,1,official,242,deepfakes_faces_c23/755_759,ffpp_test:62,1,deepfakes,h264_crf35,0.5972577929496765,0.6450286821764668
fcg_official,external,1,official,243,deepfakes_faces_c23/759_755,ffpp_test:62,1,deepfakes,h264_crf35,0.29947829246520996,0.5743149761180745
fcg_official,external,1,official,244,face2face_faces_c23/755_759,ffpp_test:62,1,face2face,h264_crf35,0.6964609026908875,0.6674026422192217
fcg_official,external,1,official,245,face2face_faces_c23/759_755,ffpp_test:62,1,face2face,h264_crf35,0.5589410662651062,0.6362074880625068
fcg_official,external,1,official,246,faceswap_faces_c23/755_759,ffpp_test:62,1,faceswap,h264_crf35,0.07631498575210571,0.5190694923124535
fcg_official,external,1,official,247,faceswap_faces_c23/759_755,ffpp_test:62,1,faceswap,h264_crf35,0.6842328906059265,0.6646827789892662
fcg_official,external,1,official,248,neuraltextures_faces_c23/755_759,ffpp_test:62,1,neuraltextures,h264_crf35,0.41542762517929077,0.6023886046895045
fcg_official,external,1,official,249,neuraltextures_faces_c23/759_755,ffpp_test:62,1,neuraltextures,h264_crf35,0.4142823815345764,0.6021142677170104
fcg_official,external,1,official,250,original_faces_c23/467,ffpp_test:43,0,real,h264_crf35,-0.7903217077255249,0.31209959670461207
fcg_official,external,1,official,251,original_faces_c23/462,ffpp_test:43,0,real,h264_crf35,-1.1785980463027954,0.23530436486734693
fcg_official,external,1,official,252,deepfakes_faces_c23/467_462,ffpp_test:43,1,deepfakes,h264_crf35,-0.08255088329315186,0.47937399109633166
fcg_official,external,1,official,253,deepfakes_faces_c23/462_467,ffpp_test:43,1,deepfakes,h264_crf35,1.6782536506652832,0.8426731471772635
fcg_official,external,1,official,254,face2face_faces_c23/467_462,ffpp_test:43,1,face2face,h264_crf35,0.005180954933166504,0.5012952358360345
fcg_official,external,1,official,255,face2face_faces_c23/462_467,ffpp_test:43,1,face2face,h264_crf35,-0.67350172996521,0.33771318886304724
fcg_official,external,1,official,256,faceswap_faces_c23/467_462,ffpp_test:43,1,faceswap,h264_crf35,0.7509849667549133,0.679393280612544
fcg_official,external,1,official,257,faceswap_faces_c23/462_467,ffpp_test:43,1,faceswap,h264_crf35,1.3638046979904175,0.7963773650355191
fcg_official,external,1,official,258,neuraltextures_faces_c23/467_462,ffpp_test:43,1,neuraltextures,h264_crf35,-0.40617138147354126,0.3998305063702388
fcg_official,external,1,official,259,neuraltextures_faces_c23/462_467,ffpp_test:43,1,neuraltextures,h264_crf35,-0.9839731454849243,0.2721041365063034
fcg_official,external,1,official,260,original_faces_c23/314,ffpp_test:27,0,real,h264_crf35,-0.6273376941680908,0.3481144523883294
fcg_official,external,1,official,261,original_faces_c23/347,ffpp_test:27,0,real,h264_crf35,-0.6593368053436279,0.34088860476007404
fcg_official,external,1,official,262,deepfakes_faces_c23/314_347,ffpp_test:27,1,deepfakes,h264_crf35,0.5614321231842041,0.6367838411541054
fcg_official,external,1,official,263,deepfakes_faces_c23/347_314,ffpp_test:27,1,deepfakes,h264_crf35,0.6996958255767822,0.6681203293330633
fcg_official,external,1,official,264,face2face_faces_c23/314_347,ffpp_test:27,1,face2face,h264_crf35,0.018199563026428223,0.5045497651746462
fcg_official,external,1,official,265,face2face_faces_c23/347_314,ffpp_test:27,1,face2face,h264_crf35,-0.23794704675674438,0.44079233063739787
fcg_official,external,1,official,266,faceswap_faces_c23/314_347,ffpp_test:27,1,faceswap,h264_crf35,0.7889132499694824,0.6875979366591164
fcg_official,external,1,official,267,faceswap_faces_c23/347_314,ffpp_test:27,1,faceswap,h264_crf35,-0.38675588369369507,0.40449849898356904
fcg_official,external,1,official,268,neuraltextures_faces_c23/314_347,ffpp_test:27,1,neuraltextures,h264_crf35,-0.6475573182106018,0.34354020100562815
fcg_official,external,1,official,269,neuraltextures_faces_c23/347_314,ffpp_test:27,1,neuraltextures,h264_crf35,-0.725017786026001,0.32628899072938833
fcg_official,external,1,official,270,original_faces_c23/741,ffpp_test:60,0,real,h264_crf35,-0.29606902599334717,0.42651872250850636
fcg_official,external,1,official,271,original_faces_c23/731,ffpp_test:60,0,real,h264_crf35,-0.7705577611923218,0.3163584636692731
fcg_official,external,1,official,272,deepfakes_faces_c23/741_731,ffpp_test:60,1,deepfakes,h264_crf35,0.16194218397140503,0.5403972987154043
fcg_official,external,1,official,273,deepfakes_faces_c23/731_741,ffpp_test:60,1,deepfakes,h264_crf35,0.44691193103790283,0.6099047675293656
fcg_official,external,1,official,274,face2face_faces_c23/741_731,ffpp_test:60,1,face2face,h264_crf35,0.2952529788017273,0.5732816599800586
fcg_official,external,1,official,275,face2face_faces_c23/731_741,ffpp_test:60,1,face2face,h264_crf35,0.3189183473587036,0.5790606225172802
fcg_official,external,1,official,276,faceswap_faces_c23/741_731,ffpp_test:60,1,faceswap,h264_crf35,0.3021911382675171,0.5749780712026098
fcg_official,external,1,official,277,faceswap_faces_c23/731_741,ffpp_test:60,1,faceswap,h264_crf35,0.06547915935516357,0.5163639435281955
fcg_official,external,1,official,278,neuraltextures_faces_c23/741_731,ffpp_test:60,1,neuraltextures,h264_crf35,0.14277589321136475,0.5356334616472648
fcg_official,external,1,official,279,neuraltextures_faces_c23/731_741,ffpp_test:60,1,neuraltextures,h264_crf35,0.001322329044342041,0.5003305822129154
fcg_official,external,1,official,280,original_faces_c23/970,ffpp_test:69,0,real,h264_crf35,-1.3593195676803589,0.20435091261963087
fcg_official,external,1,official,281,original_faces_c23/973,ffpp_test:69,0,real,h264_crf35,-0.9738820791244507,0.27410739810622886
fcg_official,external,1,official,282,deepfakes_faces_c23/970_973,ffpp_test:69,1,deepfakes,h264_crf35,0.8853021264076233,0.7079197458382983
fcg_official,external,1,official,283,deepfakes_faces_c23/973_970,ffpp_test:69,1,deepfakes,h264_crf35,0.7645857334136963,0.682348517100895
fcg_official,external,1,official,284,face2face_faces_c23/970_973,ffpp_test:69,1,face2face,h264_crf35,0.06701594591140747,0.5167477189219591
fcg_official,external,1,official,285,face2face_faces_c23/973_970,ffpp_test:69,1,face2face,h264_crf35,0.12477856874465942,0.5311542308586468
fcg_official,external,1,official,286,faceswap_faces_c23/970_973,ffpp_test:69,1,faceswap,h264_crf35,0.4262326955795288,0.604973713031862
fcg_official,external,1,official,287,faceswap_faces_c23/973_970,ffpp_test:69,1,faceswap,h264_crf35,0.29829514026641846,0.5740256968801716
fcg_official,external,1,official,288,neuraltextures_faces_c23/970_973,ffpp_test:69,1,neuraltextures,h264_crf35,-0.18248850107192993,0.45450406371634017
fcg_official,external,1,official,289,neuraltextures_faces_c23/973_970,ffpp_test:69,1,neuraltextures,h264_crf35,-0.4911741614341736,0.37961700426276407
fcg_official,external,1,official,290,original_faces_c23/634,ffpp_test:53,0,real,h264_crf35,-1.272728681564331,0.21879050464640748
fcg_official,external,1,official,291,original_faces_c23/660,ffpp_test:53,0,real,h264_crf35,-0.9245604276657104,0.2840295877123747
fcg_official,external,1,official,292,deepfakes_faces_c23/634_660,ffpp_test:53,1,deepfakes,h264_crf35,-0.32535266876220703,0.4193718182134242
fcg_official,external,1,official,293,deepfakes_faces_c23/660_634,ffpp_test:53,1,deepfakes,h264_crf35,1.304733157157898,0.7866304879163636
fcg_official,external,1,official,294,face2face_faces_c23/634_660,ffpp_test:53,1,face2face,h264_crf35,-0.4437599778175354,0.39084540740074103
fcg_official,external,1,official,295,face2face_faces_c23/660_634,ffpp_test:53,1,face2face,h264_crf35,0.5484017133712769,0.6337646968608994
fcg_official,external,1,official,296,faceswap_faces_c23/634_660,ffpp_test:53,1,faceswap,h264_crf35,0.43086040019989014,0.6060791053281595
fcg_official,external,1,official,297,faceswap_faces_c23/660_634,ffpp_test:53,1,faceswap,h264_crf35,0.5664039254188538,0.6379329863345223
fcg_official,external,1,official,298,neuraltextures_faces_c23/634_660,ffpp_test:53,1,neuraltextures,h264_crf35,-1.0108990669250488,0.26680393878190267
fcg_official,external,1,official,299,neuraltextures_faces_c23/660_634,ffpp_test:53,1,neuraltextures,h264_crf35,-0.45251157879829407,0.3887637818912302
fcg_official,external,1,official,300,original_faces_c23/494,ffpp_test:40,0,real,h264_crf35,-1.2764441967010498,0.21815610783914158
fcg_official,external,1,official,301,original_faces_c23/445,ffpp_test:40,0,real,h264_crf35,-0.8723316788673401,0.29476935986219077
fcg_official,external,1,official,302,deepfakes_faces_c23/494_445,ffpp_test:40,1,deepfakes,h264_crf35,1.0730793476104736,0.7451820813867629
fcg_official,external,1,official,303,deepfakes_faces_c23/445_494,ffpp_test:40,1,deepfakes,h264_crf35,1.1469581127166748,0.758954865293736
fcg_official,external,1,official,304,face2face_faces_c23/494_445,ffpp_test:40,1,face2face,h264_crf35,-0.968191385269165,0.2752411442285436
fcg_official,external,1,official,305,face2face_faces_c23/445_494,ffpp_test:40,1,face2face,h264_crf35,-0.6684494018554688,0.3388441325639213
fcg_official,external,1,official,306,faceswap_faces_c23/494_445,ffpp_test:40,1,faceswap,h264_crf35,0.4734419584274292,0.6161980975736456
fcg_official,external,1,official,307,faceswap_faces_c23/445_494,ffpp_test:40,1,faceswap,h264_crf35,0.6257176995277405,0.6515178305659015
fcg_official,external,1,official,308,neuraltextures_faces_c23/494_445,ffpp_test:40,1,neuraltextures,h264_crf35,-0.9021400213241577,0.2886109209437396
fcg_official,external,1,official,309,neuraltextures_faces_c23/445_494,ffpp_test:40,1,neuraltextures,h264_crf35,-0.604121208190918,0.35340139326629194
fcg_official,external,1,official,310,original_faces_c23/706,ffpp_test:44,0,real,h264_crf35,-0.8038992881774902,0.30919204178860066
fcg_official,external,1,official,311,original_faces_c23/479,ffpp_test:44,0,real,h264_crf35,-0.5435689687728882,0.36735774043368363
fcg_official,external,1,official,312,deepfakes_faces_c23/706_479,ffpp_test:44,1,deepfakes,h264_crf35,1.5294240713119507,0.8219220333460029
fcg_official,external,1,official,313,deepfakes_faces_c23/479_706,ffpp_test:44,1,deepfakes,h264_crf35,0.9649032354354858,0.7241024397495233
fcg_official,external,1,official,314,face2face_faces_c23/706_479,ffpp_test:44,1,face2face,h264_crf35,-0.6144509315490723,0.3510445500552155
fcg_official,external,1,official,315,face2face_faces_c23/479_706,ffpp_test:44,1,face2face,h264_crf35,0.6834568977355957,0.6645098039261919
fcg_official,external,1,official,316,faceswap_faces_c23/706_479,ffpp_test:44,1,faceswap,h264_crf35,-0.01224660873413086,0.49693838608129637
fcg_official,external,1,official,317,faceswap_faces_c23/479_706,ffpp_test:44,1,faceswap,h264_crf35,-0.08468693494796753,0.4788409106171435
fcg_official,external,1,official,318,neuraltextures_faces_c23/706_479,ffpp_test:44,1,neuraltextures,h264_crf35,-0.540367066860199,0.3681021972891781
fcg_official,external,1,official,319,neuraltextures_faces_c23/479_706,ffpp_test:44,1,neuraltextures,h264_crf35,0.1978890299797058,0.5493114424702445
fcg_official,external,1,official,320,original_faces_c23/186,ffpp_test:17,0,real,h264_crf35,-0.8857998847961426,0.2919773436213984
fcg_official,external,1,official,321,original_faces_c23/170,ffpp_test:17,0,real,h264_crf35,-1.203062891960144,0.23093079324224794
fcg_official,external,1,official,322,deepfakes_faces_c23/186_170,ffpp_test:17,1,deepfakes,h264_crf35,0.7236855626106262,0.6734180861985956
fcg_official,external,1,official,323,deepfakes_faces_c23/170_186,ffpp_test:17,1,deepfakes,h264_crf35,1.628080129623413,0.8359064660123096
fcg_official,external,1,official,324,face2face_faces_c23/186_170,ffpp_test:17,1,face2face,h264_crf35,-0.0639643669128418,0.4840143582583119
fcg_official,external,1,official,325,face2face_faces_c23/170_186,ffpp_test:17,1,face2face,h264_crf35,0.6806632280349731,0.6638867069513504
fcg_official,external,1,official,326,faceswap_faces_c23/186_170,ffpp_test:17,1,faceswap,h264_crf35,0.3265420198440552,0.5809177598969009
fcg_official,external,1,official,327,faceswap_faces_c23/170_186,ffpp_test:17,1,faceswap,h264_crf35,-0.21016430854797363,0.44765146320542665
fcg_official,external,1,official,328,neuraltextures_faces_c23/186_170,ffpp_test:17,1,neuraltextures,h264_crf35,-0.48811835050582886,0.380336936261708
fcg_official,external,1,official,329,neuraltextures_faces_c23/170_186,ffpp_test:17,1,neuraltextures,h264_crf35,-0.0307348370552063,0.49231689553439123
fcg_official,external,1,official,330,original_faces_c23/176,ffpp_test:18,0,real,h264_crf35,-0.9904363751411438,0.2708258940066998
fcg_official,external,1,official,331,original_faces_c23/190,ffpp_test:18,0,real,h264_crf35,-0.7070218324661255,0.3302572399886153
fcg_official,external,1,official,332,deepfakes_faces_c23/176_190,ffpp_test:18,1,deepfakes,h264_crf35,1.239920735359192,0.7755502168096976
fcg_official,external,1,official,333,deepfakes_faces_c23/190_176,ffpp_test:18,1,deepfakes,h264_crf35,-0.11118048429489136,0.4722334751015747
fcg_official,external,1,official,334,face2face_faces_c23/176_190,ffpp_test:18,1,face2face,h264_crf35,-0.023880481719970703,0.49403016327256166
fcg_official,external,1,official,335,face2face_faces_c23/190_176,ffpp_test:18,1,face2face,h264_crf35,0.6199648380279541,0.6502105514900062
fcg_official,external,1,official,336,faceswap_faces_c23/176_190,ffpp_test:18,1,faceswap,h264_crf35,1.4088070392608643,0.8035777142202538
fcg_official,external,1,official,337,faceswap_faces_c23/190_176,ffpp_test:18,1,faceswap,h264_crf35,0.32132482528686523,0.5796470882490075
fcg_official,external,1,official,338,neuraltextures_faces_c23/176_190,ffpp_test:18,1,neuraltextures,h264_crf35,-0.6671807765960693,0.33912839922034005
fcg_official,external,1,official,339,neuraltextures_faces_c23/190_176,ffpp_test:18,1,neuraltextures,h264_crf35,-0.562322735786438,0.36301019400064455
fcg_official,external,1,official,340,original_faces_c23/380,ffpp_test:29,0,real,h264_crf35,-0.28227168321609497,0.4298969308690742
fcg_official,external,1,official,341,original_faces_c23/358,ffpp_test:29,0,real,h264_crf35,-0.838458776473999,0.30185948273989344
fcg_official,external,1,official,342,deepfakes_faces_c23/380_358,ffpp_test:29,1,deepfakes,h264_crf35,-0.2506028413772583,0.43767512487071525
fcg_official,external,1,official,343,deepfakes_faces_c23/358_380,ffpp_test:29,1,deepfakes,h264_crf35,-0.6655826568603516,0.3394866623701609
fcg_official,external,1,official,344,face2face_faces_c23/380_358,ffpp_test:29,1,face2face,h264_crf35,-0.5802116990089417,0.3588838831808686
fcg_official,external,1,official,345,face2face_faces_c23/358_380,ffpp_test:29,1,face2face,h264_crf35,-0.2475985884666443,0.4384146563216409
fcg_official,external,1,official,346,faceswap_faces_c23/380_358,ffpp_test:29,1,faceswap,h264_crf35,-0.6129144430160522,0.35139466106223965
fcg_official,external,1,official,347,faceswap_faces_c23/358_380,ffpp_test:29,1,faceswap,h264_crf35,-0.616813063621521,0.3505066168996842
fcg_official,external,1,official,348,neuraltextures_faces_c23/380_358,ffpp_test:29,1,neuraltextures,h264_crf35,0.11980265378952026,0.5299148921076056
fcg_official,external,1,official,349,neuraltextures_faces_c23/358_380,ffpp_test:29,1,neuraltextures,h264_crf35,-0.528315007686615,0.3709099714074445
fcg_official,external,1,official,350,original_faces_c23/214,ffpp_test:19,0,real,h264_crf35,-0.9016304612159729,0.28871555237085916
fcg_official,external,1,official,351,original_faces_c23/255,ffpp_test:19,0,real,h264_crf35,-1.1987454891204834,0.23169846218706375
fcg_official,external,1,official,352,deepfakes_faces_c23/214_255,ffpp_test:19,1,deepfakes,h264_crf35,0.8277511596679688,0.6958792144995253
fcg_official,external,1,official,353,deepfakes_faces_c23/255_214,ffpp_test:19,1,deepfakes,h264_crf35,0.685030460357666,0.6648605176477081
fcg_official,external,1,official,354,face2face_faces_c23/214_255,ffpp_test:19,1,face2face,h264_crf35,0.11683732271194458,0.5291761480244174
fcg_official,external,1,official,355,face2face_faces_c23/255_214,ffpp_test:19,1,face2face,h264_crf35,-0.12390977144241333,0.46906213106692557
fcg_official,external,1,official,356,faceswap_faces_c23/214_255,ffpp_test:19,1,faceswap,h264_crf35,0.44407588243484497,0.6092298022428805
fcg_official,external,1,official,357,faceswap_faces_c23/255_214,ffpp_test:19,1,faceswap,h264_crf35,0.7774938344955444,0.6851397267089573
fcg_official,external,1,official,358,neuraltextures_faces_c23/214_255,ffpp_test:19,1,neuraltextures,h264_crf35,-0.4905238151550293,0.37977017795823614
fcg_official,external,1,official,359,neuraltextures_faces_c23/255_214,ffpp_test:19,1,neuraltextures,h264_crf35,-0.6771043539047241,0.336907886915039
fcg_official,external,1,official,360,original_faces_c23/454,ffpp_test:42,0,real,h264_crf35,-0.3883479833602905,0.40411505325347064
fcg_official,external,1,official,361,original_faces_c23/527,ffpp_test:42,0,real,h264_crf35,-0.5772908926010132,0.35955619718125165
fcg_official,external,1,official,362,deepfakes_faces_c23/454_527,ffpp_test:42,1,deepfakes,h264_crf35,1.3784050941467285,0.79873472922921
fcg_official,external,1,official,363,deepfakes_faces_c23/527_454,ffpp_test:42,1,deepfakes,h264_crf35,2.0085673332214355,0.8816936624949188
fcg_official,external,1,official,364,face2face_faces_c23/454_527,ffpp_test:42,1,face2face,h264_crf35,0.7891803979873657,0.6876553190510359
fcg_official,external,1,official,365,face2face_faces_c23/527_454,ffpp_test:42,1,face2face,h264_crf35,-0.17590969800949097,0.4561356296050687
fcg_official,external,1,official,366,faceswap_faces_c23/454_527,ffpp_test:42,1,faceswap,h264_crf35,1.32803213596344,0.7905149407008113
fcg_official,external,1,official,367,faceswap_faces_c23/527_454,ffpp_test:42,1,faceswap,h264_crf35,1.780744194984436,0.8557887345897595
fcg_official,external,1,official,368,neuraltextures_faces_c23/454_527,ffpp_test:42,1,neuraltextures,h264_crf35,-0.01820141077041626,0.49544977292760967
fcg_official,external,1,official,369,neuraltextures_faces_c23/527_454,ffpp_test:42,1,neuraltextures,h264_crf35,0.410616934299469,0.6012357988904947
fcg_official,external,1,official,370,original_faces_c23/425,ffpp_test:39,0,real,h264_crf35,-0.9022709131240845,0.28858404768229723
fcg_official,external,1,official,371,original_faces_c23/485,ffpp_test:39,0,real,h264_crf35,-0.5565592050552368,0.3643439664541734
fcg_official,external,1,official,372,deepfakes_faces_c23/425_485,ffpp_test:39,1,deepfakes,h264_crf35,0.3524457812309265,0.5872105485798081
fcg_official,external,1,official,373,deepfakes_faces_c23/485_425,ffpp_test:39,1,deepfakes,h264_crf35,1.0525813102722168,0.7412702734485653
fcg_official,external,1,official,374,face2face_faces_c23/425_485,ffpp_test:39,1,face2face,h264_crf35,-0.6421893835067749,0.34475179408493084
fcg_official,external,1,official,375,face2face_faces_c23/485_425,ffpp_test:39,1,face2face,h264_crf35,-0.20770704746246338,0.4482591225338553
fcg_official,external,1,official,376,faceswap_faces_c23/425_485,ffpp_test:39,1,faceswap,h264_crf35,0.4520605802536011,0.6111290435265336
fcg_official,external,1,official,377,faceswap_faces_c23/485_425,ffpp_test:39,1,faceswap,h264_crf35,1.3247177600860596,0.7899655480177449
fcg_official,external,1,official,378,neuraltextures_faces_c23/425_485,ffpp_test:39,1,neuraltextures,h264_crf35,-0.652355968952179,0.3424588216708854
fcg_official,external,1,official,379,neuraltextures_faces_c23/485_425,ffpp_test:39,1,neuraltextures,h264_crf35,-0.31929928064346313,0.42084652801372907
fcg_official,external,1,official,380,original_faces_c23/388,ffpp_test:26,0,real,h264_crf35,-0.8546115159988403,0.29846638242774676
fcg_official,external,1,official,381,original_faces_c23/308,ffpp_test:26,0,real,h264_crf35,-0.9572842121124268,0.2774222702047976
fcg_official,external,1,official,382,deepfakes_faces_c23/388_308,ffpp_test:26,1,deepfakes,h264_crf35,-0.7881067991256714,0.3125753208411902
fcg_official,external,1,official,383,deepfakes_faces_c23/308_388,ffpp_test:26,1,deepfakes,h264_crf35,-0.577730119228363,0.3594550602736488
fcg_official,external,1,official,384,face2face_faces_c23/388_308,ffpp_test:26,1,face2face,h264_crf35,-0.6394152045249939,0.3453787451706274
fcg_official,external,1,official,385,face2face_faces_c23/308_388,ffpp_test:26,1,face2face,h264_crf35,-0.5073978304862976,0.37580373264162414
fcg_official,external,1,official,386,faceswap_faces_c23/388_308,ffpp_test:26,1,faceswap,h264_crf35,0.1843729019165039,0.5459630958217399
fcg_official,external,1,official,387,faceswap_faces_c23/308_388,ffpp_test:26,1,faceswap,h264_crf35,0.16714632511138916,0.5416895665510268
fcg_official,external,1,official,388,neuraltextures_faces_c23/388_308,ffpp_test:26,1,neuraltextures,h264_crf35,-0.7895910739898682,0.31225648050459043
fcg_official,external,1,official,389,neuraltextures_faces_c23/308_388,ffpp_test:26,1,neuraltextures,h264_crf35,-0.9052031636238098,0.2879824203872184
fcg_official,external,1,official,390,original_faces_c23/384,ffpp_test:32,0,real,h264_crf35,-0.08274209499359131,0.47932626970719994
fcg_official,external,1,official,391,original_faces_c23/932,ffpp_test:32,0,real,h264_crf35,-0.9843392372131348,0.27203163315611956
fcg_official,external,1,official,392,deepfakes_faces_c23/384_932,ffpp_test:32,1,deepfakes,h264_crf35,1.1584346294403076,0.7610481625059767
fcg_official,external,1,official,393,deepfakes_faces_c23/932_384,ffpp_test:32,1,deepfakes,h264_crf35,-0.05884575843811035,0.48529280418056664
fcg_official,external,1,official,394,face2face_faces_c23/384_932,ffpp_test:32,1,face2face,h264_crf35,0.8386396765708923,0.6981786388406833
fcg_official,external,1,official,395,face2face_faces_c23/932_384,ffpp_test:32,1,face2face,h264_crf35,-0.770182728767395,0.3164395796874335
fcg_official,external,1,official,396,faceswap_faces_c23/384_932,ffpp_test:32,1,faceswap,h264_crf35,2.073272228240967,0.8882781105529425
fcg_official,external,1,official,397,faceswap_faces_c23/932_384,ffpp_test:32,1,faceswap,h264_crf35,-0.111397385597229,0.4721794173283158
fcg_official,external,1,official,398,neuraltextures_faces_c23/384_932,ffpp_test:32,1,neuraltextures,h264_crf35,0.6724219918251038,0.66204527137423
fcg_official,external,1,official,399,neuraltextures_faces_c23/932_384,ffpp_test:32,1,neuraltextures,h264_crf35,-0.9007132053375244,0.28890395551241715
fcg_official,external,1,official,400,original_faces_c23/035,ffpp_test:5,0,real,h264_crf35,-0.5528636574745178,0.3652002741278023
fcg_official,external,1,official,401,original_faces_c23/036,ffpp_test:5,0,real,h264_crf35,-1.20111083984375,0.2312776632164245
fcg_official,external,1,official,402,deepfakes_faces_c23/035_036,ffpp_test:5,1,deepfakes,h264_crf35,0.6686456203460693,0.6611998246362503
fcg_official,external,1,official,403,deepfakes_faces_c23/036_035,ffpp_test:5,1,deepfakes,h264_crf35,1.6053191423416138,0.8327604962800379
fcg_official,external,1,official,404,face2face_faces_c23/035_036,ffpp_test:5,1,face2face,h264_crf35,-0.02838200330734253,0.49290497544282724
fcg_official,external,1,official,405,face2face_faces_c23/036_035,ffpp_test:5,1,face2face,h264_crf35,0.2155514359474182,0.553680177171839
fcg_official,external,1,official,406,faceswap_faces_c23/035_036,ffpp_test:5,1,faceswap,h264_crf35,0.143809974193573,0.5358906593750079
fcg_official,external,1,official,407,faceswap_faces_c23/036_035,ffpp_test:5,1,faceswap,h264_crf35,0.31095606088638306,0.5771186075790817
fcg_official,external,1,official,408,neuraltextures_faces_c23/035_036,ffpp_test:5,1,neuraltextures,h264_crf35,-0.22041231393814087,0.4451189259669206
fcg_official,external,1,official,409,neuraltextures_faces_c23/036_035,ffpp_test:5,1,neuraltextures,h264_crf35,0.12696725130081177,0.5316992398128795
fcg_official,external,1,official,410,original_faces_c23/257,ffpp_test:23,0,real,h264_crf35,-0.34613847732543945,0.414319142418656
fcg_official,external,1,official,411,original_faces_c23/420,ffpp_test:23,0,real,h264_crf35,-0.252521276473999,0.4372030246387871
fcg_official,external,1,official,412,deepfakes_faces_c23/257_420,ffpp_test:23,1,deepfakes,h264_crf35,0.3631875514984131,0.589811830799276
fcg_official,external,1,official,413,deepfakes_faces_c23/420_257,ffpp_test:23,1,deepfakes,h264_crf35,0.6616072654724121,0.6596213458715335
fcg_official,external,1,official,414,face2face_faces_c23/257_420,ffpp_test:23,1,face2face,h264_crf35,0.2444821000099182,0.5608178949646828
fcg_official,external,1,official,415,face2face_faces_c23/420_257,ffpp_test:23,1,face2face,h264_crf35,-0.20981907844543457,0.44773682621494276
fcg_official,external,1,official,416,faceswap_faces_c23/257_420,ffpp_test:23,1,faceswap,h264_crf35,0.386341392993927,0.5954016547681938
fcg_official,external,1,official,417,faceswap_faces_c23/420_257,ffpp_test:23,1,faceswap,h264_crf35,0.09768444299697876,0.5244017098989862
fcg_official,external,1,official,418,neuraltextures_faces_c23/257_420,ffpp_test:23,1,neuraltextures,h264_crf35,-0.12881827354431152,0.4678398917842796
fcg_official,external,1,official,419,neuraltextures_faces_c23/420_257,ffpp_test:23,1,neuraltextures,h264_crf35,-0.3187166452407837,0.42098854304042704
fcg_official,external,1,official,420,original_faces_c23/924,ffpp_test:67,0,real,h264_crf35,-1.0924324989318848,0.2511604997934513
fcg_official,external,1,official,421,original_faces_c23/917,ffpp_test:67,0,real,h264_crf35,-0.9569095969200134,0.27749737151056253
fcg_official,external,1,official,422,deepfakes_faces_c23/924_917,ffpp_test:67,1,deepfakes,h264_crf35,0.36495399475097656,0.5902391252894525
fcg_official,external,1,official,423,deepfakes_faces_c23/917_924,ffpp_test:67,1,deepfakes,h264_crf35,0.46858155727386475,0.6150479751215536
fcg_official,external,1,official,424,face2face_faces_c23/924_917,ffpp_test:67,1,face2face,h264_crf35,0.35077786445617676,0.5868061963036991
fcg_official,external,1,official,425,face2face_faces_c23/917_924,ffpp_test:67,1,face2face,h264_crf35,-0.06802242994308472,0.4830009466326802
fcg_official,external,1,official,426,faceswap_faces_c23/924_917,ffpp_test:67,1,faceswap,h264_crf35,0.44934630393981934,0.6104838006177631
fcg_official,external,1,official,427,faceswap_faces_c23/917_924,ffpp_test:67,1,faceswap,h264_crf35,0.49714285135269165,0.6217876561116374
fcg_official,external,1,official,428,neuraltextures_faces_c23/924_917,ffpp_test:67,1,neuraltextures,h264_crf35,0.31942975521087646,0.5791852728409848
fcg_official,external,1,official,429,neuraltextures_faces_c23/917_924,ffpp_test:67,1,neuraltextures,h264_crf35,0.24253857135772705,0.5603391451190206
fcg_official,external,1,official,430,original_faces_c23/114,ffpp_test:9,0,real,h264_crf35,-0.9058963060379028,0.2878403134325796
fcg_official,external,1,official,431,original_faces_c23/102,ffpp_test:9,0,real,h264_crf35,-1.3449153900146484,0.2067028865680661
fcg_official,external,1,official,432,deepfakes_faces_c23/114_102,ffpp_test:9,1,deepfakes,h264_crf35,0.9176068305969238,0.7145542300958923
fcg_official,external,1,official,433,deepfakes_faces_c23/102_114,ffpp_test:9,1,deepfakes,h264_crf35,1.0507391691207886,0.7409168146783625
fcg_official,external,1,official,434,face2face_faces_c23/114_102,ffpp_test:9,1,face2face,h264_crf35,0.7173107862472534,0.6720145592169064
fcg_official,external,1,official,435,face2face_faces_c23/102_114,ffpp_test:9,1,face2face,h264_crf35,-0.7529332041740417,0.3201825065070664
fcg_official,external,1,official,436,faceswap_faces_c23/114_102,ffpp_test:9,1,faceswap,h264_crf35,0.3110589385032654,0.5771437149421281
fcg_official,external,1,official,437,faceswap_faces_c23/102_114,ffpp_test:9,1,faceswap,h264_crf35,-0.04385906457901001,0.48903699118525024
fcg_official,external,1,official,438,neuraltextures_faces_c23/114_102,ffpp_test:9,1,neuraltextures,h264_crf35,0.02161550521850586,0.50540366591
fcg_official,external,1,official,439,neuraltextures_faces_c23/102_114,ffpp_test:9,1,neuraltextures,h264_crf35,-0.6179789304733276,0.3502412515761911
fcg_official,external,1,official,440,original_faces_c23/732,ffpp_test:56,0,real,h264_crf35,-0.3393508791923523,0.4159671648816339
fcg_official,external,1,official,441,original_faces_c23/691,ffpp_test:56,0,real,h264_crf35,-0.8242143392562866,0.30486980565251476
fcg_official,external,1,official,442,deepfakes_faces_c23/732_691,ffpp_test:56,1,deepfakes,h264_crf35,1.2482365369796753,0.7769944480138422
fcg_official,external,1,official,443,deepfakes_faces_c23/691_732,ffpp_test:56,1,deepfakes,h264_crf35,1.453932762145996,0.810602952119878
fcg_official,external,1,official,444,face2face_faces_c23/732_691,ffpp_test:56,1,face2face,h264_crf35,0.9694520235061646,0.7250102609783398
fcg_official,external,1,official,445,face2face_faces_c23/691_732,ffpp_test:56,1,face2face,h264_crf35,-0.253140926361084,0.43705056166916917
fcg_official,external,1,official,446,faceswap_faces_c23/732_691,ffpp_test:56,1,faceswap,h264_crf35,-0.018836677074432373,0.49529096996889643
fcg_official,external,1,official,447,faceswap_faces_c23/691_732,ffpp_test:56,1,faceswap,h264_crf35,1.04514741897583,0.7398419822616987
fcg_official,external,1,official,448,neuraltextures_faces_c23/732_691,ffpp_test:56,1,neuraltextures,h264_crf35,0.010464966297149658,0.5026162176979609
fcg_official,external,1,official,449,neuraltextures_faces_c23/691_732,ffpp_test:56,1,neuraltextures,h264_crf35,-0.2430053949356079,0.43954585184505945
fcg_official,external,1,official,450,original_faces_c23/550,ffpp_test:41,0,real,h264_crf35,-0.21190083026885986,0.4472221306221221
fcg_official,external,1,official,451,original_faces_c23/452,ffpp_test:41,0,real,h264_crf35,-0.28522711992263794,0.4291727465770755
fcg_official,external,1,official,452,deepfakes_faces_c23/550_452,ffpp_test:41,1,deepfakes,h264_crf35,0.4282606244087219,0.6054582452042347
fcg_official,external,1,official,453,deepfakes_faces_c23/452_550,ffpp_test:41,1,deepfakes,h264_crf35,1.4485665559768677,0.8097777275212326
fcg_official,external,1,official,454,face2face_faces_c23/550_452,ffpp_test:41,1,face2face,h264_crf35,0.8706581592559814,0.7048826287918998
fcg_official,external,1,official,455,face2face_faces_c23/452_550,ffpp_test:41,1,face2face,h264_crf35,-0.025564730167388916,0.49360916551807554
fcg_official,external,1,official,456,faceswap_faces_c23/550_452,ffpp_test:41,1,faceswap,h264_crf35,0.18682700395584106,0.5465713678632161
fcg_official,external,1,official,457,faceswap_faces_c23/452_550,ffpp_test:41,1,faceswap,h264_crf35,0.6445303559303284,0.6557768345290246
fcg_official,external,1,official,458,neuraltextures_faces_c23/550_452,ffpp_test:41,1,neuraltextures,h264_crf35,0.25402218103408813,0.5631662478698737
fcg_official,external,1,official,459,neuraltextures_faces_c23/452_550,ffpp_test:41,1,neuraltextures,h264_crf35,0.04520583152770996,0.5112995336677622
fcg_official,external,1,official,460,original_faces_c23/280,ffpp_test:22,0,real,h264_crf35,-0.6314792633056641,0.3471751950489668
fcg_official,external,1,official,461,original_faces_c23/249,ffpp_test:22,0,real,h264_crf35,-1.4243113994598389,0.19398658181675565
fcg_official,external,1,official,462,deepfakes_faces_c23/280_249,ffpp_test:22,1,deepfakes,h264_crf35,-0.30169790983200073,0.4251424675737073
fcg_official,external,1,official,463,deepfakes_faces_c23/249_280,ffpp_test:22,1,deepfakes,h264_crf35,0.9124358892440796,0.7134983623007116
fcg_official,external,1,official,464,face2face_faces_c23/280_249,ffpp_test:22,1,face2face,h264_crf35,-0.06886500120162964,0.4827905503199552
fcg_official,external,1,official,465,face2face_faces_c23/249_280,ffpp_test:22,1,face2face,h264_crf35,0.5271933078765869,0.6288282580328246
fcg_official,external,1,official,466,faceswap_faces_c23/280_249,ffpp_test:22,1,faceswap,h264_crf35,-0.16756504774093628,0.4582064823560009
fcg_official,external,1,official,467,faceswap_faces_c23/249_280,ffpp_test:22,1,faceswap,h264_crf35,1.2274408340454102,0.7733703465229482
fcg_official,external,1,official,468,neuraltextures_faces_c23/280_249,ffpp_test:22,1,neuraltextures,h264_crf35,-0.4987116754055023,0.37784347759183645
fcg_official,external,1,official,469,neuraltextures_faces_c23/249_280,ffpp_test:22,1,neuraltextures,h264_crf35,-1.0278394222259521,0.26350319159150043
fcg_official,external,1,official,470,original_faces_c23/842,ffpp_test:58,0,real,h264_crf35,-0.3191778063774109,0.4208761357955545
fcg_official,external,1,official,471,original_faces_c23/714,ffpp_test:58,0,real,h264_crf35,-1.037693738937378,0.26159523360671877
fcg_official,external,1,official,472,deepfakes_faces_c23/842_714,ffpp_test:58,1,deepfakes,h264_crf35,0.6385620832443237,0.6544283452693949
fcg_official,external,1,official,473,deepfakes_faces_c23/714_842,ffpp_test:58,1,deepfakes,h264_crf35,0.9136152267456055,0.7137393799310184
fcg_official,external,1,official,474,face2face_faces_c23/842_714,ffpp_test:58,1,face2face,h264_crf35,0.8015120625495911,0.6902978330232091
fcg_official,external,1,official,475,face2face_faces_c23/714_842,ffpp_test:58,1,face2face,h264_crf35,-0.47790786623954773,0.3827462737030234
fcg_official,external,1,official,476,faceswap_faces_c23/842_714,ffpp_test:58,1,faceswap,h264_crf35,0.7242854833602905,0.6735500107407958
fcg_official,external,1,official,477,faceswap_faces_c23/714_842,ffpp_test:58,1,faceswap,h264_crf35,0.09352707862854004,0.5233647405785772
fcg_official,external,1,official,478,neuraltextures_faces_c23/842_714,ffpp_test:58,1,neuraltextures,h264_crf35,0.601435661315918,0.645984694182875
fcg_official,external,1,official,479,neuraltextures_faces_c23/714_842,ffpp_test:58,1,neuraltextures,h264_crf35,-0.9002015590667725,0.28900907868603926
fcg_official,external,1,official,480,original_faces_c23/625,ffpp_test:52,0,real,h264_crf35,-1.093809723854065,0.25090156162181604
fcg_official,external,1,official,481,original_faces_c23/650,ffpp_test:52,0,real,h264_crf35,-0.8494015336036682,0.29955841457767846
fcg_official,external,1,official,482,deepfakes_faces_c23/625_650,ffpp_test:52,1,deepfakes,h264_crf35,0.7455625534057617,0.6782110339786364
fcg_official,external,1,official,483,deepfakes_faces_c23/650_625,ffpp_test:52,1,deepfakes,h264_crf35,1.1502469778060913,0.7595560255626518
fcg_official,external,1,official,484,face2face_faces_c23/625_650,ffpp_test:52,1,face2face,h264_crf35,0.8145336508750916,0.6930747554759092
fcg_official,external,1,official,485,face2face_faces_c23/650_625,ffpp_test:52,1,face2face,h264_crf35,0.02719902992248535,0.5067993383138188
fcg_official,external,1,official,486,faceswap_faces_c23/625_650,ffpp_test:52,1,faceswap,h264_crf35,-0.042939186096191406,0.48926685254986213
fcg_official,external,1,official,487,faceswap_faces_c23/650_625,ffpp_test:52,1,faceswap,h264_crf35,0.5140538811683655,0.6257563169736092
fcg_official,external,1,official,488,neuraltextures_faces_c23/625_650,ffpp_test:52,1,neuraltextures,h264_crf35,0.18975096940994263,0.5472959182800975
fcg_official,external,1,official,489,neuraltextures_faces_c23/650_625,ffpp_test:52,1,neuraltextures,h264_crf35,-0.22345000505447388,0.44436877814308245
fcg_official,external,1,official,490,original_faces_c23/024,ffpp_test:3,0,real,h264_crf35,-0.6670551300048828,0.33915655974474745
fcg_official,external,1,official,491,original_faces_c23/073,ffpp_test:3,0,real,h264_crf35,-0.606514573097229,0.3528546802903549
fcg_official,external,1,official,492,deepfakes_faces_c23/024_073,ffpp_test:3,1,deepfakes,h264_crf35,0.11895900964736938,0.529704730758373
fcg_official,external,1,official,493,deepfakes_faces_c23/073_024,ffpp_test:3,1,deepfakes,h264_crf35,0.7346307039260864,0.6758206249710967
fcg_official,external,1,official,494,face2face_faces_c23/024_073,ffpp_test:3,1,face2face,h264_crf35,-0.47729653120040894,0.3828907129110392
fcg_official,external,1,official,495,face2face_faces_c23/073_024,ffpp_test:3,1,face2face,h264_crf35,0.3966061472892761,0.5978719781146719
fcg_official,external,1,official,496,faceswap_faces_c23/024_073,ffpp_test:3,1,faceswap,h264_crf35,0.08887875080108643,0.5222050723354972
fcg_official,external,1,official,497,faceswap_faces_c23/073_024,ffpp_test:3,1,faceswap,h264_crf35,0.32486283779144287,0.580508903679448
fcg_official,external,1,official,498,neuraltextures_faces_c23/024_073,ffpp_test:3,1,neuraltextures,h264_crf35,-0.23346221446990967,0.44189810868470786
fcg_official,external,1,official,499,neuraltextures_faces_c23/073_024,ffpp_test:3,1,neuraltextures,h264_crf35,-0.05854243040084839,0.4853685709169621
fcg_official,external,1,official,500,original_faces_c23/044,ffpp_test:6,0,real,h264_crf35,-1.1318188905715942,0.24382558731464105
fcg_official,external,1,official,501,original_faces_c23/945,ffpp_test:6,0,real,h264_crf35,-0.42646247148513794,0.3949713763275402
fcg_official,external,1,official,502,deepfakes_faces_c23/044_945,ffpp_test:6,1,deepfakes,h264_crf35,1.3867883682250977,0.800079029422897
fcg_official,external,1,official,503,deepfakes_faces_c23/945_044,ffpp_test:6,1,deepfakes,h264_crf35,0.6375746726989746,0.6542050064746464
fcg_official,external,1,official,504,face2face_faces_c23/044_945,ffpp_test:6,1,face2face,h264_crf35,-0.008578836917877197,0.4978553039240147
fcg_official,external,1,official,505,face2face_faces_c23/945_044,ffpp_test:6,1,face2face,h264_crf35,-0.3550983667373657,0.4121466288428184
fcg_official,external,1,official,506,faceswap_faces_c23/044_945,ffpp_test:6,1,faceswap,h264_crf35,0.8439080715179443,0.6992876620845312
fcg_official,external,1,official,507,faceswap_faces_c23/945_044,ffpp_test:6,1,faceswap,h264_crf35,0.8759633302688599,0.7059850261342471
fcg_official,external,1,official,508,neuraltextures_faces_c23/044_945,ffpp_test:6,1,neuraltextures,h264_crf35,-0.29874473810195923,0.4258643710294591
fcg_official,external,1,official,509,neuraltextures_faces_c23/945_044,ffpp_test:6,1,neuraltextures,h264_crf35,-0.48118987679481506,0.3819711925460061
fcg_official,external,1,official,510,original_faces_c23/896,ffpp_test:10,0,real,h264_crf35,-0.5783751010894775,0.3593065685234953
fcg_official,external,1,official,511,original_faces_c23/128,ffpp_test:10,0,real,h264_crf35,-0.5758117437362671,0.35989687969258044
fcg_official,external,1,official,512,deepfakes_faces_c23/896_128,ffpp_test:10,1,deepfakes,h264_crf35,-0.02407383918762207,0.49398183085264746
fcg_official,external,1,official,513,deepfakes_faces_c23/128_896,ffpp_test:10,1,deepfakes,h264_crf35,0.8529969453811646,0.7011954420279688
fcg_official,external,1,official,514,face2face_faces_c23/896_128,ffpp_test:10,1,face2face,h264_crf35,0.2316591739654541,0.5576571714785997
fcg_official,external,1,official,515,face2face_faces_c23/128_896,ffpp_test:10,1,face2face,h264_crf35,-0.602510929107666,0.3537694430894061
fcg_official,external,1,official,516,faceswap_faces_c23/896_128,ffpp_test:10,1,faceswap,h264_crf35,-0.49033796787261963,0.3798139542953527
fcg_official,external,1,official,517,faceswap_faces_c23/128_896,ffpp_test:10,1,faceswap,h264_crf35,0.4276356101036072,0.6053089328512242
fcg_official,external,1,official,518,neuraltextures_faces_c23/896_128,ffpp_test:10,1,neuraltextures,h264_crf35,0.6626211404800415,0.6598489452751286
fcg_official,external,1,official,519,neuraltextures_faces_c23/128_896,ffpp_test:10,1,neuraltextures,h264_crf35,0.1363087296485901,0.5340245172266765
fcg_official,external,1,official,520,original_faces_c23/862,ffpp_test:7,0,real,h264_crf35,-0.7451030015945435,0.3218892672014835
fcg_official,external,1,official,521,original_faces_c23/047,ffpp_test:7,0,real,h264_crf35,-0.6576316952705383,0.34127181884221597
fcg_official,external,1,official,522,deepfakes_faces_c23/862_047,ffpp_test:7,1,deepfakes,h264_crf35,1.017547607421875,0.7344946279322467
fcg_official,external,1,official,523,deepfakes_faces_c23/047_862,ffpp_test:7,1,deepfakes,h264_crf35,0.07918184995651245,0.5197851262275858
fcg_official,external,1,official,524,face2face_faces_c23/862_047,ffpp_test:7,1,face2face,h264_crf35,0.025637149810791016,0.5064089364265706
fcg_official,external,1,official,525,face2face_faces_c23/047_862,ffpp_test:7,1,face2face,h264_crf35,0.4147959351539612,0.6022372946776652
fcg_official,external,1,official,526,faceswap_faces_c23/862_047,ffpp_test:7,1,faceswap,h264_crf35,0.5929085612297058,0.6440322260658817
fcg_official,external,1,official,527,faceswap_faces_c23/047_862,ffpp_test:7,1,faceswap,h264_crf35,1.7152791023254395,0.8475197550362735
fcg_official,external,1,official,528,neuraltextures_faces_c23/862_047,ffpp_test:7,1,neuraltextures,h264_crf35,0.22859257459640503,0.5569005829035756
fcg_official,external,1,official,529,neuraltextures_faces_c23/047_862,ffpp_test:7,1,neuraltextures,h264_crf35,-0.7892763614654541,0.31232406975832555
fcg_official,external,1,official,530,original_faces_c23/607,ffpp_test:49,0,real,h264_crf35,-0.43869495391845703,0.39205197950697424
fcg_official,external,1,official,531,original_faces_c23/683,ffpp_test:49,0,real,h264_crf35,-0.3124731183052063,0.4225111938126819
fcg_official,external,1,official,532,deepfakes_faces_c23/607_683,ffpp_test:49,1,deepfakes,h264_crf35,1.9052437543869019,0.8704838648475609
fcg_official,external,1,official,533,deepfakes_faces_c23/683_607,ffpp_test:49,1,deepfakes,h264_crf35,2.5757088661193848,0.929281786981319
fcg_official,external,1,official,534,face2face_faces_c23/607_683,ffpp_test:49,1,face2face,h264_crf35,0.35684531927108765,0.5882765608787185
fcg_official,external,1,official,535,face2face_faces_c23/683_607,ffpp_test:49,1,face2face,h264_crf35,0.3342074751853943,0.582782766811192
fcg_official,external,1,official,536,faceswap_faces_c23/607_683,ffpp_test:49,1,faceswap,h264_crf35,1.9261587858200073,0.8728236456613944
fcg_official,external,1,official,537,faceswap_faces_c23/683_607,ffpp_test:49,1,faceswap,h264_crf35,2.302217483520508,0.9090605235734779
fcg_official,external,1,official,538,neuraltextures_faces_c23/607_683,ffpp_test:49,1,neuraltextures,h264_crf35,0.15832483768463135,0.5394987351139258
fcg_official,external,1,official,539,neuraltextures_faces_c23/683_607,ffpp_test:49,1,neuraltextures,h264_crf35,0.25387364625930786,0.5631297064834192
fcg_official,external,1,official,540,original_faces_c23/517,ffpp_test:45,0,real,h264_crf35,0.10770118236541748,0.5268992989817122
fcg_official,external,1,official,541,original_faces_c23/521,ffpp_test:45,0,real,h264_crf35,-0.8237250447273254,0.30497350890679564
fcg_official,external,1,official,542,deepfakes_faces_c23/517_521,ffpp_test:45,1,deepfakes,h264_crf35,1.7625887393951416,0.8535335851534184
fcg_official,external,1,official,543,deepfakes_faces_c23/521_517,ffpp_test:45,1,deepfakes,h264_crf35,0.8890104293823242,0.7086859177235387
fcg_official,external,1,official,544,face2face_faces_c23/517_521,ffpp_test:45,1,face2face,h264_crf35,0.8802875876426697,0.7068818127739348
fcg_official,external,1,official,545,face2face_faces_c23/521_517,ffpp_test:45,1,face2face,h264_crf35,0.1839519739151001,0.5458587510592514
fcg_official,external,1,official,546,faceswap_faces_c23/517_521,ffpp_test:45,1,faceswap,h264_crf35,1.2799811363220215,0.7824465653906758
fcg_official,external,1,official,547,faceswap_faces_c23/521_517,ffpp_test:45,1,faceswap,h264_crf35,0.22225213050842285,0.55533544076664
fcg_official,external,1,official,548,neuraltextures_faces_c23/517_521,ffpp_test:45,1,neuraltextures,h264_crf35,0.6929472088813782,0.6666222270349107
fcg_official,external,1,official,549,neuraltextures_faces_c23/521_517,ffpp_test:45,1,neuraltextures,h264_crf35,-0.133408784866333,0.46669718250004927
fcg_official,external,1,official,550,original_faces_c23/682,ffpp_test:55,0,real,h264_crf35,-0.9642245769500732,0.2760331619691932
fcg_official,external,1,official,551,original_faces_c23/669,ffpp_test:55,0,real,h264_crf35,-0.7223914265632629,0.3268665920320035
fcg_official,external,1,official,552,deepfakes_faces_c23/682_669,ffpp_test:55,1,deepfakes,h264_crf35,0.803159236907959,0.6906498666250099
fcg_official,external,1,official,553,deepfakes_faces_c23/669_682,ffpp_test:55,1,deepfakes,h264_crf35,1.0889579057693481,0.7481854376807802
fcg_official,external,1,official,554,face2face_faces_c23/682_669,ffpp_test:55,1,face2face,h264_crf35,-0.5491800308227539,0.3660546690210082
fcg_official,external,1,official,555,face2face_faces_c23/669_682,ffpp_test:55,1,face2face,h264_crf35,1.092581868171692,0.7488675923651253
fcg_official,external,1,official,556,faceswap_faces_c23/682_669,ffpp_test:55,1,faceswap,h264_crf35,-0.48679786920547485,0.38064819742452194
fcg_official,external,1,official,557,faceswap_faces_c23/669_682,ffpp_test:55,1,faceswap,h264_crf35,0.8511102199554443,0.7007999845746409
fcg_official,external,1,official,558,neuraltextures_faces_c23/682_669,ffpp_test:55,1,neuraltextures,h264_crf35,-0.959740161895752,0.2769302218090009
fcg_official,external,1,official,559,neuraltextures_faces_c23/669_682,ffpp_test:55,1,neuraltextures,h264_crf35,0.546586811542511,0.6333433432551993
fcg_official,external,1,official,560,original_faces_c23/138,ffpp_test:12,0,real,h264_crf35,0.3060012459754944,0.5759089117610624
fcg_official,external,1,official,561,original_faces_c23/142,ffpp_test:12,0,real,h264_crf35,-1.2920194864273071,0.21551118794279508
fcg_official,external,1,official,562,deepfakes_faces_c23/138_142,ffpp_test:12,1,deepfakes,h264_crf35,1.5304441452026367,0.8220712886635979
fcg_official,external,1,official,563,deepfakes_faces_c23/142_138,ffpp_test:12,1,deepfakes,h264_crf35,0.1481304168701172,0.5369650364436548
fcg_official,external,1,official,564,face2face_faces_c23/138_142,ffpp_test:12,1,face2face,h264_crf35,1.5123839378356934,0.8194142376168609
fcg_official,external,1,official,565,face2face_faces_c23/142_138,ffpp_test:12,1,face2face,h264_crf35,-0.5975399613380432,0.35490671330827556
fcg_official,external,1,official,566,faceswap_faces_c23/138_142,ffpp_test:12,1,faceswap,h264_crf35,0.6881051063537598,0.6655452657432483
fcg_official,external,1,official,567,faceswap_faces_c23/142_138,ffpp_test:12,1,faceswap,h264_crf35,0.5290184020996094,0.6292541407573206
fcg_official,external,1,official,568,neuraltextures_faces_c23/138_142,ffpp_test:12,1,neuraltextures,h264_crf35,0.9319032430648804,0.7174612526716393
fcg_official,external,1,official,569,neuraltextures_faces_c23/142_138,ffpp_test:12,1,neuraltextures,h264_crf35,-1.0529916286468506,0.2586510399330727
fcg_official,external,1,official,570,original_faces_c23/552,ffpp_test:47,0,real,h264_crf35,-1.308686375617981,0.21270674403653003
fcg_official,external,1,official,571,original_faces_c23/851,ffpp_test:47,0,real,h264_crf35,-1.0612787008285522,0.2570651691497411
fcg_official,external,1,official,572,deepfakes_faces_c23/552_851,ffpp_test:47,1,deepfakes,h264_crf35,1.2384024858474731,0.7752858214021621
fcg_official,external,1,official,573,deepfakes_faces_c23/851_552,ffpp_test:47,1,deepfakes,h264_crf35,-0.10650008916854858,0.47340011487739225
fcg_official,external,1,official,574,face2face_faces_c23/552_851,ffpp_test:47,1,face2face,h264_crf35,-0.9311872124671936,0.282683916921001
fcg_official,external,1,official,575,face2face_faces_c23/851_552,ffpp_test:47,1,face2face,h264_crf35,-0.5923557877540588,0.356094509948454
fcg_official,external,1,official,576,faceswap_faces_c23/552_851,ffpp_test:47,1,faceswap,h264_crf35,0.3574644923210144,0.5884265208782974
fcg_official,external,1,official,577,faceswap_faces_c23/851_552,ffpp_test:47,1,faceswap,h264_crf35,0.6156673431396484,0.6492325131997015
fcg_official,external,1,official,578,neuraltextures_faces_c23/552_851,ffpp_test:47,1,neuraltextures,h264_crf35,-0.8251627087593079,0.30466886039849367
fcg_official,external,1,official,579,neuraltextures_faces_c23/851_552,ffpp_test:47,1,neuraltextures,h264_crf35,-0.7246087789535522,0.3263789068857587
fcg_official,external,1,official,580,original_faces_c23/376,ffpp_test:31,0,real,h264_crf35,-0.7268762588500977,0.3258805848636172
fcg_official,external,1,official,581,original_faces_c23/381,ffpp_test:31,0,real,h264_crf35,-0.7889167070388794,0.31240132073861027
fcg_official,external,1,official,582,deepfakes_faces_c23/376_381,ffpp_test:31,1,deepfakes,h264_crf35,-0.12998658418655396,0.467549033436862
fcg_official,external,1,official,583,deepfakes_faces_c23/381_376,ffpp_test:31,1,deepfakes,h264_crf35,1.0209287405014038,0.73515346737399
fcg_official,external,1,official,584,face2face_faces_c23/376_381,ffpp_test:31,1,face2face,h264_crf35,-0.18765699863433838,0.4532229415987983
fcg_official,external,1,official,585,face2face_faces_c23/381_376,ffpp_test:31,1,face2face,h264_crf35,-0.3462514281272888,0.4142917341789554
fcg_official,external,1,official,586,faceswap_faces_c23/376_381,ffpp_test:31,1,faceswap,h264_crf35,0.4084547162055969,0.6007172909672479
fcg_official,external,1,official,587,faceswap_faces_c23/381_376,ffpp_test:31,1,faceswap,h264_crf35,0.8342311382293701,0.6972488377564906
fcg_official,external,1,official,588,neuraltextures_faces_c23/376_381,ffpp_test:31,1,neuraltextures,h264_crf35,-0.03727191686630249,0.4906830993417143
fcg_official,external,1,official,589,neuraltextures_faces_c23/381_376,ffpp_test:31,1,neuraltextures,h264_crf35,-0.7498371005058289,0.32085679684485685
fcg_official,external,1,official,590,original_faces_c23/000,ffpp_test:0,0,real,h264_crf35,-0.8685892224311829,0.29554794023749853
fcg_official,external,1,official,591,original_faces_c23/003,ffpp_test:0,0,real,h264_crf35,-0.7379995584487915,0.32344174004404475
fcg_official,external,1,official,592,deepfakes_faces_c23/000_003,ffpp_test:0,1,deepfakes,h264_crf35,0.03781229257583618,0.5094519469953573
fcg_official,external,1,official,593,deepfakes_faces_c23/003_000,ffpp_test:0,1,deepfakes,h264_crf35,0.15593409538269043,0.5389047236448803
fcg_official,external,1,official,594,face2face_faces_c23/000_003,ffpp_test:0,1,face2face,h264_crf35,-0.2490452527999878,0.43805850887351816
fcg_official,external,1,official,595,face2face_faces_c23/003_000,ffpp_test:0,1,face2face,h264_crf35,-0.21057945489883423,0.4475488165042519
fcg_official,external,1,official,596,faceswap_faces_c23/000_003,ffpp_test:0,1,faceswap,h264_crf35,0.4704502820968628,0.6154903265859881
fcg_official,external,1,official,597,faceswap_faces_c23/003_000,ffpp_test:0,1,faceswap,h264_crf35,0.6828445196151733,0.6643732687258085
fcg_official,external,1,official,598,neuraltextures_faces_c23/000_003,ffpp_test:0,1,neuraltextures,h264_crf35,-0.042502641677856445,0.4893759388737216
fcg_official,external,1,official,599,neuraltextures_faces_c23/003_000,ffpp_test:0,1,neuraltextures,h264_crf35,-0.6585262417793274,0.3410707485515664
fcg_official,external,1,official,600,original_faces_c23/048,ffpp_test:4,0,real,h264_crf35,-0.4398167133331299,0.3917846436637007
fcg_official,external,1,official,601,original_faces_c23/029,ffpp_test:4,0,real,h264_crf35,0.5635444521903992,0.6372722608099473
fcg_official,external,1,official,602,deepfakes_faces_c23/048_029,ffpp_test:4,1,deepfakes,h264_crf35,1.6129374504089355,0.8338188134601061
fcg_official,external,1,official,603,deepfakes_faces_c23/029_048,ffpp_test:4,1,deepfakes,h264_crf35,0.36110520362854004,0.5893079463390831
fcg_official,external,1,official,604,face2face_faces_c23/048_029,ffpp_test:4,1,face2face,h264_crf35,-0.12097024917602539,0.46979426411955394
fcg_official,external,1,official,605,face2face_faces_c23/029_048,ffpp_test:4,1,face2face,h264_crf35,0.6501144766807556,0.6570362592681861
fcg_official,external,1,official,606,faceswap_faces_c23/048_029,ffpp_test:4,1,faceswap,h264_crf35,0.20292067527770996,0.5505568071292118
fcg_official,external,1,official,607,faceswap_faces_c23/029_048,ffpp_test:4,1,faceswap,h264_crf35,0.541500449180603,0.6321613913720321
fcg_official,external,1,official,608,neuraltextures_faces_c23/048_029,ffpp_test:4,1,neuraltextures,h264_crf35,-0.8403668999671936,0.30145751625098993
fcg_official,external,1,official,609,neuraltextures_faces_c23/029_048,ffpp_test:4,1,neuraltextures,h264_crf35,0.8336713314056396,0.6971306534658965
fcg_official,external,1,official,610,original_faces_c23/724,ffpp_test:59,0,real,h264_crf35,-0.44656503200531006,0.39017777016126615
fcg_official,external,1,official,611,original_faces_c23/725,ffpp_test:59,0,real,h264_crf35,-1.3069146871566772,0.21300358657968343
fcg_official,external,1,official,612,deepfakes_faces_c23/724_725,ffpp_test:59,1,deepfakes,h264_crf35,0.9959385395050049,0.7302592980559115
fcg_official,external,1,official,613,deepfakes_faces_c23/725_724,ffpp_test:59,1,deepfakes,h264_crf35,1.3474186658859253,0.7937072912387534
fcg_official,external,1,official,614,face2face_faces_c23/724_725,ffpp_test:59,1,face2face,h264_crf35,0.6576569676399231,0.6587338624992048
fcg_official,external,1,official,615,face2face_faces_c23/725_724,ffpp_test:59,1,face2face,h264_crf35,-0.2749108672142029,0.4317018838133624
fcg_official,external,1,official,616,faceswap_faces_c23/724_725,ffpp_test:59,1,faceswap,h264_crf35,1.2523919343948364,0.7777136418176299
fcg_official,external,1,official,617,faceswap_faces_c23/725_724,ffpp_test:59,1,faceswap,h264_crf35,0.16244149208068848,0.5405213083970404
fcg_official,external,1,official,618,neuraltextures_faces_c23/724_725,ffpp_test:59,1,neuraltextures,h264_crf35,0.01923525333404541,0.5048086650692679
fcg_official,external,1,official,619,neuraltextures_faces_c23/725_724,ffpp_test:59,1,neuraltextures,h264_crf35,-0.4155096411705017,0.3975917512862695
fcg_official,external,1,official,620,original_faces_c23/608,ffpp_test:50,0,real,h264_crf35,-0.42961668968200684,0.3942178662463988
fcg_official,external,1,official,621,original_faces_c23/675,ffpp_test:50,0,real,h264_crf35,-1.1063519716262817,0.24855161917758678
fcg_official,external,1,official,622,deepfakes_faces_c23/608_675,ffpp_test:50,1,deepfakes,h264_crf35,1.2541639804840088,0.7780198337575187
fcg_official,external,1,official,623,deepfakes_faces_c23/675_608,ffpp_test:50,1,deepfakes,h264_crf35,0.6191492080688477,0.6500250245103185
fcg_official,external,1,official,624,face2face_faces_c23/608_675,ffpp_test:50,1,face2face,h264_crf35,-0.35706180334091187,0.4116710061125446
fcg_official,external,1,official,625,face2face_faces_c23/675_608,ffpp_test:50,1,face2face,h264_crf35,0.2623301148414612,0.5652089991280325
fcg_official,external,1,official,626,faceswap_faces_c23/608_675,ffpp_test:50,1,faceswap,h264_crf35,1.706032156944275,0.8463209282178359
fcg_official,external,1,official,627,faceswap_faces_c23/675_608,ffpp_test:50,1,faceswap,h264_crf35,0.39611124992370605,0.5977529885965642
fcg_official,external,1,official,628,neuraltextures_faces_c23/608_675,ffpp_test:50,1,neuraltextures,h264_crf35,-0.14733535051345825,0.4632326495552835
fcg_official,external,1,official,629,neuraltextures_faces_c23/675_608,ffpp_test:50,1,neuraltextures,h264_crf35,-0.29938703775405884,0.4257073337371704
fcg_official,external,1,official,630,original_faces_c23/386,ffpp_test:14,0,real,h264_crf35,-1.1101431846618652,0.24784419547714667
fcg_official,external,1,official,631,original_faces_c23/154,ffpp_test:14,0,real,h264_crf35,-0.7414697408676147,0.3226828355426201
fcg_official,external,1,official,632,deepfakes_faces_c23/386_154,ffpp_test:14,1,deepfakes,h264_crf35,0.906938374042511,0.7123732510470028
fcg_official,external,1,official,633,deepfakes_faces_c23/154_386,ffpp_test:14,1,deepfakes,h264_crf35,0.8218225836753845,0.6946230870149152
fcg_official,external,1,official,634,face2face_faces_c23/386_154,ffpp_test:14,1,face2face,h264_crf35,0.22140806913375854,0.5551270002250372
fcg_official,external,1,official,635,face2face_faces_c23/154_386,ffpp_test:14,1,face2face,h264_crf35,0.5232735276222229,0.6279129074044952
fcg_official,external,1,official,636,faceswap_faces_c23/386_154,ffpp_test:14,1,faceswap,h264_crf35,0.07247138023376465,0.518109919491728
fcg_official,external,1,official,637,faceswap_faces_c23/154_386,ffpp_test:14,1,faceswap,h264_crf35,0.5012404322624207,0.622750793077097
fcg_official,external,1,official,638,neuraltextures_faces_c23/386_154,ffpp_test:14,1,neuraltextures,h264_crf35,-0.8316067457199097,0.30330543946669797
fcg_official,external,1,official,639,neuraltextures_faces_c23/154_386,ffpp_test:14,1,neuraltextures,h264_crf35,-0.02425628900527954,0.49393622505646845
fcg_official,external,1,official,640,original_faces_c23/220,ffpp_test:20,0,real,h264_crf35,0.13144588470458984,0.53281423768658
fcg_official,external,1,official,641,original_faces_c23/219,ffpp_test:20,0,real,h264_crf35,-0.32041770219802856,0.4205739539990391
fcg_official,external,1,official,642,deepfakes_faces_c23/220_219,ffpp_test:20,1,deepfakes,h264_crf35,0.9802060127258301,0.7271490918563801
fcg_official,external,1,official,643,deepfakes_faces_c23/219_220,ffpp_test:20,1,deepfakes,h264_crf35,1.4024313688278198,0.8025694266191593
fcg_official,external,1,official,644,face2face_faces_c23/220_219,ffpp_test:20,1,face2face,h264_crf35,1.0684999227523804,0.7443115379582649
fcg_official,external,1,official,645,face2face_faces_c23/219_220,ffpp_test:20,1,face2face,h264_crf35,-0.10803437232971191,0.4730176453593994
fcg_official,external,1,official,646,faceswap_faces_c23/220_219,ffpp_test:20,1,faceswap,h264_crf35,0.3795042037963867,0.5937535173551488
fcg_official,external,1,official,647,faceswap_faces_c23/219_220,ffpp_test:20,1,faceswap,h264_crf35,0.5176510214805603,0.6265983327272878
fcg_official,external,1,official,648,neuraltextures_faces_c23/220_219,ffpp_test:20,1,neuraltextures,h264_crf35,0.5223160982131958,0.6276891878550731
fcg_official,external,1,official,649,neuraltextures_faces_c23/219_220,ffpp_test:20,1,neuraltextures,h264_crf35,-0.03919953107833862,0.4902013719152524
fcg_official,external,1,official,650,original_faces_c23/801,ffpp_test:63,0,real,h264_crf35,-0.15984147787094116,0.46012449366863767
fcg_official,external,1,official,651,original_faces_c23/855,ffpp_test:63,0,real,h264_crf35,-0.6790910363197327,0.3364642040556525
fcg_official,external,1,official,652,deepfakes_faces_c23/801_855,ffpp_test:63,1,deepfakes,h264_crf35,1.2241309881210327,0.7727897094456995
fcg_official,external,1,official,653,deepfakes_faces_c23/855_801,ffpp_test:63,1,deepfakes,h264_crf35,1.8592995405197144,0.8652152829011934
fcg_official,external,1,official,654,face2face_faces_c23/801_855,ffpp_test:63,1,face2face,h264_crf35,0.06840133666992188,0.5170936699466174
fcg_official,external,1,official,655,face2face_faces_c23/855_801,ffpp_test:63,1,face2face,h264_crf35,-0.26457953453063965,0.4342382922682754
fcg_official,external,1,official,656,faceswap_faces_c23/801_855,ffpp_test:63,1,faceswap,h264_crf35,-0.2526700496673584,0.43716641836366327
fcg_official,external,1,official,657,faceswap_faces_c23/855_801,ffpp_test:63,1,faceswap,h264_crf35,0.09667372703552246,0.524149626537095
fcg_official,external,1,official,658,neuraltextures_faces_c23/801_855,ffpp_test:63,1,neuraltextures,h264_crf35,-0.20593512058258057,0.44869740066289776
fcg_official,external,1,official,659,neuraltextures_faces_c23/855_801,ffpp_test:63,1,neuraltextures,h264_crf35,-0.5396763682365417,0.3682628704713684
fcg_official,external,1,official,660,original_faces_c23/161,ffpp_test:13,0,real,h264_crf35,-0.90082848072052,0.28888027409155254
fcg_official,external,1,official,661,original_faces_c23/141,ffpp_test:13,0,real,h264_crf35,-0.9646786451339722,0.2759424307316033
fcg_official,external,1,official,662,deepfakes_faces_c23/161_141,ffpp_test:13,1,deepfakes,h264_crf35,0.4835318326950073,0.6185815180792844
fcg_official,external,1,official,663,deepfakes_faces_c23/141_161,ffpp_test:13,1,deepfakes,h264_crf35,1.046334147453308,0.7400703337808472
fcg_official,external,1,official,664,face2face_faces_c23/161_141,ffpp_test:13,1,face2face,h264_crf35,-0.027935147285461426,0.49301666730610083
fcg_official,external,1,official,665,face2face_faces_c23/141_161,ffpp_test:13,1,face2face,h264_crf35,-0.6365432739257812,0.3460283544920648
fcg_official,external,1,official,666,faceswap_faces_c23/161_141,ffpp_test:13,1,faceswap,h264_crf35,1.5284515619277954,0.8217796462724437
fcg_official,external,1,official,667,faceswap_faces_c23/141_161,ffpp_test:13,1,faceswap,h264_crf35,1.2863112688064575,0.7835221787614788
fcg_official,external,1,official,668,neuraltextures_faces_c23/161_141,ffpp_test:13,1,neuraltextures,h264_crf35,-0.3709927797317505,0.40830115278277357
fcg_official,external,1,official,669,neuraltextures_faces_c23/141_161,ffpp_test:13,1,neuraltextures,h264_crf35,-0.4349706172943115,0.3929400208028238
fcg_official,external,1,official,670,original_faces_c23/949,ffpp_test:66,0,real,h264_crf35,-1.0215381383895874,0.26472789812659336
fcg_official,external,1,official,671,original_faces_c23/868,ffpp_test:66,0,real,h264_crf35,-0.531802237033844,0.3700966430390983
fcg_official,external,1,official,672,deepfakes_faces_c23/949_868,ffpp_test:66,1,deepfakes,h264_crf35,-0.002911388874053955,0.49927215329560004
fcg_official,external,1,official,673,deepfakes_faces_c23/868_949,ffpp_test:66,1,deepfakes,h264_crf35,1.0540456771850586,0.7415510231680765
fcg_official,external,1,official,674,face2face_faces_c23/949_868,ffpp_test:66,1,face2face,h264_crf35,-0.4043770432472229,0.4002611639571928
fcg_official,external,1,official,675,face2face_faces_c23/868_949,ffpp_test:66,1,face2face,h264_crf35,-0.4906437397003174,0.3797419307637297
fcg_official,external,1,official,676,faceswap_faces_c23/949_868,ffpp_test:66,1,faceswap,h264_crf35,0.29756295680999756,0.573846653541532
fcg_official,external,1,official,677,faceswap_faces_c23/868_949,ffpp_test:66,1,faceswap,h264_crf35,0.2584117650985718,0.5642458284832467
fcg_official,external,1,official,678,neuraltextures_faces_c23/949_868,ffpp_test:66,1,neuraltextures,h264_crf35,-0.7514499425888062,0.32050544770686934
fcg_official,external,1,official,679,neuraltextures_faces_c23/868_949,ffpp_test:66,1,neuraltextures,h264_crf35,-0.13313525915145874,0.4667652611872263
fcg_official,external,1,official,680,original_faces_c23/880,ffpp_test:11,0,real,h264_crf35,-0.7123167514801025,0.32908712504581134
fcg_official,external,1,official,681,original_faces_c23/135,ffpp_test:11,0,real,h264_crf35,-1.0624176263809204,0.25684771429907544
fcg_official,external,1,official,682,deepfakes_faces_c23/880_135,ffpp_test:11,1,deepfakes,h264_crf35,0.00043189525604248047,0.5001079738123322
fcg_official,external,1,official,683,deepfakes_faces_c23/135_880,ffpp_test:11,1,deepfakes,h264_crf35,1.601473093032837,0.8322241695169503
fcg_official,external,1,official,684,face2face_faces_c23/880_135,ffpp_test:11,1,face2face,h264_crf35,-0.27111226320266724,0.4326340564435009
fcg_official,external,1,official,685,face2face_faces_c23/135_880,ffpp_test:11,1,face2face,h264_crf35,0.049168407917022705,0.5122896261982799
fcg_official,external,1,official,686,faceswap_faces_c23/880_135,ffpp_test:11,1,faceswap,h264_crf35,1.463542103767395,0.8120738325983121
fcg_official,external,1,official,687,faceswap_faces_c23/135_880,ffpp_test:11,1,faceswap,h264_crf35,1.5364015102386475,0.8229410016666491
fcg_official,external,1,official,688,neuraltextures_faces_c23/880_135,ffpp_test:11,1,neuraltextures,h264_crf35,-0.19588226079940796,0.451185419129082
fcg_official,external,1,official,689,neuraltextures_faces_c23/135_880,ffpp_test:11,1,neuraltextures,h264_crf35,-0.3356187343597412,0.4168741298762623
fcg_official,external,1,official,690,original_faces_c23/429,ffpp_test:35,0,real,h264_crf35,-1.023788571357727,0.2642900900034001
fcg_official,external,1,official,691,original_faces_c23/404,ffpp_test:35,0,real,h264_crf35,-0.9748918414115906,0.27390652898170387
fcg_official,external,1,official,692,deepfakes_faces_c23/429_404,ffpp_test:35,1,deepfakes,h264_crf35,1.3067502975463867,0.7869688549870041
fcg_official,external,1,official,693,deepfakes_faces_c23/404_429,ffpp_test:35,1,deepfakes,h264_crf35,1.1533297300338745,0.7601185800944177
fcg_official,external,1,official,694,face2face_faces_c23/429_404,ffpp_test:35,1,face2face,h264_crf35,-0.5543103218078613,0.3648649607809394
fcg_official,external,1,official,695,face2face_faces_c23/404_429,ffpp_test:35,1,face2face,h264_crf35,-0.4565547704696655,0.3878034456091152
fcg_official,external,1,official,696,faceswap_faces_c23/429_404,ffpp_test:35,1,faceswap,h264_crf35,-0.3006507158279419,0.42539841800652906
fcg_official,external,1,official,697,faceswap_faces_c23/404_429,ffpp_test:35,1,faceswap,h264_crf35,0.25232696533203125,0.5627491632506989
fcg_official,external,1,official,698,neuraltextures_faces_c23/429_404,ffpp_test:35,1,neuraltextures,h264_crf35,-0.4233973026275635,0.39570409193793316
fcg_official,external,1,official,699,neuraltextures_faces_c23/404_429,ffpp_test:35,1,neuraltextures,h264_crf35,-0.48069483041763306,0.3820880645749475
fcg_official,external,1,official,0,original_faces_c23/953,ffpp_test:68,0,real,h265_crf32,-0.4732235372066498,0.38385355991955794
fcg_official,external,1,official,1,original_faces_c23/974,ffpp_test:68,0,real,h265_crf32,-0.576146125793457,0.3598198513343421
fcg_official,external,1,official,2,deepfakes_faces_c23/953_974,ffpp_test:68,1,deepfakes,h265_crf32,1.668694257736206,0.8414016541608245
fcg_official,external,1,official,3,deepfakes_faces_c23/974_953,ffpp_test:68,1,deepfakes,h265_crf32,0.8719900250434875,0.7051596120299465
fcg_official,external,1,official,4,face2face_faces_c23/953_974,ffpp_test:68,1,face2face,h265_crf32,1.9954960346221924,0.8803233788652512
fcg_official,external,1,official,5,face2face_faces_c23/974_953,ffpp_test:68,1,face2face,h265_crf32,0.5719031095504761,0.6392021916770521
fcg_official,external,1,official,6,faceswap_faces_c23/953_974,ffpp_test:68,1,faceswap,h265_crf32,1.0955119132995605,0.7494182291574136
fcg_official,external,1,official,7,faceswap_faces_c23/974_953,ffpp_test:68,1,faceswap,h265_crf32,-0.3481161594390869,0.4138393219304119
fcg_official,external,1,official,8,neuraltextures_faces_c23/953_974,ffpp_test:68,1,neuraltextures,h265_crf32,-0.007372617721557617,0.4981568539183624
fcg_official,external,1,official,9,neuraltextures_faces_c23/974_953,ffpp_test:68,1,neuraltextures,h265_crf32,-0.5018628835678101,0.37710298421876504
fcg_official,external,1,official,10,original_faces_c23/012,ffpp_test:1,0,real,h265_crf32,-0.7595915794372559,0.3187349453026832
fcg_official,external,1,official,11,original_faces_c23/026,ffpp_test:1,0,real,h265_crf32,0.23877787590026855,0.5594124540515112
fcg_official,external,1,official,12,deepfakes_faces_c23/012_026,ffpp_test:1,1,deepfakes,h265_crf32,1.5314602851867676,0.8222198709062444
fcg_official,external,1,official,13,deepfakes_faces_c23/026_012,ffpp_test:1,1,deepfakes,h265_crf32,1.118171215057373,0.753649338076682
fcg_official,external,1,official,14,face2face_faces_c23/012_026,ffpp_test:1,1,face2face,h265_crf32,0.5695544481277466,0.6386603600245887
fcg_official,external,1,official,15,face2face_faces_c23/026_012,ffpp_test:1,1,face2face,h265_crf32,0.19683915376663208,0.549051512882334
fcg_official,external,1,official,16,faceswap_faces_c23/012_026,ffpp_test:1,1,faceswap,h265_crf32,1.7318896055221558,0.8496539619614185
fcg_official,external,1,official,17,faceswap_faces_c23/026_012,ffpp_test:1,1,faceswap,h265_crf32,0.9388543963432312,0.718868192743457
fcg_official,external,1,official,18,neuraltextures_faces_c23/012_026,ffpp_test:1,1,neuraltextures,h265_crf32,1.0671947002410889,0.7440630594184263
fcg_official,external,1,official,19,neuraltextures_faces_c23/026_012,ffpp_test:1,1,neuraltextures,h265_crf32,0.26587384939193726,0.5660796619426559
fcg_official,external,1,official,20,original_faces_c23/078,ffpp_test:8,0,real,h265_crf32,-0.684146523475647,0.3353364707544359
fcg_official,external,1,official,21,original_faces_c23/955,ffpp_test:8,0,real,h265_crf32,-0.6390337347984314,0.34546499761251964
fcg_official,external,1,official,22,deepfakes_faces_c23/078_955,ffpp_test:8,1,deepfakes,h265_crf32,1.8775300979614258,0.8673271707454558
fcg_official,external,1,official,23,deepfakes_faces_c23/955_078,ffpp_test:8,1,deepfakes,h265_crf32,1.2201156616210938,0.7720839030831925
fcg_official,external,1,official,24,face2face_faces_c23/078_955,ffpp_test:8,1,face2face,h265_crf32,0.7953568696975708,0.688980395460267
fcg_official,external,1,official,25,face2face_faces_c23/955_078,ffpp_test:8,1,face2face,h265_crf32,0.01325446367263794,0.5033135674074518
fcg_official,external,1,official,26,faceswap_faces_c23/078_955,ffpp_test:8,1,faceswap,h265_crf32,1.2607672214508057,0.7791581524061421
fcg_official,external,1,official,27,faceswap_faces_c23/955_078,ffpp_test:8,1,faceswap,h265_crf32,1.276983618736267,0.7819358841638723
fcg_official,external,1,official,28,neuraltextures_faces_c23/078_955,ffpp_test:8,1,neuraltextures,h265_crf32,0.2744082808494568,0.5681748097462455
fcg_official,external,1,official,29,neuraltextures_faces_c23/955_078,ffpp_test:8,1,neuraltextures,h265_crf32,0.21474415063858032,0.553480673452129
fcg_official,external,1,official,30,original_faces_c23/623,ffpp_test:51,0,real,h265_crf32,-0.6134088635444641,0.35128198277016265
fcg_official,external,1,official,31,original_faces_c23/630,ffpp_test:51,0,real,h265_crf32,-0.2854304313659668,0.4291229393454588
fcg_official,external,1,official,32,deepfakes_faces_c23/623_630,ffpp_test:51,1,deepfakes,h265_crf32,1.1403993368148804,0.7577529501788108
fcg_official,external,1,official,33,deepfakes_faces_c23/630_623,ffpp_test:51,1,deepfakes,h265_crf32,1.115354299545288,0.7531259702666263
fcg_official,external,1,official,34,face2face_faces_c23/623_630,ffpp_test:51,1,face2face,h265_crf32,0.2033824920654297,0.5506710782566744
fcg_official,external,1,official,35,face2face_faces_c23/630_623,ffpp_test:51,1,face2face,h265_crf32,1.135683298110962,0.7568862060168862
fcg_official,external,1,official,36,faceswap_faces_c23/623_630,ffpp_test:51,1,faceswap,h265_crf32,1.2298915386199951,0.7737995904274388
fcg_official,external,1,official,37,faceswap_faces_c23/630_623,ffpp_test:51,1,faceswap,h265_crf32,1.422877550125122,0.8057891291663308
fcg_official,external,1,official,38,neuraltextures_faces_c23/623_630,ffpp_test:51,1,neuraltextures,h265_crf32,-0.3175978660583496,0.4212612775900947
fcg_official,external,1,official,39,neuraltextures_faces_c23/630_623,ffpp_test:51,1,neuraltextures,h265_crf32,0.7803150415420532,0.6857480086313391
fcg_official,external,1,official,40,original_faces_c23/919,ffpp_test:2,0,real,h265_crf32,-0.5349595546722412,0.3693608953678395
fcg_official,external,1,official,41,original_faces_c23/015,ffpp_test:2,0,real,h265_crf32,-0.42077547311782837,0.39633120112848363
fcg_official,external,1,official,42,deepfakes_faces_c23/919_015,ffpp_test:2,1,deepfakes,h265_crf32,1.92765474319458,0.8729896081206932
fcg_official,external,1,official,43,deepfakes_faces_c23/015_919,ffpp_test:2,1,deepfakes,h265_crf32,0.25213247537612915,0.5627013059737535
fcg_official,external,1,official,44,face2face_faces_c23/919_015,ffpp_test:2,1,face2face,h265_crf32,0.723247766494751,0.6733217960677589
fcg_official,external,1,official,45,face2face_faces_c23/015_919,ffpp_test:2,1,face2face,h265_crf32,-0.36275994777679443,0.4102916249805025
fcg_official,external,1,official,46,faceswap_faces_c23/919_015,ffpp_test:2,1,faceswap,h265_crf32,0.9635556936264038,0.7238331491303267
fcg_official,external,1,official,47,faceswap_faces_c23/015_919,ffpp_test:2,1,faceswap,h265_crf32,0.8382546901702881,0.6980975063048902
fcg_official,external,1,official,48,neuraltextures_faces_c23/919_015,ffpp_test:2,1,neuraltextures,h265_crf32,0.10521399974822998,0.5262792618208229
fcg_official,external,1,official,49,neuraltextures_faces_c23/015_919,ffpp_test:2,1,neuraltextures,h265_crf32,-0.12907201051712036,0.46777672049009583
fcg_official,external,1,official,50,original_faces_c23/367,ffpp_test:30,0,real,h265_crf32,-0.06174314022064209,0.48456911678757225
fcg_official,external,1,official,51,original_faces_c23/371,ffpp_test:30,0,real,h265_crf32,0.12295722961425781,0.5307006382299381
fcg_official,external,1,official,52,deepfakes_faces_c23/367_371,ffpp_test:30,1,deepfakes,h265_crf32,1.3020548820495605,0.7861806131965958
fcg_official,external,1,official,53,deepfakes_faces_c23/371_367,ffpp_test:30,1,deepfakes,h265_crf32,1.2495466470718384,0.7772213737469498
fcg_official,external,1,official,54,face2face_faces_c23/367_371,ffpp_test:30,1,face2face,h265_crf32,0.4056234359741211,0.6000379980861347
fcg_official,external,1,official,55,face2face_faces_c23/371_367,ffpp_test:30,1,face2face,h265_crf32,0.43515297770500183,0.6071034782647802
fcg_official,external,1,official,56,faceswap_faces_c23/367_371,ffpp_test:30,1,faceswap,h265_crf32,1.4848754405975342,0.8153078580659897
fcg_official,external,1,official,57,faceswap_faces_c23/371_367,ffpp_test:30,1,faceswap,h265_crf32,0.5821437835693359,0.6415605415841406
fcg_official,external,1,official,58,neuraltextures_faces_c23/367_371,ffpp_test:30,1,neuraltextures,h265_crf32,0.7633092403411865,0.682071774101593
fcg_official,external,1,official,59,neuraltextures_faces_c23/371_367,ffpp_test:30,1,neuraltextures,h265_crf32,0.3792914152145386,0.5937021895383897
fcg_official,external,1,official,60,original_faces_c23/847,ffpp_test:65,0,real,h265_crf32,-0.7139484882354736,0.3287269563888262
fcg_official,external,1,official,61,original_faces_c23/906,ffpp_test:65,0,real,h265_crf32,-0.10076004266738892,0.47483127969774047
fcg_official,external,1,official,62,deepfakes_faces_c23/847_906,ffpp_test:65,1,deepfakes,h265_crf32,1.5831114053726196,0.8296447176044447
fcg_official,external,1,official,63,deepfakes_faces_c23/906_847,ffpp_test:65,1,deepfakes,h265_crf32,2.3244893550872803,0.9108850301298295
fcg_official,external,1,official,64,face2face_faces_c23/847_906,ffpp_test:65,1,face2face,h265_crf32,0.8066920638084412,0.6914041555548407
fcg_official,external,1,official,65,face2face_faces_c23/906_847,ffpp_test:65,1,face2face,h265_crf32,1.0106765031814575,0.733152521128668
fcg_official,external,1,official,66,faceswap_faces_c23/847_906,ffpp_test:65,1,faceswap,h265_crf32,1.8050673007965088,0.858764655525772
fcg_official,external,1,official,67,faceswap_faces_c23/906_847,ffpp_test:65,1,faceswap,h265_crf32,2.070112466812134,0.8879641505590696
fcg_official,external,1,official,68,neuraltextures_faces_c23/847_906,ffpp_test:65,1,neuraltextures,h265_crf32,0.7904857397079468,0.6879356188002286
fcg_official,external,1,official,69,neuraltextures_faces_c23/906_847,ffpp_test:65,1,neuraltextures,h265_crf32,0.49777042865753174,0.6219352307807748
fcg_official,external,1,official,70,original_faces_c23/529,ffpp_test:46,0,real,h265_crf32,-0.6158933639526367,0.3507160168943621
fcg_official,external,1,official,71,original_faces_c23/633,ffpp_test:46,0,real,h265_crf32,0.1913643479347229,0.5476956233519159
fcg_official,external,1,official,72,deepfakes_faces_c23/529_633,ffpp_test:46,1,deepfakes,h265_crf32,1.834230661392212,0.8622649480480281
fcg_official,external,1,official,73,deepfakes_faces_c23/633_529,ffpp_test:46,1,deepfakes,h265_crf32,1.7261321544647217,0.8489170115023271
fcg_official,external,1,official,74,face2face_faces_c23/529_633,ffpp_test:46,1,face2face,h265_crf32,0.42338186502456665,0.6042922165800071
fcg_official,external,1,official,75,face2face_faces_c23/633_529,ffpp_test:46,1,face2face,h265_crf32,0.5742408633232117,0.6397411552453277
fcg_official,external,1,official,76,faceswap_faces_c23/529_633,ffpp_test:46,1,faceswap,h265_crf32,1.9788880348205566,0.8785625760559866
fcg_official,external,1,official,77,faceswap_faces_c23/633_529,ffpp_test:46,1,faceswap,h265_crf32,1.892412781715393,0.8690303897024705
fcg_official,external,1,official,78,neuraltextures_faces_c23/529_633,ffpp_test:46,1,neuraltextures,h265_crf32,0.09403449296951294,0.5234913156573583
fcg_official,external,1,official,79,neuraltextures_faces_c23/633_529,ffpp_test:46,1,neuraltextures,h265_crf32,0.5089671015739441,0.6245643077686895
fcg_official,external,1,official,80,original_faces_c23/418,ffpp_test:36,0,real,h265_crf32,-0.25949352979660034,0.4354882138643714
fcg_official,external,1,official,81,original_faces_c23/507,ffpp_test:36,0,real,h265_crf32,0.3230460286140442,0.5800664127661679
fcg_official,external,1,official,82,deepfakes_faces_c23/418_507,ffpp_test:36,1,deepfakes,h265_crf32,1.5667378902435303,0.827318071359595
fcg_official,external,1,official,83,deepfakes_faces_c23/507_418,ffpp_test:36,1,deepfakes,h265_crf32,0.9020984172821045,0.7113805370615033
fcg_official,external,1,official,84,face2face_faces_c23/418_507,ffpp_test:36,1,face2face,h265_crf32,1.714063048362732,0.8473625379375146
fcg_official,external,1,official,85,face2face_faces_c23/507_418,ffpp_test:36,1,face2face,h265_crf32,0.8570095300674438,0.7020354810506626
fcg_official,external,1,official,86,faceswap_faces_c23/418_507,ffpp_test:36,1,faceswap,h265_crf32,1.2314773797988892,0.7740770456802927
fcg_official,external,1,official,87,faceswap_faces_c23/507_418,ffpp_test:36,1,faceswap,h265_crf32,1.3911333084106445,0.800773107749673
fcg_official,external,1,official,88,neuraltextures_faces_c23/418_507,ffpp_test:36,1,neuraltextures,h265_crf32,0.5577074885368347,0.6359219316126256
fcg_official,external,1,official,89,neuraltextures_faces_c23/507_418,ffpp_test:36,1,neuraltextures,h265_crf32,0.8375892639160156,0.6979572443282329
fcg_official,external,1,official,90,original_faces_c23/227,ffpp_test:16,0,real,h265_crf32,-0.48656657338142395,0.3807027281106807
fcg_official,external,1,official,91,original_faces_c23/169,ffpp_test:16,0,real,h265_crf32,-0.22960788011550903,0.44284889244200015
fcg_official,external,1,official,92,deepfakes_faces_c23/227_169,ffpp_test:16,1,deepfakes,h265_crf32,1.579584002494812,0.8291455945180336
fcg_official,external,1,official,93,deepfakes_faces_c23/169_227,ffpp_test:16,1,deepfakes,h265_crf32,0.9793912172317505,0.7269874038333383
fcg_official,external,1,official,94,face2face_faces_c23/227_169,ffpp_test:16,1,face2face,h265_crf32,-0.5288070440292358,0.37079516902548576
fcg_official,external,1,official,95,face2face_faces_c23/169_227,ffpp_test:16,1,face2face,h265_crf32,0.07782924175262451,0.5194474946726862
fcg_official,external,1,official,96,faceswap_faces_c23/227_169,ffpp_test:16,1,faceswap,h265_crf32,1.491770625114441,0.816343884996058
fcg_official,external,1,official,97,faceswap_faces_c23/169_227,ffpp_test:16,1,faceswap,h265_crf32,1.0163202285766602,0.7342552051190209
fcg_official,external,1,official,98,neuraltextures_faces_c23/227_169,ffpp_test:16,1,neuraltextures,h265_crf32,-0.7786551713943481,0.314609799766559
fcg_official,external,1,official,99,neuraltextures_faces_c23/169_227,ffpp_test:16,1,neuraltextures,h265_crf32,0.5080338716506958,0.624345455107212
fcg_official,external,1,official,100,original_faces_c23/389,ffpp_test:33,0,real,h265_crf32,-0.18137997388839722,0.4547789148272878
fcg_official,external,1,official,101,original_faces_c23/480,ffpp_test:33,0,real,h265_crf32,0.22877275943756104,0.5569450452776923
fcg_official,external,1,official,102,deepfakes_faces_c23/389_480,ffpp_test:33,1,deepfakes,h265_crf32,1.9539473056793213,0.875876417822766
fcg_official,external,1,official,103,deepfakes_faces_c23/480_389,ffpp_test:33,1,deepfakes,h265_crf32,2.0950942039489746,0.890425446219914
fcg_official,external,1,official,104,face2face_faces_c23/389_480,ffpp_test:33,1,face2face,h265_crf32,0.28651654720306396,0.5711431129411647
fcg_official,external,1,official,105,face2face_faces_c23/480_389,ffpp_test:33,1,face2face,h265_crf32,0.9920779466629028,0.72949816028816
fcg_official,external,1,official,106,faceswap_faces_c23/389_480,ffpp_test:33,1,faceswap,h265_crf32,2.088474750518799,0.8897779284975552
fcg_official,external,1,official,107,faceswap_faces_c23/480_389,ffpp_test:33,1,faceswap,h265_crf32,1.2207914590835571,0.7722028015321649
fcg_official,external,1,official,108,neuraltextures_faces_c23/389_480,ffpp_test:33,1,neuraltextures,h265_crf32,-0.20889067649841309,0.4479664019509099
fcg_official,external,1,official,109,neuraltextures_faces_c23/480_389,ffpp_test:33,1,neuraltextures,h265_crf32,0.3863903880119324,0.5954134575405567
fcg_official,external,1,official,110,original_faces_c23/821,ffpp_test:64,0,real,h265_crf32,0.14533329010009766,0.5362695053225225
fcg_official,external,1,official,111,original_faces_c23/812,ffpp_test:64,0,real,h265_crf32,-0.33017683029174805,0.41819759824638114
fcg_official,external,1,official,112,deepfakes_faces_c23/821_812,ffpp_test:64,1,deepfakes,h265_crf32,1.2756462097167969,0.7817077536811802
fcg_official,external,1,official,113,deepfakes_faces_c23/812_821,ffpp_test:64,1,deepfakes,h265_crf32,1.3726894855499268,0.7978143329026068
fcg_official,external,1,official,114,face2face_faces_c23/821_812,ffpp_test:64,1,face2face,h265_crf32,0.7183183431625366,0.6722365973343135
fcg_official,external,1,official,115,face2face_faces_c23/812_821,ffpp_test:64,1,face2face,h265_crf32,1.002978801727295,0.7316438433389406
fcg_official,external,1,official,116,faceswap_faces_c23/821_812,ffpp_test:64,1,faceswap,h265_crf32,1.7071402072906494,0.8464649879602679
fcg_official,external,1,official,117,faceswap_faces_c23/812_821,ffpp_test:64,1,faceswap,h265_crf32,0.7459661960601807,0.6782991189480352
fcg_official,external,1,official,118,neuraltextures_faces_c23/821_812,ffpp_test:64,1,neuraltextures,h265_crf32,0.5226112008094788,0.6277581493963261
fcg_official,external,1,official,119,neuraltextures_faces_c23/812_821,ffpp_test:64,1,neuraltextures,h265_crf32,0.10464119911193848,0.5261364550919079
fcg_official,external,1,official,120,original_faces_c23/670,ffpp_test:54,0,real,h265_crf32,0.4503519535064697,0.6107229107896286
fcg_official,external,1,official,121,original_faces_c23/661,ffpp_test:54,0,real,h265_crf32,-0.6526657342910767,0.3423890718755476
fcg_official,external,1,official,122,deepfakes_faces_c23/670_661,ffpp_test:54,1,deepfakes,h265_crf32,2.94465970993042,0.9500104836699157
fcg_official,external,1,official,123,deepfakes_faces_c23/661_670,ffpp_test:54,1,deepfakes,h265_crf32,1.733616590499878,0.8498744374727272
fcg_official,external,1,official,124,face2face_faces_c23/670_661,ffpp_test:54,1,face2face,h265_crf32,1.661134958267212,0.8403902988728679
fcg_official,external,1,official,125,face2face_faces_c23/661_670,ffpp_test:54,1,face2face,h265_crf32,0.33425962924957275,0.582795447861387
fcg_official,external,1,official,126,faceswap_faces_c23/670_661,ffpp_test:54,1,faceswap,h265_crf32,2.4778387546539307,0.922573557600689
fcg_official,external,1,official,127,faceswap_faces_c23/661_670,ffpp_test:54,1,faceswap,h265_crf32,0.806032657623291,0.6912634439627777
fcg_official,external,1,official,128,neuraltextures_faces_c23/670_661,ffpp_test:54,1,neuraltextures,h265_crf32,1.5068764686584473,0.818597838255493
fcg_official,external,1,official,129,neuraltextures_faces_c23/661_670,ffpp_test:54,1,neuraltextures,h265_crf32,-0.1617869734764099,0.4596412508554904
fcg_official,external,1,official,130,original_faces_c23/158,ffpp_test:15,0,real,h265_crf32,-1.2893462181091309,0.21596349074755358
fcg_official,external,1,official,131,original_faces_c23/379,ffpp_test:15,0,real,h265_crf32,-0.9308399558067322,0.282754336759337
fcg_official,external,1,official,132,deepfakes_faces_c23/158_379,ffpp_test:15,1,deepfakes,h265_crf32,-0.08137565851211548,0.4796673043892885
fcg_official,external,1,official,133,deepfakes_faces_c23/379_158,ffpp_test:15,1,deepfakes,h265_crf32,0.8140699863433838,0.6929761149363167
fcg_official,external,1,official,134,face2face_faces_c23/158_379,ffpp_test:15,1,face2face,h265_crf32,0.44080913066864014,0.608451813490428
fcg_official,external,1,official,135,face2face_faces_c23/379_158,ffpp_test:15,1,face2face,h265_crf32,-0.632235050201416,0.34700391983712275
fcg_official,external,1,official,136,faceswap_faces_c23/158_379,ffpp_test:15,1,faceswap,h265_crf32,0.023810744285583496,0.5059524048469602
fcg_official,external,1,official,137,faceswap_faces_c23/379_158,ffpp_test:15,1,faceswap,h265_crf32,0.6614127159118652,0.6595776640482339
fcg_official,external,1,official,138,neuraltextures_faces_c23/158_379,ffpp_test:15,1,neuraltextures,h265_crf32,-0.23897778987884521,0.4405382737035314
fcg_official,external,1,official,139,neuraltextures_faces_c23/379_158,ffpp_test:15,1,neuraltextures,h265_crf32,0.12047553062438965,0.5300825057780993
fcg_official,external,1,official,140,original_faces_c23/423,ffpp_test:37,0,real,h265_crf32,0.02990257740020752,0.5074750873621002
fcg_official,external,1,official,141,original_faces_c23/421,ffpp_test:37,0,real,h265_crf32,-0.4644899368286133,0.3859212280352962
fcg_official,external,1,official,142,deepfakes_faces_c23/423_421,ffpp_test:37,1,deepfakes,h265_crf32,0.7243766188621521,0.6735700493338761
fcg_official,external,1,official,143,deepfakes_faces_c23/421_423,ffpp_test:37,1,deepfakes,h265_crf32,1.8361395597457886,0.8624914999216147
fcg_official,external,1,official,144,face2face_faces_c23/423_421,ffpp_test:37,1,face2face,h265_crf32,1.1615873575210571,0.7616210263176959
fcg_official,external,1,official,145,face2face_faces_c23/421_423,ffpp_test:37,1,face2face,h265_crf32,1.3369182348251343,0.7919826894567724
fcg_official,external,1,official,146,faceswap_faces_c23/423_421,ffpp_test:37,1,faceswap,h265_crf32,0.8368021249771118,0.6977912794106033
fcg_official,external,1,official,147,faceswap_faces_c23/421_423,ffpp_test:37,1,faceswap,h265_crf32,0.5311909914016724,0.6297608489397588
fcg_official,external,1,official,148,neuraltextures_faces_c23/423_421,ffpp_test:37,1,neuraltextures,h265_crf32,0.3626869320869446,0.5896907085818472
fcg_official,external,1,official,149,neuraltextures_faces_c23/421_423,ffpp_test:37,1,neuraltextures,h265_crf32,0.01973491907119751,0.5049335696469452
fcg_official,external,1,official,150,original_faces_c23/352,ffpp_test:28,0,real,h265_crf32,-0.5798819065093994,0.35895976742847957
fcg_official,external,1,official,151,original_faces_c23/319,ffpp_test:28,0,real,h265_crf32,-0.9633128643035889,0.2762153947790912
fcg_official,external,1,official,152,deepfakes_faces_c23/352_319,ffpp_test:28,1,deepfakes,h265_crf32,1.4033699035644531,0.8027180968540925
fcg_official,external,1,official,153,deepfakes_faces_c23/319_352,ffpp_test:28,1,deepfakes,h265_crf32,1.3501256704330444,0.7941501730174442
fcg_official,external,1,official,154,face2face_faces_c23/352_319,ffpp_test:28,1,face2face,h265_crf32,-0.004343211650848389,0.4989141987941205
fcg_official,external,1,official,155,face2face_faces_c23/319_352,ffpp_test:28,1,face2face,h265_crf32,0.5000938177108765,0.622481378458867
fcg_official,external,1,official,156,faceswap_faces_c23/352_319,ffpp_test:28,1,faceswap,h265_crf32,1.4031398296356201,0.8026816594055923
fcg_official,external,1,official,157,faceswap_faces_c23/319_352,ffpp_test:28,1,faceswap,h265_crf32,0.3382285237312317,0.5837601460957177
fcg_official,external,1,official,158,neuraltextures_faces_c23/352_319,ffpp_test:28,1,neuraltextures,h265_crf32,0.36517399549484253,0.5902923329308918
fcg_official,external,1,official,159,neuraltextures_faces_c23/319_352,ffpp_test:28,1,neuraltextures,h265_crf32,-0.030774235725402832,0.49230704819553145
fcg_official,external,1,official,160,original_faces_c23/579,ffpp_test:48,0,real,h265_crf32,-0.40941548347473145,0.3990522855272748
fcg_official,external,1,official,161,original_faces_c23/701,ffpp_test:48,0,real,h265_crf32,-1.228383183479309,0.22646453170981443
fcg_official,external,1,official,162,deepfakes_faces_c23/579_701,ffpp_test:48,1,deepfakes,h265_crf32,0.5768988728523254,0.6403535252908841
fcg_official,external,1,official,163,deepfakes_faces_c23/701_579,ffpp_test:48,1,deepfakes,h265_crf32,-0.30334222316741943,0.4247406529461303
fcg_official,external,1,official,164,face2face_faces_c23/579_701,ffpp_test:48,1,face2face,h265_crf32,0.3849666714668274,0.5950704429945398
fcg_official,external,1,official,165,face2face_faces_c23/701_579,ffpp_test:48,1,face2face,h265_crf32,0.26777148246765137,0.5665457255736531
fcg_official,external,1,official,166,faceswap_faces_c23/579_701,ffpp_test:48,1,faceswap,h265_crf32,0.45466071367263794,0.6117467872610998
fcg_official,external,1,official,167,faceswap_faces_c23/701_579,ffpp_test:48,1,faceswap,h265_crf32,-0.27321726083755493,0.4321174333232188
fcg_official,external,1,official,168,neuraltextures_faces_c23/579_701,ffpp_test:48,1,neuraltextures,h265_crf32,0.10551786422729492,0.5263550174863836
fcg_official,external,1,official,169,neuraltextures_faces_c23/701_579,ffpp_test:48,1,neuraltextures,h265_crf32,-0.5019780993461609,0.37707592083925845
fcg_official,external,1,official,170,original_faces_c23/488,ffpp_test:34,0,real,h265_crf32,0.7124841809272766,0.6709498404412173
fcg_official,external,1,official,171,original_faces_c23/399,ffpp_test:34,0,real,h265_crf32,0.1609485149383545,0.540150493180268
fcg_official,external,1,official,172,deepfakes_faces_c23/488_399,ffpp_test:34,1,deepfakes,h265_crf32,2.0006110668182373,0.8808612211464227
fcg_official,external,1,official,173,deepfakes_faces_c23/399_488,ffpp_test:34,1,deepfakes,h265_crf32,1.3312755823135376,0.7910515527806863
fcg_official,external,1,official,174,face2face_faces_c23/488_399,ffpp_test:34,1,face2face,h265_crf32,1.9195537567138672,0.8720886634952963
fcg_official,external,1,official,175,face2face_faces_c23/399_488,ffpp_test:34,1,face2face,h265_crf32,0.9740438461303711,0.7259247879083889
fcg_official,external,1,official,176,faceswap_faces_c23/488_399,ffpp_test:34,1,faceswap,h265_crf32,1.8124268054962158,0.8596549199471102
fcg_official,external,1,official,177,faceswap_faces_c23/399_488,ffpp_test:34,1,faceswap,h265_crf32,1.5583635568618774,0.8261184086239104
fcg_official,external,1,official,178,neuraltextures_faces_c23/488_399,ffpp_test:34,1,neuraltextures,h265_crf32,1.1927345991134644,0.7672297883105289
fcg_official,external,1,official,179,neuraltextures_faces_c23/399_488,ffpp_test:34,1,neuraltextures,h265_crf32,0.08078938722610474,0.5201863684245124
fcg_official,external,1,official,180,original_faces_c23/695,ffpp_test:38,0,real,h265_crf32,-0.09317284822463989,0.4767236243745163
fcg_official,external,1,official,181,original_faces_c23/422,ffpp_test:38,0,real,h265_crf32,-0.6593194603919983,0.3408925018963771
fcg_official,external,1,official,182,deepfakes_faces_c23/695_422,ffpp_test:38,1,deepfakes,h265_crf32,1.995855689048767,0.8803612647609302
fcg_official,external,1,official,183,deepfakes_faces_c23/422_695,ffpp_test:38,1,deepfakes,h265_crf32,1.2168173789978027,0.7715029823393977
fcg_official,external,1,official,184,face2face_faces_c23/695_422,ffpp_test:38,1,face2face,h265_crf32,1.1413636207580566,0.7579299134366595
fcg_official,external,1,official,185,face2face_faces_c23/422_695,ffpp_test:38,1,face2face,h265_crf32,0.6057623028755188,0.6469735211085058
fcg_official,external,1,official,186,faceswap_faces_c23/695_422,ffpp_test:38,1,faceswap,h265_crf32,1.435981035232544,0.8078315200861446
fcg_official,external,1,official,187,faceswap_faces_c23/422_695,ffpp_test:38,1,faceswap,h265_crf32,0.7840114831924438,0.6865440357573076
fcg_official,external,1,official,188,neuraltextures_faces_c23/695_422,ffpp_test:38,1,neuraltextures,h265_crf32,0.8188832998275757,0.6939992442540099
fcg_official,external,1,official,189,neuraltextures_faces_c23/422_695,ffpp_test:38,1,neuraltextures,h265_crf32,-0.1522514820098877,0.46201048586621857
fcg_official,external,1,official,190,original_faces_c23/288,ffpp_test:25,0,real,h265_crf32,0.06423163414001465,0.5160523899652407
fcg_official,external,1,official,191,original_faces_c23/321,ffpp_test:25,0,real,h265_crf32,-0.182553231716156,0.45448801508723213
fcg_official,external,1,official,192,deepfakes_faces_c23/288_321,ffpp_test:25,1,deepfakes,h265_crf32,2.1155505180358887,0.8924054446476314
fcg_official,external,1,official,193,deepfakes_faces_c23/321_288,ffpp_test:25,1,deepfakes,h265_crf32,1.252842903137207,0.7777915933350305
fcg_official,external,1,official,194,face2face_faces_c23/288_321,ffpp_test:25,1,face2face,h265_crf32,1.0367960929870605,0.7382313371556046
fcg_official,external,1,official,195,face2face_faces_c23/321_288,ffpp_test:25,1,face2face,h265_crf32,1.262780785560608,0.779504433081905
fcg_official,external,1,official,196,faceswap_faces_c23/288_321,ffpp_test:25,1,faceswap,h265_crf32,2.4483137130737305,0.9204380484280734
fcg_official,external,1,official,197,faceswap_faces_c23/321_288,ffpp_test:25,1,faceswap,h265_crf32,2.0480570793151855,0.8857511501329558
fcg_official,external,1,official,198,neuraltextures_faces_c23/288_321,ffpp_test:25,1,neuraltextures,h265_crf32,0.765665590763092,0.6825825290191753
fcg_official,external,1,official,199,neuraltextures_faces_c23/321_288,ffpp_test:25,1,neuraltextures,h265_crf32,0.5754891037940979,0.6400287900246823
fcg_official,external,1,official,200,original_faces_c23/705,ffpp_test:57,0,real,h265_crf32,-0.5849689841270447,0.3577900337244472
fcg_official,external,1,official,201,original_faces_c23/707,ffpp_test:57,0,real,h265_crf32,-0.5810275673866272,0.3586961847127729
fcg_official,external,1,official,202,deepfakes_faces_c23/705_707,ffpp_test:57,1,deepfakes,h265_crf32,1.117332935333252,0.7534936682845873
fcg_official,external,1,official,203,deepfakes_faces_c23/707_705,ffpp_test:57,1,deepfakes,h265_crf32,0.8236199617385864,0.6950042167559388
fcg_official,external,1,official,204,face2face_faces_c23/705_707,ffpp_test:57,1,face2face,h265_crf32,0.030091404914855957,0.5075222836229025
fcg_official,external,1,official,205,face2face_faces_c23/707_705,ffpp_test:57,1,face2face,h265_crf32,0.2865667939186096,0.5711554202602157
fcg_official,external,1,official,206,faceswap_faces_c23/705_707,ffpp_test:57,1,faceswap,h265_crf32,0.47204792499542236,0.6158683580929556
fcg_official,external,1,official,207,faceswap_faces_c23/707_705,ffpp_test:57,1,faceswap,h265_crf32,-0.03595918416976929,0.49101117252998006
fcg_official,external,1,official,208,neuraltextures_faces_c23/705_707,ffpp_test:57,1,neuraltextures,h265_crf32,0.7557379007339478,0.680427671512875
fcg_official,external,1,official,209,neuraltextures_faces_c23/707_705,ffpp_test:57,1,neuraltextures,h265_crf32,-0.257035493850708,0.4360925886020191
fcg_official,external,1,official,210,original_faces_c23/306,ffpp_test:24,0,real,h265_crf32,-0.12057632207870483,0.4698923876464154
fcg_official,external,1,official,211,original_faces_c23/278,ffpp_test:24,0,real,h265_crf32,-0.2659303545951843,0.43390645853955734
fcg_official,external,1,official,212,deepfakes_faces_c23/306_278,ffpp_test:24,1,deepfakes,h265_crf32,0.8907667994499207,0.7090483877045486
fcg_official,external,1,official,213,deepfakes_faces_c23/278_306,ffpp_test:24,1,deepfakes,h265_crf32,0.9723050594329834,0.7255787065359884
fcg_official,external,1,official,214,face2face_faces_c23/306_278,ffpp_test:24,1,face2face,h265_crf32,0.29112565517425537,0.5722716895944868
fcg_official,external,1,official,215,face2face_faces_c23/278_306,ffpp_test:24,1,face2face,h265_crf32,0.3779703378677368,0.5933834799873157
fcg_official,external,1,official,216,faceswap_faces_c23/306_278,ffpp_test:24,1,faceswap,h265_crf32,1.034050464630127,0.7377004089811251
fcg_official,external,1,official,217,faceswap_faces_c23/278_306,ffpp_test:24,1,faceswap,h265_crf32,0.04260784387588501,0.5106503497721361
fcg_official,external,1,official,218,neuraltextures_faces_c23/306_278,ffpp_test:24,1,neuraltextures,h265_crf32,0.9205610752105713,0.7151564148475638
fcg_official,external,1,official,219,neuraltextures_faces_c23/278_306,ffpp_test:24,1,neuraltextures,h265_crf32,-0.1782473921775818,0.45555576370501183
fcg_official,external,1,official,220,original_faces_c23/865,ffpp_test:61,0,real,h265_crf32,-0.24664908647537231,0.43864844424473504
fcg_official,external,1,official,221,original_faces_c23/739,ffpp_test:61,0,real,h265_crf32,-0.12542766332626343,0.46868412877250454
fcg_official,external,1,official,222,deepfakes_faces_c23/865_739,ffpp_test:61,1,deepfakes,h265_crf32,2.0650455951690674,0.8874590870679453
fcg_official,external,1,official,223,deepfakes_faces_c23/739_865,ffpp_test:61,1,deepfakes,h265_crf32,2.0107953548431396,0.8819258697442973
fcg_official,external,1,official,224,face2face_faces_c23/865_739,ffpp_test:61,1,face2face,h265_crf32,-0.1482136845588684,0.4630142604760222
fcg_official,external,1,official,225,face2face_faces_c23/739_865,ffpp_test:61,1,face2face,h265_crf32,0.8792448043823242,0.7066657015677491
fcg_official,external,1,official,226,faceswap_faces_c23/865_739,ffpp_test:61,1,faceswap,h265_crf32,1.7583339214324951,0.8530008728094407
fcg_official,external,1,official,227,faceswap_faces_c23/739_865,ffpp_test:61,1,faceswap,h265_crf32,1.7848916053771973,0.8562998297512024
fcg_official,external,1,official,228,neuraltextures_faces_c23/865_739,ffpp_test:61,1,neuraltextures,h265_crf32,-0.4210490584373474,0.3962657469370202
fcg_official,external,1,official,229,neuraltextures_faces_c23/739_865,ffpp_test:61,1,neuraltextures,h265_crf32,0.5686748623847961,0.6384573503693308
fcg_official,external,1,official,230,original_faces_c23/995,ffpp_test:21,0,real,h265_crf32,-0.022518157958984375,0.49437069837787295
fcg_official,external,1,official,231,original_faces_c23/233,ffpp_test:21,0,real,h265_crf32,-0.3404024839401245,0.4157117122176139
fcg_official,external,1,official,232,deepfakes_faces_c23/995_233,ffpp_test:21,1,deepfakes,h265_crf32,0.8794076442718506,0.7066994553964673
fcg_official,external,1,official,233,deepfakes_faces_c23/233_995,ffpp_test:21,1,deepfakes,h265_crf32,1.9005320072174072,0.8699517265037523
fcg_official,external,1,official,234,face2face_faces_c23/995_233,ffpp_test:21,1,face2face,h265_crf32,0.7421131134033203,0.6774577630285067
fcg_official,external,1,official,235,face2face_faces_c23/233_995,ffpp_test:21,1,face2face,h265_crf32,-0.3781953454017639,0.40656223144254283
fcg_official,external,1,official,236,faceswap_faces_c23/995_233,ffpp_test:21,1,faceswap,h265_crf32,1.4468703269958496,0.809516306907527
fcg_official,external,1,official,237,faceswap_faces_c23/233_995,ffpp_test:21,1,faceswap,h265_crf32,1.5536566972732544,0.8254412451920318
fcg_official,external,1,official,238,neuraltextures_faces_c23/995_233,ffpp_test:21,1,neuraltextures,h265_crf32,0.508072555065155,0.6243545278022687
fcg_official,external,1,official,239,neuraltextures_faces_c23/233_995,ffpp_test:21,1,neuraltextures,h265_crf32,-0.2225140929222107,0.44459987169977466
fcg_official,external,1,official,240,original_faces_c23/755,ffpp_test:62,0,real,h265_crf32,-0.132459819316864,0.4669333788577735
fcg_official,external,1,official,241,original_faces_c23/759,ffpp_test:62,0,real,h265_crf32,0.07266271114349365,0.5181576893028504
fcg_official,external,1,official,242,deepfakes_faces_c23/755_759,ffpp_test:62,1,deepfakes,h265_crf32,1.6835181713104248,0.8433698331655658
fcg_official,external,1,official,243,deepfakes_faces_c23/759_755,ffpp_test:62,1,deepfakes,h265_crf32,1.3870750665664673,0.8001248836159135
fcg_official,external,1,official,244,face2face_faces_c23/755_759,ffpp_test:62,1,face2face,h265_crf32,0.24359917640686035,0.5606004181723312
fcg_official,external,1,official,245,face2face_faces_c23/759_755,ffpp_test:62,1,face2face,h265_crf32,1.1802699565887451,0.7649963392050881
fcg_official,external,1,official,246,faceswap_faces_c23/755_759,ffpp_test:62,1,faceswap,h265_crf32,0.5668967962265015,0.6380468191775672
fcg_official,external,1,official,247,faceswap_faces_c23/759_755,ffpp_test:62,1,faceswap,h265_crf32,1.1214404106140137,0.7542558000693931
fcg_official,external,1,official,248,neuraltextures_faces_c23/755_759,ffpp_test:62,1,neuraltextures,h265_crf32,-0.03851538896560669,0.4903723428962836
fcg_official,external,1,official,249,neuraltextures_faces_c23/759_755,ffpp_test:62,1,neuraltextures,h265_crf32,1.2003815174102783,0.7685926463721533
fcg_official,external,1,official,250,original_faces_c23/467,ffpp_test:43,0,real,h265_crf32,-0.013940930366516113,0.4965148238533863
fcg_official,external,1,official,251,original_faces_c23/462,ffpp_test:43,0,real,h265_crf32,-0.5997253656387329,0.3544065283010764
fcg_official,external,1,official,252,deepfakes_faces_c23/467_462,ffpp_test:43,1,deepfakes,h265_crf32,1.463849425315857,0.8121207284181544
fcg_official,external,1,official,253,deepfakes_faces_c23/462_467,ffpp_test:43,1,deepfakes,h265_crf32,2.501160144805908,0.924223110432001
fcg_official,external,1,official,254,face2face_faces_c23/467_462,ffpp_test:43,1,face2face,h265_crf32,0.9465687870979309,0.7204246101390788
fcg_official,external,1,official,255,face2face_faces_c23/462_467,ffpp_test:43,1,face2face,h265_crf32,0.5461347699165344,0.6332383640249454
fcg_official,external,1,official,256,faceswap_faces_c23/467_462,ffpp_test:43,1,faceswap,h265_crf32,1.678436517715454,0.8426973892781583
fcg_official,external,1,official,257,faceswap_faces_c23/462_467,ffpp_test:43,1,faceswap,h265_crf32,1.8853106498718262,0.8682199286731955
fcg_official,external,1,official,258,neuraltextures_faces_c23/467_462,ffpp_test:43,1,neuraltextures,h265_crf32,0.7398200035095215,0.6769564947080231
fcg_official,external,1,official,259,neuraltextures_faces_c23/462_467,ffpp_test:43,1,neuraltextures,h265_crf32,-0.16978085041046143,0.45765645318811843
fcg_official,external,1,official,260,original_faces_c23/314,ffpp_test:27,0,real,h265_crf32,-0.6420236825942993,0.34478922655161176
fcg_official,external,1,official,261,original_faces_c23/347,ffpp_test:27,0,real,h265_crf32,-0.6130661964416504,0.35136007473974573
fcg_official,external,1,official,262,deepfakes_faces_c23/314_347,ffpp_test:27,1,deepfakes,h265_crf32,0.9660676717758179,0.7243350079094448
fcg_official,external,1,official,263,deepfakes_faces_c23/347_314,ffpp_test:27,1,deepfakes,h265_crf32,2.0065627098083496,0.8814844002835843
fcg_official,external,1,official,264,face2face_faces_c23/314_347,ffpp_test:27,1,face2face,h265_crf32,-0.11901646852493286,0.4702809552467201
fcg_official,external,1,official,265,face2face_faces_c23/347_314,ffpp_test:27,1,face2face,h265_crf32,0.09146374464035034,0.5228500088462399
fcg_official,external,1,official,266,faceswap_faces_c23/314_347,ffpp_test:27,1,faceswap,h265_crf32,0.7527223825454712,0.6797716031225968
fcg_official,external,1,official,267,faceswap_faces_c23/347_314,ffpp_test:27,1,faceswap,h265_crf32,0.5228227376937866,0.6278075795456982
fcg_official,external,1,official,268,neuraltextures_faces_c23/314_347,ffpp_test:27,1,neuraltextures,h265_crf32,-0.5233925580978394,0.37205928294239743
fcg_official,external,1,official,269,neuraltextures_faces_c23/347_314,ffpp_test:27,1,neuraltextures,h265_crf32,-0.5431424379348755,0.36745687437993607
fcg_official,external,1,official,270,original_faces_c23/741,ffpp_test:60,0,real,h265_crf32,-0.12684667110443115,0.46833078418691787
fcg_official,external,1,official,271,original_faces_c23/731,ffpp_test:60,0,real,h265_crf32,-0.33561038970947266,0.41687615837945186
fcg_official,external,1,official,272,deepfakes_faces_c23/741_731,ffpp_test:60,1,deepfakes,h265_crf32,0.881308913230896,0.7070933866269465
fcg_official,external,1,official,273,deepfakes_faces_c23/731_741,ffpp_test:60,1,deepfakes,h265_crf32,1.4300035238265991,0.8069018648191882
fcg_official,external,1,official,274,face2face_faces_c23/741_731,ffpp_test:60,1,face2face,h265_crf32,1.7811237573623657,0.8558355717182771
fcg_official,external,1,official,275,face2face_faces_c23/731_741,ffpp_test:60,1,face2face,h265_crf32,1.210416316986084,0.7703726032511705
fcg_official,external,1,official,276,faceswap_faces_c23/741_731,ffpp_test:60,1,faceswap,h265_crf32,1.3481476306915283,0.7938266234853087
fcg_official,external,1,official,277,faceswap_faces_c23/731_741,ffpp_test:60,1,faceswap,h265_crf32,0.5868605971336365,0.6426444971403841
fcg_official,external,1,official,278,neuraltextures_faces_c23/741_731,ffpp_test:60,1,neuraltextures,h265_crf32,0.8099807500839233,0.6921054022461888
fcg_official,external,1,official,279,neuraltextures_faces_c23/731_741,ffpp_test:60,1,neuraltextures,h265_crf32,0.570510745048523,0.6388810185488935
fcg_official,external,1,official,280,original_faces_c23/970,ffpp_test:69,0,real,h265_crf32,-1.0659676790237427,0.2561706761543112
fcg_official,external,1,official,281,original_faces_c23/973,ffpp_test:69,0,real,h265_crf32,-0.5186522006988525,0.37316744821175535
fcg_official,external,1,official,282,deepfakes_faces_c23/970_973,ffpp_test:69,1,deepfakes,h265_crf32,1.3352644443511963,0.7917101023467519
fcg_official,external,1,official,283,deepfakes_faces_c23/973_970,ffpp_test:69,1,deepfakes,h265_crf32,1.6157848834991455,0.8342129930810266
fcg_official,external,1,official,284,face2face_faces_c23/970_973,ffpp_test:69,1,face2face,h265_crf32,0.7295717597007751,0.6747112911624776
fcg_official,external,1,official,285,face2face_faces_c23/973_970,ffpp_test:69,1,face2face,h265_crf32,0.6632664799690247,0.6599937756905628
fcg_official,external,1,official,286,faceswap_faces_c23/970_973,ffpp_test:69,1,faceswap,h265_crf32,1.842006802558899,0.8631858755978157
fcg_official,external,1,official,287,faceswap_faces_c23/973_970,ffpp_test:69,1,faceswap,h265_crf32,0.8463239669799805,0.6997954425572221
fcg_official,external,1,official,288,neuraltextures_faces_c23/970_973,ffpp_test:69,1,neuraltextures,h265_crf32,0.19025492668151855,0.5474207773153394
fcg_official,external,1,official,289,neuraltextures_faces_c23/973_970,ffpp_test:69,1,neuraltextures,h265_crf32,0.28180545568466187,0.5699887997627298
fcg_official,external,1,official,290,original_faces_c23/634,ffpp_test:53,0,real,h265_crf32,-0.6640240550041199,0.33983624357370307
fcg_official,external,1,official,291,original_faces_c23/660,ffpp_test:53,0,real,h265_crf32,0.25223755836486816,0.5627271634216314
fcg_official,external,1,official,292,deepfakes_faces_c23/634_660,ffpp_test:53,1,deepfakes,h265_crf32,0.7486016154289246,0.6788739218624419
fcg_official,external,1,official,293,deepfakes_faces_c23/660_634,ffpp_test:53,1,deepfakes,h265_crf32,1.6399784088134766,0.8375319994815582
fcg_official,external,1,official,294,face2face_faces_c23/634_660,ffpp_test:53,1,face2face,h265_crf32,0.023542284965515137,0.5058852994219285
fcg_official,external,1,official,295,face2face_faces_c23/660_634,ffpp_test:53,1,face2face,h265_crf32,1.3164124488830566,0.7885842122737251
fcg_official,external,1,official,296,faceswap_faces_c23/634_660,ffpp_test:53,1,faceswap,h265_crf32,1.0554523468017578,0.7418205241491512
fcg_official,external,1,official,297,faceswap_faces_c23/660_634,ffpp_test:53,1,faceswap,h265_crf32,1.305101752281189,0.7866923474779501
fcg_official,external,1,official,298,neuraltextures_faces_c23/634_660,ffpp_test:53,1,neuraltextures,h265_crf32,-0.02926427125930786,0.4926844542623555
fcg_official,external,1,official,299,neuraltextures_faces_c23/660_634,ffpp_test:53,1,neuraltextures,h265_crf32,0.4821672737598419,0.6182595141412874
fcg_official,external,1,official,300,original_faces_c23/494,ffpp_test:40,0,real,h265_crf32,-0.43611258268356323,0.3926676518082158
fcg_official,external,1,official,301,original_faces_c23/445,ffpp_test:40,0,real,h265_crf32,-0.9858368039131165,0.2717351706550379
fcg_official,external,1,official,302,deepfakes_faces_c23/494_445,ffpp_test:40,1,deepfakes,h265_crf32,2.1308183670043945,0.8938626736273663
fcg_official,external,1,official,303,deepfakes_faces_c23/445_494,ffpp_test:40,1,deepfakes,h265_crf32,1.1791636943817139,0.7647974004707578
fcg_official,external,1,official,304,face2face_faces_c23/494_445,ffpp_test:40,1,face2face,h265_crf32,-0.19548696279525757,0.4512833035765445
fcg_official,external,1,official,305,face2face_faces_c23/445_494,ffpp_test:40,1,face2face,h265_crf32,0.572001576423645,0.6392249000668317
fcg_official,external,1,official,306,faceswap_faces_c23/494_445,ffpp_test:40,1,faceswap,h265_crf32,1.847963571548462,0.8638878256217752
fcg_official,external,1,official,307,faceswap_faces_c23/445_494,ffpp_test:40,1,faceswap,h265_crf32,1.8762080669403076,0.8671749697554592
fcg_official,external,1,official,308,neuraltextures_faces_c23/494_445,ffpp_test:40,1,neuraltextures,h265_crf32,-0.6730519533157349,0.3378137945955197
fcg_official,external,1,official,309,neuraltextures_faces_c23/445_494,ffpp_test:40,1,neuraltextures,h265_crf32,-0.019294440746307373,0.4951765394504878
fcg_official,external,1,official,310,original_faces_c23/706,ffpp_test:44,0,real,h265_crf32,-0.26714181900024414,0.4336089084075875
fcg_official,external,1,official,311,original_faces_c23/479,ffpp_test:44,0,real,h265_crf32,0.07140135765075684,0.5178427596288699
fcg_official,external,1,official,312,deepfakes_faces_c23/706_479,ffpp_test:44,1,deepfakes,h265_crf32,1.953274130821228,0.8758032138064774
fcg_official,external,1,official,313,deepfakes_faces_c23/479_706,ffpp_test:44,1,deepfakes,h265_crf32,1.7331252098083496,0.8498117324739248
fcg_official,external,1,official,314,face2face_faces_c23/706_479,ffpp_test:44,1,face2face,h265_crf32,0.2642087936401367,0.5656706235963325
fcg_official,external,1,official,315,face2face_faces_c23/479_706,ffpp_test:44,1,face2face,h265_crf32,1.5929386615753174,0.8310291505553278
fcg_official,external,1,official,316,faceswap_faces_c23/706_479,ffpp_test:44,1,faceswap,h265_crf32,1.1250478029251099,0.7549238311781563
fcg_official,external,1,official,317,faceswap_faces_c23/479_706,ffpp_test:44,1,faceswap,h265_crf32,0.9732534885406494,0.7257675118755549
fcg_official,external,1,official,318,neuraltextures_faces_c23/706_479,ffpp_test:44,1,neuraltextures,h265_crf32,0.20235472917556763,0.5504167631534166
fcg_official,external,1,official,319,neuraltextures_faces_c23/479_706,ffpp_test:44,1,neuraltextures,h265_crf32,0.9778926372528076,0.7266898694434538
fcg_official,external,1,official,320,original_faces_c23/186,ffpp_test:17,0,real,h265_crf32,-0.043884217739105225,0.489030705920057
fcg_official,external,1,official,321,original_faces_c23/170,ffpp_test:17,0,real,h265_crf32,-0.658143937587738,0.34115667338606526
fcg_official,external,1,official,322,deepfakes_faces_c23/186_170,ffpp_test:17,1,deepfakes,h265_crf32,2.3707923889160156,0.9145727897780186
fcg_official,external,1,official,323,deepfakes_faces_c23/170_186,ffpp_test:17,1,deepfakes,h265_crf32,1.8351656198501587,0.8623759499500296
fcg_official,external,1,official,324,face2face_faces_c23/186_170,ffpp_test:17,1,face2face,h265_crf32,0.6969106197357178,0.6675024612533439
fcg_official,external,1,official,325,face2face_faces_c23/170_186,ffpp_test:17,1,face2face,h265_crf32,1.4229164123535156,0.8057952107610962
fcg_official,external,1,official,326,faceswap_faces_c23/186_170,ffpp_test:17,1,faceswap,h265_crf32,1.359203815460205,0.7956302663956364
fcg_official,external,1,official,327,faceswap_faces_c23/170_186,ffpp_test:17,1,faceswap,h265_crf32,0.7861317992210388,0.6870001499924553
fcg_official,external,1,official,328,neuraltextures_faces_c23/186_170,ffpp_test:17,1,neuraltextures,h265_crf32,0.4379044771194458,0.6077595964731694
fcg_official,external,1,official,329,neuraltextures_faces_c23/170_186,ffpp_test:17,1,neuraltextures,h265_crf32,0.45111769437789917,0.6109049429165518
fcg_official,external,1,official,330,original_faces_c23/176,ffpp_test:18,0,real,h265_crf32,-0.7642528414726257,0.3177236412800529
fcg_official,external,1,official,331,original_faces_c23/190,ffpp_test:18,0,real,h265_crf32,0.3564877510070801,0.5881899525203742
fcg_official,external,1,official,332,deepfakes_faces_c23/176_190,ffpp_test:18,1,deepfakes,h265_crf32,1.7408640384674072,0.8507967811587167
fcg_official,external,1,official,333,deepfakes_faces_c23/190_176,ffpp_test:18,1,deepfakes,h265_crf32,0.27367669343948364,0.5679953042241618
fcg_official,external,1,official,334,face2face_faces_c23/176_190,ffpp_test:18,1,face2face,h265_crf32,0.14569580554962158,0.5363596561178485
fcg_official,external,1,official,335,face2face_faces_c23/190_176,ffpp_test:18,1,face2face,h265_crf32,0.8549201488494873,0.7015982363952877
fcg_official,external,1,official,336,faceswap_faces_c23/176_190,ffpp_test:18,1,faceswap,h265_crf32,1.905353307723999,0.8704962155763704
fcg_official,external,1,official,337,faceswap_faces_c23/190_176,ffpp_test:18,1,faceswap,h265_crf32,0.8710060119628906,0.7049549850357781
fcg_official,external,1,official,338,neuraltextures_faces_c23/176_190,ffpp_test:18,1,neuraltextures,h265_crf32,-0.3279483914375305,0.4187398946968075
fcg_official,external,1,official,339,neuraltextures_faces_c23/190_176,ffpp_test:18,1,neuraltextures,h265_crf32,0.480899453163147,0.6179602450297023
fcg_official,external,1,official,340,original_faces_c23/380,ffpp_test:29,0,real,h265_crf32,-0.46036794781684875,0.3868985400415693
fcg_official,external,1,official,341,original_faces_c23/358,ffpp_test:29,0,real,h265_crf32,-0.20038443803787231,0.45007084972608824
fcg_official,external,1,official,342,deepfakes_faces_c23/380_358,ffpp_test:29,1,deepfakes,h265_crf32,-0.1545047163963318,0.4614504773179102
fcg_official,external,1,official,343,deepfakes_faces_c23/358_380,ffpp_test:29,1,deepfakes,h265_crf32,0.7490377426147461,0.6789689919677337
fcg_official,external,1,official,344,face2face_faces_c23/380_358,ffpp_test:29,1,face2face,h265_crf32,0.6010768413543701,0.6459026318974745
fcg_official,external,1,official,345,face2face_faces_c23/358_380,ffpp_test:29,1,face2face,h265_crf32,0.6083774566650391,0.6475705892258451
fcg_official,external,1,official,346,faceswap_faces_c23/380_358,ffpp_test:29,1,faceswap,h265_crf32,-0.5560325384140015,0.3644659498126565
fcg_official,external,1,official,347,faceswap_faces_c23/358_380,ffpp_test:29,1,faceswap,h265_crf32,-0.06250858306884766,0.4843779406041721
fcg_official,external,1,official,348,neuraltextures_faces_c23/380_358,ffpp_test:29,1,neuraltextures,h265_crf32,-0.18759113550186157,0.4532392633175251
fcg_official,external,1,official,349,neuraltextures_faces_c23/358_380,ffpp_test:29,1,neuraltextures,h265_crf32,-0.017442703247070312,0.4956394347454057
fcg_official,external,1,official,350,original_faces_c23/214,ffpp_test:19,0,real,h265_crf32,-0.14322644472122192,0.46425447436121264
fcg_official,external,1,official,351,original_faces_c23/255,ffpp_test:19,0,real,h265_crf32,0.05495727062225342,0.5137358606261019
fcg_official,external,1,official,352,deepfakes_faces_c23/214_255,ffpp_test:19,1,deepfakes,h265_crf32,1.7342747449874878,0.8499583906721456
fcg_official,external,1,official,353,deepfakes_faces_c23/255_214,ffpp_test:19,1,deepfakes,h265_crf32,1.8646382093429565,0.8658366536971053
fcg_official,external,1,official,354,face2face_faces_c23/214_255,ffpp_test:19,1,face2face,h265_crf32,0.863256573677063,0.7033405965678606
fcg_official,external,1,official,355,face2face_faces_c23/255_214,ffpp_test:19,1,face2face,h265_crf32,0.7535662651062012,0.6799552734354308
fcg_official,external,1,official,356,faceswap_faces_c23/214_255,ffpp_test:19,1,faceswap,h265_crf32,1.0575026273727417,0.7422130049653608
fcg_official,external,1,official,357,faceswap_faces_c23/255_214,ffpp_test:19,1,faceswap,h265_crf32,1.3914893865585327,0.8008299087845245
fcg_official,external,1,official,358,neuraltextures_faces_c23/214_255,ffpp_test:19,1,neuraltextures,h265_crf32,0.006985187530517578,0.501746289782098
fcg_official,external,1,official,359,neuraltextures_faces_c23/255_214,ffpp_test:19,1,neuraltextures,h265_crf32,-0.04964113235473633,0.48759226477855205
fcg_official,external,1,official,360,original_faces_c23/454,ffpp_test:42,0,real,h265_crf32,0.21349942684173584,0.5531730322005074
fcg_official,external,1,official,361,original_faces_c23/527,ffpp_test:42,0,real,h265_crf32,0.06119471788406372,0.5152939070585617
fcg_official,external,1,official,362,deepfakes_faces_c23/454_527,ffpp_test:42,1,deepfakes,h265_crf32,2.1471962928771973,0.8954064902581234
fcg_official,external,1,official,363,deepfakes_faces_c23/527_454,ffpp_test:42,1,deepfakes,h265_crf32,2.4273645877838135,0.9188903298739975
fcg_official,external,1,official,364,face2face_faces_c23/454_527,ffpp_test:42,1,face2face,h265_crf32,1.5579394102096558,0.8260574728937221
fcg_official,external,1,official,365,face2face_faces_c23/527_454,ffpp_test:42,1,face2face,h265_crf32,0.43335670232772827,0.6066749324422762
fcg_official,external,1,official,366,faceswap_faces_c23/454_527,ffpp_test:42,1,faceswap,h265_crf32,1.4730110168457031,0.8135146144188211
fcg_official,external,1,official,367,faceswap_faces_c23/527_454,ffpp_test:42,1,faceswap,h265_crf32,2.383192300796509,0.915536620396766
fcg_official,external,1,official,368,neuraltextures_faces_c23/454_527,ffpp_test:42,1,neuraltextures,h265_crf32,0.6227884888648987,0.650852480877247
fcg_official,external,1,official,369,neuraltextures_faces_c23/527_454,ffpp_test:42,1,neuraltextures,h265_crf32,0.6698055267333984,0.6614596120175118
fcg_official,external,1,official,370,original_faces_c23/425,ffpp_test:39,0,real,h265_crf32,-0.347606360912323,0.41396299241942175
fcg_official,external,1,official,371,original_faces_c23/485,ffpp_test:39,0,real,h265_crf32,-0.025491297245025635,0.4936275207580686
fcg_official,external,1,official,372,deepfakes_faces_c23/425_485,ffpp_test:39,1,deepfakes,h265_crf32,1.3455814123153687,0.7934063043060552
fcg_official,external,1,official,373,deepfakes_faces_c23/485_425,ffpp_test:39,1,deepfakes,h265_crf32,1.8727796077728271,0.8667795737600982
fcg_official,external,1,official,374,face2face_faces_c23/425_485,ffpp_test:39,1,face2face,h265_crf32,0.19026339054107666,0.5474228742464513
fcg_official,external,1,official,375,face2face_faces_c23/485_425,ffpp_test:39,1,face2face,h265_crf32,0.4316555857658386,0.6062689376512796
fcg_official,external,1,official,376,faceswap_faces_c23/425_485,ffpp_test:39,1,faceswap,h265_crf32,1.2253098487854004,0.7729966340413921
fcg_official,external,1,official,377,faceswap_faces_c23/485_425,ffpp_test:39,1,faceswap,h265_crf32,1.8715872764587402,0.8666418317697883
fcg_official,external,1,official,378,neuraltextures_faces_c23/425_485,ffpp_test:39,1,neuraltextures,h265_crf32,-0.1330053210258484,0.4667976023353682
fcg_official,external,1,official,379,neuraltextures_faces_c23/485_425,ffpp_test:39,1,neuraltextures,h265_crf32,0.6197550296783447,0.6501628318486795
fcg_official,external,1,official,380,original_faces_c23/388,ffpp_test:26,0,real,h265_crf32,-0.329348087310791,0.4183992520070017
fcg_official,external,1,official,381,original_faces_c23/308,ffpp_test:26,0,real,h265_crf32,-0.19721215963363647,0.45085613481281783
fcg_official,external,1,official,382,deepfakes_faces_c23/388_308,ffpp_test:26,1,deepfakes,h265_crf32,-0.28651243448257446,0.4288578944233653
fcg_official,external,1,official,383,deepfakes_faces_c23/308_388,ffpp_test:26,1,deepfakes,h265_crf32,0.66736900806427,0.6609137860005254
fcg_official,external,1,official,384,face2face_faces_c23/388_308,ffpp_test:26,1,face2face,h265_crf32,-0.05091303586959839,0.48727448976957843
fcg_official,external,1,official,385,face2face_faces_c23/308_388,ffpp_test:26,1,face2face,h265_crf32,0.41470450162887573,0.6022153917973309
fcg_official,external,1,official,386,faceswap_faces_c23/388_308,ffpp_test:26,1,faceswap,h265_crf32,1.1247539520263672,0.7548694606224199
fcg_official,external,1,official,387,faceswap_faces_c23/308_388,ffpp_test:26,1,faceswap,h265_crf32,1.1066679954528809,0.751507401075061
fcg_official,external,1,official,388,neuraltextures_faces_c23/388_308,ffpp_test:26,1,neuraltextures,h265_crf32,-0.3006967306137085,0.42538717043920604
fcg_official,external,1,official,389,neuraltextures_faces_c23/308_388,ffpp_test:26,1,neuraltextures,h265_crf32,0.4871385991573334,0.6194321281480857
fcg_official,external,1,official,390,original_faces_c23/384,ffpp_test:32,0,real,h265_crf32,0.2881108522415161,0.5715335755064347
fcg_official,external,1,official,391,original_faces_c23/932,ffpp_test:32,0,real,h265_crf32,-0.4281238317489624,0.3945744321004936
fcg_official,external,1,official,392,deepfakes_faces_c23/384_932,ffpp_test:32,1,deepfakes,h265_crf32,2.4494199752807617,0.9205190243818739
fcg_official,external,1,official,393,deepfakes_faces_c23/932_384,ffpp_test:32,1,deepfakes,h265_crf32,0.9017252922058105,0.7113039216250092
fcg_official,external,1,official,394,face2face_faces_c23/384_932,ffpp_test:32,1,face2face,h265_crf32,0.5860305428504944,0.6424538504976242
fcg_official,external,1,official,395,face2face_faces_c23/932_384,ffpp_test:32,1,face2face,h265_crf32,0.001546621322631836,0.5003866552535835
fcg_official,external,1,official,396,faceswap_faces_c23/384_932,ffpp_test:32,1,faceswap,h265_crf32,2.450054168701172,0.9205654119781396
fcg_official,external,1,official,397,faceswap_faces_c23/932_384,ffpp_test:32,1,faceswap,h265_crf32,1.280907154083252,0.782604154551581
fcg_official,external,1,official,398,neuraltextures_faces_c23/384_932,ffpp_test:32,1,neuraltextures,h265_crf32,0.8703812956809998,0.7048250315036124
fcg_official,external,1,official,399,neuraltextures_faces_c23/932_384,ffpp_test:32,1,neuraltextures,h265_crf32,-0.2853284478187561,0.42914792309259314
fcg_official,external,1,official,400,original_faces_c23/035,ffpp_test:5,0,real,h265_crf32,-0.22665464878082275,0.44357767676135756
fcg_official,external,1,official,401,original_faces_c23/036,ffpp_test:5,0,real,h265_crf32,-0.6034953594207764,0.35354441836577266
fcg_official,external,1,official,402,deepfakes_faces_c23/035_036,ffpp_test:5,1,deepfakes,h265_crf32,1.0374505519866943,0.7383577889082477
fcg_official,external,1,official,403,deepfakes_faces_c23/036_035,ffpp_test:5,1,deepfakes,h265_crf32,2.103994846343994,0.8912908508120667
fcg_official,external,1,official,404,face2face_faces_c23/035_036,ffpp_test:5,1,face2face,h265_crf32,0.15000957250595093,0.5374322250583677
fcg_official,external,1,official,405,face2face_faces_c23/036_035,ffpp_test:5,1,face2face,h265_crf32,0.21971338987350464,0.5547084415141174
fcg_official,external,1,official,406,faceswap_faces_c23/035_036,ffpp_test:5,1,faceswap,h265_crf32,0.6262412071228027,0.651636679529066
fcg_official,external,1,official,407,faceswap_faces_c23/036_035,ffpp_test:5,1,faceswap,h265_crf32,1.0975069999694824,0.7497927011088311
fcg_official,external,1,official,408,neuraltextures_faces_c23/035_036,ffpp_test:5,1,neuraltextures,h265_crf32,0.3654789924621582,0.5903660935904442
fcg_official,external,1,official,409,neuraltextures_faces_c23/036_035,ffpp_test:5,1,neuraltextures,h265_crf32,0.6456083059310913,0.6560201231629147
fcg_official,external,1,official,410,original_faces_c23/257,ffpp_test:23,0,real,h265_crf32,-0.17765456438064575,0.45570280351720993
fcg_official,external,1,official,411,original_faces_c23/420,ffpp_test:23,0,real,h265_crf32,0.3370707035064697,0.5834787867761806
fcg_official,external,1,official,412,deepfakes_faces_c23/257_420,ffpp_test:23,1,deepfakes,h265_crf32,1.196476936340332,0.7678974572393783
fcg_official,external,1,official,413,deepfakes_faces_c23/420_257,ffpp_test:23,1,deepfakes,h265_crf32,0.8744510412216187,0.7056710222859729
fcg_official,external,1,official,414,face2face_faces_c23/257_420,ffpp_test:23,1,face2face,h265_crf32,0.8756473064422607,0.7059194247452956
fcg_official,external,1,official,415,face2face_faces_c23/420_257,ffpp_test:23,1,face2face,h265_crf32,0.0479850172996521,0.5119939530116386
fcg_official,external,1,official,416,faceswap_faces_c23/257_420,ffpp_test:23,1,faceswap,h265_crf32,1.1264169216156006,0.755177048667136
fcg_official,external,1,official,417,faceswap_faces_c23/420_257,ffpp_test:23,1,faceswap,h265_crf32,0.3985207676887512,0.5983322068292687
fcg_official,external,1,official,418,neuraltextures_faces_c23/257_420,ffpp_test:23,1,neuraltextures,h265_crf32,0.16317862272262573,0.5407043752299779
fcg_official,external,1,official,419,neuraltextures_faces_c23/420_257,ffpp_test:23,1,neuraltextures,h265_crf32,0.22517412900924683,0.5560568760380517
fcg_official,external,1,official,420,original_faces_c23/924,ffpp_test:67,0,real,h265_crf32,-0.0020251870155334473,0.49949370341915955
fcg_official,external,1,official,421,original_faces_c23/917,ffpp_test:67,0,real,h265_crf32,0.34979158639907837,0.5865670382498279
fcg_official,external,1,official,422,deepfakes_faces_c23/924_917,ffpp_test:67,1,deepfakes,h265_crf32,0.8977708220481873,0.7104911905420762
fcg_official,external,1,official,423,deepfakes_faces_c23/917_924,ffpp_test:67,1,deepfakes,h265_crf32,1.9798604249954224,0.878666282545749
fcg_official,external,1,official,424,face2face_faces_c23/924_917,ffpp_test:67,1,face2face,h265_crf32,0.9684473276138306,0.7248099090979625
fcg_official,external,1,official,425,face2face_faces_c23/917_924,ffpp_test:67,1,face2face,h265_crf32,0.566266655921936,0.6379012799820254
fcg_official,external,1,official,426,faceswap_faces_c23/924_917,ffpp_test:67,1,faceswap,h265_crf32,1.5882856845855713,0.8303747741790675
fcg_official,external,1,official,427,faceswap_faces_c23/917_924,ffpp_test:67,1,faceswap,h265_crf32,1.7109966278076172,0.8469655067593972
fcg_official,external,1,official,428,neuraltextures_faces_c23/924_917,ffpp_test:67,1,neuraltextures,h265_crf32,0.7955633401870728,0.6890246375538265
fcg_official,external,1,official,429,neuraltextures_faces_c23/917_924,ffpp_test:67,1,neuraltextures,h265_crf32,1.3598166704177856,0.7957299002397616
fcg_official,external,1,official,430,original_faces_c23/114,ffpp_test:9,0,real,h265_crf32,0.07166916131973267,0.5179096249671415
fcg_official,external,1,official,431,original_faces_c23/102,ffpp_test:9,0,real,h265_crf32,-1.0136641263961792,0.26626338785455694
fcg_official,external,1,official,432,deepfakes_faces_c23/114_102,ffpp_test:9,1,deepfakes,h265_crf32,0.9152792692184448,0.714079248603387
fcg_official,external,1,official,433,deepfakes_faces_c23/102_114,ffpp_test:9,1,deepfakes,h265_crf32,1.5001674890518188,0.8175994552627819
fcg_official,external,1,official,434,face2face_faces_c23/114_102,ffpp_test:9,1,face2face,h265_crf32,0.7981225252151489,0.689572727889922
fcg_official,external,1,official,435,face2face_faces_c23/102_114,ffpp_test:9,1,face2face,h265_crf32,0.431024968624115,0.6061183948965273
fcg_official,external,1,official,436,faceswap_faces_c23/114_102,ffpp_test:9,1,faceswap,h265_crf32,0.5723065137863159,0.6392952206459348
fcg_official,external,1,official,437,faceswap_faces_c23/102_114,ffpp_test:9,1,faceswap,h265_crf32,0.6462526321411133,0.6561655057271303
fcg_official,external,1,official,438,neuraltextures_faces_c23/114_102,ffpp_test:9,1,neuraltextures,h265_crf32,0.47384965419769287,0.6162945122399528
fcg_official,external,1,official,439,neuraltextures_faces_c23/102_114,ffpp_test:9,1,neuraltextures,h265_crf32,-0.505066990852356,0.3763506480924557
fcg_official,external,1,official,440,original_faces_c23/732,ffpp_test:56,0,real,h265_crf32,0.1426374912261963,0.5355990367162861
fcg_official,external,1,official,441,original_faces_c23/691,ffpp_test:56,0,real,h265_crf32,-0.21607047319412231,0.44619156273065486
fcg_official,external,1,official,442,deepfakes_faces_c23/732_691,ffpp_test:56,1,deepfakes,h265_crf32,2.021491050720215,0.8830350989512197
fcg_official,external,1,official,443,deepfakes_faces_c23/691_732,ffpp_test:56,1,deepfakes,h265_crf32,2.4380288124084473,0.9196816018208359
fcg_official,external,1,official,444,face2face_faces_c23/732_691,ffpp_test:56,1,face2face,h265_crf32,1.5993871688842773,0.8319327161048777
fcg_official,external,1,official,445,face2face_faces_c23/691_732,ffpp_test:56,1,face2face,h265_crf32,-0.2386997938156128,0.4406067909416795
fcg_official,external,1,official,446,faceswap_faces_c23/732_691,ffpp_test:56,1,faceswap,h265_crf32,0.8361660242080688,0.6976571224902876
fcg_official,external,1,official,447,faceswap_faces_c23/691_732,ffpp_test:56,1,faceswap,h265_crf32,2.370384454727173,0.9145409127332456
fcg_official,external,1,official,448,neuraltextures_faces_c23/732_691,ffpp_test:56,1,neuraltextures,h265_crf32,0.7335329055786133,0.6755800650985164
fcg_official,external,1,official,449,neuraltextures_faces_c23/691_732,ffpp_test:56,1,neuraltextures,h265_crf32,-0.007700443267822266,0.49807489869573496
fcg_official,external,1,official,450,original_faces_c23/550,ffpp_test:41,0,real,h265_crf32,-0.6148703098297119,0.35094901650472043
fcg_official,external,1,official,451,original_faces_c23/452,ffpp_test:41,0,real,h265_crf32,0.03414714336395264,0.5085359564271834
fcg_official,external,1,official,452,deepfakes_faces_c23/550_452,ffpp_test:41,1,deepfakes,h265_crf32,0.46972960233688354,0.6153197548942655
fcg_official,external,1,official,453,deepfakes_faces_c23/452_550,ffpp_test:41,1,deepfakes,h265_crf32,1.8519600629806519,0.8643570726274483
fcg_official,external,1,official,454,face2face_faces_c23/550_452,ffpp_test:41,1,face2face,h265_crf32,0.961107611656189,0.7233435126171043
fcg_official,external,1,official,455,face2face_faces_c23/452_550,ffpp_test:41,1,face2face,h265_crf32,0.9180957674980164,0.7146539463731273
fcg_official,external,1,official,456,faceswap_faces_c23/550_452,ffpp_test:41,1,faceswap,h265_crf32,0.8976233601570129,0.7104608576541929
fcg_official,external,1,official,457,faceswap_faces_c23/452_550,ffpp_test:41,1,faceswap,h265_crf32,1.2820953130722046,0.782806233974911
fcg_official,external,1,official,458,neuraltextures_faces_c23/550_452,ffpp_test:41,1,neuraltextures,h265_crf32,0.26768094301223755,0.5665234915147661
fcg_official,external,1,official,459,neuraltextures_faces_c23/452_550,ffpp_test:41,1,neuraltextures,h265_crf32,0.7406793832778931,0.6771444007879509
fcg_official,external,1,official,460,original_faces_c23/280,ffpp_test:22,0,real,h265_crf32,-0.24325525760650635,0.4394843002815159
fcg_official,external,1,official,461,original_faces_c23/249,ffpp_test:22,0,real,h265_crf32,-0.5011254549026489,0.3772762191931149
fcg_official,external,1,official,462,deepfakes_faces_c23/280_249,ffpp_test:22,1,deepfakes,h265_crf32,0.38881874084472656,0.5959983028907427
fcg_official,external,1,official,463,deepfakes_faces_c23/249_280,ffpp_test:22,1,deepfakes,h265_crf32,2.150611162185669,0.8957258738676015
fcg_official,external,1,official,464,face2face_faces_c23/280_249,ffpp_test:22,1,face2face,h265_crf32,0.7214178442955017,0.6729191596051136
fcg_official,external,1,official,465,face2face_faces_c23/249_280,ffpp_test:22,1,face2face,h265_crf32,1.6754058599472046,0.8422952324606032
fcg_official,external,1,official,466,faceswap_faces_c23/280_249,ffpp_test:22,1,faceswap,h265_crf32,1.042081356048584,0.7392514054445575
fcg_official,external,1,official,467,faceswap_faces_c23/249_280,ffpp_test:22,1,faceswap,h265_crf32,2.0567007064819336,0.8866229388380164
fcg_official,external,1,official,468,neuraltextures_faces_c23/280_249,ffpp_test:22,1,neuraltextures,h265_crf32,-0.040180206298828125,0.4899562996424172
fcg_official,external,1,official,469,neuraltextures_faces_c23/249_280,ffpp_test:22,1,neuraltextures,h265_crf32,0.8482991456985474,0.7002102277982168
fcg_official,external,1,official,470,original_faces_c23/842,ffpp_test:58,0,real,h265_crf32,-0.086189866065979,0.47846586270788344
fcg_official,external,1,official,471,original_faces_c23/714,ffpp_test:58,0,real,h265_crf32,0.09017515182495117,0.5225285240247841
fcg_official,external,1,official,472,deepfakes_faces_c23/842_714,ffpp_test:58,1,deepfakes,h265_crf32,1.6186223030090332,0.8346050409096948
fcg_official,external,1,official,473,deepfakes_faces_c23/714_842,ffpp_test:58,1,deepfakes,h265_crf32,1.6213033199310303,0.834974795134292
fcg_official,external,1,official,474,face2face_faces_c23/842_714,ffpp_test:58,1,face2face,h265_crf32,1.3579261302947998,0.7954224328046104
fcg_official,external,1,official,475,face2face_faces_c23/714_842,ffpp_test:58,1,face2face,h265_crf32,0.31532108783721924,0.578183544105961
fcg_official,external,1,official,476,faceswap_faces_c23/842_714,ffpp_test:58,1,faceswap,h265_crf32,1.0315532684326172,0.7372169184825792
fcg_official,external,1,official,477,faceswap_faces_c23/714_842,ffpp_test:58,1,faceswap,h265_crf32,1.1947722434997559,0.7675934894675787
fcg_official,external,1,official,478,neuraltextures_faces_c23/842_714,ffpp_test:58,1,neuraltextures,h265_crf32,-0.007985889911651611,0.4980035381323453
fcg_official,external,1,official,479,neuraltextures_faces_c23/714_842,ffpp_test:58,1,neuraltextures,h265_crf32,0.2034289836883545,0.5506825817653574
fcg_official,external,1,official,480,original_faces_c23/625,ffpp_test:52,0,real,h265_crf32,-0.38541746139526367,0.40482093859501733
fcg_official,external,1,official,481,original_faces_c23/650,ffpp_test:52,0,real,h265_crf32,-0.5628403425216675,0.3628905143207288
fcg_official,external,1,official,482,deepfakes_faces_c23/625_650,ffpp_test:52,1,deepfakes,h265_crf32,1.7486536502838135,0.851782907442656
fcg_official,external,1,official,483,deepfakes_faces_c23/650_625,ffpp_test:52,1,deepfakes,h265_crf32,1.572841763496399,0.8281883468402713
fcg_official,external,1,official,484,face2face_faces_c23/625_650,ffpp_test:52,1,face2face,h265_crf32,0.7138350009918213,0.6712480004000101
fcg_official,external,1,official,485,face2face_faces_c23/650_625,ffpp_test:52,1,face2face,h265_crf32,0.12807482481002808,0.5319750105437283
fcg_official,external,1,official,486,faceswap_faces_c23/625_650,ffpp_test:52,1,faceswap,h265_crf32,1.0657296180725098,0.7437839593504959
fcg_official,external,1,official,487,faceswap_faces_c23/650_625,ffpp_test:52,1,faceswap,h265_crf32,0.7010296583175659,0.6684160211248708
fcg_official,external,1,official,488,neuraltextures_faces_c23/625_650,ffpp_test:52,1,neuraltextures,h265_crf32,0.5844628810882568,0.6420936674110962
fcg_official,external,1,official,489,neuraltextures_faces_c23/650_625,ffpp_test:52,1,neuraltextures,h265_crf32,-0.2512807846069336,0.4375082795153004
fcg_official,external,1,official,490,original_faces_c23/024,ffpp_test:3,0,real,h265_crf32,-0.021373450756072998,0.4946568407165597
fcg_official,external,1,official,491,original_faces_c23/073,ffpp_test:3,0,real,h265_crf32,-0.38753819465637207,0.404310070426203
fcg_official,external,1,official,492,deepfakes_faces_c23/024_073,ffpp_test:3,1,deepfakes,h265_crf32,1.0537630319595337,0.7414968496352561
fcg_official,external,1,official,493,deepfakes_faces_c23/073_024,ffpp_test:3,1,deepfakes,h265_crf32,1.9660048484802246,0.8771813467828511
fcg_official,external,1,official,494,face2face_faces_c23/024_073,ffpp_test:3,1,face2face,h265_crf32,0.32752227783203125,0.5811563870274027
fcg_official,external,1,official,495,face2face_faces_c23/073_024,ffpp_test:3,1,face2face,h265_crf32,0.6472479104995728,0.6563900178873368
fcg_official,external,1,official,496,faceswap_faces_c23/024_073,ffpp_test:3,1,faceswap,h265_crf32,0.8631668090820312,0.7033218666096976
fcg_official,external,1,official,497,faceswap_faces_c23/073_024,ffpp_test:3,1,faceswap,h265_crf32,1.1683611869812012,0.7628486648364871
fcg_official,external,1,official,498,neuraltextures_faces_c23/024_073,ffpp_test:3,1,neuraltextures,h265_crf32,0.16110193729400635,0.5401886012079962
fcg_official,external,1,official,499,neuraltextures_faces_c23/073_024,ffpp_test:3,1,neuraltextures,h265_crf32,0.3470919728279114,0.585912212728468
fcg_official,external,1,official,500,original_faces_c23/044,ffpp_test:6,0,real,h265_crf32,-0.45534658432006836,0.388090322271011
fcg_official,external,1,official,501,original_faces_c23/945,ffpp_test:6,0,real,h265_crf32,-0.49701428413391113,0.37824257922746957
fcg_official,external,1,official,502,deepfakes_faces_c23/044_945,ffpp_test:6,1,deepfakes,h265_crf32,2.1940650939941406,0.8997152869175581
fcg_official,external,1,official,503,deepfakes_faces_c23/945_044,ffpp_test:6,1,deepfakes,h265_crf32,1.6622002124786377,0.8405331343487328
fcg_official,external,1,official,504,face2face_faces_c23/044_945,ffpp_test:6,1,face2face,h265_crf32,0.5567821264266968,0.6357076600034731
fcg_official,external,1,official,505,face2face_faces_c23/945_044,ffpp_test:6,1,face2face,h265_crf32,-0.01298367977142334,0.49675412565504273
fcg_official,external,1,official,506,faceswap_faces_c23/044_945,ffpp_test:6,1,faceswap,h265_crf32,1.6176948547363281,0.8344769767119958
fcg_official,external,1,official,507,faceswap_faces_c23/945_044,ffpp_test:6,1,faceswap,h265_crf32,1.4089527130126953,0.8036007064316529
fcg_official,external,1,official,508,neuraltextures_faces_c23/044_945,ffpp_test:6,1,neuraltextures,h265_crf32,0.19939714670181274,0.5496847766518068
fcg_official,external,1,official,509,neuraltextures_faces_c23/945_044,ffpp_test:6,1,neuraltextures,h265_crf32,-0.27312159538269043,0.43214090900885244
fcg_official,external,1,official,510,original_faces_c23/896,ffpp_test:10,0,real,h265_crf32,-0.5804960131645203,0.3588184690303273
fcg_official,external,1,official,511,original_faces_c23/128,ffpp_test:10,0,real,h265_crf32,-0.15497463941574097,0.46133369701719845
fcg_official,external,1,official,512,deepfakes_faces_c23/896_128,ffpp_test:10,1,deepfakes,h265_crf32,0.4885615408420563,0.6197675096288062
fcg_official,external,1,official,513,deepfakes_faces_c23/128_896,ffpp_test:10,1,deepfakes,h265_crf32,1.2973511219024658,0.7853888436663558
fcg_official,external,1,official,514,face2face_faces_c23/896_128,ffpp_test:10,1,face2face,h265_crf32,0.2987091541290283,0.5741269285271275
fcg_official,external,1,official,515,face2face_faces_c23/128_896,ffpp_test:10,1,face2face,h265_crf32,0.1651483178138733,0.5411934961475279
fcg_official,external,1,official,516,faceswap_faces_c23/896_128,ffpp_test:10,1,faceswap,h265_crf32,0.07241415977478027,0.5180956331287286
fcg_official,external,1,official,517,faceswap_faces_c23/128_896,ffpp_test:10,1,faceswap,h265_crf32,1.1220333576202393,0.7543656885917105
fcg_official,external,1,official,518,neuraltextures_faces_c23/896_128,ffpp_test:10,1,neuraltextures,h265_crf32,0.5136734247207642,0.6256672153857737
fcg_official,external,1,official,519,neuraltextures_faces_c23/128_896,ffpp_test:10,1,neuraltextures,h265_crf32,0.3416856527328491,0.5845999299392842
fcg_official,external,1,official,520,original_faces_c23/862,ffpp_test:7,0,real,h265_crf32,-0.43967539072036743,0.39181831986444565
fcg_official,external,1,official,521,original_faces_c23/047,ffpp_test:7,0,real,h265_crf32,-0.5044680833816528,0.37649122857307094
fcg_official,external,1,official,522,deepfakes_faces_c23/862_047,ffpp_test:7,1,deepfakes,h265_crf32,1.663238525390625,0.8406722576842718
fcg_official,external,1,official,523,deepfakes_faces_c23/047_862,ffpp_test:7,1,deepfakes,h265_crf32,0.11893808841705322,0.5296995189078427
fcg_official,external,1,official,524,face2face_faces_c23/862_047,ffpp_test:7,1,face2face,h265_crf32,0.8793678283691406,0.7066912024739694
fcg_official,external,1,official,525,face2face_faces_c23/047_862,ffpp_test:7,1,face2face,h265_crf32,0.4126185178756714,0.6017155838010989
fcg_official,external,1,official,526,faceswap_faces_c23/862_047,ffpp_test:7,1,faceswap,h265_crf32,1.1006335020065308,0.7503787859701855
fcg_official,external,1,official,527,faceswap_faces_c23/047_862,ffpp_test:7,1,faceswap,h265_crf32,2.443512439727783,0.9200857317879645
fcg_official,external,1,official,528,neuraltextures_faces_c23/862_047,ffpp_test:7,1,neuraltextures,h265_crf32,0.7979146838188171,0.6895282351544535
fcg_official,external,1,official,529,neuraltextures_faces_c23/047_862,ffpp_test:7,1,neuraltextures,h265_crf32,-0.4474053382873535,0.38997784692096144
fcg_official,external,1,official,530,original_faces_c23/607,ffpp_test:49,0,real,h265_crf32,-0.08281725645065308,0.47930751149633255
fcg_official,external,1,official,531,original_faces_c23/683,ffpp_test:49,0,real,h265_crf32,0.2815912365913391,0.5699362935400588
fcg_official,external,1,official,532,deepfakes_faces_c23/607_683,ffpp_test:49,1,deepfakes,h265_crf32,2.3684651851654053,0.9143907912314964
fcg_official,external,1,official,533,deepfakes_faces_c23/683_607,ffpp_test:49,1,deepfakes,h265_crf32,2.990307331085205,0.9521343185748682
fcg_official,external,1,official,534,face2face_faces_c23/607_683,ffpp_test:49,1,face2face,h265_crf32,1.2065393924713135,0.7696860617347528
fcg_official,external,1,official,535,face2face_faces_c23/683_607,ffpp_test:49,1,face2face,h265_crf32,0.7985609769821167,0.6896665760293326
fcg_official,external,1,official,536,faceswap_faces_c23/607_683,ffpp_test:49,1,faceswap,h265_crf32,2.499624729156494,0.9241155079101836
fcg_official,external,1,official,537,faceswap_faces_c23/683_607,ffpp_test:49,1,faceswap,h265_crf32,2.1408231258392334,0.8948081136580998
fcg_official,external,1,official,538,neuraltextures_faces_c23/607_683,ffpp_test:49,1,neuraltextures,h265_crf32,1.0676789283752441,0.7441552616442305
fcg_official,external,1,official,539,neuraltextures_faces_c23/683_607,ffpp_test:49,1,neuraltextures,h265_crf32,0.7679983377456665,0.6830877350193361
fcg_official,external,1,official,540,original_faces_c23/517,ffpp_test:45,0,real,h265_crf32,0.5289129614830017,0.6292295418256162
fcg_official,external,1,official,541,original_faces_c23/521,ffpp_test:45,0,real,h265_crf32,-0.1814415454864502,0.45476364788091433
fcg_official,external,1,official,542,deepfakes_faces_c23/517_521,ffpp_test:45,1,deepfakes,h265_crf32,2.1039254665374756,0.8912841283181223
fcg_official,external,1,official,543,deepfakes_faces_c23/521_517,ffpp_test:45,1,deepfakes,h265_crf32,1.4870837926864624,0.8156401623096541
fcg_official,external,1,official,544,face2face_faces_c23/517_521,ffpp_test:45,1,face2face,h265_crf32,0.9739751219749451,0.7259111144762515
fcg_official,external,1,official,545,face2face_faces_c23/521_517,ffpp_test:45,1,face2face,h265_crf32,1.0599405765533447,0.7426791892410575
fcg_official,external,1,official,546,faceswap_faces_c23/517_521,ffpp_test:45,1,faceswap,h265_crf32,2.140634775161743,0.8947903835395978
fcg_official,external,1,official,547,faceswap_faces_c23/521_517,ffpp_test:45,1,faceswap,h265_crf32,1.0284461975097656,0.736614547939296
fcg_official,external,1,official,548,neuraltextures_faces_c23/517_521,ffpp_test:45,1,neuraltextures,h265_crf32,0.6102242469787598,0.6479919541509197
fcg_official,external,1,official,549,neuraltextures_faces_c23/521_517,ffpp_test:45,1,neuraltextures,h265_crf32,0.4940519332885742,0.6210604986640055
fcg_official,external,1,official,550,original_faces_c23/682,ffpp_test:55,0,real,h265_crf32,-1.0435510873794556,0.2604653905947177
fcg_official,external,1,official,551,original_faces_c23/669,ffpp_test:55,0,real,h265_crf32,-0.19746428728103638,0.4507937125931368
fcg_official,external,1,official,552,deepfakes_faces_c23/682_669,ffpp_test:55,1,deepfakes,h265_crf32,1.6746325492858887,0.8421924833398232
fcg_official,external,1,official,553,deepfakes_faces_c23/669_682,ffpp_test:55,1,deepfakes,h265_crf32,1.5313730239868164,0.8222071151979953
fcg_official,external,1,official,554,face2face_faces_c23/682_669,ffpp_test:55,1,face2face,h265_crf32,-0.273323655128479,0.43209132520852606
fcg_official,external,1,official,555,face2face_faces_c23/669_682,ffpp_test:55,1,face2face,h265_crf32,1.8408019542694092,0.8630435255375332
fcg_official,external,1,official,556,faceswap_faces_c23/682_669,ffpp_test:55,1,faceswap,h265_crf32,0.29811155796051025,0.5739808066887888
fcg_official,external,1,official,557,faceswap_faces_c23/669_682,ffpp_test:55,1,faceswap,h265_crf32,1.4256631135940552,0.8062246790930122
fcg_official,external,1,official,558,neuraltextures_faces_c23/682_669,ffpp_test:55,1,neuraltextures,h265_crf32,-0.8892568349838257,0.2912632144097234
fcg_official,external,1,official,559,neuraltextures_faces_c23/669_682,ffpp_test:55,1,neuraltextures,h265_crf32,0.9141660332679749,0.7138519049783169
fcg_official,external,1,official,560,original_faces_c23/138,ffpp_test:12,0,real,h265_crf32,0.8553630113601685,0.7016909449931409
fcg_official,external,1,official,561,original_faces_c23/142,ffpp_test:12,0,real,h265_crf32,-0.4247537851333618,0.3953797725680162
fcg_official,external,1,official,562,deepfakes_faces_c23/138_142,ffpp_test:12,1,deepfakes,h265_crf32,2.306727170944214,0.9094326500186939
fcg_official,external,1,official,563,deepfakes_faces_c23/142_138,ffpp_test:12,1,deepfakes,h265_crf32,1.0987271070480347,0.7500215278282647
fcg_official,external,1,official,564,face2face_faces_c23/138_142,ffpp_test:12,1,face2face,h265_crf32,1.8830111026763916,0.8679566052367063
fcg_official,external,1,official,565,face2face_faces_c23/142_138,ffpp_test:12,1,face2face,h265_crf32,0.11445093154907227,0.5285815405257013
fcg_official,external,1,official,566,faceswap_faces_c23/138_142,ffpp_test:12,1,faceswap,h265_crf32,1.2430330514907837,0.7760915194883782
fcg_official,external,1,official,567,faceswap_faces_c23/142_138,ffpp_test:12,1,faceswap,h265_crf32,1.7080518007278442,0.8465834230634218
fcg_official,external,1,official,568,neuraltextures_faces_c23/138_142,ffpp_test:12,1,neuraltextures,h265_crf32,1.0941908359527588,0.7491700615845619
fcg_official,external,1,official,569,neuraltextures_faces_c23/142_138,ffpp_test:12,1,neuraltextures,h265_crf32,-0.029308795928955078,0.4926733254814065
fcg_official,external,1,official,570,original_faces_c23/552,ffpp_test:47,0,real,h265_crf32,-0.8400642275810242,0.301521257098984
fcg_official,external,1,official,571,original_faces_c23/851,ffpp_test:47,0,real,h265_crf32,-0.9108936786651611,0.28681699776708947
fcg_official,external,1,official,572,deepfakes_faces_c23/552_851,ffpp_test:47,1,deepfakes,h265_crf32,1.8519039154052734,0.8643504895307351
fcg_official,external,1,official,573,deepfakes_faces_c23/851_552,ffpp_test:47,1,deepfakes,h265_crf32,0.9298314452171326,0.7170410881305552
fcg_official,external,1,official,574,face2face_faces_c23/552_851,ffpp_test:47,1,face2face,h265_crf32,-0.358043909072876,0.41143316273108854
fcg_official,external,1,official,575,face2face_faces_c23/851_552,ffpp_test:47,1,face2face,h265_crf32,0.10700589418411255,0.5267259767930228
fcg_official,external,1,official,576,faceswap_faces_c23/552_851,ffpp_test:47,1,faceswap,h265_crf32,1.3769460916519165,0.7985000813150697
fcg_official,external,1,official,577,faceswap_faces_c23/851_552,ffpp_test:47,1,faceswap,h265_crf32,1.4453877210617065,0.8092875846662411
fcg_official,external,1,official,578,neuraltextures_faces_c23/552_851,ffpp_test:47,1,neuraltextures,h265_crf32,-0.2088213562965393,0.4479835443790814
fcg_official,external,1,official,579,neuraltextures_faces_c23/851_552,ffpp_test:47,1,neuraltextures,h265_crf32,0.041462242603302,0.510364075937952
fcg_official,external,1,official,580,original_faces_c23/376,ffpp_test:31,0,real,h265_crf32,0.22394412755966187,0.5557532199006134
fcg_official,external,1,official,581,original_faces_c23/381,ffpp_test:31,0,real,h265_crf32,-0.18106770515441895,0.4548563445306798
fcg_official,external,1,official,582,deepfakes_faces_c23/376_381,ffpp_test:31,1,deepfakes,h265_crf32,0.8461902141571045,0.6997673427750865
fcg_official,external,1,official,583,deepfakes_faces_c23/381_376,ffpp_test:31,1,deepfakes,h265_crf32,1.4700802564620972,0.813069584312286
fcg_official,external,1,official,584,face2face_faces_c23/376_381,ffpp_test:31,1,face2face,h265_crf32,0.8945808410644531,0.7098345919955646
fcg_official,external,1,official,585,face2face_faces_c23/381_376,ffpp_test:31,1,face2face,h265_crf32,0.8212794065475464,0.6945078550966203
fcg_official,external,1,official,586,faceswap_faces_c23/376_381,ffpp_test:31,1,faceswap,h265_crf32,1.818581461906433,0.860395826642778
fcg_official,external,1,official,587,faceswap_faces_c23/381_376,ffpp_test:31,1,faceswap,h265_crf32,1.5691533088684082,0.8276628722504135
fcg_official,external,1,official,588,neuraltextures_faces_c23/376_381,ffpp_test:31,1,neuraltextures,h265_crf32,0.3666002154350281,0.5906372158935908
fcg_official,external,1,official,589,neuraltextures_faces_c23/381_376,ffpp_test:31,1,neuraltextures,h265_crf32,0.25449663400650024,0.5632829645574196
fcg_official,external,1,official,590,original_faces_c23/000,ffpp_test:0,0,real,h265_crf32,-0.6410179734230042,0.3450164613756093
fcg_official,external,1,official,591,original_faces_c23/003,ffpp_test:0,0,real,h265_crf32,-0.28123193979263306,0.4301517755204216
fcg_official,external,1,official,592,deepfakes_faces_c23/000_003,ffpp_test:0,1,deepfakes,h265_crf32,1.1783714294433594,0.764654856105475
fcg_official,external,1,official,593,deepfakes_faces_c23/003_000,ffpp_test:0,1,deepfakes,h265_crf32,0.6771848201751709,0.6631100890913234
fcg_official,external,1,official,594,face2face_faces_c23/000_003,ffpp_test:0,1,face2face,h265_crf32,0.5956617593765259,0.6446631591356433
fcg_official,external,1,official,595,face2face_faces_c23/003_000,ffpp_test:0,1,face2face,h265_crf32,0.6990258693695068,0.6679717594933599
fcg_official,external,1,official,596,faceswap_faces_c23/000_003,ffpp_test:0,1,faceswap,h265_crf32,1.2636152505874634,0.7796478252015846
fcg_official,external,1,official,597,faceswap_faces_c23/003_000,ffpp_test:0,1,faceswap,h265_crf32,1.6955280303955078,0.8449497670562103
fcg_official,external,1,official,598,neuraltextures_faces_c23/000_003,ffpp_test:0,1,neuraltextures,h265_crf32,-0.006242334842681885,0.49843942135688196
fcg_official,external,1,official,599,neuraltextures_faces_c23/003_000,ffpp_test:0,1,neuraltextures,h265_crf32,-0.2142907977104187,0.44663137082249427
fcg_official,external,1,official,600,original_faces_c23/048,ffpp_test:4,0,real,h265_crf32,-0.1620292067527771,0.4595810876813582
fcg_official,external,1,official,601,original_faces_c23/029,ffpp_test:4,0,real,h265_crf32,0.7357189655303955,0.6760590034239707
fcg_official,external,1,official,602,deepfakes_faces_c23/048_029,ffpp_test:4,1,deepfakes,h265_crf32,2.239978551864624,0.9037825931838126
fcg_official,external,1,official,603,deepfakes_faces_c23/029_048,ffpp_test:4,1,deepfakes,h265_crf32,1.522263526916504,0.8208715546321721
fcg_official,external,1,official,604,face2face_faces_c23/048_029,ffpp_test:4,1,face2face,h265_crf32,0.10714530944824219,0.5267607308982717
fcg_official,external,1,official,605,face2face_faces_c23/029_048,ffpp_test:4,1,face2face,h265_crf32,1.4486558437347412,0.8097914808269923
fcg_official,external,1,official,606,faceswap_faces_c23/048_029,ffpp_test:4,1,faceswap,h265_crf32,0.7579572796821594,0.6809100728970642
fcg_official,external,1,official,607,faceswap_faces_c23/029_048,ffpp_test:4,1,faceswap,h265_crf32,1.3964483737945557,0.8016196941929522
fcg_official,external,1,official,608,neuraltextures_faces_c23/048_029,ffpp_test:4,1,neuraltextures,h265_crf32,0.03478264808654785,0.5086947854364006
fcg_official,external,1,official,609,neuraltextures_faces_c23/029_048,ffpp_test:4,1,neuraltextures,h265_crf32,2.0182886123657227,0.88270393200475
fcg_official,external,1,official,610,original_faces_c23/724,ffpp_test:59,0,real,h265_crf32,0.5274361371994019,0.6288849334199629
fcg_official,external,1,official,611,original_faces_c23/725,ffpp_test:59,0,real,h265_crf32,-0.40949130058288574,0.3990341039991702
fcg_official,external,1,official,612,deepfakes_faces_c23/724_725,ffpp_test:59,1,deepfakes,h265_crf32,1.9598251581192017,0.8765140292874141
fcg_official,external,1,official,613,deepfakes_faces_c23/725_724,ffpp_test:59,1,deepfakes,h265_crf32,2.607388973236084,0.9313356101150011
fcg_official,external,1,official,614,face2face_faces_c23/724_725,ffpp_test:59,1,face2face,h265_crf32,0.8149166107177734,0.6931562134887271
fcg_official,external,1,official,615,face2face_faces_c23/725_724,ffpp_test:59,1,face2face,h265_crf32,1.1408891677856445,0.7578428538727746
fcg_official,external,1,official,616,faceswap_faces_c23/724_725,ffpp_test:59,1,faceswap,h265_crf32,2.116478204727173,0.8924944868174062
fcg_official,external,1,official,617,faceswap_faces_c23/725_724,ffpp_test:59,1,faceswap,h265_crf32,1.149607539176941,0.7594392250762313
fcg_official,external,1,official,618,neuraltextures_faces_c23/724_725,ffpp_test:59,1,neuraltextures,h265_crf32,0.4697735011577606,0.6153301457520075
fcg_official,external,1,official,619,neuraltextures_faces_c23/725_724,ffpp_test:59,1,neuraltextures,h265_crf32,0.31069880723953247,0.5770558228815019
fcg_official,external,1,official,620,original_faces_c23/608,ffpp_test:50,0,real,h265_crf32,-0.06164288520812988,0.48459415670747935
fcg_official,external,1,official,621,original_faces_c23/675,ffpp_test:50,0,real,h265_crf32,-0.6039501428604126,0.3534404841882091
fcg_official,external,1,official,622,deepfakes_faces_c23/608_675,ffpp_test:50,1,deepfakes,h265_crf32,2.6109659671783447,0.9315640047860115
fcg_official,external,1,official,623,deepfakes_faces_c23/675_608,ffpp_test:50,1,deepfakes,h265_crf32,1.3341114521026611,0.7915199039605862
fcg_official,external,1,official,624,face2face_faces_c23/608_675,ffpp_test:50,1,face2face,h265_crf32,1.097142219543457,0.7497242607498465
fcg_official,external,1,official,625,face2face_faces_c23/675_608,ffpp_test:50,1,face2face,h265_crf32,0.858254075050354,0.7022957515650077
fcg_official,external,1,official,626,faceswap_faces_c23/608_675,ffpp_test:50,1,faceswap,h265_crf32,2.024519205093384,0.883347496604147
fcg_official,external,1,official,627,faceswap_faces_c23/675_608,ffpp_test:50,1,faceswap,h265_crf32,0.8032567501068115,0.6906707001889133
fcg_official,external,1,official,628,neuraltextures_faces_c23/608_675,ffpp_test:50,1,neuraltextures,h265_crf32,0.5532701015472412,0.6348939462454188
fcg_official,external,1,official,629,neuraltextures_faces_c23/675_608,ffpp_test:50,1,neuraltextures,h265_crf32,0.35798341035842896,0.5885521870688439
fcg_official,external,1,official,630,original_faces_c23/386,ffpp_test:14,0,real,h265_crf32,-0.8262916207313538,0.3044297579499898
fcg_official,external,1,official,631,original_faces_c23/154,ffpp_test:14,0,real,h265_crf32,-0.06000792980194092,0.48500251771347574
fcg_official,external,1,official,632,deepfakes_faces_c23/386_154,ffpp_test:14,1,deepfakes,h265_crf32,1.3550724983215332,0.7949576823872502
fcg_official,external,1,official,633,deepfakes_faces_c23/154_386,ffpp_test:14,1,deepfakes,h265_crf32,1.4660871028900146,0.8124619162822156
fcg_official,external,1,official,634,face2face_faces_c23/386_154,ffpp_test:14,1,face2face,h265_crf32,0.7945082187652588,0.688798511939257
fcg_official,external,1,official,635,face2face_faces_c23/154_386,ffpp_test:14,1,face2face,h265_crf32,1.1524031162261963,0.7599495821640727
fcg_official,external,1,official,636,faceswap_faces_c23/386_154,ffpp_test:14,1,faceswap,h265_crf32,0.8332594633102417,0.6970436847800008
fcg_official,external,1,official,637,faceswap_faces_c23/154_386,ffpp_test:14,1,faceswap,h265_crf32,1.8007657527923584,0.858242124119776
fcg_official,external,1,official,638,neuraltextures_faces_c23/386_154,ffpp_test:14,1,neuraltextures,h265_crf32,-0.8154179453849792,0.30673716762817493
fcg_official,external,1,official,639,neuraltextures_faces_c23/154_386,ffpp_test:14,1,neuraltextures,h265_crf32,0.24259573221206665,0.560353227172083
fcg_official,external,1,official,640,original_faces_c23/220,ffpp_test:20,0,real,h265_crf32,0.47827786207199097,0.617341134597877
fcg_official,external,1,official,641,original_faces_c23/219,ffpp_test:20,0,real,h265_crf32,0.5429776906967163,0.6325048322012168
fcg_official,external,1,official,642,deepfakes_faces_c23/220_219,ffpp_test:20,1,deepfakes,h265_crf32,1.6435374021530151,0.8380156977898767
fcg_official,external,1,official,643,deepfakes_faces_c23/219_220,ffpp_test:20,1,deepfakes,h265_crf32,2.1491897106170654,0.895593034122412
fcg_official,external,1,official,644,face2face_faces_c23/220_219,ffpp_test:20,1,face2face,h265_crf32,1.4449341297149658,0.8092175670164367
fcg_official,external,1,official,645,face2face_faces_c23/219_220,ffpp_test:20,1,face2face,h265_crf32,0.8340457677841187,0.6972097059416612
fcg_official,external,1,official,646,faceswap_faces_c23/220_219,ffpp_test:20,1,faceswap,h265_crf32,2.242180109024048,0.9039738696396217
fcg_official,external,1,official,647,faceswap_faces_c23/219_220,ffpp_test:20,1,faceswap,h265_crf32,1.0402973890304565,0.7389073834222784
fcg_official,external,1,official,648,neuraltextures_faces_c23/220_219,ffpp_test:20,1,neuraltextures,h265_crf32,0.7989019155502319,0.6897395412294685
fcg_official,external,1,official,649,neuraltextures_faces_c23/219_220,ffpp_test:20,1,neuraltextures,h265_crf32,0.7939867973327637,0.6886867315830116
fcg_official,external,1,official,650,original_faces_c23/801,ffpp_test:63,0,real,h265_crf32,-0.10742992162704468,0.473168320419114
fcg_official,external,1,official,651,original_faces_c23/855,ffpp_test:63,0,real,h265_crf32,-0.3802644610404968,0.4060631138624308
fcg_official,external,1,official,652,deepfakes_faces_c23/801_855,ffpp_test:63,1,deepfakes,h265_crf32,1.974954605102539,0.878142291678092
fcg_official,external,1,official,653,deepfakes_faces_c23/855_801,ffpp_test:63,1,deepfakes,h265_crf32,2.693159341812134,0.9366217835799714
fcg_official,external,1,official,654,face2face_faces_c23/801_855,ffpp_test:63,1,face2face,h265_crf32,0.4614184498786926,0.6133506178880963
fcg_official,external,1,official,655,face2face_faces_c23/855_801,ffpp_test:63,1,face2face,h265_crf32,0.3873894214630127,0.5956540980164832
fcg_official,external,1,official,656,faceswap_faces_c23/801_855,ffpp_test:63,1,faceswap,h265_crf32,0.42436283826828003,0.6045267659609256
fcg_official,external,1,official,657,faceswap_faces_c23/855_801,ffpp_test:63,1,faceswap,h265_crf32,1.248901605606079,0.7771096659356765
fcg_official,external,1,official,658,neuraltextures_faces_c23/801_855,ffpp_test:63,1,neuraltextures,h265_crf32,0.5205114483833313,0.6272673522716522
fcg_official,external,1,official,659,neuraltextures_faces_c23/855_801,ffpp_test:63,1,neuraltextures,h265_crf32,0.3059842586517334,0.5759047628084987
fcg_official,external,1,official,660,original_faces_c23/161,ffpp_test:13,0,real,h265_crf32,-0.08276963233947754,0.479319397144189
fcg_official,external,1,official,661,original_faces_c23/141,ffpp_test:13,0,real,h265_crf32,-0.20454376935958862,0.44904160100594503
fcg_official,external,1,official,662,deepfakes_faces_c23/161_141,ffpp_test:13,1,deepfakes,h265_crf32,1.65550696849823,0.8396339446305976
fcg_official,external,1,official,663,deepfakes_faces_c23/141_161,ffpp_test:13,1,deepfakes,h265_crf32,2.3499209880828857,0.9129279470670113
fcg_official,external,1,official,664,face2face_faces_c23/161_141,ffpp_test:13,1,face2face,h265_crf32,0.47162097692489624,0.6157673480611632
fcg_official,external,1,official,665,face2face_faces_c23/141_161,ffpp_test:13,1,face2face,h265_crf32,-0.0879700779914856,0.4780216523909859
fcg_official,external,1,official,666,faceswap_faces_c23/161_141,ffpp_test:13,1,faceswap,h265_crf32,2.2147483825683594,0.9015661246084365
fcg_official,external,1,official,667,faceswap_faces_c23/141_161,ffpp_test:13,1,faceswap,h265_crf32,1.6416418552398682,0.8377582211440598
fcg_official,external,1,official,668,neuraltextures_faces_c23/161_141,ffpp_test:13,1,neuraltextures,h265_crf32,0.437177836894989,0.6075863607011
fcg_official,external,1,official,669,neuraltextures_faces_c23/141_161,ffpp_test:13,1,neuraltextures,h265_crf32,0.024325311183929443,0.5060810279430644
fcg_official,external,1,official,670,original_faces_c23/949,ffpp_test:66,0,real,h265_crf32,-0.71565842628479,0.3283497425431895
fcg_official,external,1,official,671,original_faces_c23/868,ffpp_test:66,0,real,h265_crf32,0.309373140335083,0.5767322444287236
fcg_official,external,1,official,672,deepfakes_faces_c23/949_868,ffpp_test:66,1,deepfakes,h265_crf32,1.0334608554840088,0.7375863044981087
fcg_official,external,1,official,673,deepfakes_faces_c23/868_949,ffpp_test:66,1,deepfakes,h265_crf32,2.3767521381378174,0.9150372724253923
fcg_official,external,1,official,674,face2face_faces_c23/949_868,ffpp_test:66,1,face2face,h265_crf32,0.34599751234054565,0.5856466507754934
fcg_official,external,1,official,675,face2face_faces_c23/868_949,ffpp_test:66,1,face2face,h265_crf32,0.5619450807571411,0.6369024748774378
fcg_official,external,1,official,676,faceswap_faces_c23/949_868,ffpp_test:66,1,faceswap,h265_crf32,0.4916074275970459,0.6204850280328881
fcg_official,external,1,official,677,faceswap_faces_c23/868_949,ffpp_test:66,1,faceswap,h265_crf32,0.9322408437728882,0.7175296828904714
fcg_official,external,1,official,678,neuraltextures_faces_c23/949_868,ffpp_test:66,1,neuraltextures,h265_crf32,0.3211135268211365,0.5795956031716519
fcg_official,external,1,official,679,neuraltextures_faces_c23/868_949,ffpp_test:66,1,neuraltextures,h265_crf32,0.7090510129928589,0.6701914344721338
fcg_official,external,1,official,680,original_faces_c23/880,ffpp_test:11,0,real,h265_crf32,0.13564324378967285,0.5338589124298289
fcg_official,external,1,official,681,original_faces_c23/135,ffpp_test:11,0,real,h265_crf32,-0.4984920024871826,0.3778951192002552
fcg_official,external,1,official,682,deepfakes_faces_c23/880_135,ffpp_test:11,1,deepfakes,h265_crf32,0.8592600226402283,0.7025060286858579
fcg_official,external,1,official,683,deepfakes_faces_c23/135_880,ffpp_test:11,1,deepfakes,h265_crf32,2.195283889770508,0.899825202483
fcg_official,external,1,official,684,face2face_faces_c23/880_135,ffpp_test:11,1,face2face,h265_crf32,0.5671840310096741,0.638113151431193
fcg_official,external,1,official,685,face2face_faces_c23/135_880,ffpp_test:11,1,face2face,h265_crf32,0.676915168762207,0.6630498476380461
fcg_official,external,1,official,686,faceswap_faces_c23/880_135,ffpp_test:11,1,faceswap,h265_crf32,1.741135597229004,0.8508312499836063
fcg_official,external,1,official,687,faceswap_faces_c23/135_880,ffpp_test:11,1,faceswap,h265_crf32,1.6767754554748535,0.8424770759993165
fcg_official,external,1,official,688,neuraltextures_faces_c23/880_135,ffpp_test:11,1,neuraltextures,h265_crf32,0.10334277153015137,0.5258127242301461
fcg_official,external,1,official,689,neuraltextures_faces_c23/135_880,ffpp_test:11,1,neuraltextures,h265_crf32,0.16885638236999512,0.5421140783844768
fcg_official,external,1,official,690,original_faces_c23/429,ffpp_test:35,0,real,h265_crf32,0.06727689504623413,0.5168128827279082
fcg_official,external,1,official,691,original_faces_c23/404,ffpp_test:35,0,real,h265_crf32,-0.17228800058364868,0.4570342272872504
fcg_official,external,1,official,692,deepfakes_faces_c23/429_404,ffpp_test:35,1,deepfakes,h265_crf32,1.9084572792053223,0.8708457319818851
fcg_official,external,1,official,693,deepfakes_faces_c23/404_429,ffpp_test:35,1,deepfakes,h265_crf32,1.6701927185058594,0.8416015138431624
fcg_official,external,1,official,694,face2face_faces_c23/429_404,ffpp_test:35,1,face2face,h265_crf32,0.7410171627998352,0.6772182416811502
fcg_official,external,1,official,695,face2face_faces_c23/404_429,ffpp_test:35,1,face2face,h265_crf32,1.1469606161117554,0.7589553232704876
fcg_official,external,1,official,696,faceswap_faces_c23/429_404,ffpp_test:35,1,faceswap,h265_crf32,0.9159916639328003,0.714224676100731
fcg_official,external,1,official,697,faceswap_faces_c23/404_429,ffpp_test:35,1,faceswap,h265_crf32,1.303071141242981,0.7863513973498343
fcg_official,external,1,official,698,neuraltextures_faces_c23/429_404,ffpp_test:35,1,neuraltextures,h265_crf32,-0.4134254455566406,0.3980910486823933
fcg_official,external,1,official,699,neuraltextures_faces_c23/404_429,ffpp_test:35,1,neuraltextures,h265_crf32,0.5031765699386597,0.6232055460239923
fcg_official,external,1,official,0,original_faces_c23/953,ffpp_test:68,0,real,resize075_then_h264_crf30,-1.0365982055664062,0.2618069055659969
fcg_official,external,1,official,1,original_faces_c23/974,ffpp_test:68,0,real,resize075_then_h264_crf30,-0.897072970867157,0.2896523739635938
fcg_official,external,1,official,2,deepfakes_faces_c23/953_974,ffpp_test:68,1,deepfakes,resize075_then_h264_crf30,0.9137320518493652,0.7137632485118446
fcg_official,external,1,official,3,deepfakes_faces_c23/974_953,ffpp_test:68,1,deepfakes,resize075_then_h264_crf30,-0.16202473640441895,0.45958219796549177
fcg_official,external,1,official,4,face2face_faces_c23/953_974,ffpp_test:68,1,face2face,resize075_then_h264_crf30,1.02066969871521,0.7351030281285794
fcg_official,external,1,official,5,face2face_faces_c23/974_953,ffpp_test:68,1,face2face,resize075_then_h264_crf30,0.4061657786369324,0.6001681491383105
fcg_official,external,1,official,6,faceswap_faces_c23/953_974,ffpp_test:68,1,faceswap,resize075_then_h264_crf30,-0.1401795744895935,0.46501238076197354
fcg_official,external,1,official,7,faceswap_faces_c23/974_953,ffpp_test:68,1,faceswap,resize075_then_h264_crf30,-0.47559618949890137,0.38329255877647794
fcg_official,external,1,official,8,neuraltextures_faces_c23/953_974,ffpp_test:68,1,neuraltextures,resize075_then_h264_crf30,-0.3105749487876892,0.42297440659800695
fcg_official,external,1,official,9,neuraltextures_faces_c23/974_953,ffpp_test:68,1,neuraltextures,resize075_then_h264_crf30,-0.11214989423751831,0.4719918765335675
fcg_official,external,1,official,10,original_faces_c23/012,ffpp_test:1,0,real,resize075_then_h264_crf30,-0.8503726720809937,0.299354686895984
fcg_official,external,1,official,11,original_faces_c23/026,ffpp_test:1,0,real,resize075_then_h264_crf30,-0.9160823225975037,0.28575682011912035
fcg_official,external,1,official,12,deepfakes_faces_c23/012_026,ffpp_test:1,1,deepfakes,resize075_then_h264_crf30,0.4571707844734192,0.6123427933545046
fcg_official,external,1,official,13,deepfakes_faces_c23/026_012,ffpp_test:1,1,deepfakes,resize075_then_h264_crf30,1.0093556642532349,0.7328940327646345
fcg_official,external,1,official,14,face2face_faces_c23/012_026,ffpp_test:1,1,face2face,resize075_then_h264_crf30,0.1288793683052063,0.5321753186874189
fcg_official,external,1,official,15,face2face_faces_c23/026_012,ffpp_test:1,1,face2face,resize075_then_h264_crf30,-0.39851105213165283,0.40167012812034947
fcg_official,external,1,official,16,faceswap_faces_c23/012_026,ffpp_test:1,1,faceswap,resize075_then_h264_crf30,0.3470146059989929,0.5858934419339522
fcg_official,external,1,official,17,faceswap_faces_c23/026_012,ffpp_test:1,1,faceswap,resize075_then_h264_crf30,-0.011128604412078857,0.4972178776097772
fcg_official,external,1,official,18,neuraltextures_faces_c23/012_026,ffpp_test:1,1,neuraltextures,resize075_then_h264_crf30,0.6606397032737732,0.6594040742747793
fcg_official,external,1,official,19,neuraltextures_faces_c23/026_012,ffpp_test:1,1,neuraltextures,resize075_then_h264_crf30,-0.3613532781600952,0.4106320149784528
fcg_official,external,1,official,20,original_faces_c23/078,ffpp_test:8,0,real,resize075_then_h264_crf30,-1.4191594123840332,0.19479339503390386
fcg_official,external,1,official,21,original_faces_c23/955,ffpp_test:8,0,real,resize075_then_h264_crf30,-0.9687830209732056,0.27512313838847524
fcg_official,external,1,official,22,deepfakes_faces_c23/078_955,ffpp_test:8,1,deepfakes,resize075_then_h264_crf30,0.18432742357254028,0.545951822290016
fcg_official,external,1,official,23,deepfakes_faces_c23/955_078,ffpp_test:8,1,deepfakes,resize075_then_h264_crf30,0.33508408069610596,0.5829958953432328
fcg_official,external,1,official,24,face2face_faces_c23/078_955,ffpp_test:8,1,face2face,resize075_then_h264_crf30,-0.40056079626083374,0.40117761001968744
fcg_official,external,1,official,25,face2face_faces_c23/955_078,ffpp_test:8,1,face2face,resize075_then_h264_crf30,0.2466825246810913,0.5613597894279484
fcg_official,external,1,official,26,faceswap_faces_c23/078_955,ffpp_test:8,1,faceswap,resize075_then_h264_crf30,0.15661633014678955,0.5390742452146584
fcg_official,external,1,official,27,faceswap_faces_c23/955_078,ffpp_test:8,1,faceswap,resize075_then_h264_crf30,0.4536549150943756,0.6115078705369951
fcg_official,external,1,official,28,neuraltextures_faces_c23/078_955,ffpp_test:8,1,neuraltextures,resize075_then_h264_crf30,-0.785111665725708,0.3132192521111933
fcg_official,external,1,official,29,neuraltextures_faces_c23/955_078,ffpp_test:8,1,neuraltextures,resize075_then_h264_crf30,0.005274176597595215,0.5013185410929188
fcg_official,external,1,official,30,original_faces_c23/623,ffpp_test:51,0,real,resize075_then_h264_crf30,-1.2154115438461304,0.22874494148855093
fcg_official,external,1,official,31,original_faces_c23/630,ffpp_test:51,0,real,resize075_then_h264_crf30,0.002721548080444336,0.5006803866001525
fcg_official,external,1,official,32,deepfakes_faces_c23/623_630,ffpp_test:51,1,deepfakes,resize075_then_h264_crf30,1.015343427658081,0.7340645637217431
fcg_official,external,1,official,33,deepfakes_faces_c23/630_623,ffpp_test:51,1,deepfakes,resize075_then_h264_crf30,1.2705210447311401,0.7808319291304042
fcg_official,external,1,official,34,face2face_faces_c23/623_630,ffpp_test:51,1,face2face,resize075_then_h264_crf30,-1.063177466392517,0.256702705141458
fcg_official,external,1,official,35,face2face_faces_c23/630_623,ffpp_test:51,1,face2face,resize075_then_h264_crf30,0.6060651540756226,0.6470426888751081
fcg_official,external,1,official,36,faceswap_faces_c23/623_630,ffpp_test:51,1,faceswap,resize075_then_h264_crf30,0.3759573698043823,0.5928977008560713
fcg_official,external,1,official,37,faceswap_faces_c23/630_623,ffpp_test:51,1,faceswap,resize075_then_h264_crf30,0.6451154351234436,0.6559088945086474
fcg_official,external,1,official,38,neuraltextures_faces_c23/623_630,ffpp_test:51,1,neuraltextures,resize075_then_h264_crf30,-0.32041388750076294,0.4205748836086317
fcg_official,external,1,official,39,neuraltextures_faces_c23/630_623,ffpp_test:51,1,neuraltextures,resize075_then_h264_crf30,0.587631106376648,0.6428214270959336
fcg_official,external,1,official,40,original_faces_c23/919,ffpp_test:2,0,real,resize075_then_h264_crf30,-0.7187495231628418,0.3276684058687999
fcg_official,external,1,official,41,original_faces_c23/015,ffpp_test:2,0,real,resize075_then_h264_crf30,-1.0915582180023193,0.25132496936252186
fcg_official,external,1,official,42,deepfakes_faces_c23/919_015,ffpp_test:2,1,deepfakes,resize075_then_h264_crf30,1.5882803201675415,0.8303740185859918
fcg_official,external,1,official,43,deepfakes_faces_c23/015_919,ffpp_test:2,1,deepfakes,resize075_then_h264_crf30,-0.6157577037811279,0.35074690927990426
fcg_official,external,1,official,44,face2face_faces_c23/919_015,ffpp_test:2,1,face2face,resize075_then_h264_crf30,0.45176953077316284,0.611059873283049
fcg_official,external,1,official,45,face2face_faces_c23/015_919,ffpp_test:2,1,face2face,resize075_then_h264_crf30,-0.9544849395751953,0.27798375948244486
fcg_official,external,1,official,46,faceswap_faces_c23/919_015,ffpp_test:2,1,faceswap,resize075_then_h264_crf30,0.1816481351852417,0.5452875763146998
fcg_official,external,1,official,47,faceswap_faces_c23/015_919,ffpp_test:2,1,faceswap,resize075_then_h264_crf30,0.0721006989479065,0.5180173701220774
fcg_official,external,1,official,48,neuraltextures_faces_c23/919_015,ffpp_test:2,1,neuraltextures,resize075_then_h264_crf30,-0.16077172756195068,0.4598934189831818
fcg_official,external,1,official,49,neuraltextures_faces_c23/015_919,ffpp_test:2,1,neuraltextures,resize075_then_h264_crf30,-0.44984889030456543,0.3893966943354014
fcg_official,external,1,official,50,original_faces_c23/367,ffpp_test:30,0,real,resize075_then_h264_crf30,-0.18400722742080688,0.4541275517985385
fcg_official,external,1,official,51,original_faces_c23/371,ffpp_test:30,0,real,resize075_then_h264_crf30,-0.7860571146011353,0.31301590973614085
fcg_official,external,1,official,52,deepfakes_faces_c23/367_371,ffpp_test:30,1,deepfakes,resize075_then_h264_crf30,0.6730906963348389,0.6621948719942736
fcg_official,external,1,official,53,deepfakes_faces_c23/371_367,ffpp_test:30,1,deepfakes,resize075_then_h264_crf30,0.9525352716445923,0.7216247556950501
fcg_official,external,1,official,54,face2face_faces_c23/367_371,ffpp_test:30,1,face2face,resize075_then_h264_crf30,-0.09244132041931152,0.47690611309080094
fcg_official,external,1,official,55,face2face_faces_c23/371_367,ffpp_test:30,1,face2face,resize075_then_h264_crf30,-0.4010435938835144,0.40106163108605614
fcg_official,external,1,official,56,faceswap_faces_c23/367_371,ffpp_test:30,1,faceswap,resize075_then_h264_crf30,0.4075976014137268,0.6005116890820708
fcg_official,external,1,official,57,faceswap_faces_c23/371_367,ffpp_test:30,1,faceswap,resize075_then_h264_crf30,-0.4363943338394165,0.39260046189054265
fcg_official,external,1,official,58,neuraltextures_faces_c23/367_371,ffpp_test:30,1,neuraltextures,resize075_then_h264_crf30,0.5567103028297424,0.6356910266863446
fcg_official,external,1,official,59,neuraltextures_faces_c23/371_367,ffpp_test:30,1,neuraltextures,resize075_then_h264_crf30,-0.20008939504623413,0.4501438760306479
fcg_official,external,1,official,60,original_faces_c23/847,ffpp_test:65,0,real,resize075_then_h264_crf30,-1.161380648612976,0.23841650463157946
fcg_official,external,1,official,61,original_faces_c23/906,ffpp_test:65,0,real,resize075_then_h264_crf30,-0.6077706813812256,0.35256790319860143
fcg_official,external,1,official,62,deepfakes_faces_c23/847_906,ffpp_test:65,1,deepfakes,resize075_then_h264_crf30,1.204375982284546,0.7693023315136877
fcg_official,external,1,official,63,deepfakes_faces_c23/906_847,ffpp_test:65,1,deepfakes,resize075_then_h264_crf30,1.8860077857971191,0.8682996703687303
fcg_official,external,1,official,64,face2face_faces_c23/847_906,ffpp_test:65,1,face2face,resize075_then_h264_crf30,0.2444130778312683,0.5608008946490263
fcg_official,external,1,official,65,face2face_faces_c23/906_847,ffpp_test:65,1,face2face,resize075_then_h264_crf30,0.35644441843032837,0.5881794563537939
fcg_official,external,1,official,66,faceswap_faces_c23/847_906,ffpp_test:65,1,faceswap,resize075_then_h264_crf30,0.6543838977813721,0.6579976829172557
fcg_official,external,1,official,67,faceswap_faces_c23/906_847,ffpp_test:65,1,faceswap,resize075_then_h264_crf30,1.21646249294281,0.7714404148220781
fcg_official,external,1,official,68,neuraltextures_faces_c23/847_906,ffpp_test:65,1,neuraltextures,resize075_then_h264_crf30,0.10688203573226929,0.5266951005472407
fcg_official,external,1,official,69,neuraltextures_faces_c23/906_847,ffpp_test:65,1,neuraltextures,resize075_then_h264_crf30,0.33593833446502686,0.5832035596773624
fcg_official,external,1,official,70,original_faces_c23/529,ffpp_test:46,0,real,resize075_then_h264_crf30,-1.0759263038635254,0.25427769964850305
fcg_official,external,1,official,71,original_faces_c23/633,ffpp_test:46,0,real,resize075_then_h264_crf30,-0.46774208545684814,0.38515080073902935
fcg_official,external,1,official,72,deepfakes_faces_c23/529_633,ffpp_test:46,1,deepfakes,resize075_then_h264_crf30,1.4566973447799683,0.8110270224833573
fcg_official,external,1,official,73,deepfakes_faces_c23/633_529,ffpp_test:46,1,deepfakes,resize075_then_h264_crf30,0.8239935040473938,0.6950833920043084
fcg_official,external,1,official,74,face2face_faces_c23/529_633,ffpp_test:46,1,face2face,resize075_then_h264_crf30,-0.4829533100128174,0.3815549870110793
fcg_official,external,1,official,75,face2face_faces_c23/633_529,ffpp_test:46,1,face2face,resize075_then_h264_crf30,0.4935164451599121,0.6209344663881855
fcg_official,external,1,official,76,faceswap_faces_c23/529_633,ffpp_test:46,1,faceswap,resize075_then_h264_crf30,1.4508252143859863,0.8101254027921614
fcg_official,external,1,official,77,faceswap_faces_c23/633_529,ffpp_test:46,1,faceswap,resize075_then_h264_crf30,1.219536304473877,0.7719819373330136
fcg_official,external,1,official,78,neuraltextures_faces_c23/529_633,ffpp_test:46,1,neuraltextures,resize075_then_h264_crf30,-0.5701820254325867,0.36119482449351786
fcg_official,external,1,official,79,neuraltextures_faces_c23/633_529,ffpp_test:46,1,neuraltextures,resize075_then_h264_crf30,-0.167649507522583,0.4581855150103554
fcg_official,external,1,official,80,original_faces_c23/418,ffpp_test:36,0,real,resize075_then_h264_crf30,-1.1048383712768555,0.24883442751370208
fcg_official,external,1,official,81,original_faces_c23/507,ffpp_test:36,0,real,resize075_then_h264_crf30,-0.5037409663200378,0.37666193141439064
fcg_official,external,1,official,82,deepfakes_faces_c23/418_507,ffpp_test:36,1,deepfakes,resize075_then_h264_crf30,0.0842752456665039,0.5210563504851854
fcg_official,external,1,official,83,deepfakes_faces_c23/507_418,ffpp_test:36,1,deepfakes,resize075_then_h264_crf30,0.8471312522888184,0.6999650111335344
fcg_official,external,1,official,84,face2face_faces_c23/418_507,ffpp_test:36,1,face2face,resize075_then_h264_crf30,0.37933868169784546,0.5937135911042517
fcg_official,external,1,official,85,face2face_faces_c23/507_418,ffpp_test:36,1,face2face,resize075_then_h264_crf30,0.07230180501937866,0.5180675811736569
fcg_official,external,1,official,86,faceswap_faces_c23/418_507,ffpp_test:36,1,faceswap,resize075_then_h264_crf30,0.11666077375411987,0.5291321608453757
fcg_official,external,1,official,87,faceswap_faces_c23/507_418,ffpp_test:36,1,faceswap,resize075_then_h264_crf30,0.31741082668304443,0.5786931214988128
fcg_official,external,1,official,88,neuraltextures_faces_c23/418_507,ffpp_test:36,1,neuraltextures,resize075_then_h264_crf30,-0.6044720411300659,0.35332122895915247
fcg_official,external,1,official,89,neuraltextures_faces_c23/507_418,ffpp_test:36,1,neuraltextures,resize075_then_h264_crf30,0.09923046827316284,0.5247872810246897
fcg_official,external,1,official,90,original_faces_c23/227,ffpp_test:16,0,real,resize075_then_h264_crf30,-0.8386437892913818,0.30182049450606396
fcg_official,external,1,official,91,original_faces_c23/169,ffpp_test:16,0,real,resize075_then_h264_crf30,-0.5476409196853638,0.36641190664757595
fcg_official,external,1,official,92,deepfakes_faces_c23/227_169,ffpp_test:16,1,deepfakes,resize075_then_h264_crf30,0.7604963779449463,0.6814614931105853
fcg_official,external,1,official,93,deepfakes_faces_c23/169_227,ffpp_test:16,1,deepfakes,resize075_then_h264_crf30,0.48319268226623535,0.618501496244298
fcg_official,external,1,official,94,face2face_faces_c23/227_169,ffpp_test:16,1,face2face,resize075_then_h264_crf30,-1.0962791442871094,0.2504377196886827
fcg_official,external,1,official,95,face2face_faces_c23/169_227,ffpp_test:16,1,face2face,resize075_then_h264_crf30,-0.1090502142906189,0.47276443141265473
fcg_official,external,1,official,96,faceswap_faces_c23/227_169,ffpp_test:16,1,faceswap,resize075_then_h264_crf30,0.6586383581161499,0.6589544481923684
fcg_official,external,1,official,97,faceswap_faces_c23/169_227,ffpp_test:16,1,faceswap,resize075_then_h264_crf30,0.5465550422668457,0.6333359657769592
fcg_official,external,1,official,98,neuraltextures_faces_c23/227_169,ffpp_test:16,1,neuraltextures,resize075_then_h264_crf30,-0.9974215030670166,0.2694486865762046
fcg_official,external,1,official,99,neuraltextures_faces_c23/169_227,ffpp_test:16,1,neuraltextures,resize075_then_h264_crf30,0.006177067756652832,0.5015442620289065
fcg_official,external,1,official,100,original_faces_c23/389,ffpp_test:33,0,real,resize075_then_h264_crf30,-0.5498512983322144,0.3658989096007778
fcg_official,external,1,official,101,original_faces_c23/480,ffpp_test:33,0,real,resize075_then_h264_crf30,-0.2868715524673462,0.4287699347429998
fcg_official,external,1,official,102,deepfakes_faces_c23/389_480,ffpp_test:33,1,deepfakes,resize075_then_h264_crf30,1.0691401958465576,0.7444333704677313
fcg_official,external,1,official,103,deepfakes_faces_c23/480_389,ffpp_test:33,1,deepfakes,resize075_then_h264_crf30,0.7973513603210449,0.6894076265226131
fcg_official,external,1,official,104,face2face_faces_c23/389_480,ffpp_test:33,1,face2face,resize075_then_h264_crf30,-0.2541249990463257,0.43680845803264995
fcg_official,external,1,official,105,face2face_faces_c23/480_389,ffpp_test:33,1,face2face,resize075_then_h264_crf30,0.17277103662490845,0.5430856375206907
fcg_official,external,1,official,106,faceswap_faces_c23/389_480,ffpp_test:33,1,faceswap,resize075_then_h264_crf30,0.9098224639892578,0.712963832019418
fcg_official,external,1,official,107,faceswap_faces_c23/480_389,ffpp_test:33,1,faceswap,resize075_then_h264_crf30,0.9362195730209351,0.7183353966634247
fcg_official,external,1,official,108,neuraltextures_faces_c23/389_480,ffpp_test:33,1,neuraltextures,resize075_then_h264_crf30,-0.1360812783241272,0.4660320827291496
fcg_official,external,1,official,109,neuraltextures_faces_c23/480_389,ffpp_test:33,1,neuraltextures,resize075_then_h264_crf30,0.7180076241493225,0.6721681315354042
fcg_official,external,1,official,110,original_faces_c23/821,ffpp_test:64,0,real,resize075_then_h264_crf30,-0.28975802659988403,0.4280631071948874
fcg_official,external,1,official,111,original_faces_c23/812,ffpp_test:64,0,real,resize075_then_h264_crf30,-0.5329093337059021,0.3698385881356245
fcg_official,external,1,official,112,deepfakes_faces_c23/821_812,ffpp_test:64,1,deepfakes,resize075_then_h264_crf30,0.7943430542945862,0.6887631069850688
fcg_official,external,1,official,113,deepfakes_faces_c23/812_821,ffpp_test:64,1,deepfakes,resize075_then_h264_crf30,0.5235586762428284,0.6279795266097401
fcg_official,external,1,official,114,face2face_faces_c23/821_812,ffpp_test:64,1,face2face,resize075_then_h264_crf30,0.17367559671401978,0.543310089579804
fcg_official,external,1,official,115,face2face_faces_c23/812_821,ffpp_test:64,1,face2face,resize075_then_h264_crf30,0.15377509593963623,0.538368196739826
fcg_official,external,1,official,116,faceswap_faces_c23/821_812,ffpp_test:64,1,faceswap,resize075_then_h264_crf30,0.5523799657821655,0.6346875847848703
fcg_official,external,1,official,117,faceswap_faces_c23/812_821,ffpp_test:64,1,faceswap,resize075_then_h264_crf30,0.09115523099899292,0.5227730409759614
fcg_official,external,1,official,118,neuraltextures_faces_c23/821_812,ffpp_test:64,1,neuraltextures,resize075_then_h264_crf30,0.25000911951065063,0.5621787455069144
fcg_official,external,1,official,119,neuraltextures_faces_c23/812_821,ffpp_test:64,1,neuraltextures,resize075_then_h264_crf30,-0.11150985956192017,0.4721513859780266
fcg_official,external,1,official,120,original_faces_c23/670,ffpp_test:54,0,real,resize075_then_h264_crf30,-0.2517758011817932,0.4373864622886378
fcg_official,external,1,official,121,original_faces_c23/661,ffpp_test:54,0,real,resize075_then_h264_crf30,-1.1564576625823975,0.23931154206246383
fcg_official,external,1,official,122,deepfakes_faces_c23/670_661,ffpp_test:54,1,deepfakes,resize075_then_h264_crf30,2.3355116844177246,0.9117757082729828
fcg_official,external,1,official,123,deepfakes_faces_c23/661_670,ffpp_test:54,1,deepfakes,resize075_then_h264_crf30,1.0256685018539429,0.7360752832471238
fcg_official,external,1,official,124,face2face_faces_c23/670_661,ffpp_test:54,1,face2face,resize075_then_h264_crf30,0.8031573295593262,0.6906494591148131
fcg_official,external,1,official,125,face2face_faces_c23/661_670,ffpp_test:54,1,face2face,resize075_then_h264_crf30,-0.6016079187393188,0.3539759135213758
fcg_official,external,1,official,126,faceswap_faces_c23/670_661,ffpp_test:54,1,faceswap,resize075_then_h264_crf30,1.733919382095337,0.8499130659173134
fcg_official,external,1,official,127,faceswap_faces_c23/661_670,ffpp_test:54,1,faceswap,resize075_then_h264_crf30,-0.17517220973968506,0.4563185885942166
fcg_official,external,1,official,128,neuraltextures_faces_c23/670_661,ffpp_test:54,1,neuraltextures,resize075_then_h264_crf30,0.523159384727478,0.627886238864625
fcg_official,external,1,official,129,neuraltextures_faces_c23/661_670,ffpp_test:54,1,neuraltextures,resize075_then_h264_crf30,-0.761045515537262,0.3184193165241512
fcg_official,external,1,official,130,original_faces_c23/158,ffpp_test:15,0,real,resize075_then_h264_crf30,-1.4488154649734497,0.19018393405094516
fcg_official,external,1,official,131,original_faces_c23/379,ffpp_test:15,0,real,resize075_then_h264_crf30,-1.3265964984893799,0.20972290155692266
fcg_official,external,1,official,132,deepfakes_faces_c23/158_379,ffpp_test:15,1,deepfakes,resize075_then_h264_crf30,-0.6269686222076416,0.3481982108706208
fcg_official,external,1,official,133,deepfakes_faces_c23/379_158,ffpp_test:15,1,deepfakes,resize075_then_h264_crf30,-0.028199613094329834,0.49295056387353925
fcg_official,external,1,official,134,face2face_faces_c23/158_379,ffpp_test:15,1,face2face,resize075_then_h264_crf30,-0.27873897552490234,0.4307629600854469
fcg_official,external,1,official,135,face2face_faces_c23/379_158,ffpp_test:15,1,face2face,resize075_then_h264_crf30,-0.5005636811256409,0.37740821078794246
fcg_official,external,1,official,136,faceswap_faces_c23/158_379,ffpp_test:15,1,faceswap,resize075_then_h264_crf30,-0.8636318445205688,0.2965811081697247
fcg_official,external,1,official,137,faceswap_faces_c23/379_158,ffpp_test:15,1,faceswap,resize075_then_h264_crf30,-0.40428441762924194,0.4002833991426861
fcg_official,external,1,official,138,neuraltextures_faces_c23/158_379,ffpp_test:15,1,neuraltextures,resize075_then_h264_crf30,-0.07891887426376343,0.4802805150945998
fcg_official,external,1,official,139,neuraltextures_faces_c23/379_158,ffpp_test:15,1,neuraltextures,resize075_then_h264_crf30,-0.5202193260192871,0.37280094935838404
fcg_official,external,1,official,140,original_faces_c23/423,ffpp_test:37,0,real,resize075_then_h264_crf30,-0.559354305267334,0.36369687417963076
fcg_official,external,1,official,141,original_faces_c23/421,ffpp_test:37,0,real,resize075_then_h264_crf30,-0.8829089403152466,0.2925753378772814
fcg_official,external,1,official,142,deepfakes_faces_c23/423_421,ffpp_test:37,1,deepfakes,resize075_then_h264_crf30,0.38395756483078003,0.5948272637249165
fcg_official,external,1,official,143,deepfakes_faces_c23/421_423,ffpp_test:37,1,deepfakes,resize075_then_h264_crf30,0.6071212291717529,0.6472838361964354
fcg_official,external,1,official,144,face2face_faces_c23/423_421,ffpp_test:37,1,face2face,resize075_then_h264_crf30,0.6741689443588257,0.6624360261412705
fcg_official,external,1,official,145,face2face_faces_c23/421_423,ffpp_test:37,1,face2face,resize075_then_h264_crf30,0.34474676847457886,0.5853431069748493
fcg_official,external,1,official,146,faceswap_faces_c23/423_421,ffpp_test:37,1,faceswap,resize075_then_h264_crf30,0.6168494820594788,0.6495016737755249
fcg_official,external,1,official,147,faceswap_faces_c23/421_423,ffpp_test:37,1,faceswap,resize075_then_h264_crf30,0.036939799785614014,0.5092338999613503
fcg_official,external,1,official,148,neuraltextures_faces_c23/423_421,ffpp_test:37,1,neuraltextures,resize075_then_h264_crf30,-0.6162823438644409,0.35062744575329985
fcg_official,external,1,official,149,neuraltextures_faces_c23/421_423,ffpp_test:37,1,neuraltextures,resize075_then_h264_crf30,-0.3031168580055237,0.42479571870897004
fcg_official,external,1,official,150,original_faces_c23/352,ffpp_test:28,0,real,resize075_then_h264_crf30,-1.078574776649475,0.25377582168916385
fcg_official,external,1,official,151,original_faces_c23/319,ffpp_test:28,0,real,resize075_then_h264_crf30,-0.6827266812324524,0.3356530075540335
fcg_official,external,1,official,152,deepfakes_faces_c23/352_319,ffpp_test:28,1,deepfakes,resize075_then_h264_crf30,0.7339324951171875,0.6756676376480567
fcg_official,external,1,official,153,deepfakes_faces_c23/319_352,ffpp_test:28,1,deepfakes,resize075_then_h264_crf30,0.9798910617828369,0.7270866000828837
fcg_official,external,1,official,154,face2face_faces_c23/352_319,ffpp_test:28,1,face2face,resize075_then_h264_crf30,-0.15929323434829712,0.46026068578534424
fcg_official,external,1,official,155,face2face_faces_c23/319_352,ffpp_test:28,1,face2face,resize075_then_h264_crf30,-0.32634663581848145,0.4191298075485523
fcg_official,external,1,official,156,faceswap_faces_c23/352_319,ffpp_test:28,1,faceswap,resize075_then_h264_crf30,0.39919042587280273,0.5984931356980195
fcg_official,external,1,official,157,faceswap_faces_c23/319_352,ffpp_test:28,1,faceswap,resize075_then_h264_crf30,-0.005625367164611816,0.49859366191744714
fcg_official,external,1,official,158,neuraltextures_faces_c23/352_319,ffpp_test:28,1,neuraltextures,resize075_then_h264_crf30,-0.215917706489563,0.4462293124042684
fcg_official,external,1,official,159,neuraltextures_faces_c23/319_352,ffpp_test:28,1,neuraltextures,resize075_then_h264_crf30,-0.07832890748977661,0.48042777908372103
fcg_official,external,1,official,160,original_faces_c23/579,ffpp_test:48,0,real,resize075_then_h264_crf30,-0.7411240339279175,0.32275839740655976
fcg_official,external,1,official,161,original_faces_c23/701,ffpp_test:48,0,real,resize075_then_h264_crf30,-1.0719914436340332,0.2550245511680958
fcg_official,external,1,official,162,deepfakes_faces_c23/579_701,ffpp_test:48,1,deepfakes,resize075_then_h264_crf30,-0.2030434012413025,0.4494128252547753
fcg_official,external,1,official,163,deepfakes_faces_c23/701_579,ffpp_test:48,1,deepfakes,resize075_then_h264_crf30,-0.32910627126693726,0.4184580970026734
fcg_official,external,1,official,164,face2face_faces_c23/579_701,ffpp_test:48,1,face2face,resize075_then_h264_crf30,0.07013297080993652,0.5175260596025189
fcg_official,external,1,official,165,face2face_faces_c23/701_579,ffpp_test:48,1,face2face,resize075_then_h264_crf30,-0.5142277479171753,0.37420296687154114
fcg_official,external,1,official,166,faceswap_faces_c23/579_701,ffpp_test:48,1,faceswap,resize075_then_h264_crf30,0.4159126281738281,0.6025047651742913
fcg_official,external,1,official,167,faceswap_faces_c23/701_579,ffpp_test:48,1,faceswap,resize075_then_h264_crf30,-0.13069218397140503,0.4673733805625306
fcg_official,external,1,official,168,neuraltextures_faces_c23/579_701,ffpp_test:48,1,neuraltextures,resize075_then_h264_crf30,-0.5130149126052856,0.3744870260142077
fcg_official,external,1,official,169,neuraltextures_faces_c23/701_579,ffpp_test:48,1,neuraltextures,resize075_then_h264_crf30,-0.8424334526062012,0.30102251840703503
fcg_official,external,1,official,170,original_faces_c23/488,ffpp_test:34,0,real,resize075_then_h264_crf30,-0.4978991150856018,0.3780345114226518
fcg_official,external,1,official,171,original_faces_c23/399,ffpp_test:34,0,real,resize075_then_h264_crf30,-1.186814308166504,0.2338291783062345
fcg_official,external,1,official,172,deepfakes_faces_c23/488_399,ffpp_test:34,1,deepfakes,resize075_then_h264_crf30,1.3141964673995972,0.7882145294591388
fcg_official,external,1,official,173,deepfakes_faces_c23/399_488,ffpp_test:34,1,deepfakes,resize075_then_h264_crf30,0.709649920463562,0.6703238004145616
fcg_official,external,1,official,174,face2face_faces_c23/488_399,ffpp_test:34,1,face2face,resize075_then_h264_crf30,0.6963618993759155,0.6673806654599819
fcg_official,external,1,official,175,face2face_faces_c23/399_488,ffpp_test:34,1,face2face,resize075_then_h264_crf30,-0.44980162382125854,0.38940793279977676
fcg_official,external,1,official,176,faceswap_faces_c23/488_399,ffpp_test:34,1,faceswap,resize075_then_h264_crf30,1.1414463520050049,0.7579450919933145
fcg_official,external,1,official,177,faceswap_faces_c23/399_488,ffpp_test:34,1,faceswap,resize075_then_h264_crf30,0.4465947151184082,0.6098292925882676
fcg_official,external,1,official,178,neuraltextures_faces_c23/488_399,ffpp_test:34,1,neuraltextures,resize075_then_h264_crf30,0.3772534132003784,0.5932104891694986
fcg_official,external,1,official,179,neuraltextures_faces_c23/399_488,ffpp_test:34,1,neuraltextures,resize075_then_h264_crf30,-0.9951400756835938,0.26989801278497527
fcg_official,external,1,official,180,original_faces_c23/695,ffpp_test:38,0,real,resize075_then_h264_crf30,-1.0599429607391357,0.2573203551250624
fcg_official,external,1,official,181,original_faces_c23/422,ffpp_test:38,0,real,resize075_then_h264_crf30,-1.1470873355865479,0.24102149515827134
fcg_official,external,1,official,182,deepfakes_faces_c23/695_422,ffpp_test:38,1,deepfakes,resize075_then_h264_crf30,0.4358351230621338,0.6072661777157469
fcg_official,external,1,official,183,deepfakes_faces_c23/422_695,ffpp_test:38,1,deepfakes,resize075_then_h264_crf30,0.45260682702064514,0.6112588513710208
fcg_official,external,1,official,184,face2face_faces_c23/695_422,ffpp_test:38,1,face2face,resize075_then_h264_crf30,-0.1199604868888855,0.4700457910482337
fcg_official,external,1,official,185,face2face_faces_c23/422_695,ffpp_test:38,1,face2face,resize075_then_h264_crf30,-0.3630014657974243,0.41023319038030726
fcg_official,external,1,official,186,faceswap_faces_c23/695_422,ffpp_test:38,1,faceswap,resize075_then_h264_crf30,0.5487005710601807,0.6338340610507919
fcg_official,external,1,official,187,faceswap_faces_c23/422_695,ffpp_test:38,1,faceswap,resize075_then_h264_crf30,0.14946997165679932,0.5372980782130916
fcg_official,external,1,official,188,neuraltextures_faces_c23/695_422,ffpp_test:38,1,neuraltextures,resize075_then_h264_crf30,-0.4328364133834839,0.39344922603251836
fcg_official,external,1,official,189,neuraltextures_faces_c23/422_695,ffpp_test:38,1,neuraltextures,resize075_then_h264_crf30,-0.9579171538352966,0.27729540911863787
fcg_official,external,1,official,190,original_faces_c23/288,ffpp_test:25,0,real,resize075_then_h264_crf30,-0.4132329225540161,0.39813718090300637
fcg_official,external,1,official,191,original_faces_c23/321,ffpp_test:25,0,real,resize075_then_h264_crf30,-0.973358690738678,0.27421155033027433
fcg_official,external,1,official,192,deepfakes_faces_c23/288_321,ffpp_test:25,1,deepfakes,resize075_then_h264_crf30,1.6111007928848267,0.8335641609520551
fcg_official,external,1,official,193,deepfakes_faces_c23/321_288,ffpp_test:25,1,deepfakes,resize075_then_h264_crf30,0.5267775058746338,0.6287312032842284
fcg_official,external,1,official,194,face2face_faces_c23/288_321,ffpp_test:25,1,face2face,resize075_then_h264_crf30,-0.1577027440071106,0.4606558215387247
fcg_official,external,1,official,195,face2face_faces_c23/321_288,ffpp_test:25,1,face2face,resize075_then_h264_crf30,0.7770048379898071,0.6850342292291842
fcg_official,external,1,official,196,faceswap_faces_c23/288_321,ffpp_test:25,1,faceswap,resize075_then_h264_crf30,1.820034146308899,0.8605702242741248
fcg_official,external,1,official,197,faceswap_faces_c23/321_288,ffpp_test:25,1,faceswap,resize075_then_h264_crf30,1.0005240440368652,0.7311615994645745
fcg_official,external,1,official,198,neuraltextures_faces_c23/288_321,ffpp_test:25,1,neuraltextures,resize075_then_h264_crf30,0.31527799367904663,0.578173033951228
fcg_official,external,1,official,199,neuraltextures_faces_c23/321_288,ffpp_test:25,1,neuraltextures,resize075_then_h264_crf30,-0.08696675300598145,0.4782720044830903
fcg_official,external,1,official,200,original_faces_c23/705,ffpp_test:57,0,real,resize075_then_h264_crf30,-0.6920884847640991,0.33356864056356106
fcg_official,external,1,official,201,original_faces_c23/707,ffpp_test:57,0,real,resize075_then_h264_crf30,-0.6348934173583984,0.34640179982476166
fcg_official,external,1,official,202,deepfakes_faces_c23/705_707,ffpp_test:57,1,deepfakes,resize075_then_h264_crf30,0.5474357604980469,0.6335404634758304
fcg_official,external,1,official,203,deepfakes_faces_c23/707_705,ffpp_test:57,1,deepfakes,resize075_then_h264_crf30,0.4152117967605591,0.6023369090639696
fcg_official,external,1,official,204,face2face_faces_c23/705_707,ffpp_test:57,1,face2face,resize075_then_h264_crf30,-0.007422029972076416,0.49814450102472285
fcg_official,external,1,official,205,face2face_faces_c23/707_705,ffpp_test:57,1,face2face,resize075_then_h264_crf30,0.09591013193130493,0.5239591695902384
fcg_official,external,1,official,206,faceswap_faces_c23/705_707,ffpp_test:57,1,faceswap,resize075_then_h264_crf30,-0.09456229209899902,0.4763770274573807
fcg_official,external,1,official,207,faceswap_faces_c23/707_705,ffpp_test:57,1,faceswap,resize075_then_h264_crf30,0.12092065811157227,0.5301933833420488
fcg_official,external,1,official,208,neuraltextures_faces_c23/705_707,ffpp_test:57,1,neuraltextures,resize075_then_h264_crf30,0.029819011688232422,0.507454200590467
fcg_official,external,1,official,209,neuraltextures_faces_c23/707_705,ffpp_test:57,1,neuraltextures,resize075_then_h264_crf30,-0.42885470390319824,0.39439985083701834
fcg_official,external,1,official,210,original_faces_c23/306,ffpp_test:24,0,real,resize075_then_h264_crf30,-0.5374011397361755,0.36879235022736434
fcg_official,external,1,official,211,original_faces_c23/278,ffpp_test:24,0,real,resize075_then_h264_crf30,-0.4309987425804138,0.3938878662973621
fcg_official,external,1,official,212,deepfakes_faces_c23/306_278,ffpp_test:24,1,deepfakes,resize075_then_h264_crf30,1.2179653644561768,0.7717052931750594
fcg_official,external,1,official,213,deepfakes_faces_c23/278_306,ffpp_test:24,1,deepfakes,resize075_then_h264_crf30,0.189389169216156,0.547206276010959
fcg_official,external,1,official,214,face2face_faces_c23/306_278,ffpp_test:24,1,face2face,resize075_then_h264_crf30,-0.08574855327606201,0.4785759873049654
fcg_official,external,1,official,215,face2face_faces_c23/278_306,ffpp_test:24,1,face2face,resize075_then_h264_crf30,0.07754921913146973,0.5193775945431657
fcg_official,external,1,official,216,faceswap_faces_c23/306_278,ffpp_test:24,1,faceswap,resize075_then_h264_crf30,0.697410523891449,0.6676134021521575
fcg_official,external,1,official,217,faceswap_faces_c23/278_306,ffpp_test:24,1,faceswap,resize075_then_h264_crf30,0.2675354480743408,0.5664877613041779
fcg_official,external,1,official,218,neuraltextures_faces_c23/306_278,ffpp_test:24,1,neuraltextures,resize075_then_h264_crf30,0.00016433000564575195,0.500041082501319
fcg_official,external,1,official,219,neuraltextures_faces_c23/278_306,ffpp_test:24,1,neuraltextures,resize075_then_h264_crf30,-0.30775272846221924,0.4236633669208656
fcg_official,external,1,official,220,original_faces_c23/865,ffpp_test:61,0,real,resize075_then_h264_crf30,-1.0297749042510986,0.2631277459997999
fcg_official,external,1,official,221,original_faces_c23/739,ffpp_test:61,0,real,resize075_then_h264_crf30,-0.8673588037490845,0.29580417704083173
fcg_official,external,1,official,222,deepfakes_faces_c23/865_739,ffpp_test:61,1,deepfakes,resize075_then_h264_crf30,2.409943103790283,0.9175823792009254
fcg_official,external,1,official,223,deepfakes_faces_c23/739_865,ffpp_test:61,1,deepfakes,resize075_then_h264_crf30,2.492163896560669,0.9235906509488241
fcg_official,external,1,official,224,face2face_faces_c23/865_739,ffpp_test:61,1,face2face,resize075_then_h264_crf30,-0.7655335664749146,0.3174460765305467
fcg_official,external,1,official,225,face2face_faces_c23/739_865,ffpp_test:61,1,face2face,resize075_then_h264_crf30,0.13905680179595947,0.5347082895446806
fcg_official,external,1,official,226,faceswap_faces_c23/865_739,ffpp_test:61,1,faceswap,resize075_then_h264_crf30,1.922827959060669,0.8724534561034585
fcg_official,external,1,official,227,faceswap_faces_c23/739_865,ffpp_test:61,1,faceswap,resize075_then_h264_crf30,1.0166443586349487,0.734318446031832
fcg_official,external,1,official,228,neuraltextures_faces_c23/865_739,ffpp_test:61,1,neuraltextures,resize075_then_h264_crf30,-0.7883810997009277,0.31251638436115997
fcg_official,external,1,official,229,neuraltextures_faces_c23/739_865,ffpp_test:61,1,neuraltextures,resize075_then_h264_crf30,-0.33172130584716797,0.41782186196690835
fcg_official,external,1,official,230,original_faces_c23/995,ffpp_test:21,0,real,resize075_then_h264_crf30,-0.12480151653289795,0.4688400544711836
fcg_official,external,1,official,231,original_faces_c23/233,ffpp_test:21,0,real,resize075_then_h264_crf30,-0.8360855579376221,0.30235985066381127
fcg_official,external,1,official,232,deepfakes_faces_c23/995_233,ffpp_test:21,1,deepfakes,resize075_then_h264_crf30,-0.08331763744354248,0.4791826317964097
fcg_official,external,1,official,233,deepfakes_faces_c23/233_995,ffpp_test:21,1,deepfakes,resize075_then_h264_crf30,1.0371713638305664,0.7383038501976223
fcg_official,external,1,official,234,face2face_faces_c23/995_233,ffpp_test:21,1,face2face,resize075_then_h264_crf30,0.12989479303359985,0.5324281153689201
fcg_official,external,1,official,235,face2face_faces_c23/233_995,ffpp_test:21,1,face2face,resize075_then_h264_crf30,-1.0021575689315796,0.26851742910639576
fcg_official,external,1,official,236,faceswap_faces_c23/995_233,ffpp_test:21,1,faceswap,resize075_then_h264_crf30,-0.12029761075973511,0.46996181341530163
fcg_official,external,1,official,237,faceswap_faces_c23/233_995,ffpp_test:21,1,faceswap,resize075_then_h264_crf30,0.7676140069961548,0.6830045296748145
fcg_official,external,1,official,238,neuraltextures_faces_c23/995_233,ffpp_test:21,1,neuraltextures,resize075_then_h264_crf30,-0.036917805671691895,0.4907715966929202
fcg_official,external,1,official,239,neuraltextures_faces_c23/233_995,ffpp_test:21,1,neuraltextures,resize075_then_h264_crf30,-0.7161810398101807,0.3282344976887839
fcg_official,external,1,official,240,original_faces_c23/755,ffpp_test:62,0,real,resize075_then_h264_crf30,-0.5006110072135925,0.3773970905822657
fcg_official,external,1,official,241,original_faces_c23/759,ffpp_test:62,0,real,resize075_then_h264_crf30,-0.06818854808807373,0.4829594652164631
fcg_official,external,1,official,242,deepfakes_faces_c23/755_759,ffpp_test:62,1,deepfakes,resize075_then_h264_crf30,0.8876591920852661,0.708406875886944
fcg_official,external,1,official,243,deepfakes_faces_c23/759_755,ffpp_test:62,1,deepfakes,resize075_then_h264_crf30,0.930757999420166,0.7172290418353388
fcg_official,external,1,official,244,face2face_faces_c23/755_759,ffpp_test:62,1,face2face,resize075_then_h264_crf30,0.5087653398513794,0.6245169967378846
fcg_official,external,1,official,245,face2face_faces_c23/759_755,ffpp_test:62,1,face2face,resize075_then_h264_crf30,0.611248791217804,0.6482256155844359
fcg_official,external,1,official,246,faceswap_faces_c23/755_759,ffpp_test:62,1,faceswap,resize075_then_h264_crf30,-0.21194332838058472,0.4472116244963961
fcg_official,external,1,official,247,faceswap_faces_c23/759_755,ffpp_test:62,1,faceswap,resize075_then_h264_crf30,0.9970002174377441,0.7304683769398841
fcg_official,external,1,official,248,neuraltextures_faces_c23/755_759,ffpp_test:62,1,neuraltextures,resize075_then_h264_crf30,0.23357319831848145,0.5581292624383273
fcg_official,external,1,official,249,neuraltextures_faces_c23/759_755,ffpp_test:62,1,neuraltextures,resize075_then_h264_crf30,0.9076617360115051,0.7125214434078238
fcg_official,external,1,official,250,original_faces_c23/467,ffpp_test:43,0,real,resize075_then_h264_crf30,-0.8600343465805054,0.2973321697202063
fcg_official,external,1,official,251,original_faces_c23/462,ffpp_test:43,0,real,resize075_then_h264_crf30,-1.1467969417572021,0.24107462093538612
fcg_official,external,1,official,252,deepfakes_faces_c23/467_462,ffpp_test:43,1,deepfakes,resize075_then_h264_crf30,0.058180391788482666,0.5145409964566614
fcg_official,external,1,official,253,deepfakes_faces_c23/462_467,ffpp_test:43,1,deepfakes,resize075_then_h264_crf30,1.9490846395492554,0.8753467967679
fcg_official,external,1,official,254,face2face_faces_c23/467_462,ffpp_test:43,1,face2face,resize075_then_h264_crf30,0.12904328107833862,0.5322161269745058
fcg_official,external,1,official,255,face2face_faces_c23/462_467,ffpp_test:43,1,face2face,resize075_then_h264_crf30,-1.24225914478302,0.2240429937025005
fcg_official,external,1,official,256,faceswap_faces_c23/467_462,ffpp_test:43,1,faceswap,resize075_then_h264_crf30,0.6659943461418152,0.6606056468674733
fcg_official,external,1,official,257,faceswap_faces_c23/462_467,ffpp_test:43,1,faceswap,resize075_then_h264_crf30,1.0868815183639526,0.7477940364520581
fcg_official,external,1,official,258,neuraltextures_faces_c23/467_462,ffpp_test:43,1,neuraltextures,resize075_then_h264_crf30,-0.10148608684539795,0.474650231892786
fcg_official,external,1,official,259,neuraltextures_faces_c23/462_467,ffpp_test:43,1,neuraltextures,resize075_then_h264_crf30,-0.8938654661178589,0.29031277549954876
fcg_official,external,1,official,260,original_faces_c23/314,ffpp_test:27,0,real,resize075_then_h264_crf30,-0.6820662021636963,0.3358003038085381
fcg_official,external,1,official,261,original_faces_c23/347,ffpp_test:27,0,real,resize075_then_h264_crf30,-0.6162306070327759,0.3506392256917855
fcg_official,external,1,official,262,deepfakes_faces_c23/314_347,ffpp_test:27,1,deepfakes,resize075_then_h264_crf30,0.5607698559761047,0.6366306513803344
fcg_official,external,1,official,263,deepfakes_faces_c23/347_314,ffpp_test:27,1,deepfakes,resize075_then_h264_crf30,0.7552697658538818,0.6803258689266146
fcg_official,external,1,official,264,face2face_faces_c23/314_347,ffpp_test:27,1,face2face,resize075_then_h264_crf30,0.3207123875617981,0.5794978566389364
fcg_official,external,1,official,265,face2face_faces_c23/347_314,ffpp_test:27,1,face2face,resize075_then_h264_crf30,-0.1219402551651001,0.4695526547406728
fcg_official,external,1,official,266,faceswap_faces_c23/314_347,ffpp_test:27,1,faceswap,resize075_then_h264_crf30,0.2467188835144043,0.561368742224431
fcg_official,external,1,official,267,faceswap_faces_c23/347_314,ffpp_test:27,1,faceswap,resize075_then_h264_crf30,0.010184824466705322,0.5025461841069367
fcg_official,external,1,official,268,neuraltextures_faces_c23/314_347,ffpp_test:27,1,neuraltextures,resize075_then_h264_crf30,-0.5780675411224365,0.3593773735392118
fcg_official,external,1,official,269,neuraltextures_faces_c23/347_314,ffpp_test:27,1,neuraltextures,resize075_then_h264_crf30,-0.9049743413925171,0.2880293423292047
fcg_official,external,1,official,270,original_faces_c23/741,ffpp_test:60,0,real,resize075_then_h264_crf30,-0.07266759872436523,0.4818410904134836
fcg_official,external,1,official,271,original_faces_c23/731,ffpp_test:60,0,real,resize075_then_h264_crf30,-0.42463958263397217,0.39540707352790105
fcg_official,external,1,official,272,deepfakes_faces_c23/741_731,ffpp_test:60,1,deepfakes,resize075_then_h264_crf30,0.3961235284805298,0.5977559409026746
fcg_official,external,1,official,273,deepfakes_faces_c23/731_741,ffpp_test:60,1,deepfakes,resize075_then_h264_crf30,0.7769596576690674,0.6850244809362368
fcg_official,external,1,official,274,face2face_faces_c23/741_731,ffpp_test:60,1,face2face,resize075_then_h264_crf30,0.19322633743286133,0.5481568438441005
fcg_official,external,1,official,275,face2face_faces_c23/731_741,ffpp_test:60,1,face2face,resize075_then_h264_crf30,0.8860065937042236,0.7080653867655093
fcg_official,external,1,official,276,faceswap_faces_c23/741_731,ffpp_test:60,1,faceswap,resize075_then_h264_crf30,0.3546902537345886,0.587754489266366
fcg_official,external,1,official,277,faceswap_faces_c23/731_741,ffpp_test:60,1,faceswap,resize075_then_h264_crf30,0.278478741645813,0.5691732277961483
fcg_official,external,1,official,278,neuraltextures_faces_c23/741_731,ffpp_test:60,1,neuraltextures,resize075_then_h264_crf30,0.3059735894203186,0.5759021569696637
fcg_official,external,1,official,279,neuraltextures_faces_c23/731_741,ffpp_test:60,1,neuraltextures,resize075_then_h264_crf30,0.22649919986724854,0.5563839555420946
fcg_official,external,1,official,280,original_faces_c23/970,ffpp_test:69,0,real,resize075_then_h264_crf30,-1.1876310110092163,0.2336828952728439
fcg_official,external,1,official,281,original_faces_c23/973,ffpp_test:69,0,real,resize075_then_h264_crf30,-0.7676912546157837,0.31697874573031765
fcg_official,external,1,official,282,deepfakes_faces_c23/970_973,ffpp_test:69,1,deepfakes,resize075_then_h264_crf30,0.4443592429161072,0.6092972594585283
fcg_official,external,1,official,283,deepfakes_faces_c23/973_970,ffpp_test:69,1,deepfakes,resize075_then_h264_crf30,1.0950782299041748,0.7493367787062848
fcg_official,external,1,official,284,face2face_faces_c23/970_973,ffpp_test:69,1,face2face,resize075_then_h264_crf30,0.2601579427719116,0.5646751172383199
fcg_official,external,1,official,285,face2face_faces_c23/973_970,ffpp_test:69,1,face2face,resize075_then_h264_crf30,0.34733521938323975,0.5859712277532038
fcg_official,external,1,official,286,faceswap_faces_c23/970_973,ffpp_test:69,1,faceswap,resize075_then_h264_crf30,0.47955238819122314,0.6176421721894096
fcg_official,external,1,official,287,faceswap_faces_c23/973_970,ffpp_test:69,1,faceswap,resize075_then_h264_crf30,0.5371311902999878,0.6311448074884406
fcg_official,external,1,official,288,neuraltextures_faces_c23/970_973,ffpp_test:69,1,neuraltextures,resize075_then_h264_crf30,-0.24895942211151123,0.4380796373472034
fcg_official,external,1,official,289,neuraltextures_faces_c23/973_970,ffpp_test:69,1,neuraltextures,resize075_then_h264_crf30,0.1766400933265686,0.5440455580699894
fcg_official,external,1,official,290,original_faces_c23/634,ffpp_test:53,0,real,resize075_then_h264_crf30,-1.3126193284988403,0.21204886577190477
fcg_official,external,1,official,291,original_faces_c23/660,ffpp_test:53,0,real,resize075_then_h264_crf30,-1.112594485282898,0.24738751277426724
fcg_official,external,1,official,292,deepfakes_faces_c23/634_660,ffpp_test:53,1,deepfakes,resize075_then_h264_crf30,-0.4380396604537964,0.3922081779292698
fcg_official,external,1,official,293,deepfakes_faces_c23/660_634,ffpp_test:53,1,deepfakes,resize075_then_h264_crf30,1.0862969160079956,0.7476837655786025
fcg_official,external,1,official,294,face2face_faces_c23/634_660,ffpp_test:53,1,face2face,resize075_then_h264_crf30,-0.39652764797210693,0.402146894920609
fcg_official,external,1,official,295,face2face_faces_c23/660_634,ffpp_test:53,1,face2face,resize075_then_h264_crf30,0.34946227073669434,0.5864871749010906
fcg_official,external,1,official,296,faceswap_faces_c23/634_660,ffpp_test:53,1,faceswap,resize075_then_h264_crf30,0.12667906284332275,0.531627481627277
fcg_official,external,1,official,297,faceswap_faces_c23/660_634,ffpp_test:53,1,faceswap,resize075_then_h264_crf30,0.2735103368759155,0.5679544837481385
fcg_official,external,1,official,298,neuraltextures_faces_c23/634_660,ffpp_test:53,1,neuraltextures,resize075_then_h264_crf30,-0.9993755221366882,0.2690642188845489
fcg_official,external,1,official,299,neuraltextures_faces_c23/660_634,ffpp_test:53,1,neuraltextures,resize075_then_h264_crf30,-0.48922690749168396,0.3800757053984543
fcg_official,external,1,official,300,original_faces_c23/494,ffpp_test:40,0,real,resize075_then_h264_crf30,-1.44900643825531,0.19015452323113174
fcg_official,external,1,official,301,original_faces_c23/445,ffpp_test:40,0,real,resize075_then_h264_crf30,-1.1182270050048828,0.24634030399592038
fcg_official,external,1,official,302,deepfakes_faces_c23/494_445,ffpp_test:40,1,deepfakes,resize075_then_h264_crf30,1.5857856273651123,0.8300223439397085
fcg_official,external,1,official,303,deepfakes_faces_c23/445_494,ffpp_test:40,1,deepfakes,resize075_then_h264_crf30,1.0762594938278198,0.7457854748433314
fcg_official,external,1,official,304,face2face_faces_c23/494_445,ffpp_test:40,1,face2face,resize075_then_h264_crf30,-1.2022526264190674,0.23107472920269487
fcg_official,external,1,official,305,face2face_faces_c23/445_494,ffpp_test:40,1,face2face,resize075_then_h264_crf30,-0.504615068435669,0.37645672510725375
fcg_official,external,1,official,306,faceswap_faces_c23/494_445,ffpp_test:40,1,faceswap,resize075_then_h264_crf30,0.23211336135864258,0.5577692055135192
fcg_official,external,1,official,307,faceswap_faces_c23/445_494,ffpp_test:40,1,faceswap,resize075_then_h264_crf30,1.066431999206543,0.7439177887675363
fcg_official,external,1,official,308,neuraltextures_faces_c23/494_445,ffpp_test:40,1,neuraltextures,resize075_then_h264_crf30,-1.0646395683288574,0.25642382595018304
fcg_official,external,1,official,309,neuraltextures_faces_c23/445_494,ffpp_test:40,1,neuraltextures,resize075_then_h264_crf30,-0.5247758030891418,0.3717361710263648
fcg_official,external,1,official,310,original_faces_c23/706,ffpp_test:44,0,real,resize075_then_h264_crf30,-0.724655270576477,0.3263686855192193
fcg_official,external,1,official,311,original_faces_c23/479,ffpp_test:44,0,real,resize075_then_h264_crf30,-0.7053040862083435,0.3306372945303217
fcg_official,external,1,official,312,deepfakes_faces_c23/706_479,ffpp_test:44,1,deepfakes,resize075_then_h264_crf30,1.6855101585388184,0.8436327890708357
fcg_official,external,1,official,313,deepfakes_faces_c23/479_706,ffpp_test:44,1,deepfakes,resize075_then_h264_crf30,0.7989195585250854,0.6897433167941553
fcg_official,external,1,official,314,face2face_faces_c23/706_479,ffpp_test:44,1,face2face,resize075_then_h264_crf30,-0.9626871347427368,0.2763405084301792
fcg_official,external,1,official,315,face2face_faces_c23/479_706,ffpp_test:44,1,face2face,resize075_then_h264_crf30,0.5927653312683105,0.643999389244135
fcg_official,external,1,official,316,faceswap_faces_c23/706_479,ffpp_test:44,1,faceswap,resize075_then_h264_crf30,0.35862815380096436,0.5887083082614227
fcg_official,external,1,official,317,faceswap_faces_c23/479_706,ffpp_test:44,1,faceswap,resize075_then_h264_crf30,0.3494987487792969,0.5864960215269254
fcg_official,external,1,official,318,neuraltextures_faces_c23/706_479,ffpp_test:44,1,neuraltextures,resize075_then_h264_crf30,-0.5931480526924133,0.35591287128050814
fcg_official,external,1,official,319,neuraltextures_faces_c23/479_706,ffpp_test:44,1,neuraltextures,resize075_then_h264_crf30,0.3861665725708008,0.5953595400839627
fcg_official,external,1,official,320,original_faces_c23/186,ffpp_test:17,0,real,resize075_then_h264_crf30,-0.6484299898147583,0.3433434226965534
fcg_official,external,1,official,321,original_faces_c23/170,ffpp_test:17,0,real,resize075_then_h264_crf30,-1.2271870374679565,0.22667413914767845
fcg_official,external,1,official,322,deepfakes_faces_c23/186_170,ffpp_test:17,1,deepfakes,resize075_then_h264_crf30,0.9333304762840271,0.71775047816354
fcg_official,external,1,official,323,deepfakes_faces_c23/170_186,ffpp_test:17,1,deepfakes,resize075_then_h264_crf30,1.6363894939422607,0.8370430563532917
fcg_official,external,1,official,324,face2face_faces_c23/186_170,ffpp_test:17,1,face2face,resize075_then_h264_crf30,-0.45347923040390015,0.3885338669888106
fcg_official,external,1,official,325,face2face_faces_c23/170_186,ffpp_test:17,1,face2face,resize075_then_h264_crf30,0.3110027313232422,0.5771299975851613
fcg_official,external,1,official,326,faceswap_faces_c23/186_170,ffpp_test:17,1,faceswap,resize075_then_h264_crf30,0.25613266229629517,0.5636853780196821
fcg_official,external,1,official,327,faceswap_faces_c23/170_186,ffpp_test:17,1,faceswap,resize075_then_h264_crf30,-0.13831990957260132,0.46547505048347865
fcg_official,external,1,official,328,neuraltextures_faces_c23/186_170,ffpp_test:17,1,neuraltextures,resize075_then_h264_crf30,-0.15156173706054688,0.4621819311470432
fcg_official,external,1,official,329,neuraltextures_faces_c23/170_186,ffpp_test:17,1,neuraltextures,resize075_then_h264_crf30,-0.10325855016708374,0.4742082750398415
fcg_official,external,1,official,330,original_faces_c23/176,ffpp_test:18,0,real,resize075_then_h264_crf30,-0.9833601713180542,0.27222556125866665
fcg_official,external,1,official,331,original_faces_c23/190,ffpp_test:18,0,real,resize075_then_h264_crf30,-0.9415031671524048,0.28059680984706775
fcg_official,external,1,official,332,deepfakes_faces_c23/176_190,ffpp_test:18,1,deepfakes,resize075_then_h264_crf30,1.1238071918487549,0.754694228373565
fcg_official,external,1,official,333,deepfakes_faces_c23/190_176,ffpp_test:18,1,deepfakes,resize075_then_h264_crf30,0.1027909517288208,0.525675134999218
fcg_official,external,1,official,334,face2face_faces_c23/176_190,ffpp_test:18,1,face2face,resize075_then_h264_crf30,-0.4925515055656433,0.37929268261814875
fcg_official,external,1,official,335,face2face_faces_c23/190_176,ffpp_test:18,1,face2face,resize075_then_h264_crf30,0.21258074045181274,0.5529459469936169
fcg_official,external,1,official,336,faceswap_faces_c23/176_190,ffpp_test:18,1,faceswap,resize075_then_h264_crf30,0.920129656791687,0.7150685234293838
fcg_official,external,1,official,337,faceswap_faces_c23/190_176,ffpp_test:18,1,faceswap,resize075_then_h264_crf30,0.29262685775756836,0.5726391092313181
fcg_official,external,1,official,338,neuraltextures_faces_c23/176_190,ffpp_test:18,1,neuraltextures,resize075_then_h264_crf30,-0.6988230347633362,0.3320732278113406
fcg_official,external,1,official,339,neuraltextures_faces_c23/190_176,ffpp_test:18,1,neuraltextures,resize075_then_h264_crf30,-0.6536799669265747,0.34216074499572
fcg_official,external,1,official,340,original_faces_c23/380,ffpp_test:29,0,real,resize075_then_h264_crf30,-0.3351393938064575,0.41699065745524483
fcg_official,external,1,official,341,original_faces_c23/358,ffpp_test:29,0,real,resize075_then_h264_crf30,-0.8858486413955688,0.29196726443884785
fcg_official,external,1,official,342,deepfakes_faces_c23/380_358,ffpp_test:29,1,deepfakes,resize075_then_h264_crf30,-0.3539312481880188,0.4124294293734018
fcg_official,external,1,official,343,deepfakes_faces_c23/358_380,ffpp_test:29,1,deepfakes,resize075_then_h264_crf30,-0.6269576549530029,0.3482006999613864
fcg_official,external,1,official,344,face2face_faces_c23/380_358,ffpp_test:29,1,face2face,resize075_then_h264_crf30,-0.5306649804115295,0.370361805267954
fcg_official,external,1,official,345,face2face_faces_c23/358_380,ffpp_test:29,1,face2face,resize075_then_h264_crf30,-0.23496627807617188,0.44152720272884755
fcg_official,external,1,official,346,faceswap_faces_c23/380_358,ffpp_test:29,1,faceswap,resize075_then_h264_crf30,-0.26081591844558716,0.43516314795889066
fcg_official,external,1,official,347,faceswap_faces_c23/358_380,ffpp_test:29,1,faceswap,resize075_then_h264_crf30,-0.6801926493644714,0.3362183066099478
fcg_official,external,1,official,348,neuraltextures_faces_c23/380_358,ffpp_test:29,1,neuraltextures,resize075_then_h264_crf30,0.15986192226409912,0.5398805849177813
fcg_official,external,1,official,349,neuraltextures_faces_c23/358_380,ffpp_test:29,1,neuraltextures,resize075_then_h264_crf30,-0.2960823178291321,0.42651547132197826
fcg_official,external,1,official,350,original_faces_c23/214,ffpp_test:19,0,real,resize075_then_h264_crf30,-0.9343512058258057,0.2820427835870833
fcg_official,external,1,official,351,original_faces_c23/255,ffpp_test:19,0,real,resize075_then_h264_crf30,-1.2164602279663086,0.22855998453905327
fcg_official,external,1,official,352,deepfakes_faces_c23/214_255,ffpp_test:19,1,deepfakes,resize075_then_h264_crf30,1.2016289234161377,0.7688144331603529
fcg_official,external,1,official,353,deepfakes_faces_c23/255_214,ffpp_test:19,1,deepfakes,resize075_then_h264_crf30,0.836884081363678,0.6978085619793011
fcg_official,external,1,official,354,face2face_faces_c23/214_255,ffpp_test:19,1,face2face,resize075_then_h264_crf30,-0.13241755962371826,0.46694389758894805
fcg_official,external,1,official,355,face2face_faces_c23/255_214,ffpp_test:19,1,face2face,resize075_then_h264_crf30,-0.5028675198554993,0.37686702800092536
fcg_official,external,1,official,356,faceswap_faces_c23/214_255,ffpp_test:19,1,faceswap,resize075_then_h264_crf30,-0.019248783588409424,0.4951879526802247
fcg_official,external,1,official,357,faceswap_faces_c23/255_214,ffpp_test:19,1,faceswap,resize075_then_h264_crf30,0.25582683086395264,0.5636101590966395
fcg_official,external,1,official,358,neuraltextures_faces_c23/214_255,ffpp_test:19,1,neuraltextures,resize075_then_h264_crf30,-0.7605040073394775,0.31853685076586424
fcg_official,external,1,official,359,neuraltextures_faces_c23/255_214,ffpp_test:19,1,neuraltextures,resize075_then_h264_crf30,-0.9032633304595947,0.2883803438895905
fcg_official,external,1,official,360,original_faces_c23/454,ffpp_test:42,0,real,resize075_then_h264_crf30,-0.6094228029251099,0.3521908756157397
fcg_official,external,1,official,361,original_faces_c23/527,ffpp_test:42,0,real,resize075_then_h264_crf30,-0.8166663646697998,0.30647175599054854
fcg_official,external,1,official,362,deepfakes_faces_c23/454_527,ffpp_test:42,1,deepfakes,resize075_then_h264_crf30,1.3797262907028198,0.7989470377395438
fcg_official,external,1,official,363,deepfakes_faces_c23/527_454,ffpp_test:42,1,deepfakes,resize075_then_h264_crf30,2.4388833045959473,0.9197446982658166
fcg_official,external,1,official,364,face2face_faces_c23/454_527,ffpp_test:42,1,face2face,resize075_then_h264_crf30,0.6343932747840881,0.6534849554016644
fcg_official,external,1,official,365,face2face_faces_c23/527_454,ffpp_test:42,1,face2face,resize075_then_h264_crf30,0.030980944633483887,0.5077446167158024
fcg_official,external,1,official,366,faceswap_faces_c23/454_527,ffpp_test:42,1,faceswap,resize075_then_h264_crf30,1.3282980918884277,0.7905589798834468
fcg_official,external,1,official,367,faceswap_faces_c23/527_454,ffpp_test:42,1,faceswap,resize075_then_h264_crf30,2.6755833625793457,0.9355704072734908
fcg_official,external,1,official,368,neuraltextures_faces_c23/454_527,ffpp_test:42,1,neuraltextures,resize075_then_h264_crf30,-0.08831679821014404,0.4779351404788641
fcg_official,external,1,official,369,neuraltextures_faces_c23/527_454,ffpp_test:42,1,neuraltextures,resize075_then_h264_crf30,0.13701051473617554,0.5341991468876373
fcg_official,external,1,official,370,original_faces_c23/425,ffpp_test:39,0,real,resize075_then_h264_crf30,-1.1491371393203735,0.24064672336724952
fcg_official,external,1,official,371,original_faces_c23/485,ffpp_test:39,0,real,resize075_then_h264_crf30,-0.6144064664840698,0.35105467980987504
fcg_official,external,1,official,372,deepfakes_faces_c23/425_485,ffpp_test:39,1,deepfakes,resize075_then_h264_crf30,0.21277356147766113,0.5529936112332887
fcg_official,external,1,official,373,deepfakes_faces_c23/485_425,ffpp_test:39,1,deepfakes,resize075_then_h264_crf30,1.2822188138961792,0.7828272309299226
fcg_official,external,1,official,374,face2face_faces_c23/425_485,ffpp_test:39,1,face2face,resize075_then_h264_crf30,-0.7836024761199951,0.31354398982062
fcg_official,external,1,official,375,face2face_faces_c23/485_425,ffpp_test:39,1,face2face,resize075_then_h264_crf30,-0.18568217754364014,0.4537123708314986
fcg_official,external,1,official,376,faceswap_faces_c23/425_485,ffpp_test:39,1,faceswap,resize075_then_h264_crf30,-0.03354233503341675,0.4916152023633393
fcg_official,external,1,official,377,faceswap_faces_c23/485_425,ffpp_test:39,1,faceswap,resize075_then_h264_crf30,1.7096501588821411,0.846790902729459
fcg_official,external,1,official,378,neuraltextures_faces_c23/425_485,ffpp_test:39,1,neuraltextures,resize075_then_h264_crf30,-0.5885013341903687,0.3569787916656585
fcg_official,external,1,official,379,neuraltextures_faces_c23/485_425,ffpp_test:39,1,neuraltextures,resize075_then_h264_crf30,0.08206266164779663,0.5205041599729532
fcg_official,external,1,official,380,original_faces_c23/388,ffpp_test:26,0,real,resize075_then_h264_crf30,-0.8199523687362671,0.3057737707807565
fcg_official,external,1,official,381,original_faces_c23/308,ffpp_test:26,0,real,resize075_then_h264_crf30,-0.8783202171325684,0.29352599208001445
fcg_official,external,1,official,382,deepfakes_faces_c23/388_308,ffpp_test:26,1,deepfakes,resize075_then_h264_crf30,-0.9221967458724976,0.2845105037098456
fcg_official,external,1,official,383,deepfakes_faces_c23/308_388,ffpp_test:26,1,deepfakes,resize075_then_h264_crf30,-0.3189224600791931,0.4209383750098201
fcg_official,external,1,official,384,face2face_faces_c23/388_308,ffpp_test:26,1,face2face,resize075_then_h264_crf30,-0.9097635746002197,0.287048219633555
fcg_official,external,1,official,385,face2face_faces_c23/308_388,ffpp_test:26,1,face2face,resize075_then_h264_crf30,-0.5193235278129578,0.37301042910976057
fcg_official,external,1,official,386,faceswap_faces_c23/388_308,ffpp_test:26,1,faceswap,resize075_then_h264_crf30,-0.21862363815307617,0.4455607507965329
fcg_official,external,1,official,387,faceswap_faces_c23/308_388,ffpp_test:26,1,faceswap,resize075_then_h264_crf30,-0.2681807279586792,0.43335377806741937
fcg_official,external,1,official,388,neuraltextures_faces_c23/388_308,ffpp_test:26,1,neuraltextures,resize075_then_h264_crf30,-0.4923100173473358,0.37934953778446795
fcg_official,external,1,official,389,neuraltextures_faces_c23/308_388,ffpp_test:26,1,neuraltextures,resize075_then_h264_crf30,-0.5211294293403625,0.372588173280985
fcg_official,external,1,official,390,original_faces_c23/384,ffpp_test:32,0,real,resize075_then_h264_crf30,-0.004964470863342285,0.498758884833204
fcg_official,external,1,official,391,original_faces_c23/932,ffpp_test:32,0,real,resize075_then_h264_crf30,-1.1789071559906006,0.23524874938922904
fcg_official,external,1,official,392,deepfakes_faces_c23/384_932,ffpp_test:32,1,deepfakes,resize075_then_h264_crf30,1.6936460733413696,0.8447030524162332
fcg_official,external,1,official,393,deepfakes_faces_c23/932_384,ffpp_test:32,1,deepfakes,resize075_then_h264_crf30,0.3100970983505249,0.5769089615610334
fcg_official,external,1,official,394,face2face_faces_c23/384_932,ffpp_test:32,1,face2face,resize075_then_h264_crf30,0.37313663959503174,0.5922166831551001
fcg_official,external,1,official,395,face2face_faces_c23/932_384,ffpp_test:32,1,face2face,resize075_then_h264_crf30,-0.595224142074585,0.35543709332965207
fcg_official,external,1,official,396,faceswap_faces_c23/384_932,ffpp_test:32,1,faceswap,resize075_then_h264_crf30,2.4191534519195557,0.9182762378380792
fcg_official,external,1,official,397,faceswap_faces_c23/932_384,ffpp_test:32,1,faceswap,resize075_then_h264_crf30,0.1433810591697693,0.5357839814808428
fcg_official,external,1,official,398,neuraltextures_faces_c23/384_932,ffpp_test:32,1,neuraltextures,resize075_then_h264_crf30,0.30883872509002686,0.5766017818207322
fcg_official,external,1,official,399,neuraltextures_faces_c23/932_384,ffpp_test:32,1,neuraltextures,resize075_then_h264_crf30,-0.7126165628433228,0.3290209334502056
fcg_official,external,1,official,400,original_faces_c23/035,ffpp_test:5,0,real,resize075_then_h264_crf30,-0.43684619665145874,0.3924927135026381
fcg_official,external,1,official,401,original_faces_c23/036,ffpp_test:5,0,real,resize075_then_h264_crf30,-0.8131287097930908,0.30722418763767356
fcg_official,external,1,official,402,deepfakes_faces_c23/035_036,ffpp_test:5,1,deepfakes,resize075_then_h264_crf30,0.5035042762756348,0.623282495047446
fcg_official,external,1,official,403,deepfakes_faces_c23/036_035,ffpp_test:5,1,deepfakes,resize075_then_h264_crf30,1.6982090473175049,0.8453006814253371
fcg_official,external,1,official,404,face2face_faces_c23/035_036,ffpp_test:5,1,face2face,resize075_then_h264_crf30,0.05151987075805664,0.5128771195071151
fcg_official,external,1,official,405,face2face_faces_c23/036_035,ffpp_test:5,1,face2face,resize075_then_h264_crf30,0.4425049424171448,0.6088557462503347
fcg_official,external,1,official,406,faceswap_faces_c23/035_036,ffpp_test:5,1,faceswap,resize075_then_h264_crf30,-0.07821238040924072,0.48045686628191886
fcg_official,external,1,official,407,faceswap_faces_c23/036_035,ffpp_test:5,1,faceswap,resize075_then_h264_crf30,0.09970128536224365,0.5249046946501432
fcg_official,external,1,official,408,neuraltextures_faces_c23/035_036,ffpp_test:5,1,neuraltextures,resize075_then_h264_crf30,-0.09925347566604614,0.47520698126631805
fcg_official,external,1,official,409,neuraltextures_faces_c23/036_035,ffpp_test:5,1,neuraltextures,resize075_then_h264_crf30,0.474221795797348,0.6163825108335426
fcg_official,external,1,official,410,original_faces_c23/257,ffpp_test:23,0,real,resize075_then_h264_crf30,-0.13985282182693481,0.46509366986735573
fcg_official,external,1,official,411,original_faces_c23/420,ffpp_test:23,0,real,resize075_then_h264_crf30,-0.043569743633270264,0.4891092868777112
fcg_official,external,1,official,412,deepfakes_faces_c23/257_420,ffpp_test:23,1,deepfakes,resize075_then_h264_crf30,0.6225996017456055,0.650809556278704
fcg_official,external,1,official,413,deepfakes_faces_c23/420_257,ffpp_test:23,1,deepfakes,resize075_then_h264_crf30,0.8280754089355469,0.6959478314456364
fcg_official,external,1,official,414,face2face_faces_c23/257_420,ffpp_test:23,1,face2face,resize075_then_h264_crf30,0.4254117012023926,0.6047774944693989
fcg_official,external,1,official,415,face2face_faces_c23/420_257,ffpp_test:23,1,face2face,resize075_then_h264_crf30,-0.3444582223892212,0.4147269296608811
fcg_official,external,1,official,416,faceswap_faces_c23/257_420,ffpp_test:23,1,faceswap,resize075_then_h264_crf30,0.3285118341445923,0.5813972391700598
fcg_official,external,1,official,417,faceswap_faces_c23/420_257,ffpp_test:23,1,faceswap,resize075_then_h264_crf30,0.23926562070846558,0.5595326651067017
fcg_official,external,1,official,418,neuraltextures_faces_c23/257_420,ffpp_test:23,1,neuraltextures,resize075_then_h264_crf30,-0.48263561725616455,0.3816299560387051
fcg_official,external,1,official,419,neuraltextures_faces_c23/420_257,ffpp_test:23,1,neuraltextures,resize075_then_h264_crf30,-0.4197307825088501,0.39658117331077636
fcg_official,external,1,official,420,original_faces_c23/924,ffpp_test:67,0,real,resize075_then_h264_crf30,-1.0819506645202637,0.2531370490381166
fcg_official,external,1,official,421,original_faces_c23/917,ffpp_test:67,0,real,resize075_then_h264_crf30,-0.9005878567695618,0.28892970761056475
fcg_official,external,1,official,422,deepfakes_faces_c23/924_917,ffpp_test:67,1,deepfakes,resize075_then_h264_crf30,0.5553023219108582,0.6353648930242698
fcg_official,external,1,official,423,deepfakes_faces_c23/917_924,ffpp_test:67,1,deepfakes,resize075_then_h264_crf30,0.751956045627594,0.6796047622620485
fcg_official,external,1,official,424,face2face_faces_c23/924_917,ffpp_test:67,1,face2face,resize075_then_h264_crf30,0.45426610112190247,0.6116530576543179
fcg_official,external,1,official,425,face2face_faces_c23/917_924,ffpp_test:67,1,face2face,resize075_then_h264_crf30,-0.26199400424957275,0.4348736011155286
fcg_official,external,1,official,426,faceswap_faces_c23/924_917,ffpp_test:67,1,faceswap,resize075_then_h264_crf30,0.5844969153404236,0.6421014887639896
fcg_official,external,1,official,427,faceswap_faces_c23/917_924,ffpp_test:67,1,faceswap,resize075_then_h264_crf30,0.5106351375579834,0.624955353732071
fcg_official,external,1,official,428,neuraltextures_faces_c23/924_917,ffpp_test:67,1,neuraltextures,resize075_then_h264_crf30,0.5338640213012695,0.6303838817907417
fcg_official,external,1,official,429,neuraltextures_faces_c23/917_924,ffpp_test:67,1,neuraltextures,resize075_then_h264_crf30,0.18045663833618164,0.5449921299129193
fcg_official,external,1,official,430,original_faces_c23/114,ffpp_test:9,0,real,resize075_then_h264_crf30,-0.9332102537155151,0.282273877730525
fcg_official,external,1,official,431,original_faces_c23/102,ffpp_test:9,0,real,resize075_then_h264_crf30,-1.3957116603851318,0.19849748810305468
fcg_official,external,1,official,432,deepfakes_faces_c23/114_102,ffpp_test:9,1,deepfakes,resize075_then_h264_crf30,0.8600038290023804,0.702661454332444
fcg_official,external,1,official,433,deepfakes_faces_c23/102_114,ffpp_test:9,1,deepfakes,resize075_then_h264_crf30,0.8384367227554321,0.6981358696317498
fcg_official,external,1,official,434,face2face_faces_c23/114_102,ffpp_test:9,1,face2face,resize075_then_h264_crf30,0.45838499069213867,0.6126309811836753
fcg_official,external,1,official,435,face2face_faces_c23/102_114,ffpp_test:9,1,face2face,resize075_then_h264_crf30,-0.37984180450439453,0.406165052462366
fcg_official,external,1,official,436,faceswap_faces_c23/114_102,ffpp_test:9,1,faceswap,resize075_then_h264_crf30,0.2612488865852356,0.5649432709679443
fcg_official,external,1,official,437,faceswap_faces_c23/102_114,ffpp_test:9,1,faceswap,resize075_then_h264_crf30,-0.12041336297988892,0.469932979902927
fcg_official,external,1,official,438,neuraltextures_faces_c23/114_102,ffpp_test:9,1,neuraltextures,resize075_then_h264_crf30,0.12070417404174805,0.5301394593279586
fcg_official,external,1,official,439,neuraltextures_faces_c23/102_114,ffpp_test:9,1,neuraltextures,resize075_then_h264_crf30,-0.5493419170379639,0.36601710273939236
fcg_official,external,1,official,440,original_faces_c23/732,ffpp_test:56,0,real,resize075_then_h264_crf30,-0.04478955268859863,0.4888044833795267
fcg_official,external,1,official,441,original_faces_c23/691,ffpp_test:56,0,real,resize075_then_h264_crf30,-0.874171257019043,0.2943870920773156
fcg_official,external,1,official,442,deepfakes_faces_c23/732_691,ffpp_test:56,1,deepfakes,resize075_then_h264_crf30,1.0867260694503784,0.7477647179506322
fcg_official,external,1,official,443,deepfakes_faces_c23/691_732,ffpp_test:56,1,deepfakes,resize075_then_h264_crf30,1.9043729305267334,0.8703856550011757
fcg_official,external,1,official,444,face2face_faces_c23/732_691,ffpp_test:56,1,face2face,resize075_then_h264_crf30,0.9380173683166504,0.7186990011437656
fcg_official,external,1,official,445,face2face_faces_c23/691_732,ffpp_test:56,1,face2face,resize075_then_h264_crf30,-0.533505380153656,0.3696996855190036
fcg_official,external,1,official,446,faceswap_faces_c23/732_691,ffpp_test:56,1,faceswap,resize075_then_h264_crf30,0.47984349727630615,0.617710918249089
fcg_official,external,1,official,447,faceswap_faces_c23/691_732,ffpp_test:56,1,faceswap,resize075_then_h264_crf30,0.8785107135772705,0.70651350932513
fcg_official,external,1,official,448,neuraltextures_faces_c23/732_691,ffpp_test:56,1,neuraltextures,resize075_then_h264_crf30,0.22696006298065186,0.5564977032094957
fcg_official,external,1,official,449,neuraltextures_faces_c23/691_732,ffpp_test:56,1,neuraltextures,resize075_then_h264_crf30,-0.5038696527481079,0.37663171790083
fcg_official,external,1,official,450,original_faces_c23/550,ffpp_test:41,0,real,resize075_then_h264_crf30,-0.9270496368408203,0.2835236623916728
fcg_official,external,1,official,451,original_faces_c23/452,ffpp_test:41,0,real,resize075_then_h264_crf30,-0.2722647190093994,0.4323511945242432
fcg_official,external,1,official,452,deepfakes_faces_c23/550_452,ffpp_test:41,1,deepfakes,resize075_then_h264_crf30,0.3717302083969116,0.5918769915284617
fcg_official,external,1,official,453,deepfakes_faces_c23/452_550,ffpp_test:41,1,deepfakes,resize075_then_h264_crf30,1.5640668869018555,0.8269361504552465
fcg_official,external,1,official,454,face2face_faces_c23/550_452,ffpp_test:41,1,face2face,resize075_then_h264_crf30,0.7686669230461121,0.6832324518970702
fcg_official,external,1,official,455,face2face_faces_c23/452_550,ffpp_test:41,1,face2face,resize075_then_h264_crf30,0.589402437210083,0.6432280252995871
fcg_official,external,1,official,456,faceswap_faces_c23/550_452,ffpp_test:41,1,faceswap,resize075_then_h264_crf30,0.7463123798370361,0.678374654847492
fcg_official,external,1,official,457,faceswap_faces_c23/452_550,ffpp_test:41,1,faceswap,resize075_then_h264_crf30,1.06382155418396,0.743420171688621
fcg_official,external,1,official,458,neuraltextures_faces_c23/550_452,ffpp_test:41,1,neuraltextures,resize075_then_h264_crf30,0.0651136040687561,0.5162726520494116
fcg_official,external,1,official,459,neuraltextures_faces_c23/452_550,ffpp_test:41,1,neuraltextures,resize075_then_h264_crf30,0.8365547060966492,0.6977391015078764
fcg_official,external,1,official,460,original_faces_c23/280,ffpp_test:22,0,real,resize075_then_h264_crf30,-0.4513225555419922,0.3890463626720736
fcg_official,external,1,official,461,original_faces_c23/249,ffpp_test:22,0,real,resize075_then_h264_crf30,-1.372259259223938,0.2022550743451259
fcg_official,external,1,official,462,deepfakes_faces_c23/280_249,ffpp_test:22,1,deepfakes,resize075_then_h264_crf30,-0.2454853057861328,0.4389350293607053
fcg_official,external,1,official,463,deepfakes_faces_c23/249_280,ffpp_test:22,1,deepfakes,resize075_then_h264_crf30,1.29861581325531,0.7856019345118685
fcg_official,external,1,official,464,face2face_faces_c23/280_249,ffpp_test:22,1,face2face,resize075_then_h264_crf30,-0.05091804265975952,0.48727323888291046
fcg_official,external,1,official,465,face2face_faces_c23/249_280,ffpp_test:22,1,face2face,resize075_then_h264_crf30,0.6290472149848938,0.6522733897065451
fcg_official,external,1,official,466,faceswap_faces_c23/280_249,ffpp_test:22,1,faceswap,resize075_then_h264_crf30,-0.22577589750289917,0.44379457783524134
fcg_official,external,1,official,467,faceswap_faces_c23/249_280,ffpp_test:22,1,faceswap,resize075_then_h264_crf30,0.8823152780532837,0.7073017737414934
fcg_official,external,1,official,468,neuraltextures_faces_c23/280_249,ffpp_test:22,1,neuraltextures,resize075_then_h264_crf30,-0.6126159429550171,0.35146269715493006
fcg_official,external,1,official,469,neuraltextures_faces_c23/249_280,ffpp_test:22,1,neuraltextures,resize075_then_h264_crf30,-0.598540186882019,0.35467774698034943
fcg_official,external,1,official,470,original_faces_c23/842,ffpp_test:58,0,real,resize075_then_h264_crf30,-0.6246756315231323,0.348718800340306
fcg_official,external,1,official,471,original_faces_c23/714,ffpp_test:58,0,real,resize075_then_h264_crf30,-0.9687484502792358,0.27513003288930027
fcg_official,external,1,official,472,deepfakes_faces_c23/842_714,ffpp_test:58,1,deepfakes,resize075_then_h264_crf30,0.7594866752624512,0.6812422750590466
fcg_official,external,1,official,473,deepfakes_faces_c23/714_842,ffpp_test:58,1,deepfakes,resize075_then_h264_crf30,0.9435170888900757,0.7198095452166473
fcg_official,external,1,official,474,face2face_faces_c23/842_714,ffpp_test:58,1,face2face,resize075_then_h264_crf30,0.8051185011863708,0.6910683121504679
fcg_official,external,1,official,475,face2face_faces_c23/714_842,ffpp_test:58,1,face2face,resize075_then_h264_crf30,-0.4515119194984436,0.38900135383344225
fcg_official,external,1,official,476,faceswap_faces_c23/842_714,ffpp_test:58,1,faceswap,resize075_then_h264_crf30,0.7126953601837158,0.6709964621015827
fcg_official,external,1,official,477,faceswap_faces_c23/714_842,ffpp_test:58,1,faceswap,resize075_then_h264_crf30,-0.14004004001617432,0.4650470937409167
fcg_official,external,1,official,478,neuraltextures_faces_c23/842_714,ffpp_test:58,1,neuraltextures,resize075_then_h264_crf30,0.09510296583175659,0.5237578375298023
fcg_official,external,1,official,479,neuraltextures_faces_c23/714_842,ffpp_test:58,1,neuraltextures,resize075_then_h264_crf30,-1.0211081504821777,0.2648116024657703
fcg_official,external,1,official,480,original_faces_c23/625,ffpp_test:52,0,real,resize075_then_h264_crf30,-1.1381930112838745,0.2426522807591034
fcg_official,external,1,official,481,original_faces_c23/650,ffpp_test:52,0,real,resize075_then_h264_crf30,-1.028088927268982,0.2634547731898129
fcg_official,external,1,official,482,deepfakes_faces_c23/625_650,ffpp_test:52,1,deepfakes,resize075_then_h264_crf30,1.3480321168899536,0.793807717171562
fcg_official,external,1,official,483,deepfakes_faces_c23/650_625,ffpp_test:52,1,deepfakes,resize075_then_h264_crf30,1.2002098560333252,0.7685621136169356
fcg_official,external,1,official,484,face2face_faces_c23/625_650,ffpp_test:52,1,face2face,resize075_then_h264_crf30,0.6625820398330688,0.6598401691459608
fcg_official,external,1,official,485,face2face_faces_c23/650_625,ffpp_test:52,1,face2face,resize075_then_h264_crf30,0.08614110946655273,0.5215219707388532
fcg_official,external,1,official,486,faceswap_faces_c23/625_650,ffpp_test:52,1,faceswap,resize075_then_h264_crf30,0.13255101442337036,0.533089320137528
fcg_official,external,1,official,487,faceswap_faces_c23/650_625,ffpp_test:52,1,faceswap,resize075_then_h264_crf30,0.657818078994751,0.658770079979173
fcg_official,external,1,official,488,neuraltextures_faces_c23/625_650,ffpp_test:52,1,neuraltextures,resize075_then_h264_crf30,0.586297333240509,0.6425151317618144
fcg_official,external,1,official,489,neuraltextures_faces_c23/650_625,ffpp_test:52,1,neuraltextures,resize075_then_h264_crf30,-0.19110143184661865,0.4523695083859083
fcg_official,external,1,official,490,original_faces_c23/024,ffpp_test:3,0,real,resize075_then_h264_crf30,-0.6328507661819458,0.34686441654476974
fcg_official,external,1,official,491,original_faces_c23/073,ffpp_test:3,0,real,resize075_then_h264_crf30,-1.0634695291519165,0.2566469816500778
fcg_official,external,1,official,492,deepfakes_faces_c23/024_073,ffpp_test:3,1,deepfakes,resize075_then_h264_crf30,-0.011323153972625732,0.4971692417519721
fcg_official,external,1,official,493,deepfakes_faces_c23/073_024,ffpp_test:3,1,deepfakes,resize075_then_h264_crf30,0.9875118732452393,0.7285961906947138
fcg_official,external,1,official,494,face2face_faces_c23/024_073,ffpp_test:3,1,face2face,resize075_then_h264_crf30,-0.49479007720947266,0.37876579886049644
fcg_official,external,1,official,495,face2face_faces_c23/073_024,ffpp_test:3,1,face2face,resize075_then_h264_crf30,0.15517550706863403,0.538716219194357
fcg_official,external,1,official,496,faceswap_faces_c23/024_073,ffpp_test:3,1,faceswap,resize075_then_h264_crf30,0.302021861076355,0.5749367030073447
fcg_official,external,1,official,497,faceswap_faces_c23/073_024,ffpp_test:3,1,faceswap,resize075_then_h264_crf30,0.5942821502685547,0.644347065495754
fcg_official,external,1,official,498,neuraltextures_faces_c23/024_073,ffpp_test:3,1,neuraltextures,resize075_then_h264_crf30,-0.2817562222480774,0.4300232674713494
fcg_official,external,1,official,499,neuraltextures_faces_c23/073_024,ffpp_test:3,1,neuraltextures,resize075_then_h264_crf30,-0.41872864961624146,0.3968210131047428
fcg_official,external,1,official,500,original_faces_c23/044,ffpp_test:6,0,real,resize075_then_h264_crf30,-1.1145505905151367,0.24702349153607395
fcg_official,external,1,official,501,original_faces_c23/945,ffpp_test:6,0,real,resize075_then_h264_crf30,-0.6388731598854065,0.345501307541458
fcg_official,external,1,official,502,deepfakes_faces_c23/044_945,ffpp_test:6,1,deepfakes,resize075_then_h264_crf30,1.1653711795806885,0.762307315811851
fcg_official,external,1,official,503,deepfakes_faces_c23/945_044,ffpp_test:6,1,deepfakes,resize075_then_h264_crf30,0.7805273532867432,0.6857937595147552
fcg_official,external,1,official,504,face2face_faces_c23/044_945,ffpp_test:6,1,face2face,resize075_then_h264_crf30,-0.05015832185745239,0.4874630478572609
fcg_official,external,1,official,505,face2face_faces_c23/945_044,ffpp_test:6,1,face2face,resize075_then_h264_crf30,-0.4789336919784546,0.38250394993656506
fcg_official,external,1,official,506,faceswap_faces_c23/044_945,ffpp_test:6,1,faceswap,resize075_then_h264_crf30,0.8444041013717651,0.699391959126309
fcg_official,external,1,official,507,faceswap_faces_c23/945_044,ffpp_test:6,1,faceswap,resize075_then_h264_crf30,0.8175302743911743,0.6937118345663399
fcg_official,external,1,official,508,neuraltextures_faces_c23/044_945,ffpp_test:6,1,neuraltextures,resize075_then_h264_crf30,0.1669136881828308,0.5416318110866295
fcg_official,external,1,official,509,neuraltextures_faces_c23/945_044,ffpp_test:6,1,neuraltextures,resize075_then_h264_crf30,-0.8289859890937805,0.30385952013005
fcg_official,external,1,official,510,original_faces_c23/896,ffpp_test:10,0,real,resize075_then_h264_crf30,-0.53612220287323,0.36909011689939736
fcg_official,external,1,official,511,original_faces_c23/128,ffpp_test:10,0,real,resize075_then_h264_crf30,-0.5233168601989746,0.3720769685025701
fcg_official,external,1,official,512,deepfakes_faces_c23/896_128,ffpp_test:10,1,deepfakes,resize075_then_h264_crf30,0.3912392854690552,0.5965809964123497
fcg_official,external,1,official,513,deepfakes_faces_c23/128_896,ffpp_test:10,1,deepfakes,resize075_then_h264_crf30,1.1417748928070068,0.7580053624030852
fcg_official,external,1,official,514,face2face_faces_c23/896_128,ffpp_test:10,1,face2face,resize075_then_h264_crf30,0.11618232727050781,0.5290129536145141
fcg_official,external,1,official,515,face2face_faces_c23/128_896,ffpp_test:10,1,face2face,resize075_then_h264_crf30,-0.22643011808395386,0.44363309534875534
fcg_official,external,1,official,516,faceswap_faces_c23/896_128,ffpp_test:10,1,faceswap,resize075_then_h264_crf30,-0.14024412631988525,0.4649963218607335
fcg_official,external,1,official,517,faceswap_faces_c23/128_896,ffpp_test:10,1,faceswap,resize075_then_h264_crf30,0.24944424629211426,0.5620397062332858
fcg_official,external,1,official,518,neuraltextures_faces_c23/896_128,ffpp_test:10,1,neuraltextures,resize075_then_h264_crf30,0.40658140182495117,0.6002678805608728
fcg_official,external,1,official,519,neuraltextures_faces_c23/128_896,ffpp_test:10,1,neuraltextures,resize075_then_h264_crf30,-0.024128437042236328,0.4939681833709263
fcg_official,external,1,official,520,original_faces_c23/862,ffpp_test:7,0,real,resize075_then_h264_crf30,-1.0462737083435059,0.25994129283183687
fcg_official,external,1,official,521,original_faces_c23/047,ffpp_test:7,0,real,resize075_then_h264_crf30,-0.791689395904541,0.3118060385137765
fcg_official,external,1,official,522,deepfakes_faces_c23/862_047,ffpp_test:7,1,deepfakes,resize075_then_h264_crf30,1.4397422075271606,0.8084147276230642
fcg_official,external,1,official,523,deepfakes_faces_c23/047_862,ffpp_test:7,1,deepfakes,resize075_then_h264_crf30,0.28843581676483154,0.5716131519262377
fcg_official,external,1,official,524,face2face_faces_c23/862_047,ffpp_test:7,1,face2face,resize075_then_h264_crf30,0.12583816051483154,0.5314180916412118
fcg_official,external,1,official,525,face2face_faces_c23/047_862,ffpp_test:7,1,face2face,resize075_then_h264_crf30,0.23936867713928223,0.5595580638123219
fcg_official,external,1,official,526,faceswap_faces_c23/862_047,ffpp_test:7,1,faceswap,resize075_then_h264_crf30,0.30110621452331543,0.5747129178514605
fcg_official,external,1,official,527,faceswap_faces_c23/047_862,ffpp_test:7,1,faceswap,resize075_then_h264_crf30,1.832879662513733,0.8621044193306314
fcg_official,external,1,official,528,neuraltextures_faces_c23/862_047,ffpp_test:7,1,neuraltextures,resize075_then_h264_crf30,0.2167445421218872,0.5539749967896979
fcg_official,external,1,official,529,neuraltextures_faces_c23/047_862,ffpp_test:7,1,neuraltextures,resize075_then_h264_crf30,-0.6780296564102173,0.3367012046496421
fcg_official,external,1,official,530,original_faces_c23/607,ffpp_test:49,0,real,resize075_then_h264_crf30,-0.5928364396095276,0.3559843083275529
fcg_official,external,1,official,531,original_faces_c23/683,ffpp_test:49,0,real,resize075_then_h264_crf30,-0.9515115022659302,0.2785809482788042
fcg_official,external,1,official,532,deepfakes_faces_c23/607_683,ffpp_test:49,1,deepfakes,resize075_then_h264_crf30,1.9124975204467773,0.8712994713673847
fcg_official,external,1,official,533,deepfakes_faces_c23/683_607,ffpp_test:49,1,deepfakes,resize075_then_h264_crf30,2.8214194774627686,0.9438223769644452
fcg_official,external,1,official,534,face2face_faces_c23/607_683,ffpp_test:49,1,face2face,resize075_then_h264_crf30,0.34929871559143066,0.5864475089513974
fcg_official,external,1,official,535,face2face_faces_c23/683_607,ffpp_test:49,1,face2face,resize075_then_h264_crf30,0.3488624095916748,0.5863416890515631
fcg_official,external,1,official,536,faceswap_faces_c23/607_683,ffpp_test:49,1,faceswap,resize075_then_h264_crf30,2.039597511291504,0.8848922776364567
fcg_official,external,1,official,537,faceswap_faces_c23/683_607,ffpp_test:49,1,faceswap,resize075_then_h264_crf30,2.136383056640625,0.8943894520319129
fcg_official,external,1,official,538,neuraltextures_faces_c23/607_683,ffpp_test:49,1,neuraltextures,resize075_then_h264_crf30,0.14447396993637085,0.5360557990500581
fcg_official,external,1,official,539,neuraltextures_faces_c23/683_607,ffpp_test:49,1,neuraltextures,resize075_then_h264_crf30,0.3065696358680725,0.5760477280859772
fcg_official,external,1,official,540,original_faces_c23/517,ffpp_test:45,0,real,resize075_then_h264_crf30,0.02744358777999878,0.5068604663700922
fcg_official,external,1,official,541,original_faces_c23/521,ffpp_test:45,0,real,resize075_then_h264_crf30,-1.0110288858413696,0.2667785444266104
fcg_official,external,1,official,542,deepfakes_faces_c23/517_521,ffpp_test:45,1,deepfakes,resize075_then_h264_crf30,2.0109031200408936,0.8819370911558987
fcg_official,external,1,official,543,deepfakes_faces_c23/521_517,ffpp_test:45,1,deepfakes,resize075_then_h264_crf30,0.7507511973381042,0.6793423592785824
fcg_official,external,1,official,544,face2face_faces_c23/517_521,ffpp_test:45,1,face2face,resize075_then_h264_crf30,1.161726713180542,0.7616463260337905
fcg_official,external,1,official,545,face2face_faces_c23/521_517,ffpp_test:45,1,face2face,resize075_then_h264_crf30,0.22887367010116577,0.5569699455736244
fcg_official,external,1,official,546,faceswap_faces_c23/517_521,ffpp_test:45,1,faceswap,resize075_then_h264_crf30,1.348163366317749,0.7938291988590701
fcg_official,external,1,official,547,faceswap_faces_c23/521_517,ffpp_test:45,1,faceswap,resize075_then_h264_crf30,0.023129522800445557,0.5057821229282263
fcg_official,external,1,official,548,neuraltextures_faces_c23/517_521,ffpp_test:45,1,neuraltextures,resize075_then_h264_crf30,0.574379563331604,0.6397731211508462
fcg_official,external,1,official,549,neuraltextures_faces_c23/521_517,ffpp_test:45,1,neuraltextures,resize075_then_h264_crf30,0.22200405597686768,0.5552741809000777
fcg_official,external,1,official,550,original_faces_c23/682,ffpp_test:55,0,real,resize075_then_h264_crf30,-1.1075496673583984,0.24832798847516785
fcg_official,external,1,official,551,original_faces_c23/669,ffpp_test:55,0,real,resize075_then_h264_crf30,-0.5984363555908203,0.35470151239465936
fcg_official,external,1,official,552,deepfakes_faces_c23/682_669,ffpp_test:55,1,deepfakes,resize075_then_h264_crf30,0.9230817556381226,0.715669618300341
fcg_official,external,1,official,553,deepfakes_faces_c23/669_682,ffpp_test:55,1,deepfakes,resize075_then_h264_crf30,1.181429386138916,0.765204713856678
fcg_official,external,1,official,554,face2face_faces_c23/682_669,ffpp_test:55,1,face2face,resize075_then_h264_crf30,-0.35195392370224,0.4129086800034272
fcg_official,external,1,official,555,face2face_faces_c23/669_682,ffpp_test:55,1,face2face,resize075_then_h264_crf30,0.7879393696784973,0.687388702131481
fcg_official,external,1,official,556,faceswap_faces_c23/682_669,ffpp_test:55,1,faceswap,resize075_then_h264_crf30,-0.45710325241088867,0.38767323746711824
fcg_official,external,1,official,557,faceswap_faces_c23/669_682,ffpp_test:55,1,faceswap,resize075_then_h264_crf30,0.9770510792732239,0.726522694297296
fcg_official,external,1,official,558,neuraltextures_faces_c23/682_669,ffpp_test:55,1,neuraltextures,resize075_then_h264_crf30,-0.47947973012924194,0.38237498690837163
fcg_official,external,1,official,559,neuraltextures_faces_c23/669_682,ffpp_test:55,1,neuraltextures,resize075_then_h264_crf30,0.6877833008766174,0.6654736297130166
fcg_official,external,1,official,560,original_faces_c23/138,ffpp_test:12,0,real,resize075_then_h264_crf30,0.20802652835845947,0.5518198910951734
fcg_official,external,1,official,561,original_faces_c23/142,ffpp_test:12,0,real,resize075_then_h264_crf30,-1.0315446853637695,0.2627847443027146
fcg_official,external,1,official,562,deepfakes_faces_c23/138_142,ffpp_test:12,1,deepfakes,resize075_then_h264_crf30,1.2790733575820923,0.7822920000992358
fcg_official,external,1,official,563,deepfakes_faces_c23/142_138,ffpp_test:12,1,deepfakes,resize075_then_h264_crf30,0.018804609775543213,0.5047010139162628
fcg_official,external,1,official,564,face2face_faces_c23/138_142,ffpp_test:12,1,face2face,resize075_then_h264_crf30,1.4345176219940186,0.8076042378265552
fcg_official,external,1,official,565,face2face_faces_c23/142_138,ffpp_test:12,1,face2face,resize075_then_h264_crf30,-0.6874719858169556,0.33459567834150855
fcg_official,external,1,official,566,faceswap_faces_c23/138_142,ffpp_test:12,1,faceswap,resize075_then_h264_crf30,0.9140156507492065,0.7138211857499465
fcg_official,external,1,official,567,faceswap_faces_c23/142_138,ffpp_test:12,1,faceswap,resize075_then_h264_crf30,0.566074788570404,0.6378569606676001
fcg_official,external,1,official,568,neuraltextures_faces_c23/138_142,ffpp_test:12,1,neuraltextures,resize075_then_h264_crf30,0.8060703873634338,0.6912714961214821
fcg_official,external,1,official,569,neuraltextures_faces_c23/142_138,ffpp_test:12,1,neuraltextures,resize075_then_h264_crf30,-1.0762863159179688,0.2542094400035228
fcg_official,external,1,official,570,original_faces_c23/552,ffpp_test:47,0,real,resize075_then_h264_crf30,-1.4095653295516968,0.19630262435872908
fcg_official,external,1,official,571,original_faces_c23/851,ffpp_test:47,0,real,resize075_then_h264_crf30,-1.1826190948486328,0.23458160283709822
fcg_official,external,1,official,572,deepfakes_faces_c23/552_851,ffpp_test:47,1,deepfakes,resize075_then_h264_crf30,1.2749371528625488,0.7815867355258738
fcg_official,external,1,official,573,deepfakes_faces_c23/851_552,ffpp_test:47,1,deepfakes,resize075_then_h264_crf30,-0.17855989933013916,0.45547825528632574
fcg_official,external,1,official,574,face2face_faces_c23/552_851,ffpp_test:47,1,face2face,resize075_then_h264_crf30,-1.0544664859771729,0.2583683357191587
fcg_official,external,1,official,575,face2face_faces_c23/851_552,ffpp_test:47,1,face2face,resize075_then_h264_crf30,-0.2113540768623352,0.4473572998873699
fcg_official,external,1,official,576,faceswap_faces_c23/552_851,ffpp_test:47,1,faceswap,resize075_then_h264_crf30,0.22770488262176514,0.5566815229188378
fcg_official,external,1,official,577,faceswap_faces_c23/851_552,ffpp_test:47,1,faceswap,resize075_then_h264_crf30,0.7867413759231567,0.6871312129020509
fcg_official,external,1,official,578,neuraltextures_faces_c23/552_851,ffpp_test:47,1,neuraltextures,resize075_then_h264_crf30,-1.008596658706665,0.2672545767038603
fcg_official,external,1,official,579,neuraltextures_faces_c23/851_552,ffpp_test:47,1,neuraltextures,resize075_then_h264_crf30,-0.36082208156585693,0.4107605777528781
fcg_official,external,1,official,580,original_faces_c23/376,ffpp_test:31,0,real,resize075_then_h264_crf30,-0.9216320514678955,0.2846254693046532
fcg_official,external,1,official,581,original_faces_c23/381,ffpp_test:31,0,real,resize075_then_h264_crf30,-1.1133588552474976,0.2472452245574563
fcg_official,external,1,official,582,deepfakes_faces_c23/376_381,ffpp_test:31,1,deepfakes,resize075_then_h264_crf30,-0.10824024677276611,0.4729663269202556
fcg_official,external,1,official,583,deepfakes_faces_c23/381_376,ffpp_test:31,1,deepfakes,resize075_then_h264_crf30,0.8628088235855103,0.703247163841214
fcg_official,external,1,official,584,face2face_faces_c23/376_381,ffpp_test:31,1,face2face,resize075_then_h264_crf30,-0.12544119358062744,0.4686807594792424
fcg_official,external,1,official,585,face2face_faces_c23/381_376,ffpp_test:31,1,face2face,resize075_then_h264_crf30,-0.4933585226535797,0.37910270530865636
fcg_official,external,1,official,586,faceswap_faces_c23/376_381,ffpp_test:31,1,faceswap,resize075_then_h264_crf30,0.535754919052124,0.6308243523227105
fcg_official,external,1,official,587,faceswap_faces_c23/381_376,ffpp_test:31,1,faceswap,resize075_then_h264_crf30,0.9557839632034302,0.722276890767474
fcg_official,external,1,official,588,neuraltextures_faces_c23/376_381,ffpp_test:31,1,neuraltextures,resize075_then_h264_crf30,-0.19578242301940918,0.4512101407947608
fcg_official,external,1,official,589,neuraltextures_faces_c23/381_376,ffpp_test:31,1,neuraltextures,resize075_then_h264_crf30,-0.9019533395767212,0.2886492509552165
fcg_official,external,1,official,590,original_faces_c23/000,ffpp_test:0,0,real,resize075_then_h264_crf30,-0.8894574642181396,0.29122180046117496
fcg_official,external,1,official,591,original_faces_c23/003,ffpp_test:0,0,real,resize075_then_h264_crf30,-1.0827186107635498,0.25299188965848907
fcg_official,external,1,official,592,deepfakes_faces_c23/000_003,ffpp_test:0,1,deepfakes,resize075_then_h264_crf30,-0.11659067869186401,0.47088530346737023
fcg_official,external,1,official,593,deepfakes_faces_c23/003_000,ffpp_test:0,1,deepfakes,resize075_then_h264_crf30,0.3218473792076111,0.579774406523615
fcg_official,external,1,official,594,face2face_faces_c23/000_003,ffpp_test:0,1,face2face,resize075_then_h264_crf30,-0.07051753997802734,0.48237791687916776
fcg_official,external,1,official,595,face2face_faces_c23/003_000,ffpp_test:0,1,face2face,resize075_then_h264_crf30,0.3116009831428528,0.57727599477701
fcg_official,external,1,official,596,faceswap_faces_c23/000_003,ffpp_test:0,1,faceswap,resize075_then_h264_crf30,0.8357677459716797,0.6975731063871262
fcg_official,external,1,official,597,faceswap_faces_c23/003_000,ffpp_test:0,1,faceswap,resize075_then_h264_crf30,0.711172342300415,0.6706601528336699
fcg_official,external,1,official,598,neuraltextures_faces_c23/000_003,ffpp_test:0,1,neuraltextures,resize075_then_h264_crf30,0.0031578540802001953,0.5007894628640037
fcg_official,external,1,official,599,neuraltextures_faces_c23/003_000,ffpp_test:0,1,neuraltextures,resize075_then_h264_crf30,-1.0242470502853394,0.2642009526108224
fcg_official,external,1,official,600,original_faces_c23/048,ffpp_test:4,0,real,resize075_then_h264_crf30,-0.5389626026153564,0.3684289403173295
fcg_official,external,1,official,601,original_faces_c23/029,ffpp_test:4,0,real,resize075_then_h264_crf30,0.23659342527389526,0.5588739824848145
fcg_official,external,1,official,602,deepfakes_faces_c23/048_029,ffpp_test:4,1,deepfakes,resize075_then_h264_crf30,1.236457347869873,0.7749467624567408
fcg_official,external,1,official,603,deepfakes_faces_c23/029_048,ffpp_test:4,1,deepfakes,resize075_then_h264_crf30,0.5385098457336426,0.6314657018368163
fcg_official,external,1,official,604,face2face_faces_c23/048_029,ffpp_test:4,1,face2face,resize075_then_h264_crf30,-0.09490084648132324,0.4762925784665239
fcg_official,external,1,official,605,face2face_faces_c23/029_048,ffpp_test:4,1,face2face,resize075_then_h264_crf30,1.1225906610488892,0.7544689412165461
fcg_official,external,1,official,606,faceswap_faces_c23/048_029,ffpp_test:4,1,faceswap,resize075_then_h264_crf30,0.4562489986419678,0.6121239580201933
fcg_official,external,1,official,607,faceswap_faces_c23/029_048,ffpp_test:4,1,faceswap,resize075_then_h264_crf30,0.6688209176063538,0.6612390926750605
fcg_official,external,1,official,608,neuraltextures_faces_c23/048_029,ffpp_test:4,1,neuraltextures,resize075_then_h264_crf30,-0.81072598695755,0.30773581385834625
fcg_official,external,1,official,609,neuraltextures_faces_c23/029_048,ffpp_test:4,1,neuraltextures,resize075_then_h264_crf30,1.1564478874206543,0.7606866784476224
fcg_official,external,1,official,610,original_faces_c23/724,ffpp_test:59,0,real,resize075_then_h264_crf30,-0.8223507404327393,0.30526489091203246
fcg_official,external,1,official,611,original_faces_c23/725,ffpp_test:59,0,real,resize075_then_h264_crf30,-1.3372312784194946,0.2079657425429984
fcg_official,external,1,official,612,deepfakes_faces_c23/724_725,ffpp_test:59,1,deepfakes,resize075_then_h264_crf30,1.4522701501846313,0.8103475664527805
fcg_official,external,1,official,613,deepfakes_faces_c23/725_724,ffpp_test:59,1,deepfakes,resize075_then_h264_crf30,1.473502516746521,0.813589167684469
fcg_official,external,1,official,614,face2face_faces_c23/724_725,ffpp_test:59,1,face2face,resize075_then_h264_crf30,0.2398209571838379,0.5596695265080747
fcg_official,external,1,official,615,face2face_faces_c23/725_724,ffpp_test:59,1,face2face,resize075_then_h264_crf30,0.02081531286239624,0.5052036403320416
fcg_official,external,1,official,616,faceswap_faces_c23/724_725,ffpp_test:59,1,faceswap,resize075_then_h264_crf30,1.3094538450241089,0.7874217500363795
fcg_official,external,1,official,617,faceswap_faces_c23/725_724,ffpp_test:59,1,faceswap,resize075_then_h264_crf30,0.26704978942871094,0.5663684897072816
fcg_official,external,1,official,618,neuraltextures_faces_c23/724_725,ffpp_test:59,1,neuraltextures,resize075_then_h264_crf30,0.2722737789154053,0.567651028989496
fcg_official,external,1,official,619,neuraltextures_faces_c23/725_724,ffpp_test:59,1,neuraltextures,resize075_then_h264_crf30,-0.5456806421279907,0.3668671124163172
fcg_official,external,1,official,620,original_faces_c23/608,ffpp_test:50,0,real,resize075_then_h264_crf30,-0.5238198637962341,0.37195945646989853
fcg_official,external,1,official,621,original_faces_c23/675,ffpp_test:50,0,real,resize075_then_h264_crf30,-1.3980365991592407,0.19812785836440455
fcg_official,external,1,official,622,deepfakes_faces_c23/608_675,ffpp_test:50,1,deepfakes,resize075_then_h264_crf30,1.8873943090438843,0.8684581457719758
fcg_official,external,1,official,623,deepfakes_faces_c23/675_608,ffpp_test:50,1,deepfakes,resize075_then_h264_crf30,0.6339739561080933,0.6533899977775337
fcg_official,external,1,official,624,face2face_faces_c23/608_675,ffpp_test:50,1,face2face,resize075_then_h264_crf30,-0.47106286883354187,0.3843647076817985
fcg_official,external,1,official,625,face2face_faces_c23/675_608,ffpp_test:50,1,face2face,resize075_then_h264_crf30,0.10252439975738525,0.5256086722663045
fcg_official,external,1,official,626,faceswap_faces_c23/608_675,ffpp_test:50,1,faceswap,resize075_then_h264_crf30,1.662503719329834,0.8405738113480681
fcg_official,external,1,official,627,faceswap_faces_c23/675_608,ffpp_test:50,1,faceswap,resize075_then_h264_crf30,-0.07892763614654541,0.48027832803141113
fcg_official,external,1,official,628,neuraltextures_faces_c23/608_675,ffpp_test:50,1,neuraltextures,resize075_then_h264_crf30,0.19911086559295654,0.549613912074082
fcg_official,external,1,official,629,neuraltextures_faces_c23/675_608,ffpp_test:50,1,neuraltextures,resize075_then_h264_crf30,-0.14144408702850342,0.46469781451845066
fcg_official,external,1,official,630,original_faces_c23/386,ffpp_test:14,0,real,resize075_then_h264_crf30,-1.3149076700210571,0.2116667721267135
fcg_official,external,1,official,631,original_faces_c23/154,ffpp_test:14,0,real,resize075_then_h264_crf30,-0.8695868253707886,0.2953402823202093
fcg_official,external,1,official,632,deepfakes_faces_c23/386_154,ffpp_test:14,1,deepfakes,resize075_then_h264_crf30,0.9751143455505371,0.7261377208028882
fcg_official,external,1,official,633,deepfakes_faces_c23/154_386,ffpp_test:14,1,deepfakes,resize075_then_h264_crf30,1.114753007888794,0.7530141567516578
fcg_official,external,1,official,634,face2face_faces_c23/386_154,ffpp_test:14,1,face2face,resize075_then_h264_crf30,0.07051211595535278,0.5176207287993982
fcg_official,external,1,official,635,face2face_faces_c23/154_386,ffpp_test:14,1,face2face,resize075_then_h264_crf30,0.7124308943748474,0.6709380759340519
fcg_official,external,1,official,636,faceswap_faces_c23/386_154,ffpp_test:14,1,faceswap,resize075_then_h264_crf30,-0.279888391494751,0.43048113858512155
fcg_official,external,1,official,637,faceswap_faces_c23/154_386,ffpp_test:14,1,faceswap,resize075_then_h264_crf30,0.6074765920639038,0.6473649639528246
fcg_official,external,1,official,638,neuraltextures_faces_c23/386_154,ffpp_test:14,1,neuraltextures,resize075_then_h264_crf30,-1.016959547996521,0.2656200666835878
fcg_official,external,1,official,639,neuraltextures_faces_c23/154_386,ffpp_test:14,1,neuraltextures,resize075_then_h264_crf30,-0.31041431427001953,0.42301361267715293
fcg_official,external,1,official,640,original_faces_c23/220,ffpp_test:20,0,real,resize075_then_h264_crf30,0.3373093008995056,0.5835367722536964
fcg_official,external,1,official,641,original_faces_c23/219,ffpp_test:20,0,real,resize075_then_h264_crf30,-0.3577369451522827,0.4115074978806079
fcg_official,external,1,official,642,deepfakes_faces_c23/220_219,ffpp_test:20,1,deepfakes,resize075_then_h264_crf30,1.137526512145996,0.7572252142526518
fcg_official,external,1,official,643,deepfakes_faces_c23/219_220,ffpp_test:20,1,deepfakes,resize075_then_h264_crf30,1.4971874952316284,0.8171546263614083
fcg_official,external,1,official,644,face2face_faces_c23/220_219,ffpp_test:20,1,face2face,resize075_then_h264_crf30,1.0141297578811646,0.7338275713618992
fcg_official,external,1,official,645,face2face_faces_c23/219_220,ffpp_test:20,1,face2face,resize075_then_h264_crf30,-0.18924933671951294,0.4528283707345683
fcg_official,external,1,official,646,faceswap_faces_c23/220_219,ffpp_test:20,1,faceswap,resize075_then_h264_crf30,0.7268396019935608,0.6741113622176911
fcg_official,external,1,official,647,faceswap_faces_c23/219_220,ffpp_test:20,1,faceswap,resize075_then_h264_crf30,0.2441527247428894,0.5607367678221498
fcg_official,external,1,official,648,neuraltextures_faces_c23/220_219,ffpp_test:20,1,neuraltextures,resize075_then_h264_crf30,0.45445114374160767,0.611697010584734
fcg_official,external,1,official,649,neuraltextures_faces_c23/219_220,ffpp_test:20,1,neuraltextures,resize075_then_h264_crf30,-0.36749953031539917,0.4091453610895089
fcg_official,external,1,official,650,original_faces_c23/801,ffpp_test:63,0,real,resize075_then_h264_crf30,-0.4443146288394928,0.3907133611575188
fcg_official,external,1,official,651,original_faces_c23/855,ffpp_test:63,0,real,resize075_then_h264_crf30,-1.0151829719543457,0.265966760619088
fcg_official,external,1,official,652,deepfakes_faces_c23/801_855,ffpp_test:63,1,deepfakes,resize075_then_h264_crf30,1.0129475593566895,0.733596595006897
fcg_official,external,1,official,653,deepfakes_faces_c23/855_801,ffpp_test:63,1,deepfakes,resize075_then_h264_crf30,1.8784217834472656,0.8674297440590566
fcg_official,external,1,official,654,face2face_faces_c23/801_855,ffpp_test:63,1,face2face,resize075_then_h264_crf30,0.36455756425857544,0.5901432424105747
fcg_official,external,1,official,655,face2face_faces_c23/855_801,ffpp_test:63,1,face2face,resize075_then_h264_crf30,-0.186551034450531,0.4534970268435687
fcg_official,external,1,official,656,faceswap_faces_c23/801_855,ffpp_test:63,1,faceswap,resize075_then_h264_crf30,-0.12415409088134766,0.469001285518184
fcg_official,external,1,official,657,faceswap_faces_c23/855_801,ffpp_test:63,1,faceswap,resize075_then_h264_crf30,0.2779591679573059,0.5690458159241879
fcg_official,external,1,official,658,neuraltextures_faces_c23/801_855,ffpp_test:63,1,neuraltextures,resize075_then_h264_crf30,0.3338080644607544,0.582685648076454
fcg_official,external,1,official,659,neuraltextures_faces_c23/855_801,ffpp_test:63,1,neuraltextures,resize075_then_h264_crf30,-0.75978022813797,0.31869398296249307
fcg_official,external,1,official,660,original_faces_c23/161,ffpp_test:13,0,real,resize075_then_h264_crf30,-0.9985237121582031,0.26923177616648347
fcg_official,external,1,official,661,original_faces_c23/141,ffpp_test:13,0,real,resize075_then_h264_crf30,-0.9569336771965027,0.27749254361966225
fcg_official,external,1,official,662,deepfakes_faces_c23/161_141,ffpp_test:13,1,deepfakes,resize075_then_h264_crf30,0.6765760183334351,0.6629740722412105
fcg_official,external,1,official,663,deepfakes_faces_c23/141_161,ffpp_test:13,1,deepfakes,resize075_then_h264_crf30,1.0863499641418457,0.7476937731235629
fcg_official,external,1,official,664,face2face_faces_c23/161_141,ffpp_test:13,1,face2face,resize075_then_h264_crf30,0.18657714128494263,0.546509443400457
fcg_official,external,1,official,665,face2face_faces_c23/141_161,ffpp_test:13,1,face2face,resize075_then_h264_crf30,-0.8031938672065735,0.30934273456951994
fcg_official,external,1,official,666,faceswap_faces_c23/161_141,ffpp_test:13,1,faceswap,resize075_then_h264_crf30,1.39682936668396,0.801680274838219
fcg_official,external,1,official,667,faceswap_faces_c23/141_161,ffpp_test:13,1,faceswap,resize075_then_h264_crf30,1.3071324825286865,0.7870329208425985
fcg_official,external,1,official,668,neuraltextures_faces_c23/161_141,ffpp_test:13,1,neuraltextures,resize075_then_h264_crf30,0.3460004925727844,0.5856473739723255
fcg_official,external,1,official,669,neuraltextures_faces_c23/141_161,ffpp_test:13,1,neuraltextures,resize075_then_h264_crf30,-0.443523645401001,0.390901676120392
fcg_official,external,1,official,670,original_faces_c23/949,ffpp_test:66,0,real,resize075_then_h264_crf30,-1.1243585348129272,0.24520371536853788
fcg_official,external,1,official,671,original_faces_c23/868,ffpp_test:66,0,real,resize075_then_h264_crf30,-0.657050609588623,0.34140246206690744
fcg_official,external,1,official,672,deepfakes_faces_c23/949_868,ffpp_test:66,1,deepfakes,resize075_then_h264_crf30,-0.05278819799423218,0.4868060142157901
fcg_official,external,1,official,673,deepfakes_faces_c23/868_949,ffpp_test:66,1,deepfakes,resize075_then_h264_crf30,0.7104009389877319,0.670489746615248
fcg_official,external,1,official,674,face2face_faces_c23/949_868,ffpp_test:66,1,face2face,resize075_then_h264_crf30,-0.31798553466796875,0.4211667667863478
fcg_official,external,1,official,675,face2face_faces_c23/868_949,ffpp_test:66,1,face2face,resize075_then_h264_crf30,0.29284846782684326,0.5726933415631307
fcg_official,external,1,official,676,faceswap_faces_c23/949_868,ffpp_test:66,1,faceswap,resize075_then_h264_crf30,0.12548404932022095,0.5313299124043572
fcg_official,external,1,official,677,faceswap_faces_c23/868_949,ffpp_test:66,1,faceswap,resize075_then_h264_crf30,0.2684256434440613,0.5667063619762382
fcg_official,external,1,official,678,neuraltextures_faces_c23/949_868,ffpp_test:66,1,neuraltextures,resize075_then_h264_crf30,-0.39193153381347656,0.4032524098619526
fcg_official,external,1,official,679,neuraltextures_faces_c23/868_949,ffpp_test:66,1,neuraltextures,resize075_then_h264_crf30,0.39497220516204834,0.5974790812469508
fcg_official,external,1,official,680,original_faces_c23/880,ffpp_test:11,0,real,resize075_then_h264_crf30,-1.0176427364349365,0.26548682115685723
fcg_official,external,1,official,681,original_faces_c23/135,ffpp_test:11,0,real,resize075_then_h264_crf30,-1.0933476686477661,0.25098841487807705
fcg_official,external,1,official,682,deepfakes_faces_c23/880_135,ffpp_test:11,1,deepfakes,resize075_then_h264_crf30,0.38610005378723145,0.5953435151711197
fcg_official,external,1,official,683,deepfakes_faces_c23/135_880,ffpp_test:11,1,deepfakes,resize075_then_h264_crf30,1.8880763053894043,0.8685360365002014
fcg_official,external,1,official,684,face2face_faces_c23/880_135,ffpp_test:11,1,face2face,resize075_then_h264_crf30,-0.2636737823486328,0.43446082653567003
fcg_official,external,1,official,685,face2face_faces_c23/135_880,ffpp_test:11,1,face2face,resize075_then_h264_crf30,0.13110101222991943,0.532728389947029
fcg_official,external,1,official,686,faceswap_faces_c23/880_135,ffpp_test:11,1,faceswap,resize075_then_h264_crf30,1.2038536071777344,0.7692096092946622
fcg_official,external,1,official,687,faceswap_faces_c23/135_880,ffpp_test:11,1,faceswap,resize075_then_h264_crf30,1.2612817287445068,0.7792466713338438
fcg_official,external,1,official,688,neuraltextures_faces_c23/880_135,ffpp_test:11,1,neuraltextures,resize075_then_h264_crf30,-0.1446492075920105,0.4639006196240751
fcg_official,external,1,official,689,neuraltextures_faces_c23/135_880,ffpp_test:11,1,neuraltextures,resize075_then_h264_crf30,-0.37203311920166016,0.40804983979291914
fcg_official,external,1,official,690,original_faces_c23/429,ffpp_test:35,0,real,resize075_then_h264_crf30,-0.8940030932426453,0.29028442082685646
fcg_official,external,1,official,691,original_faces_c23/404,ffpp_test:35,0,real,resize075_then_h264_crf30,-1.0898185968399048,0.25165243932990117
fcg_official,external,1,official,692,deepfakes_faces_c23/429_404,ffpp_test:35,1,deepfakes,resize075_then_h264_crf30,1.7427270412445068,0.8510331192225504
fcg_official,external,1,official,693,deepfakes_faces_c23/404_429,ffpp_test:35,1,deepfakes,resize075_then_h264_crf30,1.085853934288025,0.747600186689068
fcg_official,external,1,official,694,face2face_faces_c23/429_404,ffpp_test:35,1,face2face,resize075_then_h264_crf30,-0.42486572265625,0.3953530137007595
fcg_official,external,1,official,695,face2face_faces_c23/404_429,ffpp_test:35,1,face2face,resize075_then_h264_crf30,0.11440509557723999,0.528570118961392
fcg_official,external,1,official,696,faceswap_faces_c23/429_404,ffpp_test:35,1,faceswap,resize075_then_h264_crf30,-0.312006413936615,0.42262507168766245
fcg_official,external,1,official,697,faceswap_faces_c23/404_429,ffpp_test:35,1,faceswap,resize075_then_h264_crf30,0.2732434868812561,0.5678890023255154
fcg_official,external,1,official,698,neuraltextures_faces_c23/429_404,ffpp_test:35,1,neuraltextures,resize075_then_h264_crf30,-0.2541050910949707,0.43681335553079614
fcg_official,external,1,official,699,neuraltextures_faces_c23/404_429,ffpp_test:35,1,neuraltextures,resize075_then_h264_crf30,-0.04822897911071777,0.4879450918093602
fcg_official,external,1,official,0,original_faces_c23/953,ffpp_test:68,0,real,h264_crf30_then_resize075,-1.318172574043274,0.2111224902059331
fcg_official,external,1,official,1,original_faces_c23/974,ffpp_test:68,0,real,h264_crf30_then_resize075,-0.9770968556404114,0.2734682106064812
fcg_official,external,1,official,2,deepfakes_faces_c23/953_974,ffpp_test:68,1,deepfakes,h264_crf30_then_resize075,1.0968787670135498,0.7496748238462262
fcg_official,external,1,official,3,deepfakes_faces_c23/974_953,ffpp_test:68,1,deepfakes,h264_crf30_then_resize075,0.3409504294395447,0.5844213751199506
fcg_official,external,1,official,4,face2face_faces_c23/953_974,ffpp_test:68,1,face2face,h264_crf30_then_resize075,1.185497760772705,0.7659348755074754
fcg_official,external,1,official,5,face2face_faces_c23/974_953,ffpp_test:68,1,face2face,h264_crf30_then_resize075,-0.06041175127029419,0.4849016537879525
fcg_official,external,1,official,6,faceswap_faces_c23/953_974,ffpp_test:68,1,faceswap,h264_crf30_then_resize075,-0.10814708471298218,0.4729895494090227
fcg_official,external,1,official,7,faceswap_faces_c23/974_953,ffpp_test:68,1,faceswap,h264_crf30_then_resize075,-0.6454119682312012,0.3440241833121035
fcg_official,external,1,official,8,neuraltextures_faces_c23/953_974,ffpp_test:68,1,neuraltextures,h264_crf30_then_resize075,-0.021859407424926758,0.4945353657408995
fcg_official,external,1,official,9,neuraltextures_faces_c23/974_953,ffpp_test:68,1,neuraltextures,h264_crf30_then_resize075,-0.12722599506378174,0.4682363347717033
fcg_official,external,1,official,10,original_faces_c23/012,ffpp_test:1,0,real,h264_crf30_then_resize075,-1.110353946685791,0.24780490784611925
fcg_official,external,1,official,11,original_faces_c23/026,ffpp_test:1,0,real,h264_crf30_then_resize075,-0.9609925746917725,0.2766795089042577
fcg_official,external,1,official,12,deepfakes_faces_c23/012_026,ffpp_test:1,1,deepfakes,h264_crf30_then_resize075,0.4020722508430481,0.5991854386687394
fcg_official,external,1,official,13,deepfakes_faces_c23/026_012,ffpp_test:1,1,deepfakes,h264_crf30_then_resize075,0.6503956317901611,0.657099611854278
fcg_official,external,1,official,14,face2face_faces_c23/012_026,ffpp_test:1,1,face2face,h264_crf30_then_resize075,0.23283880949020386,0.5579481390153738
fcg_official,external,1,official,15,face2face_faces_c23/026_012,ffpp_test:1,1,face2face,h264_crf30_then_resize075,-0.41910213232040405,0.39673162193524714
fcg_official,external,1,official,16,faceswap_faces_c23/012_026,ffpp_test:1,1,faceswap,h264_crf30_then_resize075,0.6589453220367432,0.659023429897136
fcg_official,external,1,official,17,faceswap_faces_c23/026_012,ffpp_test:1,1,faceswap,h264_crf30_then_resize075,0.26921331882476807,0.5668997656997649
fcg_official,external,1,official,18,neuraltextures_faces_c23/012_026,ffpp_test:1,1,neuraltextures,h264_crf30_then_resize075,0.5986725687980652,0.6453525522006517
fcg_official,external,1,official,19,neuraltextures_faces_c23/026_012,ffpp_test:1,1,neuraltextures,h264_crf30_then_resize075,-0.011133432388305664,0.49721667065310615
fcg_official,external,1,official,20,original_faces_c23/078,ffpp_test:8,0,real,h264_crf30_then_resize075,-1.2598216533660889,0.2210045951278335
fcg_official,external,1,official,21,original_faces_c23/955,ffpp_test:8,0,real,h264_crf30_then_resize075,-1.0618646144866943,0.25695328572467224
fcg_official,external,1,official,22,deepfakes_faces_c23/078_955,ffpp_test:8,1,deepfakes,h264_crf30_then_resize075,1.3908631801605225,0.8007300091926742
fcg_official,external,1,official,23,deepfakes_faces_c23/955_078,ffpp_test:8,1,deepfakes,h264_crf30_then_resize075,0.7932653427124023,0.6885320325955396
fcg_official,external,1,official,24,face2face_faces_c23/078_955,ffpp_test:8,1,face2face,h264_crf30_then_resize075,0.04733884334564209,0.5118325012327688
fcg_official,external,1,official,25,face2face_faces_c23/955_078,ffpp_test:8,1,face2face,h264_crf30_then_resize075,0.24844270944595337,0.5617931615636438
fcg_official,external,1,official,26,faceswap_faces_c23/078_955,ffpp_test:8,1,faceswap,h264_crf30_then_resize075,0.7802212238311768,0.685727790780246
fcg_official,external,1,official,27,faceswap_faces_c23/955_078,ffpp_test:8,1,faceswap,h264_crf30_then_resize075,0.6885448694229126,0.6656431475728352
fcg_official,external,1,official,28,neuraltextures_faces_c23/078_955,ffpp_test:8,1,neuraltextures,h264_crf30_then_resize075,-0.5444471836090088,0.3671536617951862
fcg_official,external,1,official,29,neuraltextures_faces_c23/955_078,ffpp_test:8,1,neuraltextures,h264_crf30_then_resize075,0.16977763175964355,0.5423427479200318
fcg_official,external,1,official,30,original_faces_c23/623,ffpp_test:51,0,real,h264_crf30_then_resize075,-1.292572259902954,0.2154177473749862
fcg_official,external,1,official,31,original_faces_c23/630,ffpp_test:51,0,real,h264_crf30_then_resize075,-0.3569546937942505,0.4116969480747404
fcg_official,external,1,official,32,deepfakes_faces_c23/623_630,ffpp_test:51,1,deepfakes,h264_crf30_then_resize075,0.8547213077545166,0.7015566057226149
fcg_official,external,1,official,33,deepfakes_faces_c23/630_623,ffpp_test:51,1,deepfakes,h264_crf30_then_resize075,0.9766101837158203,0.7264350851265576
fcg_official,external,1,official,34,face2face_faces_c23/623_630,ffpp_test:51,1,face2face,h264_crf30_then_resize075,-0.8360180854797363,0.3023740833839818
fcg_official,external,1,official,35,face2face_faces_c23/630_623,ffpp_test:51,1,face2face,h264_crf30_then_resize075,0.6131739020347595,0.6486644716367541
fcg_official,external,1,official,36,faceswap_faces_c23/623_630,ffpp_test:51,1,faceswap,h264_crf30_then_resize075,0.4204111099243164,0.6035816206724619
fcg_official,external,1,official,37,faceswap_faces_c23/630_623,ffpp_test:51,1,faceswap,h264_crf30_then_resize075,0.8481968641281128,0.700188756834258
fcg_official,external,1,official,38,neuraltextures_faces_c23/623_630,ffpp_test:51,1,neuraltextures,h264_crf30_then_resize075,-0.4550207257270813,0.3881677087605889
fcg_official,external,1,official,39,neuraltextures_faces_c23/630_623,ffpp_test:51,1,neuraltextures,h264_crf30_then_resize075,0.5534336566925049,0.6349318580841765
fcg_official,external,1,official,40,original_faces_c23/919,ffpp_test:2,0,real,h264_crf30_then_resize075,-0.5753932595252991,0.3599932920184943
fcg_official,external,1,official,41,original_faces_c23/015,ffpp_test:2,0,real,h264_crf30_then_resize075,-1.391370177268982,0.1991891059418747
fcg_official,external,1,official,42,deepfakes_faces_c23/919_015,ffpp_test:2,1,deepfakes,h264_crf30_then_resize075,1.9129981994628906,0.871355605424696
fcg_official,external,1,official,43,deepfakes_faces_c23/015_919,ffpp_test:2,1,deepfakes,h264_crf30_then_resize075,-0.5793893933296204,0.35907310635095324
fcg_official,external,1,official,44,face2face_faces_c23/919_015,ffpp_test:2,1,face2face,h264_crf30_then_resize075,0.41064953804016113,0.6012436156543339
fcg_official,external,1,official,45,face2face_faces_c23/015_919,ffpp_test:2,1,face2face,h264_crf30_then_resize075,-0.7352023124694824,0.3240541555543552
fcg_official,external,1,official,46,faceswap_faces_c23/919_015,ffpp_test:2,1,faceswap,h264_crf30_then_resize075,0.37364065647125244,0.5923383955970281
fcg_official,external,1,official,47,faceswap_faces_c23/015_919,ffpp_test:2,1,faceswap,h264_crf30_then_resize075,-0.04964578151702881,0.48759110320379323
fcg_official,external,1,official,48,neuraltextures_faces_c23/919_015,ffpp_test:2,1,neuraltextures,h264_crf30_then_resize075,0.18811196088790894,0.5468898010634733
fcg_official,external,1,official,49,neuraltextures_faces_c23/015_919,ffpp_test:2,1,neuraltextures,h264_crf30_then_resize075,-0.7580822706222534,0.31906277074230327
fcg_official,external,1,official,50,original_faces_c23/367,ffpp_test:30,0,real,h264_crf30_then_resize075,-0.19276511669158936,0.451957394267989
fcg_official,external,1,official,51,original_faces_c23/371,ffpp_test:30,0,real,h264_crf30_then_resize075,-0.8267673254013062,0.3043290357737726
fcg_official,external,1,official,52,deepfakes_faces_c23/367_371,ffpp_test:30,1,deepfakes,h264_crf30_then_resize075,0.6086763143539429,0.6476387923921835
fcg_official,external,1,official,53,deepfakes_faces_c23/371_367,ffpp_test:30,1,deepfakes,h264_crf30_then_resize075,0.7013217210769653,0.6684807495750874
fcg_official,external,1,official,54,face2face_faces_c23/367_371,ffpp_test:30,1,face2face,h264_crf30_then_resize075,0.34954124689102173,0.5865063280647222
fcg_official,external,1,official,55,face2face_faces_c23/371_367,ffpp_test:30,1,face2face,h264_crf30_then_resize075,0.09266030788421631,0.5231485167068675
fcg_official,external,1,official,56,faceswap_faces_c23/367_371,ffpp_test:30,1,faceswap,h264_crf30_then_resize075,0.6640444993972778,0.6601683430612262
fcg_official,external,1,official,57,faceswap_faces_c23/371_367,ffpp_test:30,1,faceswap,h264_crf30_then_resize075,-0.3490501642227173,0.4136127727186411
fcg_official,external,1,official,58,neuraltextures_faces_c23/367_371,ffpp_test:30,1,neuraltextures,h264_crf30_then_resize075,0.6652204990386963,0.6604321242809114
fcg_official,external,1,official,59,neuraltextures_faces_c23/371_367,ffpp_test:30,1,neuraltextures,h264_crf30_then_resize075,0.1748930811882019,0.5436121610196267
fcg_official,external,1,official,60,original_faces_c23/847,ffpp_test:65,0,real,h264_crf30_then_resize075,-1.3929016590118408,0.19894492752910653
fcg_official,external,1,official,61,original_faces_c23/906,ffpp_test:65,0,real,h264_crf30_then_resize075,-0.49109673500061035,0.3796352389721491
fcg_official,external,1,official,62,deepfakes_faces_c23/847_906,ffpp_test:65,1,deepfakes,h264_crf30_then_resize075,1.5936487913131714,0.8311288433217999
fcg_official,external,1,official,63,deepfakes_faces_c23/906_847,ffpp_test:65,1,deepfakes,h264_crf30_then_resize075,2.5159475803375244,0.9252522699723358
fcg_official,external,1,official,64,face2face_faces_c23/847_906,ffpp_test:65,1,face2face,h264_crf30_then_resize075,0.1367296576499939,0.5341292604305805
fcg_official,external,1,official,65,face2face_faces_c23/906_847,ffpp_test:65,1,face2face,h264_crf30_then_resize075,0.11927223205566406,0.5297827592554382
fcg_official,external,1,official,66,faceswap_faces_c23/847_906,ffpp_test:65,1,faceswap,h264_crf30_then_resize075,1.3247981071472168,0.7899788788900143
fcg_official,external,1,official,67,faceswap_faces_c23/906_847,ffpp_test:65,1,faceswap,h264_crf30_then_resize075,1.5389392375946045,0.823310468669822
fcg_official,external,1,official,68,neuraltextures_faces_c23/847_906,ffpp_test:65,1,neuraltextures,h264_crf30_then_resize075,-0.08892995119094849,0.4777821528266963
fcg_official,external,1,official,69,neuraltextures_faces_c23/906_847,ffpp_test:65,1,neuraltextures,h264_crf30_then_resize075,0.18659567832946777,0.5465140375596214
fcg_official,external,1,official,70,original_faces_c23/529,ffpp_test:46,0,real,h264_crf30_then_resize075,-1.1162519454956055,0.24670717082095195
fcg_official,external,1,official,71,original_faces_c23/633,ffpp_test:46,0,real,h264_crf30_then_resize075,-0.3951554298400879,0.40247685440295067
fcg_official,external,1,official,72,deepfakes_faces_c23/529_633,ffpp_test:46,1,deepfakes,h264_crf30_then_resize075,1.8181703090667725,0.8603464337636497
fcg_official,external,1,official,73,deepfakes_faces_c23/633_529,ffpp_test:46,1,deepfakes,h264_crf30_then_resize075,1.3799409866333008,0.7989815222769647
fcg_official,external,1,official,74,face2face_faces_c23/529_633,ffpp_test:46,1,face2face,h264_crf30_then_resize075,-0.4778505265712738,0.3827598203803879
fcg_official,external,1,official,75,face2face_faces_c23/633_529,ffpp_test:46,1,face2face,h264_crf30_then_resize075,0.6274071335792542,0.6519013053852373
fcg_official,external,1,official,76,faceswap_faces_c23/529_633,ffpp_test:46,1,faceswap,h264_crf30_then_resize075,1.6243622303009033,0.8353958563931182
fcg_official,external,1,official,77,faceswap_faces_c23/633_529,ffpp_test:46,1,faceswap,h264_crf30_then_resize075,1.4805878400802612,0.8146613540594888
fcg_official,external,1,official,78,neuraltextures_faces_c23/529_633,ffpp_test:46,1,neuraltextures,h264_crf30_then_resize075,-0.49194008111953735,0.3794366407387984
fcg_official,external,1,official,79,neuraltextures_faces_c23/633_529,ffpp_test:46,1,neuraltextures,h264_crf30_then_resize075,-0.03350096940994263,0.49162554086458893
fcg_official,external,1,official,80,original_faces_c23/418,ffpp_test:36,0,real,h264_crf30_then_resize075,-0.79648756980896,0.3107773626600187
fcg_official,external,1,official,81,original_faces_c23/507,ffpp_test:36,0,real,h264_crf30_then_resize075,-0.3225800395011902,0.4200471014612184
fcg_official,external,1,official,82,deepfakes_faces_c23/418_507,ffpp_test:36,1,deepfakes,h264_crf30_then_resize075,0.7360010147094727,0.6761207700368772
fcg_official,external,1,official,83,deepfakes_faces_c23/507_418,ffpp_test:36,1,deepfakes,h264_crf30_then_resize075,0.7736719846725464,0.6843146819455691
fcg_official,external,1,official,84,face2face_faces_c23/418_507,ffpp_test:36,1,face2face,h264_crf30_then_resize075,0.6031956672668457,0.6463870837579309
fcg_official,external,1,official,85,face2face_faces_c23/507_418,ffpp_test:36,1,face2face,h264_crf30_then_resize075,-0.06578660011291504,0.4835592789953049
fcg_official,external,1,official,86,faceswap_faces_c23/418_507,ffpp_test:36,1,faceswap,h264_crf30_then_resize075,0.6140425801277161,0.6488624168213664
fcg_official,external,1,official,87,faceswap_faces_c23/507_418,ffpp_test:36,1,faceswap,h264_crf30_then_resize075,0.5623297691345215,0.6369914323455437
fcg_official,external,1,official,88,neuraltextures_faces_c23/418_507,ffpp_test:36,1,neuraltextures,h264_crf30_then_resize075,-0.3074043393135071,0.4237484363079327
fcg_official,external,1,official,89,neuraltextures_faces_c23/507_418,ffpp_test:36,1,neuraltextures,h264_crf30_then_resize075,0.3580385446548462,0.588565538242736
fcg_official,external,1,official,90,original_faces_c23/227,ffpp_test:16,0,real,h264_crf30_then_resize075,-0.5540392398834229,0.36492778320619434
fcg_official,external,1,official,91,original_faces_c23/169,ffpp_test:16,0,real,h264_crf30_then_resize075,-0.5800403356552124,0.35892331248425974
fcg_official,external,1,official,92,deepfakes_faces_c23/227_169,ffpp_test:16,1,deepfakes,h264_crf30_then_resize075,0.6653050184249878,0.6604510784710684
fcg_official,external,1,official,93,deepfakes_faces_c23/169_227,ffpp_test:16,1,deepfakes,h264_crf30_then_resize075,0.2309356927871704,0.5574786988512656
fcg_official,external,1,official,94,face2face_faces_c23/227_169,ffpp_test:16,1,face2face,h264_crf30_then_resize075,-1.1254332065582275,0.2450048708214251
fcg_official,external,1,official,95,face2face_faces_c23/169_227,ffpp_test:16,1,face2face,h264_crf30_then_resize075,-0.21172696352005005,0.4472651133972032
fcg_official,external,1,official,96,faceswap_faces_c23/227_169,ffpp_test:16,1,faceswap,h264_crf30_then_resize075,1.2484195232391357,0.7770261531817264
fcg_official,external,1,official,97,faceswap_faces_c23/169_227,ffpp_test:16,1,faceswap,h264_crf30_then_resize075,0.4400976896286011,0.6082823079832911
fcg_official,external,1,official,98,neuraltextures_faces_c23/227_169,ffpp_test:16,1,neuraltextures,h264_crf30_then_resize075,-0.9380495548248291,0.28129449173164106
fcg_official,external,1,official,99,neuraltextures_faces_c23/169_227,ffpp_test:16,1,neuraltextures,h264_crf30_then_resize075,-0.03506457805633545,0.4912347535580484
fcg_official,external,1,official,100,original_faces_c23/389,ffpp_test:33,0,real,h264_crf30_then_resize075,-0.4571240544319153,0.38766829943877296
fcg_official,external,1,official,101,original_faces_c23/480,ffpp_test:33,0,real,h264_crf30_then_resize075,-0.4008275866508484,0.401113519551169
fcg_official,external,1,official,102,deepfakes_faces_c23/389_480,ffpp_test:33,1,deepfakes,h264_crf30_then_resize075,1.5378618240356445,0.8231536823525302
fcg_official,external,1,official,103,deepfakes_faces_c23/480_389,ffpp_test:33,1,deepfakes,h264_crf30_then_resize075,0.8340467214584351,0.6972099072702175
fcg_official,external,1,official,104,face2face_faces_c23/389_480,ffpp_test:33,1,face2face,h264_crf30_then_resize075,-0.12918895483016968,0.46774760594950776
fcg_official,external,1,official,105,face2face_faces_c23/480_389,ffpp_test:33,1,face2face,h264_crf30_then_resize075,0.47932443022727966,0.6175883361203386
fcg_official,external,1,official,106,faceswap_faces_c23/389_480,ffpp_test:33,1,faceswap,h264_crf30_then_resize075,0.8212913274765015,0.6945103843148451
fcg_official,external,1,official,107,faceswap_faces_c23/480_389,ffpp_test:33,1,faceswap,h264_crf30_then_resize075,0.8699767589569092,0.7047408619974453
fcg_official,external,1,official,108,neuraltextures_faces_c23/389_480,ffpp_test:33,1,neuraltextures,h264_crf30_then_resize075,-0.17634832859039307,0.45602681801679007
fcg_official,external,1,official,109,neuraltextures_faces_c23/480_389,ffpp_test:33,1,neuraltextures,h264_crf30_then_resize075,0.4792378544807434,0.6175678890598613
fcg_official,external,1,official,110,original_faces_c23/821,ffpp_test:64,0,real,h264_crf30_then_resize075,-0.40908998250961304,0.3991303463344333
fcg_official,external,1,official,111,original_faces_c23/812,ffpp_test:64,0,real,h264_crf30_then_resize075,-0.6883885860443115,0.33439163612319106
fcg_official,external,1,official,112,deepfakes_faces_c23/821_812,ffpp_test:64,1,deepfakes,h264_crf30_then_resize075,0.8060173392295837,0.6912601747277323
fcg_official,external,1,official,113,deepfakes_faces_c23/812_821,ffpp_test:64,1,deepfakes,h264_crf30_then_resize075,0.8114910125732422,0.6924271390017664
fcg_official,external,1,official,114,face2face_faces_c23/821_812,ffpp_test:64,1,face2face,h264_crf30_then_resize075,0.07013720273971558,0.517527116284994
fcg_official,external,1,official,115,face2face_faces_c23/812_821,ffpp_test:64,1,face2face,h264_crf30_then_resize075,0.4379723072052002,0.607775766224595
fcg_official,external,1,official,116,faceswap_faces_c23/821_812,ffpp_test:64,1,faceswap,h264_crf30_then_resize075,0.7965729832649231,0.68924093216185
fcg_official,external,1,official,117,faceswap_faces_c23/812_821,ffpp_test:64,1,faceswap,h264_crf30_then_resize075,-0.04187583923339844,0.4895325697751277
fcg_official,external,1,official,118,neuraltextures_faces_c23/821_812,ffpp_test:64,1,neuraltextures,h264_crf30_then_resize075,0.061968863010406494,0.5154872599659232
fcg_official,external,1,official,119,neuraltextures_faces_c23/812_821,ffpp_test:64,1,neuraltextures,h264_crf30_then_resize075,-0.14439362287521362,0.4639641833202707
fcg_official,external,1,official,120,original_faces_c23/670,ffpp_test:54,0,real,h264_crf30_then_resize075,-0.47077733278274536,0.38443227587375733
fcg_official,external,1,official,121,original_faces_c23/661,ffpp_test:54,0,real,h264_crf30_then_resize075,-1.1625884771347046,0.23819726358047372
fcg_official,external,1,official,122,deepfakes_faces_c23/670_661,ffpp_test:54,1,deepfakes,h264_crf30_then_resize075,2.3238027095794678,0.9108292769886089
fcg_official,external,1,official,123,deepfakes_faces_c23/661_670,ffpp_test:54,1,deepfakes,h264_crf30_then_resize075,1.0881202220916748,0.7480275819256645
fcg_official,external,1,official,124,face2face_faces_c23/670_661,ffpp_test:54,1,face2face,h264_crf30_then_resize075,0.5694315433502197,0.6386319963995951
fcg_official,external,1,official,125,face2face_faces_c23/661_670,ffpp_test:54,1,face2face,h264_crf30_then_resize075,-0.34214991331100464,0.41528733212787955
fcg_official,external,1,official,126,faceswap_faces_c23/670_661,ffpp_test:54,1,faceswap,h264_crf30_then_resize075,1.492188572883606,0.8164065381770591
fcg_official,external,1,official,127,faceswap_faces_c23/661_670,ffpp_test:54,1,faceswap,h264_crf30_then_resize075,-0.2982926368713379,0.4259749152505981
fcg_official,external,1,official,128,neuraltextures_faces_c23/670_661,ffpp_test:54,1,neuraltextures,h264_crf30_then_resize075,0.7378990054130554,0.676536255827989
fcg_official,external,1,official,129,neuraltextures_faces_c23/661_670,ffpp_test:54,1,neuraltextures,h264_crf30_then_resize075,-0.41143733263015747,0.3985675258781537
fcg_official,external,1,official,130,original_faces_c23/158,ffpp_test:15,0,real,h264_crf30_then_resize075,-1.1706575155258179,0.23673615581528154
fcg_official,external,1,official,131,original_faces_c23/379,ffpp_test:15,0,real,h264_crf30_then_resize075,-1.2449828386306763,0.22356984163223267
fcg_official,external,1,official,132,deepfakes_faces_c23/158_379,ffpp_test:15,1,deepfakes,h264_crf30_then_resize075,-0.38514477014541626,0.40488664278770725
fcg_official,external,1,official,133,deepfakes_faces_c23/379_158,ffpp_test:15,1,deepfakes,h264_crf30_then_resize075,0.02958965301513672,0.5073968735687723
fcg_official,external,1,official,134,face2face_faces_c23/158_379,ffpp_test:15,1,face2face,h264_crf30_then_resize075,-0.11440253257751465,0.47143051969653327
fcg_official,external,1,official,135,face2face_faces_c23/379_158,ffpp_test:15,1,face2face,h264_crf30_then_resize075,-0.6070617437362671,0.3527297448919204
fcg_official,external,1,official,136,faceswap_faces_c23/158_379,ffpp_test:15,1,faceswap,h264_crf30_then_resize075,-0.7996375560760498,0.3101030544800383
fcg_official,external,1,official,137,faceswap_faces_c23/379_158,ffpp_test:15,1,faceswap,h264_crf30_then_resize075,-0.21810883283615112,0.4456879299937948
fcg_official,external,1,official,138,neuraltextures_faces_c23/158_379,ffpp_test:15,1,neuraltextures,h264_crf30_then_resize075,-0.12304449081420898,0.4692776287745379
fcg_official,external,1,official,139,neuraltextures_faces_c23/379_158,ffpp_test:15,1,neuraltextures,h264_crf30_then_resize075,-0.1547221541404724,0.4613964414617963
fcg_official,external,1,official,140,original_faces_c23/423,ffpp_test:37,0,real,h264_crf30_then_resize075,-0.5869937539100647,0.3573249236475701
fcg_official,external,1,official,141,original_faces_c23/421,ffpp_test:37,0,real,h264_crf30_then_resize075,-1.0038838386535645,0.2681784979460126
fcg_official,external,1,official,142,deepfakes_faces_c23/423_421,ffpp_test:37,1,deepfakes,h264_crf30_then_resize075,0.2509922981262207,0.5624207241868603
fcg_official,external,1,official,143,deepfakes_faces_c23/421_423,ffpp_test:37,1,deepfakes,h264_crf30_then_resize075,1.2966068983078003,0.7852633757493417
fcg_official,external,1,official,144,face2face_faces_c23/423_421,ffpp_test:37,1,face2face,h264_crf30_then_resize075,0.29748642444610596,0.5738279377008938
fcg_official,external,1,official,145,face2face_faces_c23/421_423,ffpp_test:37,1,face2face,h264_crf30_then_resize075,0.44453826546669006,0.6093398756783401
fcg_official,external,1,official,146,faceswap_faces_c23/423_421,ffpp_test:37,1,faceswap,h264_crf30_then_resize075,0.4332709312438965,0.6066544655196494
fcg_official,external,1,official,147,faceswap_faces_c23/421_423,ffpp_test:37,1,faceswap,h264_crf30_then_resize075,0.10861408710479736,0.5271268590101069
fcg_official,external,1,official,148,neuraltextures_faces_c23/423_421,ffpp_test:37,1,neuraltextures,h264_crf30_then_resize075,-0.46544140577316284,0.38569576767287567
fcg_official,external,1,official,149,neuraltextures_faces_c23/421_423,ffpp_test:37,1,neuraltextures,h264_crf30_then_resize075,0.06701260805130005,0.516746885393109
fcg_official,external,1,official,150,original_faces_c23/352,ffpp_test:28,0,real,h264_crf30_then_resize075,-0.8614416122436523,0.2970382395648691
fcg_official,external,1,official,151,original_faces_c23/319,ffpp_test:28,0,real,h264_crf30_then_resize075,-1.279958963394165,0.2175572089960517
fcg_official,external,1,official,152,deepfakes_faces_c23/352_319,ffpp_test:28,1,deepfakes,h264_crf30_then_resize075,0.7691308856010437,0.6833328568584783
fcg_official,external,1,official,153,deepfakes_faces_c23/319_352,ffpp_test:28,1,deepfakes,h264_crf30_then_resize075,1.1952581405639648,0.7676801591837831
fcg_official,external,1,official,154,face2face_faces_c23/352_319,ffpp_test:28,1,face2face,h264_crf30_then_resize075,-0.1527528166770935,0.4618858781030272
fcg_official,external,1,official,155,face2face_faces_c23/319_352,ffpp_test:28,1,face2face,h264_crf30_then_resize075,0.03744620084762573,0.5093604564541231
fcg_official,external,1,official,156,faceswap_faces_c23/352_319,ffpp_test:28,1,faceswap,h264_crf30_then_resize075,0.7072010040283203,0.6697823892972061
fcg_official,external,1,official,157,faceswap_faces_c23/319_352,ffpp_test:28,1,faceswap,h264_crf30_then_resize075,-0.2217816710472107,0.44478073656892664
fcg_official,external,1,official,158,neuraltextures_faces_c23/352_319,ffpp_test:28,1,neuraltextures,h264_crf30_then_resize075,-0.04848766326904297,0.48788045856388434
fcg_official,external,1,official,159,neuraltextures_faces_c23/319_352,ffpp_test:28,1,neuraltextures,h264_crf30_then_resize075,0.04166984558105469,0.5104159542711009
fcg_official,external,1,official,160,original_faces_c23/579,ffpp_test:48,0,real,h264_crf30_then_resize075,-0.9413636922836304,0.2806249654180728
fcg_official,external,1,official,161,original_faces_c23/701,ffpp_test:48,0,real,h264_crf30_then_resize075,-1.2414977550506592,0.2241753873905829
fcg_official,external,1,official,162,deepfakes_faces_c23/579_701,ffpp_test:48,1,deepfakes,h264_crf30_then_resize075,-0.004570364952087402,0.4988574107508669
fcg_official,external,1,official,163,deepfakes_faces_c23/701_579,ffpp_test:48,1,deepfakes,h264_crf30_then_resize075,-0.650389552116394,0.3429017580173724
fcg_official,external,1,official,164,face2face_faces_c23/579_701,ffpp_test:48,1,face2face,h264_crf30_then_resize075,0.11934792995452881,0.5298016165426304
fcg_official,external,1,official,165,face2face_faces_c23/701_579,ffpp_test:48,1,face2face,h264_crf30_then_resize075,-0.7112281322479248,0.3293275246727395
fcg_official,external,1,official,166,faceswap_faces_c23/579_701,ffpp_test:48,1,faceswap,h264_crf30_then_resize075,0.05957096815109253,0.5148883394436703
fcg_official,external,1,official,167,faceswap_faces_c23/701_579,ffpp_test:48,1,faceswap,h264_crf30_then_resize075,-0.5173621773719788,0.3734692514264045
fcg_official,external,1,official,168,neuraltextures_faces_c23/579_701,ffpp_test:48,1,neuraltextures,h264_crf30_then_resize075,-0.5980793237686157,0.3547832370578582
fcg_official,external,1,official,169,neuraltextures_faces_c23/701_579,ffpp_test:48,1,neuraltextures,h264_crf30_then_resize075,-0.6752294898033142,0.33732686134953965
fcg_official,external,1,official,170,original_faces_c23/488,ffpp_test:34,0,real,h264_crf30_then_resize075,-0.4128957986831665,0.3982179666354497
fcg_official,external,1,official,171,original_faces_c23/399,ffpp_test:34,0,real,h264_crf30_then_resize075,-1.0091478824615479,0.2671466446439619
fcg_official,external,1,official,172,deepfakes_faces_c23/488_399,ffpp_test:34,1,deepfakes,h264_crf30_then_resize075,1.9963401556015015,0.8804122819478906
fcg_official,external,1,official,173,deepfakes_faces_c23/399_488,ffpp_test:34,1,deepfakes,h264_crf30_then_resize075,0.7752150297164917,0.6846479281882664
fcg_official,external,1,official,174,face2face_faces_c23/488_399,ffpp_test:34,1,face2face,h264_crf30_then_resize075,1.2670509815216064,0.7802375066484941
fcg_official,external,1,official,175,face2face_faces_c23/399_488,ffpp_test:34,1,face2face,h264_crf30_then_resize075,0.25625747442245483,0.5637160745907462
fcg_official,external,1,official,176,faceswap_faces_c23/488_399,ffpp_test:34,1,faceswap,h264_crf30_then_resize075,1.408616542816162,0.8035476444137066
fcg_official,external,1,official,177,faceswap_faces_c23/399_488,ffpp_test:34,1,faceswap,h264_crf30_then_resize075,0.753701388835907,0.6799846778193994
fcg_official,external,1,official,178,neuraltextures_faces_c23/488_399,ffpp_test:34,1,neuraltextures,h264_crf30_then_resize075,0.5008653402328491,0.6226626678088291
fcg_official,external,1,official,179,neuraltextures_faces_c23/399_488,ffpp_test:34,1,neuraltextures,h264_crf30_then_resize075,-0.5605500340461731,0.36342020200781866
fcg_official,external,1,official,180,original_faces_c23/695,ffpp_test:38,0,real,h264_crf30_then_resize075,-1.066795825958252,0.25601290689118633
fcg_official,external,1,official,181,original_faces_c23/422,ffpp_test:38,0,real,h264_crf30_then_resize075,-0.9725288152694702,0.2743767427379462
fcg_official,external,1,official,182,deepfakes_faces_c23/695_422,ffpp_test:38,1,deepfakes,h264_crf30_then_resize075,1.2970131635665894,0.785331874210568
fcg_official,external,1,official,183,deepfakes_faces_c23/422_695,ffpp_test:38,1,deepfakes,h264_crf30_then_resize075,0.6848018169403076,0.6648095691703426
fcg_official,external,1,official,184,face2face_faces_c23/695_422,ffpp_test:38,1,face2face,h264_crf30_then_resize075,0.1355265974998474,0.5338298844690927
fcg_official,external,1,official,185,face2face_faces_c23/422_695,ffpp_test:38,1,face2face,h264_crf30_then_resize075,-0.2616944909095764,0.43494721051561247
fcg_official,external,1,official,186,faceswap_faces_c23/695_422,ffpp_test:38,1,faceswap,h264_crf30_then_resize075,0.7279161810874939,0.6743478264005877
fcg_official,external,1,official,187,faceswap_faces_c23/422_695,ffpp_test:38,1,faceswap,h264_crf30_then_resize075,0.34466367959976196,0.5853229397864751
fcg_official,external,1,official,188,neuraltextures_faces_c23/695_422,ffpp_test:38,1,neuraltextures,h264_crf30_then_resize075,-0.36762839555740356,0.40911420887035066
fcg_official,external,1,official,189,neuraltextures_faces_c23/422_695,ffpp_test:38,1,neuraltextures,h264_crf30_then_resize075,-0.699181079864502,0.33199381796876126
fcg_official,external,1,official,190,original_faces_c23/288,ffpp_test:25,0,real,h264_crf30_then_resize075,-0.5829456448554993,0.35825508284160335
fcg_official,external,1,official,191,original_faces_c23/321,ffpp_test:25,0,real,h264_crf30_then_resize075,-0.7615363597869873,0.31831279885062513
fcg_official,external,1,official,192,deepfakes_faces_c23/288_321,ffpp_test:25,1,deepfakes,h264_crf30_then_resize075,1.9315454959869385,0.8734203842453636
fcg_official,external,1,official,193,deepfakes_faces_c23/321_288,ffpp_test:25,1,deepfakes,h264_crf30_then_resize075,0.7797907590866089,0.6856350159788113
fcg_official,external,1,official,194,face2face_faces_c23/288_321,ffpp_test:25,1,face2face,h264_crf30_then_resize075,0.0006895661354064941,0.5001723915270206
fcg_official,external,1,official,195,face2face_faces_c23/321_288,ffpp_test:25,1,face2face,h264_crf30_then_resize075,0.9266127347946167,0.7163875778091411
fcg_official,external,1,official,196,faceswap_faces_c23/288_321,ffpp_test:25,1,faceswap,h264_crf30_then_resize075,1.6733126640319824,0.842016985669447
fcg_official,external,1,official,197,faceswap_faces_c23/321_288,ffpp_test:25,1,faceswap,h264_crf30_then_resize075,1.3831267356872559,0.7994926982724045
fcg_official,external,1,official,198,neuraltextures_faces_c23/288_321,ffpp_test:25,1,neuraltextures,h264_crf30_then_resize075,0.19177472591400146,0.5477972822979402
fcg_official,external,1,official,199,neuraltextures_faces_c23/321_288,ffpp_test:25,1,neuraltextures,h264_crf30_then_resize075,0.2343430519104004,0.5583191159869179
fcg_official,external,1,official,200,original_faces_c23/705,ffpp_test:57,0,real,h264_crf30_then_resize075,-0.9618246555328369,0.27651301721164007
fcg_official,external,1,official,201,original_faces_c23/707,ffpp_test:57,0,real,h264_crf30_then_resize075,-0.7453917860984802,0.3218262355539111
fcg_official,external,1,official,202,deepfakes_faces_c23/705_707,ffpp_test:57,1,deepfakes,h264_crf30_then_resize075,0.8272639513015747,0.695776096104377
fcg_official,external,1,official,203,deepfakes_faces_c23/707_705,ffpp_test:57,1,deepfakes,h264_crf30_then_resize075,0.48153388500213623,0.6181100138984837
fcg_official,external,1,official,204,face2face_faces_c23/705_707,ffpp_test:57,1,face2face,h264_crf30_then_resize075,-0.22755855321884155,0.4433545896049722
fcg_official,external,1,official,205,face2face_faces_c23/707_705,ffpp_test:57,1,face2face,h264_crf30_then_resize075,0.4618867039680481,0.6134616592163602
fcg_official,external,1,official,206,faceswap_faces_c23/705_707,ffpp_test:57,1,faceswap,h264_crf30_then_resize075,0.0019646883010864258,0.500491171917278
fcg_official,external,1,official,207,faceswap_faces_c23/707_705,ffpp_test:57,1,faceswap,h264_crf30_then_resize075,0.011063694953918457,0.5027658955251706
fcg_official,external,1,official,208,neuraltextures_faces_c23/705_707,ffpp_test:57,1,neuraltextures,h264_crf30_then_resize075,0.21655601263046265,0.5539284131859704
fcg_official,external,1,official,209,neuraltextures_faces_c23/707_705,ffpp_test:57,1,neuraltextures,h264_crf30_then_resize075,-0.15835607051849365,0.4604935054150899
fcg_official,external,1,official,210,original_faces_c23/306,ffpp_test:24,0,real,h264_crf30_then_resize075,-0.584467887878418,0.35790518198233123
fcg_official,external,1,official,211,original_faces_c23/278,ffpp_test:24,0,real,h264_crf30_then_resize075,-0.5475721955299377,0.3664278613968343
fcg_official,external,1,official,212,deepfakes_faces_c23/306_278,ffpp_test:24,1,deepfakes,h264_crf30_then_resize075,0.7152056694030762,0.6715504004207545
fcg_official,external,1,official,213,deepfakes_faces_c23/278_306,ffpp_test:24,1,deepfakes,h264_crf30_then_resize075,0.6227023005485535,0.6508328948854415
fcg_official,external,1,official,214,face2face_faces_c23/306_278,ffpp_test:24,1,face2face,h264_crf30_then_resize075,-0.017091572284698486,0.4957272109429035
fcg_official,external,1,official,215,face2face_faces_c23/278_306,ffpp_test:24,1,face2face,h264_crf30_then_resize075,0.36516016721725464,0.5902889885951923
fcg_official,external,1,official,216,faceswap_faces_c23/306_278,ffpp_test:24,1,faceswap,h264_crf30_then_resize075,0.8283484578132629,0.6960056067109772
fcg_official,external,1,official,217,faceswap_faces_c23/278_306,ffpp_test:24,1,faceswap,h264_crf30_then_resize075,0.4387556314468384,0.6079624827187952
fcg_official,external,1,official,218,neuraltextures_faces_c23/306_278,ffpp_test:24,1,neuraltextures,h264_crf30_then_resize075,0.38239729404449463,0.5944511707418334
fcg_official,external,1,official,219,neuraltextures_faces_c23/278_306,ffpp_test:24,1,neuraltextures,h264_crf30_then_resize075,-0.025583326816558838,0.49360451711587433
fcg_official,external,1,official,220,original_faces_c23/865,ffpp_test:61,0,real,h264_crf30_then_resize075,-1.1054712533950806,0.2487161506163653
fcg_official,external,1,official,221,original_faces_c23/739,ffpp_test:61,0,real,h264_crf30_then_resize075,-0.6541431546211243,0.34205649519732806
fcg_official,external,1,official,222,deepfakes_faces_c23/865_739,ffpp_test:61,1,deepfakes,h264_crf30_then_resize075,2.307703971862793,0.9095130719637732
fcg_official,external,1,official,223,deepfakes_faces_c23/739_865,ffpp_test:61,1,deepfakes,h264_crf30_then_resize075,2.5382513999938965,0.9267802575231322
fcg_official,external,1,official,224,face2face_faces_c23/865_739,ffpp_test:61,1,face2face,h264_crf30_then_resize075,-0.6478544473648071,0.34347319545583166
fcg_official,external,1,official,225,face2face_faces_c23/739_865,ffpp_test:61,1,face2face,h264_crf30_then_resize075,0.44020605087280273,0.6083081274494635
fcg_official,external,1,official,226,faceswap_faces_c23/865_739,ffpp_test:61,1,faceswap,h264_crf30_then_resize075,2.2903032302856445,0.908070766334912
fcg_official,external,1,official,227,faceswap_faces_c23/739_865,ffpp_test:61,1,faceswap,h264_crf30_then_resize075,1.5577585697174072,0.8260314870197549
fcg_official,external,1,official,228,neuraltextures_faces_c23/865_739,ffpp_test:61,1,neuraltextures,h264_crf30_then_resize075,-0.71168053150177,0.32922761055587696
fcg_official,external,1,official,229,neuraltextures_faces_c23/739_865,ffpp_test:61,1,neuraltextures,h264_crf30_then_resize075,-0.17012262344360352,0.4575716239491284
fcg_official,external,1,official,230,original_faces_c23/995,ffpp_test:21,0,real,h264_crf30_then_resize075,-0.42135024070739746,0.3961936945819217
fcg_official,external,1,official,231,original_faces_c23/233,ffpp_test:21,0,real,h264_crf30_then_resize075,-0.8264315128326416,0.3044001362889881
fcg_official,external,1,official,232,deepfakes_faces_c23/995_233,ffpp_test:21,1,deepfakes,h264_crf30_then_resize075,0.25061559677124023,0.562328014428359
fcg_official,external,1,official,233,deepfakes_faces_c23/233_995,ffpp_test:21,1,deepfakes,h264_crf30_then_resize075,1.6397773027420044,0.8375046326886121
fcg_official,external,1,official,234,face2face_faces_c23/995_233,ffpp_test:21,1,face2face,h264_crf30_then_resize075,0.13672304153442383,0.53412761410781
fcg_official,external,1,official,235,face2face_faces_c23/233_995,ffpp_test:21,1,face2face,h264_crf30_then_resize075,-1.088468074798584,0.25190685964645443
fcg_official,external,1,official,236,faceswap_faces_c23/995_233,ffpp_test:21,1,faceswap,h264_crf30_then_resize075,0.5437595248222351,0.6326865448219452
fcg_official,external,1,official,237,faceswap_faces_c23/233_995,ffpp_test:21,1,faceswap,h264_crf30_then_resize075,0.7534435987472534,0.67992857867161
fcg_official,external,1,official,238,neuraltextures_faces_c23/995_233,ffpp_test:21,1,neuraltextures,h264_crf30_then_resize075,0.3568190336227417,0.588270194289377
fcg_official,external,1,official,239,neuraltextures_faces_c23/233_995,ffpp_test:21,1,neuraltextures,h264_crf30_then_resize075,-0.9532921314239502,0.27822322995076915
fcg_official,external,1,official,240,original_faces_c23/755,ffpp_test:62,0,real,h264_crf30_then_resize075,-0.38616353273391724,0.40464119223289036
fcg_official,external,1,official,241,original_faces_c23/759,ffpp_test:62,0,real,h264_crf30_then_resize075,-0.12563830614089966,0.46863167498904285
fcg_official,external,1,official,242,deepfakes_faces_c23/755_759,ffpp_test:62,1,deepfakes,h264_crf30_then_resize075,1.0180954933166504,0.734601458676107
fcg_official,external,1,official,243,deepfakes_faces_c23/759_755,ffpp_test:62,1,deepfakes,h264_crf30_then_resize075,0.7310596704483032,0.675037766880075
fcg_official,external,1,official,244,face2face_faces_c23/755_759,ffpp_test:62,1,face2face,h264_crf30_then_resize075,0.5355942845344543,0.6307869421687653
fcg_official,external,1,official,245,face2face_faces_c23/759_755,ffpp_test:62,1,face2face,h264_crf30_then_resize075,0.7190899848937988,0.6724065940695926
fcg_official,external,1,official,246,faceswap_faces_c23/755_759,ffpp_test:62,1,faceswap,h264_crf30_then_resize075,0.10145354270935059,0.5253416529797196
fcg_official,external,1,official,247,faceswap_faces_c23/759_755,ffpp_test:62,1,faceswap,h264_crf30_then_resize075,0.6059098243713379,0.6470072141081941
fcg_official,external,1,official,248,neuraltextures_faces_c23/755_759,ffpp_test:62,1,neuraltextures,h264_crf30_then_resize075,0.24502891302108765,0.5609525711744202
fcg_official,external,1,official,249,neuraltextures_faces_c23/759_755,ffpp_test:62,1,neuraltextures,h264_crf30_then_resize075,0.8865530490875244,0.7081783310548188
fcg_official,external,1,official,250,original_faces_c23/467,ffpp_test:43,0,real,h264_crf30_then_resize075,-0.8829460740089417,0.292567652189874
fcg_official,external,1,official,251,original_faces_c23/462,ffpp_test:43,0,real,h264_crf30_then_resize075,-1.267996907234192,0.21960034136019407
fcg_official,external,1,official,252,deepfakes_faces_c23/467_462,ffpp_test:43,1,deepfakes,h264_crf30_then_resize075,0.376844584941864,0.593111830326394
fcg_official,external,1,official,253,deepfakes_faces_c23/462_467,ffpp_test:43,1,deepfakes,h264_crf30_then_resize075,1.9681458473205566,0.8774118194428122
fcg_official,external,1,official,254,face2face_faces_c23/467_462,ffpp_test:43,1,face2face,h264_crf30_then_resize075,0.1000676155090332,0.5249960491383528
fcg_official,external,1,official,255,face2face_faces_c23/462_467,ffpp_test:43,1,face2face,h264_crf30_then_resize075,-0.8966944217681885,0.289730268109586
fcg_official,external,1,official,256,faceswap_faces_c23/467_462,ffpp_test:43,1,faceswap,h264_crf30_then_resize075,0.8322124481201172,0.6968225370137094
fcg_official,external,1,official,257,faceswap_faces_c23/462_467,ffpp_test:43,1,faceswap,h264_crf30_then_resize075,1.3952943086624146,0.8014361044537999
fcg_official,external,1,official,258,neuraltextures_faces_c23/467_462,ffpp_test:43,1,neuraltextures,h264_crf30_then_resize075,0.03613436222076416,0.5090326077595035
fcg_official,external,1,official,259,neuraltextures_faces_c23/462_467,ffpp_test:43,1,neuraltextures,h264_crf30_then_resize075,-1.0169727802276611,0.2656174855325733
fcg_official,external,1,official,260,original_faces_c23/314,ffpp_test:27,0,real,h264_crf30_then_resize075,-0.7122641801834106,0.3290987323030431
fcg_official,external,1,official,261,original_faces_c23/347,ffpp_test:27,0,real,h264_crf30_then_resize075,-0.5266321301460266,0.37130273215668325
fcg_official,external,1,official,262,deepfakes_faces_c23/314_347,ffpp_test:27,1,deepfakes,h264_crf30_then_resize075,0.7548409700393677,0.680232606096223
fcg_official,external,1,official,263,deepfakes_faces_c23/347_314,ffpp_test:27,1,deepfakes,h264_crf30_then_resize075,1.4256951808929443,0.806229688803953
fcg_official,external,1,official,264,face2face_faces_c23/314_347,ffpp_test:27,1,face2face,h264_crf30_then_resize075,0.19882160425186157,0.549542307740126
fcg_official,external,1,official,265,face2face_faces_c23/347_314,ffpp_test:27,1,face2face,h264_crf30_then_resize075,-0.007797539234161377,0.4980506250685454
fcg_official,external,1,official,266,faceswap_faces_c23/314_347,ffpp_test:27,1,faceswap,h264_crf30_then_resize075,0.2719096541404724,0.5675616620712577
fcg_official,external,1,official,267,faceswap_faces_c23/347_314,ffpp_test:27,1,faceswap,h264_crf30_then_resize075,0.2676883339881897,0.5665253065500221
fcg_official,external,1,official,268,neuraltextures_faces_c23/314_347,ffpp_test:27,1,neuraltextures,h264_crf30_then_resize075,-0.6819696426391602,0.33582184063761744
fcg_official,external,1,official,269,neuraltextures_faces_c23/347_314,ffpp_test:27,1,neuraltextures,h264_crf30_then_resize075,-0.9736961722373962,0.27414439002370716
fcg_official,external,1,official,270,original_faces_c23/741,ffpp_test:60,0,real,h264_crf30_then_resize075,-0.29348498582839966,0.4271508997148119
fcg_official,external,1,official,271,original_faces_c23/731,ffpp_test:60,0,real,h264_crf30_then_resize075,-0.5169694423675537,0.3735611520438176
fcg_official,external,1,official,272,deepfakes_faces_c23/741_731,ffpp_test:60,1,deepfakes,h264_crf30_then_resize075,0.6414494514465332,0.6550810375510244
fcg_official,external,1,official,273,deepfakes_faces_c23/731_741,ffpp_test:60,1,deepfakes,h264_crf30_then_resize075,1.4776723384857178,0.8142207437256611
fcg_official,external,1,official,274,face2face_faces_c23/741_731,ffpp_test:60,1,face2face,h264_crf30_then_resize075,0.5012941360473633,0.6227634097445659
fcg_official,external,1,official,275,face2face_faces_c23/731_741,ffpp_test:60,1,face2face,h264_crf30_then_resize075,0.6286574602127075,0.6521849830838385
fcg_official,external,1,official,276,faceswap_faces_c23/741_731,ffpp_test:60,1,faceswap,h264_crf30_then_resize075,0.6204182505607605,0.6503136671564126
fcg_official,external,1,official,277,faceswap_faces_c23/731_741,ffpp_test:60,1,faceswap,h264_crf30_then_resize075,0.3721660375595093,0.5919822656017277
fcg_official,external,1,official,278,neuraltextures_faces_c23/741_731,ffpp_test:60,1,neuraltextures,h264_crf30_then_resize075,0.40545082092285156,0.5999965710706261
fcg_official,external,1,official,279,neuraltextures_faces_c23/731_741,ffpp_test:60,1,neuraltextures,h264_crf30_then_resize075,0.633247971534729,0.6532255646521479
fcg_official,external,1,official,280,original_faces_c23/970,ffpp_test:69,0,real,h264_crf30_then_resize075,-1.2772830724716187,0.21801305964461512
fcg_official,external,1,official,281,original_faces_c23/973,ffpp_test:69,0,real,h264_crf30_then_resize075,-0.9080036282539368,0.2874085303078674
fcg_official,external,1,official,282,deepfakes_faces_c23/970_973,ffpp_test:69,1,deepfakes,h264_crf30_then_resize075,1.2490901947021484,0.7771423297898511
fcg_official,external,1,official,283,deepfakes_faces_c23/973_970,ffpp_test:69,1,deepfakes,h264_crf30_then_resize075,1.2543063163757324,0.7780444149009473
fcg_official,external,1,official,284,face2face_faces_c23/970_973,ffpp_test:69,1,face2face,h264_crf30_then_resize075,0.4578746259212494,0.612509857384765
fcg_official,external,1,official,285,face2face_faces_c23/973_970,ffpp_test:69,1,face2face,h264_crf30_then_resize075,0.3646184206008911,0.590157961908682
fcg_official,external,1,official,286,faceswap_faces_c23/970_973,ffpp_test:69,1,faceswap,h264_crf30_then_resize075,1.1918684244155884,0.7670750638914663
fcg_official,external,1,official,287,faceswap_faces_c23/973_970,ffpp_test:69,1,faceswap,h264_crf30_then_resize075,0.6708462834358215,0.6616926303144525
fcg_official,external,1,official,288,neuraltextures_faces_c23/970_973,ffpp_test:69,1,neuraltextures,h264_crf30_then_resize075,-0.07584792375564575,0.4810471043780155
fcg_official,external,1,official,289,neuraltextures_faces_c23/973_970,ffpp_test:69,1,neuraltextures,h264_crf30_then_resize075,0.35138189792633057,0.5869526454049938
fcg_official,external,1,official,290,original_faces_c23/634,ffpp_test:53,0,real,h264_crf30_then_resize075,-1.1279007196426392,0.24454872370005112
fcg_official,external,1,official,291,original_faces_c23/660,ffpp_test:53,0,real,h264_crf30_then_resize075,-1.0378286838531494,0.26156916805797675
fcg_official,external,1,official,292,deepfakes_faces_c23/634_660,ffpp_test:53,1,deepfakes,h264_crf30_then_resize075,0.21166759729385376,0.5527202100958957
fcg_official,external,1,official,293,deepfakes_faces_c23/660_634,ffpp_test:53,1,deepfakes,h264_crf30_then_resize075,1.6476094722747803,0.8385677019743467
fcg_official,external,1,official,294,face2face_faces_c23/634_660,ffpp_test:53,1,face2face,h264_crf30_then_resize075,-0.3243102431297302,0.4196256692258009
fcg_official,external,1,official,295,face2face_faces_c23/660_634,ffpp_test:53,1,face2face,h264_crf30_then_resize075,0.1877231001853943,0.5467934391019561
fcg_official,external,1,official,296,faceswap_faces_c23/634_660,ffpp_test:53,1,faceswap,h264_crf30_then_resize075,1.0849931240081787,0.747437722209984
fcg_official,external,1,official,297,faceswap_faces_c23/660_634,ffpp_test:53,1,faceswap,h264_crf30_then_resize075,0.37991058826446533,0.5938515377297395
fcg_official,external,1,official,298,neuraltextures_faces_c23/634_660,ffpp_test:53,1,neuraltextures,h264_crf30_then_resize075,-0.9164557456970215,0.28568061061473626
fcg_official,external,1,official,299,neuraltextures_faces_c23/660_634,ffpp_test:53,1,neuraltextures,h264_crf30_then_resize075,-0.3845292329788208,0.4050349672702516
fcg_official,external,1,official,300,original_faces_c23/494,ffpp_test:40,0,real,h264_crf30_then_resize075,-1.6363379955291748,0.16296396825405132
fcg_official,external,1,official,301,original_faces_c23/445,ffpp_test:40,0,real,h264_crf30_then_resize075,-0.9164279699325562,0.2856862787709416
fcg_official,external,1,official,302,deepfakes_faces_c23/494_445,ffpp_test:40,1,deepfakes,h264_crf30_then_resize075,2.2244091033935547,0.9024201421400594
fcg_official,external,1,official,303,deepfakes_faces_c23/445_494,ffpp_test:40,1,deepfakes,h264_crf30_then_resize075,1.292036533355713,0.7844916941012
fcg_official,external,1,official,304,face2face_faces_c23/494_445,ffpp_test:40,1,face2face,h264_crf30_then_resize075,-0.7895068526268005,0.31227456752797017
fcg_official,external,1,official,305,face2face_faces_c23/445_494,ffpp_test:40,1,face2face,h264_crf30_then_resize075,-0.4308275580406189,0.39392873567349374
fcg_official,external,1,official,306,faceswap_faces_c23/494_445,ffpp_test:40,1,faceswap,h264_crf30_then_resize075,1.2446086406707764,0.7763651959842406
fcg_official,external,1,official,307,faceswap_faces_c23/445_494,ffpp_test:40,1,faceswap,h264_crf30_then_resize075,1.8940473794937134,0.869216321818667
fcg_official,external,1,official,308,neuraltextures_faces_c23/494_445,ffpp_test:40,1,neuraltextures,h264_crf30_then_resize075,-1.2417223453521729,0.22413632888921367
fcg_official,external,1,official,309,neuraltextures_faces_c23/445_494,ffpp_test:40,1,neuraltextures,h264_crf30_then_resize075,-0.4844485819339752,0.38120220907652763
fcg_official,external,1,official,310,original_faces_c23/706,ffpp_test:44,0,real,h264_crf30_then_resize075,-0.8697930574417114,0.29529736426812825
fcg_official,external,1,official,311,original_faces_c23/479,ffpp_test:44,0,real,h264_crf30_then_resize075,-1.1044903993606567,0.24889947466637463
fcg_official,external,1,official,312,deepfakes_faces_c23/706_479,ffpp_test:44,1,deepfakes,h264_crf30_then_resize075,1.7243276834487915,0.8486854298658242
fcg_official,external,1,official,313,deepfakes_faces_c23/479_706,ffpp_test:44,1,deepfakes,h264_crf30_then_resize075,1.1718595027923584,0.7634809651143513
fcg_official,external,1,official,314,face2face_faces_c23/706_479,ffpp_test:44,1,face2face,h264_crf30_then_resize075,-0.6929973363876343,0.33336663286985263
fcg_official,external,1,official,315,face2face_faces_c23/479_706,ffpp_test:44,1,face2face,h264_crf30_then_resize075,0.47944825887680054,0.617617580676041
fcg_official,external,1,official,316,faceswap_faces_c23/706_479,ffpp_test:44,1,faceswap,h264_crf30_then_resize075,0.20235991477966309,0.5504180463730771
fcg_official,external,1,official,317,faceswap_faces_c23/479_706,ffpp_test:44,1,faceswap,h264_crf30_then_resize075,0.15340018272399902,0.5382750190133591
fcg_official,external,1,official,318,neuraltextures_faces_c23/706_479,ffpp_test:44,1,neuraltextures,h264_crf30_then_resize075,-0.663732647895813,0.3399016231016477
fcg_official,external,1,official,319,neuraltextures_faces_c23/479_706,ffpp_test:44,1,neuraltextures,h264_crf30_then_resize075,0.1003369688987732,0.5250632187404803
fcg_official,external,1,official,320,original_faces_c23/186,ffpp_test:17,0,real,h264_crf30_then_resize075,-1.0226136445999146,0.26451860700680535
fcg_official,external,1,official,321,original_faces_c23/170,ffpp_test:17,0,real,h264_crf30_then_resize075,-1.3205054998397827,0.21073420377155702
fcg_official,external,1,official,322,deepfakes_faces_c23/186_170,ffpp_test:17,1,deepfakes,h264_crf30_then_resize075,1.4572092294692993,0.811105462562374
fcg_official,external,1,official,323,deepfakes_faces_c23/170_186,ffpp_test:17,1,deepfakes,h264_crf30_then_resize075,1.8856525421142578,0.8682590410366873
fcg_official,external,1,official,324,face2face_faces_c23/186_170,ffpp_test:17,1,face2face,h264_crf30_then_resize075,-0.2975882887840271,0.42614715162011896
fcg_official,external,1,official,325,face2face_faces_c23/170_186,ffpp_test:17,1,face2face,h264_crf30_then_resize075,0.6670989990234375,0.6608532725221429
fcg_official,external,1,official,326,faceswap_faces_c23/186_170,ffpp_test:17,1,faceswap,h264_crf30_then_resize075,0.18386250734329224,0.545836572475761
fcg_official,external,1,official,327,faceswap_faces_c23/170_186,ffpp_test:17,1,faceswap,h264_crf30_then_resize075,-0.13182604312896729,0.4670911332337075
fcg_official,external,1,official,328,neuraltextures_faces_c23/186_170,ffpp_test:17,1,neuraltextures,h264_crf30_then_resize075,-0.46662819385528564,0.3854146147543973
fcg_official,external,1,official,329,neuraltextures_faces_c23/170_186,ffpp_test:17,1,neuraltextures,h264_crf30_then_resize075,-0.33398741483688354,0.41727074117989243
fcg_official,external,1,official,330,original_faces_c23/176,ffpp_test:18,0,real,h264_crf30_then_resize075,-1.208651065826416,0.22993981633453997
fcg_official,external,1,official,331,original_faces_c23/190,ffpp_test:18,0,real,h264_crf30_then_resize075,-0.8580294847488403,0.29775120710650516
fcg_official,external,1,official,332,deepfakes_faces_c23/176_190,ffpp_test:18,1,deepfakes,h264_crf30_then_resize075,1.8080756664276123,0.8591291402800632
fcg_official,external,1,official,333,deepfakes_faces_c23/190_176,ffpp_test:18,1,deepfakes,h264_crf30_then_resize075,0.049586474895477295,0.5123940792619949
fcg_official,external,1,official,334,face2face_faces_c23/176_190,ffpp_test:18,1,face2face,h264_crf30_then_resize075,-0.17534315586090088,0.45627617855712965
fcg_official,external,1,official,335,face2face_faces_c23/190_176,ffpp_test:18,1,face2face,h264_crf30_then_resize075,0.6199836730957031,0.6502148352652387
fcg_official,external,1,official,336,faceswap_faces_c23/176_190,ffpp_test:18,1,faceswap,h264_crf30_then_resize075,1.3480314016342163,0.7938076001006059
fcg_official,external,1,official,337,faceswap_faces_c23/190_176,ffpp_test:18,1,faceswap,h264_crf30_then_resize075,0.1619274616241455,0.5403936421524278
fcg_official,external,1,official,338,neuraltextures_faces_c23/176_190,ffpp_test:18,1,neuraltextures,h264_crf30_then_resize075,-0.5699620246887207,0.3612455875022255
fcg_official,external,1,official,339,neuraltextures_faces_c23/190_176,ffpp_test:18,1,neuraltextures,h264_crf30_then_resize075,-0.36130887269973755,0.4106427617359067
fcg_official,external,1,official,340,original_faces_c23/380,ffpp_test:29,0,real,h264_crf30_then_resize075,-0.7264865636825562,0.3259661998528912
fcg_official,external,1,official,341,original_faces_c23/358,ffpp_test:29,0,real,h264_crf30_then_resize075,-0.954430341720581,0.27799471788455427
fcg_official,external,1,official,342,deepfakes_faces_c23/380_358,ffpp_test:29,1,deepfakes,h264_crf30_then_resize075,-0.2547869086265564,0.4366456305722602
fcg_official,external,1,official,343,deepfakes_faces_c23/358_380,ffpp_test:29,1,deepfakes,h264_crf30_then_resize075,-0.2451726198196411,0.43901203633780334
fcg_official,external,1,official,344,face2face_faces_c23/380_358,ffpp_test:29,1,face2face,h264_crf30_then_resize075,-0.09101754426956177,0.4772613094081425
fcg_official,external,1,official,345,face2face_faces_c23/358_380,ffpp_test:29,1,face2face,h264_crf30_then_resize075,0.25362592935562134,0.5630687635457653
fcg_official,external,1,official,346,faceswap_faces_c23/380_358,ffpp_test:29,1,faceswap,h264_crf30_then_resize075,-0.5266123414039612,0.37130735159329137
fcg_official,external,1,official,347,faceswap_faces_c23/358_380,ffpp_test:29,1,faceswap,h264_crf30_then_resize075,-0.6569916605949402,0.3414157166846517
fcg_official,external,1,official,348,neuraltextures_faces_c23/380_358,ffpp_test:29,1,neuraltextures,h264_crf30_then_resize075,0.164126455783844,0.5409397539829538
fcg_official,external,1,official,349,neuraltextures_faces_c23/358_380,ffpp_test:29,1,neuraltextures,h264_crf30_then_resize075,-0.002680182456970215,0.4993299547868564
fcg_official,external,1,official,350,original_faces_c23/214,ffpp_test:19,0,real,h264_crf30_then_resize075,-0.8747066855430603,0.29427588332594895
fcg_official,external,1,official,351,original_faces_c23/255,ffpp_test:19,0,real,h264_crf30_then_resize075,-1.0192714929580688,0.26516932916287395
fcg_official,external,1,official,352,deepfakes_faces_c23/214_255,ffpp_test:19,1,deepfakes,h264_crf30_then_resize075,1.5753746032714844,0.8285484511847651
fcg_official,external,1,official,353,deepfakes_faces_c23/255_214,ffpp_test:19,1,deepfakes,h264_crf30_then_resize075,1.492411494255066,0.8164399488142334
fcg_official,external,1,official,354,face2face_faces_c23/214_255,ffpp_test:19,1,face2face,h264_crf30_then_resize075,0.08726799488067627,0.5218031632749802
fcg_official,external,1,official,355,face2face_faces_c23/255_214,ffpp_test:19,1,face2face,h264_crf30_then_resize075,0.29283881187438965,0.5726909785985199
fcg_official,external,1,official,356,faceswap_faces_c23/214_255,ffpp_test:19,1,faceswap,h264_crf30_then_resize075,0.29137104749679565,0.5723317548770961
fcg_official,external,1,official,357,faceswap_faces_c23/255_214,ffpp_test:19,1,faceswap,h264_crf30_then_resize075,0.7423964738845825,0.6775196766571852
fcg_official,external,1,official,358,neuraltextures_faces_c23/214_255,ffpp_test:19,1,neuraltextures,h264_crf30_then_resize075,-0.6594464778900146,0.34086396357150656
fcg_official,external,1,official,359,neuraltextures_faces_c23/255_214,ffpp_test:19,1,neuraltextures,h264_crf30_then_resize075,-0.8134288787841797,0.30716030412130446
fcg_official,external,1,official,360,original_faces_c23/454,ffpp_test:42,0,real,h264_crf30_then_resize075,-0.5347917079925537,0.36939999332692586
fcg_official,external,1,official,361,original_faces_c23/527,ffpp_test:42,0,real,h264_crf30_then_resize075,-0.5142208337783813,0.3742045859921376
fcg_official,external,1,official,362,deepfakes_faces_c23/454_527,ffpp_test:42,1,deepfakes,h264_crf30_then_resize075,1.512296438217163,0.8194012895387656
fcg_official,external,1,official,363,deepfakes_faces_c23/527_454,ffpp_test:42,1,deepfakes,h264_crf30_then_resize075,2.207933187484741,0.9009596551137378
fcg_official,external,1,official,364,face2face_faces_c23/454_527,ffpp_test:42,1,face2face,h264_crf30_then_resize075,0.5332756638526917,0.630246783966568
fcg_official,external,1,official,365,face2face_faces_c23/527_454,ffpp_test:42,1,face2face,h264_crf30_then_resize075,-0.24253809452056885,0.4396609723541976
fcg_official,external,1,official,366,faceswap_faces_c23/454_527,ffpp_test:42,1,faceswap,h264_crf30_then_resize075,1.2392969131469727,0.7754416081152057
fcg_official,external,1,official,367,faceswap_faces_c23/527_454,ffpp_test:42,1,faceswap,h264_crf30_then_resize075,2.490283489227295,0.9234578430519038
fcg_official,external,1,official,368,neuraltextures_faces_c23/454_527,ffpp_test:42,1,neuraltextures,h264_crf30_then_resize075,0.0263901948928833,0.5065971658488377
fcg_official,external,1,official,369,neuraltextures_faces_c23/527_454,ffpp_test:42,1,neuraltextures,h264_crf30_then_resize075,0.1778864860534668,0.5443547212234001
fcg_official,external,1,official,370,original_faces_c23/425,ffpp_test:39,0,real,h264_crf30_then_resize075,-0.879938542842865,0.2931905145011976
fcg_official,external,1,official,371,original_faces_c23/485,ffpp_test:39,0,real,h264_crf30_then_resize075,-0.37110137939453125,0.4082749163080374
fcg_official,external,1,official,372,deepfakes_faces_c23/425_485,ffpp_test:39,1,deepfakes,h264_crf30_then_resize075,0.8937797546386719,0.7096695649383449
fcg_official,external,1,official,373,deepfakes_faces_c23/485_425,ffpp_test:39,1,deepfakes,h264_crf30_then_resize075,1.2061264514923096,0.769612851771618
fcg_official,external,1,official,374,face2face_faces_c23/425_485,ffpp_test:39,1,face2face,h264_crf30_then_resize075,-0.7041682004928589,0.3308887328683956
fcg_official,external,1,official,375,face2face_faces_c23/485_425,ffpp_test:39,1,face2face,h264_crf30_then_resize075,0.08554214239120483,0.5213725044864115
fcg_official,external,1,official,376,faceswap_faces_c23/425_485,ffpp_test:39,1,faceswap,h264_crf30_then_resize075,0.18480420112609863,0.5460700073377093
fcg_official,external,1,official,377,faceswap_faces_c23/485_425,ffpp_test:39,1,faceswap,h264_crf30_then_resize075,1.7866038084030151,0.8565103885675791
fcg_official,external,1,official,378,neuraltextures_faces_c23/425_485,ffpp_test:39,1,neuraltextures,h264_crf30_then_resize075,-0.36821532249450684,0.4089723328580351
fcg_official,external,1,official,379,neuraltextures_faces_c23/485_425,ffpp_test:39,1,neuraltextures,h264_crf30_then_resize075,0.12944233417510986,0.532315474801406
fcg_official,external,1,official,380,original_faces_c23/388,ffpp_test:26,0,real,h264_crf30_then_resize075,-1.0011402368545532,0.26871729627028756
fcg_official,external,1,official,381,original_faces_c23/308,ffpp_test:26,0,real,h264_crf30_then_resize075,-1.1226539611816406,0.24551933290392708
fcg_official,external,1,official,382,deepfakes_faces_c23/388_308,ffpp_test:26,1,deepfakes,h264_crf30_then_resize075,-0.8569817543029785,0.2979703291625829
fcg_official,external,1,official,383,deepfakes_faces_c23/308_388,ffpp_test:26,1,deepfakes,h264_crf30_then_resize075,0.07932877540588379,0.5198217999691079
fcg_official,external,1,official,384,face2face_faces_c23/388_308,ffpp_test:26,1,face2face,h264_crf30_then_resize075,-0.6039873361587524,0.3534319848105361
fcg_official,external,1,official,385,face2face_faces_c23/308_388,ffpp_test:26,1,face2face,h264_crf30_then_resize075,-0.6972322463989258,0.33242615983014334
fcg_official,external,1,official,386,faceswap_faces_c23/388_308,ffpp_test:26,1,faceswap,h264_crf30_then_resize075,0.10498231649398804,0.526221500656207
fcg_official,external,1,official,387,faceswap_faces_c23/308_388,ffpp_test:26,1,faceswap,h264_crf30_then_resize075,0.19634222984313965,0.5489284745292101
fcg_official,external,1,official,388,neuraltextures_faces_c23/388_308,ffpp_test:26,1,neuraltextures,h264_crf30_then_resize075,-0.7481456995010376,0.32122547779271277
fcg_official,external,1,official,389,neuraltextures_faces_c23/308_388,ffpp_test:26,1,neuraltextures,h264_crf30_then_resize075,-0.6033803224563599,0.3535707105946555
fcg_official,external,1,official,390,original_faces_c23/384,ffpp_test:32,0,real,h264_crf30_then_resize075,-0.026447415351867676,0.49338853153220225
fcg_official,external,1,official,391,original_faces_c23/932,ffpp_test:32,0,real,h264_crf30_then_resize075,-1.4450232982635498,0.19076866712167706
fcg_official,external,1,official,392,deepfakes_faces_c23/384_932,ffpp_test:32,1,deepfakes,h264_crf30_then_resize075,2.0993359088897705,0.890838615907114
fcg_official,external,1,official,393,deepfakes_faces_c23/932_384,ffpp_test:32,1,deepfakes,h264_crf30_then_resize075,0.3044990301132202,0.5755419720342713
fcg_official,external,1,official,394,face2face_faces_c23/384_932,ffpp_test:32,1,face2face,h264_crf30_then_resize075,0.5012845993041992,0.6227611692830232
fcg_official,external,1,official,395,face2face_faces_c23/932_384,ffpp_test:32,1,face2face,h264_crf30_then_resize075,-0.7190775871276855,0.32759613686615546
fcg_official,external,1,official,396,faceswap_faces_c23/384_932,ffpp_test:32,1,faceswap,h264_crf30_then_resize075,2.603914499282837,0.931113085659591
fcg_official,external,1,official,397,faceswap_faces_c23/932_384,ffpp_test:32,1,faceswap,h264_crf30_then_resize075,0.12709927558898926,0.5317321130837752
fcg_official,external,1,official,398,neuraltextures_faces_c23/384_932,ffpp_test:32,1,neuraltextures,h264_crf30_then_resize075,0.4159967303276062,0.602524906858674
fcg_official,external,1,official,399,neuraltextures_faces_c23/932_384,ffpp_test:32,1,neuraltextures,h264_crf30_then_resize075,-0.9636300206184387,0.2761519932461945
fcg_official,external,1,official,400,original_faces_c23/035,ffpp_test:5,0,real,h264_crf30_then_resize075,-0.6836928129196167,0.33543760400398753
fcg_official,external,1,official,401,original_faces_c23/036,ffpp_test:5,0,real,h264_crf30_then_resize075,-1.2464944124221802,0.22330756267027219
fcg_official,external,1,official,402,deepfakes_faces_c23/035_036,ffpp_test:5,1,deepfakes,h264_crf30_then_resize075,1.216047763824463,0.771367281510081
fcg_official,external,1,official,403,deepfakes_faces_c23/036_035,ffpp_test:5,1,deepfakes,h264_crf30_then_resize075,1.845259666442871,0.8635695722400312
fcg_official,external,1,official,404,face2face_faces_c23/035_036,ffpp_test:5,1,face2face,h264_crf30_then_resize075,0.275385320186615,0.5684145125069847
fcg_official,external,1,official,405,face2face_faces_c23/036_035,ffpp_test:5,1,face2face,h264_crf30_then_resize075,0.16934436559677124,0.5422352062145704
fcg_official,external,1,official,406,faceswap_faces_c23/035_036,ffpp_test:5,1,faceswap,h264_crf30_then_resize075,0.14563137292861938,0.5363436331065753
fcg_official,external,1,official,407,faceswap_faces_c23/036_035,ffpp_test:5,1,faceswap,h264_crf30_then_resize075,0.30585360527038574,0.5758728519105104
fcg_official,external,1,official,408,neuraltextures_faces_c23/035_036,ffpp_test:5,1,neuraltextures,h264_crf30_then_resize075,0.24089890718460083,0.559935158907204
fcg_official,external,1,official,409,neuraltextures_faces_c23/036_035,ffpp_test:5,1,neuraltextures,h264_crf30_then_resize075,0.18838739395141602,0.5469580528655928
fcg_official,external,1,official,410,original_faces_c23/257,ffpp_test:23,0,real,h264_crf30_then_resize075,-0.29343658685684204,0.4271627426465287
fcg_official,external,1,official,411,original_faces_c23/420,ffpp_test:23,0,real,h264_crf30_then_resize075,-0.15993517637252808,0.4601012181160869
fcg_official,external,1,official,412,deepfakes_faces_c23/257_420,ffpp_test:23,1,deepfakes,h264_crf30_then_resize075,0.8261422514915466,0.6955386118489275
fcg_official,external,1,official,413,deepfakes_faces_c23/420_257,ffpp_test:23,1,deepfakes,h264_crf30_then_resize075,0.6637763381004333,0.6601081795358837
fcg_official,external,1,official,414,face2face_faces_c23/257_420,ffpp_test:23,1,face2face,h264_crf30_then_resize075,0.2732381224632263,0.5678876859446841
fcg_official,external,1,official,415,face2face_faces_c23/420_257,ffpp_test:23,1,face2face,h264_crf30_then_resize075,-0.080485999584198,0.47988935532186855
fcg_official,external,1,official,416,faceswap_faces_c23/257_420,ffpp_test:23,1,faceswap,h264_crf30_then_resize075,0.3595936894416809,0.5889420741728882
fcg_official,external,1,official,417,faceswap_faces_c23/420_257,ffpp_test:23,1,faceswap,h264_crf30_then_resize075,0.18168330192565918,0.5452962958601778
fcg_official,external,1,official,418,neuraltextures_faces_c23/257_420,ffpp_test:23,1,neuraltextures,h264_crf30_then_resize075,-0.1780550479888916,0.45560347022428144
fcg_official,external,1,official,419,neuraltextures_faces_c23/420_257,ffpp_test:23,1,neuraltextures,h264_crf30_then_resize075,-0.48675310611724854,0.38065875060935606
fcg_official,external,1,official,420,original_faces_c23/924,ffpp_test:67,0,real,h264_crf30_then_resize075,-1.1130480766296387,0.24730306967053275
fcg_official,external,1,official,421,original_faces_c23/917,ffpp_test:67,0,real,h264_crf30_then_resize075,-1.044114112854004,0.2603569534696528
fcg_official,external,1,official,422,deepfakes_faces_c23/924_917,ffpp_test:67,1,deepfakes,h264_crf30_then_resize075,0.9224282503128052,0.7155366199731062
fcg_official,external,1,official,423,deepfakes_faces_c23/917_924,ffpp_test:67,1,deepfakes,h264_crf30_then_resize075,0.8057705163955688,0.6912074954240778
fcg_official,external,1,official,424,face2face_faces_c23/924_917,ffpp_test:67,1,face2face,h264_crf30_then_resize075,0.5835819840431213,0.6418912036695088
fcg_official,external,1,official,425,face2face_faces_c23/917_924,ffpp_test:67,1,face2face,h264_crf30_then_resize075,-0.3353844881057739,0.4169310739277047
fcg_official,external,1,official,426,faceswap_faces_c23/924_917,ffpp_test:67,1,faceswap,h264_crf30_then_resize075,-0.07524585723876953,0.4811974064481072
fcg_official,external,1,official,427,faceswap_faces_c23/917_924,ffpp_test:67,1,faceswap,h264_crf30_then_resize075,0.6250530481338501,0.6513669113604873
fcg_official,external,1,official,428,neuraltextures_faces_c23/924_917,ffpp_test:67,1,neuraltextures,h264_crf30_then_resize075,0.46197712421417236,0.6134831000285217
fcg_official,external,1,official,429,neuraltextures_faces_c23/917_924,ffpp_test:67,1,neuraltextures,h264_crf30_then_resize075,0.4261208772659302,0.6049469903195376
fcg_official,external,1,official,430,original_faces_c23/114,ffpp_test:9,0,real,h264_crf30_then_resize075,-0.7210173606872559,0.3271689925257275
fcg_official,external,1,official,431,original_faces_c23/102,ffpp_test:9,0,real,h264_crf30_then_resize075,-1.3427703380584717,0.20705484662698392
fcg_official,external,1,official,432,deepfakes_faces_c23/114_102,ffpp_test:9,1,deepfakes,h264_crf30_then_resize075,0.9650988578796387,0.7241415191157052
fcg_official,external,1,official,433,deepfakes_faces_c23/102_114,ffpp_test:9,1,deepfakes,h264_crf30_then_resize075,0.8651250600814819,0.7037303129356627
fcg_official,external,1,official,434,face2face_faces_c23/114_102,ffpp_test:9,1,face2face,h264_crf30_then_resize075,0.3980487585067749,0.5982187632325345
fcg_official,external,1,official,435,face2face_faces_c23/102_114,ffpp_test:9,1,face2face,h264_crf30_then_resize075,-0.2546078562736511,0.43668967548394394
fcg_official,external,1,official,436,faceswap_faces_c23/114_102,ffpp_test:9,1,faceswap,h264_crf30_then_resize075,0.3410877585411072,0.584454728268417
fcg_official,external,1,official,437,faceswap_faces_c23/102_114,ffpp_test:9,1,faceswap,h264_crf30_then_resize075,-0.12875086069107056,0.46785667531070596
fcg_official,external,1,official,438,neuraltextures_faces_c23/114_102,ffpp_test:9,1,neuraltextures,h264_crf30_then_resize075,0.0777248740196228,0.5194214421589844
fcg_official,external,1,official,439,neuraltextures_faces_c23/102_114,ffpp_test:9,1,neuraltextures,h264_crf30_then_resize075,-0.5498288869857788,0.36590410942747503
fcg_official,external,1,official,440,original_faces_c23/732,ffpp_test:56,0,real,h264_crf30_then_resize075,0.14559197425842285,0.5363338354651127
fcg_official,external,1,official,441,original_faces_c23/691,ffpp_test:56,0,real,h264_crf30_then_resize075,-0.4843064546585083,0.38123573563123775
fcg_official,external,1,official,442,deepfakes_faces_c23/732_691,ffpp_test:56,1,deepfakes,h264_crf30_then_resize075,1.6867694854736328,0.843798843199125
fcg_official,external,1,official,443,deepfakes_faces_c23/691_732,ffpp_test:56,1,deepfakes,h264_crf30_then_resize075,2.2599005699157715,0.9055011232760015
fcg_official,external,1,official,444,face2face_faces_c23/732_691,ffpp_test:56,1,face2face,h264_crf30_then_resize075,1.3100725412368774,0.7875252943981363
fcg_official,external,1,official,445,face2face_faces_c23/691_732,ffpp_test:56,1,face2face,h264_crf30_then_resize075,-0.20569336414337158,0.4487572042216567
fcg_official,external,1,official,446,faceswap_faces_c23/732_691,ffpp_test:56,1,faceswap,h264_crf30_then_resize075,0.47768154740333557,0.6172002566993537
fcg_official,external,1,official,447,faceswap_faces_c23/691_732,ffpp_test:56,1,faceswap,h264_crf30_then_resize075,1.8219157457351685,0.8607958425839742
fcg_official,external,1,official,448,neuraltextures_faces_c23/732_691,ffpp_test:56,1,neuraltextures,h264_crf30_then_resize075,0.5937577486038208,0.6442268824575514
fcg_official,external,1,official,449,neuraltextures_faces_c23/691_732,ffpp_test:56,1,neuraltextures,h264_crf30_then_resize075,-0.32119661569595337,0.420384151149797
fcg_official,external,1,official,450,original_faces_c23/550,ffpp_test:41,0,real,h264_crf30_then_resize075,-0.9101747274398804,0.2869640839398033
fcg_official,external,1,official,451,original_faces_c23/452,ffpp_test:41,0,real,h264_crf30_then_resize075,-0.040756046772003174,0.489812398448798
fcg_official,external,1,official,452,deepfakes_faces_c23/550_452,ffpp_test:41,1,deepfakes,h264_crf30_then_resize075,0.439846396446228,0.6082224294858769
fcg_official,external,1,official,453,deepfakes_faces_c23/452_550,ffpp_test:41,1,deepfakes,h264_crf30_then_resize075,1.9527528285980225,0.8757464996405703
fcg_official,external,1,official,454,face2face_faces_c23/550_452,ffpp_test:41,1,face2face,h264_crf30_then_resize075,0.9543523788452148,0.7219896336309604
fcg_official,external,1,official,455,face2face_faces_c23/452_550,ffpp_test:41,1,face2face,h264_crf30_then_resize075,0.6900538802146912,0.665978912566676
fcg_official,external,1,official,456,faceswap_faces_c23/550_452,ffpp_test:41,1,faceswap,h264_crf30_then_resize075,1.0120385885238647,0.7334189147306545
fcg_official,external,1,official,457,faceswap_faces_c23/452_550,ffpp_test:41,1,faceswap,h264_crf30_then_resize075,0.813541054725647,0.6928635678442678
fcg_official,external,1,official,458,neuraltextures_faces_c23/550_452,ffpp_test:41,1,neuraltextures,h264_crf30_then_resize075,0.10234469175338745,0.5255638629124543
fcg_official,external,1,official,459,neuraltextures_faces_c23/452_550,ffpp_test:41,1,neuraltextures,h264_crf30_then_resize075,0.7190108299255371,0.67238915789453
fcg_official,external,1,official,460,original_faces_c23/280,ffpp_test:22,0,real,h264_crf30_then_resize075,-0.5595307946205139,0.3636560317388294
fcg_official,external,1,official,461,original_faces_c23/249,ffpp_test:22,0,real,h264_crf30_then_resize075,-1.3932311534881592,0.19889242257276815
fcg_official,external,1,official,462,deepfakes_faces_c23/280_249,ffpp_test:22,1,deepfakes,h264_crf30_then_resize075,0.001268923282623291,0.5003172307780896
fcg_official,external,1,official,463,deepfakes_faces_c23/249_280,ffpp_test:22,1,deepfakes,h264_crf30_then_resize075,1.3600703477859497,0.7957711308364392
fcg_official,external,1,official,464,face2face_faces_c23/280_249,ffpp_test:22,1,face2face,h264_crf30_then_resize075,0.2510664463043213,0.562438972239901
fcg_official,external,1,official,465,face2face_faces_c23/249_280,ffpp_test:22,1,face2face,h264_crf30_then_resize075,0.9482961893081665,0.7207723988741246
fcg_official,external,1,official,466,faceswap_faces_c23/280_249,ffpp_test:22,1,faceswap,h264_crf30_then_resize075,0.010782837867736816,0.5026956833481512
fcg_official,external,1,official,467,faceswap_faces_c23/249_280,ffpp_test:22,1,faceswap,h264_crf30_then_resize075,1.0687000751495361,0.7443496274730502
fcg_official,external,1,official,468,neuraltextures_faces_c23/280_249,ffpp_test:22,1,neuraltextures,h264_crf30_then_resize075,-0.4901025891304016,0.3798694005772604
fcg_official,external,1,official,469,neuraltextures_faces_c23/249_280,ffpp_test:22,1,neuraltextures,h264_crf30_then_resize075,-0.767377495765686,0.3170466794323238
fcg_official,external,1,official,470,original_faces_c23/842,ffpp_test:58,0,real,h264_crf30_then_resize075,-0.4676284193992615,0.3851777183110077
fcg_official,external,1,official,471,original_faces_c23/714,ffpp_test:58,0,real,h264_crf30_then_resize075,-1.2939761877059937,0.21518056021039628
fcg_official,external,1,official,472,deepfakes_faces_c23/842_714,ffpp_test:58,1,deepfakes,h264_crf30_then_resize075,1.371606707572937,0.7976396173206474
fcg_official,external,1,official,473,deepfakes_faces_c23/714_842,ffpp_test:58,1,deepfakes,h264_crf30_then_resize075,1.229966402053833,0.7738126937889745
fcg_official,external,1,official,474,face2face_faces_c23/842_714,ffpp_test:58,1,face2face,h264_crf30_then_resize075,0.46659278869628906,0.61457699878486
fcg_official,external,1,official,475,face2face_faces_c23/714_842,ffpp_test:58,1,face2face,h264_crf30_then_resize075,-0.44529837369918823,0.3904791995612647
fcg_official,external,1,official,476,faceswap_faces_c23/842_714,ffpp_test:58,1,faceswap,h264_crf30_then_resize075,0.7521250247955322,0.6796415550291668
fcg_official,external,1,official,477,faceswap_faces_c23/714_842,ffpp_test:58,1,faceswap,h264_crf30_then_resize075,0.27459609508514404,0.5682208897911293
fcg_official,external,1,official,478,neuraltextures_faces_c23/842_714,ffpp_test:58,1,neuraltextures,h264_crf30_then_resize075,-0.16840356588363647,0.45799832476538765
fcg_official,external,1,official,479,neuraltextures_faces_c23/714_842,ffpp_test:58,1,neuraltextures,h264_crf30_then_resize075,-0.8679802417755127,0.2956747454016302
fcg_official,external,1,official,480,original_faces_c23/625,ffpp_test:52,0,real,h264_crf30_then_resize075,-1.0906834602355957,0.2514896002234487
fcg_official,external,1,official,481,original_faces_c23/650,ffpp_test:52,0,real,h264_crf30_then_resize075,-1.2956204414367676,0.21490301215768068
fcg_official,external,1,official,482,deepfakes_faces_c23/625_650,ffpp_test:52,1,deepfakes,h264_crf30_then_resize075,1.1661409139633179,0.7624467595732897
fcg_official,external,1,official,483,deepfakes_faces_c23/650_625,ffpp_test:52,1,deepfakes,h264_crf30_then_resize075,1.26145339012146,0.7792761993309519
fcg_official,external,1,official,484,face2face_faces_c23/625_650,ffpp_test:52,1,face2face,h264_crf30_then_resize075,0.6844093799591064,0.6647221137192276
fcg_official,external,1,official,485,face2face_faces_c23/650_625,ffpp_test:52,1,face2face,h264_crf30_then_resize075,0.06805258989334106,0.5170065846357672
fcg_official,external,1,official,486,faceswap_faces_c23/625_650,ffpp_test:52,1,faceswap,h264_crf30_then_resize075,0.38362109661102295,0.5947461696761984
fcg_official,external,1,official,487,faceswap_faces_c23/650_625,ffpp_test:52,1,faceswap,h264_crf30_then_resize075,0.7211890816688538,0.6728688071963383
fcg_official,external,1,official,488,neuraltextures_faces_c23/625_650,ffpp_test:52,1,neuraltextures,h264_crf30_then_resize075,0.6592434644699097,0.6590904227683014
fcg_official,external,1,official,489,neuraltextures_faces_c23/650_625,ffpp_test:52,1,neuraltextures,h264_crf30_then_resize075,-0.5196282267570496,0.3729391708136849
fcg_official,external,1,official,490,original_faces_c23/024,ffpp_test:3,0,real,h264_crf30_then_resize075,-0.9375737905502319,0.28139068600365974
fcg_official,external,1,official,491,original_faces_c23/073,ffpp_test:3,0,real,h264_crf30_then_resize075,-0.9822680354118347,0.27244198773624334
fcg_official,external,1,official,492,deepfakes_faces_c23/024_073,ffpp_test:3,1,deepfakes,h264_crf30_then_resize075,0.14454269409179688,0.5360728907037355
fcg_official,external,1,official,493,deepfakes_faces_c23/073_024,ffpp_test:3,1,deepfakes,h264_crf30_then_resize075,1.6280474662780762,0.8359019856350893
fcg_official,external,1,official,494,face2face_faces_c23/024_073,ffpp_test:3,1,face2face,h264_crf30_then_resize075,-0.8211092948913574,0.30552823812530366
fcg_official,external,1,official,495,face2face_faces_c23/073_024,ffpp_test:3,1,face2face,h264_crf30_then_resize075,0.333091139793396,0.5825113081363322
fcg_official,external,1,official,496,faceswap_faces_c23/024_073,ffpp_test:3,1,faceswap,h264_crf30_then_resize075,0.06495559215545654,0.5162331908111322
fcg_official,external,1,official,497,faceswap_faces_c23/073_024,ffpp_test:3,1,faceswap,h264_crf30_then_resize075,0.7381311655044556,0.6765870584877117
fcg_official,external,1,official,498,neuraltextures_faces_c23/024_073,ffpp_test:3,1,neuraltextures,h264_crf30_then_resize075,-0.07045775651931763,0.48239284419454226
fcg_official,external,1,official,499,neuraltextures_faces_c23/073_024,ffpp_test:3,1,neuraltextures,h264_crf30_then_resize075,-0.22729629278182983,0.4434193141596676
fcg_official,external,1,official,500,original_faces_c23/044,ffpp_test:6,0,real,h264_crf30_then_resize075,-1.0583243370056152,0.25762980627423504
fcg_official,external,1,official,501,original_faces_c23/945,ffpp_test:6,0,real,h264_crf30_then_resize075,-0.8169034719467163,0.30642136190579977
fcg_official,external,1,official,502,deepfakes_faces_c23/044_945,ffpp_test:6,1,deepfakes,h264_crf30_then_resize075,1.7175217866897583,0.8478093513550877
fcg_official,external,1,official,503,deepfakes_faces_c23/945_044,ffpp_test:6,1,deepfakes,h264_crf30_then_resize075,1.3647456169128418,0.7965299023295627
fcg_official,external,1,official,504,face2face_faces_c23/044_945,ffpp_test:6,1,face2face,h264_crf30_then_resize075,0.03941547870635986,0.5098525941435477
fcg_official,external,1,official,505,face2face_faces_c23/945_044,ffpp_test:6,1,face2face,h264_crf30_then_resize075,-0.08325326442718506,0.47919869717515046
fcg_official,external,1,official,506,faceswap_faces_c23/044_945,ffpp_test:6,1,faceswap,h264_crf30_then_resize075,0.989938497543335,0.7290757742913975
fcg_official,external,1,official,507,faceswap_faces_c23/945_044,ffpp_test:6,1,faceswap,h264_crf30_then_resize075,1.0905284881591797,0.7484812263093972
fcg_official,external,1,official,508,neuraltextures_faces_c23/044_945,ffpp_test:6,1,neuraltextures,h264_crf30_then_resize075,0.03776884078979492,0.509441087926341
fcg_official,external,1,official,509,neuraltextures_faces_c23/945_044,ffpp_test:6,1,neuraltextures,h264_crf30_then_resize075,-0.2762039303779602,0.4313846777449712
fcg_official,external,1,official,510,original_faces_c23/896,ffpp_test:10,0,real,h264_crf30_then_resize075,-0.6009494066238403,0.35412651455027483
fcg_official,external,1,official,511,original_faces_c23/128,ffpp_test:10,0,real,h264_crf30_then_resize075,-0.5805940628051758,0.35879591127991195
fcg_official,external,1,official,512,deepfakes_faces_c23/896_128,ffpp_test:10,1,deepfakes,h264_crf30_then_resize075,0.21250712871551514,0.5529277503424456
fcg_official,external,1,official,513,deepfakes_faces_c23/128_896,ffpp_test:10,1,deepfakes,h264_crf30_then_resize075,1.331282138824463,0.7910526364977106
fcg_official,external,1,official,514,face2face_faces_c23/896_128,ffpp_test:10,1,face2face,h264_crf30_then_resize075,0.007630825042724609,0.5019076970036713
fcg_official,external,1,official,515,face2face_faces_c23/128_896,ffpp_test:10,1,face2face,h264_crf30_then_resize075,-0.1626262664794922,0.4594328017421889
fcg_official,external,1,official,516,faceswap_faces_c23/896_128,ffpp_test:10,1,faceswap,h264_crf30_then_resize075,-0.0713089108467102,0.48218032267845884
fcg_official,external,1,official,517,faceswap_faces_c23/128_896,ffpp_test:10,1,faceswap,h264_crf30_then_resize075,0.7965677976608276,0.6892398214672664
fcg_official,external,1,official,518,neuraltextures_faces_c23/896_128,ffpp_test:10,1,neuraltextures,h264_crf30_then_resize075,0.4343750774860382,0.6069179111727527
fcg_official,external,1,official,519,neuraltextures_faces_c23/128_896,ffpp_test:10,1,neuraltextures,h264_crf30_then_resize075,0.6242386102676392,0.6511819394540528
fcg_official,external,1,official,520,original_faces_c23/862,ffpp_test:7,0,real,h264_crf30_then_resize075,-0.7242152094841003,0.32646544129521987
fcg_official,external,1,official,521,original_faces_c23/047,ffpp_test:7,0,real,h264_crf30_then_resize075,-0.8953084945678711,0.2900155565038796
fcg_official,external,1,official,522,deepfakes_faces_c23/862_047,ffpp_test:7,1,deepfakes,h264_crf30_then_resize075,1.455221176147461,0.8108006777638606
fcg_official,external,1,official,523,deepfakes_faces_c23/047_862,ffpp_test:7,1,deepfakes,h264_crf30_then_resize075,-0.05306243896484375,0.4867375019616807
fcg_official,external,1,official,524,face2face_faces_c23/862_047,ffpp_test:7,1,face2face,h264_crf30_then_resize075,0.4102882742881775,0.6011569996001362
fcg_official,external,1,official,525,face2face_faces_c23/047_862,ffpp_test:7,1,face2face,h264_crf30_then_resize075,0.4705197811126709,0.6155067742289646
fcg_official,external,1,official,526,faceswap_faces_c23/862_047,ffpp_test:7,1,faceswap,h264_crf30_then_resize075,0.5972626209259033,0.6450297876213871
fcg_official,external,1,official,527,faceswap_faces_c23/047_862,ffpp_test:7,1,faceswap,h264_crf30_then_resize075,2.1014394760131836,0.891043009544248
fcg_official,external,1,official,528,neuraltextures_faces_c23/862_047,ffpp_test:7,1,neuraltextures,h264_crf30_then_resize075,0.4566720724105835,0.6122244029049014
fcg_official,external,1,official,529,neuraltextures_faces_c23/047_862,ffpp_test:7,1,neuraltextures,h264_crf30_then_resize075,-0.8192369937896729,0.3059256489320493
fcg_official,external,1,official,530,original_faces_c23/607,ffpp_test:49,0,real,h264_crf30_then_resize075,-0.4497235119342804,0.38942650557629277
fcg_official,external,1,official,531,original_faces_c23/683,ffpp_test:49,0,real,h264_crf30_then_resize075,-0.4218124747276306,0.3960831223022023
fcg_official,external,1,official,532,deepfakes_faces_c23/607_683,ffpp_test:49,1,deepfakes,h264_crf30_then_resize075,2.2038402557373047,0.9005938374352181
fcg_official,external,1,official,533,deepfakes_faces_c23/683_607,ffpp_test:49,1,deepfakes,h264_crf30_then_resize075,2.826122283935547,0.9440712079263517
fcg_official,external,1,official,534,face2face_faces_c23/607_683,ffpp_test:49,1,face2face,h264_crf30_then_resize075,0.3372180461883545,0.5835145952180409
fcg_official,external,1,official,535,face2face_faces_c23/683_607,ffpp_test:49,1,face2face,h264_crf30_then_resize075,0.48099300265312195,0.617982330452916
fcg_official,external,1,official,536,faceswap_faces_c23/607_683,ffpp_test:49,1,faceswap,h264_crf30_then_resize075,2.015058755874634,0.8823691065113369
fcg_official,external,1,official,537,faceswap_faces_c23/683_607,ffpp_test:49,1,faceswap,h264_crf30_then_resize075,2.230250835418701,0.9029333456353537
fcg_official,external,1,official,538,neuraltextures_faces_c23/607_683,ffpp_test:49,1,neuraltextures,h264_crf30_then_resize075,0.037511229515075684,0.5093767079133964
fcg_official,external,1,official,539,neuraltextures_faces_c23/683_607,ffpp_test:49,1,neuraltextures,h264_crf30_then_resize075,0.43088752031326294,0.6060855801612981
fcg_official,external,1,official,540,original_faces_c23/517,ffpp_test:45,0,real,h264_crf30_then_resize075,0.11781424283981323,0.5294195394987696
fcg_official,external,1,official,541,original_faces_c23/521,ffpp_test:45,0,real,h264_crf30_then_resize075,-1.0428411960601807,0.2606021553618504
fcg_official,external,1,official,542,deepfakes_faces_c23/517_521,ffpp_test:45,1,deepfakes,h264_crf30_then_resize075,2.090719223022461,0.8899978585258145
fcg_official,external,1,official,543,deepfakes_faces_c23/521_517,ffpp_test:45,1,deepfakes,h264_crf30_then_resize075,1.3867870569229126,0.800078819676652
fcg_official,external,1,official,544,face2face_faces_c23/517_521,ffpp_test:45,1,face2face,h264_crf30_then_resize075,0.9413504004478455,0.7193723512901478
fcg_official,external,1,official,545,face2face_faces_c23/521_517,ffpp_test:45,1,face2face,h264_crf30_then_resize075,0.4445585608482361,0.6093447068774894
fcg_official,external,1,official,546,faceswap_faces_c23/517_521,ffpp_test:45,1,faceswap,h264_crf30_then_resize075,1.7047646045684814,0.84615599567565
fcg_official,external,1,official,547,faceswap_faces_c23/521_517,ffpp_test:45,1,faceswap,h264_crf30_then_resize075,0.28602564334869385,0.5710228674130315
fcg_official,external,1,official,548,neuraltextures_faces_c23/517_521,ffpp_test:45,1,neuraltextures,h264_crf30_then_resize075,0.7853492498397827,0.6868318530408957
fcg_official,external,1,official,549,neuraltextures_faces_c23/521_517,ffpp_test:45,1,neuraltextures,h264_crf30_then_resize075,0.06617307662963867,0.5165372350558672
fcg_official,external,1,official,550,original_faces_c23/682,ffpp_test:55,0,real,h264_crf30_then_resize075,-1.3326499462127686,0.20872137086226325
fcg_official,external,1,official,551,original_faces_c23/669,ffpp_test:55,0,real,h264_crf30_then_resize075,-0.20260965824127197,0.44952015338273915
fcg_official,external,1,official,552,deepfakes_faces_c23/682_669,ffpp_test:55,1,deepfakes,h264_crf30_then_resize075,1.2109782695770264,0.7704719968047803
fcg_official,external,1,official,553,deepfakes_faces_c23/669_682,ffpp_test:55,1,deepfakes,h264_crf30_then_resize075,1.2985897064208984,0.7855975372648882
fcg_official,external,1,official,554,face2face_faces_c23/682_669,ffpp_test:55,1,face2face,h264_crf30_then_resize075,-0.28464585542678833,0.429315152646553
fcg_official,external,1,official,555,face2face_faces_c23/669_682,ffpp_test:55,1,face2face,h264_crf30_then_resize075,1.5732824802398682,0.8282510484173335
fcg_official,external,1,official,556,faceswap_faces_c23/682_669,ffpp_test:55,1,faceswap,h264_crf30_then_resize075,-0.45433324575424194,0.3883309933593707
fcg_official,external,1,official,557,faceswap_faces_c23/669_682,ffpp_test:55,1,faceswap,h264_crf30_then_resize075,1.1717159748077393,0.7634550461692445
fcg_official,external,1,official,558,neuraltextures_faces_c23/682_669,ffpp_test:55,1,neuraltextures,h264_crf30_then_resize075,-0.8922572135925293,0.29064423751391033
fcg_official,external,1,official,559,neuraltextures_faces_c23/669_682,ffpp_test:55,1,neuraltextures,h264_crf30_then_resize075,0.9674559831619263,0.7246121309717454
fcg_official,external,1,official,560,original_faces_c23/138,ffpp_test:12,0,real,h264_crf30_then_resize075,0.16845786571502686,0.5420151543691711
fcg_official,external,1,official,561,original_faces_c23/142,ffpp_test:12,0,real,h264_crf30_then_resize075,-0.8883056640625,0.29145960260537496
fcg_official,external,1,official,562,deepfakes_faces_c23/138_142,ffpp_test:12,1,deepfakes,h264_crf30_then_resize075,1.7250468730926514,0.8487777639415633
fcg_official,external,1,official,563,deepfakes_faces_c23/142_138,ffpp_test:12,1,deepfakes,h264_crf30_then_resize075,0.4036863446235657,0.599573020926798
fcg_official,external,1,official,564,face2face_faces_c23/138_142,ffpp_test:12,1,face2face,h264_crf30_then_resize075,1.591148018836975,0.8307775599722107
fcg_official,external,1,official,565,face2face_faces_c23/142_138,ffpp_test:12,1,face2face,h264_crf30_then_resize075,-0.24098098278045654,0.44004461712719495
fcg_official,external,1,official,566,faceswap_faces_c23/138_142,ffpp_test:12,1,faceswap,h264_crf30_then_resize075,0.7920224666595459,0.6882654283386503
fcg_official,external,1,official,567,faceswap_faces_c23/142_138,ffpp_test:12,1,faceswap,h264_crf30_then_resize075,1.0248016119003296,0.7359068394085909
fcg_official,external,1,official,568,neuraltextures_faces_c23/138_142,ffpp_test:12,1,neuraltextures,h264_crf30_then_resize075,0.8885104656219482,0.7085826893431202
fcg_official,external,1,official,569,neuraltextures_faces_c23/142_138,ffpp_test:12,1,neuraltextures,h264_crf30_then_resize075,-0.6009663343429565,0.3541226428362399
fcg_official,external,1,official,570,original_faces_c23/552,ffpp_test:47,0,real,h264_crf30_then_resize075,-1.3691425323486328,0.20275841855672896
fcg_official,external,1,official,571,original_faces_c23/851,ffpp_test:47,0,real,h264_crf30_then_resize075,-1.025605320930481,0.2639369909966908
fcg_official,external,1,official,572,deepfakes_faces_c23/552_851,ffpp_test:47,1,deepfakes,h264_crf30_then_resize075,1.4462558031082153,0.809421529511431
fcg_official,external,1,official,573,deepfakes_faces_c23/851_552,ffpp_test:47,1,deepfakes,h264_crf30_then_resize075,0.32586532831192017,0.5807530087612086
fcg_official,external,1,official,574,face2face_faces_c23/552_851,ffpp_test:47,1,face2face,h264_crf30_then_resize075,-0.8329125642776489,0.3030295762091379
fcg_official,external,1,official,575,face2face_faces_c23/851_552,ffpp_test:47,1,face2face,h264_crf30_then_resize075,-0.09941959381103516,0.4751655540125772
fcg_official,external,1,official,576,faceswap_faces_c23/552_851,ffpp_test:47,1,faceswap,h264_crf30_then_resize075,0.6526559591293335,0.6576087271574191
fcg_official,external,1,official,577,faceswap_faces_c23/851_552,ffpp_test:47,1,faceswap,h264_crf30_then_resize075,1.3924808502197266,0.8009880014268392
fcg_official,external,1,official,578,neuraltextures_faces_c23/552_851,ffpp_test:47,1,neuraltextures,h264_crf30_then_resize075,-0.8659955859184265,0.29608821988078515
fcg_official,external,1,official,579,neuraltextures_faces_c23/851_552,ffpp_test:47,1,neuraltextures,h264_crf30_then_resize075,-0.024480700492858887,0.4938801305126097
fcg_official,external,1,official,580,original_faces_c23/376,ffpp_test:31,0,real,h264_crf30_then_resize075,-0.7305970191955566,0.3250637293398232
fcg_official,external,1,official,581,original_faces_c23/381,ffpp_test:31,0,real,h264_crf30_then_resize075,-1.3903276920318604,0.1993554478355203
fcg_official,external,1,official,582,deepfakes_faces_c23/376_381,ffpp_test:31,1,deepfakes,h264_crf30_then_resize075,0.10497832298278809,0.5262205050241097
fcg_official,external,1,official,583,deepfakes_faces_c23/381_376,ffpp_test:31,1,deepfakes,h264_crf30_then_resize075,1.4626801013946533,0.8119422470931196
fcg_official,external,1,official,584,face2face_faces_c23/376_381,ffpp_test:31,1,face2face,h264_crf30_then_resize075,0.019814670085906982,0.5049535054516198
fcg_official,external,1,official,585,face2face_faces_c23/381_376,ffpp_test:31,1,face2face,h264_crf30_then_resize075,-0.385265588760376,0.40485753146026265
fcg_official,external,1,official,586,faceswap_faces_c23/376_381,ffpp_test:31,1,faceswap,h264_crf30_then_resize075,1.0582376718521118,0.7423536180872757
fcg_official,external,1,official,587,faceswap_faces_c23/381_376,ffpp_test:31,1,faceswap,h264_crf30_then_resize075,1.1595464944839478,0.7612503007609429
fcg_official,external,1,official,588,neuraltextures_faces_c23/376_381,ffpp_test:31,1,neuraltextures,h264_crf30_then_resize075,0.35392963886260986,0.5875701806364716
fcg_official,external,1,official,589,neuraltextures_faces_c23/381_376,ffpp_test:31,1,neuraltextures,h264_crf30_then_resize075,-0.7947127223014832,0.31115765337291723
fcg_official,external,1,official,590,original_faces_c23/000,ffpp_test:0,0,real,h264_crf30_then_resize075,-0.914138674736023,0.28615368350954934
fcg_official,external,1,official,591,original_faces_c23/003,ffpp_test:0,0,real,h264_crf30_then_resize075,-0.9087594151496887,0.2872537663470798
fcg_official,external,1,official,592,deepfakes_faces_c23/000_003,ffpp_test:0,1,deepfakes,h264_crf30_then_resize075,0.7416017055511475,0.6773460058020044
fcg_official,external,1,official,593,deepfakes_faces_c23/003_000,ffpp_test:0,1,deepfakes,h264_crf30_then_resize075,0.4091182351112366,0.6008764293352834
fcg_official,external,1,official,594,face2face_faces_c23/000_003,ffpp_test:0,1,face2face,h264_crf30_then_resize075,-0.479699969291687,0.38232297561593753
fcg_official,external,1,official,595,face2face_faces_c23/003_000,ffpp_test:0,1,face2face,h264_crf30_then_resize075,0.31090080738067627,0.5771051227532479
fcg_official,external,1,official,596,faceswap_faces_c23/000_003,ffpp_test:0,1,faceswap,h264_crf30_then_resize075,0.8003271818161011,0.6900444641400996
fcg_official,external,1,official,597,faceswap_faces_c23/003_000,ffpp_test:0,1,faceswap,h264_crf30_then_resize075,1.050746202468872,0.7409181647911612
fcg_official,external,1,official,598,neuraltextures_faces_c23/000_003,ffpp_test:0,1,neuraltextures,h264_crf30_then_resize075,-0.2981529235839844,0.42600907833696433
fcg_official,external,1,official,599,neuraltextures_faces_c23/003_000,ffpp_test:0,1,neuraltextures,h264_crf30_then_resize075,-0.6494282484054565,0.34311839180553977
fcg_official,external,1,official,600,original_faces_c23/048,ffpp_test:4,0,real,h264_crf30_then_resize075,-0.7133764028549194,0.3288532082879169
fcg_official,external,1,official,601,original_faces_c23/029,ffpp_test:4,0,real,h264_crf30_then_resize075,0.10412287712097168,0.5260072269195486
fcg_official,external,1,official,602,deepfakes_faces_c23/048_029,ffpp_test:4,1,deepfakes,h264_crf30_then_resize075,1.7199270725250244,0.8481194425856643
fcg_official,external,1,official,603,deepfakes_faces_c23/029_048,ffpp_test:4,1,deepfakes,h264_crf30_then_resize075,0.6683470010757446,0.6611329263351063
fcg_official,external,1,official,604,face2face_faces_c23/048_029,ffpp_test:4,1,face2face,h264_crf30_then_resize075,-0.13545316457748413,0.4661883897657653
fcg_official,external,1,official,605,face2face_faces_c23/029_048,ffpp_test:4,1,face2face,h264_crf30_then_resize075,1.0335935354232788,0.7376119842554086
fcg_official,external,1,official,606,faceswap_faces_c23/048_029,ffpp_test:4,1,faceswap,h264_crf30_then_resize075,0.8163125514984131,0.6934530369965808
fcg_official,external,1,official,607,faceswap_faces_c23/029_048,ffpp_test:4,1,faceswap,h264_crf30_then_resize075,1.1149256229400635,0.7530462589590146
fcg_official,external,1,official,608,neuraltextures_faces_c23/048_029,ffpp_test:4,1,neuraltextures,h264_crf30_then_resize075,-0.31162893772125244,0.42271718352611043
fcg_official,external,1,official,609,neuraltextures_faces_c23/029_048,ffpp_test:4,1,neuraltextures,h264_crf30_then_resize075,1.2095589637756348,0.7702209034655805
fcg_official,external,1,official,610,original_faces_c23/724,ffpp_test:59,0,real,h264_crf30_then_resize075,-0.29028457403182983,0.4279342000616657
fcg_official,external,1,official,611,original_faces_c23/725,ffpp_test:59,0,real,h264_crf30_then_resize075,-0.8741427063941956,0.2943930227430572
fcg_official,external,1,official,612,deepfakes_faces_c23/724_725,ffpp_test:59,1,deepfakes,h264_crf30_then_resize075,1.449932336807251,0.8099880203351995
fcg_official,external,1,official,613,deepfakes_faces_c23/725_724,ffpp_test:59,1,deepfakes,h264_crf30_then_resize075,1.7898792028427124,0.8569124657972375
fcg_official,external,1,official,614,face2face_faces_c23/724_725,ffpp_test:59,1,face2face,h264_crf30_then_resize075,0.4857412874698639,0.6191026766000085
fcg_official,external,1,official,615,face2face_faces_c23/725_724,ffpp_test:59,1,face2face,h264_crf30_then_resize075,0.2753586769104004,0.5684079763810846
fcg_official,external,1,official,616,faceswap_faces_c23/724_725,ffpp_test:59,1,faceswap,h264_crf30_then_resize075,1.6595793962478638,0.8401815339270509
fcg_official,external,1,official,617,faceswap_faces_c23/725_724,ffpp_test:59,1,faceswap,h264_crf30_then_resize075,0.8061705231666565,0.6912928662161112
fcg_official,external,1,official,618,neuraltextures_faces_c23/724_725,ffpp_test:59,1,neuraltextures,h264_crf30_then_resize075,0.4107280969619751,0.6012624499848405
fcg_official,external,1,official,619,neuraltextures_faces_c23/725_724,ffpp_test:59,1,neuraltextures,h264_crf30_then_resize075,-0.32249218225479126,0.4200685042986882
fcg_official,external,1,official,620,original_faces_c23/608,ffpp_test:50,0,real,h264_crf30_then_resize075,-0.6603943109512329,0.3406510406262719
fcg_official,external,1,official,621,original_faces_c23/675,ffpp_test:50,0,real,h264_crf30_then_resize075,-1.3444688320159912,0.20677612131179565
fcg_official,external,1,official,622,deepfakes_faces_c23/608_675,ffpp_test:50,1,deepfakes,h264_crf30_then_resize075,2.5083045959472656,0.9247219562555679
fcg_official,external,1,official,623,deepfakes_faces_c23/675_608,ffpp_test:50,1,deepfakes,h264_crf30_then_resize075,0.6573255062103271,0.6586593448695324
fcg_official,external,1,official,624,face2face_faces_c23/608_675,ffpp_test:50,1,face2face,h264_crf30_then_resize075,-0.05241042375564575,0.4869003924813126
fcg_official,external,1,official,625,face2face_faces_c23/675_608,ffpp_test:50,1,face2face,h264_crf30_then_resize075,0.4318739175796509,0.6063210537551414
fcg_official,external,1,official,626,faceswap_faces_c23/608_675,ffpp_test:50,1,faceswap,h264_crf30_then_resize075,2.2163946628570557,0.9017121266189515
fcg_official,external,1,official,627,faceswap_faces_c23/675_608,ffpp_test:50,1,faceswap,h264_crf30_then_resize075,0.35394108295440674,0.5875729538972054
fcg_official,external,1,official,628,neuraltextures_faces_c23/608_675,ffpp_test:50,1,neuraltextures,h264_crf30_then_resize075,0.25237590074539185,0.5627612043859527
fcg_official,external,1,official,629,neuraltextures_faces_c23/675_608,ffpp_test:50,1,neuraltextures,h264_crf30_then_resize075,0.01546335220336914,0.5038657610209445
fcg_official,external,1,official,630,original_faces_c23/386,ffpp_test:14,0,real,h264_crf30_then_resize075,-1.3573154211044312,0.20467696313603498
fcg_official,external,1,official,631,original_faces_c23/154,ffpp_test:14,0,real,h264_crf30_then_resize075,-0.9176296591758728,0.2854411136619688
fcg_official,external,1,official,632,deepfakes_faces_c23/386_154,ffpp_test:14,1,deepfakes,h264_crf30_then_resize075,1.492021918296814,0.8163815575200537
fcg_official,external,1,official,633,deepfakes_faces_c23/154_386,ffpp_test:14,1,deepfakes,h264_crf30_then_resize075,1.3834559917449951,0.7995454741715103
fcg_official,external,1,official,634,face2face_faces_c23/386_154,ffpp_test:14,1,face2face,h264_crf30_then_resize075,0.15187352895736694,0.5378955699859446
fcg_official,external,1,official,635,face2face_faces_c23/154_386,ffpp_test:14,1,face2face,h264_crf30_then_resize075,0.5734917521476746,0.6395684877206466
fcg_official,external,1,official,636,faceswap_faces_c23/386_154,ffpp_test:14,1,faceswap,h264_crf30_then_resize075,0.18282824754714966,0.5455801683651639
fcg_official,external,1,official,637,faceswap_faces_c23/154_386,ffpp_test:14,1,faceswap,h264_crf30_then_resize075,0.7571678161621094,0.6807385204453902
fcg_official,external,1,official,638,neuraltextures_faces_c23/386_154,ffpp_test:14,1,neuraltextures,h264_crf30_then_resize075,-0.9679660797119141,0.2752860912358298
fcg_official,external,1,official,639,neuraltextures_faces_c23/154_386,ffpp_test:14,1,neuraltextures,h264_crf30_then_resize075,-0.31817710399627686,0.4211200657015111
fcg_official,external,1,official,640,original_faces_c23/220,ffpp_test:20,0,real,h264_crf30_then_resize075,0.5511797666549683,0.634409262552067
fcg_official,external,1,official,641,original_faces_c23/219,ffpp_test:20,0,real,h264_crf30_then_resize075,-0.2551478147506714,0.4365568546684389
fcg_official,external,1,official,642,deepfakes_faces_c23/220_219,ffpp_test:20,1,deepfakes,h264_crf30_then_resize075,1.5339033603668213,0.8225767047646733
fcg_official,external,1,official,643,deepfakes_faces_c23/219_220,ffpp_test:20,1,deepfakes,h264_crf30_then_resize075,1.8411433696746826,0.8630838756313658
fcg_official,external,1,official,644,face2face_faces_c23/220_219,ffpp_test:20,1,face2face,h264_crf30_then_resize075,0.9379528760910034,0.7186859625184402
fcg_official,external,1,official,645,face2face_faces_c23/219_220,ffpp_test:20,1,face2face,h264_crf30_then_resize075,0.19218045473098755,0.5478977856317537
fcg_official,external,1,official,646,faceswap_faces_c23/220_219,ffpp_test:20,1,faceswap,h264_crf30_then_resize075,1.2474379539489746,0.7768560436691624
fcg_official,external,1,official,647,faceswap_faces_c23/219_220,ffpp_test:20,1,faceswap,h264_crf30_then_resize075,0.5662933588027954,0.6379074478771701
fcg_official,external,1,official,648,neuraltextures_faces_c23/220_219,ffpp_test:20,1,neuraltextures,h264_crf30_then_resize075,0.5673472881317139,0.6381508506923691
fcg_official,external,1,official,649,neuraltextures_faces_c23/219_220,ffpp_test:20,1,neuraltextures,h264_crf30_then_resize075,0.09649258852005005,0.5241044473515077
fcg_official,external,1,official,650,original_faces_c23/801,ffpp_test:63,0,real,h264_crf30_then_resize075,-0.6740241050720215,0.33759636279080885
fcg_official,external,1,official,651,original_faces_c23/855,ffpp_test:63,0,real,h264_crf30_then_resize075,-0.9945547580718994,0.2700133669534149
fcg_official,external,1,official,652,deepfakes_faces_c23/801_855,ffpp_test:63,1,deepfakes,h264_crf30_then_resize075,0.8700743913650513,0.7047611770579811
fcg_official,external,1,official,653,deepfakes_faces_c23/855_801,ffpp_test:63,1,deepfakes,h264_crf30_then_resize075,2.18512225151062,0.8989055056637119
fcg_official,external,1,official,654,face2face_faces_c23/801_855,ffpp_test:63,1,face2face,h264_crf30_then_resize075,0.24322384595870972,0.5605079618259898
fcg_official,external,1,official,655,face2face_faces_c23/855_801,ffpp_test:63,1,face2face,h264_crf30_then_resize075,-0.23441272974014282,0.4416637016080859
fcg_official,external,1,official,656,faceswap_faces_c23/801_855,ffpp_test:63,1,faceswap,h264_crf30_then_resize075,-0.2677042484283447,0.43347078527528443
fcg_official,external,1,official,657,faceswap_faces_c23/855_801,ffpp_test:63,1,faceswap,h264_crf30_then_resize075,0.5838403701782227,0.6419505959080418
fcg_official,external,1,official,658,neuraltextures_faces_c23/801_855,ffpp_test:63,1,neuraltextures,h264_crf30_then_resize075,0.195084810256958,0.5486171107744451
fcg_official,external,1,official,659,neuraltextures_faces_c23/855_801,ffpp_test:63,1,neuraltextures,h264_crf30_then_resize075,-0.29665374755859375,0.4263757054691571
fcg_official,external,1,official,660,original_faces_c23/161,ffpp_test:13,0,real,h264_crf30_then_resize075,-0.7747891545295715,0.31544402768444363
fcg_official,external,1,official,661,original_faces_c23/141,ffpp_test:13,0,real,h264_crf30_then_resize075,-1.1291544437408447,0.24431717907211936
fcg_official,external,1,official,662,deepfakes_faces_c23/161_141,ffpp_test:13,1,deepfakes,h264_crf30_then_resize075,1.0940632820129395,0.7491460916159512
fcg_official,external,1,official,663,deepfakes_faces_c23/141_161,ffpp_test:13,1,deepfakes,h264_crf30_then_resize075,1.1363929510116577,0.757016765069707
fcg_official,external,1,official,664,face2face_faces_c23/161_141,ffpp_test:13,1,face2face,h264_crf30_then_resize075,0.3479004502296448,0.5861083511472578
fcg_official,external,1,official,665,face2face_faces_c23/141_161,ffpp_test:13,1,face2face,h264_crf30_then_resize075,-0.5479716062545776,0.3663351397565384
fcg_official,external,1,official,666,faceswap_faces_c23/161_141,ffpp_test:13,1,faceswap,h264_crf30_then_resize075,1.3012351989746094,0.7860427916113546
fcg_official,external,1,official,667,faceswap_faces_c23/141_161,ffpp_test:13,1,faceswap,h264_crf30_then_resize075,1.2814383506774902,0.7826945160596358
fcg_official,external,1,official,668,neuraltextures_faces_c23/161_141,ffpp_test:13,1,neuraltextures,h264_crf30_then_resize075,0.051746666431427,0.5129337806524319
fcg_official,external,1,official,669,neuraltextures_faces_c23/141_161,ffpp_test:13,1,neuraltextures,h264_crf30_then_resize075,-0.24621689319610596,0.43875486860352286
fcg_official,external,1,official,670,original_faces_c23/949,ffpp_test:66,0,real,h264_crf30_then_resize075,-1.058496117591858,0.2575969534559338
fcg_official,external,1,official,671,original_faces_c23/868,ffpp_test:66,0,real,h264_crf30_then_resize075,-0.851764976978302,0.29906274444042896
fcg_official,external,1,official,672,deepfakes_faces_c23/949_868,ffpp_test:66,1,deepfakes,h264_crf30_then_resize075,0.03918403387069702,0.5097947552701844
fcg_official,external,1,official,673,deepfakes_faces_c23/868_949,ffpp_test:66,1,deepfakes,h264_crf30_then_resize075,1.2318612337112427,0.7741441676706402
fcg_official,external,1,official,674,face2face_faces_c23/949_868,ffpp_test:66,1,face2face,h264_crf30_then_resize075,-0.37056028842926025,0.4084056430703911
fcg_official,external,1,official,675,face2face_faces_c23/868_949,ffpp_test:66,1,face2face,h264_crf30_then_resize075,-0.07514083385467529,0.48122362521617396
fcg_official,external,1,official,676,faceswap_faces_c23/949_868,ffpp_test:66,1,faceswap,h264_crf30_then_resize075,0.26830267906188965,0.566676167792439
fcg_official,external,1,official,677,faceswap_faces_c23/868_949,ffpp_test:66,1,faceswap,h264_crf30_then_resize075,0.4330301880836487,0.6065970167503728
fcg_official,external,1,official,678,neuraltextures_faces_c23/949_868,ffpp_test:66,1,neuraltextures,h264_crf30_then_resize075,-0.7405515313148499,0.32288355082348996
fcg_official,external,1,official,679,neuraltextures_faces_c23/868_949,ffpp_test:66,1,neuraltextures,h264_crf30_then_resize075,0.11763781309127808,0.5293755845351913
fcg_official,external,1,official,680,original_faces_c23/880,ffpp_test:11,0,real,h264_crf30_then_resize075,-1.075124740600586,0.25442972245074197
fcg_official,external,1,official,681,original_faces_c23/135,ffpp_test:11,0,real,h264_crf30_then_resize075,-0.8814038634300232,0.29288694840285084
fcg_official,external,1,official,682,deepfakes_faces_c23/880_135,ffpp_test:11,1,deepfakes,h264_crf30_then_resize075,0.5497182607650757,0.6340702228849907
fcg_official,external,1,official,683,deepfakes_faces_c23/135_880,ffpp_test:11,1,deepfakes,h264_crf30_then_resize075,1.8603920936584473,0.8653426432098754
fcg_official,external,1,official,684,face2face_faces_c23/880_135,ffpp_test:11,1,face2face,h264_crf30_then_resize075,-0.31078916788101196,0.42292212363702786
fcg_official,external,1,official,685,face2face_faces_c23/135_880,ffpp_test:11,1,face2face,h264_crf30_then_resize075,0.08829861879348755,0.5220603235159472
fcg_official,external,1,official,686,faceswap_faces_c23/880_135,ffpp_test:11,1,faceswap,h264_crf30_then_resize075,1.4524892568588257,0.8103812374381746
fcg_official,external,1,official,687,faceswap_faces_c23/135_880,ffpp_test:11,1,faceswap,h264_crf30_then_resize075,1.666426658630371,0.8410988202882764
fcg_official,external,1,official,688,neuraltextures_faces_c23/880_135,ffpp_test:11,1,neuraltextures,h264_crf30_then_resize075,-0.23379117250442505,0.44181698123373386
fcg_official,external,1,official,689,neuraltextures_faces_c23/135_880,ffpp_test:11,1,neuraltextures,h264_crf30_then_resize075,0.24126482009887695,0.5600253207165373
fcg_official,external,1,official,690,original_faces_c23/429,ffpp_test:35,0,real,h264_crf30_then_resize075,-1.136220097541809,0.24301503142187503
fcg_official,external,1,official,691,original_faces_c23/404,ffpp_test:35,0,real,h264_crf30_then_resize075,-0.9338992238044739,0.2821343165447233
fcg_official,external,1,official,692,deepfakes_faces_c23/429_404,ffpp_test:35,1,deepfakes,h264_crf30_then_resize075,1.4296927452087402,0.8068534373971582
fcg_official,external,1,official,693,deepfakes_faces_c23/404_429,ffpp_test:35,1,deepfakes,h264_crf30_then_resize075,1.1374460458755493,0.7572104214144303
fcg_official,external,1,official,694,face2face_faces_c23/429_404,ffpp_test:35,1,face2face,h264_crf30_then_resize075,-0.4898454546928406,0.3799299752575786
fcg_official,external,1,official,695,face2face_faces_c23/404_429,ffpp_test:35,1,face2face,h264_crf30_then_resize075,0.23736238479614258,0.5590635484482313
fcg_official,external,1,official,696,faceswap_faces_c23/429_404,ffpp_test:35,1,faceswap,h264_crf30_then_resize075,-0.020215272903442383,0.49494635387373154
fcg_official,external,1,official,697,faceswap_faces_c23/404_429,ffpp_test:35,1,faceswap,h264_crf30_then_resize075,0.6353086829185486,0.6536922134532295
fcg_official,external,1,official,698,neuraltextures_faces_c23/429_404,ffpp_test:35,1,neuraltextures,h264_crf30_then_resize075,-0.6761071085929871,0.3371307086995814
fcg_official,external,1,official,699,neuraltextures_faces_c23/404_429,ffpp_test:35,1,neuraltextures,h264_crf30_then_resize075,-0.1986074447631836,0.45051070705265517
