model_id,model_type,checkpoint_count,seed,video_id,path,source_identity,label,manipulation,codec_environment,score,probability
tall_local_seed42,external,1,42,0,original_faces_c23/953,ffpp_test:68,0,real,canonical,-2.74169921875,0.060557162559535485
tall_local_seed42,external,1,42,1,original_faces_c23/974,ffpp_test:68,0,real,canonical,-2.52197265625,0.07433209890148205
tall_local_seed42,external,1,42,2,deepfakes_faces_c23/953_974,ffpp_test:68,1,deepfakes,canonical,3.136474609375,0.9583724634021761
tall_local_seed42,external,1,42,3,deepfakes_faces_c23/974_953,ffpp_test:68,1,deepfakes,canonical,2.910400390625,0.9483581771633075
tall_local_seed42,external,1,42,4,face2face_faces_c23/953_974,ffpp_test:68,1,face2face,canonical,2.95556640625,0.9505259139289378
tall_local_seed42,external,1,42,5,face2face_faces_c23/974_953,ffpp_test:68,1,face2face,canonical,2.904541015625,0.9480704595557342
tall_local_seed42,external,1,42,6,faceswap_faces_c23/953_974,ffpp_test:68,1,faceswap,canonical,-1.3624343872070312,0.20384493543592935
tall_local_seed42,external,1,42,7,faceswap_faces_c23/974_953,ffpp_test:68,1,faceswap,canonical,2.7539215087890625,0.940134440224042
tall_local_seed42,external,1,42,8,neuraltextures_faces_c23/953_974,ffpp_test:68,1,neuraltextures,canonical,-0.4577484130859375,0.3875200985882655
tall_local_seed42,external,1,42,9,neuraltextures_faces_c23/974_953,ffpp_test:68,1,neuraltextures,canonical,-2.143524169921875,0.10493791735728446
tall_local_seed42,external,1,42,10,original_faces_c23/012,ffpp_test:1,0,real,canonical,-2.67578125,0.06441766541349403
tall_local_seed42,external,1,42,11,original_faces_c23/026,ffpp_test:1,0,real,canonical,-3.1767578125,0.040049796765639606
tall_local_seed42,external,1,42,12,deepfakes_faces_c23/012_026,ffpp_test:1,1,deepfakes,canonical,3.093505859375,0.9566240718827084
tall_local_seed42,external,1,42,13,deepfakes_faces_c23/026_012,ffpp_test:1,1,deepfakes,canonical,2.9990234375,0.9525299894869302
tall_local_seed42,external,1,42,14,face2face_faces_c23/012_026,ffpp_test:1,1,face2face,canonical,3.0048828125,0.9527942291542225
tall_local_seed42,external,1,42,15,face2face_faces_c23/026_012,ffpp_test:1,1,face2face,canonical,2.251220703125,0.9047557784443493
tall_local_seed42,external,1,42,16,faceswap_faces_c23/012_026,ffpp_test:1,1,faceswap,canonical,2.94775390625,0.9501572243582167
tall_local_seed42,external,1,42,17,faceswap_faces_c23/026_012,ffpp_test:1,1,faceswap,canonical,3.12109375,0.9577545043363116
tall_local_seed42,external,1,42,18,neuraltextures_faces_c23/012_026,ffpp_test:1,1,neuraltextures,canonical,2.935546875,0.9495759309565864
tall_local_seed42,external,1,42,19,neuraltextures_faces_c23/026_012,ffpp_test:1,1,neuraltextures,canonical,1.275146484375,0.781622468173881
tall_local_seed42,external,1,42,20,original_faces_c23/078,ffpp_test:8,0,real,canonical,-2.439453125,0.08021325084846063
tall_local_seed42,external,1,42,21,original_faces_c23/955,ffpp_test:8,0,real,canonical,-3.240478515625,0.03767053977547786
tall_local_seed42,external,1,42,22,deepfakes_faces_c23/078_955,ffpp_test:8,1,deepfakes,canonical,2.882568359375,0.9469779708516602
tall_local_seed42,external,1,42,23,deepfakes_faces_c23/955_078,ffpp_test:8,1,deepfakes,canonical,1.95294189453125,0.8757670713069293
tall_local_seed42,external,1,42,24,face2face_faces_c23/078_955,ffpp_test:8,1,face2face,canonical,-1.23095703125,0.2260139667742728
tall_local_seed42,external,1,42,25,face2face_faces_c23/955_078,ffpp_test:8,1,face2face,canonical,3.411376953125,0.9680582074383157
tall_local_seed42,external,1,42,26,faceswap_faces_c23/078_955,ffpp_test:8,1,faceswap,canonical,2.982666015625,0.9517848633677345
tall_local_seed42,external,1,42,27,faceswap_faces_c23/955_078,ffpp_test:8,1,faceswap,canonical,3.119140625,0.957675408618915
tall_local_seed42,external,1,42,28,neuraltextures_faces_c23/078_955,ffpp_test:8,1,neuraltextures,canonical,1.9166259765625,0.8717617135981865
tall_local_seed42,external,1,42,29,neuraltextures_faces_c23/955_078,ffpp_test:8,1,neuraltextures,canonical,2.9033203125,0.948010327963514
tall_local_seed42,external,1,42,30,original_faces_c23/623,ffpp_test:51,0,real,canonical,-3.50146484375,0.029270580241966538
tall_local_seed42,external,1,42,31,original_faces_c23/630,ffpp_test:51,0,real,canonical,-2.36474609375,0.08590078929197131
tall_local_seed42,external,1,42,32,deepfakes_faces_c23/623_630,ffpp_test:51,1,deepfakes,canonical,2.93701171875,0.949646023673993
tall_local_seed42,external,1,42,33,deepfakes_faces_c23/630_623,ffpp_test:51,1,deepfakes,canonical,3.177001953125,0.9599595883646488
tall_local_seed42,external,1,42,34,face2face_faces_c23/623_630,ffpp_test:51,1,face2face,canonical,-1.3998565673828125,0.19783887301809075
tall_local_seed42,external,1,42,35,face2face_faces_c23/630_623,ffpp_test:51,1,face2face,canonical,2.92333984375,0.9489882221652693
tall_local_seed42,external,1,42,36,faceswap_faces_c23/623_630,ffpp_test:51,1,faceswap,canonical,2.96337890625,0.9508920172375511
tall_local_seed42,external,1,42,37,faceswap_faces_c23/630_623,ffpp_test:51,1,faceswap,canonical,2.935791015625,0.9495876194886138
tall_local_seed42,external,1,42,38,neuraltextures_faces_c23/623_630,ffpp_test:51,1,neuraltextures,canonical,3.470458984375,0.9698354488378111
tall_local_seed42,external,1,42,39,neuraltextures_faces_c23/630_623,ffpp_test:51,1,neuraltextures,canonical,3.279541015625,0.9637202393221176
tall_local_seed42,external,1,42,40,original_faces_c23/919,ffpp_test:2,0,real,canonical,-3.54833984375,0.027967670578228
tall_local_seed42,external,1,42,41,original_faces_c23/015,ffpp_test:2,0,real,canonical,-3.685791015625,0.024463842457616188
tall_local_seed42,external,1,42,42,deepfakes_faces_c23/919_015,ffpp_test:2,1,deepfakes,canonical,2.934814453125,0.9495408499616638
tall_local_seed42,external,1,42,43,deepfakes_faces_c23/015_919,ffpp_test:2,1,deepfakes,canonical,1.8505859375,0.8641958840872618
tall_local_seed42,external,1,42,44,face2face_faces_c23/919_015,ffpp_test:2,1,face2face,canonical,1.769775390625,0.8544297364713137
tall_local_seed42,external,1,42,45,face2face_faces_c23/015_919,ffpp_test:2,1,face2face,canonical,2.090087890625,0.8899360348094841
tall_local_seed42,external,1,42,46,faceswap_faces_c23/919_015,ffpp_test:2,1,faceswap,canonical,3.24951171875,0.9626555629928488
tall_local_seed42,external,1,42,47,faceswap_faces_c23/015_919,ffpp_test:2,1,faceswap,canonical,3.04833984375,0.9547107986952673
tall_local_seed42,external,1,42,48,neuraltextures_faces_c23/919_015,ffpp_test:2,1,neuraltextures,canonical,1.872314453125,0.8667258519119285
tall_local_seed42,external,1,42,49,neuraltextures_faces_c23/015_919,ffpp_test:2,1,neuraltextures,canonical,2.958984375,0.9506864014093018
tall_local_seed42,external,1,42,50,original_faces_c23/367,ffpp_test:30,0,real,canonical,-2.036907196044922,0.11538203619949289
tall_local_seed42,external,1,42,51,original_faces_c23/371,ffpp_test:30,0,real,canonical,-3.018310546875,0.04660548520960495
tall_local_seed42,external,1,42,52,deepfakes_faces_c23/367_371,ffpp_test:30,1,deepfakes,canonical,3.069244384765625,0.9556061279365494
tall_local_seed42,external,1,42,53,deepfakes_faces_c23/371_367,ffpp_test:30,1,deepfakes,canonical,2.654541015625,0.9342903225534562
tall_local_seed42,external,1,42,54,face2face_faces_c23/367_371,ffpp_test:30,1,face2face,canonical,3.209228515625,0.9611800894408298
tall_local_seed42,external,1,42,55,face2face_faces_c23/371_367,ffpp_test:30,1,face2face,canonical,3.0595703125,0.955193910564615
tall_local_seed42,external,1,42,56,faceswap_faces_c23/367_371,ffpp_test:30,1,faceswap,canonical,2.962890625,0.9508692112458993
tall_local_seed42,external,1,42,57,faceswap_faces_c23/371_367,ffpp_test:30,1,faceswap,canonical,2.33935546875,0.9120844162333506
tall_local_seed42,external,1,42,58,neuraltextures_faces_c23/367_371,ffpp_test:30,1,neuraltextures,canonical,2.1405029296875,0.8947779708876564
tall_local_seed42,external,1,42,59,neuraltextures_faces_c23/371_367,ffpp_test:30,1,neuraltextures,canonical,3.1583251953125,0.9592355073079757
tall_local_seed42,external,1,42,60,original_faces_c23/847,ffpp_test:65,0,real,canonical,-3.005126953125,0.04719479125243643
tall_local_seed42,external,1,42,61,original_faces_c23/906,ffpp_test:65,0,real,canonical,-3.385986328125,0.03273630871638366
tall_local_seed42,external,1,42,62,deepfakes_faces_c23/847_906,ffpp_test:65,1,deepfakes,canonical,2.982421875,0.9517736584118671
tall_local_seed42,external,1,42,63,deepfakes_faces_c23/906_847,ffpp_test:65,1,deepfakes,canonical,2.9287109375,0.9492476083898198
tall_local_seed42,external,1,42,64,face2face_faces_c23/847_906,ffpp_test:65,1,face2face,canonical,0.6187744140625,0.6499397568943498
tall_local_seed42,external,1,42,65,face2face_faces_c23/906_847,ffpp_test:65,1,face2face,canonical,2.4703369140625,0.9220359875926436
tall_local_seed42,external,1,42,66,faceswap_faces_c23/847_906,ffpp_test:65,1,faceswap,canonical,2.95947265625,0.9507092878604938
tall_local_seed42,external,1,42,67,faceswap_faces_c23/906_847,ffpp_test:65,1,faceswap,canonical,2.94287109375,0.9499254728754901
tall_local_seed42,external,1,42,68,neuraltextures_faces_c23/847_906,ffpp_test:65,1,neuraltextures,canonical,3.28662109375,0.9639669728142776
tall_local_seed42,external,1,42,69,neuraltextures_faces_c23/906_847,ffpp_test:65,1,neuraltextures,canonical,3.15283203125,0.9590201668048507
tall_local_seed42,external,1,42,70,original_faces_c23/529,ffpp_test:46,0,real,canonical,-3.142333984375,0.0413944054840843
tall_local_seed42,external,1,42,71,original_faces_c23/633,ffpp_test:46,0,real,canonical,-3.5380859375,0.02824778127186554
tall_local_seed42,external,1,42,72,deepfakes_faces_c23/529_633,ffpp_test:46,1,deepfakes,canonical,3.0029296875,0.9527063049680933
tall_local_seed42,external,1,42,73,deepfakes_faces_c23/633_529,ffpp_test:46,1,deepfakes,canonical,2.969970703125,0.9511989170717967
tall_local_seed42,external,1,42,74,face2face_faces_c23/529_633,ffpp_test:46,1,face2face,canonical,3.0498046875,0.9547740935697213
tall_local_seed42,external,1,42,75,face2face_faces_c23/633_529,ffpp_test:46,1,face2face,canonical,3.20458984375,0.9610066362736368
tall_local_seed42,external,1,42,76,faceswap_faces_c23/529_633,ffpp_test:46,1,faceswap,canonical,2.841552734375,0.9448803867464382
tall_local_seed42,external,1,42,77,faceswap_faces_c23/633_529,ffpp_test:46,1,faceswap,canonical,3.410888671875,0.9680431055914511
tall_local_seed42,external,1,42,78,neuraltextures_faces_c23/529_633,ffpp_test:46,1,neuraltextures,canonical,3.22509765625,0.9617678992560542
tall_local_seed42,external,1,42,79,neuraltextures_faces_c23/633_529,ffpp_test:46,1,neuraltextures,canonical,3.297607421875,0.9643466399623818
tall_local_seed42,external,1,42,80,original_faces_c23/418,ffpp_test:36,0,real,canonical,-3.0166015625,0.04668148008547533
tall_local_seed42,external,1,42,81,original_faces_c23/507,ffpp_test:36,0,real,canonical,-0.672393798828125,0.3379610365932293
tall_local_seed42,external,1,42,82,deepfakes_faces_c23/418_507,ffpp_test:36,1,deepfakes,canonical,2.927490234375,0.9491887668190125
tall_local_seed42,external,1,42,83,deepfakes_faces_c23/507_418,ffpp_test:36,1,deepfakes,canonical,2.892578125,0.9474783252902633
tall_local_seed42,external,1,42,84,face2face_faces_c23/418_507,ffpp_test:36,1,face2face,canonical,2.992431640625,0.952231040108311
tall_local_seed42,external,1,42,85,face2face_faces_c23/507_418,ffpp_test:36,1,face2face,canonical,2.947998046875,0.9501687852148866
tall_local_seed42,external,1,42,86,faceswap_faces_c23/418_507,ffpp_test:36,1,faceswap,canonical,2.929443359375,0.9492828823674466
tall_local_seed42,external,1,42,87,faceswap_faces_c23/507_418,ffpp_test:36,1,faceswap,canonical,2.963623046875,0.9509034164682
tall_local_seed42,external,1,42,88,neuraltextures_faces_c23/418_507,ffpp_test:36,1,neuraltextures,canonical,1.67950439453125,0.8428388936282045
tall_local_seed42,external,1,42,89,neuraltextures_faces_c23/507_418,ffpp_test:36,1,neuraltextures,canonical,2.9345703125,0.949529151162087
tall_local_seed42,external,1,42,90,original_faces_c23/227,ffpp_test:16,0,real,canonical,-3.102783203125,0.042992596417770756
tall_local_seed42,external,1,42,91,original_faces_c23/169,ffpp_test:16,0,real,canonical,-3.948486328125,0.018919036913084084
tall_local_seed42,external,1,42,92,deepfakes_faces_c23/227_169,ffpp_test:16,1,deepfakes,canonical,2.8994140625,0.947817464337916
tall_local_seed42,external,1,42,93,deepfakes_faces_c23/169_227,ffpp_test:16,1,deepfakes,canonical,3.17041015625,0.959705448679776
tall_local_seed42,external,1,42,94,face2face_faces_c23/227_169,ffpp_test:16,1,face2face,canonical,-2.843994140625,0.054992599314019015
tall_local_seed42,external,1,42,95,face2face_faces_c23/169_227,ffpp_test:16,1,face2face,canonical,3.1484375,0.9588471107825551
tall_local_seed42,external,1,42,96,faceswap_faces_c23/227_169,ffpp_test:16,1,faceswap,canonical,2.890380859375,0.9473688748641328
tall_local_seed42,external,1,42,97,faceswap_faces_c23/169_227,ffpp_test:16,1,faceswap,canonical,1.01849365234375,0.7346790773670113
tall_local_seed42,external,1,42,98,neuraltextures_faces_c23/227_169,ffpp_test:16,1,neuraltextures,canonical,-3.319580078125,0.034905551742267865
tall_local_seed42,external,1,42,99,neuraltextures_faces_c23/169_227,ffpp_test:16,1,neuraltextures,canonical,3.002685546875,0.9526953035077299
tall_local_seed42,external,1,42,100,original_faces_c23/389,ffpp_test:33,0,real,canonical,-2.5869140625,0.06998537224555164
tall_local_seed42,external,1,42,101,original_faces_c23/480,ffpp_test:33,0,real,canonical,-3.809814453125,0.02167220002836765
tall_local_seed42,external,1,42,102,deepfakes_faces_c23/389_480,ffpp_test:33,1,deepfakes,canonical,3.16845703125,0.9596298517257105
tall_local_seed42,external,1,42,103,deepfakes_faces_c23/480_389,ffpp_test:33,1,deepfakes,canonical,3.043701171875,0.9545098078048629
tall_local_seed42,external,1,42,104,face2face_faces_c23/389_480,ffpp_test:33,1,face2face,canonical,-1.1439208984375,0.24160120683225272
tall_local_seed42,external,1,42,105,face2face_faces_c23/480_389,ffpp_test:33,1,face2face,canonical,3.081298828125,0.9561147149065079
tall_local_seed42,external,1,42,106,faceswap_faces_c23/389_480,ffpp_test:33,1,faceswap,canonical,1.9381103515625,0.8741443989187032
tall_local_seed42,external,1,42,107,faceswap_faces_c23/480_389,ffpp_test:33,1,faceswap,canonical,2.47344970703125,0.9222594589041615
tall_local_seed42,external,1,42,108,neuraltextures_faces_c23/389_480,ffpp_test:33,1,neuraltextures,canonical,2.9693603515625,0.9511705770310329
tall_local_seed42,external,1,42,109,neuraltextures_faces_c23/480_389,ffpp_test:33,1,neuraltextures,canonical,3.03857421875,0.9542866717470404
tall_local_seed42,external,1,42,110,original_faces_c23/821,ffpp_test:64,0,real,canonical,-3.136474609375,0.04162753659782395
tall_local_seed42,external,1,42,111,original_faces_c23/812,ffpp_test:64,0,real,canonical,-3.2353515625,0.03785684055232037
tall_local_seed42,external,1,42,112,deepfakes_faces_c23/821_812,ffpp_test:64,1,deepfakes,canonical,1.275390625,0.7816641373754407
tall_local_seed42,external,1,42,113,deepfakes_faces_c23/812_821,ffpp_test:64,1,deepfakes,canonical,2.89013671875,0.9473567004168615
tall_local_seed42,external,1,42,114,face2face_faces_c23/821_812,ffpp_test:64,1,face2face,canonical,3.172119140625,0.9597714847484683
tall_local_seed42,external,1,42,115,face2face_faces_c23/812_821,ffpp_test:64,1,face2face,canonical,2.9659423828125,0.9510115840688388
tall_local_seed42,external,1,42,116,faceswap_faces_c23/821_812,ffpp_test:64,1,faceswap,canonical,1.104339599609375,0.7510723324748808
tall_local_seed42,external,1,42,117,faceswap_faces_c23/812_821,ffpp_test:64,1,faceswap,canonical,3.03662109375,0.9542013937262174
tall_local_seed42,external,1,42,118,neuraltextures_faces_c23/821_812,ffpp_test:64,1,neuraltextures,canonical,-1.9378509521484375,0.1258841419289404
tall_local_seed42,external,1,42,119,neuraltextures_faces_c23/812_821,ffpp_test:64,1,neuraltextures,canonical,2.9346923828125,0.9495350008828606
tall_local_seed42,external,1,42,120,original_faces_c23/670,ffpp_test:54,0,real,canonical,-2.980224609375,0.04832729748917468
tall_local_seed42,external,1,42,121,original_faces_c23/661,ffpp_test:54,0,real,canonical,-2.960693359375,0.04923354006426797
tall_local_seed42,external,1,42,122,deepfakes_faces_c23/670_661,ffpp_test:54,1,deepfakes,canonical,2.91162109375,0.9484179283217207
tall_local_seed42,external,1,42,123,deepfakes_faces_c23/661_670,ffpp_test:54,1,deepfakes,canonical,2.94873046875,0.9502034525414643
tall_local_seed42,external,1,42,124,face2face_faces_c23/670_661,ffpp_test:54,1,face2face,canonical,3.017822265625,0.9533728139837048
tall_local_seed42,external,1,42,125,face2face_faces_c23/661_670,ffpp_test:54,1,face2face,canonical,2.33349609375,0.9116134379908386
tall_local_seed42,external,1,42,126,faceswap_faces_c23/670_661,ffpp_test:54,1,faceswap,canonical,2.869873046875,0.9463369012505406
tall_local_seed42,external,1,42,127,faceswap_faces_c23/661_670,ffpp_test:54,1,faceswap,canonical,2.84033203125,0.9448167762311938
tall_local_seed42,external,1,42,128,neuraltextures_faces_c23/670_661,ffpp_test:54,1,neuraltextures,canonical,2.991455078125,0.9521865995026789
tall_local_seed42,external,1,42,129,neuraltextures_faces_c23/661_670,ffpp_test:54,1,neuraltextures,canonical,1.8736572265625,0.8668808821932248
tall_local_seed42,external,1,42,130,original_faces_c23/158,ffpp_test:15,0,real,canonical,-3.76678466796875,0.02260356571199719
tall_local_seed42,external,1,42,131,original_faces_c23/379,ffpp_test:15,0,real,canonical,-3.486572265625,0.029696714663461254
tall_local_seed42,external,1,42,132,deepfakes_faces_c23/158_379,ffpp_test:15,1,deepfakes,canonical,2.08575439453125,0.8895108515457077
tall_local_seed42,external,1,42,133,deepfakes_faces_c23/379_158,ffpp_test:15,1,deepfakes,canonical,2.0426025390625,0.8851980097152193
tall_local_seed42,external,1,42,134,face2face_faces_c23/158_379,ffpp_test:15,1,face2face,canonical,3.1953125,0.9606574967357419
tall_local_seed42,external,1,42,135,face2face_faces_c23/379_158,ffpp_test:15,1,face2face,canonical,2.31097412109375,0.9097818419509484
tall_local_seed42,external,1,42,136,faceswap_faces_c23/158_379,ffpp_test:15,1,faceswap,canonical,3.0087890625,0.9529696116416281
tall_local_seed42,external,1,42,137,faceswap_faces_c23/379_158,ffpp_test:15,1,faceswap,canonical,2.93603515625,0.9495993054549953
tall_local_seed42,external,1,42,138,neuraltextures_faces_c23/158_379,ffpp_test:15,1,neuraltextures,canonical,3.0145263671875,0.9532260819842481
tall_local_seed42,external,1,42,139,neuraltextures_faces_c23/379_158,ffpp_test:15,1,neuraltextures,canonical,0.9437255859375,0.7198515937586978
tall_local_seed42,external,1,42,140,original_faces_c23/423,ffpp_test:37,0,real,canonical,-2.92236328125,0.051059073545399576
tall_local_seed42,external,1,42,141,original_faces_c23/421,ffpp_test:37,0,real,canonical,-3.976806640625,0.018400480226547267
tall_local_seed42,external,1,42,142,deepfakes_faces_c23/423_421,ffpp_test:37,1,deepfakes,canonical,2.9375,0.9496693674025232
tall_local_seed42,external,1,42,143,deepfakes_faces_c23/421_423,ffpp_test:37,1,deepfakes,canonical,2.962890625,0.9508692112458993
tall_local_seed42,external,1,42,144,face2face_faces_c23/423_421,ffpp_test:37,1,face2face,canonical,2.9462890625,0.9500878058316513
tall_local_seed42,external,1,42,145,face2face_faces_c23/421_423,ffpp_test:37,1,face2face,canonical,3.22802734375,0.9618754794431879
tall_local_seed42,external,1,42,146,faceswap_faces_c23/423_421,ffpp_test:37,1,faceswap,canonical,2.906005859375,0.9481425306907867
tall_local_seed42,external,1,42,147,faceswap_faces_c23/421_423,ffpp_test:37,1,faceswap,canonical,2.908447265625,0.9482624391666236
tall_local_seed42,external,1,42,148,neuraltextures_faces_c23/423_421,ffpp_test:37,1,neuraltextures,canonical,-3.925079345703125,0.01935842414371662
tall_local_seed42,external,1,42,149,neuraltextures_faces_c23/421_423,ffpp_test:37,1,neuraltextures,canonical,3.114013671875,0.9574671083820574
tall_local_seed42,external,1,42,150,original_faces_c23/352,ffpp_test:28,0,real,canonical,-3.1953125,0.039342503264258206
tall_local_seed42,external,1,42,151,original_faces_c23/319,ffpp_test:28,0,real,canonical,-3.519287109375,0.02876840796138413
tall_local_seed42,external,1,42,152,deepfakes_faces_c23/352_319,ffpp_test:28,1,deepfakes,canonical,1.7286376953125,0.8492380835946212
tall_local_seed42,external,1,42,153,deepfakes_faces_c23/319_352,ffpp_test:28,1,deepfakes,canonical,2.87451171875,0.9465719815092342
tall_local_seed42,external,1,42,154,face2face_faces_c23/352_319,ffpp_test:28,1,face2face,canonical,1.50787353515625,0.81874585103084
tall_local_seed42,external,1,42,155,face2face_faces_c23/319_352,ffpp_test:28,1,face2face,canonical,0.8466796875,0.6998701676460535
tall_local_seed42,external,1,42,156,faceswap_faces_c23/352_319,ffpp_test:28,1,faceswap,canonical,2.084716796875,0.8894088338809247
tall_local_seed42,external,1,42,157,faceswap_faces_c23/319_352,ffpp_test:28,1,faceswap,canonical,-2.652191162109375,0.06585408676151572
tall_local_seed42,external,1,42,158,neuraltextures_faces_c23/352_319,ffpp_test:28,1,neuraltextures,canonical,3.338623046875,0.9657303008613546
tall_local_seed42,external,1,42,159,neuraltextures_faces_c23/319_352,ffpp_test:28,1,neuraltextures,canonical,3.289306640625,0.9640601381995033
tall_local_seed42,external,1,42,160,original_faces_c23/579,ffpp_test:48,0,real,canonical,-3.093017578125,0.04339619360062184
tall_local_seed42,external,1,42,161,original_faces_c23/701,ffpp_test:48,0,real,canonical,-3.029296875,0.046119749547583244
tall_local_seed42,external,1,42,162,deepfakes_faces_c23/579_701,ffpp_test:48,1,deepfakes,canonical,3.158203125,0.9592307337556119
tall_local_seed42,external,1,42,163,deepfakes_faces_c23/701_579,ffpp_test:48,1,deepfakes,canonical,1.7933578491210938,0.857338465425134
tall_local_seed42,external,1,42,164,face2face_faces_c23/579_701,ffpp_test:48,1,face2face,canonical,3.177734375,0.9599877311118368
tall_local_seed42,external,1,42,165,face2face_faces_c23/701_579,ffpp_test:48,1,face2face,canonical,2.880859375,0.9468920959838323
tall_local_seed42,external,1,42,166,faceswap_faces_c23/579_701,ffpp_test:48,1,faceswap,canonical,0.65435791015625,0.6579918347230085
tall_local_seed42,external,1,42,167,faceswap_faces_c23/701_579,ffpp_test:48,1,faceswap,canonical,-2.681884765625,0.06405079504639578
tall_local_seed42,external,1,42,168,neuraltextures_faces_c23/579_701,ffpp_test:48,1,neuraltextures,canonical,3.23486328125,0.9621253704239845
tall_local_seed42,external,1,42,169,neuraltextures_faces_c23/701_579,ffpp_test:48,1,neuraltextures,canonical,0.7283172607421875,0.674435898470163
tall_local_seed42,external,1,42,170,original_faces_c23/488,ffpp_test:34,0,real,canonical,-3.235595703125,0.03784794905064847
tall_local_seed42,external,1,42,171,original_faces_c23/399,ffpp_test:34,0,real,canonical,-3.55419921875,0.027808820460886702
tall_local_seed42,external,1,42,172,deepfakes_faces_c23/488_399,ffpp_test:34,1,deepfakes,canonical,2.94384765625,0.9499719046862564
tall_local_seed42,external,1,42,173,deepfakes_faces_c23/399_488,ffpp_test:34,1,deepfakes,canonical,2.922607421875,0.9489527542705971
tall_local_seed42,external,1,42,174,face2face_faces_c23/488_399,ffpp_test:34,1,face2face,canonical,2.91015625,0.9483462190807312
tall_local_seed42,external,1,42,175,face2face_faces_c23/399_488,ffpp_test:34,1,face2face,canonical,2.900146484375,0.9478536776920062
tall_local_seed42,external,1,42,176,faceswap_faces_c23/488_399,ffpp_test:34,1,faceswap,canonical,2.991455078125,0.9521865995026789
tall_local_seed42,external,1,42,177,faceswap_faces_c23/399_488,ffpp_test:34,1,faceswap,canonical,3.059814453125,0.9552043582569604
tall_local_seed42,external,1,42,178,neuraltextures_faces_c23/488_399,ffpp_test:34,1,neuraltextures,canonical,3.054931640625,0.9549949626279393
tall_local_seed42,external,1,42,179,neuraltextures_faces_c23/399_488,ffpp_test:34,1,neuraltextures,canonical,1.6171875,0.8344068863691763
tall_local_seed42,external,1,42,180,original_faces_c23/695,ffpp_test:38,0,real,canonical,-2.70458984375,0.06270306252863214
tall_local_seed42,external,1,42,181,original_faces_c23/422,ffpp_test:38,0,real,canonical,-2.69677734375,0.06316378566413751
tall_local_seed42,external,1,42,182,deepfakes_faces_c23/695_422,ffpp_test:38,1,deepfakes,canonical,3.10400390625,0.9570576004665273
tall_local_seed42,external,1,42,183,deepfakes_faces_c23/422_695,ffpp_test:38,1,deepfakes,canonical,3.017578125,0.9533619599768125
tall_local_seed42,external,1,42,184,face2face_faces_c23/695_422,ffpp_test:38,1,face2face,canonical,0.9091796875,0.712832272116407
tall_local_seed42,external,1,42,185,face2face_faces_c23/422_695,ffpp_test:38,1,face2face,canonical,2.810302734375,0.9432300319261254
tall_local_seed42,external,1,42,186,faceswap_faces_c23/695_422,ffpp_test:38,1,faceswap,canonical,-1.6207275390625,0.16510455810069627
tall_local_seed42,external,1,42,187,faceswap_faces_c23/422_695,ffpp_test:38,1,faceswap,canonical,3.438232421875,0.9688782618964958
tall_local_seed42,external,1,42,188,neuraltextures_faces_c23/695_422,ffpp_test:38,1,neuraltextures,canonical,0.471466064453125,0.6157306954351383
tall_local_seed42,external,1,42,189,neuraltextures_faces_c23/422_695,ffpp_test:38,1,neuraltextures,canonical,3.53173828125,0.9715774538031011
tall_local_seed42,external,1,42,190,original_faces_c23/288,ffpp_test:25,0,real,canonical,-3.41357421875,0.03187391961203216
tall_local_seed42,external,1,42,191,original_faces_c23/321,ffpp_test:25,0,real,canonical,-3.342529296875,0.03414065560205109
tall_local_seed42,external,1,42,192,deepfakes_faces_c23/288_321,ffpp_test:25,1,deepfakes,canonical,3.103515625,0.9570375284337568
tall_local_seed42,external,1,42,193,deepfakes_faces_c23/321_288,ffpp_test:25,1,deepfakes,canonical,2.9453125,0.9500414759334155
tall_local_seed42,external,1,42,194,face2face_faces_c23/288_321,ffpp_test:25,1,face2face,canonical,3.12255859375,0.9578137333805028
tall_local_seed42,external,1,42,195,face2face_faces_c23/321_288,ffpp_test:25,1,face2face,canonical,1.5367431640625,0.8229907782485253
tall_local_seed42,external,1,42,196,faceswap_faces_c23/288_321,ffpp_test:25,1,faceswap,canonical,2.89453125,0.9475754340373931
tall_local_seed42,external,1,42,197,faceswap_faces_c23/321_288,ffpp_test:25,1,faceswap,canonical,2.87451171875,0.9465719815092342
tall_local_seed42,external,1,42,198,neuraltextures_faces_c23/288_321,ffpp_test:25,1,neuraltextures,canonical,3.077392578125,0.9559505187906442
tall_local_seed42,external,1,42,199,neuraltextures_faces_c23/321_288,ffpp_test:25,1,neuraltextures,canonical,2.74700927734375,0.9397442226539992
tall_local_seed42,external,1,42,200,original_faces_c23/705,ffpp_test:57,0,real,canonical,-3.040283203125,0.04563883402134551
tall_local_seed42,external,1,42,201,original_faces_c23/707,ffpp_test:57,0,real,canonical,-2.696044921875,0.06320713995460825
tall_local_seed42,external,1,42,202,deepfakes_faces_c23/705_707,ffpp_test:57,1,deepfakes,canonical,3.0,0.9525741268224334
tall_local_seed42,external,1,42,203,deepfakes_faces_c23/707_705,ffpp_test:57,1,deepfakes,canonical,3.089599609375,0.9564616947364826
tall_local_seed42,external,1,42,204,face2face_faces_c23/705_707,ffpp_test:57,1,face2face,canonical,3.406494140625,0.9679068779271182
tall_local_seed42,external,1,42,205,face2face_faces_c23/707_705,ffpp_test:57,1,face2face,canonical,2.2462158203125,0.9043236193333481
tall_local_seed42,external,1,42,206,faceswap_faces_c23/705_707,ffpp_test:57,1,faceswap,canonical,2.970703125,0.9512329045230109
tall_local_seed42,external,1,42,207,faceswap_faces_c23/707_705,ffpp_test:57,1,faceswap,canonical,2.842132568359375,0.9449105775474012
tall_local_seed42,external,1,42,208,neuraltextures_faces_c23/705_707,ffpp_test:57,1,neuraltextures,canonical,3.130126953125,0.9581184875438502
tall_local_seed42,external,1,42,209,neuraltextures_faces_c23/707_705,ffpp_test:57,1,neuraltextures,canonical,-0.313232421875,0.42232593807886176
tall_local_seed42,external,1,42,210,original_faces_c23/306,ffpp_test:24,0,real,canonical,-3.32891845703125,0.03459233099744987
tall_local_seed42,external,1,42,211,original_faces_c23/278,ffpp_test:24,0,real,canonical,-3.802978515625,0.021817614012176308
tall_local_seed42,external,1,42,212,deepfakes_faces_c23/306_278,ffpp_test:24,1,deepfakes,canonical,3.25537109375,0.9628656364448354
tall_local_seed42,external,1,42,213,deepfakes_faces_c23/278_306,ffpp_test:24,1,deepfakes,canonical,2.968994140625,0.9511535655130889
tall_local_seed42,external,1,42,214,face2face_faces_c23/306_278,ffpp_test:24,1,face2face,canonical,2.98681640625,0.9519749698697091
tall_local_seed42,external,1,42,215,face2face_faces_c23/278_306,ffpp_test:24,1,face2face,canonical,2.998046875,0.9524858131235034
tall_local_seed42,external,1,42,216,faceswap_faces_c23/306_278,ffpp_test:24,1,faceswap,canonical,2.948486328125,0.9501918993060171
tall_local_seed42,external,1,42,217,faceswap_faces_c23/278_306,ffpp_test:24,1,faceswap,canonical,2.970947265625,0.9512442286821448
tall_local_seed42,external,1,42,218,neuraltextures_faces_c23/306_278,ffpp_test:24,1,neuraltextures,canonical,3.275146484375,0.9635662774537312
tall_local_seed42,external,1,42,219,neuraltextures_faces_c23/278_306,ffpp_test:24,1,neuraltextures,canonical,3.00146484375,0.9526402597154339
tall_local_seed42,external,1,42,220,original_faces_c23/865,ffpp_test:61,0,real,canonical,-3.197509765625,0.03925954233885658
tall_local_seed42,external,1,42,221,original_faces_c23/739,ffpp_test:61,0,real,canonical,-3.3408203125,0.03419705437150709
tall_local_seed42,external,1,42,222,deepfakes_faces_c23/865_739,ffpp_test:61,1,deepfakes,canonical,2.995849609375,0.952386273450928
tall_local_seed42,external,1,42,223,deepfakes_faces_c23/739_865,ffpp_test:61,1,deepfakes,canonical,2.786376953125,0.9419352054146196
tall_local_seed42,external,1,42,224,face2face_faces_c23/865_739,ffpp_test:61,1,face2face,canonical,1.529296875,0.8219034153422714
tall_local_seed42,external,1,42,225,face2face_faces_c23/739_865,ffpp_test:61,1,face2face,canonical,3.12353515625,0.9578531752997081
tall_local_seed42,external,1,42,226,faceswap_faces_c23/865_739,ffpp_test:61,1,faceswap,canonical,2.927978515625,0.9492123111915409
tall_local_seed42,external,1,42,227,faceswap_faces_c23/739_865,ffpp_test:61,1,faceswap,canonical,2.7265625,0.9385759599453297
tall_local_seed42,external,1,42,228,neuraltextures_faces_c23/865_739,ffpp_test:61,1,neuraltextures,canonical,3.09912109375,0.9568564764759668
tall_local_seed42,external,1,42,229,neuraltextures_faces_c23/739_865,ffpp_test:61,1,neuraltextures,canonical,1.6573486328125,0.8398817674092734
tall_local_seed42,external,1,42,230,original_faces_c23/995,ffpp_test:21,0,real,canonical,-2.847412109375,0.05481524283691311
tall_local_seed42,external,1,42,231,original_faces_c23/233,ffpp_test:21,0,real,canonical,-3.151611328125,0.04102783431217119
tall_local_seed42,external,1,42,232,deepfakes_faces_c23/995_233,ffpp_test:21,1,deepfakes,canonical,2.034912109375,0.8844141709433873
tall_local_seed42,external,1,42,233,deepfakes_faces_c23/233_995,ffpp_test:21,1,deepfakes,canonical,0.2562255859375,0.5637082319124727
tall_local_seed42,external,1,42,234,face2face_faces_c23/995_233,ffpp_test:21,1,face2face,canonical,3.064453125,0.9554024237726139
tall_local_seed42,external,1,42,235,face2face_faces_c23/233_995,ffpp_test:21,1,face2face,canonical,-3.31591796875,0.035029128125973884
tall_local_seed42,external,1,42,236,faceswap_faces_c23/995_233,ffpp_test:21,1,faceswap,canonical,3.0517578125,0.9548583556593461
tall_local_seed42,external,1,42,237,faceswap_faces_c23/233_995,ffpp_test:21,1,faceswap,canonical,2.227294921875,0.902673966682655
tall_local_seed42,external,1,42,238,neuraltextures_faces_c23/995_233,ffpp_test:21,1,neuraltextures,canonical,1.1697998046875,0.763108827576778
tall_local_seed42,external,1,42,239,neuraltextures_faces_c23/233_995,ffpp_test:21,1,neuraltextures,canonical,-3.364990234375,0.0334077047340441
tall_local_seed42,external,1,42,240,original_faces_c23/755,ffpp_test:62,0,real,canonical,-3.14404296875,0.04132664455527271
tall_local_seed42,external,1,42,241,original_faces_c23/759,ffpp_test:62,0,real,canonical,-3.270263671875,0.0366055286009213
tall_local_seed42,external,1,42,242,deepfakes_faces_c23/755_759,ffpp_test:62,1,deepfakes,canonical,3.16259765625,0.9594022448711912
tall_local_seed42,external,1,42,243,deepfakes_faces_c23/759_755,ffpp_test:62,1,deepfakes,canonical,3.08447265625,0.956247694108839
tall_local_seed42,external,1,42,244,face2face_faces_c23/755_759,ffpp_test:62,1,face2face,canonical,1.252410888671875,0.7777169185235484
tall_local_seed42,external,1,42,245,face2face_faces_c23/759_755,ffpp_test:62,1,face2face,canonical,3.02685546875,0.9537727272614342
tall_local_seed42,external,1,42,246,faceswap_faces_c23/755_759,ffpp_test:62,1,faceswap,canonical,-2.472900390625,0.07777993454288229
tall_local_seed42,external,1,42,247,faceswap_faces_c23/759_755,ffpp_test:62,1,faceswap,canonical,1.78302001953125,0.8560693766962445
tall_local_seed42,external,1,42,248,neuraltextures_faces_c23/755_759,ffpp_test:62,1,neuraltextures,canonical,2.6444091796875,0.9336655660522992
tall_local_seed42,external,1,42,249,neuraltextures_faces_c23/759_755,ffpp_test:62,1,neuraltextures,canonical,2.989990234375,0.9521198649603699
tall_local_seed42,external,1,42,250,original_faces_c23/467,ffpp_test:43,0,real,canonical,-3.898193359375,0.01987546936855661
tall_local_seed42,external,1,42,251,original_faces_c23/462,ffpp_test:43,0,real,canonical,-3.38330078125,0.03282145239101996
tall_local_seed42,external,1,42,252,deepfakes_faces_c23/467_462,ffpp_test:43,1,deepfakes,canonical,0.759002685546875,0.6811371668752851
tall_local_seed42,external,1,42,253,deepfakes_faces_c23/462_467,ffpp_test:43,1,deepfakes,canonical,2.941650390625,0.949867375704659
tall_local_seed42,external,1,42,254,face2face_faces_c23/467_462,ffpp_test:43,1,face2face,canonical,3.027587890625,0.9538050092399561
tall_local_seed42,external,1,42,255,face2face_faces_c23/462_467,ffpp_test:43,1,face2face,canonical,2.91748046875,0.9487038249279584
tall_local_seed42,external,1,42,256,faceswap_faces_c23/467_462,ffpp_test:43,1,faceswap,canonical,2.784423828125,0.9418282903631766
tall_local_seed42,external,1,42,257,faceswap_faces_c23/462_467,ffpp_test:43,1,faceswap,canonical,2.931884765625,0.9494002947608681
tall_local_seed42,external,1,42,258,neuraltextures_faces_c23/467_462,ffpp_test:43,1,neuraltextures,canonical,3.236328125,0.9621787134186345
tall_local_seed42,external,1,42,259,neuraltextures_faces_c23/462_467,ffpp_test:43,1,neuraltextures,canonical,1.1796035766601562,0.7648765183059824
tall_local_seed42,external,1,42,260,original_faces_c23/314,ffpp_test:27,0,real,canonical,-1.4810791015625,0.18526448270344895
tall_local_seed42,external,1,42,261,original_faces_c23/347,ffpp_test:27,0,real,canonical,-3.586181640625,0.026957095213951038
tall_local_seed42,external,1,42,262,deepfakes_faces_c23/314_347,ffpp_test:27,1,deepfakes,canonical,3.0537109375,0.9549424681658311
tall_local_seed42,external,1,42,263,deepfakes_faces_c23/347_314,ffpp_test:27,1,deepfakes,canonical,3.158203125,0.9592307337556119
tall_local_seed42,external,1,42,264,face2face_faces_c23/314_347,ffpp_test:27,1,face2face,canonical,3.00048828125,0.9525961808643008
tall_local_seed42,external,1,42,265,face2face_faces_c23/347_314,ffpp_test:27,1,face2face,canonical,3.084228515625,0.9562374786053691
tall_local_seed42,external,1,42,266,faceswap_faces_c23/314_347,ffpp_test:27,1,faceswap,canonical,2.914794921875,0.9485729755214037
tall_local_seed42,external,1,42,267,faceswap_faces_c23/347_314,ffpp_test:27,1,faceswap,canonical,3.11328125,0.9574372713515003
tall_local_seed42,external,1,42,268,neuraltextures_faces_c23/314_347,ffpp_test:27,1,neuraltextures,canonical,3.16748046875,0.9595920023184451
tall_local_seed42,external,1,42,269,neuraltextures_faces_c23/347_314,ffpp_test:27,1,neuraltextures,canonical,-2.597412109375,0.0693051584060839
tall_local_seed42,external,1,42,270,original_faces_c23/741,ffpp_test:60,0,real,canonical,-2.5751953125,0.07075196973880457
tall_local_seed42,external,1,42,271,original_faces_c23/731,ffpp_test:60,0,real,canonical,-2.7822265625,0.05829220983738811
tall_local_seed42,external,1,42,272,deepfakes_faces_c23/741_731,ffpp_test:60,1,deepfakes,canonical,-0.1632080078125,0.459288327192856
tall_local_seed42,external,1,42,273,deepfakes_faces_c23/731_741,ffpp_test:60,1,deepfakes,canonical,3.270751953125,0.9634116870170251
tall_local_seed42,external,1,42,274,face2face_faces_c23/741_731,ffpp_test:60,1,face2face,canonical,3.143798828125,0.9586636818143942
tall_local_seed42,external,1,42,275,face2face_faces_c23/731_741,ffpp_test:60,1,face2face,canonical,2.47900390625,0.9226567452620669
tall_local_seed42,external,1,42,276,faceswap_faces_c23/741_731,ffpp_test:60,1,faceswap,canonical,0.0689697265625,0.5172355999571057
tall_local_seed42,external,1,42,277,faceswap_faces_c23/731_741,ffpp_test:60,1,faceswap,canonical,3.247802734375,0.9625940766945646
tall_local_seed42,external,1,42,278,neuraltextures_faces_c23/741_731,ffpp_test:60,1,neuraltextures,canonical,2.9033203125,0.948010327963514
tall_local_seed42,external,1,42,279,neuraltextures_faces_c23/731_741,ffpp_test:60,1,neuraltextures,canonical,1.526123046875,0.8214383613826926
tall_local_seed42,external,1,42,280,original_faces_c23/970,ffpp_test:69,0,real,canonical,-3.198486328125,0.039222724697937396
tall_local_seed42,external,1,42,281,original_faces_c23/973,ffpp_test:69,0,real,canonical,-3.008056640625,0.047063225323512856
tall_local_seed42,external,1,42,282,deepfakes_faces_c23/970_973,ffpp_test:69,1,deepfakes,canonical,3.2470703125,0.9625676956479489
tall_local_seed42,external,1,42,283,deepfakes_faces_c23/973_970,ffpp_test:69,1,deepfakes,canonical,2.928955078125,0.9492593689617701
tall_local_seed42,external,1,42,284,face2face_faces_c23/970_973,ffpp_test:69,1,face2face,canonical,2.986083984375,0.9519414734604522
tall_local_seed42,external,1,42,285,face2face_faces_c23/973_970,ffpp_test:69,1,face2face,canonical,2.427520751953125,0.9189019681674123
tall_local_seed42,external,1,42,286,faceswap_faces_c23/970_973,ffpp_test:69,1,faceswap,canonical,2.990478515625,0.9521421196307919
tall_local_seed42,external,1,42,287,faceswap_faces_c23/973_970,ffpp_test:69,1,faceswap,canonical,3.026611328125,0.95376196183252
tall_local_seed42,external,1,42,288,neuraltextures_faces_c23/970_973,ffpp_test:69,1,neuraltextures,canonical,3.0634765625,0.955360795269923
tall_local_seed42,external,1,42,289,neuraltextures_faces_c23/973_970,ffpp_test:69,1,neuraltextures,canonical,1.949951171875,0.875441317505058
tall_local_seed42,external,1,42,290,original_faces_c23/634,ffpp_test:53,0,real,canonical,-2.94677734375,0.04988904448733769
tall_local_seed42,external,1,42,291,original_faces_c23/660,ffpp_test:53,0,real,canonical,-3.011474609375,0.046910172404181306
tall_local_seed42,external,1,42,292,deepfakes_faces_c23/634_660,ffpp_test:53,1,deepfakes,canonical,3.033203125,0.9540517926508258
tall_local_seed42,external,1,42,293,deepfakes_faces_c23/660_634,ffpp_test:53,1,deepfakes,canonical,2.55126953125,0.9276587565948946
tall_local_seed42,external,1,42,294,face2face_faces_c23/634_660,ffpp_test:53,1,face2face,canonical,3.4287109375,0.9685898736000289
tall_local_seed42,external,1,42,295,face2face_faces_c23/660_634,ffpp_test:53,1,face2face,canonical,2.8720703125,0.9464483764341689
tall_local_seed42,external,1,42,296,faceswap_faces_c23/634_660,ffpp_test:53,1,faceswap,canonical,2.923828125,0.9490118544722849
tall_local_seed42,external,1,42,297,faceswap_faces_c23/660_634,ffpp_test:53,1,faceswap,canonical,2.752197265625,0.9400373232535826
tall_local_seed42,external,1,42,298,neuraltextures_faces_c23/634_660,ffpp_test:53,1,neuraltextures,canonical,3.149658203125,0.9588952519380717
tall_local_seed42,external,1,42,299,neuraltextures_faces_c23/660_634,ffpp_test:53,1,neuraltextures,canonical,0.64959716796875,0.6569196796551912
tall_local_seed42,external,1,42,300,original_faces_c23/494,ffpp_test:40,0,real,canonical,-3.1163330078125,0.04243853949308245
tall_local_seed42,external,1,42,301,original_faces_c23/445,ffpp_test:40,0,real,canonical,-2.788818359375,0.05793141006447623
tall_local_seed42,external,1,42,302,deepfakes_faces_c23/494_445,ffpp_test:40,1,deepfakes,canonical,2.96435546875,0.9509375991053066
tall_local_seed42,external,1,42,303,deepfakes_faces_c23/445_494,ffpp_test:40,1,deepfakes,canonical,3.284912109375,0.9639075647524152
tall_local_seed42,external,1,42,304,face2face_faces_c23/494_445,ffpp_test:40,1,face2face,canonical,3.14453125,0.9586926962069957
tall_local_seed42,external,1,42,305,face2face_faces_c23/445_494,ffpp_test:40,1,face2face,canonical,2.860107421875,0.9458388027645653
tall_local_seed42,external,1,42,306,faceswap_faces_c23/494_445,ffpp_test:40,1,faceswap,canonical,2.919677734375,0.948810649227072
tall_local_seed42,external,1,42,307,faceswap_faces_c23/445_494,ffpp_test:40,1,faceswap,canonical,2.926513671875,0.9491416470791817
tall_local_seed42,external,1,42,308,neuraltextures_faces_c23/494_445,ffpp_test:40,1,neuraltextures,canonical,1.880767822265625,0.8676992952140057
tall_local_seed42,external,1,42,309,neuraltextures_faces_c23/445_494,ffpp_test:40,1,neuraltextures,canonical,2.886962890625,0.94719819039111
tall_local_seed42,external,1,42,310,original_faces_c23/706,ffpp_test:44,0,real,canonical,-3.0966796875,0.043244422537074084
tall_local_seed42,external,1,42,311,original_faces_c23/479,ffpp_test:44,0,real,canonical,-3.0908203125,0.04348750017868474
tall_local_seed42,external,1,42,312,deepfakes_faces_c23/706_479,ffpp_test:44,1,deepfakes,canonical,2.967529296875,0.9510854632035998
tall_local_seed42,external,1,42,313,deepfakes_faces_c23/479_706,ffpp_test:44,1,deepfakes,canonical,2.923583984375,0.9490000396140538
tall_local_seed42,external,1,42,314,face2face_faces_c23/706_479,ffpp_test:44,1,face2face,canonical,0.38477325439453125,0.5950238360483552
tall_local_seed42,external,1,42,315,face2face_faces_c23/479_706,ffpp_test:44,1,face2face,canonical,3.224853515625,0.9617589210937345
tall_local_seed42,external,1,42,316,faceswap_faces_c23/706_479,ffpp_test:44,1,faceswap,canonical,3.1103515625,0.9573177231110328
tall_local_seed42,external,1,42,317,faceswap_faces_c23/479_706,ffpp_test:44,1,faceswap,canonical,2.2584228515625,0.9053746008408092
tall_local_seed42,external,1,42,318,neuraltextures_faces_c23/706_479,ffpp_test:44,1,neuraltextures,canonical,2.10589599609375,0.8914749190219022
tall_local_seed42,external,1,42,319,neuraltextures_faces_c23/479_706,ffpp_test:44,1,neuraltextures,canonical,3.257568359375,0.9629441207087587
tall_local_seed42,external,1,42,320,original_faces_c23/186,ffpp_test:17,0,real,canonical,-3.082763671875,0.04382386222707426
tall_local_seed42,external,1,42,321,original_faces_c23/170,ffpp_test:17,0,real,canonical,-2.9334716796875,0.05052352522378133
tall_local_seed42,external,1,42,322,deepfakes_faces_c23/186_170,ffpp_test:17,1,deepfakes,canonical,2.8428955078125,0.9449502785606317
tall_local_seed42,external,1,42,323,deepfakes_faces_c23/170_186,ffpp_test:17,1,deepfakes,canonical,2.816650390625,0.9435689760086637
tall_local_seed42,external,1,42,324,face2face_faces_c23/186_170,ffpp_test:17,1,face2face,canonical,0.9385986328125,0.7188165008809315
tall_local_seed42,external,1,42,325,face2face_faces_c23/170_186,ffpp_test:17,1,face2face,canonical,2.916748046875,0.9486681699910745
tall_local_seed42,external,1,42,326,faceswap_faces_c23/186_170,ffpp_test:17,1,faceswap,canonical,2.9484405517578125,0.9501897327916219
tall_local_seed42,external,1,42,327,faceswap_faces_c23/170_186,ffpp_test:17,1,faceswap,canonical,2.923095703125,0.9489764021254317
tall_local_seed42,external,1,42,328,neuraltextures_faces_c23/186_170,ffpp_test:17,1,neuraltextures,canonical,3.251708984375,0.9627344740676572
tall_local_seed42,external,1,42,329,neuraltextures_faces_c23/170_186,ffpp_test:17,1,neuraltextures,canonical,2.6004638671875,0.9308914273939041
tall_local_seed42,external,1,42,330,original_faces_c23/176,ffpp_test:18,0,real,canonical,-2.82275390625,0.056106911245293864
tall_local_seed42,external,1,42,331,original_faces_c23/190,ffpp_test:18,0,real,canonical,-2.8487548828125,0.05474571460396621
tall_local_seed42,external,1,42,332,deepfakes_faces_c23/176_190,ffpp_test:18,1,deepfakes,canonical,2.884521484375,0.9470759530425682
tall_local_seed42,external,1,42,333,deepfakes_faces_c23/190_176,ffpp_test:18,1,deepfakes,canonical,2.76513671875,0.9407625439913097
tall_local_seed42,external,1,42,334,face2face_faces_c23/176_190,ffpp_test:18,1,face2face,canonical,2.798583984375,0.9425992573042686
tall_local_seed42,external,1,42,335,face2face_faces_c23/190_176,ffpp_test:18,1,face2face,canonical,2.89013671875,0.9473567004168615
tall_local_seed42,external,1,42,336,faceswap_faces_c23/176_190,ffpp_test:18,1,faceswap,canonical,2.970947265625,0.9512442286821448
tall_local_seed42,external,1,42,337,faceswap_faces_c23/190_176,ffpp_test:18,1,faceswap,canonical,3.336181640625,0.9656494098853271
tall_local_seed42,external,1,42,338,neuraltextures_faces_c23/176_190,ffpp_test:18,1,neuraltextures,canonical,2.2392578125,0.9037198997219263
tall_local_seed42,external,1,42,339,neuraltextures_faces_c23/190_176,ffpp_test:18,1,neuraltextures,canonical,3.3603515625,0.9664421803552634
tall_local_seed42,external,1,42,340,original_faces_c23/380,ffpp_test:29,0,real,canonical,-3.07666015625,0.04408033315478454
tall_local_seed42,external,1,42,341,original_faces_c23/358,ffpp_test:29,0,real,canonical,-2.845458984375,0.05491652331353339
tall_local_seed42,external,1,42,342,deepfakes_faces_c23/380_358,ffpp_test:29,1,deepfakes,canonical,2.0230712890625,0.8831982137015454
tall_local_seed42,external,1,42,343,deepfakes_faces_c23/358_380,ffpp_test:29,1,deepfakes,canonical,-2.941650390625,0.05013262429534103
tall_local_seed42,external,1,42,344,face2face_faces_c23/380_358,ffpp_test:29,1,face2face,canonical,-2.28460693359375,0.09240585716128488
tall_local_seed42,external,1,42,345,face2face_faces_c23/358_380,ffpp_test:29,1,face2face,canonical,0.190643310546875,0.5475169981378287
tall_local_seed42,external,1,42,346,faceswap_faces_c23/380_358,ffpp_test:29,1,faceswap,canonical,-3.3436279296875,0.03410444664248575
tall_local_seed42,external,1,42,347,faceswap_faces_c23/358_380,ffpp_test:29,1,faceswap,canonical,-3.677490234375,0.024662727535639174
tall_local_seed42,external,1,42,348,neuraltextures_faces_c23/380_358,ffpp_test:29,1,neuraltextures,canonical,2.177215576171875,0.8981847216962823
tall_local_seed42,external,1,42,349,neuraltextures_faces_c23/358_380,ffpp_test:29,1,neuraltextures,canonical,-3.137451171875,0.04158859437947928
tall_local_seed42,external,1,42,350,original_faces_c23/214,ffpp_test:19,0,real,canonical,-3.04150390625,0.04558569464027403
tall_local_seed42,external,1,42,351,original_faces_c23/255,ffpp_test:19,0,real,canonical,-3.42626953125,0.03148448763080716
tall_local_seed42,external,1,42,352,deepfakes_faces_c23/214_255,ffpp_test:19,1,deepfakes,canonical,2.97802734375,0.9515715460244556
tall_local_seed42,external,1,42,353,deepfakes_faces_c23/255_214,ffpp_test:19,1,deepfakes,canonical,2.8134765625,0.9433997424608889
tall_local_seed42,external,1,42,354,face2face_faces_c23/214_255,ffpp_test:19,1,face2face,canonical,2.998046875,0.9524858131235034
tall_local_seed42,external,1,42,355,face2face_faces_c23/255_214,ffpp_test:19,1,face2face,canonical,3.11669921875,0.9575763399140812
tall_local_seed42,external,1,42,356,faceswap_faces_c23/214_255,ffpp_test:19,1,faceswap,canonical,3.14013671875,0.9585183171068697
tall_local_seed42,external,1,42,357,faceswap_faces_c23/255_214,ffpp_test:19,1,faceswap,canonical,2.604736328125,0.9311657803275818
tall_local_seed42,external,1,42,358,neuraltextures_faces_c23/214_255,ffpp_test:19,1,neuraltextures,canonical,3.12451171875,0.9578925819639607
tall_local_seed42,external,1,42,359,neuraltextures_faces_c23/255_214,ffpp_test:19,1,neuraltextures,canonical,1.8714599609375,0.8666271167485105
tall_local_seed42,external,1,42,360,original_faces_c23/454,ffpp_test:42,0,real,canonical,0.1147003173828125,0.5286436828164749
tall_local_seed42,external,1,42,361,original_faces_c23/527,ffpp_test:42,0,real,canonical,-2.87646484375,0.05332932830132339
tall_local_seed42,external,1,42,362,deepfakes_faces_c23/454_527,ffpp_test:42,1,deepfakes,canonical,2.87744140625,0.9467199522600559
tall_local_seed42,external,1,42,363,deepfakes_faces_c23/527_454,ffpp_test:42,1,deepfakes,canonical,2.97021484375,0.9512102487183242
tall_local_seed42,external,1,42,364,face2face_faces_c23/454_527,ffpp_test:42,1,face2face,canonical,2.86962890625,0.9463245016155933
tall_local_seed42,external,1,42,365,face2face_faces_c23/527_454,ffpp_test:42,1,face2face,canonical,-1.13104248046875,0.24396876614192023
tall_local_seed42,external,1,42,366,faceswap_faces_c23/454_527,ffpp_test:42,1,faceswap,canonical,2.9560546875,0.9505488709881147
tall_local_seed42,external,1,42,367,faceswap_faces_c23/527_454,ffpp_test:42,1,faceswap,canonical,2.771728515625,0.9411288286152772
tall_local_seed42,external,1,42,368,neuraltextures_faces_c23/454_527,ffpp_test:42,1,neuraltextures,canonical,2.9306640625,0.9493416207652491
tall_local_seed42,external,1,42,369,neuraltextures_faces_c23/527_454,ffpp_test:42,1,neuraltextures,canonical,2.0283203125,0.8837386101844305
tall_local_seed42,external,1,42,370,original_faces_c23/425,ffpp_test:39,0,real,canonical,-3.22802734375,0.0381245205568122
tall_local_seed42,external,1,42,371,original_faces_c23/485,ffpp_test:39,0,real,canonical,-3.273193359375,0.036502351666157784
tall_local_seed42,external,1,42,372,deepfakes_faces_c23/425_485,ffpp_test:39,1,deepfakes,canonical,3.323974609375,0.96524218531618
tall_local_seed42,external,1,42,373,deepfakes_faces_c23/485_425,ffpp_test:39,1,deepfakes,canonical,2.90478515625,0.9480824779829624
tall_local_seed42,external,1,42,374,face2face_faces_c23/425_485,ffpp_test:39,1,face2face,canonical,1.861572265625,0.8654801031726629
tall_local_seed42,external,1,42,375,face2face_faces_c23/485_425,ffpp_test:39,1,face2face,canonical,2.962646484375,0.9508578044839177
tall_local_seed42,external,1,42,376,faceswap_faces_c23/425_485,ffpp_test:39,1,faceswap,canonical,2.9384765625,0.9497160241174913
tall_local_seed42,external,1,42,377,faceswap_faces_c23/485_425,ffpp_test:39,1,faceswap,canonical,2.87255859375,0.9464731190122394
tall_local_seed42,external,1,42,378,neuraltextures_faces_c23/425_485,ffpp_test:39,1,neuraltextures,canonical,3.379638671875,0.9670620977603932
tall_local_seed42,external,1,42,379,neuraltextures_faces_c23/485_425,ffpp_test:39,1,neuraltextures,canonical,2.131103515625,0.8938897232645995
tall_local_seed42,external,1,42,380,original_faces_c23/388,ffpp_test:26,0,real,canonical,-3.64892578125,0.025359240244819413
tall_local_seed42,external,1,42,381,original_faces_c23/308,ffpp_test:26,0,real,canonical,-3.64306640625,0.025504464899951663
tall_local_seed42,external,1,42,382,deepfakes_faces_c23/388_308,ffpp_test:26,1,deepfakes,canonical,2.0626220703125,0.8872168090335928
tall_local_seed42,external,1,42,383,deepfakes_faces_c23/308_388,ffpp_test:26,1,deepfakes,canonical,3.022705078125,0.9535893902221656
tall_local_seed42,external,1,42,384,face2face_faces_c23/388_308,ffpp_test:26,1,face2face,canonical,3.001708984375,0.9526512733408855
tall_local_seed42,external,1,42,385,face2face_faces_c23/308_388,ffpp_test:26,1,face2face,canonical,3.310302734375,0.9647805688598164
tall_local_seed42,external,1,42,386,faceswap_faces_c23/388_308,ffpp_test:26,1,faceswap,canonical,3.095458984375,0.9567050435042058
tall_local_seed42,external,1,42,387,faceswap_faces_c23/308_388,ffpp_test:26,1,faceswap,canonical,3.087158203125,0.9563599145624546
tall_local_seed42,external,1,42,388,neuraltextures_faces_c23/388_308,ffpp_test:26,1,neuraltextures,canonical,2.260986328125,0.9055939894495371
tall_local_seed42,external,1,42,389,neuraltextures_faces_c23/308_388,ffpp_test:26,1,neuraltextures,canonical,1.39453125,0.8013146462095748
tall_local_seed42,external,1,42,390,original_faces_c23/384,ffpp_test:32,0,real,canonical,-3.2490234375,0.03736199460111399
tall_local_seed42,external,1,42,391,original_faces_c23/932,ffpp_test:32,0,real,canonical,-3.56591796875,0.027493745383505127
tall_local_seed42,external,1,42,392,deepfakes_faces_c23/384_932,ffpp_test:32,1,deepfakes,canonical,2.932861328125,0.9494471876296021
tall_local_seed42,external,1,42,393,deepfakes_faces_c23/932_384,ffpp_test:32,1,deepfakes,canonical,2.567626953125,0.9287488205316368
tall_local_seed42,external,1,42,394,face2face_faces_c23/384_932,ffpp_test:32,1,face2face,canonical,3.001953125,0.9526622845323623
tall_local_seed42,external,1,42,395,face2face_faces_c23/932_384,ffpp_test:32,1,face2face,canonical,-0.10638427734375,0.4734289859793923
tall_local_seed42,external,1,42,396,faceswap_faces_c23/384_932,ffpp_test:32,1,faceswap,canonical,2.918701171875,0.9487631977680888
tall_local_seed42,external,1,42,397,faceswap_faces_c23/932_384,ffpp_test:32,1,faceswap,canonical,-0.586181640625,0.35751144204805024
tall_local_seed42,external,1,42,398,neuraltextures_faces_c23/384_932,ffpp_test:32,1,neuraltextures,canonical,3.121337890625,0.9577643813608003
tall_local_seed42,external,1,42,399,neuraltextures_faces_c23/932_384,ffpp_test:32,1,neuraltextures,canonical,3.3046875,0.9645892699236761
tall_local_seed42,external,1,42,400,original_faces_c23/035,ffpp_test:5,0,real,canonical,-3.84814453125,0.020874233822499446
tall_local_seed42,external,1,42,401,original_faces_c23/036,ffpp_test:5,0,real,canonical,-3.28955078125,0.03593140372849774
tall_local_seed42,external,1,42,402,deepfakes_faces_c23/035_036,ffpp_test:5,1,deepfakes,canonical,2.9248046875,0.949059088009669
tall_local_seed42,external,1,42,403,deepfakes_faces_c23/036_035,ffpp_test:5,1,deepfakes,canonical,3.48486328125,0.9702540016604146
tall_local_seed42,external,1,42,404,face2face_faces_c23/035_036,ffpp_test:5,1,face2face,canonical,3.2021484375,0.9609150467080232
tall_local_seed42,external,1,42,405,face2face_faces_c23/036_035,ffpp_test:5,1,face2face,canonical,2.59765625,0.9307105874853785
tall_local_seed42,external,1,42,406,faceswap_faces_c23/035_036,ffpp_test:5,1,faceswap,canonical,1.8830108642578125,0.8679565779120425
tall_local_seed42,external,1,42,407,faceswap_faces_c23/036_035,ffpp_test:5,1,faceswap,canonical,1.131591796875,0.7561325399241328
tall_local_seed42,external,1,42,408,neuraltextures_faces_c23/035_036,ffpp_test:5,1,neuraltextures,canonical,3.061767578125,0.9552878562452134
tall_local_seed42,external,1,42,409,neuraltextures_faces_c23/036_035,ffpp_test:5,1,neuraltextures,canonical,3.057373046875,0.9550997767703998
tall_local_seed42,external,1,42,410,original_faces_c23/257,ffpp_test:23,0,real,canonical,-2.2502288818359375,0.09532972385086724
tall_local_seed42,external,1,42,411,original_faces_c23/420,ffpp_test:23,0,real,canonical,-2.462646484375,0.07851864114395435
tall_local_seed42,external,1,42,412,deepfakes_faces_c23/257_420,ffpp_test:23,1,deepfakes,canonical,2.923095703125,0.9489764021254317
tall_local_seed42,external,1,42,413,deepfakes_faces_c23/420_257,ffpp_test:23,1,deepfakes,canonical,2.54833984375,0.9274619046653061
tall_local_seed42,external,1,42,414,face2face_faces_c23/257_420,ffpp_test:23,1,face2face,canonical,2.44140625,0.9199307308316192
tall_local_seed42,external,1,42,415,face2face_faces_c23/420_257,ffpp_test:23,1,face2face,canonical,2.84716796875,0.9451721067325423
tall_local_seed42,external,1,42,416,faceswap_faces_c23/257_420,ffpp_test:23,1,faceswap,canonical,2.968505859375,0.9511308747433512
tall_local_seed42,external,1,42,417,faceswap_faces_c23/420_257,ffpp_test:23,1,faceswap,canonical,2.4619140625,0.9214283492343645
tall_local_seed42,external,1,42,418,neuraltextures_faces_c23/257_420,ffpp_test:23,1,neuraltextures,canonical,3.1533203125,0.9590393521950873
tall_local_seed42,external,1,42,419,neuraltextures_faces_c23/420_257,ffpp_test:23,1,neuraltextures,canonical,-0.10162353515625,0.47461595826030706
tall_local_seed42,external,1,42,420,original_faces_c23/924,ffpp_test:67,0,real,canonical,-3.087646484375,0.04361971125317499
tall_local_seed42,external,1,42,421,original_faces_c23/917,ffpp_test:67,0,real,canonical,-2.751708984375,0.059990205685276875
tall_local_seed42,external,1,42,422,deepfakes_faces_c23/924_917,ffpp_test:67,1,deepfakes,canonical,2.9189453125,0.9487750645324247
tall_local_seed42,external,1,42,423,deepfakes_faces_c23/917_924,ffpp_test:67,1,deepfakes,canonical,2.822479248046875,0.9438785413778102
tall_local_seed42,external,1,42,424,face2face_faces_c23/924_917,ffpp_test:67,1,face2face,canonical,0.391998291015625,0.5967636544809914
tall_local_seed42,external,1,42,425,face2face_faces_c23/917_924,ffpp_test:67,1,face2face,canonical,0.7347412109375,0.6758448351622084
tall_local_seed42,external,1,42,426,faceswap_faces_c23/924_917,ffpp_test:67,1,faceswap,canonical,2.9443359375,0.949995105293887
tall_local_seed42,external,1,42,427,faceswap_faces_c23/917_924,ffpp_test:67,1,faceswap,canonical,-1.7431640625,0.14891148557936418
tall_local_seed42,external,1,42,428,neuraltextures_faces_c23/924_917,ffpp_test:67,1,neuraltextures,canonical,3.121337890625,0.9577643813608003
tall_local_seed42,external,1,42,429,neuraltextures_faces_c23/917_924,ffpp_test:67,1,neuraltextures,canonical,3.384765625,0.9672250161000435
tall_local_seed42,external,1,42,430,original_faces_c23/114,ffpp_test:9,0,real,canonical,-3.241455078125,0.03763515392839855
tall_local_seed42,external,1,42,431,original_faces_c23/102,ffpp_test:9,0,real,canonical,-3.33203125,0.034488527557917266
tall_local_seed42,external,1,42,432,deepfakes_faces_c23/114_102,ffpp_test:9,1,deepfakes,canonical,1.8438720703125,0.8634060071058433
tall_local_seed42,external,1,42,433,deepfakes_faces_c23/102_114,ffpp_test:9,1,deepfakes,canonical,0.762451171875,0.6818856730038779
tall_local_seed42,external,1,42,434,face2face_faces_c23/114_102,ffpp_test:9,1,face2face,canonical,3.344970703125,0.9659397584439502
tall_local_seed42,external,1,42,435,face2face_faces_c23/102_114,ffpp_test:9,1,face2face,canonical,0.2764892578125,0.5686853094036123
tall_local_seed42,external,1,42,436,faceswap_faces_c23/114_102,ffpp_test:9,1,faceswap,canonical,2.93359375,0.949482330277519
tall_local_seed42,external,1,42,437,faceswap_faces_c23/102_114,ffpp_test:9,1,faceswap,canonical,3.126220703125,0.9579614588798324
tall_local_seed42,external,1,42,438,neuraltextures_faces_c23/114_102,ffpp_test:9,1,neuraltextures,canonical,3.130859375,0.9581478679075386
tall_local_seed42,external,1,42,439,neuraltextures_faces_c23/102_114,ffpp_test:9,1,neuraltextures,canonical,2.72308349609375,0.9383750851544002
tall_local_seed42,external,1,42,440,original_faces_c23/732,ffpp_test:56,0,real,canonical,-3.53271484375,0.02839559112710617
tall_local_seed42,external,1,42,441,original_faces_c23/691,ffpp_test:56,0,real,canonical,-3.0874481201171875,0.04362798717046224
tall_local_seed42,external,1,42,442,deepfakes_faces_c23/732_691,ffpp_test:56,1,deepfakes,canonical,3.025634765625,0.9537188762572437
tall_local_seed42,external,1,42,443,deepfakes_faces_c23/691_732,ffpp_test:56,1,deepfakes,canonical,2.999267578125,0.9525410274784751
tall_local_seed42,external,1,42,444,face2face_faces_c23/732_691,ffpp_test:56,1,face2face,canonical,2.892578125,0.9474783252902633
tall_local_seed42,external,1,42,445,face2face_faces_c23/691_732,ffpp_test:56,1,face2face,canonical,3.103271484375,0.9570274890573479
tall_local_seed42,external,1,42,446,faceswap_faces_c23/732_691,ffpp_test:56,1,faceswap,canonical,2.392822265625,0.9162783252604025
tall_local_seed42,external,1,42,447,faceswap_faces_c23/691_732,ffpp_test:56,1,faceswap,canonical,2.888427734375,0.947271404787928
tall_local_seed42,external,1,42,448,neuraltextures_faces_c23/732_691,ffpp_test:56,1,neuraltextures,canonical,2.2406005859375,0.9038366714444328
tall_local_seed42,external,1,42,449,neuraltextures_faces_c23/691_732,ffpp_test:56,1,neuraltextures,canonical,3.31787109375,0.9650368316556588
tall_local_seed42,external,1,42,450,original_faces_c23/550,ffpp_test:41,0,real,canonical,-2.072021484375,0.11184607369668974
tall_local_seed42,external,1,42,451,original_faces_c23/452,ffpp_test:41,0,real,canonical,1.4747314453125,0.8137754774212811
tall_local_seed42,external,1,42,452,deepfakes_faces_c23/550_452,ffpp_test:41,1,deepfakes,canonical,3.21728515625,0.9614795918292456
tall_local_seed42,external,1,42,453,deepfakes_faces_c23/452_550,ffpp_test:41,1,deepfakes,canonical,2.964599609375,0.9509489883010257
tall_local_seed42,external,1,42,454,face2face_faces_c23/550_452,ffpp_test:41,1,face2face,canonical,3.074951171875,0.9558475987957699
tall_local_seed42,external,1,42,455,face2face_faces_c23/452_550,ffpp_test:41,1,face2face,canonical,2.9375,0.9496693674025232
tall_local_seed42,external,1,42,456,faceswap_faces_c23/550_452,ffpp_test:41,1,faceswap,canonical,3.241943359375,0.9623825270156203
tall_local_seed42,external,1,42,457,faceswap_faces_c23/452_550,ffpp_test:41,1,faceswap,canonical,2.91748046875,0.9487038249279584
tall_local_seed42,external,1,42,458,neuraltextures_faces_c23/550_452,ffpp_test:41,1,neuraltextures,canonical,3.26904296875,0.9633513982553388
tall_local_seed42,external,1,42,459,neuraltextures_faces_c23/452_550,ffpp_test:41,1,neuraltextures,canonical,2.875244140625,0.9466090105084702
tall_local_seed42,external,1,42,460,original_faces_c23/280,ffpp_test:22,0,real,canonical,-3.5054931640625,0.029156337088336627
tall_local_seed42,external,1,42,461,original_faces_c23/249,ffpp_test:22,0,real,canonical,-3.42822265625,0.03142498503882006
tall_local_seed42,external,1,42,462,deepfakes_faces_c23/280_249,ffpp_test:22,1,deepfakes,canonical,3.0859375,0.956308939359532
tall_local_seed42,external,1,42,463,deepfakes_faces_c23/249_280,ffpp_test:22,1,deepfakes,canonical,2.97802734375,0.9515715460244556
tall_local_seed42,external,1,42,464,face2face_faces_c23/280_249,ffpp_test:22,1,face2face,canonical,2.89453125,0.9475754340373931
tall_local_seed42,external,1,42,465,face2face_faces_c23/249_280,ffpp_test:22,1,face2face,canonical,2.9306640625,0.9493416207652491
tall_local_seed42,external,1,42,466,faceswap_faces_c23/280_249,ffpp_test:22,1,faceswap,canonical,3.013916015625,0.953198861247937
tall_local_seed42,external,1,42,467,faceswap_faces_c23/249_280,ffpp_test:22,1,faceswap,canonical,2.85107421875,0.9453741839609074
tall_local_seed42,external,1,42,468,neuraltextures_faces_c23/280_249,ffpp_test:22,1,neuraltextures,canonical,2.89404296875,0.9475511727636582
tall_local_seed42,external,1,42,469,neuraltextures_faces_c23/249_280,ffpp_test:22,1,neuraltextures,canonical,1.6298828125,0.8361535846316344
tall_local_seed42,external,1,42,470,original_faces_c23/842,ffpp_test:58,0,real,canonical,-3.015625,0.04672495862609241
tall_local_seed42,external,1,42,471,original_faces_c23/714,ffpp_test:58,0,real,canonical,-3.26171875,0.03690806619720511
tall_local_seed42,external,1,42,472,deepfakes_faces_c23/842_714,ffpp_test:58,1,deepfakes,canonical,3.026123046875,0.9537404238177498
tall_local_seed42,external,1,42,473,deepfakes_faces_c23/714_842,ffpp_test:58,1,deepfakes,canonical,2.709228515625,0.9375690062849759
tall_local_seed42,external,1,42,474,face2face_faces_c23/842_714,ffpp_test:58,1,face2face,canonical,2.948486328125,0.9501918993060171
tall_local_seed42,external,1,42,475,face2face_faces_c23/714_842,ffpp_test:58,1,face2face,canonical,1.10003662109375,0.7502669672221561
tall_local_seed42,external,1,42,476,faceswap_faces_c23/842_714,ffpp_test:58,1,faceswap,canonical,3.21875,0.9615338079816756
tall_local_seed42,external,1,42,477,faceswap_faces_c23/714_842,ffpp_test:58,1,faceswap,canonical,2.70391845703125,0.9372574675549995
tall_local_seed42,external,1,42,478,neuraltextures_faces_c23/842_714,ffpp_test:58,1,neuraltextures,canonical,-2.9033203125,0.051989672036486016
tall_local_seed42,external,1,42,479,neuraltextures_faces_c23/714_842,ffpp_test:58,1,neuraltextures,canonical,3.332763671875,0.965535853094961
tall_local_seed42,external,1,42,480,original_faces_c23/625,ffpp_test:52,0,real,canonical,-3.160888671875,0.04066437163316486
tall_local_seed42,external,1,42,481,original_faces_c23/650,ffpp_test:52,0,real,canonical,-2.8175048828125,0.056385542460255365
tall_local_seed42,external,1,42,482,deepfakes_faces_c23/625_650,ffpp_test:52,1,deepfakes,canonical,2.90625,0.94815453335022
tall_local_seed42,external,1,42,483,deepfakes_faces_c23/650_625,ffpp_test:52,1,deepfakes,canonical,3.007080078125,0.952892958152371
tall_local_seed42,external,1,42,484,face2face_faces_c23/625_650,ffpp_test:52,1,face2face,canonical,3.09130859375,0.9565328060062047
tall_local_seed42,external,1,42,485,face2face_faces_c23/650_625,ffpp_test:52,1,face2face,canonical,3.1376953125,0.958421135728579
tall_local_seed42,external,1,42,486,faceswap_faces_c23/625_650,ffpp_test:52,1,faceswap,canonical,2.604705810546875,0.9311638242450238
tall_local_seed42,external,1,42,487,faceswap_faces_c23/650_625,ffpp_test:52,1,faceswap,canonical,3.04345703125,0.9544992058387762
tall_local_seed42,external,1,42,488,neuraltextures_faces_c23/625_650,ffpp_test:52,1,neuraltextures,canonical,2.974853515625,0.9514250762633327
tall_local_seed42,external,1,42,489,neuraltextures_faces_c23/650_625,ffpp_test:52,1,neuraltextures,canonical,0.7059860229492188,0.6695136117335553
tall_local_seed42,external,1,42,490,original_faces_c23/024,ffpp_test:3,0,real,canonical,-3.62255859375,0.02601915616160593
tall_local_seed42,external,1,42,491,original_faces_c23/073,ffpp_test:3,0,real,canonical,-2.937255859375,0.050342303180408034
tall_local_seed42,external,1,42,492,deepfakes_faces_c23/024_073,ffpp_test:3,1,deepfakes,canonical,2.941650390625,0.949867375704659
tall_local_seed42,external,1,42,493,deepfakes_faces_c23/073_024,ffpp_test:3,1,deepfakes,canonical,3.18408203125,0.960230842096821
tall_local_seed42,external,1,42,494,face2face_faces_c23/024_073,ffpp_test:3,1,face2face,canonical,2.20458984375,0.9006609238374167
tall_local_seed42,external,1,42,495,face2face_faces_c23/073_024,ffpp_test:3,1,face2face,canonical,-0.909332275390625,0.28713649378692474
tall_local_seed42,external,1,42,496,faceswap_faces_c23/024_073,ffpp_test:3,1,faceswap,canonical,3.133544921875,0.9582554273602223
tall_local_seed42,external,1,42,497,faceswap_faces_c23/073_024,ffpp_test:3,1,faceswap,canonical,-0.93719482421875,0.2814673231214874
tall_local_seed42,external,1,42,498,neuraltextures_faces_c23/024_073,ffpp_test:3,1,neuraltextures,canonical,3.187255859375,0.9603518660063654
tall_local_seed42,external,1,42,499,neuraltextures_faces_c23/073_024,ffpp_test:3,1,neuraltextures,canonical,-2.98919677734375,0.047916319842327144
tall_local_seed42,external,1,42,500,original_faces_c23/044,ffpp_test:6,0,real,canonical,-2.732421875,0.06108710728770653
tall_local_seed42,external,1,42,501,original_faces_c23/945,ffpp_test:6,0,real,canonical,-2.632080078125,0.06710212158015166
tall_local_seed42,external,1,42,502,deepfakes_faces_c23/044_945,ffpp_test:6,1,deepfakes,canonical,2.99658203125,0.9524194753338557
tall_local_seed42,external,1,42,503,deepfakes_faces_c23/945_044,ffpp_test:6,1,deepfakes,canonical,2.8701171875,0.9463492981834316
tall_local_seed42,external,1,42,504,face2face_faces_c23/044_945,ffpp_test:6,1,face2face,canonical,1.17254638671875,0.7636049786406509
tall_local_seed42,external,1,42,505,face2face_faces_c23/945_044,ffpp_test:6,1,face2face,canonical,2.90576171875,0.9481305254046487
tall_local_seed42,external,1,42,506,faceswap_faces_c23/044_945,ffpp_test:6,1,faceswap,canonical,2.822021484375,0.9438542878659119
tall_local_seed42,external,1,42,507,faceswap_faces_c23/945_044,ffpp_test:6,1,faceswap,canonical,2.98193359375,0.951751241083639
tall_local_seed42,external,1,42,508,neuraltextures_faces_c23/044_945,ffpp_test:6,1,neuraltextures,canonical,2.07080078125,0.8880326084234693
tall_local_seed42,external,1,42,509,neuraltextures_faces_c23/945_044,ffpp_test:6,1,neuraltextures,canonical,2.531158447265625,0.9262974801907473
tall_local_seed42,external,1,42,510,original_faces_c23/896,ffpp_test:10,0,real,canonical,-4.022705078125,0.017589535151538428
tall_local_seed42,external,1,42,511,original_faces_c23/128,ffpp_test:10,0,real,canonical,-2.50048828125,0.07582395677922968
tall_local_seed42,external,1,42,512,deepfakes_faces_c23/896_128,ffpp_test:10,1,deepfakes,canonical,2.955078125,0.9505029467671967
tall_local_seed42,external,1,42,513,deepfakes_faces_c23/128_896,ffpp_test:10,1,deepfakes,canonical,2.970703125,0.9512329045230109
tall_local_seed42,external,1,42,514,face2face_faces_c23/896_128,ffpp_test:10,1,face2face,canonical,2.7978515625,0.9425596161127333
tall_local_seed42,external,1,42,515,face2face_faces_c23/128_896,ffpp_test:10,1,face2face,canonical,3.07568359375,0.9558784988536818
tall_local_seed42,external,1,42,516,faceswap_faces_c23/896_128,ffpp_test:10,1,faceswap,canonical,2.894287109375,0.9475633047260208
tall_local_seed42,external,1,42,517,faceswap_faces_c23/128_896,ffpp_test:10,1,faceswap,canonical,3.076904296875,0.9559299531165684
tall_local_seed42,external,1,42,518,neuraltextures_faces_c23/896_128,ffpp_test:10,1,neuraltextures,canonical,2.011474609375,0.8819965839574079
tall_local_seed42,external,1,42,519,neuraltextures_faces_c23/128_896,ffpp_test:10,1,neuraltextures,canonical,2.722900390625,0.9383644958123607
tall_local_seed42,external,1,42,520,original_faces_c23/862,ffpp_test:7,0,real,canonical,-3.140869140625,0.04145257087942729
tall_local_seed42,external,1,42,521,original_faces_c23/047,ffpp_test:7,0,real,canonical,-1.0965576171875,0.25038544875965446
tall_local_seed42,external,1,42,522,deepfakes_faces_c23/862_047,ffpp_test:7,1,deepfakes,canonical,2.851318359375,0.9453867904602715
tall_local_seed42,external,1,42,523,deepfakes_faces_c23/047_862,ffpp_test:7,1,deepfakes,canonical,3.283447265625,0.9638565685277939
tall_local_seed42,external,1,42,524,face2face_faces_c23/862_047,ffpp_test:7,1,face2face,canonical,2.331298828125,0.911436234484719
tall_local_seed42,external,1,42,525,face2face_faces_c23/047_862,ffpp_test:7,1,face2face,canonical,3.149658203125,0.9588952519380717
tall_local_seed42,external,1,42,526,faceswap_faces_c23/862_047,ffpp_test:7,1,faceswap,canonical,3.130859375,0.9581478679075386
tall_local_seed42,external,1,42,527,faceswap_faces_c23/047_862,ffpp_test:7,1,faceswap,canonical,2.875,0.9465966702001757
tall_local_seed42,external,1,42,528,neuraltextures_faces_c23/862_047,ffpp_test:7,1,neuraltextures,canonical,3.099365234375,0.9568665540042172
tall_local_seed42,external,1,42,529,neuraltextures_faces_c23/047_862,ffpp_test:7,1,neuraltextures,canonical,3.164794921875,0.9594877411019844
tall_local_seed42,external,1,42,530,original_faces_c23/607,ffpp_test:49,0,real,canonical,-3.896484375,0.01990878845878449
tall_local_seed42,external,1,42,531,original_faces_c23/683,ffpp_test:49,0,real,canonical,-3.45751953125,0.03054540037386472
tall_local_seed42,external,1,42,532,deepfakes_faces_c23/607_683,ffpp_test:49,1,deepfakes,canonical,2.975830078125,0.9514701885992797
tall_local_seed42,external,1,42,533,deepfakes_faces_c23/683_607,ffpp_test:49,1,deepfakes,canonical,2.904296875,0.9480584384987739
tall_local_seed42,external,1,42,534,face2face_faces_c23/607_683,ffpp_test:49,1,face2face,canonical,2.2674560546875,0.9061456595671014
tall_local_seed42,external,1,42,535,face2face_faces_c23/683_607,ffpp_test:49,1,face2face,canonical,3.3251953125,0.9652831163000888
tall_local_seed42,external,1,42,536,faceswap_faces_c23/607_683,ffpp_test:49,1,faceswap,canonical,2.946533203125,0.9500993819440875
tall_local_seed42,external,1,42,537,faceswap_faces_c23/683_607,ffpp_test:49,1,faceswap,canonical,2.924560546875,0.9490472835086546
tall_local_seed42,external,1,42,538,neuraltextures_faces_c23/607_683,ffpp_test:49,1,neuraltextures,canonical,0.57421875,0.6397360587186955
tall_local_seed42,external,1,42,539,neuraltextures_faces_c23/683_607,ffpp_test:49,1,neuraltextures,canonical,3.057373046875,0.9550997767703998
tall_local_seed42,external,1,42,540,original_faces_c23/517,ffpp_test:45,0,real,canonical,-3.28912353515625,0.03594620661233976
tall_local_seed42,external,1,42,541,original_faces_c23/521,ffpp_test:45,0,real,canonical,-3.83984375,0.02104456579396102
tall_local_seed42,external,1,42,542,deepfakes_faces_c23/517_521,ffpp_test:45,1,deepfakes,canonical,2.90869140625,0.9482744155867431
tall_local_seed42,external,1,42,543,deepfakes_faces_c23/521_517,ffpp_test:45,1,deepfakes,canonical,2.918701171875,0.9487631977680888
tall_local_seed42,external,1,42,544,face2face_faces_c23/517_521,ffpp_test:45,1,face2face,canonical,2.8818359375,0.9469411833996276
tall_local_seed42,external,1,42,545,face2face_faces_c23/521_517,ffpp_test:45,1,face2face,canonical,2.0211181640625,0.8829965801824002
tall_local_seed42,external,1,42,546,faceswap_faces_c23/517_521,ffpp_test:45,1,faceswap,canonical,2.879638671875,0.9468306764327933
tall_local_seed42,external,1,42,547,faceswap_faces_c23/521_517,ffpp_test:45,1,faceswap,canonical,3.00830078125,0.9529477227524483
tall_local_seed42,external,1,42,548,neuraltextures_faces_c23/517_521,ffpp_test:45,1,neuraltextures,canonical,3.077880859375,0.9559710753096006
tall_local_seed42,external,1,42,549,neuraltextures_faces_c23/521_517,ffpp_test:45,1,neuraltextures,canonical,1.251739501953125,0.777600832036465
tall_local_seed42,external,1,42,550,original_faces_c23/682,ffpp_test:55,0,real,canonical,-0.23333740234375,0.44192889059494106
tall_local_seed42,external,1,42,551,original_faces_c23/669,ffpp_test:55,0,real,canonical,-0.359619140625,0.41105176438171637
tall_local_seed42,external,1,42,552,deepfakes_faces_c23/682_669,ffpp_test:55,1,deepfakes,canonical,2.949951171875,0.9502611806372397
tall_local_seed42,external,1,42,553,deepfakes_faces_c23/669_682,ffpp_test:55,1,deepfakes,canonical,3.074462890625,0.9558269872911127
tall_local_seed42,external,1,42,554,face2face_faces_c23/682_669,ffpp_test:55,1,face2face,canonical,2.97900390625,0.9516165292490806
tall_local_seed42,external,1,42,555,face2face_faces_c23/669_682,ffpp_test:55,1,face2face,canonical,2.91845703125,0.9487513284031909
tall_local_seed42,external,1,42,556,faceswap_faces_c23/682_669,ffpp_test:55,1,faceswap,canonical,2.85235595703125,0.9454403375063415
tall_local_seed42,external,1,42,557,faceswap_faces_c23/669_682,ffpp_test:55,1,faceswap,canonical,2.95947265625,0.9507092878604938
tall_local_seed42,external,1,42,558,neuraltextures_faces_c23/682_669,ffpp_test:55,1,neuraltextures,canonical,3.2041015625,0.9609883348490054
tall_local_seed42,external,1,42,559,neuraltextures_faces_c23/669_682,ffpp_test:55,1,neuraltextures,canonical,3.14111328125,0.958557128780557
tall_local_seed42,external,1,42,560,original_faces_c23/138,ffpp_test:12,0,real,canonical,-1.6816482543945312,0.15687733617285876
tall_local_seed42,external,1,42,561,original_faces_c23/142,ffpp_test:12,0,real,canonical,-3.4462890625,0.030879720356018103
tall_local_seed42,external,1,42,562,deepfakes_faces_c23/138_142,ffpp_test:12,1,deepfakes,canonical,3.021240234375,0.9535245180310084
tall_local_seed42,external,1,42,563,deepfakes_faces_c23/142_138,ffpp_test:12,1,deepfakes,canonical,3.028564453125,0.9538480185097477
tall_local_seed42,external,1,42,564,face2face_faces_c23/138_142,ffpp_test:12,1,face2face,canonical,3.095703125,0.9567151548042914
tall_local_seed42,external,1,42,565,face2face_faces_c23/142_138,ffpp_test:12,1,face2face,canonical,3.139404296875,0.9584891855332911
tall_local_seed42,external,1,42,566,faceswap_faces_c23/138_142,ffpp_test:12,1,faceswap,canonical,2.30517578125,0.9093047887632647
tall_local_seed42,external,1,42,567,faceswap_faces_c23/142_138,ffpp_test:12,1,faceswap,canonical,2.930908203125,0.949353360714556
tall_local_seed42,external,1,42,568,neuraltextures_faces_c23/138_142,ffpp_test:12,1,neuraltextures,canonical,3.2509765625,0.9627081882022169
tall_local_seed42,external,1,42,569,neuraltextures_faces_c23/142_138,ffpp_test:12,1,neuraltextures,canonical,0.987548828125,0.7286034982306532
tall_local_seed42,external,1,42,570,original_faces_c23/552,ffpp_test:47,0,real,canonical,-3.00537109375,0.047183814086374475
tall_local_seed42,external,1,42,571,original_faces_c23/851,ffpp_test:47,0,real,canonical,-2.283447265625,0.09250316103398798
tall_local_seed42,external,1,42,572,deepfakes_faces_c23/552_851,ffpp_test:47,1,deepfakes,canonical,2.926513671875,0.9491416470791817
tall_local_seed42,external,1,42,573,deepfakes_faces_c23/851_552,ffpp_test:47,1,deepfakes,canonical,3.23828125,0.9622497251475317
tall_local_seed42,external,1,42,574,face2face_faces_c23/552_851,ffpp_test:47,1,face2face,canonical,2.08587646484375,0.8895228482038594
tall_local_seed42,external,1,42,575,face2face_faces_c23/851_552,ffpp_test:47,1,face2face,canonical,2.97705078125,0.9515265231082203
tall_local_seed42,external,1,42,576,faceswap_faces_c23/552_851,ffpp_test:47,1,faceswap,canonical,3.0068359375,0.9528819979638882
tall_local_seed42,external,1,42,577,faceswap_faces_c23/851_552,ffpp_test:47,1,faceswap,canonical,2.90380859375,0.9480343884936376
tall_local_seed42,external,1,42,578,neuraltextures_faces_c23/552_851,ffpp_test:47,1,neuraltextures,canonical,2.448974609375,0.9204864336388139
tall_local_seed42,external,1,42,579,neuraltextures_faces_c23/851_552,ffpp_test:47,1,neuraltextures,canonical,3.358642578125,0.9663867108961647
tall_local_seed42,external,1,42,580,original_faces_c23/376,ffpp_test:31,0,real,canonical,-3.240234375,0.03767939123112169
tall_local_seed42,external,1,42,581,original_faces_c23/381,ffpp_test:31,0,real,canonical,-3.063720703125,0.044628794133069735
tall_local_seed42,external,1,42,582,deepfakes_faces_c23/376_381,ffpp_test:31,1,deepfakes,canonical,0.217529296875,0.55416889102898
tall_local_seed42,external,1,42,583,deepfakes_faces_c23/381_376,ffpp_test:31,1,deepfakes,canonical,2.917724609375,0.948715704700115
tall_local_seed42,external,1,42,584,face2face_faces_c23/376_381,ffpp_test:31,1,face2face,canonical,-1.29296875,0.2153507429786673
tall_local_seed42,external,1,42,585,face2face_faces_c23/381_376,ffpp_test:31,1,face2face,canonical,0.80548095703125,0.6911456885404883
tall_local_seed42,external,1,42,586,faceswap_faces_c23/376_381,ffpp_test:31,1,faceswap,canonical,2.868896484375,0.9462872864932738
tall_local_seed42,external,1,42,587,faceswap_faces_c23/381_376,ffpp_test:31,1,faceswap,canonical,2.028076171875,0.883713523684137
tall_local_seed42,external,1,42,588,neuraltextures_faces_c23/376_381,ffpp_test:31,1,neuraltextures,canonical,0.34871673583984375,0.5863063561506584
tall_local_seed42,external,1,42,589,neuraltextures_faces_c23/381_376,ffpp_test:31,1,neuraltextures,canonical,0.680908203125,0.66394136877915
tall_local_seed42,external,1,42,590,original_faces_c23/000,ffpp_test:0,0,real,canonical,-3.656005859375,0.02518483479463436
tall_local_seed42,external,1,42,591,original_faces_c23/003,ffpp_test:0,0,real,canonical,-2.921875,0.05108273695705249
tall_local_seed42,external,1,42,592,deepfakes_faces_c23/000_003,ffpp_test:0,1,deepfakes,canonical,2.97119140625,0.9512555503464549
tall_local_seed42,external,1,42,593,deepfakes_faces_c23/003_000,ffpp_test:0,1,deepfakes,canonical,0.67822265625,0.6633418973221763
tall_local_seed42,external,1,42,594,face2face_faces_c23/000_003,ffpp_test:0,1,face2face,canonical,-2.0059814453125,0.11857633768274423
tall_local_seed42,external,1,42,595,face2face_faces_c23/003_000,ffpp_test:0,1,face2face,canonical,1.84326171875,0.8633340086713945
tall_local_seed42,external,1,42,596,faceswap_faces_c23/000_003,ffpp_test:0,1,faceswap,canonical,3.11328125,0.9574372713515003
tall_local_seed42,external,1,42,597,faceswap_faces_c23/003_000,ffpp_test:0,1,faceswap,canonical,3.0068359375,0.9528819979638882
tall_local_seed42,external,1,42,598,neuraltextures_faces_c23/000_003,ffpp_test:0,1,neuraltextures,canonical,-3.67401123046875,0.024746551691977463
tall_local_seed42,external,1,42,599,neuraltextures_faces_c23/003_000,ffpp_test:0,1,neuraltextures,canonical,1.43658447265625,0.8079251801632417
tall_local_seed42,external,1,42,600,original_faces_c23/048,ffpp_test:4,0,real,canonical,-2.499267578125,0.07590954146993636
tall_local_seed42,external,1,42,601,original_faces_c23/029,ffpp_test:4,0,real,canonical,-3.06884765625,0.04441070554202283
tall_local_seed42,external,1,42,602,deepfakes_faces_c23/048_029,ffpp_test:4,1,deepfakes,canonical,2.89501953125,0.9475996847091972
tall_local_seed42,external,1,42,603,deepfakes_faces_c23/029_048,ffpp_test:4,1,deepfakes,canonical,2.89501953125,0.9475996847091972
tall_local_seed42,external,1,42,604,face2face_faces_c23/048_029,ffpp_test:4,1,face2face,canonical,-0.057403564453125,0.48565304830649836
tall_local_seed42,external,1,42,605,face2face_faces_c23/029_048,ffpp_test:4,1,face2face,canonical,2.968017578125,0.9511081739748224
tall_local_seed42,external,1,42,606,faceswap_faces_c23/048_029,ffpp_test:4,1,faceswap,canonical,2.920166015625,0.9488343593632117
tall_local_seed42,external,1,42,607,faceswap_faces_c23/029_048,ffpp_test:4,1,faceswap,canonical,2.7110595703125,0.9376760982434891
tall_local_seed42,external,1,42,608,neuraltextures_faces_c23/048_029,ffpp_test:4,1,neuraltextures,canonical,1.9263916015625,0.8728494865545711
tall_local_seed42,external,1,42,609,neuraltextures_faces_c23/029_048,ffpp_test:4,1,neuraltextures,canonical,2.895263671875,0.9476118060706433
tall_local_seed42,external,1,42,610,original_faces_c23/724,ffpp_test:59,0,real,canonical,-3.40087890625,0.03226800799764827
tall_local_seed42,external,1,42,611,original_faces_c23/725,ffpp_test:59,0,real,canonical,-3.65185546875,0.025286930253834567
tall_local_seed42,external,1,42,612,deepfakes_faces_c23/724_725,ffpp_test:59,1,deepfakes,canonical,2.9033203125,0.948010327963514
tall_local_seed42,external,1,42,613,deepfakes_faces_c23/725_724,ffpp_test:59,1,deepfakes,canonical,2.905517578125,0.9481185174913018
tall_local_seed42,external,1,42,614,face2face_faces_c23/724_725,ffpp_test:59,1,face2face,canonical,2.88525390625,0.9471126522730083
tall_local_seed42,external,1,42,615,face2face_faces_c23/725_724,ffpp_test:59,1,face2face,canonical,2.883544921875,0.9470269833341648
tall_local_seed42,external,1,42,616,faceswap_faces_c23/724_725,ffpp_test:59,1,faceswap,canonical,2.85791015625,0.9457261314337232
tall_local_seed42,external,1,42,617,faceswap_faces_c23/725_724,ffpp_test:59,1,faceswap,canonical,2.897216796875,0.9477086816422238
tall_local_seed42,external,1,42,618,neuraltextures_faces_c23/724_725,ffpp_test:59,1,neuraltextures,canonical,2.88232421875,0.946965711043753
tall_local_seed42,external,1,42,619,neuraltextures_faces_c23/725_724,ffpp_test:59,1,neuraltextures,canonical,3.0048828125,0.9527942291542225
tall_local_seed42,external,1,42,620,original_faces_c23/608,ffpp_test:50,0,real,canonical,-3.890625,0.020023441289455244
tall_local_seed42,external,1,42,621,original_faces_c23/675,ffpp_test:50,0,real,canonical,-3.49658203125,0.029409638912858284
tall_local_seed42,external,1,42,622,deepfakes_faces_c23/608_675,ffpp_test:50,1,deepfakes,canonical,2.89501953125,0.9475996847091972
tall_local_seed42,external,1,42,623,deepfakes_faces_c23/675_608,ffpp_test:50,1,deepfakes,canonical,3.04150390625,0.954414305359726
tall_local_seed42,external,1,42,624,face2face_faces_c23/608_675,ffpp_test:50,1,face2face,canonical,2.7852783203125,0.9418750884067092
tall_local_seed42,external,1,42,625,face2face_faces_c23/675_608,ffpp_test:50,1,face2face,canonical,3.068115234375,0.9555582012754099
tall_local_seed42,external,1,42,626,faceswap_faces_c23/608_675,ffpp_test:50,1,faceswap,canonical,2.775390625,0.9413314016155964
tall_local_seed42,external,1,42,627,faceswap_faces_c23/675_608,ffpp_test:50,1,faceswap,canonical,2.976806640625,0.9515152611737078
tall_local_seed42,external,1,42,628,neuraltextures_faces_c23/608_675,ffpp_test:50,1,neuraltextures,canonical,-0.5740966796875,0.36029207577410355
tall_local_seed42,external,1,42,629,neuraltextures_faces_c23/675_608,ffpp_test:50,1,neuraltextures,canonical,-1.85986328125,0.13471898843108643
tall_local_seed42,external,1,42,630,original_faces_c23/386,ffpp_test:14,0,real,canonical,-2.833740234375,0.055527916548827945
tall_local_seed42,external,1,42,631,original_faces_c23/154,ffpp_test:14,0,real,canonical,-2.873046875,0.053502149195322694
tall_local_seed42,external,1,42,632,deepfakes_faces_c23/386_154,ffpp_test:14,1,deepfakes,canonical,3.088134765625,0.9564006538527733
tall_local_seed42,external,1,42,633,deepfakes_faces_c23/154_386,ffpp_test:14,1,deepfakes,canonical,2.91650390625,0.9486562798036371
tall_local_seed42,external,1,42,634,face2face_faces_c23/386_154,ffpp_test:14,1,face2face,canonical,3.011474609375,0.9530898275958187
tall_local_seed42,external,1,42,635,face2face_faces_c23/154_386,ffpp_test:14,1,face2face,canonical,3.112060546875,0.9573874985174367
tall_local_seed42,external,1,42,636,faceswap_faces_c23/386_154,ffpp_test:14,1,faceswap,canonical,2.85888671875,0.9457762348314634
tall_local_seed42,external,1,42,637,faceswap_faces_c23/154_386,ffpp_test:14,1,faceswap,canonical,2.821044921875,0.9438025140896009
tall_local_seed42,external,1,42,638,neuraltextures_faces_c23/386_154,ffpp_test:14,1,neuraltextures,canonical,0.0096435546875,0.5024108699880339
tall_local_seed42,external,1,42,639,neuraltextures_faces_c23/154_386,ffpp_test:14,1,neuraltextures,canonical,1.8189697265625,0.8604424564675303
tall_local_seed42,external,1,42,640,original_faces_c23/220,ffpp_test:20,0,real,canonical,-3.317626953125,0.0349714067662665
tall_local_seed42,external,1,42,641,original_faces_c23/219,ffpp_test:20,0,real,canonical,-3.225830078125,0.03820517839992786
tall_local_seed42,external,1,42,642,deepfakes_faces_c23/220_219,ffpp_test:20,1,deepfakes,canonical,-0.66845703125,0.3388424233620251
tall_local_seed42,external,1,42,643,deepfakes_faces_c23/219_220,ffpp_test:20,1,deepfakes,canonical,2.922119140625,0.9489290960455505
tall_local_seed42,external,1,42,644,face2face_faces_c23/220_219,ffpp_test:20,1,face2face,canonical,3.20654296875,0.96107975963117
tall_local_seed42,external,1,42,645,face2face_faces_c23/219_220,ffpp_test:20,1,face2face,canonical,3.0791015625,0.9560224265773796
tall_local_seed42,external,1,42,646,faceswap_faces_c23/220_219,ffpp_test:20,1,faceswap,canonical,3.153076171875,0.9590297605750014
tall_local_seed42,external,1,42,647,faceswap_faces_c23/219_220,ffpp_test:20,1,faceswap,canonical,2.45703125,0.9210741144349998
tall_local_seed42,external,1,42,648,neuraltextures_faces_c23/220_219,ffpp_test:20,1,neuraltextures,canonical,2.7177734375,0.9380673031533063
tall_local_seed42,external,1,42,649,neuraltextures_faces_c23/219_220,ffpp_test:20,1,neuraltextures,canonical,3.356689453125,0.9663232088608733
tall_local_seed42,external,1,42,650,original_faces_c23/801,ffpp_test:63,0,real,canonical,-3.717529296875,0.023717720484872175
tall_local_seed42,external,1,42,651,original_faces_c23/855,ffpp_test:63,0,real,canonical,-2.845458984375,0.05491652331353339
tall_local_seed42,external,1,42,652,deepfakes_faces_c23/801_855,ffpp_test:63,1,deepfakes,canonical,3.10546875,0.9571177628369031
tall_local_seed42,external,1,42,653,deepfakes_faces_c23/855_801,ffpp_test:63,1,deepfakes,canonical,2.954345703125,0.9504684770736797
tall_local_seed42,external,1,42,654,face2face_faces_c23/801_855,ffpp_test:63,1,face2face,canonical,2.1827392578125,0.8986887466007546
tall_local_seed42,external,1,42,655,face2face_faces_c23/855_801,ffpp_test:63,1,face2face,canonical,2.977294921875,0.9515377825600658
tall_local_seed42,external,1,42,656,faceswap_faces_c23/801_855,ffpp_test:63,1,faceswap,canonical,1.68408203125,0.8434443030406374
tall_local_seed42,external,1,42,657,faceswap_faces_c23/855_801,ffpp_test:63,1,faceswap,canonical,3.0380859375,0.9542653664258834
tall_local_seed42,external,1,42,658,neuraltextures_faces_c23/801_855,ffpp_test:63,1,neuraltextures,canonical,3.38720703125,0.9673023223724507
tall_local_seed42,external,1,42,659,neuraltextures_faces_c23/855_801,ffpp_test:63,1,neuraltextures,canonical,2.958251953125,0.9506520528405119
tall_local_seed42,external,1,42,660,original_faces_c23/161,ffpp_test:13,0,real,canonical,-3.438232421875,0.031121738103504087
tall_local_seed42,external,1,42,661,original_faces_c23/141,ffpp_test:13,0,real,canonical,-3.6748046875,0.024727409492531584
tall_local_seed42,external,1,42,662,deepfakes_faces_c23/161_141,ffpp_test:13,1,deepfakes,canonical,2.907470703125,0.9482145072644721
tall_local_seed42,external,1,42,663,deepfakes_faces_c23/141_161,ffpp_test:13,1,deepfakes,canonical,3.1025390625,0.9569973574826177
tall_local_seed42,external,1,42,664,face2face_faces_c23/161_141,ffpp_test:13,1,face2face,canonical,3.314453125,0.9649213233571159
tall_local_seed42,external,1,42,665,face2face_faces_c23/141_161,ffpp_test:13,1,face2face,canonical,2.61328125,0.9317114624722079
tall_local_seed42,external,1,42,666,faceswap_faces_c23/161_141,ffpp_test:13,1,faceswap,canonical,2.912353515625,0.9484537476313052
tall_local_seed42,external,1,42,667,faceswap_faces_c23/141_161,ffpp_test:13,1,faceswap,canonical,2.9453125,0.9500414759334155
tall_local_seed42,external,1,42,668,neuraltextures_faces_c23/161_141,ffpp_test:13,1,neuraltextures,canonical,3.10791015625,0.9572178545771931
tall_local_seed42,external,1,42,669,neuraltextures_faces_c23/141_161,ffpp_test:13,1,neuraltextures,canonical,2.935791015625,0.9495876194886138
tall_local_seed42,external,1,42,670,original_faces_c23/949,ffpp_test:66,0,real,canonical,-2.852294921875,0.054562810949966845
tall_local_seed42,external,1,42,671,original_faces_c23/868,ffpp_test:66,0,real,canonical,-2.911865234375,0.05157012929396846
tall_local_seed42,external,1,42,672,deepfakes_faces_c23/949_868,ffpp_test:66,1,deepfakes,canonical,3.051513671875,0.9548478310833539
tall_local_seed42,external,1,42,673,deepfakes_faces_c23/868_949,ffpp_test:66,1,deepfakes,canonical,3.138671875,0.9584600343879385
tall_local_seed42,external,1,42,674,face2face_faces_c23/949_868,ffpp_test:66,1,face2face,canonical,3.10302734375,0.9570174474403222
tall_local_seed42,external,1,42,675,face2face_faces_c23/868_949,ffpp_test:66,1,face2face,canonical,3.308349609375,0.9647141433025759
tall_local_seed42,external,1,42,676,faceswap_faces_c23/949_868,ffpp_test:66,1,faceswap,canonical,3.178955078125,0.9600345935707031
tall_local_seed42,external,1,42,677,faceswap_faces_c23/868_949,ffpp_test:66,1,faceswap,canonical,2.289703369140625,0.9080206787172495
tall_local_seed42,external,1,42,678,neuraltextures_faces_c23/949_868,ffpp_test:66,1,neuraltextures,canonical,2.956787109375,0.9505832876431677
tall_local_seed42,external,1,42,679,neuraltextures_faces_c23/868_949,ffpp_test:66,1,neuraltextures,canonical,3.2041015625,0.9609883348490054
tall_local_seed42,external,1,42,680,original_faces_c23/880,ffpp_test:11,0,real,canonical,-3.302734375,0.03547750316512137
tall_local_seed42,external,1,42,681,original_faces_c23/135,ffpp_test:11,0,real,canonical,-3.4013671875,0.03225276402648409
tall_local_seed42,external,1,42,682,deepfakes_faces_c23/880_135,ffpp_test:11,1,deepfakes,canonical,3.1435546875,0.9586540060173423
tall_local_seed42,external,1,42,683,deepfakes_faces_c23/135_880,ffpp_test:11,1,deepfakes,canonical,2.78759765625,0.9420019336590859
tall_local_seed42,external,1,42,684,face2face_faces_c23/880_135,ffpp_test:11,1,face2face,canonical,2.78692626953125,0.9419652420349445
tall_local_seed42,external,1,42,685,face2face_faces_c23/135_880,ffpp_test:11,1,face2face,canonical,2.952880859375,0.9503994694147232
tall_local_seed42,external,1,42,686,faceswap_faces_c23/880_135,ffpp_test:11,1,faceswap,canonical,3.12255859375,0.9578137333805028
tall_local_seed42,external,1,42,687,faceswap_faces_c23/135_880,ffpp_test:11,1,faceswap,canonical,2.583984375,0.929823701560032
tall_local_seed42,external,1,42,688,neuraltextures_faces_c23/880_135,ffpp_test:11,1,neuraltextures,canonical,3.15869140625,0.9592498247542564
tall_local_seed42,external,1,42,689,neuraltextures_faces_c23/135_880,ffpp_test:11,1,neuraltextures,canonical,3.030029296875,0.9539124609723615
tall_local_seed42,external,1,42,690,original_faces_c23/429,ffpp_test:35,0,real,canonical,-3.114501953125,0.042513011369222004
tall_local_seed42,external,1,42,691,original_faces_c23/404,ffpp_test:35,0,real,canonical,-3.450927734375,0.03074120437664198
tall_local_seed42,external,1,42,692,deepfakes_faces_c23/429_404,ffpp_test:35,1,deepfakes,canonical,3.013671875,0.9531879687361164
tall_local_seed42,external,1,42,693,deepfakes_faces_c23/404_429,ffpp_test:35,1,deepfakes,canonical,2.697601318359375,0.9368849547633125
tall_local_seed42,external,1,42,694,face2face_faces_c23/429_404,ffpp_test:35,1,face2face,canonical,-0.1116943359375,0.4721054101902451
tall_local_seed42,external,1,42,695,face2face_faces_c23/404_429,ffpp_test:35,1,face2face,canonical,3.0087890625,0.9529696116416281
tall_local_seed42,external,1,42,696,faceswap_faces_c23/429_404,ffpp_test:35,1,faceswap,canonical,3.006591796875,0.9528710353514696
tall_local_seed42,external,1,42,697,faceswap_faces_c23/404_429,ffpp_test:35,1,faceswap,canonical,3.0732421875,0.9557754183715368
tall_local_seed42,external,1,42,698,neuraltextures_faces_c23/429_404,ffpp_test:35,1,neuraltextures,canonical,2.4931640625,0.9236612037234145
tall_local_seed42,external,1,42,699,neuraltextures_faces_c23/404_429,ffpp_test:35,1,neuraltextures,canonical,3.216552734375,0.9614524562526949
tall_local_seed42,external,1,42,0,original_faces_c23/953,ffpp_test:68,0,real,jpeg40,-3.410400390625,0.031972003159642715
tall_local_seed42,external,1,42,1,original_faces_c23/974,ffpp_test:68,0,real,jpeg40,-2.557861328125,0.07190012630400439
tall_local_seed42,external,1,42,2,deepfakes_faces_c23/953_974,ffpp_test:68,1,deepfakes,jpeg40,-1.0873870849609375,0.25211062658599226
tall_local_seed42,external,1,42,3,deepfakes_faces_c23/974_953,ffpp_test:68,1,deepfakes,jpeg40,2.162841796875,0.8968627113383218
tall_local_seed42,external,1,42,4,face2face_faces_c23/953_974,ffpp_test:68,1,face2face,jpeg40,3.15576171875,0.9591351502384818
tall_local_seed42,external,1,42,5,face2face_faces_c23/974_953,ffpp_test:68,1,face2face,jpeg40,2.9722900390625,0.9513064669754682
tall_local_seed42,external,1,42,6,faceswap_faces_c23/953_974,ffpp_test:68,1,faceswap,jpeg40,-2.620361328125,0.06783944061141116
tall_local_seed42,external,1,42,7,faceswap_faces_c23/974_953,ffpp_test:68,1,faceswap,jpeg40,1.1796722412109375,0.7648888667437306
tall_local_seed42,external,1,42,8,neuraltextures_faces_c23/953_974,ffpp_test:68,1,neuraltextures,jpeg40,-1.443084716796875,0.19106811695822007
tall_local_seed42,external,1,42,9,neuraltextures_faces_c23/974_953,ffpp_test:68,1,neuraltextures,jpeg40,-2.9208984375,0.0511300949130017
tall_local_seed42,external,1,42,10,original_faces_c23/012,ffpp_test:1,0,real,jpeg40,-2.552490234375,0.07225936722771932
tall_local_seed42,external,1,42,11,original_faces_c23/026,ffpp_test:1,0,real,jpeg40,-2.76953125,0.05899302973563795
tall_local_seed42,external,1,42,12,deepfakes_faces_c23/012_026,ffpp_test:1,1,deepfakes,jpeg40,2.6214599609375,0.932230000930569
tall_local_seed42,external,1,42,13,deepfakes_faces_c23/026_012,ffpp_test:1,1,deepfakes,jpeg40,3.063720703125,0.9553712058669304
tall_local_seed42,external,1,42,14,face2face_faces_c23/012_026,ffpp_test:1,1,face2face,jpeg40,1.700927734375,0.8456558635192865
tall_local_seed42,external,1,42,15,face2face_faces_c23/026_012,ffpp_test:1,1,face2face,jpeg40,1.7596969604492188,0.8531717025730102
tall_local_seed42,external,1,42,16,faceswap_faces_c23/012_026,ffpp_test:1,1,faceswap,jpeg40,3.015625,0.9532750413739076
tall_local_seed42,external,1,42,17,faceswap_faces_c23/026_012,ffpp_test:1,1,faceswap,jpeg40,3.170166015625,0.9596960064822928
tall_local_seed42,external,1,42,18,neuraltextures_faces_c23/012_026,ffpp_test:1,1,neuraltextures,jpeg40,3.18359375,0.9602121916306376
tall_local_seed42,external,1,42,19,neuraltextures_faces_c23/026_012,ffpp_test:1,1,neuraltextures,jpeg40,3.246337890625,0.9625412967197582
tall_local_seed42,external,1,42,20,original_faces_c23/078,ffpp_test:8,0,real,jpeg40,-3.0693359375,0.044389988278659115
tall_local_seed42,external,1,42,21,original_faces_c23/955,ffpp_test:8,0,real,jpeg40,-3.2100830078125,0.03878803951768971
tall_local_seed42,external,1,42,22,deepfakes_faces_c23/078_955,ffpp_test:8,1,deepfakes,jpeg40,3.2041015625,0.9609883348490054
tall_local_seed42,external,1,42,23,deepfakes_faces_c23/955_078,ffpp_test:8,1,deepfakes,jpeg40,-1.67852783203125,0.1572905066119521
tall_local_seed42,external,1,42,24,face2face_faces_c23/078_955,ffpp_test:8,1,face2face,jpeg40,-3.080150604248047,0.043933489080549414
tall_local_seed42,external,1,42,25,face2face_faces_c23/955_078,ffpp_test:8,1,face2face,jpeg40,3.7978515625,0.9780726999074493
tall_local_seed42,external,1,42,26,faceswap_faces_c23/078_955,ffpp_test:8,1,faceswap,jpeg40,1.76318359375,0.8536079346402531
tall_local_seed42,external,1,42,27,faceswap_faces_c23/955_078,ffpp_test:8,1,faceswap,jpeg40,2.394195556640625,0.9163836134427951
tall_local_seed42,external,1,42,28,neuraltextures_faces_c23/078_955,ffpp_test:8,1,neuraltextures,jpeg40,-3.4627685546875,0.030390346738824583
tall_local_seed42,external,1,42,29,neuraltextures_faces_c23/955_078,ffpp_test:8,1,neuraltextures,jpeg40,3.313232421875,0.9648799813409205
tall_local_seed42,external,1,42,30,original_faces_c23/623,ffpp_test:51,0,real,jpeg40,-3.17138671875,0.040256803718071665
tall_local_seed42,external,1,42,31,original_faces_c23/630,ffpp_test:51,0,real,jpeg40,-2.757568359375,0.059660638066105824
tall_local_seed42,external,1,42,32,deepfakes_faces_c23/623_630,ffpp_test:51,1,deepfakes,jpeg40,3.1376953125,0.958421135728579
tall_local_seed42,external,1,42,33,deepfakes_faces_c23/630_623,ffpp_test:51,1,deepfakes,jpeg40,2.5872268676757812,0.9300349846978819
tall_local_seed42,external,1,42,34,face2face_faces_c23/623_630,ffpp_test:51,1,face2face,jpeg40,0.0667724609375,0.5166869157249864
tall_local_seed42,external,1,42,35,face2face_faces_c23/630_623,ffpp_test:51,1,face2face,jpeg40,2.80841064453125,0.9431286309208631
tall_local_seed42,external,1,42,36,faceswap_faces_c23/623_630,ffpp_test:51,1,faceswap,jpeg40,2.931396484375,0.9493768328868996
tall_local_seed42,external,1,42,37,faceswap_faces_c23/630_623,ffpp_test:51,1,faceswap,jpeg40,3.018310546875,0.953394514790395
tall_local_seed42,external,1,42,38,neuraltextures_faces_c23/623_630,ffpp_test:51,1,neuraltextures,jpeg40,3.915771484375,0.9804640856722626
tall_local_seed42,external,1,42,39,neuraltextures_faces_c23/630_623,ffpp_test:51,1,neuraltextures,jpeg40,0.15576171875,0.5388618901049572
tall_local_seed42,external,1,42,40,original_faces_c23/919,ffpp_test:2,0,real,jpeg40,-3.6796875,0.024609928625961945
tall_local_seed42,external,1,42,41,original_faces_c23/015,ffpp_test:2,0,real,jpeg40,-3.084716796875,0.04374209266321898
tall_local_seed42,external,1,42,42,deepfakes_faces_c23/919_015,ffpp_test:2,1,deepfakes,jpeg40,3.159423828125,0.9592784452030702
tall_local_seed42,external,1,42,43,deepfakes_faces_c23/015_919,ffpp_test:2,1,deepfakes,jpeg40,-2.86767578125,0.053774792799693424
tall_local_seed42,external,1,42,44,face2face_faces_c23/919_015,ffpp_test:2,1,face2face,jpeg40,0.674560546875,0.6625235885857766
tall_local_seed42,external,1,42,45,face2face_faces_c23/015_919,ffpp_test:2,1,face2face,jpeg40,-0.2174072265625,0.44586126856143127
tall_local_seed42,external,1,42,46,faceswap_faces_c23/919_015,ffpp_test:2,1,faceswap,jpeg40,1.58953857421875,0.8305511737879291
tall_local_seed42,external,1,42,47,faceswap_faces_c23/015_919,ffpp_test:2,1,faceswap,jpeg40,2.41790771484375,0.918182702787618
tall_local_seed42,external,1,42,48,neuraltextures_faces_c23/919_015,ffpp_test:2,1,neuraltextures,jpeg40,1.6001510620117188,0.8320394970745821
tall_local_seed42,external,1,42,49,neuraltextures_faces_c23/015_919,ffpp_test:2,1,neuraltextures,jpeg40,3.10498046875,0.9570977176644968
tall_local_seed42,external,1,42,50,original_faces_c23/367,ffpp_test:30,0,real,jpeg40,-1.90252685546875,0.12982275141246133
tall_local_seed42,external,1,42,51,original_faces_c23/371,ffpp_test:30,0,real,jpeg40,-3.197998046875,0.03924112937678217
tall_local_seed42,external,1,42,52,deepfakes_faces_c23/367_371,ffpp_test:30,1,deepfakes,jpeg40,3.72021484375,0.9763443843895344
tall_local_seed42,external,1,42,53,deepfakes_faces_c23/371_367,ffpp_test:30,1,deepfakes,jpeg40,0.680938720703125,0.6639481779256126
tall_local_seed42,external,1,42,54,face2face_faces_c23/367_371,ffpp_test:30,1,face2face,jpeg40,3.14617919921875,0.958757907353211
tall_local_seed42,external,1,42,55,face2face_faces_c23/371_367,ffpp_test:30,1,face2face,jpeg40,0.5740966796875,0.6397079242258964
tall_local_seed42,external,1,42,56,faceswap_faces_c23/367_371,ffpp_test:30,1,faceswap,jpeg40,2.971435546875,0.9512668695164289
tall_local_seed42,external,1,42,57,faceswap_faces_c23/371_367,ffpp_test:30,1,faceswap,jpeg40,-0.8546142578125,0.2984658083356016
tall_local_seed42,external,1,42,58,neuraltextures_faces_c23/367_371,ffpp_test:30,1,neuraltextures,jpeg40,2.0986328125,0.8907702243837406
tall_local_seed42,external,1,42,59,neuraltextures_faces_c23/371_367,ffpp_test:30,1,neuraltextures,jpeg40,0.93316650390625,0.7177172586777524
tall_local_seed42,external,1,42,60,original_faces_c23/847,ffpp_test:65,0,real,jpeg40,-3.469970703125,0.030178838937255825
tall_local_seed42,external,1,42,61,original_faces_c23/906,ffpp_test:65,0,real,jpeg40,-3.422119140625,0.0316112927765163
tall_local_seed42,external,1,42,62,deepfakes_faces_c23/847_906,ffpp_test:65,1,deepfakes,jpeg40,3.12060546875,0.9577347436632193
tall_local_seed42,external,1,42,63,deepfakes_faces_c23/906_847,ffpp_test:65,1,deepfakes,jpeg40,3.06201171875,0.9552982830568694
tall_local_seed42,external,1,42,64,face2face_faces_c23/847_906,ffpp_test:65,1,face2face,jpeg40,-3.580078125,0.027117656009307572
tall_local_seed42,external,1,42,65,face2face_faces_c23/906_847,ffpp_test:65,1,face2face,jpeg40,0.3271484375,0.5810653864312327
tall_local_seed42,external,1,42,66,faceswap_faces_c23/847_906,ffpp_test:65,1,faceswap,jpeg40,3.068603515625,0.9555789323692514
tall_local_seed42,external,1,42,67,faceswap_faces_c23/906_847,ffpp_test:65,1,faceswap,jpeg40,3.044921875,0.9545627823553606
tall_local_seed42,external,1,42,68,neuraltextures_faces_c23/847_906,ffpp_test:65,1,neuraltextures,jpeg40,-0.5545654296875,0.3648058444964679
tall_local_seed42,external,1,42,69,neuraltextures_faces_c23/906_847,ffpp_test:65,1,neuraltextures,jpeg40,3.573486328125,0.9727078941485466
tall_local_seed42,external,1,42,70,original_faces_c23/529,ffpp_test:46,0,real,jpeg40,-3.394287109375,0.03247448447201646
tall_local_seed42,external,1,42,71,original_faces_c23/633,ffpp_test:46,0,real,jpeg40,-3.268798828125,0.03665722222216857
tall_local_seed42,external,1,42,72,deepfakes_faces_c23/529_633,ffpp_test:46,1,deepfakes,jpeg40,1.0816650390625,0.746808947181423
tall_local_seed42,external,1,42,73,deepfakes_faces_c23/633_529,ffpp_test:46,1,deepfakes,jpeg40,2.354248046875,0.9132712931654982
tall_local_seed42,external,1,42,74,face2face_faces_c23/529_633,ffpp_test:46,1,face2face,jpeg40,0.9881591796875,0.7287241725762839
tall_local_seed42,external,1,42,75,face2face_faces_c23/633_529,ffpp_test:46,1,face2face,jpeg40,-0.09771728515625,0.4755900991234096
tall_local_seed42,external,1,42,76,faceswap_faces_c23/529_633,ffpp_test:46,1,faceswap,jpeg40,3.137451171875,0.9584114056205207
tall_local_seed42,external,1,42,77,faceswap_faces_c23/633_529,ffpp_test:46,1,faceswap,jpeg40,-1.15118408203125,0.2402728720951514
tall_local_seed42,external,1,42,78,neuraltextures_faces_c23/529_633,ffpp_test:46,1,neuraltextures,jpeg40,0.19012451171875,0.5473884666429266
tall_local_seed42,external,1,42,79,neuraltextures_faces_c23/633_529,ffpp_test:46,1,neuraltextures,jpeg40,-1.84228515625,0.1367812552622673
tall_local_seed42,external,1,42,80,original_faces_c23/418,ffpp_test:36,0,real,jpeg40,-0.5423583984375,0.3676391294296003
tall_local_seed42,external,1,42,81,original_faces_c23/507,ffpp_test:36,0,real,jpeg40,-3.021728515625,0.04645384832676627
tall_local_seed42,external,1,42,82,deepfakes_faces_c23/418_507,ffpp_test:36,1,deepfakes,jpeg40,3.029296875,0.9538802504524166
tall_local_seed42,external,1,42,83,deepfakes_faces_c23/507_418,ffpp_test:36,1,deepfakes,jpeg40,1.865234375,0.8659058913092083
tall_local_seed42,external,1,42,84,face2face_faces_c23/418_507,ffpp_test:36,1,face2face,jpeg40,2.993408203125,0.952275441478498
tall_local_seed42,external,1,42,85,face2face_faces_c23/507_418,ffpp_test:36,1,face2face,jpeg40,-3.2197265625,0.03843008862163124
tall_local_seed42,external,1,42,86,faceswap_faces_c23/418_507,ffpp_test:36,1,faceswap,jpeg40,2.990234375,0.9521309935238556
tall_local_seed42,external,1,42,87,faceswap_faces_c23/507_418,ffpp_test:36,1,faceswap,jpeg40,-0.16485595703125,0.4588790988136804
tall_local_seed42,external,1,42,88,neuraltextures_faces_c23/418_507,ffpp_test:36,1,neuraltextures,jpeg40,3.00543212890625,0.9528189298259345
tall_local_seed42,external,1,42,89,neuraltextures_faces_c23/507_418,ffpp_test:36,1,neuraltextures,jpeg40,-3.154052734375,0.04093188584067387
tall_local_seed42,external,1,42,90,original_faces_c23/227,ffpp_test:16,0,real,jpeg40,-2.9779052734375,0.048434079668802116
tall_local_seed42,external,1,42,91,original_faces_c23/169,ffpp_test:16,0,real,jpeg40,-2.0433349609375,0.11472758074398756
tall_local_seed42,external,1,42,92,deepfakes_faces_c23/227_169,ffpp_test:16,1,deepfakes,jpeg40,2.9990234375,0.9525299894869302
tall_local_seed42,external,1,42,93,deepfakes_faces_c23/169_227,ffpp_test:16,1,deepfakes,jpeg40,2.774658203125,0.9412909393728693
tall_local_seed42,external,1,42,94,face2face_faces_c23/227_169,ffpp_test:16,1,face2face,jpeg40,-2.31884765625,0.0895739890958819
tall_local_seed42,external,1,42,95,face2face_faces_c23/169_227,ffpp_test:16,1,face2face,jpeg40,3.24951171875,0.9626555629928488
tall_local_seed42,external,1,42,96,faceswap_faces_c23/227_169,ffpp_test:16,1,faceswap,jpeg40,2.6368408203125,0.9331952846614529
tall_local_seed42,external,1,42,97,faceswap_faces_c23/169_227,ffpp_test:16,1,faceswap,jpeg40,-0.46063232421875,0.3868358297037187
tall_local_seed42,external,1,42,98,neuraltextures_faces_c23/227_169,ffpp_test:16,1,neuraltextures,jpeg40,-3.1875,0.03963883910097002
tall_local_seed42,external,1,42,99,neuraltextures_faces_c23/169_227,ffpp_test:16,1,neuraltextures,jpeg40,3.25927734375,0.9630050537328961
tall_local_seed42,external,1,42,100,original_faces_c23/389,ffpp_test:33,0,real,jpeg40,-3.456787109375,0.030567096586964815
tall_local_seed42,external,1,42,101,original_faces_c23/480,ffpp_test:33,0,real,jpeg40,-3.7763671875,0.022392828179571472
tall_local_seed42,external,1,42,102,deepfakes_faces_c23/389_480,ffpp_test:33,1,deepfakes,jpeg40,2.0211181640625,0.8829965801824002
tall_local_seed42,external,1,42,103,deepfakes_faces_c23/480_389,ffpp_test:33,1,deepfakes,jpeg40,2.844970703125,0.9450581290401932
tall_local_seed42,external,1,42,104,face2face_faces_c23/389_480,ffpp_test:33,1,face2face,jpeg40,-2.8447265625,0.05495454891487126
tall_local_seed42,external,1,42,105,face2face_faces_c23/480_389,ffpp_test:33,1,face2face,jpeg40,-0.19420623779296875,0.4516004650065264
tall_local_seed42,external,1,42,106,faceswap_faces_c23/389_480,ffpp_test:33,1,faceswap,jpeg40,0.3358154296875,0.5831736840266754
tall_local_seed42,external,1,42,107,faceswap_faces_c23/480_389,ffpp_test:33,1,faceswap,jpeg40,1.7294921875,0.8493474539435246
tall_local_seed42,external,1,42,108,neuraltextures_faces_c23/389_480,ffpp_test:33,1,neuraltextures,jpeg40,2.3427276611328125,0.9123544448197896
tall_local_seed42,external,1,42,109,neuraltextures_faces_c23/480_389,ffpp_test:33,1,neuraltextures,jpeg40,0.6608848571777344,0.6594591313218688
tall_local_seed42,external,1,42,110,original_faces_c23/821,ffpp_test:64,0,real,jpeg40,-3.42578125,0.03149938030244345
tall_local_seed42,external,1,42,111,original_faces_c23/812,ffpp_test:64,0,real,jpeg40,-3.582275390625,0.027059747306373592
tall_local_seed42,external,1,42,112,deepfakes_faces_c23/821_812,ffpp_test:64,1,deepfakes,jpeg40,-1.1873779296875,0.23372821891564446
tall_local_seed42,external,1,42,113,deepfakes_faces_c23/812_821,ffpp_test:64,1,deepfakes,jpeg40,1.98193359375,0.8788871334390144
tall_local_seed42,external,1,42,114,face2face_faces_c23/821_812,ffpp_test:64,1,face2face,jpeg40,-0.254180908203125,0.4367947040468686
tall_local_seed42,external,1,42,115,face2face_faces_c23/812_821,ffpp_test:64,1,face2face,jpeg40,2.0765838623046875,0.8886063351353194
tall_local_seed42,external,1,42,116,faceswap_faces_c23/821_812,ffpp_test:64,1,faceswap,jpeg40,0.7752685546875,0.6846594843905495
tall_local_seed42,external,1,42,117,faceswap_faces_c23/812_821,ffpp_test:64,1,faceswap,jpeg40,1.4041595458984375,0.8028431161080296
tall_local_seed42,external,1,42,118,neuraltextures_faces_c23/821_812,ffpp_test:64,1,neuraltextures,jpeg40,-3.52587890625,0.028584798973799588
tall_local_seed42,external,1,42,119,neuraltextures_faces_c23/812_821,ffpp_test:64,1,neuraltextures,jpeg40,2.4344482421875,0.9194167168164974
tall_local_seed42,external,1,42,120,original_faces_c23/670,ffpp_test:54,0,real,jpeg40,-3.097900390625,0.04319394489867225
tall_local_seed42,external,1,42,121,original_faces_c23/661,ffpp_test:54,0,real,jpeg40,-3.074798583984375,0.04415884131383371
tall_local_seed42,external,1,42,122,deepfakes_faces_c23/670_661,ffpp_test:54,1,deepfakes,jpeg40,2.9677734375,0.9510968198397916
tall_local_seed42,external,1,42,123,deepfakes_faces_c23/661_670,ffpp_test:54,1,deepfakes,jpeg40,2.978271484375,0.9515827955504873
tall_local_seed42,external,1,42,124,face2face_faces_c23/670_661,ffpp_test:54,1,face2face,jpeg40,3.904541015625,0.9802478096099455
tall_local_seed42,external,1,42,125,face2face_faces_c23/661_670,ffpp_test:54,1,face2face,jpeg40,2.379150390625,0.9152235368264532
tall_local_seed42,external,1,42,126,faceswap_faces_c23/670_661,ffpp_test:54,1,faceswap,jpeg40,3.03369140625,0.9540731926762165
tall_local_seed42,external,1,42,127,faceswap_faces_c23/661_670,ffpp_test:54,1,faceswap,jpeg40,2.88134765625,0.9469166450476828
tall_local_seed42,external,1,42,128,neuraltextures_faces_c23/670_661,ffpp_test:54,1,neuraltextures,jpeg40,3.707275390625,0.9760436852201388
tall_local_seed42,external,1,42,129,neuraltextures_faces_c23/661_670,ffpp_test:54,1,neuraltextures,jpeg40,3.0341796875,0.9540945832142792
tall_local_seed42,external,1,42,130,original_faces_c23/158,ffpp_test:15,0,real,jpeg40,-3.7392578125,0.023219765454064893
tall_local_seed42,external,1,42,131,original_faces_c23/379,ffpp_test:15,0,real,jpeg40,-2.742919921875,0.060487754009155424
tall_local_seed42,external,1,42,132,deepfakes_faces_c23/158_379,ffpp_test:15,1,deepfakes,jpeg40,-3.038482666015625,0.04571732228075587
tall_local_seed42,external,1,42,133,deepfakes_faces_c23/379_158,ffpp_test:15,1,deepfakes,jpeg40,0.298004150390625,0.5739545424464337
tall_local_seed42,external,1,42,134,face2face_faces_c23/158_379,ffpp_test:15,1,face2face,jpeg40,3.0791015625,0.9560224265773796
tall_local_seed42,external,1,42,135,face2face_faces_c23/379_158,ffpp_test:15,1,face2face,jpeg40,-3.362060546875,0.03350243854929324
tall_local_seed42,external,1,42,136,faceswap_faces_c23/158_379,ffpp_test:15,1,faceswap,jpeg40,1.77099609375,0.8545815013107845
tall_local_seed42,external,1,42,137,faceswap_faces_c23/379_158,ffpp_test:15,1,faceswap,jpeg40,2.75958251953125,0.9404522586611166
tall_local_seed42,external,1,42,138,neuraltextures_faces_c23/158_379,ffpp_test:15,1,neuraltextures,jpeg40,1.0887451171875,0.7481453453460817
tall_local_seed42,external,1,42,139,neuraltextures_faces_c23/379_158,ffpp_test:15,1,neuraltextures,jpeg40,-3.15771484375,0.04078836580664553
tall_local_seed42,external,1,42,140,original_faces_c23/423,ffpp_test:37,0,real,jpeg40,-2.2513427734375,0.09523370293965486
tall_local_seed42,external,1,42,141,original_faces_c23/421,ffpp_test:37,0,real,jpeg40,-2.390625,0.08389038641057993
tall_local_seed42,external,1,42,142,deepfakes_faces_c23/423_421,ffpp_test:37,1,deepfakes,jpeg40,2.961181640625,0.9507893111550211
tall_local_seed42,external,1,42,143,deepfakes_faces_c23/421_423,ffpp_test:37,1,deepfakes,jpeg40,3.011474609375,0.9530898275958187
tall_local_seed42,external,1,42,144,face2face_faces_c23/423_421,ffpp_test:37,1,face2face,jpeg40,3.27734375,0.9636433368120323
tall_local_seed42,external,1,42,145,face2face_faces_c23/421_423,ffpp_test:37,1,face2face,jpeg40,2.835205078125,0.9445488565480898
tall_local_seed42,external,1,42,146,faceswap_faces_c23/423_421,ffpp_test:37,1,faceswap,jpeg40,-2.39874267578125,0.08326862401276534
tall_local_seed42,external,1,42,147,faceswap_faces_c23/421_423,ffpp_test:37,1,faceswap,jpeg40,3.133056640625,0.9582358907805135
tall_local_seed42,external,1,42,148,neuraltextures_faces_c23/423_421,ffpp_test:37,1,neuraltextures,jpeg40,-3.3343505859375,0.034411379160414535
tall_local_seed42,external,1,42,149,neuraltextures_faces_c23/421_423,ffpp_test:37,1,neuraltextures,jpeg40,3.4541015625,0.9693532228719423
tall_local_seed42,external,1,42,150,original_faces_c23/352,ffpp_test:28,0,real,jpeg40,-3.93017578125,0.019261911686628632
tall_local_seed42,external,1,42,151,original_faces_c23/319,ffpp_test:28,0,real,jpeg40,-3.555908203125,0.02776265449662713
tall_local_seed42,external,1,42,152,deepfakes_faces_c23/352_319,ffpp_test:28,1,deepfakes,jpeg40,2.3681640625,0.9143672163257435
tall_local_seed42,external,1,42,153,deepfakes_faces_c23/319_352,ffpp_test:28,1,deepfakes,jpeg40,3.208251953125,0.9611436346221058
tall_local_seed42,external,1,42,154,face2face_faces_c23/352_319,ffpp_test:28,1,face2face,jpeg40,1.9615478515625,0.876700367868939
tall_local_seed42,external,1,42,155,face2face_faces_c23/319_352,ffpp_test:28,1,face2face,jpeg40,2.35302734375,0.9131745563405989
tall_local_seed42,external,1,42,156,faceswap_faces_c23/352_319,ffpp_test:28,1,faceswap,jpeg40,1.8224334716796875,0.8608578682120087
tall_local_seed42,external,1,42,157,faceswap_faces_c23/319_352,ffpp_test:28,1,faceswap,jpeg40,-0.20166778564453125,0.4497532325027778
tall_local_seed42,external,1,42,158,neuraltextures_faces_c23/352_319,ffpp_test:28,1,neuraltextures,jpeg40,3.072296142578125,0.9557354129715032
tall_local_seed42,external,1,42,159,neuraltextures_faces_c23/319_352,ffpp_test:28,1,neuraltextures,jpeg40,3.956787109375,0.981234421083211
tall_local_seed42,external,1,42,160,original_faces_c23/579,ffpp_test:48,0,real,jpeg40,-3.0372314453125,0.04577194063595847
tall_local_seed42,external,1,42,161,original_faces_c23/701,ffpp_test:48,0,real,jpeg40,-2.799072265625,0.05737432950925573
tall_local_seed42,external,1,42,162,deepfakes_faces_c23/579_701,ffpp_test:48,1,deepfakes,jpeg40,-3.622314453125,0.026025343928312777
tall_local_seed42,external,1,42,163,deepfakes_faces_c23/701_579,ffpp_test:48,1,deepfakes,jpeg40,-3.474365234375,0.030050484672329826
tall_local_seed42,external,1,42,164,face2face_faces_c23/579_701,ffpp_test:48,1,face2face,jpeg40,-2.92138671875,0.05110641074491908
tall_local_seed42,external,1,42,165,face2face_faces_c23/701_579,ffpp_test:48,1,face2face,jpeg40,-3.298583984375,0.03561979889384854
tall_local_seed42,external,1,42,166,faceswap_faces_c23/579_701,ffpp_test:48,1,faceswap,jpeg40,-3.234375,0.037892426629607394
tall_local_seed42,external,1,42,167,faceswap_faces_c23/701_579,ffpp_test:48,1,faceswap,jpeg40,-3.39111328125,0.03257435391698473
tall_local_seed42,external,1,42,168,neuraltextures_faces_c23/579_701,ffpp_test:48,1,neuraltextures,jpeg40,-2.91168212890625,0.0515790858370538
tall_local_seed42,external,1,42,169,neuraltextures_faces_c23/701_579,ffpp_test:48,1,neuraltextures,jpeg40,-3.072021484375,0.044276207962411586
tall_local_seed42,external,1,42,170,original_faces_c23/488,ffpp_test:34,0,real,jpeg40,-1.603271484375,0.16752487631812854
tall_local_seed42,external,1,42,171,original_faces_c23/399,ffpp_test:34,0,real,jpeg40,-3.8115234375,0.021635994865092698
tall_local_seed42,external,1,42,172,deepfakes_faces_c23/488_399,ffpp_test:34,1,deepfakes,jpeg40,2.88037109375,0.9468675362039889
tall_local_seed42,external,1,42,173,deepfakes_faces_c23/399_488,ffpp_test:34,1,deepfakes,jpeg40,3.014892578125,0.9532424071987615
tall_local_seed42,external,1,42,174,face2face_faces_c23/488_399,ffpp_test:34,1,face2face,jpeg40,2.769775390625,0.9410205217476638
tall_local_seed42,external,1,42,175,face2face_faces_c23/399_488,ffpp_test:34,1,face2face,jpeg40,2.9169921875,0.9486800575739395
tall_local_seed42,external,1,42,176,faceswap_faces_c23/488_399,ffpp_test:34,1,faceswap,jpeg40,2.970703125,0.9512329045230109
tall_local_seed42,external,1,42,177,faceswap_faces_c23/399_488,ffpp_test:34,1,faceswap,jpeg40,3.12890625,0.9580694764363313
tall_local_seed42,external,1,42,178,neuraltextures_faces_c23/488_399,ffpp_test:34,1,neuraltextures,jpeg40,3.20263671875,0.9609333811164059
tall_local_seed42,external,1,42,179,neuraltextures_faces_c23/399_488,ffpp_test:34,1,neuraltextures,jpeg40,-1.601531982421875,0.16776760808923669
tall_local_seed42,external,1,42,180,original_faces_c23/695,ffpp_test:38,0,real,jpeg40,-3.51513671875,0.028884600221884445
tall_local_seed42,external,1,42,181,original_faces_c23/422,ffpp_test:38,0,real,jpeg40,-1.21893310546875,0.22812425868918232
tall_local_seed42,external,1,42,182,deepfakes_faces_c23/695_422,ffpp_test:38,1,deepfakes,jpeg40,3.23583984375,0.962160940444792
tall_local_seed42,external,1,42,183,deepfakes_faces_c23/422_695,ffpp_test:38,1,deepfakes,jpeg40,3.10205078125,0.9569772585570357
tall_local_seed42,external,1,42,184,face2face_faces_c23/695_422,ffpp_test:38,1,face2face,jpeg40,0.2633056640625,0.5654487229207166
tall_local_seed42,external,1,42,185,face2face_faces_c23/422_695,ffpp_test:38,1,face2face,jpeg40,2.864501953125,0.9460634841960665
tall_local_seed42,external,1,42,186,faceswap_faces_c23/695_422,ffpp_test:38,1,faceswap,jpeg40,1.4403800964355469,0.8085135046479649
tall_local_seed42,external,1,42,187,faceswap_faces_c23/422_695,ffpp_test:38,1,faceswap,jpeg40,3.31591796875,0.9649708718740261
tall_local_seed42,external,1,42,188,neuraltextures_faces_c23/695_422,ffpp_test:38,1,neuraltextures,jpeg40,2.859130859375,0.9457887538665016
tall_local_seed42,external,1,42,189,neuraltextures_faces_c23/422_695,ffpp_test:38,1,neuraltextures,jpeg40,3.0787353515625,0.9560070271992849
tall_local_seed42,external,1,42,190,original_faces_c23/288,ffpp_test:25,0,real,jpeg40,-3.564697265625,0.027526403180184036
tall_local_seed42,external,1,42,191,original_faces_c23/321,ffpp_test:25,0,real,jpeg40,-2.853759765625,0.0544872952313874
tall_local_seed42,external,1,42,192,deepfakes_faces_c23/288_321,ffpp_test:25,1,deepfakes,jpeg40,1.703857421875,0.8460378651491186
tall_local_seed42,external,1,42,193,deepfakes_faces_c23/321_288,ffpp_test:25,1,deepfakes,jpeg40,2.561279296875,0.9283276229815511
tall_local_seed42,external,1,42,194,face2face_faces_c23/288_321,ffpp_test:25,1,face2face,jpeg40,3.255859375,0.9628830911922404
tall_local_seed42,external,1,42,195,face2face_faces_c23/321_288,ffpp_test:25,1,face2face,jpeg40,-3.013427734375,0.04682292618630017
tall_local_seed42,external,1,42,196,faceswap_faces_c23/288_321,ffpp_test:25,1,faceswap,jpeg40,3.082275390625,0.9561556726038752
tall_local_seed42,external,1,42,197,faceswap_faces_c23/321_288,ffpp_test:25,1,faceswap,jpeg40,2.848876953125,0.9452606020230805
tall_local_seed42,external,1,42,198,neuraltextures_faces_c23/288_321,ffpp_test:25,1,neuraltextures,jpeg40,2.92169189453125,0.9489083865886749
tall_local_seed42,external,1,42,199,neuraltextures_faces_c23/321_288,ffpp_test:25,1,neuraltextures,jpeg40,-3.2939453125,0.03577948574139711
tall_local_seed42,external,1,42,200,original_faces_c23/705,ffpp_test:57,0,real,jpeg40,-3.2109375,0.03875619358719477
tall_local_seed42,external,1,42,201,original_faces_c23/707,ffpp_test:57,0,real,jpeg40,-2.885986328125,0.052850672524849034
tall_local_seed42,external,1,42,202,deepfakes_faces_c23/705_707,ffpp_test:57,1,deepfakes,jpeg40,3.079833984375,0.9560532099074753
tall_local_seed42,external,1,42,203,deepfakes_faces_c23/707_705,ffpp_test:57,1,deepfakes,jpeg40,-2.84130859375,0.05513232983036488
tall_local_seed42,external,1,42,204,face2face_faces_c23/705_707,ffpp_test:57,1,face2face,jpeg40,2.7669677734375,0.9408645033865258
tall_local_seed42,external,1,42,205,face2face_faces_c23/707_705,ffpp_test:57,1,face2face,jpeg40,-2.618896484375,0.06793213196464525
tall_local_seed42,external,1,42,206,faceswap_faces_c23/705_707,ffpp_test:57,1,faceswap,jpeg40,3.099609375,0.9568766292846294
tall_local_seed42,external,1,42,207,faceswap_faces_c23/707_705,ffpp_test:57,1,faceswap,jpeg40,0.79541015625,0.6889918139293073
tall_local_seed42,external,1,42,208,neuraltextures_faces_c23/705_707,ffpp_test:57,1,neuraltextures,jpeg40,3.392333984375,0.9674640924827218
tall_local_seed42,external,1,42,209,neuraltextures_faces_c23/707_705,ffpp_test:57,1,neuraltextures,jpeg40,-1.474639892578125,0.18623839733182126
tall_local_seed42,external,1,42,210,original_faces_c23/306,ffpp_test:24,0,real,jpeg40,-3.829833984375,0.021251775584419156
tall_local_seed42,external,1,42,211,original_faces_c23/278,ffpp_test:24,0,real,jpeg40,-3.318359375,0.03494669711152705
tall_local_seed42,external,1,42,212,deepfakes_faces_c23/306_278,ffpp_test:24,1,deepfakes,jpeg40,-1.816680908203125,0.1398326144790282
tall_local_seed42,external,1,42,213,deepfakes_faces_c23/278_306,ffpp_test:24,1,deepfakes,jpeg40,2.718942642211914,0.9381351957021338
tall_local_seed42,external,1,42,214,face2face_faces_c23/306_278,ffpp_test:24,1,face2face,jpeg40,1.909423828125,0.8709544041058223
tall_local_seed42,external,1,42,215,face2face_faces_c23/278_306,ffpp_test:24,1,face2face,jpeg40,-1.775726318359375,0.14483164979745555
tall_local_seed42,external,1,42,216,faceswap_faces_c23/306_278,ffpp_test:24,1,faceswap,jpeg40,2.71923828125,0.9381523516453415
tall_local_seed42,external,1,42,217,faceswap_faces_c23/278_306,ffpp_test:24,1,faceswap,jpeg40,-3.376220703125,0.033046948763492706
tall_local_seed42,external,1,42,218,neuraltextures_faces_c23/306_278,ffpp_test:24,1,neuraltextures,jpeg40,0.876953125,0.706190436097526
tall_local_seed42,external,1,42,219,neuraltextures_faces_c23/278_306,ffpp_test:24,1,neuraltextures,jpeg40,1.85888671875,0.8651671332770215
tall_local_seed42,external,1,42,220,original_faces_c23/865,ffpp_test:61,0,real,jpeg40,-2.02215576171875,0.11689626444084648
tall_local_seed42,external,1,42,221,original_faces_c23/739,ffpp_test:61,0,real,jpeg40,-2.9306640625,0.050658379234750986
tall_local_seed42,external,1,42,222,deepfakes_faces_c23/865_739,ffpp_test:61,1,deepfakes,jpeg40,2.98876953125,0.9520641852778324
tall_local_seed42,external,1,42,223,deepfakes_faces_c23/739_865,ffpp_test:61,1,deepfakes,jpeg40,2.75244140625,0.9400510832875023
tall_local_seed42,external,1,42,224,face2face_faces_c23/865_739,ffpp_test:61,1,face2face,jpeg40,3.48486328125,0.9702540016604146
tall_local_seed42,external,1,42,225,face2face_faces_c23/739_865,ffpp_test:61,1,face2face,jpeg40,-0.4561576843261719,0.3878977227970521
tall_local_seed42,external,1,42,226,faceswap_faces_c23/865_739,ffpp_test:61,1,faceswap,jpeg40,2.93212890625,0.9494120218372056
tall_local_seed42,external,1,42,227,faceswap_faces_c23/739_865,ffpp_test:61,1,faceswap,jpeg40,2.68505859375,0.9361392074724042
tall_local_seed42,external,1,42,228,neuraltextures_faces_c23/865_739,ffpp_test:61,1,neuraltextures,jpeg40,3.35693359375,0.9663311529429549
tall_local_seed42,external,1,42,229,neuraltextures_faces_c23/739_865,ffpp_test:61,1,neuraltextures,jpeg40,-3.509521484375,0.02904252648575451
tall_local_seed42,external,1,42,230,original_faces_c23/995,ffpp_test:21,0,real,jpeg40,-2.305126190185547,0.09069930107449724
tall_local_seed42,external,1,42,231,original_faces_c23/233,ffpp_test:21,0,real,jpeg40,-3.411865234375,0.0319266976161168
tall_local_seed42,external,1,42,232,deepfakes_faces_c23/995_233,ffpp_test:21,1,deepfakes,jpeg40,3.076904296875,0.9559299531165684
tall_local_seed42,external,1,42,233,deepfakes_faces_c23/233_995,ffpp_test:21,1,deepfakes,jpeg40,0.360107421875,0.589066437616678
tall_local_seed42,external,1,42,234,face2face_faces_c23/995_233,ffpp_test:21,1,face2face,jpeg40,3.170166015625,0.9596960064822928
tall_local_seed42,external,1,42,235,face2face_faces_c23/233_995,ffpp_test:21,1,face2face,jpeg40,-2.5686798095703125,0.07118153871636329
tall_local_seed42,external,1,42,236,faceswap_faces_c23/995_233,ffpp_test:21,1,faceswap,jpeg40,3.10498046875,0.9570977176644968
tall_local_seed42,external,1,42,237,faceswap_faces_c23/233_995,ffpp_test:21,1,faceswap,jpeg40,2.70263671875,0.937182051516181
tall_local_seed42,external,1,42,238,neuraltextures_faces_c23/995_233,ffpp_test:21,1,neuraltextures,jpeg40,3.7236328125,0.9764231974949172
tall_local_seed42,external,1,42,239,neuraltextures_faces_c23/233_995,ffpp_test:21,1,neuraltextures,jpeg40,-2.3837890625,0.08441724387016551
tall_local_seed42,external,1,42,240,original_faces_c23/755,ffpp_test:62,0,real,jpeg40,-2.957275390625,0.049393780536877
tall_local_seed42,external,1,42,241,original_faces_c23/759,ffpp_test:62,0,real,jpeg40,-3.306640625,0.035344078057552845
tall_local_seed42,external,1,42,242,deepfakes_faces_c23/755_759,ffpp_test:62,1,deepfakes,jpeg40,-1.3694076538085938,0.20271556572811114
tall_local_seed42,external,1,42,243,deepfakes_faces_c23/759_755,ffpp_test:62,1,deepfakes,jpeg40,-3.1614990234375,0.0406405680165554
tall_local_seed42,external,1,42,244,face2face_faces_c23/755_759,ffpp_test:62,1,face2face,jpeg40,-3.464599609375,0.030336437835266416
tall_local_seed42,external,1,42,245,face2face_faces_c23/759_755,ffpp_test:62,1,face2face,jpeg40,-2.93994140625,0.050214067605781246
tall_local_seed42,external,1,42,246,faceswap_faces_c23/755_759,ffpp_test:62,1,faceswap,jpeg40,-3.612548828125,0.026274032356350223
tall_local_seed42,external,1,42,247,faceswap_faces_c23/759_755,ffpp_test:62,1,faceswap,jpeg40,-3.626953125,0.025908020914060952
tall_local_seed42,external,1,42,248,neuraltextures_faces_c23/755_759,ffpp_test:62,1,neuraltextures,jpeg40,-2.89892578125,0.0522066910990359
tall_local_seed42,external,1,42,249,neuraltextures_faces_c23/759_755,ffpp_test:62,1,neuraltextures,jpeg40,-0.58233642578125,0.35839515950289735
tall_local_seed42,external,1,42,250,original_faces_c23/467,ffpp_test:43,0,real,jpeg40,-3.980712890625,0.018330058490001404
tall_local_seed42,external,1,42,251,original_faces_c23/462,ffpp_test:43,0,real,jpeg40,-3.12646484375,0.042028710358480346
tall_local_seed42,external,1,42,252,deepfakes_faces_c23/467_462,ffpp_test:43,1,deepfakes,jpeg40,-2.984619140625,0.048125585919375
tall_local_seed42,external,1,42,253,deepfakes_faces_c23/462_467,ffpp_test:43,1,deepfakes,jpeg40,3.0908203125,0.9565124998213151
tall_local_seed42,external,1,42,254,face2face_faces_c23/467_462,ffpp_test:43,1,face2face,jpeg40,2.3494873046875,0.9128934671783854
tall_local_seed42,external,1,42,255,face2face_faces_c23/462_467,ffpp_test:43,1,face2face,jpeg40,2.23876953125,0.9036774058760031
tall_local_seed42,external,1,42,256,faceswap_faces_c23/467_462,ffpp_test:43,1,faceswap,jpeg40,2.689697265625,0.9364159589052466
tall_local_seed42,external,1,42,257,faceswap_faces_c23/462_467,ffpp_test:43,1,faceswap,jpeg40,2.9521484375,0.9503649314227289
tall_local_seed42,external,1,42,258,neuraltextures_faces_c23/467_462,ffpp_test:43,1,neuraltextures,jpeg40,1.83013916015625,0.861778303927075
tall_local_seed42,external,1,42,259,neuraltextures_faces_c23/462_467,ffpp_test:43,1,neuraltextures,jpeg40,-0.340789794921875,0.41561763920129574
tall_local_seed42,external,1,42,260,original_faces_c23/314,ffpp_test:27,0,real,jpeg40,1.6929931640625,0.8446173846265866
tall_local_seed42,external,1,42,261,original_faces_c23/347,ffpp_test:27,0,real,jpeg40,-3.346923828125,0.033996041911742735
tall_local_seed42,external,1,42,262,deepfakes_faces_c23/314_347,ffpp_test:27,1,deepfakes,jpeg40,-0.07421875,0.481453825066335
tall_local_seed42,external,1,42,263,deepfakes_faces_c23/347_314,ffpp_test:27,1,deepfakes,jpeg40,3.244873046875,0.962488445174251
tall_local_seed42,external,1,42,264,face2face_faces_c23/314_347,ffpp_test:27,1,face2face,jpeg40,3.333984375,0.9655764505873501
tall_local_seed42,external,1,42,265,face2face_faces_c23/347_314,ffpp_test:27,1,face2face,jpeg40,0.29486083984375,0.5731857283503401
tall_local_seed42,external,1,42,266,faceswap_faces_c23/314_347,ffpp_test:27,1,faceswap,jpeg40,2.58544921875,0.9299192247764981
tall_local_seed42,external,1,42,267,faceswap_faces_c23/347_314,ffpp_test:27,1,faceswap,jpeg40,-0.0809326171875,0.4797778825532618
tall_local_seed42,external,1,42,268,neuraltextures_faces_c23/314_347,ffpp_test:27,1,neuraltextures,jpeg40,3.387451171875,0.9673100433029536
tall_local_seed42,external,1,42,269,neuraltextures_faces_c23/347_314,ffpp_test:27,1,neuraltextures,jpeg40,-3.294189453125,0.03577106401179982
tall_local_seed42,external,1,42,270,original_faces_c23/741,ffpp_test:60,0,real,jpeg40,-3.539306640625,0.02821429245070741
tall_local_seed42,external,1,42,271,original_faces_c23/731,ffpp_test:60,0,real,jpeg40,-2.8603515625,0.054148691818858674
tall_local_seed42,external,1,42,272,deepfakes_faces_c23/741_731,ffpp_test:60,1,deepfakes,jpeg40,-3.4619140625,0.030415535972973064
tall_local_seed42,external,1,42,273,deepfakes_faces_c23/731_741,ffpp_test:60,1,deepfakes,jpeg40,0.94525146484375,0.7201592072967227
tall_local_seed42,external,1,42,274,face2face_faces_c23/741_731,ffpp_test:60,1,face2face,jpeg40,-1.6456756591796875,0.16169425342775018
tall_local_seed42,external,1,42,275,face2face_faces_c23/731_741,ffpp_test:60,1,face2face,jpeg40,-3.869873046875,0.0204347283991234
tall_local_seed42,external,1,42,276,faceswap_faces_c23/741_731,ffpp_test:60,1,faceswap,jpeg40,-2.351806640625,0.0869222781145711
tall_local_seed42,external,1,42,277,faceswap_faces_c23/731_741,ffpp_test:60,1,faceswap,jpeg40,0.6821746826171875,0.6642238910737298
tall_local_seed42,external,1,42,278,neuraltextures_faces_c23/741_731,ffpp_test:60,1,neuraltextures,jpeg40,2.902862548828125,0.9479877616541038
tall_local_seed42,external,1,42,279,neuraltextures_faces_c23/731_741,ffpp_test:60,1,neuraltextures,jpeg40,-0.9259033203125,0.28375658060640796
tall_local_seed42,external,1,42,280,original_faces_c23/970,ffpp_test:69,0,real,jpeg40,-3.371826171875,0.03318766386789305
tall_local_seed42,external,1,42,281,original_faces_c23/973,ffpp_test:69,0,real,jpeg40,-2.871826171875,0.05356399890076175
tall_local_seed42,external,1,42,282,deepfakes_faces_c23/970_973,ffpp_test:69,1,deepfakes,jpeg40,1.14483642578125,0.7585665056136095
tall_local_seed42,external,1,42,283,deepfakes_faces_c23/973_970,ffpp_test:69,1,deepfakes,jpeg40,3.0068359375,0.9528819979638882
tall_local_seed42,external,1,42,284,face2face_faces_c23/970_973,ffpp_test:69,1,face2face,jpeg40,2.7279510498046875,0.938655962673682
tall_local_seed42,external,1,42,285,face2face_faces_c23/973_970,ffpp_test:69,1,face2face,jpeg40,-2.7592010498046875,0.059569107922944516
tall_local_seed42,external,1,42,286,faceswap_faces_c23/970_973,ffpp_test:69,1,faceswap,jpeg40,3.014404296875,0.95322063904169
tall_local_seed42,external,1,42,287,faceswap_faces_c23/973_970,ffpp_test:69,1,faceswap,jpeg40,1.7147216796875,0.8474477053424345
tall_local_seed42,external,1,42,288,neuraltextures_faces_c23/970_973,ffpp_test:69,1,neuraltextures,jpeg40,3.0841064453125,0.9562323700001687
tall_local_seed42,external,1,42,289,neuraltextures_faces_c23/973_970,ffpp_test:69,1,neuraltextures,jpeg40,-1.6891021728515625,0.15589394962186648
tall_local_seed42,external,1,42,290,original_faces_c23/634,ffpp_test:53,0,real,jpeg40,-3.624267578125,0.025975881870520922
tall_local_seed42,external,1,42,291,original_faces_c23/660,ffpp_test:53,0,real,jpeg40,-3.477783203125,0.029951019453790237
tall_local_seed42,external,1,42,292,deepfakes_faces_c23/634_660,ffpp_test:53,1,deepfakes,jpeg40,0.30126953125,0.5747528349087303
tall_local_seed42,external,1,42,293,deepfakes_faces_c23/660_634,ffpp_test:53,1,deepfakes,jpeg40,1.203369140625,0.7691235925783029
tall_local_seed42,external,1,42,294,face2face_faces_c23/634_660,ffpp_test:53,1,face2face,jpeg40,0.179595947265625,0.5447786911830227
tall_local_seed42,external,1,42,295,face2face_faces_c23/660_634,ffpp_test:53,1,face2face,jpeg40,2.9755859375,0.9514589142441497
tall_local_seed42,external,1,42,296,faceswap_faces_c23/634_660,ffpp_test:53,1,faceswap,jpeg40,3.14501953125,0.9587120283076629
tall_local_seed42,external,1,42,297,faceswap_faces_c23/660_634,ffpp_test:53,1,faceswap,jpeg40,1.87054443359375,0.8665212604017737
tall_local_seed42,external,1,42,298,neuraltextures_faces_c23/634_660,ffpp_test:53,1,neuraltextures,jpeg40,0.8607177734375,0.7028105959690127
tall_local_seed42,external,1,42,299,neuraltextures_faces_c23/660_634,ffpp_test:53,1,neuraltextures,jpeg40,-2.240234375,0.09619516283205891
tall_local_seed42,external,1,42,300,original_faces_c23/494,ffpp_test:40,0,real,jpeg40,-3.607177734375,0.026411795044091652
tall_local_seed42,external,1,42,301,original_faces_c23/445,ffpp_test:40,0,real,jpeg40,-3.597412109375,0.026664075158421494
tall_local_seed42,external,1,42,302,deepfakes_faces_c23/494_445,ffpp_test:40,1,deepfakes,jpeg40,3.10302734375,0.9570174474403222
tall_local_seed42,external,1,42,303,deepfakes_faces_c23/445_494,ffpp_test:40,1,deepfakes,jpeg40,0.694915771484375,0.6670595709551882
tall_local_seed42,external,1,42,304,face2face_faces_c23/494_445,ffpp_test:40,1,face2face,jpeg40,-0.7251319885253906,0.32626388672179124
tall_local_seed42,external,1,42,305,face2face_faces_c23/445_494,ffpp_test:40,1,face2face,jpeg40,2.9052734375,0.9481065069502416
tall_local_seed42,external,1,42,306,faceswap_faces_c23/494_445,ffpp_test:40,1,faceswap,jpeg40,0.18719482421875,0.5466625236038898
tall_local_seed42,external,1,42,307,faceswap_faces_c23/445_494,ffpp_test:40,1,faceswap,jpeg40,3.08056640625,0.9560839726797369
tall_local_seed42,external,1,42,308,neuraltextures_faces_c23/494_445,ffpp_test:40,1,neuraltextures,jpeg40,-2.3408203125,0.08779819405215365
tall_local_seed42,external,1,42,309,neuraltextures_faces_c23/445_494,ffpp_test:40,1,neuraltextures,jpeg40,2.6767578125,0.9356411650547636
tall_local_seed42,external,1,42,310,original_faces_c23/706,ffpp_test:44,0,real,jpeg40,-3.32373046875,0.0347660064611628
tall_local_seed42,external,1,42,311,original_faces_c23/479,ffpp_test:44,0,real,jpeg40,-3.450927734375,0.03074120437664198
tall_local_seed42,external,1,42,312,deepfakes_faces_c23/706_479,ffpp_test:44,1,deepfakes,jpeg40,3.16796875,0.9596109312691483
tall_local_seed42,external,1,42,313,deepfakes_faces_c23/479_706,ffpp_test:44,1,deepfakes,jpeg40,3.0478515625,0.9546896816587267
tall_local_seed42,external,1,42,314,face2face_faces_c23/706_479,ffpp_test:44,1,face2face,jpeg40,-1.6600341796875,0.15975740878067407
tall_local_seed42,external,1,42,315,face2face_faces_c23/479_706,ffpp_test:44,1,face2face,jpeg40,3.423583984375,0.9684335182944932
tall_local_seed42,external,1,42,316,faceswap_faces_c23/706_479,ffpp_test:44,1,faceswap,jpeg40,2.623504638671875,0.9323590638914211
tall_local_seed42,external,1,42,317,faceswap_faces_c23/479_706,ffpp_test:44,1,faceswap,jpeg40,0.8172607421875,0.6936545625259966
tall_local_seed42,external,1,42,318,neuraltextures_faces_c23/706_479,ffpp_test:44,1,neuraltextures,jpeg40,2.3416194915771484,0.9122657908558341
tall_local_seed42,external,1,42,319,neuraltextures_faces_c23/479_706,ffpp_test:44,1,neuraltextures,jpeg40,-0.15771484375,0.4606528153344044
tall_local_seed42,external,1,42,320,original_faces_c23/186,ffpp_test:17,0,real,jpeg40,-3.23626708984375,0.037823507764436416
tall_local_seed42,external,1,42,321,original_faces_c23/170,ffpp_test:17,0,real,jpeg40,-3.26806640625,0.03668309535949763
tall_local_seed42,external,1,42,322,deepfakes_faces_c23/186_170,ffpp_test:17,1,deepfakes,jpeg40,2.366943359375,0.9142715871437312
tall_local_seed42,external,1,42,323,deepfakes_faces_c23/170_186,ffpp_test:17,1,deepfakes,jpeg40,2.384521484375,0.9156393485008355
tall_local_seed42,external,1,42,324,face2face_faces_c23/186_170,ffpp_test:17,1,face2face,jpeg40,-0.6990966796875,0.3320125359925058
tall_local_seed42,external,1,42,325,face2face_faces_c23/170_186,ffpp_test:17,1,face2face,jpeg40,3.018798828125,0.9534162059907877
tall_local_seed42,external,1,42,326,faceswap_faces_c23/186_170,ffpp_test:17,1,faceswap,jpeg40,2.495849609375,0.9238503494979348
tall_local_seed42,external,1,42,327,faceswap_faces_c23/170_186,ffpp_test:17,1,faceswap,jpeg40,3.038330078125,0.954276020267919
tall_local_seed42,external,1,42,328,neuraltextures_faces_c23/186_170,ffpp_test:17,1,neuraltextures,jpeg40,1.956451416015625,0.8761484008398375
tall_local_seed42,external,1,42,329,neuraltextures_faces_c23/170_186,ffpp_test:17,1,neuraltextures,jpeg40,1.3755264282226562,0.7982715639321114
tall_local_seed42,external,1,42,330,original_faces_c23/176,ffpp_test:18,0,real,jpeg40,-2.94482421875,0.04998170429171116
tall_local_seed42,external,1,42,331,original_faces_c23/190,ffpp_test:18,0,real,jpeg40,1.459228515625,0.811414649902086
tall_local_seed42,external,1,42,332,deepfakes_faces_c23/176_190,ffpp_test:18,1,deepfakes,jpeg40,2.95361328125,0.95043398462728
tall_local_seed42,external,1,42,333,deepfakes_faces_c23/190_176,ffpp_test:18,1,deepfakes,jpeg40,3.156494140625,0.9591638477990324
tall_local_seed42,external,1,42,334,face2face_faces_c23/176_190,ffpp_test:18,1,face2face,jpeg40,2.985107421875,0.9518967770726784
tall_local_seed42,external,1,42,335,face2face_faces_c23/190_176,ffpp_test:18,1,face2face,jpeg40,2.86181640625,0.9459262835336539
tall_local_seed42,external,1,42,336,faceswap_faces_c23/176_190,ffpp_test:18,1,faceswap,jpeg40,3.071044921875,0.9556824495935047
tall_local_seed42,external,1,42,337,faceswap_faces_c23/190_176,ffpp_test:18,1,faceswap,jpeg40,3.348388671875,0.966052031188242
tall_local_seed42,external,1,42,338,neuraltextures_faces_c23/176_190,ffpp_test:18,1,neuraltextures,jpeg40,-3.51220703125,0.0289668922992262
tall_local_seed42,external,1,42,339,neuraltextures_faces_c23/190_176,ffpp_test:18,1,neuraltextures,jpeg40,3.380859375,0.967100958652035
tall_local_seed42,external,1,42,340,original_faces_c23/380,ffpp_test:29,0,real,jpeg40,-3.214599609375,0.0386199950200471
tall_local_seed42,external,1,42,341,original_faces_c23/358,ffpp_test:29,0,real,jpeg40,-3.322509765625,0.03480699327212991
tall_local_seed42,external,1,42,342,deepfakes_faces_c23/380_358,ffpp_test:29,1,deepfakes,jpeg40,2.0788536071777344,0.8888308080057337
tall_local_seed42,external,1,42,343,deepfakes_faces_c23/358_380,ffpp_test:29,1,deepfakes,jpeg40,-3.55810546875,0.027703407645847913
tall_local_seed42,external,1,42,344,face2face_faces_c23/380_358,ffpp_test:29,1,face2face,jpeg40,-3.14013671875,0.04148168289313024
tall_local_seed42,external,1,42,345,face2face_faces_c23/358_380,ffpp_test:29,1,face2face,jpeg40,-2.0328369140625,0.11579813673278673
tall_local_seed42,external,1,42,346,faceswap_faces_c23/380_358,ffpp_test:29,1,faceswap,jpeg40,-3.07275390625,0.04424522526910395
tall_local_seed42,external,1,42,347,faceswap_faces_c23/358_380,ffpp_test:29,1,faceswap,jpeg40,-3.59326171875,0.0267720025422541
tall_local_seed42,external,1,42,348,neuraltextures_faces_c23/380_358,ffpp_test:29,1,neuraltextures,jpeg40,-0.8223876953125,0.30525705364267475
tall_local_seed42,external,1,42,349,neuraltextures_faces_c23/358_380,ffpp_test:29,1,neuraltextures,jpeg40,-3.3603515625,0.03355781964473655
tall_local_seed42,external,1,42,350,original_faces_c23/214,ffpp_test:19,0,real,jpeg40,-3.75927734375,0.022770018136020087
tall_local_seed42,external,1,42,351,original_faces_c23/255,ffpp_test:19,0,real,jpeg40,-3.498291015625,0.02936089565870019
tall_local_seed42,external,1,42,352,deepfakes_faces_c23/214_255,ffpp_test:19,1,deepfakes,jpeg40,3.157958984375,0.9592211850451525
tall_local_seed42,external,1,42,353,deepfakes_faces_c23/255_214,ffpp_test:19,1,deepfakes,jpeg40,1.6312255859375,0.8363374625970875
tall_local_seed42,external,1,42,354,face2face_faces_c23/214_255,ffpp_test:19,1,face2face,jpeg40,3.1787109375,0.9600252252889011
tall_local_seed42,external,1,42,355,face2face_faces_c23/255_214,ffpp_test:19,1,face2face,jpeg40,3.1923828125,0.960546620604239
tall_local_seed42,external,1,42,356,faceswap_faces_c23/214_255,ffpp_test:19,1,faceswap,jpeg40,1.8526763916015625,0.864441035887619
tall_local_seed42,external,1,42,357,faceswap_faces_c23/255_214,ffpp_test:19,1,faceswap,jpeg40,3.0830078125,0.9561863669391407
tall_local_seed42,external,1,42,358,neuraltextures_faces_c23/214_255,ffpp_test:19,1,neuraltextures,jpeg40,1.44921875,0.8098781697309154
tall_local_seed42,external,1,42,359,neuraltextures_faces_c23/255_214,ffpp_test:19,1,neuraltextures,jpeg40,-2.5372314453125,0.07328898532080082
tall_local_seed42,external,1,42,360,original_faces_c23/454,ffpp_test:42,0,real,jpeg40,-1.53692626953125,0.17698254908147965
tall_local_seed42,external,1,42,361,original_faces_c23/527,ffpp_test:42,0,real,jpeg40,-3.625244140625,0.025951185164868936
tall_local_seed42,external,1,42,362,deepfakes_faces_c23/454_527,ffpp_test:42,1,deepfakes,jpeg40,2.955322265625,0.9505144316111334
tall_local_seed42,external,1,42,363,deepfakes_faces_c23/527_454,ffpp_test:42,1,deepfakes,jpeg40,3.043701171875,0.9545098078048629
tall_local_seed42,external,1,42,364,face2face_faces_c23/454_527,ffpp_test:42,1,face2face,jpeg40,2.89013671875,0.9473567004168615
tall_local_seed42,external,1,42,365,face2face_faces_c23/527_454,ffpp_test:42,1,face2face,jpeg40,-2.85992431640625,0.054170578084583705
tall_local_seed42,external,1,42,366,faceswap_faces_c23/454_527,ffpp_test:42,1,faceswap,jpeg40,3.193115234375,0.9605743676963241
tall_local_seed42,external,1,42,367,faceswap_faces_c23/527_454,ffpp_test:42,1,faceswap,jpeg40,2.822509765625,0.9438801579281932
tall_local_seed42,external,1,42,368,neuraltextures_faces_c23/454_527,ffpp_test:42,1,neuraltextures,jpeg40,2.3268890380859375,0.911079628812079
tall_local_seed42,external,1,42,369,neuraltextures_faces_c23/527_454,ffpp_test:42,1,neuraltextures,jpeg40,-2.9488525390625,0.049790771793126
tall_local_seed42,external,1,42,370,original_faces_c23/425,ffpp_test:39,0,real,jpeg40,-3.43701171875,0.031158567254093175
tall_local_seed42,external,1,42,371,original_faces_c23/485,ffpp_test:39,0,real,jpeg40,-3.140380859375,0.04147197671583045
tall_local_seed42,external,1,42,372,deepfakes_faces_c23/425_485,ffpp_test:39,1,deepfakes,jpeg40,3.37255859375,0.9668358287649805
tall_local_seed42,external,1,42,373,deepfakes_faces_c23/485_425,ffpp_test:39,1,deepfakes,jpeg40,3.185546875,0.9602867432263157
tall_local_seed42,external,1,42,374,face2face_faces_c23/425_485,ffpp_test:39,1,face2face,jpeg40,-1.18896484375,0.2334441237607892
tall_local_seed42,external,1,42,375,face2face_faces_c23/485_425,ffpp_test:39,1,face2face,jpeg40,2.826934814453125,0.9441140946802458
tall_local_seed42,external,1,42,376,faceswap_faces_c23/425_485,ffpp_test:39,1,faceswap,jpeg40,2.26171875,0.9056565881718779
tall_local_seed42,external,1,42,377,faceswap_faces_c23/485_425,ffpp_test:39,1,faceswap,jpeg40,2.9326171875,0.9494354682710753
tall_local_seed42,external,1,42,378,neuraltextures_faces_c23/425_485,ffpp_test:39,1,neuraltextures,jpeg40,-0.401763916015625,0.40088861398089987
tall_local_seed42,external,1,42,379,neuraltextures_faces_c23/485_425,ffpp_test:39,1,neuraltextures,jpeg40,2.307373046875,0.9094858334626165
tall_local_seed42,external,1,42,380,original_faces_c23/388,ffpp_test:26,0,real,jpeg40,-1.9221916198730469,0.12761737150208566
tall_local_seed42,external,1,42,381,original_faces_c23/308,ffpp_test:26,0,real,jpeg40,-3.404296875,0.0321614462901774
tall_local_seed42,external,1,42,382,deepfakes_faces_c23/388_308,ffpp_test:26,1,deepfakes,jpeg40,-0.6202392578125,0.34972703792802606
tall_local_seed42,external,1,42,383,deepfakes_faces_c23/308_388,ffpp_test:26,1,deepfakes,jpeg40,1.7269287109375,0.8490191469892713
tall_local_seed42,external,1,42,384,face2face_faces_c23/388_308,ffpp_test:26,1,face2face,jpeg40,3.722900390625,0.9764063305723203
tall_local_seed42,external,1,42,385,face2face_faces_c23/308_388,ffpp_test:26,1,face2face,jpeg40,0.28766632080078125,0.5714247138770477
tall_local_seed42,external,1,42,386,faceswap_faces_c23/388_308,ffpp_test:26,1,faceswap,jpeg40,2.5172119140625,0.9253396649331395
tall_local_seed42,external,1,42,387,faceswap_faces_c23/308_388,ffpp_test:26,1,faceswap,jpeg40,0.5177001953125,0.6266098379978634
tall_local_seed42,external,1,42,388,neuraltextures_faces_c23/388_308,ffpp_test:26,1,neuraltextures,jpeg40,3.65966796875,0.9749049158762213
tall_local_seed42,external,1,42,389,neuraltextures_faces_c23/308_388,ffpp_test:26,1,neuraltextures,jpeg40,-3.686767578125,0.024440547259115333
tall_local_seed42,external,1,42,390,original_faces_c23/384,ffpp_test:32,0,real,jpeg40,-3.4853057861328125,0.029733229786413552
tall_local_seed42,external,1,42,391,original_faces_c23/932,ffpp_test:32,0,real,jpeg40,-3.83642578125,0.021115097128554288
tall_local_seed42,external,1,42,392,deepfakes_faces_c23/384_932,ffpp_test:32,1,deepfakes,jpeg40,3.2109375,0.9612438064128053
tall_local_seed42,external,1,42,393,deepfakes_faces_c23/932_384,ffpp_test:32,1,deepfakes,jpeg40,1.4129638671875,0.8042330024504197
tall_local_seed42,external,1,42,394,face2face_faces_c23/384_932,ffpp_test:32,1,face2face,jpeg40,3.486572265625,0.9703032853365388
tall_local_seed42,external,1,42,395,face2face_faces_c23/932_384,ffpp_test:32,1,face2face,jpeg40,-3.989501953125,0.018172575214343407
tall_local_seed42,external,1,42,396,faceswap_faces_c23/384_932,ffpp_test:32,1,faceswap,jpeg40,2.9638671875,0.9509148131893829
tall_local_seed42,external,1,42,397,faceswap_faces_c23/932_384,ffpp_test:32,1,faceswap,jpeg40,-0.4014434814453125,0.4009655774168776
tall_local_seed42,external,1,42,398,neuraltextures_faces_c23/384_932,ffpp_test:32,1,neuraltextures,jpeg40,3.6552734375,0.9747971775843293
tall_local_seed42,external,1,42,399,neuraltextures_faces_c23/932_384,ffpp_test:32,1,neuraltextures,jpeg40,-2.823150634765625,0.05608590462893634
tall_local_seed42,external,1,42,400,original_faces_c23/035,ffpp_test:5,0,real,jpeg40,3.29931640625,0.9644053519955879
tall_local_seed42,external,1,42,401,original_faces_c23/036,ffpp_test:5,0,real,jpeg40,-3.57373046875,0.02728562533795532
tall_local_seed42,external,1,42,402,deepfakes_faces_c23/035_036,ffpp_test:5,1,deepfakes,jpeg40,2.9013671875,0.9479139805123232
tall_local_seed42,external,1,42,403,deepfakes_faces_c23/036_035,ffpp_test:5,1,deepfakes,jpeg40,3.302490234375,0.9645141416759617
tall_local_seed42,external,1,42,404,face2face_faces_c23/035_036,ffpp_test:5,1,face2face,jpeg40,3.045654296875,0.9545945388785237
tall_local_seed42,external,1,42,405,face2face_faces_c23/036_035,ffpp_test:5,1,face2face,jpeg40,3.15185546875,0.9589817702148594
tall_local_seed42,external,1,42,406,faceswap_faces_c23/035_036,ffpp_test:5,1,faceswap,jpeg40,2.9970703125,0.9524415977014574
tall_local_seed42,external,1,42,407,faceswap_faces_c23/036_035,ffpp_test:5,1,faceswap,jpeg40,1.63916015625,0.8374206273432958
tall_local_seed42,external,1,42,408,neuraltextures_faces_c23/035_036,ffpp_test:5,1,neuraltextures,jpeg40,3.071044921875,0.9556824495935047
tall_local_seed42,external,1,42,409,neuraltextures_faces_c23/036_035,ffpp_test:5,1,neuraltextures,jpeg40,3.076416015625,0.9559093782837087
tall_local_seed42,external,1,42,410,original_faces_c23/257,ffpp_test:23,0,real,jpeg40,1.74908447265625,0.8518372900013297
tall_local_seed42,external,1,42,411,original_faces_c23/420,ffpp_test:23,0,real,jpeg40,-1.40789794921875,0.19656581667316952
tall_local_seed42,external,1,42,412,deepfakes_faces_c23/257_420,ffpp_test:23,1,deepfakes,jpeg40,2.98681640625,0.9519749698697091
tall_local_seed42,external,1,42,413,deepfakes_faces_c23/420_257,ffpp_test:23,1,deepfakes,jpeg40,2.9361572265625,0.9496051474762242
tall_local_seed42,external,1,42,414,face2face_faces_c23/257_420,ffpp_test:23,1,face2face,jpeg40,3.168212890625,0.9596203925589806
tall_local_seed42,external,1,42,415,face2face_faces_c23/420_257,ffpp_test:23,1,face2face,jpeg40,2.4005126953125,0.9168663907326385
tall_local_seed42,external,1,42,416,faceswap_faces_c23/257_420,ffpp_test:23,1,faceswap,jpeg40,3.0595703125,0.955193910564615
tall_local_seed42,external,1,42,417,faceswap_faces_c23/420_257,ffpp_test:23,1,faceswap,jpeg40,2.2491455078125,0.9045768028712947
tall_local_seed42,external,1,42,418,neuraltextures_faces_c23/257_420,ffpp_test:23,1,neuraltextures,jpeg40,3.385986328125,0.9672636912836163
tall_local_seed42,external,1,42,419,neuraltextures_faces_c23/420_257,ffpp_test:23,1,neuraltextures,jpeg40,0.412139892578125,0.6016008737804397
tall_local_seed42,external,1,42,420,original_faces_c23/924,ffpp_test:67,0,real,jpeg40,-2.818603515625,0.05632711684948832
tall_local_seed42,external,1,42,421,original_faces_c23/917,ffpp_test:67,0,real,jpeg40,-2.9228515625,0.051035420505959044
tall_local_seed42,external,1,42,422,deepfakes_faces_c23/924_917,ffpp_test:67,1,deepfakes,jpeg40,3.128173828125,0.9580400434514831
tall_local_seed42,external,1,42,423,deepfakes_faces_c23/917_924,ffpp_test:67,1,deepfakes,jpeg40,-1.777923583984375,0.14455971881418092
tall_local_seed42,external,1,42,424,face2face_faces_c23/924_917,ffpp_test:67,1,face2face,jpeg40,-3.521240234375,0.02871388631008288
tall_local_seed42,external,1,42,425,face2face_faces_c23/917_924,ffpp_test:67,1,face2face,jpeg40,0.2020263671875,0.5503355059588427
tall_local_seed42,external,1,42,426,faceswap_faces_c23/924_917,ffpp_test:67,1,faceswap,jpeg40,1.8927001953125,0.869063098663209
tall_local_seed42,external,1,42,427,faceswap_faces_c23/917_924,ffpp_test:67,1,faceswap,jpeg40,-3.403076171875,0.032199464930779305
tall_local_seed42,external,1,42,428,neuraltextures_faces_c23/924_917,ffpp_test:67,1,neuraltextures,jpeg40,1.6571044921875,0.8398489325597908
tall_local_seed42,external,1,42,429,neuraltextures_faces_c23/917_924,ffpp_test:67,1,neuraltextures,jpeg40,2.87451171875,0.9465719815092342
tall_local_seed42,external,1,42,430,original_faces_c23/114,ffpp_test:9,0,real,jpeg40,-3.605712890625,0.026449488489447878
tall_local_seed42,external,1,42,431,original_faces_c23/102,ffpp_test:9,0,real,jpeg40,-2.891265869140625,0.052587015051667366
tall_local_seed42,external,1,42,432,deepfakes_faces_c23/114_102,ffpp_test:9,1,deepfakes,jpeg40,1.93292236328125,0.8735725286119819
tall_local_seed42,external,1,42,433,deepfakes_faces_c23/102_114,ffpp_test:9,1,deepfakes,jpeg40,3.508544921875,0.9709299227025662
tall_local_seed42,external,1,42,434,face2face_faces_c23/114_102,ffpp_test:9,1,face2face,jpeg40,3.316650390625,0.9649956208334399
tall_local_seed42,external,1,42,435,face2face_faces_c23/102_114,ffpp_test:9,1,face2face,jpeg40,3.570068359375,0.9726170097350119
tall_local_seed42,external,1,42,436,faceswap_faces_c23/114_102,ffpp_test:9,1,faceswap,jpeg40,3.030517578125,0.9539339227570925
tall_local_seed42,external,1,42,437,faceswap_faces_c23/102_114,ffpp_test:9,1,faceswap,jpeg40,3.22119140625,0.9616240054830012
tall_local_seed42,external,1,42,438,neuraltextures_faces_c23/114_102,ffpp_test:9,1,neuraltextures,jpeg40,3.570068359375,0.9726170097350119
tall_local_seed42,external,1,42,439,neuraltextures_faces_c23/102_114,ffpp_test:9,1,neuraltextures,jpeg40,3.49365234375,0.9705066186066404
tall_local_seed42,external,1,42,440,original_faces_c23/732,ffpp_test:56,0,real,jpeg40,1.9873046875,0.8794576945577478
tall_local_seed42,external,1,42,441,original_faces_c23/691,ffpp_test:56,0,real,jpeg40,-3.09326171875,0.04338605972937886
tall_local_seed42,external,1,42,442,deepfakes_faces_c23/732_691,ffpp_test:56,1,deepfakes,jpeg40,3.0185546875,0.9534053615911415
tall_local_seed42,external,1,42,443,deepfakes_faces_c23/691_732,ffpp_test:56,1,deepfakes,jpeg40,3.146728515625,0.9587796225006147
tall_local_seed42,external,1,42,444,face2face_faces_c23/732_691,ffpp_test:56,1,face2face,jpeg40,3.087158203125,0.9563599145624546
tall_local_seed42,external,1,42,445,face2face_faces_c23/691_732,ffpp_test:56,1,face2face,jpeg40,1.34527587890625,0.7933562189980944
tall_local_seed42,external,1,42,446,faceswap_faces_c23/732_691,ffpp_test:56,1,faceswap,jpeg40,3.27685546875,0.9636262260753072
tall_local_seed42,external,1,42,447,faceswap_faces_c23/691_732,ffpp_test:56,1,faceswap,jpeg40,2.4117431640625,0.9177184063960938
tall_local_seed42,external,1,42,448,neuraltextures_faces_c23/732_691,ffpp_test:56,1,neuraltextures,jpeg40,3.140869140625,0.9585474291205728
tall_local_seed42,external,1,42,449,neuraltextures_faces_c23/691_732,ffpp_test:56,1,neuraltextures,jpeg40,2.01068115234375,0.8819139770189702
tall_local_seed42,external,1,42,450,original_faces_c23/550,ffpp_test:41,0,real,jpeg40,-3.1231689453125,0.042161611287023774
tall_local_seed42,external,1,42,451,original_faces_c23/452,ffpp_test:41,0,real,jpeg40,-2.974334716796875,0.04859890584834266
tall_local_seed42,external,1,42,452,deepfakes_faces_c23/550_452,ffpp_test:41,1,deepfakes,jpeg40,-0.316192626953125,0.4216039130392073
tall_local_seed42,external,1,42,453,deepfakes_faces_c23/452_550,ffpp_test:41,1,deepfakes,jpeg40,3.05078125,0.9548162433273092
tall_local_seed42,external,1,42,454,face2face_faces_c23/550_452,ffpp_test:41,1,face2face,jpeg40,3.083984375,0.9562272608259155
tall_local_seed42,external,1,42,455,face2face_faces_c23/452_550,ffpp_test:41,1,face2face,jpeg40,3.009765625,0.9530133603823691
tall_local_seed42,external,1,42,456,faceswap_faces_c23/550_452,ffpp_test:41,1,faceswap,jpeg40,2.8697509765625,0.9463307017708562
tall_local_seed42,external,1,42,457,faceswap_faces_c23/452_550,ffpp_test:41,1,faceswap,jpeg40,3.02685546875,0.9537727272614342
tall_local_seed42,external,1,42,458,neuraltextures_faces_c23/550_452,ffpp_test:41,1,neuraltextures,jpeg40,3.109619140625,0.95728778596082
tall_local_seed42,external,1,42,459,neuraltextures_faces_c23/452_550,ffpp_test:41,1,neuraltextures,jpeg40,3.319091796875,0.9650779957159762
tall_local_seed42,external,1,42,460,original_faces_c23/280,ffpp_test:22,0,real,jpeg40,-0.646514892578125,0.3437753275069195
tall_local_seed42,external,1,42,461,original_faces_c23/249,ffpp_test:22,0,real,jpeg40,-2.1031646728515625,0.10878961205090719
tall_local_seed42,external,1,42,462,deepfakes_faces_c23/280_249,ffpp_test:22,1,deepfakes,jpeg40,3.123779296875,0.9578630302698101
tall_local_seed42,external,1,42,463,deepfakes_faces_c23/249_280,ffpp_test:22,1,deepfakes,jpeg40,2.90087890625,0.9478898672966363
tall_local_seed42,external,1,42,464,face2face_faces_c23/280_249,ffpp_test:22,1,face2face,jpeg40,2.931640625,0.9493885651109318
tall_local_seed42,external,1,42,465,face2face_faces_c23/249_280,ffpp_test:22,1,face2face,jpeg40,2.924072265625,0.9490236667404623
tall_local_seed42,external,1,42,466,faceswap_faces_c23/280_249,ffpp_test:22,1,faceswap,jpeg40,2.98046875,0.9516839297321508
tall_local_seed42,external,1,42,467,faceswap_faces_c23/249_280,ffpp_test:22,1,faceswap,jpeg40,2.877685546875,0.9467322656837254
tall_local_seed42,external,1,42,468,neuraltextures_faces_c23/280_249,ffpp_test:22,1,neuraltextures,jpeg40,3.363525390625,0.9665449607296029
tall_local_seed42,external,1,42,469,neuraltextures_faces_c23/249_280,ffpp_test:22,1,neuraltextures,jpeg40,2.752044677734375,0.9400287217309041
tall_local_seed42,external,1,42,470,original_faces_c23/842,ffpp_test:58,0,real,jpeg40,-3.75439453125,0.022878921808846812
tall_local_seed42,external,1,42,471,original_faces_c23/714,ffpp_test:58,0,real,jpeg40,-3.5009765625,0.029284457363635986
tall_local_seed42,external,1,42,472,deepfakes_faces_c23/842_714,ffpp_test:58,1,deepfakes,jpeg40,3.01025390625,0.9530352202415573
tall_local_seed42,external,1,42,473,deepfakes_faces_c23/714_842,ffpp_test:58,1,deepfakes,jpeg40,2.145263671875,0.8952253547740644
tall_local_seed42,external,1,42,474,face2face_faces_c23/842_714,ffpp_test:58,1,face2face,jpeg40,2.965576171875,0.950994520013687
tall_local_seed42,external,1,42,475,face2face_faces_c23/714_842,ffpp_test:58,1,face2face,jpeg40,2.004638671875,0.8812832491286232
tall_local_seed42,external,1,42,476,faceswap_faces_c23/842_714,ffpp_test:58,1,faceswap,jpeg40,3.274169921875,0.963531978426887
tall_local_seed42,external,1,42,477,faceswap_faces_c23/714_842,ffpp_test:58,1,faceswap,jpeg40,1.915374755859375,0.8716217705193664
tall_local_seed42,external,1,42,478,neuraltextures_faces_c23/842_714,ffpp_test:58,1,neuraltextures,jpeg40,-2.27587890625,0.09314045943795855
tall_local_seed42,external,1,42,479,neuraltextures_faces_c23/714_842,ffpp_test:58,1,neuraltextures,jpeg40,3.4443359375,0.9690617765215094
tall_local_seed42,external,1,42,480,original_faces_c23/625,ffpp_test:52,0,real,jpeg40,-3.39990234375,0.032298516836647036
tall_local_seed42,external,1,42,481,original_faces_c23/650,ffpp_test:52,0,real,jpeg40,-3.378662109375,0.03296902287395422
tall_local_seed42,external,1,42,482,deepfakes_faces_c23/625_650,ffpp_test:52,1,deepfakes,jpeg40,2.161163330078125,0.8967073497260263
tall_local_seed42,external,1,42,483,deepfakes_faces_c23/650_625,ffpp_test:52,1,deepfakes,jpeg40,3.048828125,0.9547319063567953
tall_local_seed42,external,1,42,484,face2face_faces_c23/625_650,ffpp_test:52,1,face2face,jpeg40,3.40478515625,0.9678537490116274
tall_local_seed42,external,1,42,485,face2face_faces_c23/650_625,ffpp_test:52,1,face2face,jpeg40,2.0997543334960938,0.8908792990279623
tall_local_seed42,external,1,42,486,faceswap_faces_c23/625_650,ffpp_test:52,1,faceswap,jpeg40,2.8511962890625,0.9453804875532829
tall_local_seed42,external,1,42,487,faceswap_faces_c23/650_625,ffpp_test:52,1,faceswap,jpeg40,3.111083984375,0.9573476402130945
tall_local_seed42,external,1,42,488,neuraltextures_faces_c23/625_650,ffpp_test:52,1,neuraltextures,jpeg40,3.237548828125,0.9622231107731684
tall_local_seed42,external,1,42,489,neuraltextures_faces_c23/650_625,ffpp_test:52,1,neuraltextures,jpeg40,-1.9117813110351562,0.12878086335421043
tall_local_seed42,external,1,42,490,original_faces_c23/024,ffpp_test:3,0,real,jpeg40,3.2353515625,0.9621431594476797
tall_local_seed42,external,1,42,491,original_faces_c23/073,ffpp_test:3,0,real,jpeg40,-3.261474609375,0.03691674536710838
tall_local_seed42,external,1,42,492,deepfakes_faces_c23/024_073,ffpp_test:3,1,deepfakes,jpeg40,3.189697265625,0.9604447209736886
tall_local_seed42,external,1,42,493,deepfakes_faces_c23/073_024,ffpp_test:3,1,deepfakes,jpeg40,2.0328369140625,0.8842018632672132
tall_local_seed42,external,1,42,494,face2face_faces_c23/024_073,ffpp_test:3,1,face2face,jpeg40,3.11572265625,0.9575366504112508
tall_local_seed42,external,1,42,495,face2face_faces_c23/073_024,ffpp_test:3,1,face2face,jpeg40,-3.492431640625,0.029528342291339004
tall_local_seed42,external,1,42,496,faceswap_faces_c23/024_073,ffpp_test:3,1,faceswap,jpeg40,3.29443359375,0.9642373558090244
tall_local_seed42,external,1,42,497,faceswap_faces_c23/073_024,ffpp_test:3,1,faceswap,jpeg40,-0.31231689453125,0.42254931216953145
tall_local_seed42,external,1,42,498,neuraltextures_faces_c23/024_073,ffpp_test:3,1,neuraltextures,jpeg40,3.052001953125,0.9548688778981022
tall_local_seed42,external,1,42,499,neuraltextures_faces_c23/073_024,ffpp_test:3,1,neuraltextures,jpeg40,-3.501220703125,0.029277518005404637
tall_local_seed42,external,1,42,500,original_faces_c23/044,ffpp_test:6,0,real,jpeg40,-3.084716796875,0.04374209266321898
tall_local_seed42,external,1,42,501,original_faces_c23/945,ffpp_test:6,0,real,jpeg40,-2.49945068359375,0.07589669811616853
tall_local_seed42,external,1,42,502,deepfakes_faces_c23/044_945,ffpp_test:6,1,deepfakes,jpeg40,3.03857421875,0.9542866717470404
tall_local_seed42,external,1,42,503,deepfakes_faces_c23/945_044,ffpp_test:6,1,deepfakes,jpeg40,2.8564453125,0.9456508945074971
tall_local_seed42,external,1,42,504,face2face_faces_c23/044_945,ffpp_test:6,1,face2face,jpeg40,-0.010009765625,0.49749757948796874
tall_local_seed42,external,1,42,505,face2face_faces_c23/945_044,ffpp_test:6,1,face2face,jpeg40,2.968994140625,0.9511535655130889
tall_local_seed42,external,1,42,506,faceswap_faces_c23/044_945,ffpp_test:6,1,faceswap,jpeg40,2.887939453125,0.9472470106471722
tall_local_seed42,external,1,42,507,faceswap_faces_c23/945_044,ffpp_test:6,1,faceswap,jpeg40,2.771484375,0.9411153004600163
tall_local_seed42,external,1,42,508,neuraltextures_faces_c23/044_945,ffpp_test:6,1,neuraltextures,jpeg40,1.7040252685546875,0.8460597272178323
tall_local_seed42,external,1,42,509,neuraltextures_faces_c23/945_044,ffpp_test:6,1,neuraltextures,jpeg40,-1.47247314453125,0.1865669991903499
tall_local_seed42,external,1,42,510,original_faces_c23/896,ffpp_test:10,0,real,jpeg40,-4.45751953125,0.011458265309691868
tall_local_seed42,external,1,42,511,original_faces_c23/128,ffpp_test:10,0,real,jpeg40,-2.129730224609375,0.10624060508224696
tall_local_seed42,external,1,42,512,deepfakes_faces_c23/896_128,ffpp_test:10,1,deepfakes,jpeg40,2.2551040649414062,0.9050898928641149
tall_local_seed42,external,1,42,513,deepfakes_faces_c23/128_896,ffpp_test:10,1,deepfakes,jpeg40,3.095703125,0.9567151548042914
tall_local_seed42,external,1,42,514,face2face_faces_c23/896_128,ffpp_test:10,1,face2face,jpeg40,-2.850341796875,0.054663651990099135
tall_local_seed42,external,1,42,515,face2face_faces_c23/128_896,ffpp_test:10,1,face2face,jpeg40,2.5665283203125,0.928676084856818
tall_local_seed42,external,1,42,516,faceswap_faces_c23/896_128,ffpp_test:10,1,faceswap,jpeg40,2.994873046875,0.952341970034673
tall_local_seed42,external,1,42,517,faceswap_faces_c23/128_896,ffpp_test:10,1,faceswap,jpeg40,3.008544921875,0.9529586684073361
tall_local_seed42,external,1,42,518,neuraltextures_faces_c23/896_128,ffpp_test:10,1,neuraltextures,jpeg40,-1.65362548828125,0.1606195563080948
tall_local_seed42,external,1,42,519,neuraltextures_faces_c23/128_896,ffpp_test:10,1,neuraltextures,jpeg40,2.48681640625,0.9232124175688667
tall_local_seed42,external,1,42,520,original_faces_c23/862,ffpp_test:7,0,real,jpeg40,-3.3291015625,0.03458621658292749
tall_local_seed42,external,1,42,521,original_faces_c23/047,ffpp_test:7,0,real,jpeg40,-1.16461181640625,0.2378303043068562
tall_local_seed42,external,1,42,522,deepfakes_faces_c23/862_047,ffpp_test:7,1,deepfakes,jpeg40,2.999267578125,0.9525410274784751
tall_local_seed42,external,1,42,523,deepfakes_faces_c23/047_862,ffpp_test:7,1,deepfakes,jpeg40,-3.0823974609375,0.04383921024914199
tall_local_seed42,external,1,42,524,face2face_faces_c23/862_047,ffpp_test:7,1,face2face,jpeg40,0.83197021484375,0.6967713601567102
tall_local_seed42,external,1,42,525,face2face_faces_c23/047_862,ffpp_test:7,1,face2face,jpeg40,2.60400390625,0.9311188201361982
tall_local_seed42,external,1,42,526,faceswap_faces_c23/862_047,ffpp_test:7,1,faceswap,jpeg40,-0.47735595703125,0.3828766715516669
tall_local_seed42,external,1,42,527,faceswap_faces_c23/047_862,ffpp_test:7,1,faceswap,jpeg40,2.881103515625,0.9469043718550011
tall_local_seed42,external,1,42,528,neuraltextures_faces_c23/862_047,ffpp_test:7,1,neuraltextures,jpeg40,2.5367279052734375,0.9266768080437542
tall_local_seed42,external,1,42,529,neuraltextures_faces_c23/047_862,ffpp_test:7,1,neuraltextures,jpeg40,2.286590576171875,0.9077603705668894
tall_local_seed42,external,1,42,530,original_faces_c23/607,ffpp_test:49,0,real,jpeg40,-3.531494140625,0.028429288844508314
tall_local_seed42,external,1,42,531,original_faces_c23/683,ffpp_test:49,0,real,jpeg40,-3.026123046875,0.04625957618225023
tall_local_seed42,external,1,42,532,deepfakes_faces_c23/607_683,ffpp_test:49,1,deepfakes,jpeg40,2.963623046875,0.9509034164682
tall_local_seed42,external,1,42,533,deepfakes_faces_c23/683_607,ffpp_test:49,1,deepfakes,jpeg40,3.0126953125,0.9531443745781155
tall_local_seed42,external,1,42,534,face2face_faces_c23/607_683,ffpp_test:49,1,face2face,jpeg40,-2.31353759765625,0.09000797176996134
tall_local_seed42,external,1,42,535,face2face_faces_c23/683_607,ffpp_test:49,1,face2face,jpeg40,-2.4866943359375,0.07679623659520515
tall_local_seed42,external,1,42,536,faceswap_faces_c23/607_683,ffpp_test:49,1,faceswap,jpeg40,3.275634765625,0.9635834153253968
tall_local_seed42,external,1,42,537,faceswap_faces_c23/683_607,ffpp_test:49,1,faceswap,jpeg40,3.076904296875,0.9559299531165684
tall_local_seed42,external,1,42,538,neuraltextures_faces_c23/607_683,ffpp_test:49,1,neuraltextures,jpeg40,-3.703369140625,0.024047822364166048
tall_local_seed42,external,1,42,539,neuraltextures_faces_c23/683_607,ffpp_test:49,1,neuraltextures,jpeg40,-3.123779296875,0.042136969730189856
tall_local_seed42,external,1,42,540,original_faces_c23/517,ffpp_test:45,0,real,jpeg40,0.90325927734375,0.7116188243409308
tall_local_seed42,external,1,42,541,original_faces_c23/521,ffpp_test:45,0,real,jpeg40,-3.594970703125,0.026727510499178576
tall_local_seed42,external,1,42,542,deepfakes_faces_c23/517_521,ffpp_test:45,1,deepfakes,jpeg40,3.02099609375,0.9535136976162994
tall_local_seed42,external,1,42,543,deepfakes_faces_c23/521_517,ffpp_test:45,1,deepfakes,jpeg40,2.9677734375,0.9510968198397916
tall_local_seed42,external,1,42,544,face2face_faces_c23/517_521,ffpp_test:45,1,face2face,jpeg40,3.663330078125,0.9749943549089812
tall_local_seed42,external,1,42,545,face2face_faces_c23/521_517,ffpp_test:45,1,face2face,jpeg40,0.52203369140625,0.6276231882836988
tall_local_seed42,external,1,42,546,faceswap_faces_c23/517_521,ffpp_test:45,1,faceswap,jpeg40,2.8427734375,0.944943928209663
tall_local_seed42,external,1,42,547,faceswap_faces_c23/521_517,ffpp_test:45,1,faceswap,jpeg40,3.07177734375,0.9557134598760227
tall_local_seed42,external,1,42,548,neuraltextures_faces_c23/517_521,ffpp_test:45,1,neuraltextures,jpeg40,3.472900390625,0.9699067894582913
tall_local_seed42,external,1,42,549,neuraltextures_faces_c23/521_517,ffpp_test:45,1,neuraltextures,jpeg40,0.68878173828125,0.665695863593438
tall_local_seed42,external,1,42,550,original_faces_c23/682,ffpp_test:55,0,real,jpeg40,-0.77838134765625,0.3146688475060483
tall_local_seed42,external,1,42,551,original_faces_c23/669,ffpp_test:55,0,real,jpeg40,-1.2545166015625,0.22191927279934
tall_local_seed42,external,1,42,552,deepfakes_faces_c23/682_669,ffpp_test:55,1,deepfakes,jpeg40,2.842529296875,0.9449312254380536
tall_local_seed42,external,1,42,553,deepfakes_faces_c23/669_682,ffpp_test:55,1,deepfakes,jpeg40,3.07373046875,0.9557960528258783
tall_local_seed42,external,1,42,554,face2face_faces_c23/682_669,ffpp_test:55,1,face2face,jpeg40,3.426025390625,0.9685080668851004
tall_local_seed42,external,1,42,555,face2face_faces_c23/669_682,ffpp_test:55,1,face2face,jpeg40,2.931640625,0.9493885651109318
tall_local_seed42,external,1,42,556,faceswap_faces_c23/682_669,ffpp_test:55,1,faceswap,jpeg40,-1.1968994140625,0.23202725267633476
tall_local_seed42,external,1,42,557,faceswap_faces_c23/669_682,ffpp_test:55,1,faceswap,jpeg40,2.938232421875,0.9497043637802707
tall_local_seed42,external,1,42,558,neuraltextures_faces_c23/682_669,ffpp_test:55,1,neuraltextures,jpeg40,3.163818359375,0.959449764087669
tall_local_seed42,external,1,42,559,neuraltextures_faces_c23/669_682,ffpp_test:55,1,neuraltextures,jpeg40,2.603271484375,0.9310718302790681
tall_local_seed42,external,1,42,560,original_faces_c23/138,ffpp_test:12,0,real,jpeg40,-1.665252685546875,0.159058145924236
tall_local_seed42,external,1,42,561,original_faces_c23/142,ffpp_test:12,0,real,jpeg40,-3.177734375,0.04001226888816327
tall_local_seed42,external,1,42,562,deepfakes_faces_c23/138_142,ffpp_test:12,1,deepfakes,jpeg40,2.945068359375,0.9500298870942645
tall_local_seed42,external,1,42,563,deepfakes_faces_c23/142_138,ffpp_test:12,1,deepfakes,jpeg40,2.0425949096679688,0.8851972343948461
tall_local_seed42,external,1,42,564,face2face_faces_c23/138_142,ffpp_test:12,1,face2face,jpeg40,3.677734375,0.9753431444580398
tall_local_seed42,external,1,42,565,face2face_faces_c23/142_138,ffpp_test:12,1,face2face,jpeg40,-1.6728515625,0.1580443617503406
tall_local_seed42,external,1,42,566,faceswap_faces_c23/138_142,ffpp_test:12,1,faceswap,jpeg40,0.002593994140625,0.5006484981715215
tall_local_seed42,external,1,42,567,faceswap_faces_c23/142_138,ffpp_test:12,1,faceswap,jpeg40,2.101531982421875,0.8910519902377977
tall_local_seed42,external,1,42,568,neuraltextures_faces_c23/138_142,ffpp_test:12,1,neuraltextures,jpeg40,3.628173828125,0.9741227678988116
tall_local_seed42,external,1,42,569,neuraltextures_faces_c23/142_138,ffpp_test:12,1,neuraltextures,jpeg40,-2.609619140625,0.068521908710527
tall_local_seed42,external,1,42,570,original_faces_c23/552,ffpp_test:47,0,real,jpeg40,-3.24334716796875,0.03756668472078329
tall_local_seed42,external,1,42,571,original_faces_c23/851,ffpp_test:47,0,real,jpeg40,2.9866943359375,0.9519693886747487
tall_local_seed42,external,1,42,572,deepfakes_faces_c23/552_851,ffpp_test:47,1,deepfakes,jpeg40,2.974609375,0.9514137919629646
tall_local_seed42,external,1,42,573,deepfakes_faces_c23/851_552,ffpp_test:47,1,deepfakes,jpeg40,3.127197265625,0.9580007687397746
tall_local_seed42,external,1,42,574,face2face_faces_c23/552_851,ffpp_test:47,1,face2face,jpeg40,1.918914794921875,0.8720173703429155
tall_local_seed42,external,1,42,575,face2face_faces_c23/851_552,ffpp_test:47,1,face2face,jpeg40,2.991455078125,0.9521865995026789
tall_local_seed42,external,1,42,576,faceswap_faces_c23/552_851,ffpp_test:47,1,faceswap,jpeg40,3.10791015625,0.9572178545771931
tall_local_seed42,external,1,42,577,faceswap_faces_c23/851_552,ffpp_test:47,1,faceswap,jpeg40,2.949951171875,0.9502611806372397
tall_local_seed42,external,1,42,578,neuraltextures_faces_c23/552_851,ffpp_test:47,1,neuraltextures,jpeg40,3.661376953125,0.9749466928107885
tall_local_seed42,external,1,42,579,neuraltextures_faces_c23/851_552,ffpp_test:47,1,neuraltextures,jpeg40,3.175048828125,0.9598844482743234
tall_local_seed42,external,1,42,580,original_faces_c23/376,ffpp_test:31,0,real,jpeg40,-3.783203125,0.02224366758387693
tall_local_seed42,external,1,42,581,original_faces_c23/381,ffpp_test:31,0,real,jpeg40,-3.015625,0.04672495862609241
tall_local_seed42,external,1,42,582,deepfakes_faces_c23/376_381,ffpp_test:31,1,deepfakes,jpeg40,-0.757568359375,0.3191744343639901
tall_local_seed42,external,1,42,583,deepfakes_faces_c23/381_376,ffpp_test:31,1,deepfakes,jpeg40,1.98779296875,0.8795094485701875
tall_local_seed42,external,1,42,584,face2face_faces_c23/376_381,ffpp_test:31,1,face2face,jpeg40,-3.520263671875,0.028741134589928094
tall_local_seed42,external,1,42,585,face2face_faces_c23/381_376,ffpp_test:31,1,face2face,jpeg40,-3.053466796875,0.04506803772528746
tall_local_seed42,external,1,42,586,faceswap_faces_c23/376_381,ffpp_test:31,1,faceswap,jpeg40,2.962890625,0.9508692112458993
tall_local_seed42,external,1,42,587,faceswap_faces_c23/381_376,ffpp_test:31,1,faceswap,jpeg40,-3.41741943359375,0.03175547742398804
tall_local_seed42,external,1,42,588,neuraltextures_faces_c23/376_381,ffpp_test:31,1,neuraltextures,jpeg40,2.417510986328125,0.9181528943162625
tall_local_seed42,external,1,42,589,neuraltextures_faces_c23/381_376,ffpp_test:31,1,neuraltextures,jpeg40,-3.429443359375,0.03138785118679197
tall_local_seed42,external,1,42,590,original_faces_c23/000,ffpp_test:0,0,real,jpeg40,-3.78515625,0.022201228903055727
tall_local_seed42,external,1,42,591,original_faces_c23/003,ffpp_test:0,0,real,jpeg40,-3.272216796875,0.036536712851237045
tall_local_seed42,external,1,42,592,deepfakes_faces_c23/000_003,ffpp_test:0,1,deepfakes,jpeg40,3.005859375,0.9528381329658233
tall_local_seed42,external,1,42,593,deepfakes_faces_c23/003_000,ffpp_test:0,1,deepfakes,jpeg40,-0.323211669921875,0.4198932393072855
tall_local_seed42,external,1,42,594,face2face_faces_c23/000_003,ffpp_test:0,1,face2face,jpeg40,-2.331817626953125,0.0885218968950757
tall_local_seed42,external,1,42,595,face2face_faces_c23/003_000,ffpp_test:0,1,face2face,jpeg40,0.220977783203125,0.5550207338563259
tall_local_seed42,external,1,42,596,faceswap_faces_c23/000_003,ffpp_test:0,1,faceswap,jpeg40,3.197998046875,0.9607588706232179
tall_local_seed42,external,1,42,597,faceswap_faces_c23/003_000,ffpp_test:0,1,faceswap,jpeg40,3.274169921875,0.963531978426887
tall_local_seed42,external,1,42,598,neuraltextures_faces_c23/000_003,ffpp_test:0,1,neuraltextures,jpeg40,-3.799560546875,0.021890678299689798
tall_local_seed42,external,1,42,599,neuraltextures_faces_c23/003_000,ffpp_test:0,1,neuraltextures,jpeg40,-2.5411376953125,0.07302412358520118
tall_local_seed42,external,1,42,600,original_faces_c23/048,ffpp_test:4,0,real,jpeg40,-2.615478515625,0.06814886857803995
tall_local_seed42,external,1,42,601,original_faces_c23/029,ffpp_test:4,0,real,jpeg40,-3.3203125,0.03488088693667929
tall_local_seed42,external,1,42,602,deepfakes_faces_c23/048_029,ffpp_test:4,1,deepfakes,jpeg40,2.876708984375,0.9466829958700506
tall_local_seed42,external,1,42,603,deepfakes_faces_c23/029_048,ffpp_test:4,1,deepfakes,jpeg40,0.522308349609375,0.6276873770396596
tall_local_seed42,external,1,42,604,face2face_faces_c23/048_029,ffpp_test:4,1,face2face,jpeg40,-2.5770263671875,0.07063167956087466
tall_local_seed42,external,1,42,605,face2face_faces_c23/029_048,ffpp_test:4,1,face2face,jpeg40,1.2877197265625,0.7837609791696455
tall_local_seed42,external,1,42,606,faceswap_faces_c23/048_029,ffpp_test:4,1,faceswap,jpeg40,3.21484375,0.961389068531974
tall_local_seed42,external,1,42,607,faceswap_faces_c23/029_048,ffpp_test:4,1,faceswap,jpeg40,0.0701141357421875,0.5175213566194607
tall_local_seed42,external,1,42,608,neuraltextures_faces_c23/048_029,ffpp_test:4,1,neuraltextures,jpeg40,-3.030029296875,0.0460875390276386
tall_local_seed42,external,1,42,609,neuraltextures_faces_c23/029_048,ffpp_test:4,1,neuraltextures,jpeg40,3.3173828125,0.9650203529409407
tall_local_seed42,external,1,42,610,original_faces_c23/724,ffpp_test:59,0,real,jpeg40,-3.375244140625,0.03307816890386382
tall_local_seed42,external,1,42,611,original_faces_c23/725,ffpp_test:59,0,real,jpeg40,-3.767333984375,0.022591433041896945
tall_local_seed42,external,1,42,612,deepfakes_faces_c23/724_725,ffpp_test:59,1,deepfakes,jpeg40,3.09375,0.9566342012360932
tall_local_seed42,external,1,42,613,deepfakes_faces_c23/725_724,ffpp_test:59,1,deepfakes,jpeg40,3.148193359375,0.9588374760780662
tall_local_seed42,external,1,42,614,face2face_faces_c23/724_725,ffpp_test:59,1,face2face,jpeg40,3.370361328125,0.9667653026464066
tall_local_seed42,external,1,42,615,face2face_faces_c23/725_724,ffpp_test:59,1,face2face,jpeg40,3.326416015625,0.9653240008150455
tall_local_seed42,external,1,42,616,faceswap_faces_c23/724_725,ffpp_test:59,1,faceswap,jpeg40,2.87939453125,0.9468183844799687
tall_local_seed42,external,1,42,617,faceswap_faces_c23/725_724,ffpp_test:59,1,faceswap,jpeg40,2.940673828125,0.949820852003501
tall_local_seed42,external,1,42,618,neuraltextures_faces_c23/724_725,ffpp_test:59,1,neuraltextures,jpeg40,3.69677734375,0.9757969849604351
tall_local_seed42,external,1,42,619,neuraltextures_faces_c23/725_724,ffpp_test:59,1,neuraltextures,jpeg40,-1.8470306396484375,0.13622191102815434
tall_local_seed42,external,1,42,620,original_faces_c23/608,ffpp_test:50,0,real,jpeg40,-3.293701171875,0.03578790938016567
tall_local_seed42,external,1,42,621,original_faces_c23/675,ffpp_test:50,0,real,jpeg40,-3.605224609375,0.02646206459684947
tall_local_seed42,external,1,42,622,deepfakes_faces_c23/608_675,ffpp_test:50,1,deepfakes,jpeg40,3.03955078125,0.9543292540437569
tall_local_seed42,external,1,42,623,deepfakes_faces_c23/675_608,ffpp_test:50,1,deepfakes,jpeg40,2.54290771484375,0.9270956013565413
tall_local_seed42,external,1,42,624,face2face_faces_c23/608_675,ffpp_test:50,1,face2face,jpeg40,-2.601165771484375,0.06906343094801169
tall_local_seed42,external,1,42,625,face2face_faces_c23/675_608,ffpp_test:50,1,face2face,jpeg40,2.8900146484375,0.9473506121958976
tall_local_seed42,external,1,42,626,faceswap_faces_c23/608_675,ffpp_test:50,1,faceswap,jpeg40,2.8447265625,0.9450454510851288
tall_local_seed42,external,1,42,627,faceswap_faces_c23/675_608,ffpp_test:50,1,faceswap,jpeg40,1.6483001708984375,0.838661181303387
tall_local_seed42,external,1,42,628,neuraltextures_faces_c23/608_675,ffpp_test:50,1,neuraltextures,jpeg40,-3.7529296875,0.022911691986710152
tall_local_seed42,external,1,42,629,neuraltextures_faces_c23/675_608,ffpp_test:50,1,neuraltextures,jpeg40,-3.2139739990234375,0.038643229694151474
tall_local_seed42,external,1,42,630,original_faces_c23/386,ffpp_test:14,0,real,jpeg40,-2.870361328125,0.05363830758522011
tall_local_seed42,external,1,42,631,original_faces_c23/154,ffpp_test:14,0,real,jpeg40,-2.9658203125,0.04899410332325801
tall_local_seed42,external,1,42,632,deepfakes_faces_c23/386_154,ffpp_test:14,1,deepfakes,jpeg40,3.202880859375,0.960942545226255
tall_local_seed42,external,1,42,633,deepfakes_faces_c23/154_386,ffpp_test:14,1,deepfakes,jpeg40,2.7093505859375,0.9375761510894585
tall_local_seed42,external,1,42,634,face2face_faces_c23/386_154,ffpp_test:14,1,face2face,jpeg40,2.165802001953125,0.8971362087704229
tall_local_seed42,external,1,42,635,face2face_faces_c23/154_386,ffpp_test:14,1,face2face,jpeg40,2.539306640625,0.926851832446633
tall_local_seed42,external,1,42,636,faceswap_faces_c23/386_154,ffpp_test:14,1,faceswap,jpeg40,-1.352264404296875,0.20550041596977378
tall_local_seed42,external,1,42,637,faceswap_faces_c23/154_386,ffpp_test:14,1,faceswap,jpeg40,2.83642578125,0.9446127577937146
tall_local_seed42,external,1,42,638,neuraltextures_faces_c23/386_154,ffpp_test:14,1,neuraltextures,jpeg40,-3.545166015625,0.028054082003878388
tall_local_seed42,external,1,42,639,neuraltextures_faces_c23/154_386,ffpp_test:14,1,neuraltextures,jpeg40,-3.5341796875,0.0283552050474941
tall_local_seed42,external,1,42,640,original_faces_c23/220,ffpp_test:20,0,real,jpeg40,-3.203369140625,0.03903913274061505
tall_local_seed42,external,1,42,641,original_faces_c23/219,ffpp_test:20,0,real,jpeg40,-3.361572265625,0.03351825271032089
tall_local_seed42,external,1,42,642,deepfakes_faces_c23/220_219,ffpp_test:20,1,deepfakes,jpeg40,1.8621826171875,0.8655511470724675
tall_local_seed42,external,1,42,643,deepfakes_faces_c23/219_220,ffpp_test:20,1,deepfakes,jpeg40,2.9521484375,0.9503649314227289
tall_local_seed42,external,1,42,644,face2face_faces_c23/220_219,ffpp_test:20,1,face2face,jpeg40,2.094512939453125,0.8903687205507205
tall_local_seed42,external,1,42,645,face2face_faces_c23/219_220,ffpp_test:20,1,face2face,jpeg40,2.609619140625,0.931478091289473
tall_local_seed42,external,1,42,646,faceswap_faces_c23/220_219,ffpp_test:20,1,faceswap,jpeg40,1.39837646484375,0.8019261316482197
tall_local_seed42,external,1,42,647,faceswap_faces_c23/219_220,ffpp_test:20,1,faceswap,jpeg40,1.384521484375,0.7997161888464964
tall_local_seed42,external,1,42,648,neuraltextures_faces_c23/220_219,ffpp_test:20,1,neuraltextures,jpeg40,-1.2243423461914062,0.22717318122355917
tall_local_seed42,external,1,42,649,neuraltextures_faces_c23/219_220,ffpp_test:20,1,neuraltextures,jpeg40,1.7772216796875,0.8553534604948073
tall_local_seed42,external,1,42,650,original_faces_c23/801,ffpp_test:63,0,real,jpeg40,-1.89697265625,0.1304514937608015
tall_local_seed42,external,1,42,651,original_faces_c23/855,ffpp_test:63,0,real,jpeg40,-3.0615234375,0.04472257288466932
tall_local_seed42,external,1,42,652,deepfakes_faces_c23/801_855,ffpp_test:63,1,deepfakes,jpeg40,3.12939453125,0.958089087457205
tall_local_seed42,external,1,42,653,deepfakes_faces_c23/855_801,ffpp_test:63,1,deepfakes,jpeg40,3.0703125,0.9556514186046017
tall_local_seed42,external,1,42,654,face2face_faces_c23/801_855,ffpp_test:63,1,face2face,jpeg40,2.878662109375,0.9467814925270571
tall_local_seed42,external,1,42,655,face2face_faces_c23/855_801,ffpp_test:63,1,face2face,jpeg40,3.26708984375,0.963282379797721
tall_local_seed42,external,1,42,656,faceswap_faces_c23/801_855,ffpp_test:63,1,faceswap,jpeg40,1.876708984375,0.8672326560875843
tall_local_seed42,external,1,42,657,faceswap_faces_c23/855_801,ffpp_test:63,1,faceswap,jpeg40,3.383544921875,0.9671862967750573
tall_local_seed42,external,1,42,658,neuraltextures_faces_c23/801_855,ffpp_test:63,1,neuraltextures,jpeg40,3.703857421875,0.9759636347018115
tall_local_seed42,external,1,42,659,neuraltextures_faces_c23/855_801,ffpp_test:63,1,neuraltextures,jpeg40,3.60693359375,0.9735819263461735
tall_local_seed42,external,1,42,660,original_faces_c23/161,ffpp_test:13,0,real,jpeg40,-3.0419921875,0.04556445538890657
tall_local_seed42,external,1,42,661,original_faces_c23/141,ffpp_test:13,0,real,jpeg40,-3.04925537109375,0.04524963212687749
tall_local_seed42,external,1,42,662,deepfakes_faces_c23/161_141,ffpp_test:13,1,deepfakes,jpeg40,2.55584716796875,0.927965351837863
tall_local_seed42,external,1,42,663,deepfakes_faces_c23/141_161,ffpp_test:13,1,deepfakes,jpeg40,3.010833740234375,0.953061166266233
tall_local_seed42,external,1,42,664,face2face_faces_c23/161_141,ffpp_test:13,1,face2face,jpeg40,-0.7149658203125,0.32850250538013154
tall_local_seed42,external,1,42,665,face2face_faces_c23/141_161,ffpp_test:13,1,face2face,jpeg40,2.614501953125,0.9317890890505647
tall_local_seed42,external,1,42,666,faceswap_faces_c23/161_141,ffpp_test:13,1,faceswap,jpeg40,3.12841796875,0.9580498566408293
tall_local_seed42,external,1,42,667,faceswap_faces_c23/141_161,ffpp_test:13,1,faceswap,jpeg40,3.0986328125,0.9568363146741449
tall_local_seed42,external,1,42,668,neuraltextures_faces_c23/161_141,ffpp_test:13,1,neuraltextures,jpeg40,2.4786376953125,0.9226306079371144
tall_local_seed42,external,1,42,669,neuraltextures_faces_c23/141_161,ffpp_test:13,1,neuraltextures,jpeg40,3.09912109375,0.9568564764759668
tall_local_seed42,external,1,42,670,original_faces_c23/949,ffpp_test:66,0,real,jpeg40,-2.883056640625,0.0529975175582835
tall_local_seed42,external,1,42,671,original_faces_c23/868,ffpp_test:66,0,real,jpeg40,-2.87890625,0.05320620747238809
tall_local_seed42,external,1,42,672,deepfakes_faces_c23/949_868,ffpp_test:66,1,deepfakes,jpeg40,0.3863525390625,0.5954043398368092
tall_local_seed42,external,1,42,673,deepfakes_faces_c23/868_949,ffpp_test:66,1,deepfakes,jpeg40,3.245849609375,0.9625236874946087
tall_local_seed42,external,1,42,674,face2face_faces_c23/949_868,ffpp_test:66,1,face2face,jpeg40,2.19873046875,0.9001354486132822
tall_local_seed42,external,1,42,675,face2face_faces_c23/868_949,ffpp_test:66,1,face2face,jpeg40,3.5458984375,0.9719658820786174
tall_local_seed42,external,1,42,676,faceswap_faces_c23/949_868,ffpp_test:66,1,faceswap,jpeg40,-0.4150390625,0.3977044662136778
tall_local_seed42,external,1,42,677,faceswap_faces_c23/868_949,ffpp_test:66,1,faceswap,jpeg40,0.7322998046875,0.6753097458610059
tall_local_seed42,external,1,42,678,neuraltextures_faces_c23/949_868,ffpp_test:66,1,neuraltextures,jpeg40,1.426239013671875,0.8063146340488959
tall_local_seed42,external,1,42,679,neuraltextures_faces_c23/868_949,ffpp_test:66,1,neuraltextures,jpeg40,3.714599609375,0.9762143473025968
tall_local_seed42,external,1,42,680,original_faces_c23/880,ffpp_test:11,0,real,jpeg40,-3.3382568359375,0.034281821061998584
tall_local_seed42,external,1,42,681,original_faces_c23/135,ffpp_test:11,0,real,jpeg40,-3.5361328125,0.028301443675672232
tall_local_seed42,external,1,42,682,deepfakes_faces_c23/880_135,ffpp_test:11,1,deepfakes,jpeg40,3.438720703125,0.9688929817564079
tall_local_seed42,external,1,42,683,deepfakes_faces_c23/135_880,ffpp_test:11,1,deepfakes,jpeg40,2.809326171875,0.9431777171585302
tall_local_seed42,external,1,42,684,face2face_faces_c23/880_135,ffpp_test:11,1,face2face,jpeg40,-2.41357421875,0.08214343393586412
tall_local_seed42,external,1,42,685,face2face_faces_c23/135_880,ffpp_test:11,1,face2face,jpeg40,2.95263671875,0.9503879592824297
tall_local_seed42,external,1,42,686,faceswap_faces_c23/880_135,ffpp_test:11,1,faceswap,jpeg40,3.3212890625,0.9651519733407093
tall_local_seed42,external,1,42,687,faceswap_faces_c23/135_880,ffpp_test:11,1,faceswap,jpeg40,2.883544921875,0.9470269833341648
tall_local_seed42,external,1,42,688,neuraltextures_faces_c23/880_135,ffpp_test:11,1,neuraltextures,jpeg40,-0.050537109375,0.48736841096441325
tall_local_seed42,external,1,42,689,neuraltextures_faces_c23/135_880,ffpp_test:11,1,neuraltextures,jpeg40,2.6878662109375,0.9363068487155641
tall_local_seed42,external,1,42,690,original_faces_c23/429,ffpp_test:35,0,real,jpeg40,-3.647216796875,0.025401514037828872
tall_local_seed42,external,1,42,691,original_faces_c23/404,ffpp_test:35,0,real,jpeg40,-3.938232421875,0.01911030259363436
tall_local_seed42,external,1,42,692,deepfakes_faces_c23/429_404,ffpp_test:35,1,deepfakes,jpeg40,2.964111328125,0.9509262074015887
tall_local_seed42,external,1,42,693,deepfakes_faces_c23/404_429,ffpp_test:35,1,deepfakes,jpeg40,3.107421875,0.9571978541000363
tall_local_seed42,external,1,42,694,face2face_faces_c23/429_404,ffpp_test:35,1,face2face,jpeg40,1.42364501953125,0.8059092045769675
tall_local_seed42,external,1,42,695,face2face_faces_c23/404_429,ffpp_test:35,1,face2face,jpeg40,3.095458984375,0.9567050435042058
tall_local_seed42,external,1,42,696,faceswap_faces_c23/429_404,ffpp_test:35,1,faceswap,jpeg40,3.008544921875,0.9529586684073361
tall_local_seed42,external,1,42,697,faceswap_faces_c23/404_429,ffpp_test:35,1,faceswap,jpeg40,2.345947265625,0.9126115551012015
tall_local_seed42,external,1,42,698,neuraltextures_faces_c23/429_404,ffpp_test:35,1,neuraltextures,jpeg40,2.4356613159179688,0.9195065472701156
tall_local_seed42,external,1,42,699,neuraltextures_faces_c23/404_429,ffpp_test:35,1,neuraltextures,jpeg40,3.33837890625,0.9657222200385569
tall_local_seed42,external,1,42,0,original_faces_c23/953,ffpp_test:68,0,real,webp50,-3.495361328125,0.02944450355576619
tall_local_seed42,external,1,42,1,original_faces_c23/974,ffpp_test:68,0,real,webp50,-3.166259765625,0.04045535724291107
tall_local_seed42,external,1,42,2,deepfakes_faces_c23/953_974,ffpp_test:68,1,deepfakes,webp50,1.821197509765625,0.8607097566778372
tall_local_seed42,external,1,42,3,deepfakes_faces_c23/974_953,ffpp_test:68,1,deepfakes,webp50,3.07470703125,0.9558372941903521
tall_local_seed42,external,1,42,4,face2face_faces_c23/953_974,ffpp_test:68,1,face2face,webp50,2.96337890625,0.9508920172375511
tall_local_seed42,external,1,42,5,face2face_faces_c23/974_953,ffpp_test:68,1,face2face,webp50,2.982666015625,0.9517848633677345
tall_local_seed42,external,1,42,6,faceswap_faces_c23/953_974,ffpp_test:68,1,faceswap,webp50,-1.6729736328125,0.1580281189784904
tall_local_seed42,external,1,42,7,faceswap_faces_c23/974_953,ffpp_test:68,1,faceswap,webp50,2.849212646484375,0.9452779692072739
tall_local_seed42,external,1,42,8,neuraltextures_faces_c23/953_974,ffpp_test:68,1,neuraltextures,webp50,-3.31005859375,0.03522772774143863
tall_local_seed42,external,1,42,9,neuraltextures_faces_c23/974_953,ffpp_test:68,1,neuraltextures,webp50,-1.7808837890625,0.14419403834978284
tall_local_seed42,external,1,42,10,original_faces_c23/012,ffpp_test:1,0,real,webp50,0.6033935546875,0.6464323137378987
tall_local_seed42,external,1,42,11,original_faces_c23/026,ffpp_test:1,0,real,webp50,-3.544921875,0.02806073976570819
tall_local_seed42,external,1,42,12,deepfakes_faces_c23/012_026,ffpp_test:1,1,deepfakes,webp50,3.037109375,0.9542227274192233
tall_local_seed42,external,1,42,13,deepfakes_faces_c23/026_012,ffpp_test:1,1,deepfakes,webp50,3.021240234375,0.9535245180310084
tall_local_seed42,external,1,42,14,face2face_faces_c23/012_026,ffpp_test:1,1,face2face,webp50,2.963623046875,0.9509034164682
tall_local_seed42,external,1,42,15,face2face_faces_c23/026_012,ffpp_test:1,1,face2face,webp50,0.605712890625,0.6469622353286097
tall_local_seed42,external,1,42,16,faceswap_faces_c23/012_026,ffpp_test:1,1,faceswap,webp50,2.958251953125,0.9506520528405119
tall_local_seed42,external,1,42,17,faceswap_faces_c23/026_012,ffpp_test:1,1,faceswap,webp50,3.0712890625,0.9556927886544405
tall_local_seed42,external,1,42,18,neuraltextures_faces_c23/012_026,ffpp_test:1,1,neuraltextures,webp50,2.97705078125,0.9515265231082203
tall_local_seed42,external,1,42,19,neuraltextures_faces_c23/026_012,ffpp_test:1,1,neuraltextures,webp50,0.072265625,0.5180585479734231
tall_local_seed42,external,1,42,20,original_faces_c23/078,ffpp_test:8,0,real,webp50,-4.058837890625,0.016975917602580052
tall_local_seed42,external,1,42,21,original_faces_c23/955,ffpp_test:8,0,real,webp50,-1.03094482421875,0.26290097129114287
tall_local_seed42,external,1,42,22,deepfakes_faces_c23/078_955,ffpp_test:8,1,deepfakes,webp50,2.946044921875,0.9500762271748597
tall_local_seed42,external,1,42,23,deepfakes_faces_c23/955_078,ffpp_test:8,1,deepfakes,webp50,1.1356201171875,0.7568745799395027
tall_local_seed42,external,1,42,24,face2face_faces_c23/078_955,ffpp_test:8,1,face2face,webp50,0.079833984375,0.519947902447395
tall_local_seed42,external,1,42,25,face2face_faces_c23/955_078,ffpp_test:8,1,face2face,webp50,3.70556640625,0.9760036925208301
tall_local_seed42,external,1,42,26,faceswap_faces_c23/078_955,ffpp_test:8,1,faceswap,webp50,2.998046875,0.9524858131235034
tall_local_seed42,external,1,42,27,faceswap_faces_c23/955_078,ffpp_test:8,1,faceswap,webp50,3.137939453125,0.9584308636589087
tall_local_seed42,external,1,42,28,neuraltextures_faces_c23/078_955,ffpp_test:8,1,neuraltextures,webp50,-3.578369140625,0.027162779383950987
tall_local_seed42,external,1,42,29,neuraltextures_faces_c23/955_078,ffpp_test:8,1,neuraltextures,webp50,3.0908203125,0.9565124998213151
tall_local_seed42,external,1,42,30,original_faces_c23/623,ffpp_test:51,0,real,webp50,-3.631591796875,0.025791212790047834
tall_local_seed42,external,1,42,31,original_faces_c23/630,ffpp_test:51,0,real,webp50,0.3721923828125,0.591988628999293
tall_local_seed42,external,1,42,32,deepfakes_faces_c23/623_630,ffpp_test:51,1,deepfakes,webp50,2.938720703125,0.9497276818945238
tall_local_seed42,external,1,42,33,deepfakes_faces_c23/630_623,ffpp_test:51,1,deepfakes,webp50,3.1494140625,0.9588856280210986
tall_local_seed42,external,1,42,34,face2face_faces_c23/623_630,ffpp_test:51,1,face2face,webp50,2.8438720703125,0.945001056540905
tall_local_seed42,external,1,42,35,face2face_faces_c23/630_623,ffpp_test:51,1,face2face,webp50,2.96923828125,0.9511649071496306
tall_local_seed42,external,1,42,36,faceswap_faces_c23/623_630,ffpp_test:51,1,faceswap,webp50,2.964111328125,0.9509262074015887
tall_local_seed42,external,1,42,37,faceswap_faces_c23/630_623,ffpp_test:51,1,faceswap,webp50,2.928466796875,0.9492358452377972
tall_local_seed42,external,1,42,38,neuraltextures_faces_c23/623_630,ffpp_test:51,1,neuraltextures,webp50,3.610595703125,0.9736759532050209
tall_local_seed42,external,1,42,39,neuraltextures_faces_c23/630_623,ffpp_test:51,1,neuraltextures,webp50,3.17138671875,0.9597431962819284
tall_local_seed42,external,1,42,40,original_faces_c23/919,ffpp_test:2,0,real,webp50,-4.12548828125,0.015898750267025155
tall_local_seed42,external,1,42,41,original_faces_c23/015,ffpp_test:2,0,real,webp50,-0.682373046875,0.3357318690852791
tall_local_seed42,external,1,42,42,deepfakes_faces_c23/919_015,ffpp_test:2,1,deepfakes,webp50,3.01025390625,0.9530352202415573
tall_local_seed42,external,1,42,43,deepfakes_faces_c23/015_919,ffpp_test:2,1,deepfakes,webp50,-0.55047607421875,0.3657539631866963
tall_local_seed42,external,1,42,44,face2face_faces_c23/919_015,ffpp_test:2,1,face2face,webp50,1.59307861328125,0.8310488016216683
tall_local_seed42,external,1,42,45,face2face_faces_c23/015_919,ffpp_test:2,1,face2face,webp50,2.4071044921875,0.9173674547043799
tall_local_seed42,external,1,42,46,faceswap_faces_c23/919_015,ffpp_test:2,1,faceswap,webp50,1.9344482421875,0.8737409560786797
tall_local_seed42,external,1,42,47,faceswap_faces_c23/015_919,ffpp_test:2,1,faceswap,webp50,3.12158203125,0.9577742561778455
tall_local_seed42,external,1,42,48,neuraltextures_faces_c23/919_015,ffpp_test:2,1,neuraltextures,webp50,-0.729705810546875,0.3252592885878224
tall_local_seed42,external,1,42,49,neuraltextures_faces_c23/015_919,ffpp_test:2,1,neuraltextures,webp50,2.966064453125,0.9510172708347301
tall_local_seed42,external,1,42,50,original_faces_c23/367,ffpp_test:30,0,real,webp50,0.44891357421875,0.6103808954582349
tall_local_seed42,external,1,42,51,original_faces_c23/371,ffpp_test:30,0,real,webp50,-3.60302734375,0.026518729102553634
tall_local_seed42,external,1,42,52,deepfakes_faces_c23/367_371,ffpp_test:30,1,deepfakes,webp50,3.43701171875,0.9688414327459068
tall_local_seed42,external,1,42,53,deepfakes_faces_c23/371_367,ffpp_test:30,1,deepfakes,webp50,2.98681640625,0.9519749698697091
tall_local_seed42,external,1,42,54,face2face_faces_c23/367_371,ffpp_test:30,1,face2face,webp50,3.267822265625,0.9633082763584399
tall_local_seed42,external,1,42,55,face2face_faces_c23/371_367,ffpp_test:30,1,face2face,webp50,2.8115234375,0.9432953617308394
tall_local_seed42,external,1,42,56,faceswap_faces_c23/367_371,ffpp_test:30,1,faceswap,webp50,2.897216796875,0.9477086816422238
tall_local_seed42,external,1,42,57,faceswap_faces_c23/371_367,ffpp_test:30,1,faceswap,webp50,2.058349609375,0.8867885853762737
tall_local_seed42,external,1,42,58,neuraltextures_faces_c23/367_371,ffpp_test:30,1,neuraltextures,webp50,3.397216796875,0.9676174400187341
tall_local_seed42,external,1,42,59,neuraltextures_faces_c23/371_367,ffpp_test:30,1,neuraltextures,webp50,2.1429443359375,0.8950076087075524
tall_local_seed42,external,1,42,60,original_faces_c23/847,ffpp_test:65,0,real,webp50,-2.701904296875,0.0628610813266687
tall_local_seed42,external,1,42,61,original_faces_c23/906,ffpp_test:65,0,real,webp50,-1.4139404296875,0.1956132910016243
tall_local_seed42,external,1,42,62,deepfakes_faces_c23/847_906,ffpp_test:65,1,deepfakes,webp50,2.935791015625,0.9495876194886138
tall_local_seed42,external,1,42,63,deepfakes_faces_c23/906_847,ffpp_test:65,1,deepfakes,webp50,2.9296875,0.9492946352021694
tall_local_seed42,external,1,42,64,face2face_faces_c23/847_906,ffpp_test:65,1,face2face,webp50,-3.11962890625,0.042304804191910066
tall_local_seed42,external,1,42,65,face2face_faces_c23/906_847,ffpp_test:65,1,face2face,webp50,1.288330078125,0.78386440345777
tall_local_seed42,external,1,42,66,faceswap_faces_c23/847_906,ffpp_test:65,1,faceswap,webp50,2.901123046875,0.9479019252228825
tall_local_seed42,external,1,42,67,faceswap_faces_c23/906_847,ffpp_test:65,1,faceswap,webp50,2.934326171875,0.9495174497943812
tall_local_seed42,external,1,42,68,neuraltextures_faces_c23/847_906,ffpp_test:65,1,neuraltextures,webp50,-2.2786865234375,0.09290358390981317
tall_local_seed42,external,1,42,69,neuraltextures_faces_c23/906_847,ffpp_test:65,1,neuraltextures,webp50,2.8260498046875,0.9440673808436277
tall_local_seed42,external,1,42,70,original_faces_c23/529,ffpp_test:46,0,real,webp50,-3.75537109375,0.022857100457730293
tall_local_seed42,external,1,42,71,original_faces_c23/633,ffpp_test:46,0,real,webp50,-1.547821044921875,0.17540119980893984
tall_local_seed42,external,1,42,72,deepfakes_faces_c23/529_633,ffpp_test:46,1,deepfakes,webp50,2.98779296875,0.9520195972647422
tall_local_seed42,external,1,42,73,deepfakes_faces_c23/633_529,ffpp_test:46,1,deepfakes,webp50,3.059326171875,0.9551834605498799
tall_local_seed42,external,1,42,74,face2face_faces_c23/529_633,ffpp_test:46,1,face2face,webp50,2.273681640625,0.906673781840964
tall_local_seed42,external,1,42,75,face2face_faces_c23/633_529,ffpp_test:46,1,face2face,webp50,1.65325927734375,0.8393310646619211
tall_local_seed42,external,1,42,76,faceswap_faces_c23/529_633,ffpp_test:46,1,faceswap,webp50,2.894775390625,0.9475875606982829
tall_local_seed42,external,1,42,77,faceswap_faces_c23/633_529,ffpp_test:46,1,faceswap,webp50,3.092041015625,0.9565632483137755
tall_local_seed42,external,1,42,78,neuraltextures_faces_c23/529_633,ffpp_test:46,1,neuraltextures,webp50,-0.002384185791015625,0.49940395383459024
tall_local_seed42,external,1,42,79,neuraltextures_faces_c23/633_529,ffpp_test:46,1,neuraltextures,webp50,0.5187149047851562,0.626847219004123
tall_local_seed42,external,1,42,80,original_faces_c23/418,ffpp_test:36,0,real,webp50,-2.193603515625,0.10032636791674292
tall_local_seed42,external,1,42,81,original_faces_c23/507,ffpp_test:36,0,real,webp50,-1.60546875,0.16721866883101164
tall_local_seed42,external,1,42,82,deepfakes_faces_c23/418_507,ffpp_test:36,1,deepfakes,webp50,2.9677734375,0.9510968198397916
tall_local_seed42,external,1,42,83,deepfakes_faces_c23/507_418,ffpp_test:36,1,deepfakes,webp50,3.182373046875,0.9601655287781702
tall_local_seed42,external,1,42,84,face2face_faces_c23/418_507,ffpp_test:36,1,face2face,webp50,3.091552734375,0.9565429557042425
tall_local_seed42,external,1,42,85,face2face_faces_c23/507_418,ffpp_test:36,1,face2face,webp50,2.210662841796875,0.9012029594235346
tall_local_seed42,external,1,42,86,faceswap_faces_c23/418_507,ffpp_test:36,1,faceswap,webp50,3.02734375,0.9537942509646805
tall_local_seed42,external,1,42,87,faceswap_faces_c23/507_418,ffpp_test:36,1,faceswap,webp50,2.8807373046875,0.9468859570436555
tall_local_seed42,external,1,42,88,neuraltextures_faces_c23/418_507,ffpp_test:36,1,neuraltextures,webp50,0.0561370849609375,0.5140305868001885
tall_local_seed42,external,1,42,89,neuraltextures_faces_c23/507_418,ffpp_test:36,1,neuraltextures,webp50,0.893798828125,0.7096734947984515
tall_local_seed42,external,1,42,90,original_faces_c23/227,ffpp_test:16,0,real,webp50,-2.51702880859375,0.07467298610755232
tall_local_seed42,external,1,42,91,original_faces_c23/169,ffpp_test:16,0,real,webp50,-0.9652099609375,0.2758362874257847
tall_local_seed42,external,1,42,92,deepfakes_faces_c23/227_169,ffpp_test:16,1,deepfakes,webp50,2.930419921875,0.9493298782398548
tall_local_seed42,external,1,42,93,deepfakes_faces_c23/169_227,ffpp_test:16,1,deepfakes,webp50,3.172607421875,0.9597903331445085
tall_local_seed42,external,1,42,94,face2face_faces_c23/227_169,ffpp_test:16,1,face2face,webp50,-1.767578125,0.14584377135587895
tall_local_seed42,external,1,42,95,face2face_faces_c23/169_227,ffpp_test:16,1,face2face,webp50,3.00244140625,0.952684299615306
tall_local_seed42,external,1,42,96,faceswap_faces_c23/227_169,ffpp_test:16,1,faceswap,webp50,3.0029296875,0.9527063049680933
tall_local_seed42,external,1,42,97,faceswap_faces_c23/169_227,ffpp_test:16,1,faceswap,webp50,2.156494140625,0.8962740723167857
tall_local_seed42,external,1,42,98,neuraltextures_faces_c23/227_169,ffpp_test:16,1,neuraltextures,webp50,-1.6173095703125,0.16557624761592307
tall_local_seed42,external,1,42,99,neuraltextures_faces_c23/169_227,ffpp_test:16,1,neuraltextures,webp50,3.1171875,0.9575961713681533
tall_local_seed42,external,1,42,100,original_faces_c23/389,ffpp_test:33,0,real,webp50,-2.741455078125,0.060571053208091565
tall_local_seed42,external,1,42,101,original_faces_c23/480,ffpp_test:33,0,real,webp50,-1.8729400634765625,0.13320189906985572
tall_local_seed42,external,1,42,102,deepfakes_faces_c23/389_480,ffpp_test:33,1,deepfakes,webp50,2.451904296875,0.92070059688325
tall_local_seed42,external,1,42,103,deepfakes_faces_c23/480_389,ffpp_test:33,1,deepfakes,webp50,3.303955078125,0.9645642442141398
tall_local_seed42,external,1,42,104,face2face_faces_c23/389_480,ffpp_test:33,1,face2face,webp50,-2.58489990234375,0.07011658233252516
tall_local_seed42,external,1,42,105,face2face_faces_c23/480_389,ffpp_test:33,1,face2face,webp50,2.5804443359375,0.9295923566270375
tall_local_seed42,external,1,42,106,faceswap_faces_c23/389_480,ffpp_test:33,1,faceswap,webp50,2.0185699462890625,0.8827330575361568
tall_local_seed42,external,1,42,107,faceswap_faces_c23/480_389,ffpp_test:33,1,faceswap,webp50,2.628631591796875,0.9326816826201659
tall_local_seed42,external,1,42,108,neuraltextures_faces_c23/389_480,ffpp_test:33,1,neuraltextures,webp50,-3.382568359375,0.032844710498141375
tall_local_seed42,external,1,42,109,neuraltextures_faces_c23/480_389,ffpp_test:33,1,neuraltextures,webp50,2.5723876953125,0.9290632176926803
tall_local_seed42,external,1,42,110,original_faces_c23/821,ffpp_test:64,0,real,webp50,-2.9296875,0.050705364797830506
tall_local_seed42,external,1,42,111,original_faces_c23/812,ffpp_test:64,0,real,webp50,-2.52667236328125,0.07400937313282227
tall_local_seed42,external,1,42,112,deepfakes_faces_c23/821_812,ffpp_test:64,1,deepfakes,webp50,2.976318359375,0.9514927298547406
tall_local_seed42,external,1,42,113,deepfakes_faces_c23/812_821,ffpp_test:64,1,deepfakes,webp50,3.1015625,0.9569571506599678
tall_local_seed42,external,1,42,114,face2face_faces_c23/821_812,ffpp_test:64,1,face2face,webp50,2.448486328125,0.9204506884298066
tall_local_seed42,external,1,42,115,face2face_faces_c23/812_821,ffpp_test:64,1,face2face,webp50,2.970458984375,0.9512215778685663
tall_local_seed42,external,1,42,116,faceswap_faces_c23/821_812,ffpp_test:64,1,faceswap,webp50,2.56005859375,0.9282463604741036
tall_local_seed42,external,1,42,117,faceswap_faces_c23/812_821,ffpp_test:64,1,faceswap,webp50,2.662567138671875,0.9347813474377991
tall_local_seed42,external,1,42,118,neuraltextures_faces_c23/821_812,ffpp_test:64,1,neuraltextures,webp50,0.94390869140625,0.7198885182871844
tall_local_seed42,external,1,42,119,neuraltextures_faces_c23/812_821,ffpp_test:64,1,neuraltextures,webp50,2.66162109375,0.934723647910103
tall_local_seed42,external,1,42,120,original_faces_c23/670,ffpp_test:54,0,real,webp50,-3.6484375,0.025371311474402143
tall_local_seed42,external,1,42,121,original_faces_c23/661,ffpp_test:54,0,real,webp50,-2.045654296875,0.1144922274231568
tall_local_seed42,external,1,42,122,deepfakes_faces_c23/670_661,ffpp_test:54,1,deepfakes,webp50,2.921875,0.9489172630429474
tall_local_seed42,external,1,42,123,deepfakes_faces_c23/661_670,ffpp_test:54,1,deepfakes,webp50,2.928955078125,0.9492593689617701
tall_local_seed42,external,1,42,124,face2face_faces_c23/670_661,ffpp_test:54,1,face2face,webp50,3.278076171875,0.9636689883951464
tall_local_seed42,external,1,42,125,face2face_faces_c23/661_670,ffpp_test:54,1,face2face,webp50,3.034423828125,0.9541052749267376
tall_local_seed42,external,1,42,126,faceswap_faces_c23/670_661,ffpp_test:54,1,faceswap,webp50,2.860595703125,0.9458638108755739
tall_local_seed42,external,1,42,127,faceswap_faces_c23/661_670,ffpp_test:54,1,faceswap,webp50,2.8642578125,0.9460510249857608
tall_local_seed42,external,1,42,128,neuraltextures_faces_c23/670_661,ffpp_test:54,1,neuraltextures,webp50,3.6142578125,0.9737696544211357
tall_local_seed42,external,1,42,129,neuraltextures_faces_c23/661_670,ffpp_test:54,1,neuraltextures,webp50,2.802734375,0.9428234058401229
tall_local_seed42,external,1,42,130,original_faces_c23/158,ffpp_test:15,0,real,webp50,-1.4800567626953125,0.18541884577633044
tall_local_seed42,external,1,42,131,original_faces_c23/379,ffpp_test:15,0,real,webp50,-3.614501953125,0.026224110383459884
tall_local_seed42,external,1,42,132,deepfakes_faces_c23/158_379,ffpp_test:15,1,deepfakes,webp50,0.700927734375,0.6683934307177102
tall_local_seed42,external,1,42,133,deepfakes_faces_c23/379_158,ffpp_test:15,1,deepfakes,webp50,2.7122802734375,0.9377473975840117
tall_local_seed42,external,1,42,134,face2face_faces_c23/158_379,ffpp_test:15,1,face2face,webp50,3.0068359375,0.9528819979638882
tall_local_seed42,external,1,42,135,face2face_faces_c23/379_158,ffpp_test:15,1,face2face,webp50,1.451904296875,0.8102913341267074
tall_local_seed42,external,1,42,136,faceswap_faces_c23/158_379,ffpp_test:15,1,faceswap,webp50,1.281219482421875,0.7826572878094341
tall_local_seed42,external,1,42,137,faceswap_faces_c23/379_158,ffpp_test:15,1,faceswap,webp50,3.07275390625,0.9557547747308961
tall_local_seed42,external,1,42,138,neuraltextures_faces_c23/158_379,ffpp_test:15,1,neuraltextures,webp50,3.036376953125,0.9541907233306537
tall_local_seed42,external,1,42,139,neuraltextures_faces_c23/379_158,ffpp_test:15,1,neuraltextures,webp50,-2.112060546875,0.10793011449033911
tall_local_seed42,external,1,42,140,original_faces_c23/423,ffpp_test:37,0,real,webp50,-2.119384765625,0.10722695223237036
tall_local_seed42,external,1,42,141,original_faces_c23/421,ffpp_test:37,0,real,webp50,-1.168426513671875,0.23713951707698627
tall_local_seed42,external,1,42,142,deepfakes_faces_c23/423_421,ffpp_test:37,1,deepfakes,webp50,2.936279296875,0.9496109888562276
tall_local_seed42,external,1,42,143,deepfakes_faces_c23/421_423,ffpp_test:37,1,deepfakes,webp50,2.93701171875,0.949646023673993
tall_local_seed42,external,1,42,144,face2face_faces_c23/423_421,ffpp_test:37,1,face2face,webp50,2.617431640625,0.9319750592769105
tall_local_seed42,external,1,42,145,face2face_faces_c23/421_423,ffpp_test:37,1,face2face,webp50,3.095947265625,0.9567252638497534
tall_local_seed42,external,1,42,146,faceswap_faces_c23/423_421,ffpp_test:37,1,faceswap,webp50,1.8060302734375,0.85888141213013
tall_local_seed42,external,1,42,147,faceswap_faces_c23/421_423,ffpp_test:37,1,faceswap,webp50,3.07666015625,0.9559196668452156
tall_local_seed42,external,1,42,148,neuraltextures_faces_c23/423_421,ffpp_test:37,1,neuraltextures,webp50,-3.0888671875,0.04356881550238331
tall_local_seed42,external,1,42,149,neuraltextures_faces_c23/421_423,ffpp_test:37,1,neuraltextures,webp50,3.106689453125,0.9571678366359535
tall_local_seed42,external,1,42,150,original_faces_c23/352,ffpp_test:28,0,real,webp50,-2.6497802734375,0.06600255351082587
tall_local_seed42,external,1,42,151,original_faces_c23/319,ffpp_test:28,0,real,webp50,-4.28466796875,0.01359093696611124
tall_local_seed42,external,1,42,152,deepfakes_faces_c23/352_319,ffpp_test:28,1,deepfakes,webp50,1.88134765625,0.867765844357841
tall_local_seed42,external,1,42,153,deepfakes_faces_c23/319_352,ffpp_test:28,1,deepfakes,webp50,2.847900390625,0.9452100497759164
tall_local_seed42,external,1,42,154,face2face_faces_c23/352_319,ffpp_test:28,1,face2face,webp50,2.698486328125,0.9369372665207736
tall_local_seed42,external,1,42,155,face2face_faces_c23/319_352,ffpp_test:28,1,face2face,webp50,-1.938568115234375,0.12580524839224339
tall_local_seed42,external,1,42,156,faceswap_faces_c23/352_319,ffpp_test:28,1,faceswap,webp50,2.870361328125,0.94636169241478
tall_local_seed42,external,1,42,157,faceswap_faces_c23/319_352,ffpp_test:28,1,faceswap,webp50,-1.34942626953125,0.20596418553976964
tall_local_seed42,external,1,42,158,neuraltextures_faces_c23/352_319,ffpp_test:28,1,neuraltextures,webp50,2.9654541015625,0.9509888307426068
tall_local_seed42,external,1,42,159,neuraltextures_faces_c23/319_352,ffpp_test:28,1,neuraltextures,webp50,0.791961669921875,0.6882523838766887
tall_local_seed42,external,1,42,160,original_faces_c23/579,ffpp_test:48,0,real,webp50,-2.749267578125,0.06012802794115962
tall_local_seed42,external,1,42,161,original_faces_c23/701,ffpp_test:48,0,real,webp50,-3.048828125,0.04526809364320459
tall_local_seed42,external,1,42,162,deepfakes_faces_c23/579_701,ffpp_test:48,1,deepfakes,webp50,2.086944580078125,0.8896277703081712
tall_local_seed42,external,1,42,163,deepfakes_faces_c23/701_579,ffpp_test:48,1,deepfakes,webp50,0.96795654296875,0.7247120061449347
tall_local_seed42,external,1,42,164,face2face_faces_c23/579_701,ffpp_test:48,1,face2face,webp50,2.92138671875,0.9488935892550808
tall_local_seed42,external,1,42,165,face2face_faces_c23/701_579,ffpp_test:48,1,face2face,webp50,-2.3331298828125,0.08841607367572511
tall_local_seed42,external,1,42,166,faceswap_faces_c23/579_701,ffpp_test:48,1,faceswap,webp50,1.606201171875,0.832883300880257
tall_local_seed42,external,1,42,167,faceswap_faces_c23/701_579,ffpp_test:48,1,faceswap,webp50,-0.026885986328125,0.4932789082783604
tall_local_seed42,external,1,42,168,neuraltextures_faces_c23/579_701,ffpp_test:48,1,neuraltextures,webp50,1.241943359375,0.7759021029369368
tall_local_seed42,external,1,42,169,neuraltextures_faces_c23/701_579,ffpp_test:48,1,neuraltextures,webp50,-3.162109375,0.040616777743879826
tall_local_seed42,external,1,42,170,original_faces_c23/488,ffpp_test:34,0,real,webp50,-1.3944931030273438,0.1986914272200659
tall_local_seed42,external,1,42,171,original_faces_c23/399,ffpp_test:34,0,real,webp50,-0.994049072265625,0.2701130523264833
tall_local_seed42,external,1,42,172,deepfakes_faces_c23/488_399,ffpp_test:34,1,deepfakes,webp50,2.91015625,0.9483462190807312
tall_local_seed42,external,1,42,173,deepfakes_faces_c23/399_488,ffpp_test:34,1,deepfakes,webp50,2.95068359375,0.9502957870472807
tall_local_seed42,external,1,42,174,face2face_faces_c23/488_399,ffpp_test:34,1,face2face,webp50,2.875,0.9465966702001757
tall_local_seed42,external,1,42,175,face2face_faces_c23/399_488,ffpp_test:34,1,face2face,webp50,2.88818359375,0.9472592090493989
tall_local_seed42,external,1,42,176,faceswap_faces_c23/488_399,ffpp_test:34,1,faceswap,webp50,3.033935546875,0.9540838891309289
tall_local_seed42,external,1,42,177,faceswap_faces_c23/399_488,ffpp_test:34,1,faceswap,webp50,2.940185546875,0.9497975748205331
tall_local_seed42,external,1,42,178,neuraltextures_faces_c23/488_399,ffpp_test:34,1,neuraltextures,webp50,3.2158203125,0.9614253023274949
tall_local_seed42,external,1,42,179,neuraltextures_faces_c23/399_488,ffpp_test:34,1,neuraltextures,webp50,0.5682373046875,0.638356342999932
tall_local_seed42,external,1,42,180,original_faces_c23/695,ffpp_test:38,0,real,webp50,-3.36669921875,0.033352562826453
tall_local_seed42,external,1,42,181,original_faces_c23/422,ffpp_test:38,0,real,webp50,-2.745849609375,0.06032147706303701
tall_local_seed42,external,1,42,182,deepfakes_faces_c23/695_422,ffpp_test:38,1,deepfakes,webp50,0.37139892578125,0.5917969649224555
tall_local_seed42,external,1,42,183,deepfakes_faces_c23/422_695,ffpp_test:38,1,deepfakes,webp50,2.896240234375,0.9476602650318928
tall_local_seed42,external,1,42,184,face2face_faces_c23/695_422,ffpp_test:38,1,face2face,webp50,-0.651611328125,0.34262652013625805
tall_local_seed42,external,1,42,185,face2face_faces_c23/422_695,ffpp_test:38,1,face2face,webp50,2.89794921875,0.9477449663266958
tall_local_seed42,external,1,42,186,faceswap_faces_c23/695_422,ffpp_test:38,1,faceswap,webp50,0.6626663208007812,0.6598590858487389
tall_local_seed42,external,1,42,187,faceswap_faces_c23/422_695,ffpp_test:38,1,faceswap,webp50,2.694732666015625,0.9367151142033254
tall_local_seed42,external,1,42,188,neuraltextures_faces_c23/695_422,ffpp_test:38,1,neuraltextures,webp50,-2.504638671875,0.07553363100043005
tall_local_seed42,external,1,42,189,neuraltextures_faces_c23/422_695,ffpp_test:38,1,neuraltextures,webp50,-2.3424072265625,0.08767118173578171
tall_local_seed42,external,1,42,190,original_faces_c23/288,ffpp_test:25,0,real,webp50,-1.61260986328125,0.1662265836141492
tall_local_seed42,external,1,42,191,original_faces_c23/321,ffpp_test:25,0,real,webp50,-2.77813720703125,0.05851709775099039
tall_local_seed42,external,1,42,192,deepfakes_faces_c23/288_321,ffpp_test:25,1,deepfakes,webp50,3.043701171875,0.9545098078048629
tall_local_seed42,external,1,42,193,deepfakes_faces_c23/321_288,ffpp_test:25,1,deepfakes,webp50,2.929931640625,0.9493063854588132
tall_local_seed42,external,1,42,194,face2face_faces_c23/288_321,ffpp_test:25,1,face2face,webp50,2.931884765625,0.9494002947608681
tall_local_seed42,external,1,42,195,face2face_faces_c23/321_288,ffpp_test:25,1,face2face,webp50,2.84197998046875,0.9449026341099003
tall_local_seed42,external,1,42,196,faceswap_faces_c23/288_321,ffpp_test:25,1,faceswap,webp50,2.9248046875,0.949059088009669
tall_local_seed42,external,1,42,197,faceswap_faces_c23/321_288,ffpp_test:25,1,faceswap,webp50,2.90625,0.94815453335022
tall_local_seed42,external,1,42,198,neuraltextures_faces_c23/288_321,ffpp_test:25,1,neuraltextures,webp50,1.9425048828125,0.8746270731468498
tall_local_seed42,external,1,42,199,neuraltextures_faces_c23/321_288,ffpp_test:25,1,neuraltextures,webp50,0.266510009765625,0.566235917654155
tall_local_seed42,external,1,42,200,original_faces_c23/705,ffpp_test:57,0,real,webp50,-3.32275390625,0.034798792185402265
tall_local_seed42,external,1,42,201,original_faces_c23/707,ffpp_test:57,0,real,webp50,-3.317626953125,0.0349714067662665
tall_local_seed42,external,1,42,202,deepfakes_faces_c23/705_707,ffpp_test:57,1,deepfakes,webp50,2.955322265625,0.9505144316111334
tall_local_seed42,external,1,42,203,deepfakes_faces_c23/707_705,ffpp_test:57,1,deepfakes,webp50,3.24658203125,0.9625500983500151
tall_local_seed42,external,1,42,204,face2face_faces_c23/705_707,ffpp_test:57,1,face2face,webp50,2.824188232421875,0.9439690007827003
tall_local_seed42,external,1,42,205,face2face_faces_c23/707_705,ffpp_test:57,1,face2face,webp50,2.137115478515625,0.8944586143944606
tall_local_seed42,external,1,42,206,faceswap_faces_c23/705_707,ffpp_test:57,1,faceswap,webp50,2.993896484375,0.9522976274599229
tall_local_seed42,external,1,42,207,faceswap_faces_c23/707_705,ffpp_test:57,1,faceswap,webp50,2.29296875,0.9082930373547222
tall_local_seed42,external,1,42,208,neuraltextures_faces_c23/705_707,ffpp_test:57,1,neuraltextures,webp50,2.071319580078125,0.8880841825678191
tall_local_seed42,external,1,42,209,neuraltextures_faces_c23/707_705,ffpp_test:57,1,neuraltextures,webp50,0.32049560546875,0.5794450302486329
tall_local_seed42,external,1,42,210,original_faces_c23/306,ffpp_test:24,0,real,webp50,2.40087890625,0.9168942999527349
tall_local_seed42,external,1,42,211,original_faces_c23/278,ffpp_test:24,0,real,webp50,1.70361328125,0.8460060612427243
tall_local_seed42,external,1,42,212,deepfakes_faces_c23/306_278,ffpp_test:24,1,deepfakes,webp50,3.079345703125,0.9560326899723773
tall_local_seed42,external,1,42,213,deepfakes_faces_c23/278_306,ffpp_test:24,1,deepfakes,webp50,2.955810546875,0.950537393721101
tall_local_seed42,external,1,42,214,face2face_faces_c23/306_278,ffpp_test:24,1,face2face,webp50,2.943115234375,0.9499370846538561
tall_local_seed42,external,1,42,215,face2face_faces_c23/278_306,ffpp_test:24,1,face2face,webp50,2.9482421875,0.9501803435306557
tall_local_seed42,external,1,42,216,faceswap_faces_c23/306_278,ffpp_test:24,1,faceswap,webp50,2.8818359375,0.9469411833996276
tall_local_seed42,external,1,42,217,faceswap_faces_c23/278_306,ffpp_test:24,1,faceswap,webp50,3.009765625,0.9530133603823691
tall_local_seed42,external,1,42,218,neuraltextures_faces_c23/306_278,ffpp_test:24,1,neuraltextures,webp50,3.082763671875,0.9561761377729258
tall_local_seed42,external,1,42,219,neuraltextures_faces_c23/278_306,ffpp_test:24,1,neuraltextures,webp50,2.993896484375,0.9522976274599229
tall_local_seed42,external,1,42,220,original_faces_c23/865,ffpp_test:61,0,real,webp50,-2.693359375,0.06336634320336171
tall_local_seed42,external,1,42,221,original_faces_c23/739,ffpp_test:61,0,real,webp50,-3.26318359375,0.036856032371936215
tall_local_seed42,external,1,42,222,deepfakes_faces_c23/865_739,ffpp_test:61,1,deepfakes,webp50,2.980224609375,0.9516727025108254
tall_local_seed42,external,1,42,223,deepfakes_faces_c23/739_865,ffpp_test:61,1,deepfakes,webp50,2.786376953125,0.9419352054146196
tall_local_seed42,external,1,42,224,face2face_faces_c23/865_739,ffpp_test:61,1,face2face,webp50,1.834228515625,0.8622646932077023
tall_local_seed42,external,1,42,225,face2face_faces_c23/739_865,ffpp_test:61,1,face2face,webp50,0.80078125,0.6901415732701115
tall_local_seed42,external,1,42,226,faceswap_faces_c23/865_739,ffpp_test:61,1,faceswap,webp50,2.9404296875,0.9498092146901288
tall_local_seed42,external,1,42,227,faceswap_faces_c23/739_865,ffpp_test:61,1,faceswap,webp50,2.75341796875,0.9401060938657798
tall_local_seed42,external,1,42,228,neuraltextures_faces_c23/865_739,ffpp_test:61,1,neuraltextures,webp50,1.9793701171875,0.8786140002191632
tall_local_seed42,external,1,42,229,neuraltextures_faces_c23/739_865,ffpp_test:61,1,neuraltextures,webp50,-3.4677734375,0.03024321510694609
tall_local_seed42,external,1,42,230,original_faces_c23/995,ffpp_test:21,0,real,webp50,-2.828369140625,0.0558102746300287
tall_local_seed42,external,1,42,231,original_faces_c23/233,ffpp_test:21,0,real,webp50,-3.624267578125,0.025975881870520922
tall_local_seed42,external,1,42,232,deepfakes_faces_c23/995_233,ffpp_test:21,1,deepfakes,webp50,2.922119140625,0.9489290960455505
tall_local_seed42,external,1,42,233,deepfakes_faces_c23/233_995,ffpp_test:21,1,deepfakes,webp50,0.68994140625,0.6659538921536285
tall_local_seed42,external,1,42,234,face2face_faces_c23/995_233,ffpp_test:21,1,face2face,webp50,2.709381103515625,0.9375779371713203
tall_local_seed42,external,1,42,235,face2face_faces_c23/233_995,ffpp_test:21,1,face2face,webp50,-2.81463623046875,0.05653836696399811
tall_local_seed42,external,1,42,236,faceswap_faces_c23/995_233,ffpp_test:21,1,faceswap,webp50,3.032958984375,0.9540410890792076
tall_local_seed42,external,1,42,237,faceswap_faces_c23/233_995,ffpp_test:21,1,faceswap,webp50,2.17596435546875,0.8980702418841817
tall_local_seed42,external,1,42,238,neuraltextures_faces_c23/995_233,ffpp_test:21,1,neuraltextures,webp50,3.31201171875,0.9648385923765173
tall_local_seed42,external,1,42,239,neuraltextures_faces_c23/233_995,ffpp_test:21,1,neuraltextures,webp50,-3.40478515625,0.032146250988372524
tall_local_seed42,external,1,42,240,original_faces_c23/755,ffpp_test:62,0,real,webp50,-4.010986328125,0.017793185788955227
tall_local_seed42,external,1,42,241,original_faces_c23/759,ffpp_test:62,0,real,webp50,0.2783203125,0.5691343781572562
tall_local_seed42,external,1,42,242,deepfakes_faces_c23/755_759,ffpp_test:62,1,deepfakes,webp50,3.1259765625,0.9579516259196036
tall_local_seed42,external,1,42,243,deepfakes_faces_c23/759_755,ffpp_test:62,1,deepfakes,webp50,3.100341796875,0.9569068416433566
tall_local_seed42,external,1,42,244,face2face_faces_c23/755_759,ffpp_test:62,1,face2face,webp50,1.777191162109375,0.855349684699524
tall_local_seed42,external,1,42,245,face2face_faces_c23/759_755,ffpp_test:62,1,face2face,webp50,3.32666015625,0.9653321721460473
tall_local_seed42,external,1,42,246,faceswap_faces_c23/755_759,ffpp_test:62,1,faceswap,webp50,0.67095947265625,0.6617179678794762
tall_local_seed42,external,1,42,247,faceswap_faces_c23/759_755,ffpp_test:62,1,faceswap,webp50,2.04217529296875,0.8851545847559412
tall_local_seed42,external,1,42,248,neuraltextures_faces_c23/755_759,ffpp_test:62,1,neuraltextures,webp50,1.9801025390625,0.8786920924071094
tall_local_seed42,external,1,42,249,neuraltextures_faces_c23/759_755,ffpp_test:62,1,neuraltextures,webp50,3.11767578125,0.9576159939620984
tall_local_seed42,external,1,42,250,original_faces_c23/467,ffpp_test:43,0,real,webp50,-1.046630859375,0.25987259292979314
tall_local_seed42,external,1,42,251,original_faces_c23/462,ffpp_test:43,0,real,webp50,-3.592041015625,0.026803826662431685
tall_local_seed42,external,1,42,252,deepfakes_faces_c23/467_462,ffpp_test:43,1,deepfakes,webp50,1.35565185546875,0.795052101444796
tall_local_seed42,external,1,42,253,deepfakes_faces_c23/462_467,ffpp_test:43,1,deepfakes,webp50,2.97705078125,0.9515265231082203
tall_local_seed42,external,1,42,254,face2face_faces_c23/467_462,ffpp_test:43,1,face2face,webp50,3.131591796875,0.9581772285602383
tall_local_seed42,external,1,42,255,face2face_faces_c23/462_467,ffpp_test:43,1,face2face,webp50,3.1025390625,0.9569973574826177
tall_local_seed42,external,1,42,256,faceswap_faces_c23/467_462,ffpp_test:43,1,faceswap,webp50,2.881103515625,0.9469043718550011
tall_local_seed42,external,1,42,257,faceswap_faces_c23/462_467,ffpp_test:43,1,faceswap,webp50,2.96875,0.9511422213778251
tall_local_seed42,external,1,42,258,neuraltextures_faces_c23/467_462,ffpp_test:43,1,neuraltextures,webp50,3.123779296875,0.9578630302698101
tall_local_seed42,external,1,42,259,neuraltextures_faces_c23/462_467,ffpp_test:43,1,neuraltextures,webp50,-2.799072265625,0.05737432950925573
tall_local_seed42,external,1,42,260,original_faces_c23/314,ffpp_test:27,0,real,webp50,2.362823486328125,0.9139481237872245
tall_local_seed42,external,1,42,261,original_faces_c23/347,ffpp_test:27,0,real,webp50,-3.716552734375,0.023740343495924993
tall_local_seed42,external,1,42,262,deepfakes_faces_c23/314_347,ffpp_test:27,1,deepfakes,webp50,2.99365234375,0.9522865356941153
tall_local_seed42,external,1,42,263,deepfakes_faces_c23/347_314,ffpp_test:27,1,deepfakes,webp50,3.14697265625,0.9587892701645868
tall_local_seed42,external,1,42,264,face2face_faces_c23/314_347,ffpp_test:27,1,face2face,webp50,3.0986328125,0.9568363146741449
tall_local_seed42,external,1,42,265,face2face_faces_c23/347_314,ffpp_test:27,1,face2face,webp50,1.9395751953125,0.8743054668187669
tall_local_seed42,external,1,42,266,faceswap_faces_c23/314_347,ffpp_test:27,1,faceswap,webp50,2.74365234375,0.9395538553867763
tall_local_seed42,external,1,42,267,faceswap_faces_c23/347_314,ffpp_test:27,1,faceswap,webp50,3.0830078125,0.9561863669391407
tall_local_seed42,external,1,42,268,neuraltextures_faces_c23/314_347,ffpp_test:27,1,neuraltextures,webp50,3.287353515625,0.9639924045870433
tall_local_seed42,external,1,42,269,neuraltextures_faces_c23/347_314,ffpp_test:27,1,neuraltextures,webp50,-3.120849609375,0.04225537489606687
tall_local_seed42,external,1,42,270,original_faces_c23/741,ffpp_test:60,0,real,webp50,0.38604736328125,0.5953308214578897
tall_local_seed42,external,1,42,271,original_faces_c23/731,ffpp_test:60,0,real,webp50,-3.751953125,0.022933564232383716
tall_local_seed42,external,1,42,272,deepfakes_faces_c23/741_731,ffpp_test:60,1,deepfakes,webp50,1.4581451416015625,0.8112488150839479
tall_local_seed42,external,1,42,273,deepfakes_faces_c23/731_741,ffpp_test:60,1,deepfakes,webp50,3.133056640625,0.9582358907805135
tall_local_seed42,external,1,42,274,face2face_faces_c23/741_731,ffpp_test:60,1,face2face,webp50,3.08935546875,0.9564515269234336
tall_local_seed42,external,1,42,275,face2face_faces_c23/731_741,ffpp_test:60,1,face2face,webp50,2.179931640625,0.8984328343920319
tall_local_seed42,external,1,42,276,faceswap_faces_c23/741_731,ffpp_test:60,1,faceswap,webp50,-0.595947265625,0.3552714419157237
tall_local_seed42,external,1,42,277,faceswap_faces_c23/731_741,ffpp_test:60,1,faceswap,webp50,3.152099609375,0.9589913725896398
tall_local_seed42,external,1,42,278,neuraltextures_faces_c23/741_731,ffpp_test:60,1,neuraltextures,webp50,3.283203125,0.9638480624171308
tall_local_seed42,external,1,42,279,neuraltextures_faces_c23/731_741,ffpp_test:60,1,neuraltextures,webp50,2.5728759765625,0.9290953910078794
tall_local_seed42,external,1,42,280,original_faces_c23/970,ffpp_test:69,0,real,webp50,-3.1056365966796875,0.04287534870146361
tall_local_seed42,external,1,42,281,original_faces_c23/973,ffpp_test:69,0,real,webp50,-2.37860107421875,0.08481909403442671
tall_local_seed42,external,1,42,282,deepfakes_faces_c23/970_973,ffpp_test:69,1,deepfakes,webp50,3.164794921875,0.9594877411019844
tall_local_seed42,external,1,42,283,deepfakes_faces_c23/973_970,ffpp_test:69,1,deepfakes,webp50,2.921630859375,0.9489054274462909
tall_local_seed42,external,1,42,284,face2face_faces_c23/970_973,ffpp_test:69,1,face2face,webp50,3.1376953125,0.958421135728579
tall_local_seed42,external,1,42,285,face2face_faces_c23/973_970,ffpp_test:69,1,face2face,webp50,3.49267578125,0.9704786531012433
tall_local_seed42,external,1,42,286,faceswap_faces_c23/970_973,ffpp_test:69,1,faceswap,webp50,2.966064453125,0.9510172708347301
tall_local_seed42,external,1,42,287,faceswap_faces_c23/973_970,ffpp_test:69,1,faceswap,webp50,3.016357421875,0.9533076538879005
tall_local_seed42,external,1,42,288,neuraltextures_faces_c23/970_973,ffpp_test:69,1,neuraltextures,webp50,2.8321533203125,0.9443887997044496
tall_local_seed42,external,1,42,289,neuraltextures_faces_c23/973_970,ffpp_test:69,1,neuraltextures,webp50,2.988525390625,0.9520530419649283
tall_local_seed42,external,1,42,290,original_faces_c23/634,ffpp_test:53,0,real,webp50,-3.889404296875,0.02004740857996785
tall_local_seed42,external,1,42,291,original_faces_c23/660,ffpp_test:53,0,real,webp50,-3.3946533203125,0.0324629801336104
tall_local_seed42,external,1,42,292,deepfakes_faces_c23/634_660,ffpp_test:53,1,deepfakes,webp50,2.9375,0.9496693674025232
tall_local_seed42,external,1,42,293,deepfakes_faces_c23/660_634,ffpp_test:53,1,deepfakes,webp50,2.6754150390625,0.9355602602538723
tall_local_seed42,external,1,42,294,face2face_faces_c23/634_660,ffpp_test:53,1,face2face,webp50,3.05712890625,0.955089305833317
tall_local_seed42,external,1,42,295,face2face_faces_c23/660_634,ffpp_test:53,1,face2face,webp50,2.88623046875,0.9471615472052891
tall_local_seed42,external,1,42,296,faceswap_faces_c23/634_660,ffpp_test:53,1,faceswap,webp50,2.9443359375,0.949995105293887
tall_local_seed42,external,1,42,297,faceswap_faces_c23/660_634,ffpp_test:53,1,faceswap,webp50,2.85302734375,0.9454749592287907
tall_local_seed42,external,1,42,298,neuraltextures_faces_c23/634_660,ffpp_test:53,1,neuraltextures,webp50,1.4111328125,0.8039445564219629
tall_local_seed42,external,1,42,299,neuraltextures_faces_c23/660_634,ffpp_test:53,1,neuraltextures,webp50,-1.2550048828125,0.22183497218246864
tall_local_seed42,external,1,42,300,original_faces_c23/494,ffpp_test:40,0,real,webp50,-0.1961669921875,0.4511149157384417
tall_local_seed42,external,1,42,301,original_faces_c23/445,ffpp_test:40,0,real,webp50,2.65234375,0.9341552994156889
tall_local_seed42,external,1,42,302,deepfakes_faces_c23/494_445,ffpp_test:40,1,deepfakes,webp50,2.9013671875,0.9479139805123232
tall_local_seed42,external,1,42,303,deepfakes_faces_c23/445_494,ffpp_test:40,1,deepfakes,webp50,2.92529296875,0.9490826892480306
tall_local_seed42,external,1,42,304,face2face_faces_c23/494_445,ffpp_test:40,1,face2face,webp50,2.969970703125,0.9511989170717967
tall_local_seed42,external,1,42,305,face2face_faces_c23/445_494,ffpp_test:40,1,face2face,webp50,2.887939453125,0.9472470106471722
tall_local_seed42,external,1,42,306,faceswap_faces_c23/494_445,ffpp_test:40,1,faceswap,webp50,2.99658203125,0.9524194753338557
tall_local_seed42,external,1,42,307,faceswap_faces_c23/445_494,ffpp_test:40,1,faceswap,webp50,2.90966796875,0.9483222950606597
tall_local_seed42,external,1,42,308,neuraltextures_faces_c23/494_445,ffpp_test:40,1,neuraltextures,webp50,1.0943603515625,0.749201914642892
tall_local_seed42,external,1,42,309,neuraltextures_faces_c23/445_494,ffpp_test:40,1,neuraltextures,webp50,2.978759765625,0.951605287162315
tall_local_seed42,external,1,42,310,original_faces_c23/706,ffpp_test:44,0,real,webp50,-3.203125,0.03904829272622639
tall_local_seed42,external,1,42,311,original_faces_c23/479,ffpp_test:44,0,real,webp50,-3.171142578125,0.04026623744130668
tall_local_seed42,external,1,42,312,deepfakes_faces_c23/706_479,ffpp_test:44,1,deepfakes,webp50,3.092529296875,0.9565835318776105
tall_local_seed42,external,1,42,313,deepfakes_faces_c23/479_706,ffpp_test:44,1,deepfakes,webp50,2.96826171875,0.9511195256091795
tall_local_seed42,external,1,42,314,face2face_faces_c23/706_479,ffpp_test:44,1,face2face,webp50,-0.7041778564453125,0.3308865950306946
tall_local_seed42,external,1,42,315,face2face_faces_c23/479_706,ffpp_test:44,1,face2face,webp50,2.048095703125,0.8857550586517172
tall_local_seed42,external,1,42,316,faceswap_faces_c23/706_479,ffpp_test:44,1,faceswap,webp50,3.18359375,0.9602121916306376
tall_local_seed42,external,1,42,317,faceswap_faces_c23/479_706,ffpp_test:44,1,faceswap,webp50,2.1100311279296875,0.8918743350811201
tall_local_seed42,external,1,42,318,neuraltextures_faces_c23/706_479,ffpp_test:44,1,neuraltextures,webp50,0.61944580078125,0.6500924941229336
tall_local_seed42,external,1,42,319,neuraltextures_faces_c23/479_706,ffpp_test:44,1,neuraltextures,webp50,-2.884765625,0.0529118112099578
tall_local_seed42,external,1,42,320,original_faces_c23/186,ffpp_test:17,0,real,webp50,0.3203125,0.579400408904987
tall_local_seed42,external,1,42,321,original_faces_c23/170,ffpp_test:17,0,real,webp50,-3.3935546875,0.03249750497025538
tall_local_seed42,external,1,42,322,deepfakes_faces_c23/186_170,ffpp_test:17,1,deepfakes,webp50,2.6007080078125,0.9309071319374894
tall_local_seed42,external,1,42,323,deepfakes_faces_c23/170_186,ffpp_test:17,1,deepfakes,webp50,2.947998046875,0.9501687852148866
tall_local_seed42,external,1,42,324,face2face_faces_c23/186_170,ffpp_test:17,1,face2face,webp50,3.05487060546875,0.9549923392894641
tall_local_seed42,external,1,42,325,face2face_faces_c23/170_186,ffpp_test:17,1,face2face,webp50,2.975341796875,0.9514476374034393
tall_local_seed42,external,1,42,326,faceswap_faces_c23/186_170,ffpp_test:17,1,faceswap,webp50,2.7786865234375,0.9415131583154712
tall_local_seed42,external,1,42,327,faceswap_faces_c23/170_186,ffpp_test:17,1,faceswap,webp50,2.98095703125,0.9517063767476547
tall_local_seed42,external,1,42,328,neuraltextures_faces_c23/186_170,ffpp_test:17,1,neuraltextures,webp50,2.310760498046875,0.909764306483667
tall_local_seed42,external,1,42,329,neuraltextures_faces_c23/170_186,ffpp_test:17,1,neuraltextures,webp50,-0.0608062744140625,0.4848031135257771
tall_local_seed42,external,1,42,330,original_faces_c23/176,ffpp_test:18,0,real,webp50,-2.84130859375,0.05513232983036488
tall_local_seed42,external,1,42,331,original_faces_c23/190,ffpp_test:18,0,real,webp50,-2.10791015625,0.10833036983864885
tall_local_seed42,external,1,42,332,deepfakes_faces_c23/176_190,ffpp_test:18,1,deepfakes,webp50,2.9248046875,0.949059088009669
tall_local_seed42,external,1,42,333,deepfakes_faces_c23/190_176,ffpp_test:18,1,deepfakes,webp50,1.767578125,0.854156228644121
tall_local_seed42,external,1,42,334,face2face_faces_c23/176_190,ffpp_test:18,1,face2face,webp50,2.79736328125,0.9425331743709573
tall_local_seed42,external,1,42,335,face2face_faces_c23/190_176,ffpp_test:18,1,face2face,webp50,2.93212890625,0.9494120218372056
tall_local_seed42,external,1,42,336,faceswap_faces_c23/176_190,ffpp_test:18,1,faceswap,webp50,2.970703125,0.9512329045230109
tall_local_seed42,external,1,42,337,faceswap_faces_c23/190_176,ffpp_test:18,1,faceswap,webp50,0.1285400390625,0.5320908367461596
tall_local_seed42,external,1,42,338,neuraltextures_faces_c23/176_190,ffpp_test:18,1,neuraltextures,webp50,-3.294677734375,0.035754226278526806
tall_local_seed42,external,1,42,339,neuraltextures_faces_c23/190_176,ffpp_test:18,1,neuraltextures,webp50,0.88299560546875,0.7074425993212329
tall_local_seed42,external,1,42,340,original_faces_c23/380,ffpp_test:29,0,real,webp50,-1.73089599609375,0.15047300790174356
tall_local_seed42,external,1,42,341,original_faces_c23/358,ffpp_test:29,0,real,webp50,-3.099365234375,0.04313344599578288
tall_local_seed42,external,1,42,342,deepfakes_faces_c23/380_358,ffpp_test:29,1,deepfakes,webp50,3.08837890625,0.9564108330024765
tall_local_seed42,external,1,42,343,deepfakes_faces_c23/358_380,ffpp_test:29,1,deepfakes,webp50,0.3331298828125,0.5825207300940205
tall_local_seed42,external,1,42,344,face2face_faces_c23/380_358,ffpp_test:29,1,face2face,webp50,2.205322265625,0.900726434998805
tall_local_seed42,external,1,42,345,face2face_faces_c23/358_380,ffpp_test:29,1,face2face,webp50,1.0847930908203125,0.7473999591612485
tall_local_seed42,external,1,42,346,faceswap_faces_c23/380_358,ffpp_test:29,1,faceswap,webp50,1.2469482421875,0.7767711402678127
tall_local_seed42,external,1,42,347,faceswap_faces_c23/358_380,ffpp_test:29,1,faceswap,webp50,-1.93902587890625,0.12575491295033775
tall_local_seed42,external,1,42,348,neuraltextures_faces_c23/380_358,ffpp_test:29,1,neuraltextures,webp50,1.122314453125,0.7544177713293546
tall_local_seed42,external,1,42,349,neuraltextures_faces_c23/358_380,ffpp_test:29,1,neuraltextures,webp50,-1.8994140625,0.1301748052953843
tall_local_seed42,external,1,42,350,original_faces_c23/214,ffpp_test:19,0,real,webp50,-1.52447509765625,0.17880348354474418
tall_local_seed42,external,1,42,351,original_faces_c23/255,ffpp_test:19,0,real,webp50,-3.0189208984375,0.04657837270965364
tall_local_seed42,external,1,42,352,deepfakes_faces_c23/214_255,ffpp_test:19,1,deepfakes,webp50,2.999267578125,0.9525410274784751
tall_local_seed42,external,1,42,353,deepfakes_faces_c23/255_214,ffpp_test:19,1,deepfakes,webp50,2.27587890625,0.9068595405620415
tall_local_seed42,external,1,42,354,face2face_faces_c23/214_255,ffpp_test:19,1,face2face,webp50,3.12646484375,0.9579712896415196
tall_local_seed42,external,1,42,355,face2face_faces_c23/255_214,ffpp_test:19,1,face2face,webp50,3.11083984375,0.957337670072565
tall_local_seed42,external,1,42,356,faceswap_faces_c23/214_255,ffpp_test:19,1,faceswap,webp50,3.1748046875,0.9598750462680049
tall_local_seed42,external,1,42,357,faceswap_faces_c23/255_214,ffpp_test:19,1,faceswap,webp50,3.051025390625,0.9548267749178005
tall_local_seed42,external,1,42,358,neuraltextures_faces_c23/214_255,ffpp_test:19,1,neuraltextures,webp50,1.3673095703125,0.7969451263830079
tall_local_seed42,external,1,42,359,neuraltextures_faces_c23/255_214,ffpp_test:19,1,neuraltextures,webp50,-2.8092041015625,0.056828825372042466
tall_local_seed42,external,1,42,360,original_faces_c23/454,ffpp_test:42,0,real,webp50,2.02734375,0.8836382359770631
tall_local_seed42,external,1,42,361,original_faces_c23/527,ffpp_test:42,0,real,webp50,-3.14984130859375,0.04109753153922122
tall_local_seed42,external,1,42,362,deepfakes_faces_c23/454_527,ffpp_test:42,1,deepfakes,webp50,2.88916015625,0.9473079760264225
tall_local_seed42,external,1,42,363,deepfakes_faces_c23/527_454,ffpp_test:42,1,deepfakes,webp50,2.86669921875,0.946175495048716
tall_local_seed42,external,1,42,364,face2face_faces_c23/454_527,ffpp_test:42,1,face2face,webp50,2.8837890625,0.9470392297700619
tall_local_seed42,external,1,42,365,face2face_faces_c23/527_454,ffpp_test:42,1,face2face,webp50,-0.63702392578125,0.3459195945214341
tall_local_seed42,external,1,42,366,faceswap_faces_c23/454_527,ffpp_test:42,1,faceswap,webp50,2.90869140625,0.9482744155867431
tall_local_seed42,external,1,42,367,faceswap_faces_c23/527_454,ffpp_test:42,1,faceswap,webp50,2.795654296875,0.9424405382389629
tall_local_seed42,external,1,42,368,neuraltextures_faces_c23/454_527,ffpp_test:42,1,neuraltextures,webp50,3.08251953125,0.9561659063279895
tall_local_seed42,external,1,42,369,neuraltextures_faces_c23/527_454,ffpp_test:42,1,neuraltextures,webp50,-2.7901611328125,0.057858171203762125
tall_local_seed42,external,1,42,370,original_faces_c23/425,ffpp_test:39,0,real,webp50,-2.5341796875,0.07349652382219304
tall_local_seed42,external,1,42,371,original_faces_c23/485,ffpp_test:39,0,real,webp50,-2.90472412109375,0.051920526377334894
tall_local_seed42,external,1,42,372,deepfakes_faces_c23/425_485,ffpp_test:39,1,deepfakes,webp50,3.009033203125,0.9529805524558006
tall_local_seed42,external,1,42,373,deepfakes_faces_c23/485_425,ffpp_test:39,1,deepfakes,webp50,2.900634765625,0.9478778067330786
tall_local_seed42,external,1,42,374,face2face_faces_c23/425_485,ffpp_test:39,1,face2face,webp50,0.69970703125,0.6681228140245511
tall_local_seed42,external,1,42,375,face2face_faces_c23/485_425,ffpp_test:39,1,face2face,webp50,0.818359375,0.6938879700208154
tall_local_seed42,external,1,42,376,faceswap_faces_c23/425_485,ffpp_test:39,1,faceswap,webp50,3.04150390625,0.954414305359726
tall_local_seed42,external,1,42,377,faceswap_faces_c23/485_425,ffpp_test:39,1,faceswap,webp50,2.891845703125,0.9474418657240752
tall_local_seed42,external,1,42,378,neuraltextures_faces_c23/425_485,ffpp_test:39,1,neuraltextures,webp50,1.30670166015625,0.7869607008693944
tall_local_seed42,external,1,42,379,neuraltextures_faces_c23/485_425,ffpp_test:39,1,neuraltextures,webp50,-0.055908203125,0.4860265887850814
tall_local_seed42,external,1,42,380,original_faces_c23/388,ffpp_test:26,0,real,webp50,2.336395263671875,0.9118467582098949
tall_local_seed42,external,1,42,381,original_faces_c23/308,ffpp_test:26,0,real,webp50,-4.08935546875,0.01647408464924324
tall_local_seed42,external,1,42,382,deepfakes_faces_c23/388_308,ffpp_test:26,1,deepfakes,webp50,2.48529052734375,0.9231041762283343
tall_local_seed42,external,1,42,383,deepfakes_faces_c23/308_388,ffpp_test:26,1,deepfakes,webp50,3.0712890625,0.9556927886544405
tall_local_seed42,external,1,42,384,face2face_faces_c23/388_308,ffpp_test:26,1,face2face,webp50,3.06640625,0.9554855697765151
tall_local_seed42,external,1,42,385,face2face_faces_c23/308_388,ffpp_test:26,1,face2face,webp50,1.2996826171875,0.7857815631891859
tall_local_seed42,external,1,42,386,faceswap_faces_c23/388_308,ffpp_test:26,1,faceswap,webp50,3.174560546875,0.9598656421502442
tall_local_seed42,external,1,42,387,faceswap_faces_c23/308_388,ffpp_test:26,1,faceswap,webp50,3.199951171875,0.96083243967317
tall_local_seed42,external,1,42,388,neuraltextures_faces_c23/388_308,ffpp_test:26,1,neuraltextures,webp50,2.727508544921875,0.9386304778773664
tall_local_seed42,external,1,42,389,neuraltextures_faces_c23/308_388,ffpp_test:26,1,neuraltextures,webp50,-2.692596435546875,0.06341163954795177
tall_local_seed42,external,1,42,390,original_faces_c23/384,ffpp_test:32,0,real,webp50,-0.378509521484375,0.40648643259857775
tall_local_seed42,external,1,42,391,original_faces_c23/932,ffpp_test:32,0,real,webp50,1.86474609375,0.8658491854374257
tall_local_seed42,external,1,42,392,deepfakes_faces_c23/384_932,ffpp_test:32,1,deepfakes,webp50,2.96435546875,0.9509375991053066
tall_local_seed42,external,1,42,393,deepfakes_faces_c23/932_384,ffpp_test:32,1,deepfakes,webp50,2.784423828125,0.9418282903631766
tall_local_seed42,external,1,42,394,face2face_faces_c23/384_932,ffpp_test:32,1,face2face,webp50,3.04638671875,0.9546262742617412
tall_local_seed42,external,1,42,395,face2face_faces_c23/932_384,ffpp_test:32,1,face2face,webp50,1.7974853515625,0.8578425528320237
tall_local_seed42,external,1,42,396,faceswap_faces_c23/384_932,ffpp_test:32,1,faceswap,webp50,2.895751953125,0.947636040847161
tall_local_seed42,external,1,42,397,faceswap_faces_c23/932_384,ffpp_test:32,1,faceswap,webp50,2.918212890625,0.9487394564372301
tall_local_seed42,external,1,42,398,neuraltextures_faces_c23/384_932,ffpp_test:32,1,neuraltextures,webp50,3.337646484375,0.9656979665417252
tall_local_seed42,external,1,42,399,neuraltextures_faces_c23/932_384,ffpp_test:32,1,neuraltextures,webp50,2.6446533203125,0.9336806851001269
tall_local_seed42,external,1,42,400,original_faces_c23/035,ffpp_test:5,0,real,webp50,-1.1074028015136719,0.24835540364305095
tall_local_seed42,external,1,42,401,original_faces_c23/036,ffpp_test:5,0,real,webp50,-3.572509765625,0.027318042868378675
tall_local_seed42,external,1,42,402,deepfakes_faces_c23/035_036,ffpp_test:5,1,deepfakes,webp50,3.00146484375,0.9526402597154339
tall_local_seed42,external,1,42,403,deepfakes_faces_c23/036_035,ffpp_test:5,1,deepfakes,webp50,3.0849609375,0.9562681182896514
tall_local_seed42,external,1,42,404,face2face_faces_c23/035_036,ffpp_test:5,1,face2face,webp50,0.9654159545898438,0.724204858035949
tall_local_seed42,external,1,42,405,face2face_faces_c23/036_035,ffpp_test:5,1,face2face,webp50,3.130126953125,0.9581184875438502
tall_local_seed42,external,1,42,406,faceswap_faces_c23/035_036,ffpp_test:5,1,faceswap,webp50,2.80767822265625,0.943089333244116
tall_local_seed42,external,1,42,407,faceswap_faces_c23/036_035,ffpp_test:5,1,faceswap,webp50,2.7811279296875,0.9416474522880203
tall_local_seed42,external,1,42,408,neuraltextures_faces_c23/035_036,ffpp_test:5,1,neuraltextures,webp50,0.7762451171875,0.6848702870575003
tall_local_seed42,external,1,42,409,neuraltextures_faces_c23/036_035,ffpp_test:5,1,neuraltextures,webp50,3.068359375,0.9555685679752156
tall_local_seed42,external,1,42,410,original_faces_c23/257,ffpp_test:23,0,real,webp50,2.868621826171875,0.9462733245487638
tall_local_seed42,external,1,42,411,original_faces_c23/420,ffpp_test:23,0,real,webp50,-2.630035400390625,0.06723023058377865
tall_local_seed42,external,1,42,412,deepfakes_faces_c23/257_420,ffpp_test:23,1,deepfakes,webp50,2.964599609375,0.9509489883010257
tall_local_seed42,external,1,42,413,deepfakes_faces_c23/420_257,ffpp_test:23,1,deepfakes,webp50,2.3409423828125,0.9122115820271134
tall_local_seed42,external,1,42,414,face2face_faces_c23/257_420,ffpp_test:23,1,face2face,webp50,2.99951171875,0.9525520630312544
tall_local_seed42,external,1,42,415,face2face_faces_c23/420_257,ffpp_test:23,1,face2face,webp50,2.4959716796875,0.923858936807677
tall_local_seed42,external,1,42,416,faceswap_faces_c23/257_420,ffpp_test:23,1,faceswap,webp50,3.031982421875,0.9539982510556094
tall_local_seed42,external,1,42,417,faceswap_faces_c23/420_257,ffpp_test:23,1,faceswap,webp50,3.193603515625,0.9605928553604475
tall_local_seed42,external,1,42,418,neuraltextures_faces_c23/257_420,ffpp_test:23,1,neuraltextures,webp50,2.980712890625,0.951695154477599
tall_local_seed42,external,1,42,419,neuraltextures_faces_c23/420_257,ffpp_test:23,1,neuraltextures,webp50,0.703643798828125,0.6689951535851625
tall_local_seed42,external,1,42,420,original_faces_c23/924,ffpp_test:67,0,real,webp50,-3.5498046875,0.027927875621270033
tall_local_seed42,external,1,42,421,original_faces_c23/917,ffpp_test:67,0,real,webp50,-2.919189453125,0.05121307130329995
tall_local_seed42,external,1,42,422,deepfakes_faces_c23/924_917,ffpp_test:67,1,deepfakes,webp50,2.914306640625,0.9485491508281537
tall_local_seed42,external,1,42,423,deepfakes_faces_c23/917_924,ffpp_test:67,1,deepfakes,webp50,3.205322265625,0.961034072966366
tall_local_seed42,external,1,42,424,face2face_faces_c23/924_917,ffpp_test:67,1,face2face,webp50,0.745697021484375,0.6782403797000913
tall_local_seed42,external,1,42,425,face2face_faces_c23/917_924,ffpp_test:67,1,face2face,webp50,2.283935546875,0.9075378202281363
tall_local_seed42,external,1,42,426,faceswap_faces_c23/924_917,ffpp_test:67,1,faceswap,webp50,3.01708984375,0.9533402447535612
tall_local_seed42,external,1,42,427,faceswap_faces_c23/917_924,ffpp_test:67,1,faceswap,webp50,0.145904541015625,0.5364115636367869
tall_local_seed42,external,1,42,428,neuraltextures_faces_c23/924_917,ffpp_test:67,1,neuraltextures,webp50,3.2857666015625,0.9639372805589379
tall_local_seed42,external,1,42,429,neuraltextures_faces_c23/917_924,ffpp_test:67,1,neuraltextures,webp50,2.755462646484375,0.9402211192220192
tall_local_seed42,external,1,42,430,original_faces_c23/114,ffpp_test:9,0,real,webp50,-1.377685546875,0.20138096830024177
tall_local_seed42,external,1,42,431,original_faces_c23/102,ffpp_test:9,0,real,webp50,-3.92529296875,0.019354369209463276
tall_local_seed42,external,1,42,432,deepfakes_faces_c23/114_102,ffpp_test:9,1,deepfakes,webp50,1.709716796875,0.8467995478809629
tall_local_seed42,external,1,42,433,deepfakes_faces_c23/102_114,ffpp_test:9,1,deepfakes,webp50,1.9705047607421875,0.8776653191181645
tall_local_seed42,external,1,42,434,face2face_faces_c23/114_102,ffpp_test:9,1,face2face,webp50,3.19921875,0.9608048667967017
tall_local_seed42,external,1,42,435,face2face_faces_c23/102_114,ffpp_test:9,1,face2face,webp50,-0.6092529296875,0.3522296335863289
tall_local_seed42,external,1,42,436,faceswap_faces_c23/114_102,ffpp_test:9,1,faceswap,webp50,3.058837890625,0.955162553551388
tall_local_seed42,external,1,42,437,faceswap_faces_c23/102_114,ffpp_test:9,1,faceswap,webp50,1.8280029296875,0.8615236470057615
tall_local_seed42,external,1,42,438,neuraltextures_faces_c23/114_102,ffpp_test:9,1,neuraltextures,webp50,3.484130859375,0.9702328558231006
tall_local_seed42,external,1,42,439,neuraltextures_faces_c23/102_114,ffpp_test:9,1,neuraltextures,webp50,0.507232666015625,0.6241575230605705
tall_local_seed42,external,1,42,440,original_faces_c23/732,ffpp_test:56,0,real,webp50,0.06439208984375,0.5160924624417729
tall_local_seed42,external,1,42,441,original_faces_c23/691,ffpp_test:56,0,real,webp50,-0.90911865234375,0.28718022209032223
tall_local_seed42,external,1,42,442,deepfakes_faces_c23/732_691,ffpp_test:56,1,deepfakes,webp50,3.063232421875,0.9553503823579231
tall_local_seed42,external,1,42,443,deepfakes_faces_c23/691_732,ffpp_test:56,1,deepfakes,webp50,2.965576171875,0.950994520013687
tall_local_seed42,external,1,42,444,face2face_faces_c23/732_691,ffpp_test:56,1,face2face,webp50,2.97607421875,0.9514814604693147
tall_local_seed42,external,1,42,445,face2face_faces_c23/691_732,ffpp_test:56,1,face2face,webp50,3.301025390625,0.9644639709077636
tall_local_seed42,external,1,42,446,faceswap_faces_c23/732_691,ffpp_test:56,1,faceswap,webp50,3.1629638671875,0.9594165062329845
tall_local_seed42,external,1,42,447,faceswap_faces_c23/691_732,ffpp_test:56,1,faceswap,webp50,2.965576171875,0.950994520013687
tall_local_seed42,external,1,42,448,neuraltextures_faces_c23/732_691,ffpp_test:56,1,neuraltextures,webp50,2.87396240234375,0.9465441938591361
tall_local_seed42,external,1,42,449,neuraltextures_faces_c23/691_732,ffpp_test:56,1,neuraltextures,webp50,3.166259765625,0.9595446427570891
tall_local_seed42,external,1,42,450,original_faces_c23/550,ffpp_test:41,0,real,webp50,1.792083740234375,0.8571825591984066
tall_local_seed42,external,1,42,451,original_faces_c23/452,ffpp_test:41,0,real,webp50,2.768890380859375,0.9409713837339696
tall_local_seed42,external,1,42,452,deepfakes_faces_c23/550_452,ffpp_test:41,1,deepfakes,webp50,2.999755859375,0.9525630961457473
tall_local_seed42,external,1,42,453,deepfakes_faces_c23/452_550,ffpp_test:41,1,deepfakes,webp50,2.974853515625,0.9514250762633327
tall_local_seed42,external,1,42,454,face2face_faces_c23/550_452,ffpp_test:41,1,face2face,webp50,2.964599609375,0.9509489883010257
tall_local_seed42,external,1,42,455,face2face_faces_c23/452_550,ffpp_test:41,1,face2face,webp50,2.930908203125,0.949353360714556
tall_local_seed42,external,1,42,456,faceswap_faces_c23/550_452,ffpp_test:41,1,faceswap,webp50,3.022705078125,0.9535893902221656
tall_local_seed42,external,1,42,457,faceswap_faces_c23/452_550,ffpp_test:41,1,faceswap,webp50,2.9599609375,0.9507321642405272
tall_local_seed42,external,1,42,458,neuraltextures_faces_c23/550_452,ffpp_test:41,1,neuraltextures,webp50,3.015869140625,0.9532859146180668
tall_local_seed42,external,1,42,459,neuraltextures_faces_c23/452_550,ffpp_test:41,1,neuraltextures,webp50,2.923828125,0.9490118544722849
tall_local_seed42,external,1,42,460,original_faces_c23/280,ffpp_test:22,0,real,webp50,-0.051483154296875,0.48713205352418504
tall_local_seed42,external,1,42,461,original_faces_c23/249,ffpp_test:22,0,real,webp50,-2.31585693359375,0.08981818355212176
tall_local_seed42,external,1,42,462,deepfakes_faces_c23/280_249,ffpp_test:22,1,deepfakes,webp50,3.023681640625,0.9536325904823049
tall_local_seed42,external,1,42,463,deepfakes_faces_c23/249_280,ffpp_test:22,1,deepfakes,webp50,3.01513671875,0.9532532876647299
tall_local_seed42,external,1,42,464,face2face_faces_c23/280_249,ffpp_test:22,1,face2face,webp50,2.917236328125,0.9486919425527337
tall_local_seed42,external,1,42,465,face2face_faces_c23/249_280,ffpp_test:22,1,face2face,webp50,2.935791015625,0.9495876194886138
tall_local_seed42,external,1,42,466,faceswap_faces_c23/280_249,ffpp_test:22,1,faceswap,webp50,2.975830078125,0.9514701885992797
tall_local_seed42,external,1,42,467,faceswap_faces_c23/249_280,ffpp_test:22,1,faceswap,webp50,2.921630859375,0.9489054274462909
tall_local_seed42,external,1,42,468,neuraltextures_faces_c23/280_249,ffpp_test:22,1,neuraltextures,webp50,2.7760009765625,0.9413651001751675
tall_local_seed42,external,1,42,469,neuraltextures_faces_c23/249_280,ffpp_test:22,1,neuraltextures,webp50,2.649169921875,0.9339598106564214
tall_local_seed42,external,1,42,470,original_faces_c23/842,ffpp_test:58,0,real,webp50,-3.6845703125,0.024492991897945092
tall_local_seed42,external,1,42,471,original_faces_c23/714,ffpp_test:58,0,real,webp50,-3.236572265625,0.037812403102135225
tall_local_seed42,external,1,42,472,deepfakes_faces_c23/842_714,ffpp_test:58,1,deepfakes,webp50,2.941650390625,0.949867375704659
tall_local_seed42,external,1,42,473,deepfakes_faces_c23/714_842,ffpp_test:58,1,deepfakes,webp50,2.7578125,0.9403530570548787
tall_local_seed42,external,1,42,474,face2face_faces_c23/842_714,ffpp_test:58,1,face2face,webp50,2.85107421875,0.9453741839609074
tall_local_seed42,external,1,42,475,face2face_faces_c23/714_842,ffpp_test:58,1,face2face,webp50,1.3377838134765625,0.7921252541318393
tall_local_seed42,external,1,42,476,faceswap_faces_c23/842_714,ffpp_test:58,1,faceswap,webp50,3.04931640625,0.9547530046470379
tall_local_seed42,external,1,42,477,faceswap_faces_c23/714_842,ffpp_test:58,1,faceswap,webp50,2.937744140625,0.9496810354232826
tall_local_seed42,external,1,42,478,neuraltextures_faces_c23/842_714,ffpp_test:58,1,neuraltextures,webp50,-3.270050048828125,0.03661306288392954
tall_local_seed42,external,1,42,479,neuraltextures_faces_c23/714_842,ffpp_test:58,1,neuraltextures,webp50,1.13140869140625,0.7560987744022958
tall_local_seed42,external,1,42,480,original_faces_c23/625,ffpp_test:52,0,real,webp50,-0.375732421875,0.4071565959639269
tall_local_seed42,external,1,42,481,original_faces_c23/650,ffpp_test:52,0,real,webp50,-3.38427734375,0.03279046633036615
tall_local_seed42,external,1,42,482,deepfakes_faces_c23/625_650,ffpp_test:52,1,deepfakes,webp50,3.00341796875,0.9527283005945526
tall_local_seed42,external,1,42,483,deepfakes_faces_c23/650_625,ffpp_test:52,1,deepfakes,webp50,2.93896484375,0.9497393371118644
tall_local_seed42,external,1,42,484,face2face_faces_c23/625_650,ffpp_test:52,1,face2face,webp50,3.41845703125,0.9682764101653206
tall_local_seed42,external,1,42,485,face2face_faces_c23/650_625,ffpp_test:52,1,face2face,webp50,3.1104736328125,0.9573227106866152
tall_local_seed42,external,1,42,486,faceswap_faces_c23/625_650,ffpp_test:52,1,faceswap,webp50,3.07275390625,0.9557547747308961
tall_local_seed42,external,1,42,487,faceswap_faces_c23/650_625,ffpp_test:52,1,faceswap,webp50,3.0625,0.9553191297273498
tall_local_seed42,external,1,42,488,neuraltextures_faces_c23/625_650,ffpp_test:52,1,neuraltextures,webp50,3.072021484375,0.9557237920375884
tall_local_seed42,external,1,42,489,neuraltextures_faces_c23/650_625,ffpp_test:52,1,neuraltextures,webp50,-3.3377685546875,0.0342979900597256
tall_local_seed42,external,1,42,490,original_faces_c23/024,ffpp_test:3,0,real,webp50,2.440673828125,0.9198767653728077
tall_local_seed42,external,1,42,491,original_faces_c23/073,ffpp_test:3,0,real,webp50,-2.9501953125,0.04972728135644671
tall_local_seed42,external,1,42,492,deepfakes_faces_c23/024_073,ffpp_test:3,1,deepfakes,webp50,2.930419921875,0.9493298782398548
tall_local_seed42,external,1,42,493,deepfakes_faces_c23/073_024,ffpp_test:3,1,deepfakes,webp50,2.3624267578125,0.9139169171746725
tall_local_seed42,external,1,42,494,face2face_faces_c23/024_073,ffpp_test:3,1,face2face,webp50,3.177978515625,0.959997107814441
tall_local_seed42,external,1,42,495,face2face_faces_c23/073_024,ffpp_test:3,1,face2face,webp50,-0.706787109375,0.33030915984616804
tall_local_seed42,external,1,42,496,faceswap_faces_c23/024_073,ffpp_test:3,1,faceswap,webp50,2.8681640625,0.9462500470339434
tall_local_seed42,external,1,42,497,faceswap_faces_c23/073_024,ffpp_test:3,1,faceswap,webp50,2.59356689453125,0.9304464065945346
tall_local_seed42,external,1,42,498,neuraltextures_faces_c23/024_073,ffpp_test:3,1,neuraltextures,webp50,3.015869140625,0.9532859146180668
tall_local_seed42,external,1,42,499,neuraltextures_faces_c23/073_024,ffpp_test:3,1,neuraltextures,webp50,-2.654541015625,0.06570967744654373
tall_local_seed42,external,1,42,500,original_faces_c23/044,ffpp_test:6,0,real,webp50,-1.8708343505859375,0.1334452107340811
tall_local_seed42,external,1,42,501,original_faces_c23/945,ffpp_test:6,0,real,webp50,-0.758087158203125,0.31906170885902013
tall_local_seed42,external,1,42,502,deepfakes_faces_c23/044_945,ffpp_test:6,1,deepfakes,webp50,2.9228515625,0.948964579494041
tall_local_seed42,external,1,42,503,deepfakes_faces_c23/945_044,ffpp_test:6,1,deepfakes,webp50,2.87744140625,0.9467199522600559
tall_local_seed42,external,1,42,504,face2face_faces_c23/044_945,ffpp_test:6,1,face2face,webp50,2.7329864501953125,0.9389452661664648
tall_local_seed42,external,1,42,505,face2face_faces_c23/945_044,ffpp_test:6,1,face2face,webp50,3.000732421875,0.9526072042304408
tall_local_seed42,external,1,42,506,faceswap_faces_c23/044_945,ffpp_test:6,1,faceswap,webp50,2.8310546875,0.9443310728754559
tall_local_seed42,external,1,42,507,faceswap_faces_c23/945_044,ffpp_test:6,1,faceswap,webp50,3.035888671875,0.9541693754390591
tall_local_seed42,external,1,42,508,neuraltextures_faces_c23/044_945,ffpp_test:6,1,neuraltextures,webp50,2.4847412109375,0.923065175117357
tall_local_seed42,external,1,42,509,neuraltextures_faces_c23/945_044,ffpp_test:6,1,neuraltextures,webp50,-0.60626220703125,0.3529123097808496
tall_local_seed42,external,1,42,510,original_faces_c23/896,ffpp_test:10,0,real,webp50,-1.917694091796875,0.12811892575915465
tall_local_seed42,external,1,42,511,original_faces_c23/128,ffpp_test:10,0,real,webp50,-2.760498046875,0.05949649082265602
tall_local_seed42,external,1,42,512,deepfakes_faces_c23/896_128,ffpp_test:10,1,deepfakes,webp50,3.2333984375,0.9620719551602561
tall_local_seed42,external,1,42,513,deepfakes_faces_c23/128_896,ffpp_test:10,1,deepfakes,webp50,3.02685546875,0.9537727272614342
tall_local_seed42,external,1,42,514,face2face_faces_c23/896_128,ffpp_test:10,1,face2face,webp50,3.123291015625,0.9578433181261715
tall_local_seed42,external,1,42,515,face2face_faces_c23/128_896,ffpp_test:10,1,face2face,webp50,1.803375244140625,0.8585593048810258
tall_local_seed42,external,1,42,516,faceswap_faces_c23/896_128,ffpp_test:10,1,faceswap,webp50,2.745361328125,0.9396508398476068
tall_local_seed42,external,1,42,517,faceswap_faces_c23/128_896,ffpp_test:10,1,faceswap,webp50,3.086181640625,0.9563191389438804
tall_local_seed42,external,1,42,518,neuraltextures_faces_c23/896_128,ffpp_test:10,1,neuraltextures,webp50,2.84814453125,0.9452226919592402
tall_local_seed42,external,1,42,519,neuraltextures_faces_c23/128_896,ffpp_test:10,1,neuraltextures,webp50,1.8887939453125,0.8686179558112475
tall_local_seed42,external,1,42,520,original_faces_c23/862,ffpp_test:7,0,real,webp50,-3.635498046875,0.025693245846855353
tall_local_seed42,external,1,42,521,original_faces_c23/047,ffpp_test:7,0,real,webp50,2.68212890625,0.9359638392091243
tall_local_seed42,external,1,42,522,deepfakes_faces_c23/862_047,ffpp_test:7,1,deepfakes,webp50,2.896484375,0.9476723731536069
tall_local_seed42,external,1,42,523,deepfakes_faces_c23/047_862,ffpp_test:7,1,deepfakes,webp50,1.6787109375,0.8427337625321223
tall_local_seed42,external,1,42,524,face2face_faces_c23/862_047,ffpp_test:7,1,face2face,webp50,1.767578125,0.854156228644121
tall_local_seed42,external,1,42,525,face2face_faces_c23/047_862,ffpp_test:7,1,face2face,webp50,3.0693359375,0.955610011721341
tall_local_seed42,external,1,42,526,faceswap_faces_c23/862_047,ffpp_test:7,1,faceswap,webp50,2.990478515625,0.9521421196307919
tall_local_seed42,external,1,42,527,faceswap_faces_c23/047_862,ffpp_test:7,1,faceswap,webp50,2.88427734375,0.9470637146237535
tall_local_seed42,external,1,42,528,neuraltextures_faces_c23/862_047,ffpp_test:7,1,neuraltextures,webp50,1.5625,0.8267117940706734
tall_local_seed42,external,1,42,529,neuraltextures_faces_c23/047_862,ffpp_test:7,1,neuraltextures,webp50,3.032958984375,0.9540410890792076
tall_local_seed42,external,1,42,530,original_faces_c23/607,ffpp_test:49,0,real,webp50,-3.7255859375,0.02353188155158074
tall_local_seed42,external,1,42,531,original_faces_c23/683,ffpp_test:49,0,real,webp50,-3.227294921875,0.03815138831760992
tall_local_seed42,external,1,42,532,deepfakes_faces_c23/607_683,ffpp_test:49,1,deepfakes,webp50,2.924560546875,0.9490472835086546
tall_local_seed42,external,1,42,533,deepfakes_faces_c23/683_607,ffpp_test:49,1,deepfakes,webp50,3.024658203125,0.9536757524839152
tall_local_seed42,external,1,42,534,face2face_faces_c23/607_683,ffpp_test:49,1,face2face,webp50,-1.467254638671875,0.18736025404447226
tall_local_seed42,external,1,42,535,face2face_faces_c23/683_607,ffpp_test:49,1,face2face,webp50,-1.30682373046875,0.2130188343255088
tall_local_seed42,external,1,42,536,faceswap_faces_c23/607_683,ffpp_test:49,1,faceswap,webp50,2.98828125,0.9520418961921002
tall_local_seed42,external,1,42,537,faceswap_faces_c23/683_607,ffpp_test:49,1,faceswap,webp50,2.98046875,0.9516839297321508
tall_local_seed42,external,1,42,538,neuraltextures_faces_c23/607_683,ffpp_test:49,1,neuraltextures,webp50,-3.40869140625,0.0320249382016387
tall_local_seed42,external,1,42,539,neuraltextures_faces_c23/683_607,ffpp_test:49,1,neuraltextures,webp50,-3.064453125,0.04459757622738623
tall_local_seed42,external,1,42,540,original_faces_c23/517,ffpp_test:45,0,real,webp50,-0.0823516845703125,0.47942370623558084
tall_local_seed42,external,1,42,541,original_faces_c23/521,ffpp_test:45,0,real,webp50,-3.676513671875,0.024686229143728883
tall_local_seed42,external,1,42,542,deepfakes_faces_c23/517_521,ffpp_test:45,1,deepfakes,webp50,2.88134765625,0.9469166450476828
tall_local_seed42,external,1,42,543,deepfakes_faces_c23/521_517,ffpp_test:45,1,deepfakes,webp50,2.912841796875,0.9484776141021334
tall_local_seed42,external,1,42,544,face2face_faces_c23/517_521,ffpp_test:45,1,face2face,webp50,2.189453125,0.8992983918150725
tall_local_seed42,external,1,42,545,face2face_faces_c23/521_517,ffpp_test:45,1,face2face,webp50,2.311248779296875,0.9098043830410685
tall_local_seed42,external,1,42,546,faceswap_faces_c23/517_521,ffpp_test:45,1,faceswap,webp50,2.85986328125,0.9458262946253299
tall_local_seed42,external,1,42,547,faceswap_faces_c23/521_517,ffpp_test:45,1,faceswap,webp50,2.98974609375,0.952108733939853
tall_local_seed42,external,1,42,548,neuraltextures_faces_c23/517_521,ffpp_test:45,1,neuraltextures,webp50,3.32275390625,0.9652012078145976
tall_local_seed42,external,1,42,549,neuraltextures_faces_c23/521_517,ffpp_test:45,1,neuraltextures,webp50,2.107666015625,0.8916460451667575
tall_local_seed42,external,1,42,550,original_faces_c23/682,ffpp_test:55,0,real,webp50,1.4355926513671875,0.8077712202614511
tall_local_seed42,external,1,42,551,original_faces_c23/669,ffpp_test:55,0,real,webp50,0.24886035919189453,0.5618959765935699
tall_local_seed42,external,1,42,552,deepfakes_faces_c23/682_669,ffpp_test:55,1,deepfakes,webp50,2.95556640625,0.9505259139289378
tall_local_seed42,external,1,42,553,deepfakes_faces_c23/669_682,ffpp_test:55,1,deepfakes,webp50,3.0771484375,0.9559402370982253
tall_local_seed42,external,1,42,554,face2face_faces_c23/682_669,ffpp_test:55,1,face2face,webp50,3.081298828125,0.9561147149065079
tall_local_seed42,external,1,42,555,face2face_faces_c23/669_682,ffpp_test:55,1,face2face,webp50,2.896728515625,0.9476844786288953
tall_local_seed42,external,1,42,556,faceswap_faces_c23/682_669,ffpp_test:55,1,faceswap,webp50,2.5296630859375,0.9261953260864129
tall_local_seed42,external,1,42,557,faceswap_faces_c23/669_682,ffpp_test:55,1,faceswap,webp50,2.942138671875,0.9498906222307708
tall_local_seed42,external,1,42,558,neuraltextures_faces_c23/682_669,ffpp_test:55,1,neuraltextures,webp50,3.3427734375,0.9658673940368829
tall_local_seed42,external,1,42,559,neuraltextures_faces_c23/669_682,ffpp_test:55,1,neuraltextures,webp50,3.252197265625,0.9627519880820411
tall_local_seed42,external,1,42,560,original_faces_c23/138,ffpp_test:12,0,real,webp50,2.0264892578125,0.8835503468282677
tall_local_seed42,external,1,42,561,original_faces_c23/142,ffpp_test:12,0,real,webp50,-3.3553466796875,0.03372051593754052
tall_local_seed42,external,1,42,562,deepfakes_faces_c23/138_142,ffpp_test:12,1,deepfakes,webp50,2.96240234375,0.9508463952105135
tall_local_seed42,external,1,42,563,deepfakes_faces_c23/142_138,ffpp_test:12,1,deepfakes,webp50,2.936767578125,0.9496343479652302
tall_local_seed42,external,1,42,564,face2face_faces_c23/138_142,ffpp_test:12,1,face2face,webp50,3.256591796875,0.9629092585236926
tall_local_seed42,external,1,42,565,face2face_faces_c23/142_138,ffpp_test:12,1,face2face,webp50,3.020751953125,0.9535028748052283
tall_local_seed42,external,1,42,566,faceswap_faces_c23/138_142,ffpp_test:12,1,faceswap,webp50,2.56048583984375,0.928274812017451
tall_local_seed42,external,1,42,567,faceswap_faces_c23/142_138,ffpp_test:12,1,faceswap,webp50,3.054443359375,0.9549739718399355
tall_local_seed42,external,1,42,568,neuraltextures_faces_c23/138_142,ffpp_test:12,1,neuraltextures,webp50,3.236083984375,0.962169827934415
tall_local_seed42,external,1,42,569,neuraltextures_faces_c23/142_138,ffpp_test:12,1,neuraltextures,webp50,2.4840087890625,0.92301314543007
tall_local_seed42,external,1,42,570,original_faces_c23/552,ffpp_test:47,0,real,webp50,-2.662841796875,0.0652019099748734
tall_local_seed42,external,1,42,571,original_faces_c23/851,ffpp_test:47,0,real,webp50,3.1748046875,0.9598750462680049
tall_local_seed42,external,1,42,572,deepfakes_faces_c23/552_851,ffpp_test:47,1,deepfakes,webp50,2.923095703125,0.9489764021254317
tall_local_seed42,external,1,42,573,deepfakes_faces_c23/851_552,ffpp_test:47,1,deepfakes,webp50,2.98046875,0.9516839297321508
tall_local_seed42,external,1,42,574,face2face_faces_c23/552_851,ffpp_test:47,1,face2face,webp50,2.6085205078125,0.9314079359809847
tall_local_seed42,external,1,42,575,face2face_faces_c23/851_552,ffpp_test:47,1,face2face,webp50,2.92919921875,0.9492711269541462
tall_local_seed42,external,1,42,576,faceswap_faces_c23/552_851,ffpp_test:47,1,faceswap,webp50,2.905517578125,0.9481185174913018
tall_local_seed42,external,1,42,577,faceswap_faces_c23/851_552,ffpp_test:47,1,faceswap,webp50,2.917236328125,0.9486919425527337
tall_local_seed42,external,1,42,578,neuraltextures_faces_c23/552_851,ffpp_test:47,1,neuraltextures,webp50,0.784912109375,0.6867378191331188
tall_local_seed42,external,1,42,579,neuraltextures_faces_c23/851_552,ffpp_test:47,1,neuraltextures,webp50,3.014892578125,0.9532424071987615
tall_local_seed42,external,1,42,580,original_faces_c23/376,ffpp_test:31,0,real,webp50,-3.026123046875,0.04625957618225023
tall_local_seed42,external,1,42,581,original_faces_c23/381,ffpp_test:31,0,real,webp50,-3.63427734375,0.025723821533023383
tall_local_seed42,external,1,42,582,deepfakes_faces_c23/376_381,ffpp_test:31,1,deepfakes,webp50,3.177490234375,0.9599783523029567
tall_local_seed42,external,1,42,583,deepfakes_faces_c23/381_376,ffpp_test:31,1,deepfakes,webp50,2.96044921875,0.9507550305533231
tall_local_seed42,external,1,42,584,face2face_faces_c23/376_381,ffpp_test:31,1,face2face,webp50,0.0257568359375,0.5064388530192205
tall_local_seed42,external,1,42,585,face2face_faces_c23/381_376,ffpp_test:31,1,face2face,webp50,0.070770263671875,0.5176851852826684
tall_local_seed42,external,1,42,586,faceswap_faces_c23/376_381,ffpp_test:31,1,faceswap,webp50,2.85009765625,0.9453237305401981
tall_local_seed42,external,1,42,587,faceswap_faces_c23/381_376,ffpp_test:31,1,faceswap,webp50,1.994140625,0.8801805072395273
tall_local_seed42,external,1,42,588,neuraltextures_faces_c23/376_381,ffpp_test:31,1,neuraltextures,webp50,1.94091796875,0.8744529573143205
tall_local_seed42,external,1,42,589,neuraltextures_faces_c23/381_376,ffpp_test:31,1,neuraltextures,webp50,-1.7894287109375,0.14314277947001072
tall_local_seed42,external,1,42,590,original_faces_c23/000,ffpp_test:0,0,real,webp50,-3.0267333984375,0.04623265515486618
tall_local_seed42,external,1,42,591,original_faces_c23/003,ffpp_test:0,0,real,webp50,-3.32568359375,0.03470052432038127
tall_local_seed42,external,1,42,592,deepfakes_faces_c23/000_003,ffpp_test:0,1,deepfakes,webp50,2.978759765625,0.951605287162315
tall_local_seed42,external,1,42,593,deepfakes_faces_c23/003_000,ffpp_test:0,1,deepfakes,webp50,3.3167724609375,0.9649997440213427
tall_local_seed42,external,1,42,594,face2face_faces_c23/000_003,ffpp_test:0,1,face2face,webp50,-0.852935791015625,0.29881737121645036
tall_local_seed42,external,1,42,595,face2face_faces_c23/003_000,ffpp_test:0,1,face2face,webp50,-0.8694992065429688,0.29535851738696656
tall_local_seed42,external,1,42,596,faceswap_faces_c23/000_003,ffpp_test:0,1,faceswap,webp50,3.039794921875,0.9543398937153366
tall_local_seed42,external,1,42,597,faceswap_faces_c23/003_000,ffpp_test:0,1,faceswap,webp50,2.952880859375,0.9503994694147232
tall_local_seed42,external,1,42,598,neuraltextures_faces_c23/000_003,ffpp_test:0,1,neuraltextures,webp50,-0.3465728759765625,0.41421373569217596
tall_local_seed42,external,1,42,599,neuraltextures_faces_c23/003_000,ffpp_test:0,1,neuraltextures,webp50,0.224609375,0.5559174577936432
tall_local_seed42,external,1,42,600,original_faces_c23/048,ffpp_test:4,0,real,webp50,-2.9912109375,0.047824516782877524
tall_local_seed42,external,1,42,601,original_faces_c23/029,ffpp_test:4,0,real,webp50,2.426025390625,0.9187904623073495
tall_local_seed42,external,1,42,602,deepfakes_faces_c23/048_029,ffpp_test:4,1,deepfakes,webp50,2.8896484375,0.9473323435429299
tall_local_seed42,external,1,42,603,deepfakes_faces_c23/029_048,ffpp_test:4,1,deepfakes,webp50,2.900146484375,0.9478536776920062
tall_local_seed42,external,1,42,604,face2face_faces_c23/048_029,ffpp_test:4,1,face2face,webp50,-0.03424072265625,0.4914406555868674
tall_local_seed42,external,1,42,605,face2face_faces_c23/029_048,ffpp_test:4,1,face2face,webp50,2.937255859375,0.949657696819592
tall_local_seed42,external,1,42,606,faceswap_faces_c23/048_029,ffpp_test:4,1,faceswap,webp50,2.86279296875,0.9459762127141781
tall_local_seed42,external,1,42,607,faceswap_faces_c23/029_048,ffpp_test:4,1,faceswap,webp50,3.004150390625,0.9527612758057464
tall_local_seed42,external,1,42,608,neuraltextures_faces_c23/048_029,ffpp_test:4,1,neuraltextures,webp50,0.00775146484375,0.5019378565079048
tall_local_seed42,external,1,42,609,neuraltextures_faces_c23/029_048,ffpp_test:4,1,neuraltextures,webp50,2.909912109375,0.9483342583800165
tall_local_seed42,external,1,42,610,original_faces_c23/724,ffpp_test:59,0,real,webp50,-0.424560546875,0.39542596799789403
tall_local_seed42,external,1,42,611,original_faces_c23/725,ffpp_test:59,0,real,webp50,-3.404541015625,0.03215384777146937
tall_local_seed42,external,1,42,612,deepfakes_faces_c23/724_725,ffpp_test:59,1,deepfakes,webp50,2.894287109375,0.9475633047260208
tall_local_seed42,external,1,42,613,deepfakes_faces_c23/725_724,ffpp_test:59,1,deepfakes,webp50,2.98291015625,0.951796065852083
tall_local_seed42,external,1,42,614,face2face_faces_c23/724_725,ffpp_test:59,1,face2face,webp50,3.015625,0.9532750413739076
tall_local_seed42,external,1,42,615,face2face_faces_c23/725_724,ffpp_test:59,1,face2face,webp50,3.267333984375,0.9632910139374548
tall_local_seed42,external,1,42,616,faceswap_faces_c23/724_725,ffpp_test:59,1,faceswap,webp50,2.853759765625,0.9455127047686126
tall_local_seed42,external,1,42,617,faceswap_faces_c23/725_724,ffpp_test:59,1,faceswap,webp50,2.92236328125,0.9489409264546004
tall_local_seed42,external,1,42,618,neuraltextures_faces_c23/724_725,ffpp_test:59,1,neuraltextures,webp50,3.029541015625,0.9538909896720728
tall_local_seed42,external,1,42,619,neuraltextures_faces_c23/725_724,ffpp_test:59,1,neuraltextures,webp50,-1.3577880859375,0.2046000314604407
tall_local_seed42,external,1,42,620,original_faces_c23/608,ffpp_test:50,0,real,webp50,-3.758544921875,0.02278632135169271
tall_local_seed42,external,1,42,621,original_faces_c23/675,ffpp_test:50,0,real,webp50,-3.744873046875,0.023092748911273386
tall_local_seed42,external,1,42,622,deepfakes_faces_c23/608_675,ffpp_test:50,1,deepfakes,webp50,2.928955078125,0.9492593689617701
tall_local_seed42,external,1,42,623,deepfakes_faces_c23/675_608,ffpp_test:50,1,deepfakes,webp50,3.01025390625,0.9530352202415573
tall_local_seed42,external,1,42,624,face2face_faces_c23/608_675,ffpp_test:50,1,face2face,webp50,2.99560546875,0.952375201266291
tall_local_seed42,external,1,42,625,face2face_faces_c23/675_608,ffpp_test:50,1,face2face,webp50,3.137451171875,0.9584114056205207
tall_local_seed42,external,1,42,626,faceswap_faces_c23/608_675,ffpp_test:50,1,faceswap,webp50,2.801025390625,0.9427312091324104
tall_local_seed42,external,1,42,627,faceswap_faces_c23/675_608,ffpp_test:50,1,faceswap,webp50,2.941650390625,0.949867375704659
tall_local_seed42,external,1,42,628,neuraltextures_faces_c23/608_675,ffpp_test:50,1,neuraltextures,webp50,-1.867950439453125,0.1337790519330342
tall_local_seed42,external,1,42,629,neuraltextures_faces_c23/675_608,ffpp_test:50,1,neuraltextures,webp50,-1.9434814453125,0.1252658814964457
tall_local_seed42,external,1,42,630,original_faces_c23/386,ffpp_test:14,0,real,webp50,-3.216552734375,0.03854754374730506
tall_local_seed42,external,1,42,631,original_faces_c23/154,ffpp_test:14,0,real,webp50,-3.539306640625,0.02821429245070741
tall_local_seed42,external,1,42,632,deepfakes_faces_c23/386_154,ffpp_test:14,1,deepfakes,webp50,3.075439453125,0.9558682011269763
tall_local_seed42,external,1,42,633,deepfakes_faces_c23/154_386,ffpp_test:14,1,deepfakes,webp50,2.888916015625,0.9472957882759311
tall_local_seed42,external,1,42,634,face2face_faces_c23/386_154,ffpp_test:14,1,face2face,webp50,3.101318359375,0.9569470933459987
tall_local_seed42,external,1,42,635,face2face_faces_c23/154_386,ffpp_test:14,1,face2face,webp50,3.038818359375,0.9542973208637164
tall_local_seed42,external,1,42,636,faceswap_faces_c23/386_154,ffpp_test:14,1,faceswap,webp50,3.3818359375,0.9671320154735467
tall_local_seed42,external,1,42,637,faceswap_faces_c23/154_386,ffpp_test:14,1,faceswap,webp50,2.7060546875,0.9373829732449939
tall_local_seed42,external,1,42,638,neuraltextures_faces_c23/386_154,ffpp_test:14,1,neuraltextures,webp50,-3.69921875,0.024145422717464924
tall_local_seed42,external,1,42,639,neuraltextures_faces_c23/154_386,ffpp_test:14,1,neuraltextures,webp50,-3.626220703125,0.025926511314736094
tall_local_seed42,external,1,42,640,original_faces_c23/220,ffpp_test:20,0,real,webp50,-2.521240234375,0.07438251024917987
tall_local_seed42,external,1,42,641,original_faces_c23/219,ffpp_test:20,0,real,webp50,-2.56976318359375,0.07110994500562924
tall_local_seed42,external,1,42,642,deepfakes_faces_c23/220_219,ffpp_test:20,1,deepfakes,webp50,-0.7266845703125,0.32592269687265113
tall_local_seed42,external,1,42,643,deepfakes_faces_c23/219_220,ffpp_test:20,1,deepfakes,webp50,2.96142578125,0.9508007329928808
tall_local_seed42,external,1,42,644,face2face_faces_c23/220_219,ffpp_test:20,1,face2face,webp50,3.2802734375,0.963745838687696
tall_local_seed42,external,1,42,645,face2face_faces_c23/219_220,ffpp_test:20,1,face2face,webp50,3.139404296875,0.9584891855332911
tall_local_seed42,external,1,42,646,faceswap_faces_c23/220_219,ffpp_test:20,1,faceswap,webp50,2.255828857421875,0.9051521358396494
tall_local_seed42,external,1,42,647,faceswap_faces_c23/219_220,ffpp_test:20,1,faceswap,webp50,2.94775390625,0.9501572243582167
tall_local_seed42,external,1,42,648,neuraltextures_faces_c23/220_219,ffpp_test:20,1,neuraltextures,webp50,0.4154052734375,0.6023832510646443
tall_local_seed42,external,1,42,649,neuraltextures_faces_c23/219_220,ffpp_test:20,1,neuraltextures,webp50,3.369384765625,0.966733911238095
tall_local_seed42,external,1,42,650,original_faces_c23/801,ffpp_test:63,0,real,webp50,-1.5546875,0.17441027833079015
tall_local_seed42,external,1,42,651,original_faces_c23/855,ffpp_test:63,0,real,webp50,-3.328125,0.03461883883917583
tall_local_seed42,external,1,42,652,deepfakes_faces_c23/801_855,ffpp_test:63,1,deepfakes,webp50,3.0654296875,0.9554440152649682
tall_local_seed42,external,1,42,653,deepfakes_faces_c23/855_801,ffpp_test:63,1,deepfakes,webp50,2.985595703125,0.951919130197999
tall_local_seed42,external,1,42,654,face2face_faces_c23/801_855,ffpp_test:63,1,face2face,webp50,2.8221435546875,0.9438607564328033
tall_local_seed42,external,1,42,655,face2face_faces_c23/855_801,ffpp_test:63,1,face2face,webp50,2.97265625,0.9513234279682939
tall_local_seed42,external,1,42,656,faceswap_faces_c23/801_855,ffpp_test:63,1,faceswap,webp50,2.8411865234375,0.9448613108452905
tall_local_seed42,external,1,42,657,faceswap_faces_c23/855_801,ffpp_test:63,1,faceswap,webp50,2.94384765625,0.9499719046862564
tall_local_seed42,external,1,42,658,neuraltextures_faces_c23/801_855,ffpp_test:63,1,neuraltextures,webp50,3.441162109375,0.9689664800324833
tall_local_seed42,external,1,42,659,neuraltextures_faces_c23/855_801,ffpp_test:63,1,neuraltextures,webp50,-0.9112701416015625,0.2867399973218327
tall_local_seed42,external,1,42,660,original_faces_c23/161,ffpp_test:13,0,real,webp50,-3.933837890625,0.0191928528359821
tall_local_seed42,external,1,42,661,original_faces_c23/141,ffpp_test:13,0,real,webp50,-0.182861328125,0.4544116302293528
tall_local_seed42,external,1,42,662,deepfakes_faces_c23/161_141,ffpp_test:13,1,deepfakes,webp50,2.84100341796875,0.9448517705636617
tall_local_seed42,external,1,42,663,deepfakes_faces_c23/141_161,ffpp_test:13,1,deepfakes,webp50,3.1494140625,0.9588856280210986
tall_local_seed42,external,1,42,664,face2face_faces_c23/161_141,ffpp_test:13,1,face2face,webp50,2.9873046875,0.9519972884918988
tall_local_seed42,external,1,42,665,face2face_faces_c23/141_161,ffpp_test:13,1,face2face,webp50,3.2021484375,0.9609150467080232
tall_local_seed42,external,1,42,666,faceswap_faces_c23/161_141,ffpp_test:13,1,faceswap,webp50,2.9970703125,0.9524415977014574
tall_local_seed42,external,1,42,667,faceswap_faces_c23/141_161,ffpp_test:13,1,faceswap,webp50,2.92626953125,0.9491298606840693
tall_local_seed42,external,1,42,668,neuraltextures_faces_c23/161_141,ffpp_test:13,1,neuraltextures,webp50,2.841552734375,0.9448803867464382
tall_local_seed42,external,1,42,669,neuraltextures_faces_c23/141_161,ffpp_test:13,1,neuraltextures,webp50,3.28759765625,0.9640008780042093
tall_local_seed42,external,1,42,670,original_faces_c23/949,ffpp_test:66,0,real,webp50,-3.0102767944335938,0.04696375531481383
tall_local_seed42,external,1,42,671,original_faces_c23/868,ffpp_test:66,0,real,webp50,-3.999267578125,0.017999151082615468
tall_local_seed42,external,1,42,672,deepfakes_faces_c23/949_868,ffpp_test:66,1,deepfakes,webp50,3.02880859375,0.9538587648717255
tall_local_seed42,external,1,42,673,deepfakes_faces_c23/868_949,ffpp_test:66,1,deepfakes,webp50,3.2119140625,0.9612801710369545
tall_local_seed42,external,1,42,674,face2face_faces_c23/949_868,ffpp_test:66,1,face2face,webp50,3.091796875,0.9565531031399481
tall_local_seed42,external,1,42,675,face2face_faces_c23/868_949,ffpp_test:66,1,face2face,webp50,2.776123046875,0.9413718377086842
tall_local_seed42,external,1,42,676,faceswap_faces_c23/949_868,ffpp_test:66,1,faceswap,webp50,2.13494873046875,0.894253893281833
tall_local_seed42,external,1,42,677,faceswap_faces_c23/868_949,ffpp_test:66,1,faceswap,webp50,2.8201904296875,0.9437571752068633
tall_local_seed42,external,1,42,678,neuraltextures_faces_c23/949_868,ffpp_test:66,1,neuraltextures,webp50,2.914794921875,0.9485729755214037
tall_local_seed42,external,1,42,679,neuraltextures_faces_c23/868_949,ffpp_test:66,1,neuraltextures,webp50,3.00439453125,0.9527722626837919
tall_local_seed42,external,1,42,680,original_faces_c23/880,ffpp_test:11,0,real,webp50,-1.3282470703125,0.20944946816367602
tall_local_seed42,external,1,42,681,original_faces_c23/135,ffpp_test:11,0,real,webp50,-3.0370635986328125,0.04577927221252872
tall_local_seed42,external,1,42,682,deepfakes_faces_c23/880_135,ffpp_test:11,1,deepfakes,webp50,3.22265625,0.9616780264794544
tall_local_seed42,external,1,42,683,deepfakes_faces_c23/135_880,ffpp_test:11,1,deepfakes,webp50,2.860595703125,0.9458638108755739
tall_local_seed42,external,1,42,684,face2face_faces_c23/880_135,ffpp_test:11,1,face2face,webp50,1.625335693359375,0.8355296732267417
tall_local_seed42,external,1,42,685,face2face_faces_c23/135_880,ffpp_test:11,1,face2face,webp50,3.00244140625,0.952684299615306
tall_local_seed42,external,1,42,686,faceswap_faces_c23/880_135,ffpp_test:11,1,faceswap,webp50,3.129638671875,0.9580988896782652
tall_local_seed42,external,1,42,687,faceswap_faces_c23/135_880,ffpp_test:11,1,faceswap,webp50,2.63525390625,0.9330962854747991
tall_local_seed42,external,1,42,688,neuraltextures_faces_c23/880_135,ffpp_test:11,1,neuraltextures,webp50,2.3135986328125,0.909997027283212
tall_local_seed42,external,1,42,689,neuraltextures_faces_c23/135_880,ffpp_test:11,1,neuraltextures,webp50,2.31640625,0.910226713428791
tall_local_seed42,external,1,42,690,original_faces_c23/429,ffpp_test:35,0,real,webp50,-3.474853515625,0.030036255782874454
tall_local_seed42,external,1,42,691,original_faces_c23/404,ffpp_test:35,0,real,webp50,-2.8892822265625,0.05268593109648658
tall_local_seed42,external,1,42,692,deepfakes_faces_c23/429_404,ffpp_test:35,1,deepfakes,webp50,2.96044921875,0.9507550305533231
tall_local_seed42,external,1,42,693,deepfakes_faces_c23/404_429,ffpp_test:35,1,deepfakes,webp50,2.766845703125,0.9408577112131844
tall_local_seed42,external,1,42,694,face2face_faces_c23/429_404,ffpp_test:35,1,face2face,webp50,1.5965576171875,0.8315367146166185
tall_local_seed42,external,1,42,695,face2face_faces_c23/404_429,ffpp_test:35,1,face2face,webp50,3.05908203125,0.9551730082122919
tall_local_seed42,external,1,42,696,faceswap_faces_c23/429_404,ffpp_test:35,1,faceswap,webp50,2.98486328125,0.9518855968102349
tall_local_seed42,external,1,42,697,faceswap_faces_c23/404_429,ffpp_test:35,1,faceswap,webp50,3.061767578125,0.9552878562452134
tall_local_seed42,external,1,42,698,neuraltextures_faces_c23/429_404,ffpp_test:35,1,neuraltextures,webp50,1.1787109375,0.7647159477410339
tall_local_seed42,external,1,42,699,neuraltextures_faces_c23/404_429,ffpp_test:35,1,neuraltextures,webp50,2.24072265625,0.9038472807777155
tall_local_seed42,external,1,42,0,original_faces_c23/953,ffpp_test:68,0,real,h264_crf35,-2.83203125,0.05561761160460151
tall_local_seed42,external,1,42,1,original_faces_c23/974,ffpp_test:68,0,real,h264_crf35,-2.393798828125,0.08364679077743545
tall_local_seed42,external,1,42,2,deepfakes_faces_c23/953_974,ffpp_test:68,1,deepfakes,h264_crf35,1.65972900390625,0.8402016217009991
tall_local_seed42,external,1,42,3,deepfakes_faces_c23/974_953,ffpp_test:68,1,deepfakes,h264_crf35,-2.578369140625,0.07054358689427288
tall_local_seed42,external,1,42,4,face2face_faces_c23/953_974,ffpp_test:68,1,face2face,h264_crf35,2.0665283203125,0.8876070898635138
tall_local_seed42,external,1,42,5,face2face_faces_c23/974_953,ffpp_test:68,1,face2face,h264_crf35,1.9503173828125,0.8754812450534369
tall_local_seed42,external,1,42,6,faceswap_faces_c23/953_974,ffpp_test:68,1,faceswap,h264_crf35,-2.871337890625,0.053588757664979905
tall_local_seed42,external,1,42,7,faceswap_faces_c23/974_953,ffpp_test:68,1,faceswap,h264_crf35,-2.614013671875,0.06824195176212966
tall_local_seed42,external,1,42,8,neuraltextures_faces_c23/953_974,ffpp_test:68,1,neuraltextures,h264_crf35,-2.997314453125,0.04754734477960625
tall_local_seed42,external,1,42,9,neuraltextures_faces_c23/974_953,ffpp_test:68,1,neuraltextures,h264_crf35,-2.7041015625,0.06273176562388892
tall_local_seed42,external,1,42,10,original_faces_c23/012,ffpp_test:1,0,real,h264_crf35,-3.41015625,0.03197956012519235
tall_local_seed42,external,1,42,11,original_faces_c23/026,ffpp_test:1,0,real,h264_crf35,-2.980224609375,0.04832729748917468
tall_local_seed42,external,1,42,12,deepfakes_faces_c23/012_026,ffpp_test:1,1,deepfakes,h264_crf35,-2.26611328125,0.09396859983967433
tall_local_seed42,external,1,42,13,deepfakes_faces_c23/026_012,ffpp_test:1,1,deepfakes,h264_crf35,1.5113525390625,0.8192615665699399
tall_local_seed42,external,1,42,14,face2face_faces_c23/012_026,ffpp_test:1,1,face2face,h264_crf35,-3.88232421875,0.02018697400000289
tall_local_seed42,external,1,42,15,face2face_faces_c23/026_012,ffpp_test:1,1,face2face,h264_crf35,-2.5224609375,0.07429850879485246
tall_local_seed42,external,1,42,16,faceswap_faces_c23/012_026,ffpp_test:1,1,faceswap,h264_crf35,2.6278076171875,0.932629929639681
tall_local_seed42,external,1,42,17,faceswap_faces_c23/026_012,ffpp_test:1,1,faceswap,h264_crf35,-1.2708740234375,0.21910767040169932
tall_local_seed42,external,1,42,18,neuraltextures_faces_c23/012_026,ffpp_test:1,1,neuraltextures,h264_crf35,0.525360107421875,0.628400282079543
tall_local_seed42,external,1,42,19,neuraltextures_faces_c23/026_012,ffpp_test:1,1,neuraltextures,h264_crf35,-3.4293212890625,0.03139156266056988
tall_local_seed42,external,1,42,20,original_faces_c23/078,ffpp_test:8,0,real,h264_crf35,-2.705810546875,0.0626313583963243
tall_local_seed42,external,1,42,21,original_faces_c23/955,ffpp_test:8,0,real,h264_crf35,-3.2177734375,0.03850232797449092
tall_local_seed42,external,1,42,22,deepfakes_faces_c23/078_955,ffpp_test:8,1,deepfakes,h264_crf35,-0.842041015625,0.3011050967195524
tall_local_seed42,external,1,42,23,deepfakes_faces_c23/955_078,ffpp_test:8,1,deepfakes,h264_crf35,-2.547088623046875,0.07262231789456261
tall_local_seed42,external,1,42,24,face2face_faces_c23/078_955,ffpp_test:8,1,face2face,h264_crf35,-3.1162109375,0.042443500403694
tall_local_seed42,external,1,42,25,face2face_faces_c23/955_078,ffpp_test:8,1,face2face,h264_crf35,-2.73626708984375,0.06086693503221512
tall_local_seed42,external,1,42,26,faceswap_faces_c23/078_955,ffpp_test:8,1,faceswap,h264_crf35,-2.7133026123046875,0.06219294782139535
tall_local_seed42,external,1,42,27,faceswap_faces_c23/955_078,ffpp_test:8,1,faceswap,h264_crf35,-0.9439582824707031,0.2801014818313455
tall_local_seed42,external,1,42,28,neuraltextures_faces_c23/078_955,ffpp_test:8,1,neuraltextures,h264_crf35,-2.252197265625,0.09516010172656547
tall_local_seed42,external,1,42,29,neuraltextures_faces_c23/955_078,ffpp_test:8,1,neuraltextures,h264_crf35,-0.30908203125,0.42333882042651344
tall_local_seed42,external,1,42,30,original_faces_c23/623,ffpp_test:51,0,real,h264_crf35,-2.843017578125,0.05504337177820373
tall_local_seed42,external,1,42,31,original_faces_c23/630,ffpp_test:51,0,real,h264_crf35,-3.321533203125,0.03483981625342063
tall_local_seed42,external,1,42,32,deepfakes_faces_c23/623_630,ffpp_test:51,1,deepfakes,h264_crf35,2.24200439453125,0.9039586156405288
tall_local_seed42,external,1,42,33,deepfakes_faces_c23/630_623,ffpp_test:51,1,deepfakes,h264_crf35,2.299835205078125,0.9088633898214104
tall_local_seed42,external,1,42,34,face2face_faces_c23/623_630,ffpp_test:51,1,face2face,h264_crf35,-0.80145263671875,0.30971487157479355
tall_local_seed42,external,1,42,35,face2face_faces_c23/630_623,ffpp_test:51,1,face2face,h264_crf35,-0.160888671875,0.45986437115054657
tall_local_seed42,external,1,42,36,faceswap_faces_c23/623_630,ffpp_test:51,1,faceswap,h264_crf35,1.206787109375,0.7697299714349545
tall_local_seed42,external,1,42,37,faceswap_faces_c23/630_623,ffpp_test:51,1,faceswap,h264_crf35,3.0966796875,0.9567555774629258
tall_local_seed42,external,1,42,38,neuraltextures_faces_c23/623_630,ffpp_test:51,1,neuraltextures,h264_crf35,-2.987060546875,0.04801386958778646
tall_local_seed42,external,1,42,39,neuraltextures_faces_c23/630_623,ffpp_test:51,1,neuraltextures,h264_crf35,-1.4033203125,0.19728975659174414
tall_local_seed42,external,1,42,40,original_faces_c23/919,ffpp_test:2,0,real,h264_crf35,-3.17333984375,0.04018141012527859
tall_local_seed42,external,1,42,41,original_faces_c23/015,ffpp_test:2,0,real,h264_crf35,-2.993408203125,0.04772455852150207
tall_local_seed42,external,1,42,42,deepfakes_faces_c23/919_015,ffpp_test:2,1,deepfakes,h264_crf35,-1.1720046997070312,0.23649281655205687
tall_local_seed42,external,1,42,43,deepfakes_faces_c23/015_919,ffpp_test:2,1,deepfakes,h264_crf35,-3.020751953125,0.04649712519477161
tall_local_seed42,external,1,42,44,face2face_faces_c23/919_015,ffpp_test:2,1,face2face,h264_crf35,-2.5184326171875,0.0745760451388694
tall_local_seed42,external,1,42,45,face2face_faces_c23/015_919,ffpp_test:2,1,face2face,h264_crf35,-3.000244140625,0.04741484493820869
tall_local_seed42,external,1,42,46,faceswap_faces_c23/919_015,ffpp_test:2,1,faceswap,h264_crf35,-2.2353515625,0.09662052045836951
tall_local_seed42,external,1,42,47,faceswap_faces_c23/015_919,ffpp_test:2,1,faceswap,h264_crf35,-1.9373779296875,0.1259362012668044
tall_local_seed42,external,1,42,48,neuraltextures_faces_c23/919_015,ffpp_test:2,1,neuraltextures,h264_crf35,-3.444580078125,0.030930904724411092
tall_local_seed42,external,1,42,49,neuraltextures_faces_c23/015_919,ffpp_test:2,1,neuraltextures,h264_crf35,-2.4932861328125,0.0763301893993916
tall_local_seed42,external,1,42,50,original_faces_c23/367,ffpp_test:30,0,real,h264_crf35,-2.4052734375,0.08277145342970021
tall_local_seed42,external,1,42,51,original_faces_c23/371,ffpp_test:30,0,real,h264_crf35,-2.966552734375,0.0489599883625411
tall_local_seed42,external,1,42,52,deepfakes_faces_c23/367_371,ffpp_test:30,1,deepfakes,h264_crf35,-0.69744873046875,0.3323781196430452
tall_local_seed42,external,1,42,53,deepfakes_faces_c23/371_367,ffpp_test:30,1,deepfakes,h264_crf35,1.2335205078125,0.7744341514355052
tall_local_seed42,external,1,42,54,face2face_faces_c23/367_371,ffpp_test:30,1,face2face,h264_crf35,-0.968963623046875,0.27508712230803134
tall_local_seed42,external,1,42,55,face2face_faces_c23/371_367,ffpp_test:30,1,face2face,h264_crf35,-3.65966796875,0.025095084123778647
tall_local_seed42,external,1,42,56,faceswap_faces_c23/367_371,ffpp_test:30,1,faceswap,h264_crf35,3.355712890625,0.9662914144382488
tall_local_seed42,external,1,42,57,faceswap_faces_c23/371_367,ffpp_test:30,1,faceswap,h264_crf35,-1.0124664306640625,0.2664974438064675
tall_local_seed42,external,1,42,58,neuraltextures_faces_c23/367_371,ffpp_test:30,1,neuraltextures,h264_crf35,-1.1923828125,0.2328330425476563
tall_local_seed42,external,1,42,59,neuraltextures_faces_c23/371_367,ffpp_test:30,1,neuraltextures,h264_crf35,-3.095458984375,0.04329495649579409
tall_local_seed42,external,1,42,60,original_faces_c23/847,ffpp_test:65,0,real,h264_crf35,-2.66064453125,0.06533596269461975
tall_local_seed42,external,1,42,61,original_faces_c23/906,ffpp_test:65,0,real,h264_crf35,-2.218231201171875,0.09812522586571028
tall_local_seed42,external,1,42,62,deepfakes_faces_c23/847_906,ffpp_test:65,1,deepfakes,h264_crf35,-1.1463794708251953,0.24115100869118117
tall_local_seed42,external,1,42,63,deepfakes_faces_c23/906_847,ffpp_test:65,1,deepfakes,h264_crf35,3.182861328125,0.9601842002105018
tall_local_seed42,external,1,42,64,face2face_faces_c23/847_906,ffpp_test:65,1,face2face,h264_crf35,-2.90478515625,0.051917522017037615
tall_local_seed42,external,1,42,65,face2face_faces_c23/906_847,ffpp_test:65,1,face2face,h264_crf35,0.00677490234375,0.5016937191075654
tall_local_seed42,external,1,42,66,faceswap_faces_c23/847_906,ffpp_test:65,1,faceswap,h264_crf35,-0.0941162109375,0.47648829998518705
tall_local_seed42,external,1,42,67,faceswap_faces_c23/906_847,ffpp_test:65,1,faceswap,h264_crf35,2.079833984375,0.8889276427462713
tall_local_seed42,external,1,42,68,neuraltextures_faces_c23/847_906,ffpp_test:65,1,neuraltextures,h264_crf35,-2.210693359375,0.0987943234409911
tall_local_seed42,external,1,42,69,neuraltextures_faces_c23/906_847,ffpp_test:65,1,neuraltextures,h264_crf35,-1.8280029296875,0.1384763529942386
tall_local_seed42,external,1,42,70,original_faces_c23/529,ffpp_test:46,0,real,h264_crf35,-2.8125,0.05665242530797383
tall_local_seed42,external,1,42,71,original_faces_c23/633,ffpp_test:46,0,real,h264_crf35,-2.717681884765625,0.06193801600270089
tall_local_seed42,external,1,42,72,deepfakes_faces_c23/529_633,ffpp_test:46,1,deepfakes,h264_crf35,-1.607421875,0.16694686006440515
tall_local_seed42,external,1,42,73,deepfakes_faces_c23/633_529,ffpp_test:46,1,deepfakes,h264_crf35,-0.85540771484375,0.2982996977239497
tall_local_seed42,external,1,42,74,face2face_faces_c23/529_633,ffpp_test:46,1,face2face,h264_crf35,-2.927978515625,0.050787688808459096
tall_local_seed42,external,1,42,75,face2face_faces_c23/633_529,ffpp_test:46,1,face2face,h264_crf35,-0.811676025390625,0.30753345988905045
tall_local_seed42,external,1,42,76,faceswap_faces_c23/529_633,ffpp_test:46,1,faceswap,h264_crf35,0.3953857421875,0.5975785319932698
tall_local_seed42,external,1,42,77,faceswap_faces_c23/633_529,ffpp_test:46,1,faceswap,h264_crf35,-2.261962890625,0.09432255385183472
tall_local_seed42,external,1,42,78,neuraltextures_faces_c23/529_633,ffpp_test:46,1,neuraltextures,h264_crf35,-2.758544921875,0.059605875246135274
tall_local_seed42,external,1,42,79,neuraltextures_faces_c23/633_529,ffpp_test:46,1,neuraltextures,h264_crf35,-0.76239013671875,0.3181275667428268
tall_local_seed42,external,1,42,80,original_faces_c23/418,ffpp_test:36,0,real,h264_crf35,-3.323974609375,0.03475781468382003
tall_local_seed42,external,1,42,81,original_faces_c23/507,ffpp_test:36,0,real,h264_crf35,-2.860595703125,0.05413618912442603
tall_local_seed42,external,1,42,82,deepfakes_faces_c23/418_507,ffpp_test:36,1,deepfakes,h264_crf35,2.6082763671875,0.9313923368789262
tall_local_seed42,external,1,42,83,deepfakes_faces_c23/507_418,ffpp_test:36,1,deepfakes,h264_crf35,-3.207763671875,0.03887460510379198
tall_local_seed42,external,1,42,84,face2face_faces_c23/418_507,ffpp_test:36,1,face2face,h264_crf35,2.94921875,0.9502265513945876
tall_local_seed42,external,1,42,85,face2face_faces_c23/507_418,ffpp_test:36,1,face2face,h264_crf35,-3.13037109375,0.04187171681073854
tall_local_seed42,external,1,42,86,faceswap_faces_c23/418_507,ffpp_test:36,1,faceswap,h264_crf35,2.2694091796875,0.9063116327446704
tall_local_seed42,external,1,42,87,faceswap_faces_c23/507_418,ffpp_test:36,1,faceswap,h264_crf35,-3.120849609375,0.04225537489606687
tall_local_seed42,external,1,42,88,neuraltextures_faces_c23/418_507,ffpp_test:36,1,neuraltextures,h264_crf35,-0.3515625,0.4130035702536834
tall_local_seed42,external,1,42,89,neuraltextures_faces_c23/507_418,ffpp_test:36,1,neuraltextures,h264_crf35,-3.2734375,0.03649376622902781
tall_local_seed42,external,1,42,90,original_faces_c23/227,ffpp_test:16,0,real,h264_crf35,-2.88897705078125,0.052701164536887515
tall_local_seed42,external,1,42,91,original_faces_c23/169,ffpp_test:16,0,real,h264_crf35,-3.627685546875,0.02588954334996891
tall_local_seed42,external,1,42,92,deepfakes_faces_c23/227_169,ffpp_test:16,1,deepfakes,h264_crf35,2.844970703125,0.9450581290401932
tall_local_seed42,external,1,42,93,deepfakes_faces_c23/169_227,ffpp_test:16,1,deepfakes,h264_crf35,-2.508087158203125,0.07529318125764461
tall_local_seed42,external,1,42,94,face2face_faces_c23/227_169,ffpp_test:16,1,face2face,h264_crf35,-3.2454833984375,0.03748952464492896
tall_local_seed42,external,1,42,95,face2face_faces_c23/169_227,ffpp_test:16,1,face2face,h264_crf35,-2.1119384765625,0.10794186812962192
tall_local_seed42,external,1,42,96,faceswap_faces_c23/227_169,ffpp_test:16,1,faceswap,h264_crf35,-1.639801025390625,0.16249213890720843
tall_local_seed42,external,1,42,97,faceswap_faces_c23/169_227,ffpp_test:16,1,faceswap,h264_crf35,-2.490020751953125,0.07656073019275136
tall_local_seed42,external,1,42,98,neuraltextures_faces_c23/227_169,ffpp_test:16,1,neuraltextures,h264_crf35,-3.093994140625,0.043355671668770676
tall_local_seed42,external,1,42,99,neuraltextures_faces_c23/169_227,ffpp_test:16,1,neuraltextures,h264_crf35,-3.758056640625,0.022797196495362514
tall_local_seed42,external,1,42,100,original_faces_c23/389,ffpp_test:33,0,real,h264_crf35,-3.016845703125,0.04667061646374668
tall_local_seed42,external,1,42,101,original_faces_c23/480,ffpp_test:33,0,real,h264_crf35,-3.75537109375,0.022857100457730293
tall_local_seed42,external,1,42,102,deepfakes_faces_c23/389_480,ffpp_test:33,1,deepfakes,h264_crf35,0.422607421875,0.6041070143580886
tall_local_seed42,external,1,42,103,deepfakes_faces_c23/480_389,ffpp_test:33,1,deepfakes,h264_crf35,-2.6195068359375,0.06789349630655207
tall_local_seed42,external,1,42,104,face2face_faces_c23/389_480,ffpp_test:33,1,face2face,h264_crf35,-2.849609375,0.05470151263137117
tall_local_seed42,external,1,42,105,face2face_faces_c23/480_389,ffpp_test:33,1,face2face,h264_crf35,-2.8974609375,0.05227922081872287
tall_local_seed42,external,1,42,106,faceswap_faces_c23/389_480,ffpp_test:33,1,faceswap,h264_crf35,-1.237457275390625,0.22487889385242116
tall_local_seed42,external,1,42,107,faceswap_faces_c23/480_389,ffpp_test:33,1,faceswap,h264_crf35,-0.09914398193359375,0.47523428746841545
tall_local_seed42,external,1,42,108,neuraltextures_faces_c23/389_480,ffpp_test:33,1,neuraltextures,h264_crf35,-3.1640625,0.04054073846348187
tall_local_seed42,external,1,42,109,neuraltextures_faces_c23/480_389,ffpp_test:33,1,neuraltextures,h264_crf35,-2.072998046875,0.11174910213251944
tall_local_seed42,external,1,42,110,original_faces_c23/821,ffpp_test:64,0,real,h264_crf35,-3.502685546875,0.029235915334671285
tall_local_seed42,external,1,42,111,original_faces_c23/812,ffpp_test:64,0,real,h264_crf35,-2.5986328125,0.06922646205439169
tall_local_seed42,external,1,42,112,deepfakes_faces_c23/821_812,ffpp_test:64,1,deepfakes,h264_crf35,-3.2705078125,0.03659691981809922
tall_local_seed42,external,1,42,113,deepfakes_faces_c23/812_821,ffpp_test:64,1,deepfakes,h264_crf35,0.14288330078125,0.5356601770573891
tall_local_seed42,external,1,42,114,face2face_faces_c23/821_812,ffpp_test:64,1,face2face,h264_crf35,-2.85528564453125,0.054408737764421046
tall_local_seed42,external,1,42,115,face2face_faces_c23/812_821,ffpp_test:64,1,face2face,h264_crf35,-3.302734375,0.03547750316512137
tall_local_seed42,external,1,42,116,faceswap_faces_c23/821_812,ffpp_test:64,1,faceswap,h264_crf35,-0.8147506713867188,0.3068790813911655
tall_local_seed42,external,1,42,117,faceswap_faces_c23/812_821,ffpp_test:64,1,faceswap,h264_crf35,-0.660919189453125,0.34053315862562644
tall_local_seed42,external,1,42,118,neuraltextures_faces_c23/821_812,ffpp_test:64,1,neuraltextures,h264_crf35,-3.106689453125,0.042832163364046494
tall_local_seed42,external,1,42,119,neuraltextures_faces_c23/812_821,ffpp_test:64,1,neuraltextures,h264_crf35,-1.9824371337890625,0.12105927769817357
tall_local_seed42,external,1,42,120,original_faces_c23/670,ffpp_test:54,0,real,h264_crf35,-2.9544677734375,0.049525776397698014
tall_local_seed42,external,1,42,121,original_faces_c23/661,ffpp_test:54,0,real,h264_crf35,-2.90087890625,0.052110132703363746
tall_local_seed42,external,1,42,122,deepfakes_faces_c23/670_661,ffpp_test:54,1,deepfakes,h264_crf35,2.91845703125,0.9487513284031909
tall_local_seed42,external,1,42,123,deepfakes_faces_c23/661_670,ffpp_test:54,1,deepfakes,h264_crf35,2.6500244140625,0.9340124952403985
tall_local_seed42,external,1,42,124,face2face_faces_c23/670_661,ffpp_test:54,1,face2face,h264_crf35,0.6721038818359375,0.6619740933536595
tall_local_seed42,external,1,42,125,face2face_faces_c23/661_670,ffpp_test:54,1,face2face,h264_crf35,-0.521026611328125,0.37261220897456493
tall_local_seed42,external,1,42,126,faceswap_faces_c23/670_661,ffpp_test:54,1,faceswap,h264_crf35,2.89990234375,0.9478416092134799
tall_local_seed42,external,1,42,127,faceswap_faces_c23/661_670,ffpp_test:54,1,faceswap,h264_crf35,2.914306640625,0.9485491508281537
tall_local_seed42,external,1,42,128,neuraltextures_faces_c23/670_661,ffpp_test:54,1,neuraltextures,h264_crf35,1.34881591796875,0.7939359778572801
tall_local_seed42,external,1,42,129,neuraltextures_faces_c23/661_670,ffpp_test:54,1,neuraltextures,h264_crf35,-2.439697265625,0.08019524022242348
tall_local_seed42,external,1,42,130,original_faces_c23/158,ffpp_test:15,0,real,h264_crf35,-3.000244140625,0.04741484493820869
tall_local_seed42,external,1,42,131,original_faces_c23/379,ffpp_test:15,0,real,h264_crf35,-2.631103515625,0.06716327968278389
tall_local_seed42,external,1,42,132,deepfakes_faces_c23/158_379,ffpp_test:15,1,deepfakes,h264_crf35,-1.700103759765625,0.15445171394769588
tall_local_seed42,external,1,42,133,deepfakes_faces_c23/379_158,ffpp_test:15,1,deepfakes,h264_crf35,-2.981903076171875,0.0482501603277767
tall_local_seed42,external,1,42,134,face2face_faces_c23/158_379,ffpp_test:15,1,face2face,h264_crf35,-0.9082183837890625,0.28736454933718425
tall_local_seed42,external,1,42,135,face2face_faces_c23/379_158,ffpp_test:15,1,face2face,h264_crf35,-2.784912109375,0.05814496357062334
tall_local_seed42,external,1,42,136,faceswap_faces_c23/158_379,ffpp_test:15,1,faceswap,h264_crf35,-1.34576416015625,0.2065637426006577
tall_local_seed42,external,1,42,137,faceswap_faces_c23/379_158,ffpp_test:15,1,faceswap,h264_crf35,-3.35546875,0.033716538692887876
tall_local_seed42,external,1,42,138,neuraltextures_faces_c23/158_379,ffpp_test:15,1,neuraltextures,h264_crf35,-2.726806640625,0.06140996657938118
tall_local_seed42,external,1,42,139,neuraltextures_faces_c23/379_158,ffpp_test:15,1,neuraltextures,h264_crf35,-2.970703125,0.048767095476989174
tall_local_seed42,external,1,42,140,original_faces_c23/423,ffpp_test:37,0,real,h264_crf35,-3.43701171875,0.031158567254093175
tall_local_seed42,external,1,42,141,original_faces_c23/421,ffpp_test:37,0,real,h264_crf35,-3.33056640625,0.034537338766770946
tall_local_seed42,external,1,42,142,deepfakes_faces_c23/423_421,ffpp_test:37,1,deepfakes,h264_crf35,2.867919921875,0.9462376284702096
tall_local_seed42,external,1,42,143,deepfakes_faces_c23/421_423,ffpp_test:37,1,deepfakes,h264_crf35,0.996978759765625,0.7304641522396527
tall_local_seed42,external,1,42,144,face2face_faces_c23/423_421,ffpp_test:37,1,face2face,h264_crf35,-4.080078125,0.016625078818586766
tall_local_seed42,external,1,42,145,face2face_faces_c23/421_423,ffpp_test:37,1,face2face,h264_crf35,-1.1069183349609375,0.24844585246054235
tall_local_seed42,external,1,42,146,faceswap_faces_c23/423_421,ffpp_test:37,1,faceswap,h264_crf35,-3.10302734375,0.04298255255967769
tall_local_seed42,external,1,42,147,faceswap_faces_c23/421_423,ffpp_test:37,1,faceswap,h264_crf35,-0.8017120361328125,0.30965941690437515
tall_local_seed42,external,1,42,148,neuraltextures_faces_c23/423_421,ffpp_test:37,1,neuraltextures,h264_crf35,-3.728271484375,0.023470251598060494
tall_local_seed42,external,1,42,149,neuraltextures_faces_c23/421_423,ffpp_test:37,1,neuraltextures,h264_crf35,0.5701446533203125,0.6387965524775642
tall_local_seed42,external,1,42,150,original_faces_c23/352,ffpp_test:28,0,real,h264_crf35,-2.79052734375,0.05783821205660181
tall_local_seed42,external,1,42,151,original_faces_c23/319,ffpp_test:28,0,real,h264_crf35,-3.027587890625,0.046194990760043866
tall_local_seed42,external,1,42,152,deepfakes_faces_c23/352_319,ffpp_test:28,1,deepfakes,h264_crf35,-3.2137451171875,0.03865173353638383
tall_local_seed42,external,1,42,153,deepfakes_faces_c23/319_352,ffpp_test:28,1,deepfakes,h264_crf35,-3.5150146484375,0.028888024525265687
tall_local_seed42,external,1,42,154,face2face_faces_c23/352_319,ffpp_test:28,1,face2face,h264_crf35,0.6109619140625,0.6481601964443742
tall_local_seed42,external,1,42,155,face2face_faces_c23/319_352,ffpp_test:28,1,face2face,h264_crf35,-2.110198974609375,0.10810947977193644
tall_local_seed42,external,1,42,156,faceswap_faces_c23/352_319,ffpp_test:28,1,faceswap,h264_crf35,-3.797119140625,0.021943013474960308
tall_local_seed42,external,1,42,157,faceswap_faces_c23/319_352,ffpp_test:28,1,faceswap,h264_crf35,-3.04730224609375,0.04533408621809336
tall_local_seed42,external,1,42,158,neuraltextures_faces_c23/352_319,ffpp_test:28,1,neuraltextures,h264_crf35,-1.978515625,0.12147716208963945
tall_local_seed42,external,1,42,159,neuraltextures_faces_c23/319_352,ffpp_test:28,1,neuraltextures,h264_crf35,-4.016845703125,0.017691072709779664
tall_local_seed42,external,1,42,160,original_faces_c23/579,ffpp_test:48,0,real,h264_crf35,-3.1776123046875,0.040016958029291956
tall_local_seed42,external,1,42,161,original_faces_c23/701,ffpp_test:48,0,real,h264_crf35,-3.138671875,0.04153996561206153
tall_local_seed42,external,1,42,162,deepfakes_faces_c23/579_701,ffpp_test:48,1,deepfakes,h264_crf35,-3.06005859375,0.04478519637262134
tall_local_seed42,external,1,42,163,deepfakes_faces_c23/701_579,ffpp_test:48,1,deepfakes,h264_crf35,-1.99755859375,0.119459492418752
tall_local_seed42,external,1,42,164,face2face_faces_c23/579_701,ffpp_test:48,1,face2face,h264_crf35,-3.0123291015625,0.04687198318105763
tall_local_seed42,external,1,42,165,face2face_faces_c23/701_579,ffpp_test:48,1,face2face,h264_crf35,-3.38232421875,0.032852466738058646
tall_local_seed42,external,1,42,166,faceswap_faces_c23/579_701,ffpp_test:48,1,faceswap,h264_crf35,-0.585174560546875,0.3577427985111794
tall_local_seed42,external,1,42,167,faceswap_faces_c23/701_579,ffpp_test:48,1,faceswap,h264_crf35,0.9097900390625,0.712957196328863
tall_local_seed42,external,1,42,168,neuraltextures_faces_c23/579_701,ffpp_test:48,1,neuraltextures,h264_crf35,-3.35546875,0.033716538692887876
tall_local_seed42,external,1,42,169,neuraltextures_faces_c23/701_579,ffpp_test:48,1,neuraltextures,h264_crf35,-2.990478515625,0.047857880369208176
tall_local_seed42,external,1,42,170,original_faces_c23/488,ffpp_test:34,0,real,h264_crf35,-1.8775634765625,0.13266898840098942
tall_local_seed42,external,1,42,171,original_faces_c23/399,ffpp_test:34,0,real,h264_crf35,-2.0403594970703125,0.11503013082589716
tall_local_seed42,external,1,42,172,deepfakes_faces_c23/488_399,ffpp_test:34,1,deepfakes,h264_crf35,3.00927734375,0.9529914908503303
tall_local_seed42,external,1,42,173,deepfakes_faces_c23/399_488,ffpp_test:34,1,deepfakes,h264_crf35,-1.21136474609375,0.22945966393910178
tall_local_seed42,external,1,42,174,face2face_faces_c23/488_399,ffpp_test:34,1,face2face,h264_crf35,3.08203125,0.9561454366001265
tall_local_seed42,external,1,42,175,face2face_faces_c23/399_488,ffpp_test:34,1,face2face,h264_crf35,2.764404296875,0.9407217141278353
tall_local_seed42,external,1,42,176,faceswap_faces_c23/488_399,ffpp_test:34,1,faceswap,h264_crf35,3.11181640625,0.9573775372791206
tall_local_seed42,external,1,42,177,faceswap_faces_c23/399_488,ffpp_test:34,1,faceswap,h264_crf35,3.31787109375,0.9650368316556588
tall_local_seed42,external,1,42,178,neuraltextures_faces_c23/488_399,ffpp_test:34,1,neuraltextures,h264_crf35,-1.4190673828125,0.19480783017901404
tall_local_seed42,external,1,42,179,neuraltextures_faces_c23/399_488,ffpp_test:34,1,neuraltextures,h264_crf35,-0.2457733154296875,0.43886410216570887
tall_local_seed42,external,1,42,180,original_faces_c23/695,ffpp_test:38,0,real,h264_crf35,-2.83740234375,0.05533617112757677
tall_local_seed42,external,1,42,181,original_faces_c23/422,ffpp_test:38,0,real,h264_crf35,-2.9052734375,0.05189349304975847
tall_local_seed42,external,1,42,182,deepfakes_faces_c23/695_422,ffpp_test:38,1,deepfakes,h264_crf35,-3.27587890625,0.03640801864779824
tall_local_seed42,external,1,42,183,deepfakes_faces_c23/422_695,ffpp_test:38,1,deepfakes,h264_crf35,-0.9305419921875,0.28281476898046676
tall_local_seed42,external,1,42,184,face2face_faces_c23/695_422,ffpp_test:38,1,face2face,h264_crf35,-2.90283203125,0.05201374309563722
tall_local_seed42,external,1,42,185,face2face_faces_c23/422_695,ffpp_test:38,1,face2face,h264_crf35,0.6367034912109375,0.6540079006207156
tall_local_seed42,external,1,42,186,faceswap_faces_c23/695_422,ffpp_test:38,1,faceswap,h264_crf35,-3.2412109375,0.03764399739466935
tall_local_seed42,external,1,42,187,faceswap_faces_c23/422_695,ffpp_test:38,1,faceswap,h264_crf35,-2.280029296875,0.09279048686471497
tall_local_seed42,external,1,42,188,neuraltextures_faces_c23/695_422,ffpp_test:38,1,neuraltextures,h264_crf35,-2.69140625,0.06348236212647844
tall_local_seed42,external,1,42,189,neuraltextures_faces_c23/422_695,ffpp_test:38,1,neuraltextures,h264_crf35,-3.103271484375,0.042972510942652135
tall_local_seed42,external,1,42,190,original_faces_c23/288,ffpp_test:25,0,real,h264_crf35,-2.99462890625,0.047669111936704096
tall_local_seed42,external,1,42,191,original_faces_c23/321,ffpp_test:25,0,real,h264_crf35,-3.130126953125,0.04188151245614991
tall_local_seed42,external,1,42,192,deepfakes_faces_c23/288_321,ffpp_test:25,1,deepfakes,h264_crf35,0.89501953125,0.7099249404509319
tall_local_seed42,external,1,42,193,deepfakes_faces_c23/321_288,ffpp_test:25,1,deepfakes,h264_crf35,-0.1123046875,0.4719532998136179
tall_local_seed42,external,1,42,194,face2face_faces_c23/288_321,ffpp_test:25,1,face2face,h264_crf35,-2.914794921875,0.05142702447859632
tall_local_seed42,external,1,42,195,face2face_faces_c23/321_288,ffpp_test:25,1,face2face,h264_crf35,-1.61138916015625,0.16639583627691326
tall_local_seed42,external,1,42,196,faceswap_faces_c23/288_321,ffpp_test:25,1,faceswap,h264_crf35,2.291229248046875,0.9081480394712216
tall_local_seed42,external,1,42,197,faceswap_faces_c23/321_288,ffpp_test:25,1,faceswap,h264_crf35,2.733642578125,0.9389828692160811
tall_local_seed42,external,1,42,198,neuraltextures_faces_c23/288_321,ffpp_test:25,1,neuraltextures,h264_crf35,-3.248291015625,0.03738834586975453
tall_local_seed42,external,1,42,199,neuraltextures_faces_c23/321_288,ffpp_test:25,1,neuraltextures,h264_crf35,-2.837646484375,0.055323410286573727
tall_local_seed42,external,1,42,200,original_faces_c23/705,ffpp_test:57,0,real,h264_crf35,-1.563232421875,0.17318330471491117
tall_local_seed42,external,1,42,201,original_faces_c23/707,ffpp_test:57,0,real,h264_crf35,-2.622802734375,0.06768521558807271
tall_local_seed42,external,1,42,202,deepfakes_faces_c23/705_707,ffpp_test:57,1,deepfakes,h264_crf35,2.824462890625,0.9439835261029814
tall_local_seed42,external,1,42,203,deepfakes_faces_c23/707_705,ffpp_test:57,1,deepfakes,h264_crf35,0.922119140625,0.7154736983698745
tall_local_seed42,external,1,42,204,face2face_faces_c23/705_707,ffpp_test:57,1,face2face,h264_crf35,-2.8013916015625,0.057249022682580614
tall_local_seed42,external,1,42,205,face2face_faces_c23/707_705,ffpp_test:57,1,face2face,h264_crf35,-2.5079345703125,0.07530380574346465
tall_local_seed42,external,1,42,206,faceswap_faces_c23/705_707,ffpp_test:57,1,faceswap,h264_crf35,2.680908203125,0.9358906367712931
tall_local_seed42,external,1,42,207,faceswap_faces_c23/707_705,ffpp_test:57,1,faceswap,h264_crf35,1.841644287109375,0.8631430583292494
tall_local_seed42,external,1,42,208,neuraltextures_faces_c23/705_707,ffpp_test:57,1,neuraltextures,h264_crf35,0.1304931640625,0.5325770759946598
tall_local_seed42,external,1,42,209,neuraltextures_faces_c23/707_705,ffpp_test:57,1,neuraltextures,h264_crf35,-2.871337890625,0.053588757664979905
tall_local_seed42,external,1,42,210,original_faces_c23/306,ffpp_test:24,0,real,h264_crf35,-3.33966064453125,0.03423537613591703
tall_local_seed42,external,1,42,211,original_faces_c23/278,ffpp_test:24,0,real,h264_crf35,-2.7578125,0.0596469429451214
tall_local_seed42,external,1,42,212,deepfakes_faces_c23/306_278,ffpp_test:24,1,deepfakes,h264_crf35,1.80517578125,0.8587778123824836
tall_local_seed42,external,1,42,213,deepfakes_faces_c23/278_306,ffpp_test:24,1,deepfakes,h264_crf35,-1.11865234375,0.24626134550330964
tall_local_seed42,external,1,42,214,face2face_faces_c23/306_278,ffpp_test:24,1,face2face,h264_crf35,-3.468017578125,0.030236055634365412
tall_local_seed42,external,1,42,215,face2face_faces_c23/278_306,ffpp_test:24,1,face2face,h264_crf35,-2.5940399169921875,0.06952298756766963
tall_local_seed42,external,1,42,216,faceswap_faces_c23/306_278,ffpp_test:24,1,faceswap,h264_crf35,-1.13677978515625,0.24291208681075144
tall_local_seed42,external,1,42,217,faceswap_faces_c23/278_306,ffpp_test:24,1,faceswap,h264_crf35,-1.2548828125,0.22185604519014185
tall_local_seed42,external,1,42,218,neuraltextures_faces_c23/306_278,ffpp_test:24,1,neuraltextures,h264_crf35,-2.326019287109375,0.08899085798957572
tall_local_seed42,external,1,42,219,neuraltextures_faces_c23/278_306,ffpp_test:24,1,neuraltextures,h264_crf35,-0.8621826171875,0.29688353617222374
tall_local_seed42,external,1,42,220,original_faces_c23/865,ffpp_test:61,0,real,h264_crf35,-3.16845703125,0.040370148274289516
tall_local_seed42,external,1,42,221,original_faces_c23/739,ffpp_test:61,0,real,h264_crf35,-3.047607421875,0.04532088037633832
tall_local_seed42,external,1,42,222,deepfakes_faces_c23/865_739,ffpp_test:61,1,deepfakes,h264_crf35,3.04931640625,0.9547530046470379
tall_local_seed42,external,1,42,223,deepfakes_faces_c23/739_865,ffpp_test:61,1,deepfakes,h264_crf35,2.71484375,0.9378968783862601
tall_local_seed42,external,1,42,224,face2face_faces_c23/865_739,ffpp_test:61,1,face2face,h264_crf35,-3.25244140625,0.037239257878310714
tall_local_seed42,external,1,42,225,face2face_faces_c23/739_865,ffpp_test:61,1,face2face,h264_crf35,-0.9053573608398438,0.28795080350598157
tall_local_seed42,external,1,42,226,faceswap_faces_c23/865_739,ffpp_test:61,1,faceswap,h264_crf35,3.061279296875,0.9552669956667589
tall_local_seed42,external,1,42,227,faceswap_faces_c23/739_865,ffpp_test:61,1,faceswap,h264_crf35,2.647216796875,0.9338392419355416
tall_local_seed42,external,1,42,228,neuraltextures_faces_c23/865_739,ffpp_test:61,1,neuraltextures,h264_crf35,-3.550537109375,0.027907998772003745
tall_local_seed42,external,1,42,229,neuraltextures_faces_c23/739_865,ffpp_test:61,1,neuraltextures,h264_crf35,-2.7921142578125,0.057751797075903166
tall_local_seed42,external,1,42,230,original_faces_c23/995,ffpp_test:21,0,real,h264_crf35,-3.101318359375,0.04305290665400133
tall_local_seed42,external,1,42,231,original_faces_c23/233,ffpp_test:21,0,real,h264_crf35,-2.787109375,0.05802474899879611
tall_local_seed42,external,1,42,232,deepfakes_faces_c23/995_233,ffpp_test:21,1,deepfakes,h264_crf35,-3.42919921875,0.03139527455898827
tall_local_seed42,external,1,42,233,deepfakes_faces_c23/233_995,ffpp_test:21,1,deepfakes,h264_crf35,-0.418701171875,0.396827590033322
tall_local_seed42,external,1,42,234,face2face_faces_c23/995_233,ffpp_test:21,1,face2face,h264_crf35,-0.4306640625,0.393967770728693
tall_local_seed42,external,1,42,235,face2face_faces_c23/233_995,ffpp_test:21,1,face2face,h264_crf35,-2.8876953125,0.05276519041926072
tall_local_seed42,external,1,42,236,faceswap_faces_c23/995_233,ffpp_test:21,1,faceswap,h264_crf35,-1.51727294921875,0.17986344257688083
tall_local_seed42,external,1,42,237,faceswap_faces_c23/233_995,ffpp_test:21,1,faceswap,h264_crf35,-1.340087890625,0.20749560535006836
tall_local_seed42,external,1,42,238,neuraltextures_faces_c23/995_233,ffpp_test:21,1,neuraltextures,h264_crf35,-3.60107421875,0.02656919662857626
tall_local_seed42,external,1,42,239,neuraltextures_faces_c23/233_995,ffpp_test:21,1,neuraltextures,h264_crf35,-2.779296875,0.05845324104109675
tall_local_seed42,external,1,42,240,original_faces_c23/755,ffpp_test:62,0,real,h264_crf35,-2.7998046875,0.05733473113073018
tall_local_seed42,external,1,42,241,original_faces_c23/759,ffpp_test:62,0,real,h264_crf35,-2.9697265625,0.048812417071503016
tall_local_seed42,external,1,42,242,deepfakes_faces_c23/755_759,ffpp_test:62,1,deepfakes,h264_crf35,2.27679443359375,0.906936842067322
tall_local_seed42,external,1,42,243,deepfakes_faces_c23/759_755,ffpp_test:62,1,deepfakes,h264_crf35,-2.7638168334960938,0.05931105388074925
tall_local_seed42,external,1,42,244,face2face_faces_c23/755_759,ffpp_test:62,1,face2face,h264_crf35,-0.78466796875,0.31331470498652875
tall_local_seed42,external,1,42,245,face2face_faces_c23/759_755,ffpp_test:62,1,face2face,h264_crf35,-3.12744140625,0.041989409288261656
tall_local_seed42,external,1,42,246,faceswap_faces_c23/755_759,ffpp_test:62,1,faceswap,h264_crf35,-2.99169921875,0.04780228666590539
tall_local_seed42,external,1,42,247,faceswap_faces_c23/759_755,ffpp_test:62,1,faceswap,h264_crf35,-2.16748046875,0.10270900077722551
tall_local_seed42,external,1,42,248,neuraltextures_faces_c23/755_759,ffpp_test:62,1,neuraltextures,h264_crf35,-1.3446044921875,0.2067538712485496
tall_local_seed42,external,1,42,249,neuraltextures_faces_c23/759_755,ffpp_test:62,1,neuraltextures,h264_crf35,-3.0416259765625,0.04558038394376842
tall_local_seed42,external,1,42,250,original_faces_c23/467,ffpp_test:43,0,real,h264_crf35,-3.6787109375,0.024633381191633115
tall_local_seed42,external,1,42,251,original_faces_c23/462,ffpp_test:43,0,real,h264_crf35,-2.307861328125,0.09047397860077822
tall_local_seed42,external,1,42,252,deepfakes_faces_c23/467_462,ffpp_test:43,1,deepfakes,h264_crf35,-3.285888671875,0.036058476248790466
tall_local_seed42,external,1,42,253,deepfakes_faces_c23/462_467,ffpp_test:43,1,deepfakes,h264_crf35,2.715576171875,0.9379395255880815
tall_local_seed42,external,1,42,254,face2face_faces_c23/467_462,ffpp_test:43,1,face2face,h264_crf35,-2.978759765625,0.04839471283768514
tall_local_seed42,external,1,42,255,face2face_faces_c23/462_467,ffpp_test:43,1,face2face,h264_crf35,-2.35595703125,0.08659343915453972
tall_local_seed42,external,1,42,256,faceswap_faces_c23/467_462,ffpp_test:43,1,faceswap,h264_crf35,-0.839111328125,0.30172198156944
tall_local_seed42,external,1,42,257,faceswap_faces_c23/462_467,ffpp_test:43,1,faceswap,h264_crf35,1.052764892578125,0.7413054808925843
tall_local_seed42,external,1,42,258,neuraltextures_faces_c23/467_462,ffpp_test:43,1,neuraltextures,h264_crf35,-2.610595703125,0.0684596042489482
tall_local_seed42,external,1,42,259,neuraltextures_faces_c23/462_467,ffpp_test:43,1,neuraltextures,h264_crf35,-2.51708984375,0.07466876887503714
tall_local_seed42,external,1,42,260,original_faces_c23/314,ffpp_test:27,0,real,h264_crf35,-2.7716064453125,0.05887793509812177
tall_local_seed42,external,1,42,261,original_faces_c23/347,ffpp_test:27,0,real,h264_crf35,-3.174560546875,0.04013435784975584
tall_local_seed42,external,1,42,262,deepfakes_faces_c23/314_347,ffpp_test:27,1,deepfakes,h264_crf35,2.29541015625,0.9084961960608494
tall_local_seed42,external,1,42,263,deepfakes_faces_c23/347_314,ffpp_test:27,1,deepfakes,h264_crf35,1.9366455078125,0.8739831543711168
tall_local_seed42,external,1,42,264,face2face_faces_c23/314_347,ffpp_test:27,1,face2face,h264_crf35,-1.66912841796875,0.15854041795294146
tall_local_seed42,external,1,42,265,face2face_faces_c23/347_314,ffpp_test:27,1,face2face,h264_crf35,-2.5458984375,0.07270251567170312
tall_local_seed42,external,1,42,266,faceswap_faces_c23/314_347,ffpp_test:27,1,faceswap,h264_crf35,-2.922607421875,0.0510472457294028
tall_local_seed42,external,1,42,267,faceswap_faces_c23/347_314,ffpp_test:27,1,faceswap,h264_crf35,-0.12835693359375,0.46795475132277237
tall_local_seed42,external,1,42,268,neuraltextures_faces_c23/314_347,ffpp_test:27,1,neuraltextures,h264_crf35,-1.982177734375,0.12108688152822422
tall_local_seed42,external,1,42,269,neuraltextures_faces_c23/347_314,ffpp_test:27,1,neuraltextures,h264_crf35,-3.203857421875,0.03902081895342216
tall_local_seed42,external,1,42,270,original_faces_c23/741,ffpp_test:60,0,real,h264_crf35,-3.159912109375,0.04070248519207764
tall_local_seed42,external,1,42,271,original_faces_c23/731,ffpp_test:60,0,real,h264_crf35,-2.754638671875,0.059825209374831004
tall_local_seed42,external,1,42,272,deepfakes_faces_c23/741_731,ffpp_test:60,1,deepfakes,h264_crf35,-3.3818359375,0.03286798452645339
tall_local_seed42,external,1,42,273,deepfakes_faces_c23/731_741,ffpp_test:60,1,deepfakes,h264_crf35,-0.59710693359375,0.35500586034529774
tall_local_seed42,external,1,42,274,face2face_faces_c23/741_731,ffpp_test:60,1,face2face,h264_crf35,-3.32666015625,0.03466782785395281
tall_local_seed42,external,1,42,275,face2face_faces_c23/731_741,ffpp_test:60,1,face2face,h264_crf35,-3.1865234375,0.03967603121064949
tall_local_seed42,external,1,42,276,faceswap_faces_c23/741_731,ffpp_test:60,1,faceswap,h264_crf35,-3.049560546875,0.045236449720908234
tall_local_seed42,external,1,42,277,faceswap_faces_c23/731_741,ffpp_test:60,1,faceswap,h264_crf35,-0.902099609375,0.2886192181801091
tall_local_seed42,external,1,42,278,neuraltextures_faces_c23/741_731,ffpp_test:60,1,neuraltextures,h264_crf35,-3.572021484375,0.027331020359150113
tall_local_seed42,external,1,42,279,neuraltextures_faces_c23/731_741,ffpp_test:60,1,neuraltextures,h264_crf35,-3.027587890625,0.046194990760043866
tall_local_seed42,external,1,42,280,original_faces_c23/970,ffpp_test:69,0,real,h264_crf35,-2.751708984375,0.059990205685276875
tall_local_seed42,external,1,42,281,original_faces_c23/973,ffpp_test:69,0,real,h264_crf35,-3.065673828125,0.044545592641347526
tall_local_seed42,external,1,42,282,deepfakes_faces_c23/970_973,ffpp_test:69,1,deepfakes,h264_crf35,-0.01171875,0.49707034602715217
tall_local_seed42,external,1,42,283,deepfakes_faces_c23/973_970,ffpp_test:69,1,deepfakes,h264_crf35,0.141845703125,0.5354020875761553
tall_local_seed42,external,1,42,284,face2face_faces_c23/970_973,ffpp_test:69,1,face2face,h264_crf35,-3.197265625,0.03926875192716634
tall_local_seed42,external,1,42,285,face2face_faces_c23/973_970,ffpp_test:69,1,face2face,h264_crf35,-3.4541015625,0.030646777128057807
tall_local_seed42,external,1,42,286,faceswap_faces_c23/970_973,ffpp_test:69,1,faceswap,h264_crf35,0.58428955078125,0.6420538334980543
tall_local_seed42,external,1,42,287,faceswap_faces_c23/973_970,ffpp_test:69,1,faceswap,h264_crf35,-2.15667724609375,0.10370890617793443
tall_local_seed42,external,1,42,288,neuraltextures_faces_c23/970_973,ffpp_test:69,1,neuraltextures,h264_crf35,-3.16259765625,0.04059775512880885
tall_local_seed42,external,1,42,289,neuraltextures_faces_c23/973_970,ffpp_test:69,1,neuraltextures,h264_crf35,-3.1923828125,0.03945337939576108
tall_local_seed42,external,1,42,290,original_faces_c23/634,ffpp_test:53,0,real,h264_crf35,-3.048095703125,0.04529975865089336
tall_local_seed42,external,1,42,291,original_faces_c23/660,ffpp_test:53,0,real,h264_crf35,-2.251953125,0.09518112544911916
tall_local_seed42,external,1,42,292,deepfakes_faces_c23/634_660,ffpp_test:53,1,deepfakes,h264_crf35,-2.8065185546875,0.05697294026418578
tall_local_seed42,external,1,42,293,deepfakes_faces_c23/660_634,ffpp_test:53,1,deepfakes,h264_crf35,-0.035888671875,0.4910287949175102
tall_local_seed42,external,1,42,294,face2face_faces_c23/634_660,ffpp_test:53,1,face2face,h264_crf35,-2.5303955078125,0.07375462297890015
tall_local_seed42,external,1,42,295,face2face_faces_c23/660_634,ffpp_test:53,1,face2face,h264_crf35,2.93408203125,0.9495057458580494
tall_local_seed42,external,1,42,296,faceswap_faces_c23/634_660,ffpp_test:53,1,faceswap,h264_crf35,-0.1257171630859375,0.46861203839437815
tall_local_seed42,external,1,42,297,faceswap_faces_c23/660_634,ffpp_test:53,1,faceswap,h264_crf35,1.9546279907226562,0.8759504008714879
tall_local_seed42,external,1,42,298,neuraltextures_faces_c23/634_660,ffpp_test:53,1,neuraltextures,h264_crf35,-2.951416015625,0.04966962936198821
tall_local_seed42,external,1,42,299,neuraltextures_faces_c23/660_634,ffpp_test:53,1,neuraltextures,h264_crf35,-1.7723388671875,0.1452517090411258
tall_local_seed42,external,1,42,300,original_faces_c23/494,ffpp_test:40,0,real,h264_crf35,-3.053955078125,0.04504702827656858
tall_local_seed42,external,1,42,301,original_faces_c23/445,ffpp_test:40,0,real,h264_crf35,-1.9647216796875,0.12295696134149926
tall_local_seed42,external,1,42,302,deepfakes_faces_c23/494_445,ffpp_test:40,1,deepfakes,h264_crf35,-0.89013671875,0.2910816142890706
tall_local_seed42,external,1,42,303,deepfakes_faces_c23/445_494,ffpp_test:40,1,deepfakes,h264_crf35,2.00091552734375,0.8808931689693102
tall_local_seed42,external,1,42,304,face2face_faces_c23/494_445,ffpp_test:40,1,face2face,h264_crf35,-3.2607421875,0.03694279465471403
tall_local_seed42,external,1,42,305,face2face_faces_c23/445_494,ffpp_test:40,1,face2face,h264_crf35,-2.01904296875,0.11721798621545297
tall_local_seed42,external,1,42,306,faceswap_faces_c23/494_445,ffpp_test:40,1,faceswap,h264_crf35,-1.60662841796875,0.16705723974535847
tall_local_seed42,external,1,42,307,faceswap_faces_c23/445_494,ffpp_test:40,1,faceswap,h264_crf35,3.187744140625,0.9603704537025703
tall_local_seed42,external,1,42,308,neuraltextures_faces_c23/494_445,ffpp_test:40,1,neuraltextures,h264_crf35,-3.180419921875,0.03990924091008744
tall_local_seed42,external,1,42,309,neuraltextures_faces_c23/445_494,ffpp_test:40,1,neuraltextures,h264_crf35,-0.9154052734375,0.2858950257996973
tall_local_seed42,external,1,42,310,original_faces_c23/706,ffpp_test:44,0,real,h264_crf35,-2.906494140625,0.051833466616546385
tall_local_seed42,external,1,42,311,original_faces_c23/479,ffpp_test:44,0,real,h264_crf35,-2.6708984375,0.06471256953862452
tall_local_seed42,external,1,42,312,deepfakes_faces_c23/706_479,ffpp_test:44,1,deepfakes,h264_crf35,1.9354248046875,0.8738486488909559
tall_local_seed42,external,1,42,313,deepfakes_faces_c23/479_706,ffpp_test:44,1,deepfakes,h264_crf35,0.0214996337890625,0.505374701417936
tall_local_seed42,external,1,42,314,face2face_faces_c23/706_479,ffpp_test:44,1,face2face,h264_crf35,-3.037841796875,0.045745289779535105
tall_local_seed42,external,1,42,315,face2face_faces_c23/479_706,ffpp_test:44,1,face2face,h264_crf35,-0.9573974609375,0.27739956901335494
tall_local_seed42,external,1,42,316,faceswap_faces_c23/706_479,ffpp_test:44,1,faceswap,h264_crf35,1.440216064453125,0.8084881080268366
tall_local_seed42,external,1,42,317,faceswap_faces_c23/479_706,ffpp_test:44,1,faceswap,h264_crf35,-0.0040283203125,0.49899292128372746
tall_local_seed42,external,1,42,318,neuraltextures_faces_c23/706_479,ffpp_test:44,1,neuraltextures,h264_crf35,-2.828369140625,0.0558102746300287
tall_local_seed42,external,1,42,319,neuraltextures_faces_c23/479_706,ffpp_test:44,1,neuraltextures,h264_crf35,-2.783447265625,0.05822523640158679
tall_local_seed42,external,1,42,320,original_faces_c23/186,ffpp_test:17,0,real,h264_crf35,-0.813812255859375,0.30707872258500646
tall_local_seed42,external,1,42,321,original_faces_c23/170,ffpp_test:17,0,real,h264_crf35,-3.162109375,0.040616777743879826
tall_local_seed42,external,1,42,322,deepfakes_faces_c23/186_170,ffpp_test:17,1,deepfakes,h264_crf35,-1.876312255859375,0.13281302995912625
tall_local_seed42,external,1,42,323,deepfakes_faces_c23/170_186,ffpp_test:17,1,deepfakes,h264_crf35,2.541412353515625,0.9269944662880888
tall_local_seed42,external,1,42,324,face2face_faces_c23/186_170,ffpp_test:17,1,face2face,h264_crf35,0.303955078125,0.5754090826906352
tall_local_seed42,external,1,42,325,face2face_faces_c23/170_186,ffpp_test:17,1,face2face,h264_crf35,2.55670166015625,0.9280224500461808
tall_local_seed42,external,1,42,326,faceswap_faces_c23/186_170,ffpp_test:17,1,faceswap,h264_crf35,2.48681640625,0.9232124175688667
tall_local_seed42,external,1,42,327,faceswap_faces_c23/170_186,ffpp_test:17,1,faceswap,h264_crf35,2.251708984375,0.9047978466722526
tall_local_seed42,external,1,42,328,neuraltextures_faces_c23/186_170,ffpp_test:17,1,neuraltextures,h264_crf35,-2.4149169921875,0.08204225112474321
tall_local_seed42,external,1,42,329,neuraltextures_faces_c23/170_186,ffpp_test:17,1,neuraltextures,h264_crf35,-3.17236328125,0.04021908999563414
tall_local_seed42,external,1,42,330,original_faces_c23/176,ffpp_test:18,0,real,h264_crf35,-2.402587890625,0.08297556964819552
tall_local_seed42,external,1,42,331,original_faces_c23/190,ffpp_test:18,0,real,h264_crf35,-0.3740234375,0.4075691761500664
tall_local_seed42,external,1,42,332,deepfakes_faces_c23/176_190,ffpp_test:18,1,deepfakes,h264_crf35,1.84210205078125,0.8631971236446552
tall_local_seed42,external,1,42,333,deepfakes_faces_c23/190_176,ffpp_test:18,1,deepfakes,h264_crf35,0.205810546875,0.551271783585909
tall_local_seed42,external,1,42,334,face2face_faces_c23/176_190,ffpp_test:18,1,face2face,h264_crf35,-0.1671142578125,0.4583183945507322
tall_local_seed42,external,1,42,335,face2face_faces_c23/190_176,ffpp_test:18,1,face2face,h264_crf35,3.058349609375,0.9551416372577811
tall_local_seed42,external,1,42,336,faceswap_faces_c23/176_190,ffpp_test:18,1,faceswap,h264_crf35,2.80694580078125,0.9430500100526716
tall_local_seed42,external,1,42,337,faceswap_faces_c23/190_176,ffpp_test:18,1,faceswap,h264_crf35,-1.247314453125,0.223165366020975
tall_local_seed42,external,1,42,338,neuraltextures_faces_c23/176_190,ffpp_test:18,1,neuraltextures,h264_crf35,-2.732666015625,0.06107310598717559
tall_local_seed42,external,1,42,339,neuraltextures_faces_c23/190_176,ffpp_test:18,1,neuraltextures,h264_crf35,-1.5430908203125,0.17608640958366772
tall_local_seed42,external,1,42,340,original_faces_c23/380,ffpp_test:29,0,real,h264_crf35,-3.475341796875,0.03002203342225489
tall_local_seed42,external,1,42,341,original_faces_c23/358,ffpp_test:29,0,real,h264_crf35,-3.059326171875,0.04481653945012011
tall_local_seed42,external,1,42,342,deepfakes_faces_c23/380_358,ffpp_test:29,1,deepfakes,h264_crf35,-3.1092529296875,0.04272719013613081
tall_local_seed42,external,1,42,343,deepfakes_faces_c23/358_380,ffpp_test:29,1,deepfakes,h264_crf35,-3.30517578125,0.035394055729219054
tall_local_seed42,external,1,42,344,face2face_faces_c23/380_358,ffpp_test:29,1,face2face,h264_crf35,-3.743896484375,0.0231147899108611
tall_local_seed42,external,1,42,345,face2face_faces_c23/358_380,ffpp_test:29,1,face2face,h264_crf35,-3.2294921875,0.03807083953973588
tall_local_seed42,external,1,42,346,faceswap_faces_c23/380_358,ffpp_test:29,1,faceswap,h264_crf35,-3.37841796875,0.03297680746914304
tall_local_seed42,external,1,42,347,faceswap_faces_c23/358_380,ffpp_test:29,1,faceswap,h264_crf35,-3.40576171875,0.032115881204732744
tall_local_seed42,external,1,42,348,neuraltextures_faces_c23/380_358,ffpp_test:29,1,neuraltextures,h264_crf35,-2.538604736328125,0.07319576917908274
tall_local_seed42,external,1,42,349,neuraltextures_faces_c23/358_380,ffpp_test:29,1,neuraltextures,h264_crf35,-3.494873046875,0.02945846063182921
tall_local_seed42,external,1,42,350,original_faces_c23/214,ffpp_test:19,0,real,h264_crf35,-2.794677734375,0.057612459626480504
tall_local_seed42,external,1,42,351,original_faces_c23/255,ffpp_test:19,0,real,h264_crf35,-2.935302734375,0.05043576014158327
tall_local_seed42,external,1,42,352,deepfakes_faces_c23/214_255,ffpp_test:19,1,deepfakes,h264_crf35,0.935791015625,0.718248678680735
tall_local_seed42,external,1,42,353,deepfakes_faces_c23/255_214,ffpp_test:19,1,deepfakes,h264_crf35,-1.7037353515625,0.15397803613239583
tall_local_seed42,external,1,42,354,face2face_faces_c23/214_255,ffpp_test:19,1,face2face,h264_crf35,1.2586669921875,0.7787965525604839
tall_local_seed42,external,1,42,355,face2face_faces_c23/255_214,ffpp_test:19,1,face2face,h264_crf35,2.62957763671875,0.932741057219251
tall_local_seed42,external,1,42,356,faceswap_faces_c23/214_255,ffpp_test:19,1,faceswap,h264_crf35,-2.21405029296875,0.09849584447627421
tall_local_seed42,external,1,42,357,faceswap_faces_c23/255_214,ffpp_test:19,1,faceswap,h264_crf35,1.2647705078125,0.7798462309154645
tall_local_seed42,external,1,42,358,neuraltextures_faces_c23/214_255,ffpp_test:19,1,neuraltextures,h264_crf35,-3.06494140625,0.04457677585676296
tall_local_seed42,external,1,42,359,neuraltextures_faces_c23/255_214,ffpp_test:19,1,neuraltextures,h264_crf35,-1.781036376953125,0.14417520970322673
tall_local_seed42,external,1,42,360,original_faces_c23/454,ffpp_test:42,0,real,h264_crf35,0.27783203125,0.5690146375756765
tall_local_seed42,external,1,42,361,original_faces_c23/527,ffpp_test:42,0,real,h264_crf35,-1.931884765625,0.12654211179950853
tall_local_seed42,external,1,42,362,deepfakes_faces_c23/454_527,ffpp_test:42,1,deepfakes,h264_crf35,2.970458984375,0.9512215778685663
tall_local_seed42,external,1,42,363,deepfakes_faces_c23/527_454,ffpp_test:42,1,deepfakes,h264_crf35,3.003662109375,0.9527392947616049
tall_local_seed42,external,1,42,364,face2face_faces_c23/454_527,ffpp_test:42,1,face2face,h264_crf35,2.840576171875,0.944829503861531
tall_local_seed42,external,1,42,365,face2face_faces_c23/527_454,ffpp_test:42,1,face2face,h264_crf35,-2.65191650390625,0.06587098501461178
tall_local_seed42,external,1,42,366,faceswap_faces_c23/454_527,ffpp_test:42,1,faceswap,h264_crf35,3.07861328125,0.9560018929301985
tall_local_seed42,external,1,42,367,faceswap_faces_c23/527_454,ffpp_test:42,1,faceswap,h264_crf35,2.852294921875,0.9454371890500333
tall_local_seed42,external,1,42,368,neuraltextures_faces_c23/454_527,ffpp_test:42,1,neuraltextures,h264_crf35,-1.4759416580200195,0.18604119059470758
tall_local_seed42,external,1,42,369,neuraltextures_faces_c23/527_454,ffpp_test:42,1,neuraltextures,h264_crf35,-2.838134765625,0.05529789691532187
tall_local_seed42,external,1,42,370,original_faces_c23/425,ffpp_test:39,0,real,h264_crf35,-3.486083984375,0.02971078763113311
tall_local_seed42,external,1,42,371,original_faces_c23/485,ffpp_test:39,0,real,h264_crf35,-2.33154296875,0.08854406040855303
tall_local_seed42,external,1,42,372,deepfakes_faces_c23/425_485,ffpp_test:39,1,deepfakes,h264_crf35,-1.9483642578125,0.12473182878477235
tall_local_seed42,external,1,42,373,deepfakes_faces_c23/485_425,ffpp_test:39,1,deepfakes,h264_crf35,3.0068359375,0.9528819979638882
tall_local_seed42,external,1,42,374,face2face_faces_c23/425_485,ffpp_test:39,1,face2face,h264_crf35,-1.87957763671875,0.13243739459141407
tall_local_seed42,external,1,42,375,face2face_faces_c23/485_425,ffpp_test:39,1,face2face,h264_crf35,-3.105712890625,0.04287221793196262
tall_local_seed42,external,1,42,376,faceswap_faces_c23/425_485,ffpp_test:39,1,faceswap,h264_crf35,-1.7161865234375,0.15236301589124632
tall_local_seed42,external,1,42,377,faceswap_faces_c23/485_425,ffpp_test:39,1,faceswap,h264_crf35,3.064208984375,0.9553920201178141
tall_local_seed42,external,1,42,378,neuraltextures_faces_c23/425_485,ffpp_test:39,1,neuraltextures,h264_crf35,-0.8283615112304688,0.3039916314305527
tall_local_seed42,external,1,42,379,neuraltextures_faces_c23/485_425,ffpp_test:39,1,neuraltextures,h264_crf35,-2.803466796875,0.057137123981279306
tall_local_seed42,external,1,42,380,original_faces_c23/388,ffpp_test:26,0,real,h264_crf35,-3.0400390625,0.04564946897318713
tall_local_seed42,external,1,42,381,original_faces_c23/308,ffpp_test:26,0,real,h264_crf35,-2.5711669921875,0.07101727459652345
tall_local_seed42,external,1,42,382,deepfakes_faces_c23/388_308,ffpp_test:26,1,deepfakes,h264_crf35,-0.57659912109375,0.3597155107091885
tall_local_seed42,external,1,42,383,deepfakes_faces_c23/308_388,ffpp_test:26,1,deepfakes,h264_crf35,-2.0509033203125,0.11396113760552563
tall_local_seed42,external,1,42,384,face2face_faces_c23/388_308,ffpp_test:26,1,face2face,h264_crf35,-3.227783203125,0.038133474457421115
tall_local_seed42,external,1,42,385,face2face_faces_c23/308_388,ffpp_test:26,1,face2face,h264_crf35,-2.48419189453125,0.07697384412528789
tall_local_seed42,external,1,42,386,faceswap_faces_c23/388_308,ffpp_test:26,1,faceswap,h264_crf35,-0.593017578125,0.35594278168899796
tall_local_seed42,external,1,42,387,faceswap_faces_c23/308_388,ffpp_test:26,1,faceswap,h264_crf35,-0.1834259033203125,0.45427166339304037
tall_local_seed42,external,1,42,388,neuraltextures_faces_c23/388_308,ffpp_test:26,1,neuraltextures,h264_crf35,-1.73046875,0.15052763130295338
tall_local_seed42,external,1,42,389,neuraltextures_faces_c23/308_388,ffpp_test:26,1,neuraltextures,h264_crf35,-3.0322265625,0.045991035876981765
tall_local_seed42,external,1,42,390,original_faces_c23/384,ffpp_test:32,0,real,h264_crf35,-2.546630859375,0.0726531535394578
tall_local_seed42,external,1,42,391,original_faces_c23/932,ffpp_test:32,0,real,h264_crf35,-3.4248046875,0.03152918609438622
tall_local_seed42,external,1,42,392,deepfakes_faces_c23/384_932,ffpp_test:32,1,deepfakes,h264_crf35,3.02685546875,0.9537727272614342
tall_local_seed42,external,1,42,393,deepfakes_faces_c23/932_384,ffpp_test:32,1,deepfakes,h264_crf35,-0.05499267578125,0.48625529476847956
tall_local_seed42,external,1,42,394,face2face_faces_c23/384_932,ffpp_test:32,1,face2face,h264_crf35,0.821044921875,0.6944581029898593
tall_local_seed42,external,1,42,395,face2face_faces_c23/932_384,ffpp_test:32,1,face2face,h264_crf35,-3.48681640625,0.029689680603032342
tall_local_seed42,external,1,42,396,faceswap_faces_c23/384_932,ffpp_test:32,1,faceswap,h264_crf35,3.1162109375,0.9575564995963061
tall_local_seed42,external,1,42,397,faceswap_faces_c23/932_384,ffpp_test:32,1,faceswap,h264_crf35,-3.420654296875,0.03165616538094366
tall_local_seed42,external,1,42,398,neuraltextures_faces_c23/384_932,ffpp_test:32,1,neuraltextures,h264_crf35,-0.8341140747070312,0.30277587409204054
tall_local_seed42,external,1,42,399,neuraltextures_faces_c23/932_384,ffpp_test:32,1,neuraltextures,h264_crf35,-3.2646484375,0.03680406910177295
tall_local_seed42,external,1,42,400,original_faces_c23/035,ffpp_test:5,0,real,h264_crf35,-2.34783935546875,0.08723766526686864
tall_local_seed42,external,1,42,401,original_faces_c23/036,ffpp_test:5,0,real,h264_crf35,-2.606689453125,0.06870913741006503
tall_local_seed42,external,1,42,402,deepfakes_faces_c23/035_036,ffpp_test:5,1,deepfakes,h264_crf35,3.18994140625,0.9604539949943343
tall_local_seed42,external,1,42,403,deepfakes_faces_c23/036_035,ffpp_test:5,1,deepfakes,h264_crf35,-1.4603271484375,0.18841729381284802
tall_local_seed42,external,1,42,404,face2face_faces_c23/035_036,ffpp_test:5,1,face2face,h264_crf35,-2.8765869140625,0.05332316587964266
tall_local_seed42,external,1,42,405,face2face_faces_c23/036_035,ffpp_test:5,1,face2face,h264_crf35,-3.003173828125,0.047282696003125194
tall_local_seed42,external,1,42,406,faceswap_faces_c23/035_036,ffpp_test:5,1,faceswap,h264_crf35,-1.184814453125,0.2341876492195202
tall_local_seed42,external,1,42,407,faceswap_faces_c23/036_035,ffpp_test:5,1,faceswap,h264_crf35,-3.372802734375,0.0331563439267298
tall_local_seed42,external,1,42,408,neuraltextures_faces_c23/035_036,ffpp_test:5,1,neuraltextures,h264_crf35,-2.29376220703125,0.09164089162512166
tall_local_seed42,external,1,42,409,neuraltextures_faces_c23/036_035,ffpp_test:5,1,neuraltextures,h264_crf35,1.048828125,0.7405498035298201
tall_local_seed42,external,1,42,410,original_faces_c23/257,ffpp_test:23,0,real,h264_crf35,-2.39263916015625,0.08373572226218967
tall_local_seed42,external,1,42,411,original_faces_c23/420,ffpp_test:23,0,real,h264_crf35,-2.3304443359375,0.08863276457061034
tall_local_seed42,external,1,42,412,deepfakes_faces_c23/257_420,ffpp_test:23,1,deepfakes,h264_crf35,2.08935546875,0.8898642736766995
tall_local_seed42,external,1,42,413,deepfakes_faces_c23/420_257,ffpp_test:23,1,deepfakes,h264_crf35,-1.971282958984375,0.1222511511408285
tall_local_seed42,external,1,42,414,face2face_faces_c23/257_420,ffpp_test:23,1,face2face,h264_crf35,-0.24652099609375,0.4386799849540496
tall_local_seed42,external,1,42,415,face2face_faces_c23/420_257,ffpp_test:23,1,face2face,h264_crf35,-3.0681610107421875,0.04443985479272056
tall_local_seed42,external,1,42,416,faceswap_faces_c23/257_420,ffpp_test:23,1,faceswap,h264_crf35,-1.145751953125,0.24126586132508943
tall_local_seed42,external,1,42,417,faceswap_faces_c23/420_257,ffpp_test:23,1,faceswap,h264_crf35,-1.91162109375,0.12879884021837504
tall_local_seed42,external,1,42,418,neuraltextures_faces_c23/257_420,ffpp_test:23,1,neuraltextures,h264_crf35,-2.06781005859375,0.11226510648381727
tall_local_seed42,external,1,42,419,neuraltextures_faces_c23/420_257,ffpp_test:23,1,neuraltextures,h264_crf35,-2.415313720703125,0.08201237793032647
tall_local_seed42,external,1,42,420,original_faces_c23/924,ffpp_test:67,0,real,h264_crf35,-2.9384765625,0.050283975882508734
tall_local_seed42,external,1,42,421,original_faces_c23/917,ffpp_test:67,0,real,h264_crf35,-2.830322265625,0.05570744300036954
tall_local_seed42,external,1,42,422,deepfakes_faces_c23/924_917,ffpp_test:67,1,deepfakes,h264_crf35,2.93603515625,0.9495993054549953
tall_local_seed42,external,1,42,423,deepfakes_faces_c23/917_924,ffpp_test:67,1,deepfakes,h264_crf35,-2.7064208984375,0.06259553503114906
tall_local_seed42,external,1,42,424,face2face_faces_c23/924_917,ffpp_test:67,1,face2face,h264_crf35,-1.2740478515625,0.2185651141455496
tall_local_seed42,external,1,42,425,face2face_faces_c23/917_924,ffpp_test:67,1,face2face,h264_crf35,-2.996826171875,0.047569462260561836
tall_local_seed42,external,1,42,426,faceswap_faces_c23/924_917,ffpp_test:67,1,faceswap,h264_crf35,3.193115234375,0.9605743676963241
tall_local_seed42,external,1,42,427,faceswap_faces_c23/917_924,ffpp_test:67,1,faceswap,h264_crf35,-2.54833984375,0.072538095334694
tall_local_seed42,external,1,42,428,neuraltextures_faces_c23/924_917,ffpp_test:67,1,neuraltextures,h264_crf35,0.6937255859375,0.66679518880178
tall_local_seed42,external,1,42,429,neuraltextures_faces_c23/917_924,ffpp_test:67,1,neuraltextures,h264_crf35,-0.396759033203125,0.4020912654394981
tall_local_seed42,external,1,42,430,original_faces_c23/114,ffpp_test:9,0,real,h264_crf35,-3.149169921875,0.04112399805250182
tall_local_seed42,external,1,42,431,original_faces_c23/102,ffpp_test:9,0,real,h264_crf35,-3.50927734375,0.029049411813073196
tall_local_seed42,external,1,42,432,deepfakes_faces_c23/114_102,ffpp_test:9,1,deepfakes,h264_crf35,-3.64208984375,0.025528747621862902
tall_local_seed42,external,1,42,433,deepfakes_faces_c23/102_114,ffpp_test:9,1,deepfakes,h264_crf35,-2.89794921875,0.05225503367330415
tall_local_seed42,external,1,42,434,face2face_faces_c23/114_102,ffpp_test:9,1,face2face,h264_crf35,-0.17034912109375,0.45751540781068195
tall_local_seed42,external,1,42,435,face2face_faces_c23/102_114,ffpp_test:9,1,face2face,h264_crf35,-3.765380859375,0.02263460034973221
tall_local_seed42,external,1,42,436,faceswap_faces_c23/114_102,ffpp_test:9,1,faceswap,h264_crf35,1.15771484375,0.7609172421079629
tall_local_seed42,external,1,42,437,faceswap_faces_c23/102_114,ffpp_test:9,1,faceswap,h264_crf35,-2.60302734375,0.06894383960170945
tall_local_seed42,external,1,42,438,neuraltextures_faces_c23/114_102,ffpp_test:9,1,neuraltextures,h264_crf35,-2.0758056640625,0.11147071820620785
tall_local_seed42,external,1,42,439,neuraltextures_faces_c23/102_114,ffpp_test:9,1,neuraltextures,h264_crf35,-2.3060302734375,0.09062476625872168
tall_local_seed42,external,1,42,440,original_faces_c23/732,ffpp_test:56,0,real,h264_crf35,-2.9345703125,0.050470848837912835
tall_local_seed42,external,1,42,441,original_faces_c23/691,ffpp_test:56,0,real,h264_crf35,-2.59521484375,0.06944702052536733
tall_local_seed42,external,1,42,442,deepfakes_faces_c23/732_691,ffpp_test:56,1,deepfakes,h264_crf35,2.30548095703125,0.9093299533412901
tall_local_seed42,external,1,42,443,deepfakes_faces_c23/691_732,ffpp_test:56,1,deepfakes,h264_crf35,3.216552734375,0.9614524562526949
tall_local_seed42,external,1,42,444,face2face_faces_c23/732_691,ffpp_test:56,1,face2face,h264_crf35,2.6573104858398438,0.9344601412768105
tall_local_seed42,external,1,42,445,face2face_faces_c23/691_732,ffpp_test:56,1,face2face,h264_crf35,-2.60797119140625,0.06862716661986713
tall_local_seed42,external,1,42,446,faceswap_faces_c23/732_691,ffpp_test:56,1,faceswap,h264_crf35,-2.55780029296875,0.07190419931680815
tall_local_seed42,external,1,42,447,faceswap_faces_c23/691_732,ffpp_test:56,1,faceswap,h264_crf35,1.762939453125,0.8535774238451364
tall_local_seed42,external,1,42,448,neuraltextures_faces_c23/732_691,ffpp_test:56,1,neuraltextures,h264_crf35,-3.494140625,0.029479408274788187
tall_local_seed42,external,1,42,449,neuraltextures_faces_c23/691_732,ffpp_test:56,1,neuraltextures,h264_crf35,-3.107666015625,0.04279214454512853
tall_local_seed42,external,1,42,450,original_faces_c23/550,ffpp_test:41,0,real,h264_crf35,-1.3999824523925781,0.19781889599646862
tall_local_seed42,external,1,42,451,original_faces_c23/452,ffpp_test:41,0,real,h264_crf35,-3.686279296875,0.02445219215378071
tall_local_seed42,external,1,42,452,deepfakes_faces_c23/550_452,ffpp_test:41,1,deepfakes,h264_crf35,-1.917724609375,0.1281155168480553
tall_local_seed42,external,1,42,453,deepfakes_faces_c23/452_550,ffpp_test:41,1,deepfakes,h264_crf35,-2.77142333984375,0.058888082034109175
tall_local_seed42,external,1,42,454,face2face_faces_c23/550_452,ffpp_test:41,1,face2face,h264_crf35,3.387451171875,0.9673100433029536
tall_local_seed42,external,1,42,455,face2face_faces_c23/452_550,ffpp_test:41,1,face2face,h264_crf35,-0.6649017333984375,0.33963936624583774
tall_local_seed42,external,1,42,456,faceswap_faces_c23/550_452,ffpp_test:41,1,faceswap,h264_crf35,-2.4288330078125,0.08100029476930772
tall_local_seed42,external,1,42,457,faceswap_faces_c23/452_550,ffpp_test:41,1,faceswap,h264_crf35,-2.10797119140625,0.10832447429472346
tall_local_seed42,external,1,42,458,neuraltextures_faces_c23/550_452,ffpp_test:41,1,neuraltextures,h264_crf35,1.72882080078125,0.849261525594213
tall_local_seed42,external,1,42,459,neuraltextures_faces_c23/452_550,ffpp_test:41,1,neuraltextures,h264_crf35,-1.64971923828125,0.16114689893525613
tall_local_seed42,external,1,42,460,original_faces_c23/280,ffpp_test:22,0,real,h264_crf35,-3.64990234375,0.02533511456495159
tall_local_seed42,external,1,42,461,original_faces_c23/249,ffpp_test:22,0,real,h264_crf35,-3.022705078125,0.04641060977783447
tall_local_seed42,external,1,42,462,deepfakes_faces_c23/280_249,ffpp_test:22,1,deepfakes,h264_crf35,-2.8088836669921875,0.056846002883090684
tall_local_seed42,external,1,42,463,deepfakes_faces_c23/249_280,ffpp_test:22,1,deepfakes,h264_crf35,1.6778106689453125,0.8426144099099124
tall_local_seed42,external,1,42,464,face2face_faces_c23/280_249,ffpp_test:22,1,face2face,h264_crf35,-0.4188232421875,0.39679837220628944
tall_local_seed42,external,1,42,465,face2face_faces_c23/249_280,ffpp_test:22,1,face2face,h264_crf35,-1.201904296875,0.23113662591450254
tall_local_seed42,external,1,42,466,faceswap_faces_c23/280_249,ffpp_test:22,1,faceswap,h264_crf35,1.468017578125,0.8127558806551907
tall_local_seed42,external,1,42,467,faceswap_faces_c23/249_280,ffpp_test:22,1,faceswap,h264_crf35,1.889404296875,0.8686875939516543
tall_local_seed42,external,1,42,468,neuraltextures_faces_c23/280_249,ffpp_test:22,1,neuraltextures,h264_crf35,-3.649169921875,0.025353206727899685
tall_local_seed42,external,1,42,469,neuraltextures_faces_c23/249_280,ffpp_test:22,1,neuraltextures,h264_crf35,-2.8299560546875,0.05572671034053406
tall_local_seed42,external,1,42,470,original_faces_c23/842,ffpp_test:58,0,real,h264_crf35,-3.26953125,0.036631366639620536
tall_local_seed42,external,1,42,471,original_faces_c23/714,ffpp_test:58,0,real,h264_crf35,-3.082763671875,0.04382386222707426
tall_local_seed42,external,1,42,472,deepfakes_faces_c23/842_714,ffpp_test:58,1,deepfakes,h264_crf35,1.1834716796875,0.7655714467488254
tall_local_seed42,external,1,42,473,deepfakes_faces_c23/714_842,ffpp_test:58,1,deepfakes,h264_crf35,0.27001953125,0.5670976998525714
tall_local_seed42,external,1,42,474,face2face_faces_c23/842_714,ffpp_test:58,1,face2face,h264_crf35,2.789794921875,0.9421218631845736
tall_local_seed42,external,1,42,475,face2face_faces_c23/714_842,ffpp_test:58,1,face2face,h264_crf35,-1.9439697265625,0.125212388189568
tall_local_seed42,external,1,42,476,faceswap_faces_c23/842_714,ffpp_test:58,1,faceswap,h264_crf35,2.4658660888671875,0.9217139925086234
tall_local_seed42,external,1,42,477,faceswap_faces_c23/714_842,ffpp_test:58,1,faceswap,h264_crf35,1.39892578125,0.8020133709307476
tall_local_seed42,external,1,42,478,neuraltextures_faces_c23/842_714,ffpp_test:58,1,neuraltextures,h264_crf35,-0.8887939453125,0.2913587774723483
tall_local_seed42,external,1,42,479,neuraltextures_faces_c23/714_842,ffpp_test:58,1,neuraltextures,h264_crf35,-3.09033203125,0.043507815418353246
tall_local_seed42,external,1,42,480,original_faces_c23/625,ffpp_test:52,0,real,h264_crf35,-2.962890625,0.04913078875410071
tall_local_seed42,external,1,42,481,original_faces_c23/650,ffpp_test:52,0,real,h264_crf35,-2.982666015625,0.04821513663226543
tall_local_seed42,external,1,42,482,deepfakes_faces_c23/625_650,ffpp_test:52,1,deepfakes,h264_crf35,3.267822265625,0.9633082763584399
tall_local_seed42,external,1,42,483,deepfakes_faces_c23/650_625,ffpp_test:52,1,deepfakes,h264_crf35,-0.918212890625,0.2853221700479009
tall_local_seed42,external,1,42,484,face2face_faces_c23/625_650,ffpp_test:52,1,face2face,h264_crf35,2.5693359375,0.9288618287993271
tall_local_seed42,external,1,42,485,face2face_faces_c23/650_625,ffpp_test:52,1,face2face,h264_crf35,-0.7196044921875,0.3274800823939099
tall_local_seed42,external,1,42,486,faceswap_faces_c23/625_650,ffpp_test:52,1,faceswap,h264_crf35,-0.30255126953125,0.4249339229126833
tall_local_seed42,external,1,42,487,faceswap_faces_c23/650_625,ffpp_test:52,1,faceswap,h264_crf35,0.59552001953125,0.6446306897592444
tall_local_seed42,external,1,42,488,neuraltextures_faces_c23/625_650,ffpp_test:52,1,neuraltextures,h264_crf35,0.11053466796875,0.5276055658475642
tall_local_seed42,external,1,42,489,neuraltextures_faces_c23/650_625,ffpp_test:52,1,neuraltextures,h264_crf35,-2.87860107421875,0.053221582892374046
tall_local_seed42,external,1,42,490,original_faces_c23/024,ffpp_test:3,0,real,h264_crf35,-1.3184814453125,0.21107105235265713
tall_local_seed42,external,1,42,491,original_faces_c23/073,ffpp_test:3,0,real,h264_crf35,-2.788330078125,0.05795806394316297
tall_local_seed42,external,1,42,492,deepfakes_faces_c23/024_073,ffpp_test:3,1,deepfakes,h264_crf35,-0.535614013671875,0.3692084630300554
tall_local_seed42,external,1,42,493,deepfakes_faces_c23/073_024,ffpp_test:3,1,deepfakes,h264_crf35,0.4364013671875,0.6074012153179269
tall_local_seed42,external,1,42,494,face2face_faces_c23/024_073,ffpp_test:3,1,face2face,h264_crf35,-1.1170654296875,0.24655602184013747
tall_local_seed42,external,1,42,495,face2face_faces_c23/073_024,ffpp_test:3,1,face2face,h264_crf35,-2.09637451171875,0.10944969917627327
tall_local_seed42,external,1,42,496,faceswap_faces_c23/024_073,ffpp_test:3,1,faceswap,h264_crf35,-2.4085693359375,0.08252157154946244
tall_local_seed42,external,1,42,497,faceswap_faces_c23/073_024,ffpp_test:3,1,faceswap,h264_crf35,-1.54296875,0.176104120243151
tall_local_seed42,external,1,42,498,neuraltextures_faces_c23/024_073,ffpp_test:3,1,neuraltextures,h264_crf35,0.742431640625,0.6775273600765467
tall_local_seed42,external,1,42,499,neuraltextures_faces_c23/073_024,ffpp_test:3,1,neuraltextures,h264_crf35,-2.507568359375,0.07532931012826234
tall_local_seed42,external,1,42,500,original_faces_c23/044,ffpp_test:6,0,real,h264_crf35,-2.461669921875,0.07858932791303623
tall_local_seed42,external,1,42,501,original_faces_c23/945,ffpp_test:6,0,real,h264_crf35,-3.178466796875,0.0399841450974567
tall_local_seed42,external,1,42,502,deepfakes_faces_c23/044_945,ffpp_test:6,1,deepfakes,h264_crf35,3.188232421875,0.9603890330439873
tall_local_seed42,external,1,42,503,deepfakes_faces_c23/945_044,ffpp_test:6,1,deepfakes,h264_crf35,2.540283203125,0.9269180133629473
tall_local_seed42,external,1,42,504,face2face_faces_c23/044_945,ffpp_test:6,1,face2face,h264_crf35,-1.88140869140625,0.1322271521199403
tall_local_seed42,external,1,42,505,face2face_faces_c23/945_044,ffpp_test:6,1,face2face,h264_crf35,2.551513671875,0.9276751386704896
tall_local_seed42,external,1,42,506,faceswap_faces_c23/044_945,ffpp_test:6,1,faceswap,h264_crf35,2.90673828125,0.9481785307909913
tall_local_seed42,external,1,42,507,faceswap_faces_c23/945_044,ffpp_test:6,1,faceswap,h264_crf35,3.067138671875,0.9555167114092741
tall_local_seed42,external,1,42,508,neuraltextures_faces_c23/044_945,ffpp_test:6,1,neuraltextures,h264_crf35,-2.885498046875,0.05287511999047968
tall_local_seed42,external,1,42,509,neuraltextures_faces_c23/945_044,ffpp_test:6,1,neuraltextures,h264_crf35,-2.98681640625,0.048025030130290934
tall_local_seed42,external,1,42,510,original_faces_c23/896,ffpp_test:10,0,real,h264_crf35,-3.196044921875,0.039314830958430295
tall_local_seed42,external,1,42,511,original_faces_c23/128,ffpp_test:10,0,real,h264_crf35,-3.146484375,0.041230027324806504
tall_local_seed42,external,1,42,512,deepfakes_faces_c23/896_128,ffpp_test:10,1,deepfakes,h264_crf35,-2.916259765625,0.05135561298887431
tall_local_seed42,external,1,42,513,deepfakes_faces_c23/128_896,ffpp_test:10,1,deepfakes,h264_crf35,1.250701904296875,0.7774213405190111
tall_local_seed42,external,1,42,514,face2face_faces_c23/896_128,ffpp_test:10,1,face2face,h264_crf35,-4.009033203125,0.017827351917681065
tall_local_seed42,external,1,42,515,face2face_faces_c23/128_896,ffpp_test:10,1,face2face,h264_crf35,-3.09130859375,0.04346719399379538
tall_local_seed42,external,1,42,516,faceswap_faces_c23/896_128,ffpp_test:10,1,faceswap,h264_crf35,-2.44927978515625,0.07949123305805297
tall_local_seed42,external,1,42,517,faceswap_faces_c23/128_896,ffpp_test:10,1,faceswap,h264_crf35,0.209716796875,0.55223788263318
tall_local_seed42,external,1,42,518,neuraltextures_faces_c23/896_128,ffpp_test:10,1,neuraltextures,h264_crf35,-3.300537109375,0.03555276785864345
tall_local_seed42,external,1,42,519,neuraltextures_faces_c23/128_896,ffpp_test:10,1,neuraltextures,h264_crf35,-2.5867919921875,0.06999331790431455
tall_local_seed42,external,1,42,520,original_faces_c23/862,ffpp_test:7,0,real,h264_crf35,-2.81591796875,0.05647003561156526
tall_local_seed42,external,1,42,521,original_faces_c23/047,ffpp_test:7,0,real,h264_crf35,-1.6457366943359375,0.16168598033064582
tall_local_seed42,external,1,42,522,deepfakes_faces_c23/862_047,ffpp_test:7,1,deepfakes,h264_crf35,-0.8944091796875,0.2902007662763386
tall_local_seed42,external,1,42,523,deepfakes_faces_c23/047_862,ffpp_test:7,1,deepfakes,h264_crf35,-1.9869384765625,0.12058113353935043
tall_local_seed42,external,1,42,524,face2face_faces_c23/862_047,ffpp_test:7,1,face2face,h264_crf35,-2.3284912109375,0.0887906589543845
tall_local_seed42,external,1,42,525,face2face_faces_c23/047_862,ffpp_test:7,1,face2face,h264_crf35,-1.3939208984375,0.19878254541902468
tall_local_seed42,external,1,42,526,faceswap_faces_c23/862_047,ffpp_test:7,1,faceswap,h264_crf35,-2.0557632446289062,0.11347133152240992
tall_local_seed42,external,1,42,527,faceswap_faces_c23/047_862,ffpp_test:7,1,faceswap,h264_crf35,3.061279296875,0.9552669956667589
tall_local_seed42,external,1,42,528,neuraltextures_faces_c23/862_047,ffpp_test:7,1,neuraltextures,h264_crf35,-1.2529296875,0.22219340792627285
tall_local_seed42,external,1,42,529,neuraltextures_faces_c23/047_862,ffpp_test:7,1,neuraltextures,h264_crf35,0.585205078125,0.6422642132652834
tall_local_seed42,external,1,42,530,original_faces_c23/607,ffpp_test:49,0,real,h264_crf35,-2.73388671875,0.061003144480085265
tall_local_seed42,external,1,42,531,original_faces_c23/683,ffpp_test:49,0,real,h264_crf35,-2.693359375,0.06336634320336171
tall_local_seed42,external,1,42,532,deepfakes_faces_c23/607_683,ffpp_test:49,1,deepfakes,h264_crf35,2.9580078125,0.9506405982777534
tall_local_seed42,external,1,42,533,deepfakes_faces_c23/683_607,ffpp_test:49,1,deepfakes,h264_crf35,3.08935546875,0.9564515269234336
tall_local_seed42,external,1,42,534,face2face_faces_c23/607_683,ffpp_test:49,1,face2face,h264_crf35,-2.99560546875,0.0476247987337088
tall_local_seed42,external,1,42,535,face2face_faces_c23/683_607,ffpp_test:49,1,face2face,h264_crf35,-2.635986328125,0.06685800568116711
tall_local_seed42,external,1,42,536,faceswap_faces_c23/607_683,ffpp_test:49,1,faceswap,h264_crf35,1.08013916015625,0.7465203172019439
tall_local_seed42,external,1,42,537,faceswap_faces_c23/683_607,ffpp_test:49,1,faceswap,h264_crf35,3.2412109375,0.9623560026053307
tall_local_seed42,external,1,42,538,neuraltextures_faces_c23/607_683,ffpp_test:49,1,neuraltextures,h264_crf35,-2.61865234375,0.06794759193458008
tall_local_seed42,external,1,42,539,neuraltextures_faces_c23/683_607,ffpp_test:49,1,neuraltextures,h264_crf35,-2.723876953125,0.06157904733652832
tall_local_seed42,external,1,42,540,original_faces_c23/517,ffpp_test:45,0,real,h264_crf35,-3.0419921875,0.04556445538890657
tall_local_seed42,external,1,42,541,original_faces_c23/521,ffpp_test:45,0,real,h264_crf35,-3.34912109375,0.03392395686453415
tall_local_seed42,external,1,42,542,deepfakes_faces_c23/517_521,ffpp_test:45,1,deepfakes,h264_crf35,3.09521484375,0.9566949299490439
tall_local_seed42,external,1,42,543,deepfakes_faces_c23/521_517,ffpp_test:45,1,deepfakes,h264_crf35,2.5538330078125,0.9278305978665318
tall_local_seed42,external,1,42,544,face2face_faces_c23/517_521,ffpp_test:45,1,face2face,h264_crf35,1.128753662109375,0.7556088185178685
tall_local_seed42,external,1,42,545,face2face_faces_c23/521_517,ffpp_test:45,1,face2face,h264_crf35,-2.3013916015625,0.09100777473490865
tall_local_seed42,external,1,42,546,faceswap_faces_c23/517_521,ffpp_test:45,1,faceswap,h264_crf35,2.4208984375,0.918407094717715
tall_local_seed42,external,1,42,547,faceswap_faces_c23/521_517,ffpp_test:45,1,faceswap,h264_crf35,1.395751953125,0.801508922242293
tall_local_seed42,external,1,42,548,neuraltextures_faces_c23/517_521,ffpp_test:45,1,neuraltextures,h264_crf35,-2.764404296875,0.05927828587216462
tall_local_seed42,external,1,42,549,neuraltextures_faces_c23/521_517,ffpp_test:45,1,neuraltextures,h264_crf35,-3.5595703125,0.027663978004901994
tall_local_seed42,external,1,42,550,original_faces_c23/682,ffpp_test:55,0,real,h264_crf35,-3.314208984375,0.03508694129262332
tall_local_seed42,external,1,42,551,original_faces_c23/669,ffpp_test:55,0,real,h264_crf35,-1.71856689453125,0.15205584879746206
tall_local_seed42,external,1,42,552,deepfakes_faces_c23/682_669,ffpp_test:55,1,deepfakes,h264_crf35,0.3705596923828125,0.5915942129185363
tall_local_seed42,external,1,42,553,deepfakes_faces_c23/669_682,ffpp_test:55,1,deepfakes,h264_crf35,1.4246826171875,0.806071453630178
tall_local_seed42,external,1,42,554,face2face_faces_c23/682_669,ffpp_test:55,1,face2face,h264_crf35,-2.450927734375,0.07937073222825097
tall_local_seed42,external,1,42,555,face2face_faces_c23/669_682,ffpp_test:55,1,face2face,h264_crf35,3.197509765625,0.9607404576611435
tall_local_seed42,external,1,42,556,faceswap_faces_c23/682_669,ffpp_test:55,1,faceswap,h264_crf35,-1.779052734375,0.14442014161890757
tall_local_seed42,external,1,42,557,faceswap_faces_c23/669_682,ffpp_test:55,1,faceswap,h264_crf35,-0.767578125,0.3170032391635806
tall_local_seed42,external,1,42,558,neuraltextures_faces_c23/682_669,ffpp_test:55,1,neuraltextures,h264_crf35,-0.0440673828125,0.4889849367832083
tall_local_seed42,external,1,42,559,neuraltextures_faces_c23/669_682,ffpp_test:55,1,neuraltextures,h264_crf35,-2.92626953125,0.05087013931593061
tall_local_seed42,external,1,42,560,original_faces_c23/138,ffpp_test:12,0,real,h264_crf35,-1.999969482421875,0.11920612620929835
tall_local_seed42,external,1,42,561,original_faces_c23/142,ffpp_test:12,0,real,h264_crf35,-2.88330078125,0.052985265775113526
tall_local_seed42,external,1,42,562,deepfakes_faces_c23/138_142,ffpp_test:12,1,deepfakes,h264_crf35,0.838897705078125,0.6982330091759011
tall_local_seed42,external,1,42,563,deepfakes_faces_c23/142_138,ffpp_test:12,1,deepfakes,h264_crf35,-2.546142578125,0.07268605819433173
tall_local_seed42,external,1,42,564,face2face_faces_c23/138_142,ffpp_test:12,1,face2face,h264_crf35,1.9735107421875,0.8779877018302953
tall_local_seed42,external,1,42,565,face2face_faces_c23/142_138,ffpp_test:12,1,face2face,h264_crf35,-3.087890625,0.0436095275656257
tall_local_seed42,external,1,42,566,faceswap_faces_c23/138_142,ffpp_test:12,1,faceswap,h264_crf35,-0.3674774169921875,0.40915070689517896
tall_local_seed42,external,1,42,567,faceswap_faces_c23/142_138,ffpp_test:12,1,faceswap,h264_crf35,-2.1765365600585938,0.1018773903900668
tall_local_seed42,external,1,42,568,neuraltextures_faces_c23/138_142,ffpp_test:12,1,neuraltextures,h264_crf35,1.4097900390625,0.8037328251704499
tall_local_seed42,external,1,42,569,neuraltextures_faces_c23/142_138,ffpp_test:12,1,neuraltextures,h264_crf35,-3.0634765625,0.044639204730076966
tall_local_seed42,external,1,42,570,original_faces_c23/552,ffpp_test:47,0,real,h264_crf35,-2.7763671875,0.05861468940214367
tall_local_seed42,external,1,42,571,original_faces_c23/851,ffpp_test:47,0,real,h264_crf35,-2.867431640625,0.0537872167762798
tall_local_seed42,external,1,42,572,deepfakes_faces_c23/552_851,ffpp_test:47,1,deepfakes,h264_crf35,1.89892578125,0.8697698969635954
tall_local_seed42,external,1,42,573,deepfakes_faces_c23/851_552,ffpp_test:47,1,deepfakes,h264_crf35,1.789306640625,0.8568422475969812
tall_local_seed42,external,1,42,574,face2face_faces_c23/552_851,ffpp_test:47,1,face2face,h264_crf35,-2.992919921875,0.047746754304089783
tall_local_seed42,external,1,42,575,face2face_faces_c23/851_552,ffpp_test:47,1,face2face,h264_crf35,1.1298675537109375,0.7558144557730896
tall_local_seed42,external,1,42,576,faceswap_faces_c23/552_851,ffpp_test:47,1,faceswap,h264_crf35,1.6195449829101562,0.8347323678319865
tall_local_seed42,external,1,42,577,faceswap_faces_c23/851_552,ffpp_test:47,1,faceswap,h264_crf35,0.0396728515625,0.5099169122100179
tall_local_seed42,external,1,42,578,neuraltextures_faces_c23/552_851,ffpp_test:47,1,neuraltextures,h264_crf35,-2.50958251953125,0.07518913414259905
tall_local_seed42,external,1,42,579,neuraltextures_faces_c23/851_552,ffpp_test:47,1,neuraltextures,h264_crf35,-1.41082763671875,0.1961035491465257
tall_local_seed42,external,1,42,580,original_faces_c23/376,ffpp_test:31,0,real,h264_crf35,-3.408935546875,0.032017370867640345
tall_local_seed42,external,1,42,581,original_faces_c23/381,ffpp_test:31,0,real,h264_crf35,-2.97802734375,0.04842845397554444
tall_local_seed42,external,1,42,582,deepfakes_faces_c23/376_381,ffpp_test:31,1,deepfakes,h264_crf35,-3.14111328125,0.04144287121944306
tall_local_seed42,external,1,42,583,deepfakes_faces_c23/381_376,ffpp_test:31,1,deepfakes,h264_crf35,0.626708984375,0.651742860386884
tall_local_seed42,external,1,42,584,face2face_faces_c23/376_381,ffpp_test:31,1,face2face,h264_crf35,-3.251953125,0.03725676793583303
tall_local_seed42,external,1,42,585,face2face_faces_c23/381_376,ffpp_test:31,1,face2face,h264_crf35,-3.048095703125,0.04529975865089336
tall_local_seed42,external,1,42,586,faceswap_faces_c23/376_381,ffpp_test:31,1,faceswap,h264_crf35,2.571533203125,0.9290068819432092
tall_local_seed42,external,1,42,587,faceswap_faces_c23/381_376,ffpp_test:31,1,faceswap,h264_crf35,-2.8262939453125,0.055919728912995216
tall_local_seed42,external,1,42,588,neuraltextures_faces_c23/376_381,ffpp_test:31,1,neuraltextures,h264_crf35,-3.346923828125,0.033996041911742735
tall_local_seed42,external,1,42,589,neuraltextures_faces_c23/381_376,ffpp_test:31,1,neuraltextures,h264_crf35,-3.029541015625,0.04610901032792722
tall_local_seed42,external,1,42,590,original_faces_c23/000,ffpp_test:0,0,real,h264_crf35,-3.521240234375,0.02871388631008288
tall_local_seed42,external,1,42,591,original_faces_c23/003,ffpp_test:0,0,real,h264_crf35,-2.896240234375,0.05233973496810715
tall_local_seed42,external,1,42,592,deepfakes_faces_c23/000_003,ffpp_test:0,1,deepfakes,h264_crf35,0.733245849609375,0.6755171474000521
tall_local_seed42,external,1,42,593,deepfakes_faces_c23/003_000,ffpp_test:0,1,deepfakes,h264_crf35,-3.588623046875,0.02689313003098748
tall_local_seed42,external,1,42,594,face2face_faces_c23/000_003,ffpp_test:0,1,face2face,h264_crf35,-3.534912109375,0.028335032924384138
tall_local_seed42,external,1,42,595,face2face_faces_c23/003_000,ffpp_test:0,1,face2face,h264_crf35,-3.2392578125,0.03771481704157762
tall_local_seed42,external,1,42,596,faceswap_faces_c23/000_003,ffpp_test:0,1,faceswap,h264_crf35,-2.21527099609375,0.09838750597076121
tall_local_seed42,external,1,42,597,faceswap_faces_c23/003_000,ffpp_test:0,1,faceswap,h264_crf35,0.0693359375,0.5173270433244966
tall_local_seed42,external,1,42,598,neuraltextures_faces_c23/000_003,ffpp_test:0,1,neuraltextures,h264_crf35,-3.691162109375,0.02433598622753619
tall_local_seed42,external,1,42,599,neuraltextures_faces_c23/003_000,ffpp_test:0,1,neuraltextures,h264_crf35,-2.950927734375,0.049692682554320064
tall_local_seed42,external,1,42,600,original_faces_c23/048,ffpp_test:4,0,real,h264_crf35,-2.826904296875,0.055887515530509135
tall_local_seed42,external,1,42,601,original_faces_c23/029,ffpp_test:4,0,real,h264_crf35,1.041168212890625,0.7390753506465713
tall_local_seed42,external,1,42,602,deepfakes_faces_c23/048_029,ffpp_test:4,1,deepfakes,h264_crf35,2.8466796875,0.945146797620595
tall_local_seed42,external,1,42,603,deepfakes_faces_c23/029_048,ffpp_test:4,1,deepfakes,h264_crf35,1.0048828125,0.7320175140440481
tall_local_seed42,external,1,42,604,face2face_faces_c23/048_029,ffpp_test:4,1,face2face,h264_crf35,-3.294189453125,0.03577106401179982
tall_local_seed42,external,1,42,605,face2face_faces_c23/029_048,ffpp_test:4,1,face2face,h264_crf35,3.1201171875,0.9577149741550015
tall_local_seed42,external,1,42,606,faceswap_faces_c23/048_029,ffpp_test:4,1,faceswap,h264_crf35,1.530670166015625,0.8221043463405616
tall_local_seed42,external,1,42,607,faceswap_faces_c23/029_048,ffpp_test:4,1,faceswap,h264_crf35,1.413818359375,0.8043675006758723
tall_local_seed42,external,1,42,608,neuraltextures_faces_c23/048_029,ffpp_test:4,1,neuraltextures,h264_crf35,-3.168212890625,0.040379607441019386
tall_local_seed42,external,1,42,609,neuraltextures_faces_c23/029_048,ffpp_test:4,1,neuraltextures,h264_crf35,3.165771484375,0.9595256840496112
tall_local_seed42,external,1,42,610,original_faces_c23/724,ffpp_test:59,0,real,h264_crf35,-3.135986328125,0.04164702078484378
tall_local_seed42,external,1,42,611,original_faces_c23/725,ffpp_test:59,0,real,h264_crf35,-3.44091796875,0.031040862224286453
tall_local_seed42,external,1,42,612,deepfakes_faces_c23/724_725,ffpp_test:59,1,deepfakes,h264_crf35,1.666259765625,0.8410765135021412
tall_local_seed42,external,1,42,613,deepfakes_faces_c23/725_724,ffpp_test:59,1,deepfakes,h264_crf35,-0.2989501953125,0.42581413670377977
tall_local_seed42,external,1,42,614,face2face_faces_c23/724_725,ffpp_test:59,1,face2face,h264_crf35,2.276123046875,0.9068801599284105
tall_local_seed42,external,1,42,615,face2face_faces_c23/725_724,ffpp_test:59,1,face2face,h264_crf35,-2.384307861328125,0.0843771540484673
tall_local_seed42,external,1,42,616,faceswap_faces_c23/724_725,ffpp_test:59,1,faceswap,h264_crf35,3.15283203125,0.9590201668048507
tall_local_seed42,external,1,42,617,faceswap_faces_c23/725_724,ffpp_test:59,1,faceswap,h264_crf35,3.10205078125,0.9569772585570357
tall_local_seed42,external,1,42,618,neuraltextures_faces_c23/724_725,ffpp_test:59,1,neuraltextures,h264_crf35,-1.2777786254882812,0.2179285879043318
tall_local_seed42,external,1,42,619,neuraltextures_faces_c23/725_724,ffpp_test:59,1,neuraltextures,h264_crf35,-2.654052734375,0.0657396603253477
tall_local_seed42,external,1,42,620,original_faces_c23/608,ffpp_test:50,0,real,h264_crf35,-3.41943359375,0.03169360627935622
tall_local_seed42,external,1,42,621,original_faces_c23/675,ffpp_test:50,0,real,h264_crf35,-3.28759765625,0.03599912199579069
tall_local_seed42,external,1,42,622,deepfakes_faces_c23/608_675,ffpp_test:50,1,deepfakes,h264_crf35,2.68768310546875,0.9362959281042967
tall_local_seed42,external,1,42,623,deepfakes_faces_c23/675_608,ffpp_test:50,1,deepfakes,h264_crf35,1.4625396728515625,0.8119208038338767
tall_local_seed42,external,1,42,624,face2face_faces_c23/608_675,ffpp_test:50,1,face2face,h264_crf35,-2.71337890625,0.062188498126805616
tall_local_seed42,external,1,42,625,face2face_faces_c23/675_608,ffpp_test:50,1,face2face,h264_crf35,1.18597412109375,0.7660202659199872
tall_local_seed42,external,1,42,626,faceswap_faces_c23/608_675,ffpp_test:50,1,faceswap,h264_crf35,2.95556640625,0.9505259139289378
tall_local_seed42,external,1,42,627,faceswap_faces_c23/675_608,ffpp_test:50,1,faceswap,h264_crf35,1.2564277648925781,0.7784105545030013
tall_local_seed42,external,1,42,628,neuraltextures_faces_c23/608_675,ffpp_test:50,1,neuraltextures,h264_crf35,-3.1661376953125,0.04046009612218251
tall_local_seed42,external,1,42,629,neuraltextures_faces_c23/675_608,ffpp_test:50,1,neuraltextures,h264_crf35,-2.0517578125,0.11387488457148104
tall_local_seed42,external,1,42,630,original_faces_c23/386,ffpp_test:14,0,real,h264_crf35,-2.783447265625,0.05822523640158679
tall_local_seed42,external,1,42,631,original_faces_c23/154,ffpp_test:14,0,real,h264_crf35,-2.76904296875,0.059020141458066486
tall_local_seed42,external,1,42,632,deepfakes_faces_c23/386_154,ffpp_test:14,1,deepfakes,h264_crf35,2.6004638671875,0.9308914273939041
tall_local_seed42,external,1,42,633,deepfakes_faces_c23/154_386,ffpp_test:14,1,deepfakes,h264_crf35,2.162353515625,0.8968175365752895
tall_local_seed42,external,1,42,634,face2face_faces_c23/386_154,ffpp_test:14,1,face2face,h264_crf35,-2.03912353515625,0.115156009401826
tall_local_seed42,external,1,42,635,face2face_faces_c23/154_386,ffpp_test:14,1,face2face,h264_crf35,1.38128662109375,0.7991975577460932
tall_local_seed42,external,1,42,636,faceswap_faces_c23/386_154,ffpp_test:14,1,faceswap,h264_crf35,1.001190185546875,0.7312925189494849
tall_local_seed42,external,1,42,637,faceswap_faces_c23/154_386,ffpp_test:14,1,faceswap,h264_crf35,2.2696762084960938,0.9063343039297892
tall_local_seed42,external,1,42,638,neuraltextures_faces_c23/386_154,ffpp_test:14,1,neuraltextures,h264_crf35,-2.89599609375,0.05235184573675341
tall_local_seed42,external,1,42,639,neuraltextures_faces_c23/154_386,ffpp_test:14,1,neuraltextures,h264_crf35,-2.9833984375,0.04818153659184208
tall_local_seed42,external,1,42,640,original_faces_c23/220,ffpp_test:20,0,real,h264_crf35,-3.1953125,0.039342503264258206
tall_local_seed42,external,1,42,641,original_faces_c23/219,ffpp_test:20,0,real,h264_crf35,-2.64208984375,0.06647822467233262
tall_local_seed42,external,1,42,642,deepfakes_faces_c23/220_219,ffpp_test:20,1,deepfakes,h264_crf35,-3.5966796875,0.026683090369610227
tall_local_seed42,external,1,42,643,deepfakes_faces_c23/219_220,ffpp_test:20,1,deepfakes,h264_crf35,1.19921875,0.7683857743122923
tall_local_seed42,external,1,42,644,face2face_faces_c23/220_219,ffpp_test:20,1,face2face,h264_crf35,1.61309814453125,0.8338410788467054
tall_local_seed42,external,1,42,645,face2face_faces_c23/219_220,ffpp_test:20,1,face2face,h264_crf35,-3.13720703125,0.041598326665707314
tall_local_seed42,external,1,42,646,faceswap_faces_c23/220_219,ffpp_test:20,1,faceswap,h264_crf35,-2.83984375,0.05520868732406192
tall_local_seed42,external,1,42,647,faceswap_faces_c23/219_220,ffpp_test:20,1,faceswap,h264_crf35,0.256591796875,0.563798296190037
tall_local_seed42,external,1,42,648,neuraltextures_faces_c23/220_219,ffpp_test:20,1,neuraltextures,h264_crf35,1.4095458984375,0.8036943100170204
tall_local_seed42,external,1,42,649,neuraltextures_faces_c23/219_220,ffpp_test:20,1,neuraltextures,h264_crf35,-3.3466796875,0.03400406047804317
tall_local_seed42,external,1,42,650,original_faces_c23/801,ffpp_test:63,0,real,h264_crf35,-3.61083984375,0.02631778992791367
tall_local_seed42,external,1,42,651,original_faces_c23/855,ffpp_test:63,0,real,h264_crf35,-2.708251953125,0.06248817963579704
tall_local_seed42,external,1,42,652,deepfakes_faces_c23/801_855,ffpp_test:63,1,deepfakes,h264_crf35,3.22265625,0.9616780264794544
tall_local_seed42,external,1,42,653,deepfakes_faces_c23/855_801,ffpp_test:63,1,deepfakes,h264_crf35,1.2410888671875,0.7757534904918085
tall_local_seed42,external,1,42,654,face2face_faces_c23/801_855,ffpp_test:63,1,face2face,h264_crf35,-1.172027587890625,0.23648868379581794
tall_local_seed42,external,1,42,655,face2face_faces_c23/855_801,ffpp_test:63,1,face2face,h264_crf35,-1.79443359375,0.142530011657914
tall_local_seed42,external,1,42,656,faceswap_faces_c23/801_855,ffpp_test:63,1,faceswap,h264_crf35,-1.0989990234375,0.24992749424176744
tall_local_seed42,external,1,42,657,faceswap_faces_c23/855_801,ffpp_test:63,1,faceswap,h264_crf35,-0.507843017578125,0.3756993085271064
tall_local_seed42,external,1,42,658,neuraltextures_faces_c23/801_855,ffpp_test:63,1,neuraltextures,h264_crf35,-2.64697265625,0.06617584352747495
tall_local_seed42,external,1,42,659,neuraltextures_faces_c23/855_801,ffpp_test:63,1,neuraltextures,h264_crf35,-2.9537353515625,0.04956026505102874
tall_local_seed42,external,1,42,660,original_faces_c23/161,ffpp_test:13,0,real,h264_crf35,-3.142822265625,0.04137503437852126
tall_local_seed42,external,1,42,661,original_faces_c23/141,ffpp_test:13,0,real,h264_crf35,-3.248046875,0.03739713359499579
tall_local_seed42,external,1,42,662,deepfakes_faces_c23/161_141,ffpp_test:13,1,deepfakes,h264_crf35,-1.00201416015625,0.26854559779356457
tall_local_seed42,external,1,42,663,deepfakes_faces_c23/141_161,ffpp_test:13,1,deepfakes,h264_crf35,-0.647705078125,0.34350687891119736
tall_local_seed42,external,1,42,664,face2face_faces_c23/161_141,ffpp_test:13,1,face2face,h264_crf35,-2.8907470703125,0.05261286845064751
tall_local_seed42,external,1,42,665,face2face_faces_c23/141_161,ffpp_test:13,1,face2face,h264_crf35,-0.8763198852539062,0.29394096912330747
tall_local_seed42,external,1,42,666,faceswap_faces_c23/161_141,ffpp_test:13,1,faceswap,h264_crf35,2.6322021484375,0.9329055195476504
tall_local_seed42,external,1,42,667,faceswap_faces_c23/141_161,ffpp_test:13,1,faceswap,h264_crf35,2.19775390625,0.9000476295164561
tall_local_seed42,external,1,42,668,neuraltextures_faces_c23/161_141,ffpp_test:13,1,neuraltextures,h264_crf35,-0.71356201171875,0.32881224408422555
tall_local_seed42,external,1,42,669,neuraltextures_faces_c23/141_161,ffpp_test:13,1,neuraltextures,h264_crf35,-1.908447265625,0.12915539428415365
tall_local_seed42,external,1,42,670,original_faces_c23/949,ffpp_test:66,0,real,h264_crf35,-3.07861328125,0.04399810706980148
tall_local_seed42,external,1,42,671,original_faces_c23/868,ffpp_test:66,0,real,h264_crf35,-2.71875,0.06187598572364272
tall_local_seed42,external,1,42,672,deepfakes_faces_c23/949_868,ffpp_test:66,1,deepfakes,h264_crf35,-0.780029296875,0.3143135719487715
tall_local_seed42,external,1,42,673,deepfakes_faces_c23/868_949,ffpp_test:66,1,deepfakes,h264_crf35,2.0625,0.8872045937171068
tall_local_seed42,external,1,42,674,face2face_faces_c23/949_868,ffpp_test:66,1,face2face,h264_crf35,-2.57080078125,0.07104143872734472
tall_local_seed42,external,1,42,675,face2face_faces_c23/868_949,ffpp_test:66,1,face2face,h264_crf35,-3.1962890625,0.039305611005465944
tall_local_seed42,external,1,42,676,faceswap_faces_c23/949_868,ffpp_test:66,1,faceswap,h264_crf35,0.6926956176757812,0.666566311808025
tall_local_seed42,external,1,42,677,faceswap_faces_c23/868_949,ffpp_test:66,1,faceswap,h264_crf35,-3.038330078125,0.045723979732081005
tall_local_seed42,external,1,42,678,neuraltextures_faces_c23/949_868,ffpp_test:66,1,neuraltextures,h264_crf35,-3.014404296875,0.04677936095831016
tall_local_seed42,external,1,42,679,neuraltextures_faces_c23/868_949,ffpp_test:66,1,neuraltextures,h264_crf35,-3.228759765625,0.0380976709679326
tall_local_seed42,external,1,42,680,original_faces_c23/880,ffpp_test:11,0,real,h264_crf35,-3.344970703125,0.034060241556049906
tall_local_seed42,external,1,42,681,original_faces_c23/135,ffpp_test:11,0,real,h264_crf35,-3.031982421875,0.0460017489443906
tall_local_seed42,external,1,42,682,deepfakes_faces_c23/880_135,ffpp_test:11,1,deepfakes,h264_crf35,-0.47650146484375,0.38307859297852864
tall_local_seed42,external,1,42,683,deepfakes_faces_c23/135_880,ffpp_test:11,1,deepfakes,h264_crf35,2.7724609375,0.9411693956017185
tall_local_seed42,external,1,42,684,face2face_faces_c23/880_135,ffpp_test:11,1,face2face,h264_crf35,-3.5712890625,0.027350497830507272
tall_local_seed42,external,1,42,685,face2face_faces_c23/135_880,ffpp_test:11,1,face2face,h264_crf35,2.96875,0.9511422213778251
tall_local_seed42,external,1,42,686,faceswap_faces_c23/880_135,ffpp_test:11,1,faceswap,h264_crf35,0.9281005859375,0.716689776722701
tall_local_seed42,external,1,42,687,faceswap_faces_c23/135_880,ffpp_test:11,1,faceswap,h264_crf35,1.94268798828125,0.8746471501184775
tall_local_seed42,external,1,42,688,neuraltextures_faces_c23/880_135,ffpp_test:11,1,neuraltextures,h264_crf35,-2.58050537109375,0.0704036487018792
tall_local_seed42,external,1,42,689,neuraltextures_faces_c23/135_880,ffpp_test:11,1,neuraltextures,h264_crf35,-3.257568359375,0.03705587929124137
tall_local_seed42,external,1,42,690,original_faces_c23/429,ffpp_test:35,0,real,h264_crf35,-2.7275390625,0.06136776423283844
tall_local_seed42,external,1,42,691,original_faces_c23/404,ffpp_test:35,0,real,h264_crf35,-3.03564453125,0.045841302057910725
tall_local_seed42,external,1,42,692,deepfakes_faces_c23/429_404,ffpp_test:35,1,deepfakes,h264_crf35,3.134521484375,0.9582944743003052
tall_local_seed42,external,1,42,693,deepfakes_faces_c23/404_429,ffpp_test:35,1,deepfakes,h264_crf35,-0.0789794921875,0.48026538420352677
tall_local_seed42,external,1,42,694,face2face_faces_c23/429_404,ffpp_test:35,1,face2face,h264_crf35,-3.509033203125,0.02905629872389863
tall_local_seed42,external,1,42,695,face2face_faces_c23/404_429,ffpp_test:35,1,face2face,h264_crf35,-1.27276611328125,0.21878410683904043
tall_local_seed42,external,1,42,696,faceswap_faces_c23/429_404,ffpp_test:35,1,faceswap,h264_crf35,0.612548828125,0.648522004761729
tall_local_seed42,external,1,42,697,faceswap_faces_c23/404_429,ffpp_test:35,1,faceswap,h264_crf35,0.02294921875,0.5057370528968451
tall_local_seed42,external,1,42,698,neuraltextures_faces_c23/429_404,ffpp_test:35,1,neuraltextures,h264_crf35,-2.4144287109375,0.08207903173577831
tall_local_seed42,external,1,42,699,neuraltextures_faces_c23/404_429,ffpp_test:35,1,neuraltextures,h264_crf35,-3.69873046875,0.024156930479590062
tall_local_seed42,external,1,42,0,original_faces_c23/953,ffpp_test:68,0,real,h265_crf32,-2.690185546875,0.06355497448122988
tall_local_seed42,external,1,42,1,original_faces_c23/974,ffpp_test:68,0,real,h265_crf32,-2.759033203125,0.05957851149470292
tall_local_seed42,external,1,42,2,deepfakes_faces_c23/953_974,ffpp_test:68,1,deepfakes,h265_crf32,-1.32977294921875,0.2091969245545801
tall_local_seed42,external,1,42,3,deepfakes_faces_c23/974_953,ffpp_test:68,1,deepfakes,h265_crf32,0.997100830078125,0.7304881855325575
tall_local_seed42,external,1,42,4,face2face_faces_c23/953_974,ffpp_test:68,1,face2face,h265_crf32,2.927001953125,0.949165212116223
tall_local_seed42,external,1,42,5,face2face_faces_c23/974_953,ffpp_test:68,1,face2face,h265_crf32,3.245361328125,0.9625060703138699
tall_local_seed42,external,1,42,6,faceswap_faces_c23/953_974,ffpp_test:68,1,faceswap,h265_crf32,-2.05596923828125,0.11345061111961903
tall_local_seed42,external,1,42,7,faceswap_faces_c23/974_953,ffpp_test:68,1,faceswap,h265_crf32,-2.426513671875,0.0811731122568237
tall_local_seed42,external,1,42,8,neuraltextures_faces_c23/953_974,ffpp_test:68,1,neuraltextures,h265_crf32,-3.82666015625,0.021317892052328813
tall_local_seed42,external,1,42,9,neuraltextures_faces_c23/974_953,ffpp_test:68,1,neuraltextures,h265_crf32,-2.892822265625,0.05250952683077277
tall_local_seed42,external,1,42,10,original_faces_c23/012,ffpp_test:1,0,real,h265_crf32,-2.9384765625,0.050283975882508734
tall_local_seed42,external,1,42,11,original_faces_c23/026,ffpp_test:1,0,real,h265_crf32,-2.603515625,0.06891250313807083
tall_local_seed42,external,1,42,12,deepfakes_faces_c23/012_026,ffpp_test:1,1,deepfakes,h265_crf32,1.3033447265625,0.7863973568698568
tall_local_seed42,external,1,42,13,deepfakes_faces_c23/026_012,ffpp_test:1,1,deepfakes,h265_crf32,3.03271484375,0.9540303831343471
tall_local_seed42,external,1,42,14,face2face_faces_c23/012_026,ffpp_test:1,1,face2face,h265_crf32,1.621337890625,0.8349795586402727
tall_local_seed42,external,1,42,15,face2face_faces_c23/026_012,ffpp_test:1,1,face2face,h265_crf32,-3.710205078125,0.023887907080619813
tall_local_seed42,external,1,42,16,faceswap_faces_c23/012_026,ffpp_test:1,1,faceswap,h265_crf32,3.063232421875,0.9553503823579231
tall_local_seed42,external,1,42,17,faceswap_faces_c23/026_012,ffpp_test:1,1,faceswap,h265_crf32,0.48858642578125,0.6197733738901792
tall_local_seed42,external,1,42,18,neuraltextures_faces_c23/012_026,ffpp_test:1,1,neuraltextures,h265_crf32,2.5328826904296875,0.9264151085711536
tall_local_seed42,external,1,42,19,neuraltextures_faces_c23/026_012,ffpp_test:1,1,neuraltextures,h265_crf32,-3.3416748046875,0.034168843762040525
tall_local_seed42,external,1,42,20,original_faces_c23/078,ffpp_test:8,0,real,h265_crf32,-2.670654296875,0.06472734768445527
tall_local_seed42,external,1,42,21,original_faces_c23/955,ffpp_test:8,0,real,h265_crf32,-3.489013671875,0.029626446698981134
tall_local_seed42,external,1,42,22,deepfakes_faces_c23/078_955,ffpp_test:8,1,deepfakes,h265_crf32,3.21630859375,0.9614434069835929
tall_local_seed42,external,1,42,23,deepfakes_faces_c23/955_078,ffpp_test:8,1,deepfakes,h265_crf32,-2.93212890625,0.050587978162794346
tall_local_seed42,external,1,42,24,face2face_faces_c23/078_955,ffpp_test:8,1,face2face,h265_crf32,-2.46527099609375,0.07832895856191695
tall_local_seed42,external,1,42,25,face2face_faces_c23/955_078,ffpp_test:8,1,face2face,h265_crf32,-2.439208984375,0.0802312651665862
tall_local_seed42,external,1,42,26,faceswap_faces_c23/078_955,ffpp_test:8,1,faceswap,h265_crf32,-2.300048828125,0.09111891717142158
tall_local_seed42,external,1,42,27,faceswap_faces_c23/955_078,ffpp_test:8,1,faceswap,h265_crf32,-1.0096435546875,0.2670496134763715
tall_local_seed42,external,1,42,28,neuraltextures_faces_c23/078_955,ffpp_test:8,1,neuraltextures,h265_crf32,-3.46484375,0.03032925698427897
tall_local_seed42,external,1,42,29,neuraltextures_faces_c23/955_078,ffpp_test:8,1,neuraltextures,h265_crf32,3.448455810546875,0.9691850562311983
tall_local_seed42,external,1,42,30,original_faces_c23/623,ffpp_test:51,0,real,h265_crf32,-3.296875,0.035678550877730524
tall_local_seed42,external,1,42,31,original_faces_c23/630,ffpp_test:51,0,real,h265_crf32,-2.25146484375,0.09522318536305617
tall_local_seed42,external,1,42,32,deepfakes_faces_c23/623_630,ffpp_test:51,1,deepfakes,h265_crf32,2.865478515625,0.9461132939086832
tall_local_seed42,external,1,42,33,deepfakes_faces_c23/630_623,ffpp_test:51,1,deepfakes,h265_crf32,1.7889404296875,0.8567973209707566
tall_local_seed42,external,1,42,34,face2face_faces_c23/623_630,ffpp_test:51,1,face2face,h265_crf32,-2.611572265625,0.06839735227870497
tall_local_seed42,external,1,42,35,face2face_faces_c23/630_623,ffpp_test:51,1,face2face,h265_crf32,3.1748046875,0.9598750462680049
tall_local_seed42,external,1,42,36,faceswap_faces_c23/623_630,ffpp_test:51,1,faceswap,h265_crf32,2.9869232177734375,0.9519798529101279
tall_local_seed42,external,1,42,37,faceswap_faces_c23/630_623,ffpp_test:51,1,faceswap,h265_crf32,2.97216796875,0.9513008120652013
tall_local_seed42,external,1,42,38,neuraltextures_faces_c23/623_630,ffpp_test:51,1,neuraltextures,h265_crf32,2.3722000122070312,0.9146827023849488
tall_local_seed42,external,1,42,39,neuraltextures_faces_c23/630_623,ffpp_test:51,1,neuraltextures,h265_crf32,1.154266357421875,0.7602893215518913
tall_local_seed42,external,1,42,40,original_faces_c23/919,ffpp_test:2,0,real,h265_crf32,-3.39306640625,0.03251286072971436
tall_local_seed42,external,1,42,41,original_faces_c23/015,ffpp_test:2,0,real,h265_crf32,-2.0648193359375,0.11256351265708289
tall_local_seed42,external,1,42,42,deepfakes_faces_c23/919_015,ffpp_test:2,1,deepfakes,h265_crf32,2.5439453125,0.9271657008337788
tall_local_seed42,external,1,42,43,deepfakes_faces_c23/015_919,ffpp_test:2,1,deepfakes,h265_crf32,-3.068603515625,0.0444210676307487
tall_local_seed42,external,1,42,44,face2face_faces_c23/919_015,ffpp_test:2,1,face2face,h265_crf32,2.05242919921875,0.8861928457525994
tall_local_seed42,external,1,42,45,face2face_faces_c23/015_919,ffpp_test:2,1,face2face,h265_crf32,-1.736175537109375,0.14979936418608372
tall_local_seed42,external,1,42,46,faceswap_faces_c23/919_015,ffpp_test:2,1,faceswap,h265_crf32,-2.052734375,0.11377637934503866
tall_local_seed42,external,1,42,47,faceswap_faces_c23/015_919,ffpp_test:2,1,faceswap,h265_crf32,1.09197998046875,0.748754381447053
tall_local_seed42,external,1,42,48,neuraltextures_faces_c23/919_015,ffpp_test:2,1,neuraltextures,h265_crf32,-3.38671875,0.03271312477469997
tall_local_seed42,external,1,42,49,neuraltextures_faces_c23/015_919,ffpp_test:2,1,neuraltextures,h265_crf32,2.1033935546875,0.8912325770706419
tall_local_seed42,external,1,42,50,original_faces_c23/367,ffpp_test:30,0,real,h265_crf32,-2.2879638671875,0.09212470611572492
tall_local_seed42,external,1,42,51,original_faces_c23/371,ffpp_test:30,0,real,h265_crf32,-3.18505859375,0.03973188210876575
tall_local_seed42,external,1,42,52,deepfakes_faces_c23/367_371,ffpp_test:30,1,deepfakes,h265_crf32,3.597900390625,0.9733485943263522
tall_local_seed42,external,1,42,53,deepfakes_faces_c23/371_367,ffpp_test:30,1,deepfakes,h265_crf32,-0.91815185546875,0.2853346160989968
tall_local_seed42,external,1,42,54,face2face_faces_c23/367_371,ffpp_test:30,1,face2face,h265_crf32,0.2756805419921875,0.568486934696008
tall_local_seed42,external,1,42,55,face2face_faces_c23/371_367,ffpp_test:30,1,face2face,h265_crf32,-1.39361572265625,0.19883115463709247
tall_local_seed42,external,1,42,56,faceswap_faces_c23/367_371,ffpp_test:30,1,faceswap,h265_crf32,3.00390625,0.9527502864985101
tall_local_seed42,external,1,42,57,faceswap_faces_c23/371_367,ffpp_test:30,1,faceswap,h265_crf32,0.2264404296875,0.556369449788337
tall_local_seed42,external,1,42,58,neuraltextures_faces_c23/367_371,ffpp_test:30,1,neuraltextures,h265_crf32,-2.6695556640625,0.06479388822131707
tall_local_seed42,external,1,42,59,neuraltextures_faces_c23/371_367,ffpp_test:30,1,neuraltextures,h265_crf32,-1.9971923828125,0.11949801912110243
tall_local_seed42,external,1,42,60,original_faces_c23/847,ffpp_test:65,0,real,h265_crf32,-2.69970703125,0.06299064568631987
tall_local_seed42,external,1,42,61,original_faces_c23/906,ffpp_test:65,0,real,h265_crf32,-3.00830078125,0.04705227724755174
tall_local_seed42,external,1,42,62,deepfakes_faces_c23/847_906,ffpp_test:65,1,deepfakes,h265_crf32,2.246826171875,0.9043764153913748
tall_local_seed42,external,1,42,63,deepfakes_faces_c23/906_847,ffpp_test:65,1,deepfakes,h265_crf32,2.9150390625,0.9485848839548969
tall_local_seed42,external,1,42,64,face2face_faces_c23/847_906,ffpp_test:65,1,face2face,h265_crf32,-2.00079345703125,0.11911963929146624
tall_local_seed42,external,1,42,65,face2face_faces_c23/906_847,ffpp_test:65,1,face2face,h265_crf32,1.8359375,0.8624675338981391
tall_local_seed42,external,1,42,66,faceswap_faces_c23/847_906,ffpp_test:65,1,faceswap,h265_crf32,3.035888671875,0.9541693754390591
tall_local_seed42,external,1,42,67,faceswap_faces_c23/906_847,ffpp_test:65,1,faceswap,h265_crf32,2.81591796875,0.9435299643884346
tall_local_seed42,external,1,42,68,neuraltextures_faces_c23/847_906,ffpp_test:65,1,neuraltextures,h265_crf32,-2.5078125,0.07531230632362354
tall_local_seed42,external,1,42,69,neuraltextures_faces_c23/906_847,ffpp_test:65,1,neuraltextures,h265_crf32,2.9942626953125,0.9523142605162929
tall_local_seed42,external,1,42,70,original_faces_c23/529,ffpp_test:46,0,real,h265_crf32,-2.79296875,0.057705316146563324
tall_local_seed42,external,1,42,71,original_faces_c23/633,ffpp_test:46,0,real,h265_crf32,0.3052978515625,0.5757371070647537
tall_local_seed42,external,1,42,72,deepfakes_faces_c23/529_633,ffpp_test:46,1,deepfakes,h265_crf32,0.295654296875,0.5733798314509144
tall_local_seed42,external,1,42,73,deepfakes_faces_c23/633_529,ffpp_test:46,1,deepfakes,h265_crf32,0.78582763671875,0.6869347419226841
tall_local_seed42,external,1,42,74,face2face_faces_c23/529_633,ffpp_test:46,1,face2face,h265_crf32,1.6297607421875,0.836136860218873
tall_local_seed42,external,1,42,75,face2face_faces_c23/633_529,ffpp_test:46,1,face2face,h265_crf32,-1.070556640625,0.25529724093101164
tall_local_seed42,external,1,42,76,faceswap_faces_c23/529_633,ffpp_test:46,1,faceswap,h265_crf32,3.0079345703125,0.9529312997304551
tall_local_seed42,external,1,42,77,faceswap_faces_c23/633_529,ffpp_test:46,1,faceswap,h265_crf32,2.1416015625,0.8948813627024546
tall_local_seed42,external,1,42,78,neuraltextures_faces_c23/529_633,ffpp_test:46,1,neuraltextures,h265_crf32,-2.052215576171875,0.11382870099565935
tall_local_seed42,external,1,42,79,neuraltextures_faces_c23/633_529,ffpp_test:46,1,neuraltextures,h265_crf32,-2.39398193359375,0.0836327568122494
tall_local_seed42,external,1,42,80,original_faces_c23/418,ffpp_test:36,0,real,h265_crf32,-2.65203857421875,0.06586347418238507
tall_local_seed42,external,1,42,81,original_faces_c23/507,ffpp_test:36,0,real,h265_crf32,-3.05322265625,0.04507854595038867
tall_local_seed42,external,1,42,82,deepfakes_faces_c23/418_507,ffpp_test:36,1,deepfakes,h265_crf32,-0.301025390625,0.42530683708177497
tall_local_seed42,external,1,42,83,deepfakes_faces_c23/507_418,ffpp_test:36,1,deepfakes,h265_crf32,-2.676513671875,0.06437353787009231
tall_local_seed42,external,1,42,84,face2face_faces_c23/418_507,ffpp_test:36,1,face2face,h265_crf32,2.894287109375,0.9475633047260208
tall_local_seed42,external,1,42,85,face2face_faces_c23/507_418,ffpp_test:36,1,face2face,h265_crf32,-3.2962646484375,0.03569955633677702
tall_local_seed42,external,1,42,86,faceswap_faces_c23/418_507,ffpp_test:36,1,faceswap,h265_crf32,0.09381103515625,0.5234355742250567
tall_local_seed42,external,1,42,87,faceswap_faces_c23/507_418,ffpp_test:36,1,faceswap,h265_crf32,0.9407958984375,0.7192603971535144
tall_local_seed42,external,1,42,88,neuraltextures_faces_c23/418_507,ffpp_test:36,1,neuraltextures,h265_crf32,-1.7594146728515625,0.14686366304892912
tall_local_seed42,external,1,42,89,neuraltextures_faces_c23/507_418,ffpp_test:36,1,neuraltextures,h265_crf32,-3.526611328125,0.028564468317437218
tall_local_seed42,external,1,42,90,original_faces_c23/227,ffpp_test:16,0,real,h265_crf32,-2.876983642578125,0.05330314264976262
tall_local_seed42,external,1,42,91,original_faces_c23/169,ffpp_test:16,0,real,h265_crf32,-2.24658203125,0.09564469990471254
tall_local_seed42,external,1,42,92,deepfakes_faces_c23/227_169,ffpp_test:16,1,deepfakes,h265_crf32,2.97216796875,0.9513008120652013
tall_local_seed42,external,1,42,93,deepfakes_faces_c23/169_227,ffpp_test:16,1,deepfakes,h265_crf32,0.604644775390625,0.6467182372867446
tall_local_seed42,external,1,42,94,face2face_faces_c23/227_169,ffpp_test:16,1,face2face,h265_crf32,-2.431610107421875,0.08079380996472905
tall_local_seed42,external,1,42,95,face2face_faces_c23/169_227,ffpp_test:16,1,face2face,h265_crf32,-1.3268280029296875,0.20968453477320897
tall_local_seed42,external,1,42,96,faceswap_faces_c23/227_169,ffpp_test:16,1,faceswap,h265_crf32,0.4701690673828125,0.6154237715925938
tall_local_seed42,external,1,42,97,faceswap_faces_c23/169_227,ffpp_test:16,1,faceswap,h265_crf32,-0.03985595703125,0.4900373295135465
tall_local_seed42,external,1,42,98,neuraltextures_faces_c23/227_169,ffpp_test:16,1,neuraltextures,h265_crf32,-3.38330078125,0.03282145239101996
tall_local_seed42,external,1,42,99,neuraltextures_faces_c23/169_227,ffpp_test:16,1,neuraltextures,h265_crf32,3.0230712890625,0.9536055948050597
tall_local_seed42,external,1,42,100,original_faces_c23/389,ffpp_test:33,0,real,h265_crf32,-2.836761474609375,0.055369681520204016
tall_local_seed42,external,1,42,101,original_faces_c23/480,ffpp_test:33,0,real,h265_crf32,-3.04736328125,0.045331444756554734
tall_local_seed42,external,1,42,102,deepfakes_faces_c23/389_480,ffpp_test:33,1,deepfakes,h265_crf32,0.17681884765625,0.5440898995177776
tall_local_seed42,external,1,42,103,deepfakes_faces_c23/480_389,ffpp_test:33,1,deepfakes,h265_crf32,1.3765869140625,0.7984422842704564
tall_local_seed42,external,1,42,104,face2face_faces_c23/389_480,ffpp_test:33,1,face2face,h265_crf32,-3.186767578125,0.039666730048046786
tall_local_seed42,external,1,42,105,face2face_faces_c23/480_389,ffpp_test:33,1,face2face,h265_crf32,-1.3724365234375,0.20222647463557403
tall_local_seed42,external,1,42,106,faceswap_faces_c23/389_480,ffpp_test:33,1,faceswap,h265_crf32,0.772216796875,0.6840002362106234
tall_local_seed42,external,1,42,107,faceswap_faces_c23/480_389,ffpp_test:33,1,faceswap,h265_crf32,1.3565673828125,0.795201241070737
tall_local_seed42,external,1,42,108,neuraltextures_faces_c23/389_480,ffpp_test:33,1,neuraltextures,h265_crf32,-2.9164886474609375,0.05134446341956911
tall_local_seed42,external,1,42,109,neuraltextures_faces_c23/480_389,ffpp_test:33,1,neuraltextures,h265_crf32,-1.322265625,0.2104415994810358
tall_local_seed42,external,1,42,110,original_faces_c23/821,ffpp_test:64,0,real,h265_crf32,-3.143310546875,0.0413556719468678
tall_local_seed42,external,1,42,111,original_faces_c23/812,ffpp_test:64,0,real,h265_crf32,-3.486328125,0.02970375033937923
tall_local_seed42,external,1,42,112,deepfakes_faces_c23/821_812,ffpp_test:64,1,deepfakes,h265_crf32,-0.1143646240234375,0.47143996590374365
tall_local_seed42,external,1,42,113,deepfakes_faces_c23/812_821,ffpp_test:64,1,deepfakes,h265_crf32,3.141357421875,0.9585668262689834
tall_local_seed42,external,1,42,114,face2face_faces_c23/821_812,ffpp_test:64,1,face2face,h265_crf32,-0.2122802734375,0.4471283286498577
tall_local_seed42,external,1,42,115,face2face_faces_c23/812_821,ffpp_test:64,1,face2face,h265_crf32,1.5201416015625,0.8205593311960179
tall_local_seed42,external,1,42,116,faceswap_faces_c23/821_812,ffpp_test:64,1,faceswap,h265_crf32,2.0510711669921875,0.886055809446429
tall_local_seed42,external,1,42,117,faceswap_faces_c23/812_821,ffpp_test:64,1,faceswap,h265_crf32,0.6838531494140625,0.6645981371388235
tall_local_seed42,external,1,42,118,neuraltextures_faces_c23/821_812,ffpp_test:64,1,neuraltextures,h265_crf32,-1.9503326416015625,0.1245170915369861
tall_local_seed42,external,1,42,119,neuraltextures_faces_c23/812_821,ffpp_test:64,1,neuraltextures,h265_crf32,-0.41357421875,0.39805540099881903
tall_local_seed42,external,1,42,120,original_faces_c23/670,ffpp_test:54,0,real,h265_crf32,-3.08935546875,0.04354847307656649
tall_local_seed42,external,1,42,121,original_faces_c23/661,ffpp_test:54,0,real,h265_crf32,-2.7276611328125,0.06136073314426273
tall_local_seed42,external,1,42,122,deepfakes_faces_c23/670_661,ffpp_test:54,1,deepfakes,h265_crf32,2.961181640625,0.9507893111550211
tall_local_seed42,external,1,42,123,deepfakes_faces_c23/661_670,ffpp_test:54,1,deepfakes,h265_crf32,2.989501953125,0.9520976004618228
tall_local_seed42,external,1,42,124,face2face_faces_c23/670_661,ffpp_test:54,1,face2face,h265_crf32,-2.104248046875,0.10868461864675724
tall_local_seed42,external,1,42,125,face2face_faces_c23/661_670,ffpp_test:54,1,face2face,h265_crf32,-3.178955078125,0.03996540642929686
tall_local_seed42,external,1,42,126,faceswap_faces_c23/670_661,ffpp_test:54,1,faceswap,h265_crf32,2.91552734375,0.9486086929981301
tall_local_seed42,external,1,42,127,faceswap_faces_c23/661_670,ffpp_test:54,1,faceswap,h265_crf32,2.7576904296875,0.9403462098624648
tall_local_seed42,external,1,42,128,neuraltextures_faces_c23/670_661,ffpp_test:54,1,neuraltextures,h265_crf32,3.79541015625,0.9780202791460404
tall_local_seed42,external,1,42,129,neuraltextures_faces_c23/661_670,ffpp_test:54,1,neuraltextures,h265_crf32,-3.89013671875,0.020033024835634905
tall_local_seed42,external,1,42,130,original_faces_c23/158,ffpp_test:15,0,real,h265_crf32,-3.7646484375,0.02265080885432698
tall_local_seed42,external,1,42,131,original_faces_c23/379,ffpp_test:15,0,real,h265_crf32,-2.85205078125,0.05457540648729001
tall_local_seed42,external,1,42,132,deepfakes_faces_c23/158_379,ffpp_test:15,1,deepfakes,h265_crf32,-2.7294921875,0.06125535712723215
tall_local_seed42,external,1,42,133,deepfakes_faces_c23/379_158,ffpp_test:15,1,deepfakes,h265_crf32,-0.4534912109375,0.38853102071373313
tall_local_seed42,external,1,42,134,face2face_faces_c23/158_379,ffpp_test:15,1,face2face,h265_crf32,3.39501953125,0.9675485202659896
tall_local_seed42,external,1,42,135,face2face_faces_c23/379_158,ffpp_test:15,1,face2face,h265_crf32,-3.12939453125,0.04191091254279493
tall_local_seed42,external,1,42,136,faceswap_faces_c23/158_379,ffpp_test:15,1,faceswap,h265_crf32,-3.46142578125,0.030429938899705987
tall_local_seed42,external,1,42,137,faceswap_faces_c23/379_158,ffpp_test:15,1,faceswap,h265_crf32,-2.02825927734375,0.11626766099998832
tall_local_seed42,external,1,42,138,neuraltextures_faces_c23/158_379,ffpp_test:15,1,neuraltextures,h265_crf32,1.32684326171875,0.7903179938552783
tall_local_seed42,external,1,42,139,neuraltextures_faces_c23/379_158,ffpp_test:15,1,neuraltextures,h265_crf32,-2.13037109375,0.10617976764366692
tall_local_seed42,external,1,42,140,original_faces_c23/423,ffpp_test:37,0,real,h265_crf32,-3.461029052734375,0.03044164614186666
tall_local_seed42,external,1,42,141,original_faces_c23/421,ffpp_test:37,0,real,h265_crf32,-3.673095703125,0.024768656791809406
tall_local_seed42,external,1,42,142,deepfakes_faces_c23/423_421,ffpp_test:37,1,deepfakes,h265_crf32,3.070556640625,0.9556617645690448
tall_local_seed42,external,1,42,143,deepfakes_faces_c23/421_423,ffpp_test:37,1,deepfakes,h265_crf32,3.072021484375,0.9557237920375884
tall_local_seed42,external,1,42,144,face2face_faces_c23/423_421,ffpp_test:37,1,face2face,h265_crf32,1.72802734375,0.8491599219405576
tall_local_seed42,external,1,42,145,face2face_faces_c23/421_423,ffpp_test:37,1,face2face,h265_crf32,0.723907470703125,0.6734668877166662
tall_local_seed42,external,1,42,146,faceswap_faces_c23/423_421,ffpp_test:37,1,faceswap,h265_crf32,-2.5751953125,0.07075196973880457
tall_local_seed42,external,1,42,147,faceswap_faces_c23/421_423,ffpp_test:37,1,faceswap,h265_crf32,-2.025421142578125,0.11655959565082248
tall_local_seed42,external,1,42,148,neuraltextures_faces_c23/423_421,ffpp_test:37,1,neuraltextures,h265_crf32,-2.9365234375,0.05037733030719283
tall_local_seed42,external,1,42,149,neuraltextures_faces_c23/421_423,ffpp_test:37,1,neuraltextures,h265_crf32,-2.05682373046875,0.11336469504647093
tall_local_seed42,external,1,42,150,original_faces_c23/352,ffpp_test:28,0,real,h265_crf32,-1.617523193359375,0.165546735403212
tall_local_seed42,external,1,42,151,original_faces_c23/319,ffpp_test:28,0,real,h265_crf32,-4.10693359375,0.01619167932323508
tall_local_seed42,external,1,42,152,deepfakes_faces_c23/352_319,ffpp_test:28,1,deepfakes,h265_crf32,0.49273681640625,0.6207509440895453
tall_local_seed42,external,1,42,153,deepfakes_faces_c23/319_352,ffpp_test:28,1,deepfakes,h265_crf32,1.78619384765625,0.8564599968869457
tall_local_seed42,external,1,42,154,face2face_faces_c23/352_319,ffpp_test:28,1,face2face,h265_crf32,-0.796844482421875,0.3107009190000977
tall_local_seed42,external,1,42,155,face2face_faces_c23/319_352,ffpp_test:28,1,face2face,h265_crf32,0.201324462890625,0.5501618021437358
tall_local_seed42,external,1,42,156,faceswap_faces_c23/352_319,ffpp_test:28,1,faceswap,h265_crf32,-0.3538970947265625,0.41243770585411893
tall_local_seed42,external,1,42,157,faceswap_faces_c23/319_352,ffpp_test:28,1,faceswap,h265_crf32,-2.11431884765625,0.10771287500885716
tall_local_seed42,external,1,42,158,neuraltextures_faces_c23/352_319,ffpp_test:28,1,neuraltextures,h265_crf32,1.1796875,0.7648916107800069
tall_local_seed42,external,1,42,159,neuraltextures_faces_c23/319_352,ffpp_test:28,1,neuraltextures,h265_crf32,-1.1212158203125,0.24578583101578902
tall_local_seed42,external,1,42,160,original_faces_c23/579,ffpp_test:48,0,real,h265_crf32,-3.421142578125,0.03164120100423866
tall_local_seed42,external,1,42,161,original_faces_c23/701,ffpp_test:48,0,real,h265_crf32,-2.557373046875,0.07193271636680572
tall_local_seed42,external,1,42,162,deepfakes_faces_c23/579_701,ffpp_test:48,1,deepfakes,h265_crf32,-2.948486328125,0.049808100693982796
tall_local_seed42,external,1,42,163,deepfakes_faces_c23/701_579,ffpp_test:48,1,deepfakes,h265_crf32,-3.4423828125,0.030996833892889323
tall_local_seed42,external,1,42,164,face2face_faces_c23/579_701,ffpp_test:48,1,face2face,h265_crf32,-2.99658203125,0.047580524666144326
tall_local_seed42,external,1,42,165,face2face_faces_c23/701_579,ffpp_test:48,1,face2face,h265_crf32,-3.24658203125,0.03744990164998498
tall_local_seed42,external,1,42,166,faceswap_faces_c23/579_701,ffpp_test:48,1,faceswap,h265_crf32,-0.7021484375,0.33133606382131414
tall_local_seed42,external,1,42,167,faceswap_faces_c23/701_579,ffpp_test:48,1,faceswap,h265_crf32,-1.91033935546875,0.12894273212666757
tall_local_seed42,external,1,42,168,neuraltextures_faces_c23/579_701,ffpp_test:48,1,neuraltextures,h265_crf32,-2.2879638671875,0.09212470611572492
tall_local_seed42,external,1,42,169,neuraltextures_faces_c23/701_579,ffpp_test:48,1,neuraltextures,h265_crf32,-2.936767578125,0.05036565203476981
tall_local_seed42,external,1,42,170,original_faces_c23/488,ffpp_test:34,0,real,h265_crf32,-2.4913330078125,0.07646800630958447
tall_local_seed42,external,1,42,171,original_faces_c23/399,ffpp_test:34,0,real,h265_crf32,-3.381591796875,0.032875746075679425
tall_local_seed42,external,1,42,172,deepfakes_faces_c23/488_399,ffpp_test:34,1,deepfakes,h265_crf32,3.038818359375,0.9542973208637164
tall_local_seed42,external,1,42,173,deepfakes_faces_c23/399_488,ffpp_test:34,1,deepfakes,h265_crf32,2.031982421875,0.8841143440008966
tall_local_seed42,external,1,42,174,face2face_faces_c23/488_399,ffpp_test:34,1,face2face,h265_crf32,2.91357421875,0.9485133942150868
tall_local_seed42,external,1,42,175,face2face_faces_c23/399_488,ffpp_test:34,1,face2face,h265_crf32,2.915283203125,0.948596789780305
tall_local_seed42,external,1,42,176,faceswap_faces_c23/488_399,ffpp_test:34,1,faceswap,h265_crf32,2.7703857421875,0.9410543876913275
tall_local_seed42,external,1,42,177,faceswap_faces_c23/399_488,ffpp_test:34,1,faceswap,h265_crf32,3.448486328125,0.9691859676373076
tall_local_seed42,external,1,42,178,neuraltextures_faces_c23/488_399,ffpp_test:34,1,neuraltextures,h265_crf32,1.14642333984375,0.7588570191252071
tall_local_seed42,external,1,42,179,neuraltextures_faces_c23/399_488,ffpp_test:34,1,neuraltextures,h265_crf32,1.492919921875,0.8165161324467041
tall_local_seed42,external,1,42,180,original_faces_c23/695,ffpp_test:38,0,real,h265_crf32,-2.80322265625,0.05715027786266176
tall_local_seed42,external,1,42,181,original_faces_c23/422,ffpp_test:38,0,real,h265_crf32,-3.012451171875,0.04686652999144273
tall_local_seed42,external,1,42,182,deepfakes_faces_c23/695_422,ffpp_test:38,1,deepfakes,h265_crf32,-2.27679443359375,0.09306315793267803
tall_local_seed42,external,1,42,183,deepfakes_faces_c23/422_695,ffpp_test:38,1,deepfakes,h265_crf32,-0.9202880859375,0.2848991984401829
tall_local_seed42,external,1,42,184,face2face_faces_c23/695_422,ffpp_test:38,1,face2face,h265_crf32,-2.1787109375,0.10167861051574648
tall_local_seed42,external,1,42,185,face2face_faces_c23/422_695,ffpp_test:38,1,face2face,h265_crf32,2.61126708984375,0.9315831996170962
tall_local_seed42,external,1,42,186,faceswap_faces_c23/695_422,ffpp_test:38,1,faceswap,h265_crf32,-1.9517822265625,0.12435915452444565
tall_local_seed42,external,1,42,187,faceswap_faces_c23/422_695,ffpp_test:38,1,faceswap,h265_crf32,0.17425537109375,0.5434539420387321
tall_local_seed42,external,1,42,188,neuraltextures_faces_c23/695_422,ffpp_test:38,1,neuraltextures,h265_crf32,-2.3779754638671875,0.08486766953791852
tall_local_seed42,external,1,42,189,neuraltextures_faces_c23/422_695,ffpp_test:38,1,neuraltextures,h265_crf32,-2.94921875,0.04977344860541247
tall_local_seed42,external,1,42,190,original_faces_c23/288,ffpp_test:25,0,real,h265_crf32,-2.6181640625,0.0679785216605024
tall_local_seed42,external,1,42,191,original_faces_c23/321,ffpp_test:25,0,real,h265_crf32,-2.57147216796875,0.07099714361967037
tall_local_seed42,external,1,42,192,deepfakes_faces_c23/288_321,ffpp_test:25,1,deepfakes,h265_crf32,2.292236328125,0.9082320107126255
tall_local_seed42,external,1,42,193,deepfakes_faces_c23/321_288,ffpp_test:25,1,deepfakes,h265_crf32,2.9287109375,0.9492476083898198
tall_local_seed42,external,1,42,194,face2face_faces_c23/288_321,ffpp_test:25,1,face2face,h265_crf32,1.0226287841796875,0.7354843383654347
tall_local_seed42,external,1,42,195,face2face_faces_c23/321_288,ffpp_test:25,1,face2face,h265_crf32,-3.1943359375,0.03937942873075149
tall_local_seed42,external,1,42,196,faceswap_faces_c23/288_321,ffpp_test:25,1,faceswap,h265_crf32,3.12548828125,0.957931953401743
tall_local_seed42,external,1,42,197,faceswap_faces_c23/321_288,ffpp_test:25,1,faceswap,h265_crf32,2.97314453125,0.9513460339057246
tall_local_seed42,external,1,42,198,neuraltextures_faces_c23/288_321,ffpp_test:25,1,neuraltextures,h265_crf32,2.1660690307617188,0.8971608483319279
tall_local_seed42,external,1,42,199,neuraltextures_faces_c23/321_288,ffpp_test:25,1,neuraltextures,h265_crf32,-2.05633544921875,0.11341378299476193
tall_local_seed42,external,1,42,200,original_faces_c23/705,ffpp_test:57,0,real,h265_crf32,-2.614501953125,0.06821091094943531
tall_local_seed42,external,1,42,201,original_faces_c23/707,ffpp_test:57,0,real,h265_crf32,-2.780029296875,0.05841294416787438
tall_local_seed42,external,1,42,202,deepfakes_faces_c23/705_707,ffpp_test:57,1,deepfakes,h265_crf32,3.07373046875,0.9557960528258783
tall_local_seed42,external,1,42,203,deepfakes_faces_c23/707_705,ffpp_test:57,1,deepfakes,h265_crf32,2.951416015625,0.9503303706380117
tall_local_seed42,external,1,42,204,face2face_faces_c23/705_707,ffpp_test:57,1,face2face,h265_crf32,1.889404296875,0.8686875939516543
tall_local_seed42,external,1,42,205,face2face_faces_c23/707_705,ffpp_test:57,1,face2face,h265_crf32,-2.44940185546875,0.0794823013416261
tall_local_seed42,external,1,42,206,faceswap_faces_c23/705_707,ffpp_test:57,1,faceswap,h265_crf32,2.810993194580078,0.9432669927818629
tall_local_seed42,external,1,42,207,faceswap_faces_c23/707_705,ffpp_test:57,1,faceswap,h265_crf32,2.3156890869140625,0.910168093889802
tall_local_seed42,external,1,42,208,neuraltextures_faces_c23/705_707,ffpp_test:57,1,neuraltextures,h265_crf32,2.95361328125,0.95043398462728
tall_local_seed42,external,1,42,209,neuraltextures_faces_c23/707_705,ffpp_test:57,1,neuraltextures,h265_crf32,-2.04010009765625,0.11505653985636818
tall_local_seed42,external,1,42,210,original_faces_c23/306,ffpp_test:24,0,real,h265_crf32,-3.202392578125,0.039075785056196966
tall_local_seed42,external,1,42,211,original_faces_c23/278,ffpp_test:24,0,real,h265_crf32,-1.7542724609375,0.147509125764239
tall_local_seed42,external,1,42,212,deepfakes_faces_c23/306_278,ffpp_test:24,1,deepfakes,h265_crf32,0.1671142578125,0.5416816054492677
tall_local_seed42,external,1,42,213,deepfakes_faces_c23/278_306,ffpp_test:24,1,deepfakes,h265_crf32,1.847900390625,0.8638803962809957
tall_local_seed42,external,1,42,214,face2face_faces_c23/306_278,ffpp_test:24,1,face2face,h265_crf32,-1.016998291015625,0.2656125093046342
tall_local_seed42,external,1,42,215,face2face_faces_c23/278_306,ffpp_test:24,1,face2face,h265_crf32,0.21624755859375,0.5538521954783355
tall_local_seed42,external,1,42,216,faceswap_faces_c23/306_278,ffpp_test:24,1,faceswap,h265_crf32,-3.274169921875,0.036468021573113046
tall_local_seed42,external,1,42,217,faceswap_faces_c23/278_306,ffpp_test:24,1,faceswap,h265_crf32,-3.444580078125,0.030930904724411092
tall_local_seed42,external,1,42,218,neuraltextures_faces_c23/306_278,ffpp_test:24,1,neuraltextures,h265_crf32,-3.44921875,0.03079216644429231
tall_local_seed42,external,1,42,219,neuraltextures_faces_c23/278_306,ffpp_test:24,1,neuraltextures,h265_crf32,-1.544921875,0.1758209177336658
tall_local_seed42,external,1,42,220,original_faces_c23/865,ffpp_test:61,0,real,h265_crf32,-2.796875,0.05749327880038582
tall_local_seed42,external,1,42,221,original_faces_c23/739,ffpp_test:61,0,real,h265_crf32,-3.027587890625,0.046194990760043866
tall_local_seed42,external,1,42,222,deepfakes_faces_c23/865_739,ffpp_test:61,1,deepfakes,h265_crf32,3.034423828125,0.9541052749267376
tall_local_seed42,external,1,42,223,deepfakes_faces_c23/739_865,ffpp_test:61,1,deepfakes,h265_crf32,2.796875,0.9425067211996143
tall_local_seed42,external,1,42,224,face2face_faces_c23/865_739,ffpp_test:61,1,face2face,h265_crf32,-2.00146484375,0.11904920859484844
tall_local_seed42,external,1,42,225,face2face_faces_c23/739_865,ffpp_test:61,1,face2face,h265_crf32,-3.078857421875,0.04398783910319431
tall_local_seed42,external,1,42,226,faceswap_faces_c23/865_739,ffpp_test:61,1,faceswap,h265_crf32,3.0029296875,0.9527063049680933
tall_local_seed42,external,1,42,227,faceswap_faces_c23/739_865,ffpp_test:61,1,faceswap,h265_crf32,2.666748046875,0.9350357743955525
tall_local_seed42,external,1,42,228,neuraltextures_faces_c23/865_739,ffpp_test:61,1,neuraltextures,h265_crf32,-0.740447998046875,0.3229061866924383
tall_local_seed42,external,1,42,229,neuraltextures_faces_c23/739_865,ffpp_test:61,1,neuraltextures,h265_crf32,-3.037841796875,0.045745289779535105
tall_local_seed42,external,1,42,230,original_faces_c23/995,ffpp_test:21,0,real,h265_crf32,-3.57861328125,0.027156328721705963
tall_local_seed42,external,1,42,231,original_faces_c23/233,ffpp_test:21,0,real,h265_crf32,-2.3736572265625,0.08520364784420767
tall_local_seed42,external,1,42,232,deepfakes_faces_c23/995_233,ffpp_test:21,1,deepfakes,h265_crf32,-0.6124267578125,0.3515058205979507
tall_local_seed42,external,1,42,233,deepfakes_faces_c23/233_995,ffpp_test:21,1,deepfakes,h265_crf32,1.0208740234375,0.7351428136688027
tall_local_seed42,external,1,42,234,face2face_faces_c23/995_233,ffpp_test:21,1,face2face,h265_crf32,1.21612548828125,0.7713809886905035
tall_local_seed42,external,1,42,235,face2face_faces_c23/233_995,ffpp_test:21,1,face2face,h265_crf32,-1.49755859375,0.18278993324255474
tall_local_seed42,external,1,42,236,faceswap_faces_c23/995_233,ffpp_test:21,1,faceswap,h265_crf32,-0.689208984375,0.33420906170762205
tall_local_seed42,external,1,42,237,faceswap_faces_c23/233_995,ffpp_test:21,1,faceswap,h265_crf32,1.481689453125,0.8148276270129011
tall_local_seed42,external,1,42,238,neuraltextures_faces_c23/995_233,ffpp_test:21,1,neuraltextures,h265_crf32,0.6097564697265625,0.6478852475317257
tall_local_seed42,external,1,42,239,neuraltextures_faces_c23/233_995,ffpp_test:21,1,neuraltextures,h265_crf32,-2.398681640625,0.08327328324750004
tall_local_seed42,external,1,42,240,original_faces_c23/755,ffpp_test:62,0,real,h265_crf32,-2.0986328125,0.10922977561625931
tall_local_seed42,external,1,42,241,original_faces_c23/759,ffpp_test:62,0,real,h265_crf32,-3.34619140625,0.0340201030852141
tall_local_seed42,external,1,42,242,deepfakes_faces_c23/755_759,ffpp_test:62,1,deepfakes,h265_crf32,3.183349609375,0.9602028632538023
tall_local_seed42,external,1,42,243,deepfakes_faces_c23/759_755,ffpp_test:62,1,deepfakes,h265_crf32,1.03857421875,0.7385748069583852
tall_local_seed42,external,1,42,244,face2face_faces_c23/755_759,ffpp_test:62,1,face2face,h265_crf32,-2.810302734375,0.056769968073874584
tall_local_seed42,external,1,42,245,face2face_faces_c23/759_755,ffpp_test:62,1,face2face,h265_crf32,0.4276123046875,0.6053033649399292
tall_local_seed42,external,1,42,246,faceswap_faces_c23/755_759,ffpp_test:62,1,faceswap,h265_crf32,-2.54638671875,0.07266960415044467
tall_local_seed42,external,1,42,247,faceswap_faces_c23/759_755,ffpp_test:62,1,faceswap,h265_crf32,-2.462158203125,0.07855397725538564
tall_local_seed42,external,1,42,248,neuraltextures_faces_c23/755_759,ffpp_test:62,1,neuraltextures,h265_crf32,-2.845947265625,0.05489118668226688
tall_local_seed42,external,1,42,249,neuraltextures_faces_c23/759_755,ffpp_test:62,1,neuraltextures,h265_crf32,2.3750381469726562,0.9149039249623588
tall_local_seed42,external,1,42,250,original_faces_c23/467,ffpp_test:43,0,real,h265_crf32,-2.3988037109375,0.08326396501504235
tall_local_seed42,external,1,42,251,original_faces_c23/462,ffpp_test:43,0,real,h265_crf32,-2.58349609375,0.07020816625335768
tall_local_seed42,external,1,42,252,deepfakes_faces_c23/467_462,ffpp_test:43,1,deepfakes,h265_crf32,-1.849853515625,0.13589009686977682
tall_local_seed42,external,1,42,253,deepfakes_faces_c23/462_467,ffpp_test:43,1,deepfakes,h265_crf32,3.219482421875,0.9615608885801805
tall_local_seed42,external,1,42,254,face2face_faces_c23/467_462,ffpp_test:43,1,face2face,h265_crf32,2.5606231689453125,0.9282839549454052
tall_local_seed42,external,1,42,255,face2face_faces_c23/462_467,ffpp_test:43,1,face2face,h265_crf32,-0.599517822265625,0.35445401618697997
tall_local_seed42,external,1,42,256,faceswap_faces_c23/467_462,ffpp_test:43,1,faceswap,h265_crf32,0.63311767578125,0.653196049217853
tall_local_seed42,external,1,42,257,faceswap_faces_c23/462_467,ffpp_test:43,1,faceswap,h265_crf32,1.7796478271484375,0.8556533742498718
tall_local_seed42,external,1,42,258,neuraltextures_faces_c23/467_462,ffpp_test:43,1,neuraltextures,h265_crf32,0.84619140625,0.6997675932254099
tall_local_seed42,external,1,42,259,neuraltextures_faces_c23/462_467,ffpp_test:43,1,neuraltextures,h265_crf32,-2.11572265625,0.10757802810742752
tall_local_seed42,external,1,42,260,original_faces_c23/314,ffpp_test:27,0,real,h265_crf32,-1.20843505859375,0.22997806642577348
tall_local_seed42,external,1,42,261,original_faces_c23/347,ffpp_test:27,0,real,h265_crf32,-3.297607421875,0.035653360037618154
tall_local_seed42,external,1,42,262,deepfakes_faces_c23/314_347,ffpp_test:27,1,deepfakes,h265_crf32,2.806304931640625,0.9430155813188921
tall_local_seed42,external,1,42,263,deepfakes_faces_c23/347_314,ffpp_test:27,1,deepfakes,h265_crf32,3.191650390625,0.9605188547868497
tall_local_seed42,external,1,42,264,face2face_faces_c23/314_347,ffpp_test:27,1,face2face,h265_crf32,2.876220703125,0.9466583448390965
tall_local_seed42,external,1,42,265,face2face_faces_c23/347_314,ffpp_test:27,1,face2face,h265_crf32,2.817474365234375,0.9436128337929985
tall_local_seed42,external,1,42,266,faceswap_faces_c23/314_347,ffpp_test:27,1,faceswap,h265_crf32,1.36480712890625,0.7965398713975411
tall_local_seed42,external,1,42,267,faceswap_faces_c23/347_314,ffpp_test:27,1,faceswap,h265_crf32,2.67529296875,0.935552900577945
tall_local_seed42,external,1,42,268,neuraltextures_faces_c23/314_347,ffpp_test:27,1,neuraltextures,h265_crf32,1.601318359375,0.8322025633942034
tall_local_seed42,external,1,42,269,neuraltextures_faces_c23/347_314,ffpp_test:27,1,neuraltextures,h265_crf32,-3.073486328125,0.044214263253234576
tall_local_seed42,external,1,42,270,original_faces_c23/741,ffpp_test:60,0,real,h265_crf32,-2.9912109375,0.047824516782877524
tall_local_seed42,external,1,42,271,original_faces_c23/731,ffpp_test:60,0,real,h265_crf32,-3.12744140625,0.041989409288261656
tall_local_seed42,external,1,42,272,deepfakes_faces_c23/741_731,ffpp_test:60,1,deepfakes,h265_crf32,-3.2030029296875,0.03905287349222086
tall_local_seed42,external,1,42,273,deepfakes_faces_c23/731_741,ffpp_test:60,1,deepfakes,h265_crf32,3.5615234375,0.9723885100454612
tall_local_seed42,external,1,42,274,face2face_faces_c23/741_731,ffpp_test:60,1,face2face,h265_crf32,2.36474609375,0.9140992107080287
tall_local_seed42,external,1,42,275,face2face_faces_c23/731_741,ffpp_test:60,1,face2face,h265_crf32,-3.21832275390625,0.03848199749122535
tall_local_seed42,external,1,42,276,faceswap_faces_c23/741_731,ffpp_test:60,1,faceswap,h265_crf32,-1.6320343017578125,0.16355187282455758
tall_local_seed42,external,1,42,277,faceswap_faces_c23/731_741,ffpp_test:60,1,faceswap,h265_crf32,0.635498046875,0.6537350801724741
tall_local_seed42,external,1,42,278,neuraltextures_faces_c23/741_731,ffpp_test:60,1,neuraltextures,h265_crf32,-1.5164794921875,0.1799805172068539
tall_local_seed42,external,1,42,279,neuraltextures_faces_c23/731_741,ffpp_test:60,1,neuraltextures,h265_crf32,-2.1263580322265625,0.10656123211803162
tall_local_seed42,external,1,42,280,original_faces_c23/970,ffpp_test:69,0,real,h265_crf32,-3.2607421875,0.03694279465471403
tall_local_seed42,external,1,42,281,original_faces_c23/973,ffpp_test:69,0,real,h265_crf32,-3.09228515625,0.04342660877382183
tall_local_seed42,external,1,42,282,deepfakes_faces_c23/970_973,ffpp_test:69,1,deepfakes,h265_crf32,2.810791015625,0.9432561723321421
tall_local_seed42,external,1,42,283,deepfakes_faces_c23/973_970,ffpp_test:69,1,deepfakes,h265_crf32,2.760772705078125,0.9405188762732645
tall_local_seed42,external,1,42,284,face2face_faces_c23/970_973,ffpp_test:69,1,face2face,h265_crf32,-1.134674072265625,0.24329954924568556
tall_local_seed42,external,1,42,285,face2face_faces_c23/973_970,ffpp_test:69,1,face2face,h265_crf32,0.905609130859375,0.7121008154386985
tall_local_seed42,external,1,42,286,faceswap_faces_c23/970_973,ffpp_test:69,1,faceswap,h265_crf32,3.468505859375,0.9697782583850592
tall_local_seed42,external,1,42,287,faceswap_faces_c23/973_970,ffpp_test:69,1,faceswap,h265_crf32,2.79949951171875,0.9426487726651639
tall_local_seed42,external,1,42,288,neuraltextures_faces_c23/970_973,ffpp_test:69,1,neuraltextures,h265_crf32,-2.4815673828125,0.07716051986818478
tall_local_seed42,external,1,42,289,neuraltextures_faces_c23/973_970,ffpp_test:69,1,neuraltextures,h265_crf32,-2.84423828125,0.05497991309145708
tall_local_seed42,external,1,42,290,original_faces_c23/634,ffpp_test:53,0,real,h265_crf32,-3.010986328125,0.04693200809791734
tall_local_seed42,external,1,42,291,original_faces_c23/660,ffpp_test:53,0,real,h265_crf32,-3.2294921875,0.03807083953973588
tall_local_seed42,external,1,42,292,deepfakes_faces_c23/634_660,ffpp_test:53,1,deepfakes,h265_crf32,-0.2269287109375,0.4435100347395752
tall_local_seed42,external,1,42,293,deepfakes_faces_c23/660_634,ffpp_test:53,1,deepfakes,h265_crf32,-1.11669921875,0.24662405774998244
tall_local_seed42,external,1,42,294,face2face_faces_c23/634_660,ffpp_test:53,1,face2face,h265_crf32,-2.360809326171875,0.08621041589761778
tall_local_seed42,external,1,42,295,face2face_faces_c23/660_634,ffpp_test:53,1,face2face,h265_crf32,2.880859375,0.9468920959838323
tall_local_seed42,external,1,42,296,faceswap_faces_c23/634_660,ffpp_test:53,1,faceswap,h265_crf32,2.86376953125,0.9460260984229611
tall_local_seed42,external,1,42,297,faceswap_faces_c23/660_634,ffpp_test:53,1,faceswap,h265_crf32,2.4941558837890625,0.9237311088376847
tall_local_seed42,external,1,42,298,neuraltextures_faces_c23/634_660,ffpp_test:53,1,neuraltextures,h265_crf32,-0.439208984375,0.3919294685748118
tall_local_seed42,external,1,42,299,neuraltextures_faces_c23/660_634,ffpp_test:53,1,neuraltextures,h265_crf32,-3.0400390625,0.04564946897318713
tall_local_seed42,external,1,42,300,original_faces_c23/494,ffpp_test:40,0,real,h265_crf32,-2.335693359375,0.08820967874750453
tall_local_seed42,external,1,42,301,original_faces_c23/445,ffpp_test:40,0,real,h265_crf32,-2.1802978515625,0.10153375326804424
tall_local_seed42,external,1,42,302,deepfakes_faces_c23/494_445,ffpp_test:40,1,deepfakes,h265_crf32,2.993896484375,0.9522976274599229
tall_local_seed42,external,1,42,303,deepfakes_faces_c23/445_494,ffpp_test:40,1,deepfakes,h265_crf32,0.3019866943359375,0.5749281087787563
tall_local_seed42,external,1,42,304,face2face_faces_c23/494_445,ffpp_test:40,1,face2face,h265_crf32,-3.13916015625,0.0415205293399306
tall_local_seed42,external,1,42,305,face2face_faces_c23/445_494,ffpp_test:40,1,face2face,h265_crf32,3.113525390625,0.9574472192499466
tall_local_seed42,external,1,42,306,faceswap_faces_c23/494_445,ffpp_test:40,1,faceswap,h265_crf32,2.263671875,0.9058233363414857
tall_local_seed42,external,1,42,307,faceswap_faces_c23/445_494,ffpp_test:40,1,faceswap,h265_crf32,3.153564453125,0.9590489416655454
tall_local_seed42,external,1,42,308,neuraltextures_faces_c23/494_445,ffpp_test:40,1,neuraltextures,h265_crf32,-3.22705078125,0.038160348278022525
tall_local_seed42,external,1,42,309,neuraltextures_faces_c23/445_494,ffpp_test:40,1,neuraltextures,h265_crf32,3.13671875,0.9583822022255619
tall_local_seed42,external,1,42,310,original_faces_c23/706,ffpp_test:44,0,real,h265_crf32,-2.98828125,0.047958103807899805
tall_local_seed42,external,1,42,311,original_faces_c23/479,ffpp_test:44,0,real,h265_crf32,-2.699951171875,0.0629762373544416
tall_local_seed42,external,1,42,312,deepfakes_faces_c23/706_479,ffpp_test:44,1,deepfakes,h265_crf32,1.1878814697265625,0.7663619526803315
tall_local_seed42,external,1,42,313,deepfakes_faces_c23/479_706,ffpp_test:44,1,deepfakes,h265_crf32,2.994384765625,0.9523198036440325
tall_local_seed42,external,1,42,314,face2face_faces_c23/706_479,ffpp_test:44,1,face2face,h265_crf32,-2.7889404296875,0.057924748392502515
tall_local_seed42,external,1,42,315,face2face_faces_c23/479_706,ffpp_test:44,1,face2face,h265_crf32,-1.8169708251953125,0.1397977470624372
tall_local_seed42,external,1,42,316,faceswap_faces_c23/706_479,ffpp_test:44,1,faceswap,h265_crf32,0.051513671875,0.5128755708141275
tall_local_seed42,external,1,42,317,faceswap_faces_c23/479_706,ffpp_test:44,1,faceswap,h265_crf32,0.03076171875,0.50768982330109
tall_local_seed42,external,1,42,318,neuraltextures_faces_c23/706_479,ffpp_test:44,1,neuraltextures,h265_crf32,-2.91473388671875,0.05143000199454175
tall_local_seed42,external,1,42,319,neuraltextures_faces_c23/479_706,ffpp_test:44,1,neuraltextures,h265_crf32,-3.036376953125,0.0458092766693462
tall_local_seed42,external,1,42,320,original_faces_c23/186,ffpp_test:17,0,real,h265_crf32,-0.467041015625,0.3853168342103154
tall_local_seed42,external,1,42,321,original_faces_c23/170,ffpp_test:17,0,real,h265_crf32,-3.2130126953125,0.03867895790304672
tall_local_seed42,external,1,42,322,deepfakes_faces_c23/186_170,ffpp_test:17,1,deepfakes,h265_crf32,1.30181884765625,0.7861409329799394
tall_local_seed42,external,1,42,323,deepfakes_faces_c23/170_186,ffpp_test:17,1,deepfakes,h265_crf32,2.6883544921875,0.9363359618163131
tall_local_seed42,external,1,42,324,face2face_faces_c23/186_170,ffpp_test:17,1,face2face,h265_crf32,2.720947265625,0.9382514370010746
tall_local_seed42,external,1,42,325,face2face_faces_c23/170_186,ffpp_test:17,1,face2face,h265_crf32,2.751953125,0.9400235602628372
tall_local_seed42,external,1,42,326,faceswap_faces_c23/186_170,ffpp_test:17,1,faceswap,h265_crf32,1.902587890625,0.870184143500396
tall_local_seed42,external,1,42,327,faceswap_faces_c23/170_186,ffpp_test:17,1,faceswap,h265_crf32,2.947265625,0.9501340950202013
tall_local_seed42,external,1,42,328,neuraltextures_faces_c23/186_170,ffpp_test:17,1,neuraltextures,h265_crf32,3.127197265625,0.9580007687397746
tall_local_seed42,external,1,42,329,neuraltextures_faces_c23/170_186,ffpp_test:17,1,neuraltextures,h265_crf32,-2.283660888671875,0.09248522972500567
tall_local_seed42,external,1,42,330,original_faces_c23/176,ffpp_test:18,0,real,h265_crf32,-2.720703125,0.06176270896503102
tall_local_seed42,external,1,42,331,original_faces_c23/190,ffpp_test:18,0,real,h265_crf32,1.9034423828125,0.8702806395699764
tall_local_seed42,external,1,42,332,deepfakes_faces_c23/176_190,ffpp_test:18,1,deepfakes,h265_crf32,2.188232421875,0.8991877900741788
tall_local_seed42,external,1,42,333,deepfakes_faces_c23/190_176,ffpp_test:18,1,deepfakes,h265_crf32,0.87213134765625,0.7051889934965258
tall_local_seed42,external,1,42,334,face2face_faces_c23/176_190,ffpp_test:18,1,face2face,h265_crf32,-1.0807342529296875,0.2533670912622687
tall_local_seed42,external,1,42,335,face2face_faces_c23/190_176,ffpp_test:18,1,face2face,h265_crf32,2.92724609375,0.9491769907591497
tall_local_seed42,external,1,42,336,faceswap_faces_c23/176_190,ffpp_test:18,1,faceswap,h265_crf32,1.81964111328125,0.8605230579059912
tall_local_seed42,external,1,42,337,faceswap_faces_c23/190_176,ffpp_test:18,1,faceswap,h265_crf32,-1.01666259765625,0.26567799564396144
tall_local_seed42,external,1,42,338,neuraltextures_faces_c23/176_190,ffpp_test:18,1,neuraltextures,h265_crf32,-2.86962890625,0.05367549838440669
tall_local_seed42,external,1,42,339,neuraltextures_faces_c23/190_176,ffpp_test:18,1,neuraltextures,h265_crf32,-0.2866783142089844,0.428817264521667
tall_local_seed42,external,1,42,340,original_faces_c23/380,ffpp_test:29,0,real,h265_crf32,-1.930419921875,0.12670410840821542
tall_local_seed42,external,1,42,341,original_faces_c23/358,ffpp_test:29,0,real,h265_crf32,-3.32373046875,0.0347660064611628
tall_local_seed42,external,1,42,342,deepfakes_faces_c23/380_358,ffpp_test:29,1,deepfakes,h265_crf32,2.8505859375,0.9453489627362409
tall_local_seed42,external,1,42,343,deepfakes_faces_c23/358_380,ffpp_test:29,1,deepfakes,h265_crf32,-2.5694580078125,0.07113010551797588
tall_local_seed42,external,1,42,344,face2face_faces_c23/380_358,ffpp_test:29,1,face2face,h265_crf32,-2.2086181640625,0.09897924028274997
tall_local_seed42,external,1,42,345,face2face_faces_c23/358_380,ffpp_test:29,1,face2face,h265_crf32,-1.346343994140625,0.2064687267844294
tall_local_seed42,external,1,42,346,faceswap_faces_c23/380_358,ffpp_test:29,1,faceswap,h265_crf32,-3.556396484375,0.027749477901658607
tall_local_seed42,external,1,42,347,faceswap_faces_c23/358_380,ffpp_test:29,1,faceswap,h265_crf32,-3.189697265625,0.03955527902631139
tall_local_seed42,external,1,42,348,neuraltextures_faces_c23/380_358,ffpp_test:29,1,neuraltextures,h265_crf32,-3.86669921875,0.020498356185400392
tall_local_seed42,external,1,42,349,neuraltextures_faces_c23/358_380,ffpp_test:29,1,neuraltextures,h265_crf32,-3.9443359375,0.018996226769550126
tall_local_seed42,external,1,42,350,original_faces_c23/214,ffpp_test:19,0,real,h265_crf32,-2.97802734375,0.04842845397554444
tall_local_seed42,external,1,42,351,original_faces_c23/255,ffpp_test:19,0,real,h265_crf32,-2.87066650390625,0.0536228185942965
tall_local_seed42,external,1,42,352,deepfakes_faces_c23/214_255,ffpp_test:19,1,deepfakes,h265_crf32,1.16748046875,0.762689296708277
tall_local_seed42,external,1,42,353,deepfakes_faces_c23/255_214,ffpp_test:19,1,deepfakes,h265_crf32,-0.85400390625,0.2985936218865598
tall_local_seed42,external,1,42,354,face2face_faces_c23/214_255,ffpp_test:19,1,face2face,h265_crf32,2.193450927734375,0.8996598585095608
tall_local_seed42,external,1,42,355,face2face_faces_c23/255_214,ffpp_test:19,1,face2face,h265_crf32,2.456268310546875,0.9210186335174859
tall_local_seed42,external,1,42,356,faceswap_faces_c23/214_255,ffpp_test:19,1,faceswap,h265_crf32,-2.314208984375,0.08995299594387021
tall_local_seed42,external,1,42,357,faceswap_faces_c23/255_214,ffpp_test:19,1,faceswap,h265_crf32,1.0658035278320312,0.7437980440338455
tall_local_seed42,external,1,42,358,neuraltextures_faces_c23/214_255,ffpp_test:19,1,neuraltextures,h265_crf32,-3.3203125,0.03488088693667929
tall_local_seed42,external,1,42,359,neuraltextures_faces_c23/255_214,ffpp_test:19,1,neuraltextures,h265_crf32,-0.9227294921875,0.28440206804252693
tall_local_seed42,external,1,42,360,original_faces_c23/454,ffpp_test:42,0,real,h265_crf32,0.148681640625,0.5371020863865634
tall_local_seed42,external,1,42,361,original_faces_c23/527,ffpp_test:42,0,real,h265_crf32,-3.533447265625,0.02837539111205545
tall_local_seed42,external,1,42,362,deepfakes_faces_c23/454_527,ffpp_test:42,1,deepfakes,h265_crf32,2.92919921875,0.9492711269541462
tall_local_seed42,external,1,42,363,deepfakes_faces_c23/527_454,ffpp_test:42,1,deepfakes,h265_crf32,2.995849609375,0.952386273450928
tall_local_seed42,external,1,42,364,face2face_faces_c23/454_527,ffpp_test:42,1,face2face,h265_crf32,1.96728515625,0.8773192131610513
tall_local_seed42,external,1,42,365,face2face_faces_c23/527_454,ffpp_test:42,1,face2face,h265_crf32,-3.058837890625,0.04483744644861184
tall_local_seed42,external,1,42,366,faceswap_faces_c23/454_527,ffpp_test:42,1,faceswap,h265_crf32,3.212890625,0.9613165029135924
tall_local_seed42,external,1,42,367,faceswap_faces_c23/527_454,ffpp_test:42,1,faceswap,h265_crf32,2.916748046875,0.9486681699910745
tall_local_seed42,external,1,42,368,neuraltextures_faces_c23/454_527,ffpp_test:42,1,neuraltextures,h265_crf32,2.425537109375,0.9187540219713815
tall_local_seed42,external,1,42,369,neuraltextures_faces_c23/527_454,ffpp_test:42,1,neuraltextures,h265_crf32,-2.9609375,0.04922211319719861
tall_local_seed42,external,1,42,370,original_faces_c23/425,ffpp_test:39,0,real,h265_crf32,-2.8739013671875,0.053458894499140444
tall_local_seed42,external,1,42,371,original_faces_c23/485,ffpp_test:39,0,real,h265_crf32,-2.62603759765625,0.06748136826514531
tall_local_seed42,external,1,42,372,deepfakes_faces_c23/425_485,ffpp_test:39,1,deepfakes,h265_crf32,-1.2850341796875,0.21669451336294127
tall_local_seed42,external,1,42,373,deepfakes_faces_c23/485_425,ffpp_test:39,1,deepfakes,h265_crf32,2.704620361328125,0.9372987310078719
tall_local_seed42,external,1,42,374,face2face_faces_c23/425_485,ffpp_test:39,1,face2face,h265_crf32,-0.1243896484375,0.4689426229098078
tall_local_seed42,external,1,42,375,face2face_faces_c23/485_425,ffpp_test:39,1,face2face,h265_crf32,-0.57537841796875,0.3599967114923519
tall_local_seed42,external,1,42,376,faceswap_faces_c23/425_485,ffpp_test:39,1,faceswap,h265_crf32,1.5775146484375,0.828852243544504
tall_local_seed42,external,1,42,377,faceswap_faces_c23/485_425,ffpp_test:39,1,faceswap,h265_crf32,3.14404296875,0.9586733554447273
tall_local_seed42,external,1,42,378,neuraltextures_faces_c23/425_485,ffpp_test:39,1,neuraltextures,h265_crf32,-1.75732421875,0.14712577932878268
tall_local_seed42,external,1,42,379,neuraltextures_faces_c23/485_425,ffpp_test:39,1,neuraltextures,h265_crf32,-1.1510009765625,0.24030629809005338
tall_local_seed42,external,1,42,380,original_faces_c23/388,ffpp_test:26,0,real,h265_crf32,-1.4039306640625,0.19719311520424268
tall_local_seed42,external,1,42,381,original_faces_c23/308,ffpp_test:26,0,real,h265_crf32,-3.15673828125,0.040826590635939526
tall_local_seed42,external,1,42,382,deepfakes_faces_c23/388_308,ffpp_test:26,1,deepfakes,h265_crf32,0.853759765625,0.7013552438925971
tall_local_seed42,external,1,42,383,deepfakes_faces_c23/308_388,ffpp_test:26,1,deepfakes,h265_crf32,1.1034774780273438,0.750911113023335
tall_local_seed42,external,1,42,384,face2face_faces_c23/388_308,ffpp_test:26,1,face2face,h265_crf32,-1.0634765625,0.2566456398350909
tall_local_seed42,external,1,42,385,face2face_faces_c23/308_388,ffpp_test:26,1,face2face,h265_crf32,-0.86077880859375,0.2971766559061922
tall_local_seed42,external,1,42,386,faceswap_faces_c23/388_308,ffpp_test:26,1,faceswap,h265_crf32,2.609039306640625,0.9314410731644207
tall_local_seed42,external,1,42,387,faceswap_faces_c23/308_388,ffpp_test:26,1,faceswap,h265_crf32,2.0829086303710938,0.8892308559806235
tall_local_seed42,external,1,42,388,neuraltextures_faces_c23/388_308,ffpp_test:26,1,neuraltextures,h265_crf32,2.914958953857422,0.9485809767876692
tall_local_seed42,external,1,42,389,neuraltextures_faces_c23/308_388,ffpp_test:26,1,neuraltextures,h265_crf32,-1.101104736328125,0.24953295732538638
tall_local_seed42,external,1,42,390,original_faces_c23/384,ffpp_test:32,0,real,h265_crf32,1.42919921875,0.8067765141083917
tall_local_seed42,external,1,42,391,original_faces_c23/932,ffpp_test:32,0,real,h265_crf32,-2.2103118896484375,0.09882829241703593
tall_local_seed42,external,1,42,392,deepfakes_faces_c23/384_932,ffpp_test:32,1,deepfakes,h265_crf32,2.966552734375,0.9510400116374589
tall_local_seed42,external,1,42,393,deepfakes_faces_c23/932_384,ffpp_test:32,1,deepfakes,h265_crf32,1.24505615234375,0.7764428843709985
tall_local_seed42,external,1,42,394,face2face_faces_c23/384_932,ffpp_test:32,1,face2face,h265_crf32,3.17578125,0.9599126416289347
tall_local_seed42,external,1,42,395,face2face_faces_c23/932_384,ffpp_test:32,1,face2face,h265_crf32,-3.851318359375,0.020809464083085195
tall_local_seed42,external,1,42,396,faceswap_faces_c23/384_932,ffpp_test:32,1,faceswap,h265_crf32,2.934814453125,0.9495408499616638
tall_local_seed42,external,1,42,397,faceswap_faces_c23/932_384,ffpp_test:32,1,faceswap,h265_crf32,1.770263671875,0.8544904581694869
tall_local_seed42,external,1,42,398,neuraltextures_faces_c23/384_932,ffpp_test:32,1,neuraltextures,h265_crf32,3.318359375,0.9650533028884729
tall_local_seed42,external,1,42,399,neuraltextures_faces_c23/932_384,ffpp_test:32,1,neuraltextures,h265_crf32,-3.7509765625,0.022955456867465498
tall_local_seed42,external,1,42,400,original_faces_c23/035,ffpp_test:5,0,real,h265_crf32,-3.22216796875,0.0383399724018061
tall_local_seed42,external,1,42,401,original_faces_c23/036,ffpp_test:5,0,real,h265_crf32,-3.264892578125,0.03679541541010584
tall_local_seed42,external,1,42,402,deepfakes_faces_c23/035_036,ffpp_test:5,1,deepfakes,h265_crf32,2.9447021484375,0.9500124990600874
tall_local_seed42,external,1,42,403,deepfakes_faces_c23/036_035,ffpp_test:5,1,deepfakes,h265_crf32,2.79742431640625,0.9425364802136464
tall_local_seed42,external,1,42,404,face2face_faces_c23/035_036,ffpp_test:5,1,face2face,h265_crf32,1.785491943359375,0.8563736857987961
tall_local_seed42,external,1,42,405,face2face_faces_c23/036_035,ffpp_test:5,1,face2face,h265_crf32,-1.3566436767578125,0.20478633426500098
tall_local_seed42,external,1,42,406,faceswap_faces_c23/035_036,ffpp_test:5,1,faceswap,h265_crf32,0.2703857421875,0.5671876016581352
tall_local_seed42,external,1,42,407,faceswap_faces_c23/036_035,ffpp_test:5,1,faceswap,h265_crf32,-2.1920166015625,0.10046969522254215
tall_local_seed42,external,1,42,408,neuraltextures_faces_c23/035_036,ffpp_test:5,1,neuraltextures,h265_crf32,0.3367156982421875,0.5833925068320438
tall_local_seed42,external,1,42,409,neuraltextures_faces_c23/036_035,ffpp_test:5,1,neuraltextures,h265_crf32,1.8095703125,0.8593099346263151
tall_local_seed42,external,1,42,410,original_faces_c23/257,ffpp_test:23,0,real,h265_crf32,-2.8892822265625,0.05268593109648658
tall_local_seed42,external,1,42,411,original_faces_c23/420,ffpp_test:23,0,real,h265_crf32,-2.293304443359375,0.09167900429639084
tall_local_seed42,external,1,42,412,deepfakes_faces_c23/257_420,ffpp_test:23,1,deepfakes,h265_crf32,3.140869140625,0.9585474291205728
tall_local_seed42,external,1,42,413,deepfakes_faces_c23/420_257,ffpp_test:23,1,deepfakes,h265_crf32,0.0330810546875,0.508269509536558
tall_local_seed42,external,1,42,414,face2face_faces_c23/257_420,ffpp_test:23,1,face2face,h265_crf32,2.4061279296875,0.9172933967833908
tall_local_seed42,external,1,42,415,face2face_faces_c23/420_257,ffpp_test:23,1,face2face,h265_crf32,-0.07098388671875,0.4822614759713061
tall_local_seed42,external,1,42,416,faceswap_faces_c23/257_420,ffpp_test:23,1,faceswap,h265_crf32,2.057830810546875,0.8867364903280075
tall_local_seed42,external,1,42,417,faceswap_faces_c23/420_257,ffpp_test:23,1,faceswap,h265_crf32,-0.6143798828125,0.3510607360007446
tall_local_seed42,external,1,42,418,neuraltextures_faces_c23/257_420,ffpp_test:23,1,neuraltextures,h265_crf32,-2.728515625,0.06131153660205847
tall_local_seed42,external,1,42,419,neuraltextures_faces_c23/420_257,ffpp_test:23,1,neuraltextures,h265_crf32,-1.5902099609375,0.16935435895196696
tall_local_seed42,external,1,42,420,original_faces_c23/924,ffpp_test:67,0,real,h265_crf32,-1.7156982421875,0.15242608740037844
tall_local_seed42,external,1,42,421,original_faces_c23/917,ffpp_test:67,0,real,h265_crf32,-3.09063720703125,0.04349511733225831
tall_local_seed42,external,1,42,422,deepfakes_faces_c23/924_917,ffpp_test:67,1,deepfakes,h265_crf32,3.12890625,0.9580694764363313
tall_local_seed42,external,1,42,423,deepfakes_faces_c23/917_924,ffpp_test:67,1,deepfakes,h265_crf32,-0.72705078125,0.32584224652395694
tall_local_seed42,external,1,42,424,face2face_faces_c23/924_917,ffpp_test:67,1,face2face,h265_crf32,-1.057342529296875,0.2578176282452355
tall_local_seed42,external,1,42,425,face2face_faces_c23/917_924,ffpp_test:67,1,face2face,h265_crf32,-2.2779541015625,0.09296532534459463
tall_local_seed42,external,1,42,426,faceswap_faces_c23/924_917,ffpp_test:67,1,faceswap,h265_crf32,1.2865371704101562,0.7835604926472359
tall_local_seed42,external,1,42,427,faceswap_faces_c23/917_924,ffpp_test:67,1,faceswap,h265_crf32,-2.767822265625,0.0590879718649311
tall_local_seed42,external,1,42,428,neuraltextures_faces_c23/924_917,ffpp_test:67,1,neuraltextures,h265_crf32,2.260009765625,0.9055104666123437
tall_local_seed42,external,1,42,429,neuraltextures_faces_c23/917_924,ffpp_test:67,1,neuraltextures,h265_crf32,-2.20184326171875,0.09958508568646382
tall_local_seed42,external,1,42,430,original_faces_c23/114,ffpp_test:9,0,real,h265_crf32,-3.41162109375,0.03193424422642166
tall_local_seed42,external,1,42,431,original_faces_c23/102,ffpp_test:9,0,real,h265_crf32,-3.62841796875,0.025871078614048217
tall_local_seed42,external,1,42,432,deepfakes_faces_c23/114_102,ffpp_test:9,1,deepfakes,h265_crf32,-1.87225341796875,0.1332811985479769
tall_local_seed42,external,1,42,433,deepfakes_faces_c23/102_114,ffpp_test:9,1,deepfakes,h265_crf32,-1.3218994140625,0.2105024540532225
tall_local_seed42,external,1,42,434,face2face_faces_c23/114_102,ffpp_test:9,1,face2face,h265_crf32,1.616943359375,0.8343731502082224
tall_local_seed42,external,1,42,435,face2face_faces_c23/102_114,ffpp_test:9,1,face2face,h265_crf32,-0.92333984375,0.28427786714655395
tall_local_seed42,external,1,42,436,faceswap_faces_c23/114_102,ffpp_test:9,1,faceswap,h265_crf32,2.8311767578125,0.9443374897512364
tall_local_seed42,external,1,42,437,faceswap_faces_c23/102_114,ffpp_test:9,1,faceswap,h265_crf32,-2.0626220703125,0.11278319096640721
tall_local_seed42,external,1,42,438,neuraltextures_faces_c23/114_102,ffpp_test:9,1,neuraltextures,h265_crf32,0.033203125,0.5083000187360949
tall_local_seed42,external,1,42,439,neuraltextures_faces_c23/102_114,ffpp_test:9,1,neuraltextures,h265_crf32,-1.8336181640625,0.13780781079254595
tall_local_seed42,external,1,42,440,original_faces_c23/732,ffpp_test:56,0,real,h265_crf32,-1.58917236328125,0.16950037148488023
tall_local_seed42,external,1,42,441,original_faces_c23/691,ffpp_test:56,0,real,h265_crf32,-3.60791015625,0.026392967923968
tall_local_seed42,external,1,42,442,deepfakes_faces_c23/732_691,ffpp_test:56,1,deepfakes,h265_crf32,3.1005859375,0.9569169079369347
tall_local_seed42,external,1,42,443,deepfakes_faces_c23/691_732,ffpp_test:56,1,deepfakes,h265_crf32,3.172607421875,0.9597903331445085
tall_local_seed42,external,1,42,444,face2face_faces_c23/732_691,ffpp_test:56,1,face2face,h265_crf32,3.04541015625,0.9545839557203079
tall_local_seed42,external,1,42,445,face2face_faces_c23/691_732,ffpp_test:56,1,face2face,h265_crf32,1.3231201171875,0.7897003443362124
tall_local_seed42,external,1,42,446,faceswap_faces_c23/732_691,ffpp_test:56,1,faceswap,h265_crf32,-1.417327880859375,0.19508082938483082
tall_local_seed42,external,1,42,447,faceswap_faces_c23/691_732,ffpp_test:56,1,faceswap,h265_crf32,2.693603515625,0.9366481452544774
tall_local_seed42,external,1,42,448,neuraltextures_faces_c23/732_691,ffpp_test:56,1,neuraltextures,h265_crf32,-1.0720977783203125,0.25500434948318057
tall_local_seed42,external,1,42,449,neuraltextures_faces_c23/691_732,ffpp_test:56,1,neuraltextures,h265_crf32,-3.025390625,0.046291901103840336
tall_local_seed42,external,1,42,450,original_faces_c23/550,ffpp_test:41,0,real,h265_crf32,-3.258544921875,0.037021048613888476
tall_local_seed42,external,1,42,451,original_faces_c23/452,ffpp_test:41,0,real,h265_crf32,-2.006521224975586,0.1185199336910601
tall_local_seed42,external,1,42,452,deepfakes_faces_c23/550_452,ffpp_test:41,1,deepfakes,h265_crf32,3.4560546875,0.9694111922754933
tall_local_seed42,external,1,42,453,deepfakes_faces_c23/452_550,ffpp_test:41,1,deepfakes,h265_crf32,2.494873046875,0.9237816190222771
tall_local_seed42,external,1,42,454,face2face_faces_c23/550_452,ffpp_test:41,1,face2face,h265_crf32,3.23974609375,0.9623028998620524
tall_local_seed42,external,1,42,455,face2face_faces_c23/452_550,ffpp_test:41,1,face2face,h265_crf32,2.2166748046875,0.9017369520579348
tall_local_seed42,external,1,42,456,faceswap_faces_c23/550_452,ffpp_test:41,1,faceswap,h265_crf32,-1.4786376953125,0.18563327555337417
tall_local_seed42,external,1,42,457,faceswap_faces_c23/452_550,ffpp_test:41,1,faceswap,h265_crf32,-0.167724609375,0.45816687091772934
tall_local_seed42,external,1,42,458,neuraltextures_faces_c23/550_452,ffpp_test:41,1,neuraltextures,h265_crf32,3.257568359375,0.9629441207087587
tall_local_seed42,external,1,42,459,neuraltextures_faces_c23/452_550,ffpp_test:41,1,neuraltextures,h265_crf32,3.25439453125,0.9628307032718657
tall_local_seed42,external,1,42,460,original_faces_c23/280,ffpp_test:22,0,real,h265_crf32,-2.28057861328125,0.09274425552559801
tall_local_seed42,external,1,42,461,original_faces_c23/249,ffpp_test:22,0,real,h265_crf32,-2.17864990234375,0.10168418560676998
tall_local_seed42,external,1,42,462,deepfakes_faces_c23/280_249,ffpp_test:22,1,deepfakes,h265_crf32,1.0457763671875,0.7399630213241939
tall_local_seed42,external,1,42,463,deepfakes_faces_c23/249_280,ffpp_test:22,1,deepfakes,h265_crf32,3.074951171875,0.9558475987957699
tall_local_seed42,external,1,42,464,face2face_faces_c23/280_249,ffpp_test:22,1,face2face,h265_crf32,3.1240234375,0.9578728830369229
tall_local_seed42,external,1,42,465,face2face_faces_c23/249_280,ffpp_test:22,1,face2face,h265_crf32,3.087890625,0.9563904724343743
tall_local_seed42,external,1,42,466,faceswap_faces_c23/280_249,ffpp_test:22,1,faceswap,h265_crf32,2.9302978515625,0.9493240060109696
tall_local_seed42,external,1,42,467,faceswap_faces_c23/249_280,ffpp_test:22,1,faceswap,h265_crf32,2.54736328125,0.9273961777019427
tall_local_seed42,external,1,42,468,neuraltextures_faces_c23/280_249,ffpp_test:22,1,neuraltextures,h265_crf32,-0.3525390625,0.41276684075434256
tall_local_seed42,external,1,42,469,neuraltextures_faces_c23/249_280,ffpp_test:22,1,neuraltextures,h265_crf32,-1.106689453125,0.24848859185445843
tall_local_seed42,external,1,42,470,original_faces_c23/842,ffpp_test:58,0,real,h265_crf32,-3.0478515625,0.04531031834127324
tall_local_seed42,external,1,42,471,original_faces_c23/714,ffpp_test:58,0,real,h265_crf32,-2.63671875,0.06681232582952595
tall_local_seed42,external,1,42,472,deepfakes_faces_c23/842_714,ffpp_test:58,1,deepfakes,h265_crf32,3.098876953125,0.956846396699427
tall_local_seed42,external,1,42,473,deepfakes_faces_c23/714_842,ffpp_test:58,1,deepfakes,h265_crf32,2.6015625,0.9309620718252101
tall_local_seed42,external,1,42,474,face2face_faces_c23/842_714,ffpp_test:58,1,face2face,h265_crf32,2.822265625,0.9438672242987702
tall_local_seed42,external,1,42,475,face2face_faces_c23/714_842,ffpp_test:58,1,face2face,h265_crf32,-0.643646240234375,0.3444227675473767
tall_local_seed42,external,1,42,476,faceswap_faces_c23/842_714,ffpp_test:58,1,faceswap,h265_crf32,2.98779296875,0.9520195972647422
tall_local_seed42,external,1,42,477,faceswap_faces_c23/714_842,ffpp_test:58,1,faceswap,h265_crf32,1.682861328125,0.8432830464769739
tall_local_seed42,external,1,42,478,neuraltextures_faces_c23/842_714,ffpp_test:58,1,neuraltextures,h265_crf32,-3.240478515625,0.03767053977547786
tall_local_seed42,external,1,42,479,neuraltextures_faces_c23/714_842,ffpp_test:58,1,neuraltextures,h265_crf32,-2.048675537109375,0.11418627931057716
tall_local_seed42,external,1,42,480,original_faces_c23/625,ffpp_test:52,0,real,h265_crf32,-2.1176605224609375,0.10739212470016486
tall_local_seed42,external,1,42,481,original_faces_c23/650,ffpp_test:52,0,real,h265_crf32,-3.1650390625,0.040502769968441106
tall_local_seed42,external,1,42,482,deepfakes_faces_c23/625_650,ffpp_test:52,1,deepfakes,h265_crf32,3.2421875,0.9623913644941934
tall_local_seed42,external,1,42,483,deepfakes_faces_c23/650_625,ffpp_test:52,1,deepfakes,h265_crf32,2.1053466796875,0.891421762664937
tall_local_seed42,external,1,42,484,face2face_faces_c23/625_650,ffpp_test:52,1,face2face,h265_crf32,3.517822265625,0.9711906348872944
tall_local_seed42,external,1,42,485,face2face_faces_c23/650_625,ffpp_test:52,1,face2face,h265_crf32,3.079345703125,0.9560326899723773
tall_local_seed42,external,1,42,486,faceswap_faces_c23/625_650,ffpp_test:52,1,faceswap,h265_crf32,1.762939453125,0.8535774238451364
tall_local_seed42,external,1,42,487,faceswap_faces_c23/650_625,ffpp_test:52,1,faceswap,h265_crf32,1.358642578125,0.7955389925223535
tall_local_seed42,external,1,42,488,neuraltextures_faces_c23/625_650,ffpp_test:52,1,neuraltextures,h265_crf32,3.643310546875,0.9745016022651372
tall_local_seed42,external,1,42,489,neuraltextures_faces_c23/650_625,ffpp_test:52,1,neuraltextures,h265_crf32,-0.974365234375,0.2740112739754526
tall_local_seed42,external,1,42,490,original_faces_c23/024,ffpp_test:3,0,real,h265_crf32,1.069671630859375,0.7445344640812973
tall_local_seed42,external,1,42,491,original_faces_c23/073,ffpp_test:3,0,real,h265_crf32,-3.14111328125,0.04144287121944306
tall_local_seed42,external,1,42,492,deepfakes_faces_c23/024_073,ffpp_test:3,1,deepfakes,h265_crf32,0.1892242431640625,0.547165411706451
tall_local_seed42,external,1,42,493,deepfakes_faces_c23/073_024,ffpp_test:3,1,deepfakes,h265_crf32,1.31298828125,0.7880127738334953
tall_local_seed42,external,1,42,494,face2face_faces_c23/024_073,ffpp_test:3,1,face2face,h265_crf32,2.45361328125,0.9208252818795413
tall_local_seed42,external,1,42,495,face2face_faces_c23/073_024,ffpp_test:3,1,face2face,h265_crf32,-0.265045166015625,0.43412390157276765
tall_local_seed42,external,1,42,496,faceswap_faces_c23/024_073,ffpp_test:3,1,faceswap,h265_crf32,0.38287353515625,0.5945659772952047
tall_local_seed42,external,1,42,497,faceswap_faces_c23/073_024,ffpp_test:3,1,faceswap,h265_crf32,-2.82470703125,0.05600356547486035
tall_local_seed42,external,1,42,498,neuraltextures_faces_c23/024_073,ffpp_test:3,1,neuraltextures,h265_crf32,3.2060546875,0.9610614911361756
tall_local_seed42,external,1,42,499,neuraltextures_faces_c23/073_024,ffpp_test:3,1,neuraltextures,h265_crf32,-3.02972412109375,0.0461009574749754
tall_local_seed42,external,1,42,500,original_faces_c23/044,ffpp_test:6,0,real,h265_crf32,-3.15185546875,0.04101822978514046
tall_local_seed42,external,1,42,501,original_faces_c23/945,ffpp_test:6,0,real,h265_crf32,-2.0052490234375,0.1186529088677145
tall_local_seed42,external,1,42,502,deepfakes_faces_c23/044_945,ffpp_test:6,1,deepfakes,h265_crf32,3.118896484375,0.9576655117073628
tall_local_seed42,external,1,42,503,deepfakes_faces_c23/945_044,ffpp_test:6,1,deepfakes,h265_crf32,1.900634765625,0.8699633517082374
tall_local_seed42,external,1,42,504,face2face_faces_c23/044_945,ffpp_test:6,1,face2face,h265_crf32,-2.0914306640625,0.10993250953106307
tall_local_seed42,external,1,42,505,face2face_faces_c23/945_044,ffpp_test:6,1,face2face,h265_crf32,2.971923828125,0.9512895003753151
tall_local_seed42,external,1,42,506,faceswap_faces_c23/044_945,ffpp_test:6,1,faceswap,h265_crf32,2.9296875,0.9492946352021694
tall_local_seed42,external,1,42,507,faceswap_faces_c23/945_044,ffpp_test:6,1,faceswap,h265_crf32,2.8076171875,0.9430860572862125
tall_local_seed42,external,1,42,508,neuraltextures_faces_c23/044_945,ffpp_test:6,1,neuraltextures,h265_crf32,-3.2197265625,0.03843008862163124
tall_local_seed42,external,1,42,509,neuraltextures_faces_c23/945_044,ffpp_test:6,1,neuraltextures,h265_crf32,-2.84326171875,0.05503067452502594
tall_local_seed42,external,1,42,510,original_faces_c23/896,ffpp_test:10,0,real,h265_crf32,-3.090087890625,0.0435179764348654
tall_local_seed42,external,1,42,511,original_faces_c23/128,ffpp_test:10,0,real,h265_crf32,-2.968505859375,0.048869125256648854
tall_local_seed42,external,1,42,512,deepfakes_faces_c23/896_128,ffpp_test:10,1,deepfakes,h265_crf32,-0.37668609619140625,0.40692641835776233
tall_local_seed42,external,1,42,513,deepfakes_faces_c23/128_896,ffpp_test:10,1,deepfakes,h265_crf32,1.1182861328125,0.7536706733165416
tall_local_seed42,external,1,42,514,face2face_faces_c23/896_128,ffpp_test:10,1,face2face,h265_crf32,-2.3936767578125,0.08365614794308009
tall_local_seed42,external,1,42,515,face2face_faces_c23/128_896,ffpp_test:10,1,face2face,h265_crf32,1.78875732421875,0.8567748532544799
tall_local_seed42,external,1,42,516,faceswap_faces_c23/896_128,ffpp_test:10,1,faceswap,h265_crf32,-0.455322265625,0.38809609739860584
tall_local_seed42,external,1,42,517,faceswap_faces_c23/128_896,ffpp_test:10,1,faceswap,h265_crf32,1.801513671875,0.8583330935071547
tall_local_seed42,external,1,42,518,neuraltextures_faces_c23/896_128,ffpp_test:10,1,neuraltextures,h265_crf32,-2.8885498046875,0.05272249834153463
tall_local_seed42,external,1,42,519,neuraltextures_faces_c23/128_896,ffpp_test:10,1,neuraltextures,h265_crf32,0.58740234375,0.6427689010142742
tall_local_seed42,external,1,42,520,original_faces_c23/862,ffpp_test:7,0,real,h265_crf32,-2.84814453125,0.05477730804075984
tall_local_seed42,external,1,42,521,original_faces_c23/047,ffpp_test:7,0,real,h265_crf32,0.7314453125,0.6751223562960453
tall_local_seed42,external,1,42,522,deepfakes_faces_c23/862_047,ffpp_test:7,1,deepfakes,h265_crf32,2.87158203125,0.9464236230663599
tall_local_seed42,external,1,42,523,deepfakes_faces_c23/047_862,ffpp_test:7,1,deepfakes,h265_crf32,-1.94769287109375,0.12480514509320288
tall_local_seed42,external,1,42,524,face2face_faces_c23/862_047,ffpp_test:7,1,face2face,h265_crf32,-2.78076171875,0.058372673352498815
tall_local_seed42,external,1,42,525,face2face_faces_c23/047_862,ffpp_test:7,1,face2face,h265_crf32,3.229736328125,0.9619381002358968
tall_local_seed42,external,1,42,526,faceswap_faces_c23/862_047,ffpp_test:7,1,faceswap,h265_crf32,-0.538909912109375,0.3684412009064341
tall_local_seed42,external,1,42,527,faceswap_faces_c23/047_862,ffpp_test:7,1,faceswap,h265_crf32,2.97119140625,0.9512555503464549
tall_local_seed42,external,1,42,528,neuraltextures_faces_c23/862_047,ffpp_test:7,1,neuraltextures,h265_crf32,-0.325714111328125,0.41928380984099645
tall_local_seed42,external,1,42,529,neuraltextures_faces_c23/047_862,ffpp_test:7,1,neuraltextures,h265_crf32,1.537750244140625,0.8231374388921152
tall_local_seed42,external,1,42,530,original_faces_c23/607,ffpp_test:49,0,real,h265_crf32,-3.08154296875,0.043875042248100384
tall_local_seed42,external,1,42,531,original_faces_c23/683,ffpp_test:49,0,real,h265_crf32,-3.251708984375,0.037265525932342856
tall_local_seed42,external,1,42,532,deepfakes_faces_c23/607_683,ffpp_test:49,1,deepfakes,h265_crf32,2.985107421875,0.9518967770726784
tall_local_seed42,external,1,42,533,deepfakes_faces_c23/683_607,ffpp_test:49,1,deepfakes,h265_crf32,3.05419921875,0.954963472947978
tall_local_seed42,external,1,42,534,face2face_faces_c23/607_683,ffpp_test:49,1,face2face,h265_crf32,-2.096435546875,0.10944375019317275
tall_local_seed42,external,1,42,535,face2face_faces_c23/683_607,ffpp_test:49,1,face2face,h265_crf32,-2.851806640625,0.05458800476434571
tall_local_seed42,external,1,42,536,faceswap_faces_c23/607_683,ffpp_test:49,1,faceswap,h265_crf32,3.16845703125,0.9596298517257105
tall_local_seed42,external,1,42,537,faceswap_faces_c23/683_607,ffpp_test:49,1,faceswap,h265_crf32,3.054931640625,0.9549949626279393
tall_local_seed42,external,1,42,538,neuraltextures_faces_c23/607_683,ffpp_test:49,1,neuraltextures,h265_crf32,-3.088134765625,0.04359934614722686
tall_local_seed42,external,1,42,539,neuraltextures_faces_c23/683_607,ffpp_test:49,1,neuraltextures,h265_crf32,-2.927978515625,0.050787688808459096
tall_local_seed42,external,1,42,540,original_faces_c23/517,ffpp_test:45,0,real,h265_crf32,-3.35546875,0.033716538692887876
tall_local_seed42,external,1,42,541,original_faces_c23/521,ffpp_test:45,0,real,h265_crf32,-3.685791015625,0.024463842457616188
tall_local_seed42,external,1,42,542,deepfakes_faces_c23/517_521,ffpp_test:45,1,deepfakes,h265_crf32,2.996826171875,0.9524305377394381
tall_local_seed42,external,1,42,543,deepfakes_faces_c23/521_517,ffpp_test:45,1,deepfakes,h265_crf32,3.0712890625,0.9556927886544405
tall_local_seed42,external,1,42,544,face2face_faces_c23/517_521,ffpp_test:45,1,face2face,h265_crf32,1.4796600341796875,0.8145212253869138
tall_local_seed42,external,1,42,545,face2face_faces_c23/521_517,ffpp_test:45,1,face2face,h265_crf32,-1.294921875,0.21502089755574377
tall_local_seed42,external,1,42,546,faceswap_faces_c23/517_521,ffpp_test:45,1,faceswap,h265_crf32,3.064453125,0.9554024237726139
tall_local_seed42,external,1,42,547,faceswap_faces_c23/521_517,ffpp_test:45,1,faceswap,h265_crf32,3.176513671875,0.9599408159960752
tall_local_seed42,external,1,42,548,neuraltextures_faces_c23/517_521,ffpp_test:45,1,neuraltextures,h265_crf32,0.124786376953125,0.5311561753317516
tall_local_seed42,external,1,42,549,neuraltextures_faces_c23/521_517,ffpp_test:45,1,neuraltextures,h265_crf32,-3.302734375,0.03547750316512137
tall_local_seed42,external,1,42,550,original_faces_c23/682,ffpp_test:55,0,real,h265_crf32,-1.215087890625,0.2288020456270103
tall_local_seed42,external,1,42,551,original_faces_c23/669,ffpp_test:55,0,real,h265_crf32,-2.0140457153320312,0.11773608161958082
tall_local_seed42,external,1,42,552,deepfakes_faces_c23/682_669,ffpp_test:55,1,deepfakes,h265_crf32,2.15472412109375,0.8961094037018277
tall_local_seed42,external,1,42,553,deepfakes_faces_c23/669_682,ffpp_test:55,1,deepfakes,h265_crf32,2.7427978515625,0.9395053084866123
tall_local_seed42,external,1,42,554,face2face_faces_c23/682_669,ffpp_test:55,1,face2face,h265_crf32,1.8673095703125,0.8661466652984157
tall_local_seed42,external,1,42,555,face2face_faces_c23/669_682,ffpp_test:55,1,face2face,h265_crf32,2.9560546875,0.9505488709881147
tall_local_seed42,external,1,42,556,faceswap_faces_c23/682_669,ffpp_test:55,1,faceswap,h265_crf32,-0.00927734375,0.4976806806976212
tall_local_seed42,external,1,42,557,faceswap_faces_c23/669_682,ffpp_test:55,1,faceswap,h265_crf32,2.603546142578125,0.9310894549529306
tall_local_seed42,external,1,42,558,neuraltextures_faces_c23/682_669,ffpp_test:55,1,neuraltextures,h265_crf32,0.0433349609375,0.5108320451456242
tall_local_seed42,external,1,42,559,neuraltextures_faces_c23/669_682,ffpp_test:55,1,neuraltextures,h265_crf32,-1.65704345703125,0.1601592770039915
tall_local_seed42,external,1,42,560,original_faces_c23/138,ffpp_test:12,0,real,h265_crf32,-1.01904296875,0.26521386053554
tall_local_seed42,external,1,42,561,original_faces_c23/142,ffpp_test:12,0,real,h265_crf32,-3.261962890625,0.03689938898960614
tall_local_seed42,external,1,42,562,deepfakes_faces_c23/138_142,ffpp_test:12,1,deepfakes,h265_crf32,1.69500732421875,0.8448815372642452
tall_local_seed42,external,1,42,563,deepfakes_faces_c23/142_138,ffpp_test:12,1,deepfakes,h265_crf32,-0.116455078125,0.47091908879848826
tall_local_seed42,external,1,42,564,face2face_faces_c23/138_142,ffpp_test:12,1,face2face,h265_crf32,3.53515625,0.9716716880201136
tall_local_seed42,external,1,42,565,face2face_faces_c23/142_138,ffpp_test:12,1,face2face,h265_crf32,-2.51611328125,0.07473627087605822
tall_local_seed42,external,1,42,566,faceswap_faces_c23/138_142,ffpp_test:12,1,faceswap,h265_crf32,2.27783203125,0.9070243808366231
tall_local_seed42,external,1,42,567,faceswap_faces_c23/142_138,ffpp_test:12,1,faceswap,h265_crf32,0.23968505859375,0.5596360354494856
tall_local_seed42,external,1,42,568,neuraltextures_faces_c23/138_142,ffpp_test:12,1,neuraltextures,h265_crf32,3.14453125,0.9586926962069957
tall_local_seed42,external,1,42,569,neuraltextures_faces_c23/142_138,ffpp_test:12,1,neuraltextures,h265_crf32,-1.666168212890625,0.1589357244421264
tall_local_seed42,external,1,42,570,original_faces_c23/552,ffpp_test:47,0,real,h265_crf32,-3.16552734375,0.04048379849506127
tall_local_seed42,external,1,42,571,original_faces_c23/851,ffpp_test:47,0,real,h265_crf32,-0.3609619140625,0.4107267336315841
tall_local_seed42,external,1,42,572,deepfakes_faces_c23/552_851,ffpp_test:47,1,deepfakes,h265_crf32,2.971435546875,0.9512668695164289
tall_local_seed42,external,1,42,573,deepfakes_faces_c23/851_552,ffpp_test:47,1,deepfakes,h265_crf32,2.7303009033203125,0.9387911300733596
tall_local_seed42,external,1,42,574,face2face_faces_c23/552_851,ffpp_test:47,1,face2face,h265_crf32,1.10870361328125,0.751887345893511
tall_local_seed42,external,1,42,575,face2face_faces_c23/851_552,ffpp_test:47,1,face2face,h265_crf32,2.992919921875,0.9522532456959102
tall_local_seed42,external,1,42,576,faceswap_faces_c23/552_851,ffpp_test:47,1,faceswap,h265_crf32,2.25579833984375,0.9051495158198641
tall_local_seed42,external,1,42,577,faceswap_faces_c23/851_552,ffpp_test:47,1,faceswap,h265_crf32,3.089599609375,0.9564616947364826
tall_local_seed42,external,1,42,578,neuraltextures_faces_c23/552_851,ffpp_test:47,1,neuraltextures,h265_crf32,-0.001312255859375,0.4996719360822338
tall_local_seed42,external,1,42,579,neuraltextures_faces_c23/851_552,ffpp_test:47,1,neuraltextures,h265_crf32,3.166015625,0.95953516446685
tall_local_seed42,external,1,42,580,original_faces_c23/376,ffpp_test:31,0,real,h265_crf32,-3.456787109375,0.030567096586964815
tall_local_seed42,external,1,42,581,original_faces_c23/381,ffpp_test:31,0,real,h265_crf32,-3.14501953125,0.04128797169233711
tall_local_seed42,external,1,42,582,deepfakes_faces_c23/376_381,ffpp_test:31,1,deepfakes,h265_crf32,-3.744140625,0.02310927773615126
tall_local_seed42,external,1,42,583,deepfakes_faces_c23/381_376,ffpp_test:31,1,deepfakes,h265_crf32,1.373016357421875,0.7978670543677103
tall_local_seed42,external,1,42,584,face2face_faces_c23/376_381,ffpp_test:31,1,face2face,h265_crf32,-4.25146484375,0.01404333020342038
tall_local_seed42,external,1,42,585,face2face_faces_c23/381_376,ffpp_test:31,1,face2face,h265_crf32,-2.446563720703125,0.07969020107477874
tall_local_seed42,external,1,42,586,faceswap_faces_c23/376_381,ffpp_test:31,1,faceswap,h265_crf32,2.512451171875,0.9250100967609033
tall_local_seed42,external,1,42,587,faceswap_faces_c23/381_376,ffpp_test:31,1,faceswap,h265_crf32,-2.750885009765625,0.060036687601041305
tall_local_seed42,external,1,42,588,neuraltextures_faces_c23/376_381,ffpp_test:31,1,neuraltextures,h265_crf32,-3.11328125,0.04256272864849986
tall_local_seed42,external,1,42,589,neuraltextures_faces_c23/381_376,ffpp_test:31,1,neuraltextures,h265_crf32,-2.765380859375,0.059223851911190215
tall_local_seed42,external,1,42,590,original_faces_c23/000,ffpp_test:0,0,real,h265_crf32,-2.96240234375,0.04915360478948645
tall_local_seed42,external,1,42,591,original_faces_c23/003,ffpp_test:0,0,real,h265_crf32,-3.32568359375,0.03470052432038127
tall_local_seed42,external,1,42,592,deepfakes_faces_c23/000_003,ffpp_test:0,1,deepfakes,h265_crf32,3.031005859375,0.9539553750300334
tall_local_seed42,external,1,42,593,deepfakes_faces_c23/003_000,ffpp_test:0,1,deepfakes,h265_crf32,-3.461181640625,0.03043714284021538
tall_local_seed42,external,1,42,594,face2face_faces_c23/000_003,ffpp_test:0,1,face2face,h265_crf32,-3.2857666015625,0.03606271944106212
tall_local_seed42,external,1,42,595,face2face_faces_c23/003_000,ffpp_test:0,1,face2face,h265_crf32,-3.930908203125,0.01924808045586605
tall_local_seed42,external,1,42,596,faceswap_faces_c23/000_003,ffpp_test:0,1,faceswap,h265_crf32,-0.9705810546875,0.27476470083665
tall_local_seed42,external,1,42,597,faceswap_faces_c23/003_000,ffpp_test:0,1,faceswap,h265_crf32,1.40069580078125,0.8022942784192296
tall_local_seed42,external,1,42,598,neuraltextures_faces_c23/000_003,ffpp_test:0,1,neuraltextures,h265_crf32,-3.79638671875,0.021958737864972048
tall_local_seed42,external,1,42,599,neuraltextures_faces_c23/003_000,ffpp_test:0,1,neuraltextures,h265_crf32,-3.45849609375,0.030516495288989216
tall_local_seed42,external,1,42,600,original_faces_c23/048,ffpp_test:4,0,real,h265_crf32,-2.94091796875,0.05016751323885515
tall_local_seed42,external,1,42,601,original_faces_c23/029,ffpp_test:4,0,real,h265_crf32,2.710177421569824,0.9376245258861858
tall_local_seed42,external,1,42,602,deepfakes_faces_c23/048_029,ffpp_test:4,1,deepfakes,h265_crf32,2.800537109375,0.9427048415791263
tall_local_seed42,external,1,42,603,deepfakes_faces_c23/029_048,ffpp_test:4,1,deepfakes,h265_crf32,1.539093017578125,0.8233328379842236
tall_local_seed42,external,1,42,604,face2face_faces_c23/048_029,ffpp_test:4,1,face2face,h265_crf32,-2.540283203125,0.07308198663705268
tall_local_seed42,external,1,42,605,face2face_faces_c23/029_048,ffpp_test:4,1,face2face,h265_crf32,2.90478515625,0.9480824779829624
tall_local_seed42,external,1,42,606,faceswap_faces_c23/048_029,ffpp_test:4,1,faceswap,h265_crf32,2.733642578125,0.9389828692160811
tall_local_seed42,external,1,42,607,faceswap_faces_c23/029_048,ffpp_test:4,1,faceswap,h265_crf32,-1.170166015625,0.23682497747948772
tall_local_seed42,external,1,42,608,neuraltextures_faces_c23/048_029,ffpp_test:4,1,neuraltextures,h265_crf32,-2.9349517822265625,0.05045257059196021
tall_local_seed42,external,1,42,609,neuraltextures_faces_c23/029_048,ffpp_test:4,1,neuraltextures,h265_crf32,3.119873046875,0.9577050860866055
tall_local_seed42,external,1,42,610,original_faces_c23/724,ffpp_test:59,0,real,h265_crf32,0.882568359375,0.7073541653998091
tall_local_seed42,external,1,42,611,original_faces_c23/725,ffpp_test:59,0,real,h265_crf32,-2.3280792236328125,0.08882399720837818
tall_local_seed42,external,1,42,612,deepfakes_faces_c23/724_725,ffpp_test:59,1,deepfakes,h265_crf32,2.74493408203125,0.9396266073925381
tall_local_seed42,external,1,42,613,deepfakes_faces_c23/725_724,ffpp_test:59,1,deepfakes,h265_crf32,3.051025390625,0.9548267749178005
tall_local_seed42,external,1,42,614,face2face_faces_c23/724_725,ffpp_test:59,1,face2face,h265_crf32,2.7159423828125,0.9379608389318271
tall_local_seed42,external,1,42,615,face2face_faces_c23/725_724,ffpp_test:59,1,face2face,h265_crf32,3.29443359375,0.9642373558090244
tall_local_seed42,external,1,42,616,faceswap_faces_c23/724_725,ffpp_test:59,1,faceswap,h265_crf32,2.871337890625,0.9464112423350202
tall_local_seed42,external,1,42,617,faceswap_faces_c23/725_724,ffpp_test:59,1,faceswap,h265_crf32,3.1806640625,0.9601001126518565
tall_local_seed42,external,1,42,618,neuraltextures_faces_c23/724_725,ffpp_test:59,1,neuraltextures,h265_crf32,0.8509674072265625,0.7007700388334676
tall_local_seed42,external,1,42,619,neuraltextures_faces_c23/725_724,ffpp_test:59,1,neuraltextures,h265_crf32,-3.70361328125,0.024042093165517964
tall_local_seed42,external,1,42,620,original_faces_c23/608,ffpp_test:50,0,real,h265_crf32,-3.6611328125,0.0250592711714967
tall_local_seed42,external,1,42,621,original_faces_c23/675,ffpp_test:50,0,real,h265_crf32,-3.3409423828125,0.03419302290935672
tall_local_seed42,external,1,42,622,deepfakes_faces_c23/608_675,ffpp_test:50,1,deepfakes,h265_crf32,2.948486328125,0.9501918993060171
tall_local_seed42,external,1,42,623,deepfakes_faces_c23/675_608,ffpp_test:50,1,deepfakes,h265_crf32,3.214599609375,0.961380004979953
tall_local_seed42,external,1,42,624,face2face_faces_c23/608_675,ffpp_test:50,1,face2face,h265_crf32,3.2783203125,0.9636775350519353
tall_local_seed42,external,1,42,625,face2face_faces_c23/675_608,ffpp_test:50,1,face2face,h265_crf32,3.04736328125,0.9546685552434453
tall_local_seed42,external,1,42,626,faceswap_faces_c23/608_675,ffpp_test:50,1,faceswap,h265_crf32,2.905517578125,0.9481185174913018
tall_local_seed42,external,1,42,627,faceswap_faces_c23/675_608,ffpp_test:50,1,faceswap,h265_crf32,2.8837890625,0.9470392297700619
tall_local_seed42,external,1,42,628,neuraltextures_faces_c23/608_675,ffpp_test:50,1,neuraltextures,h265_crf32,-0.8599853515625,0.29734240614276
tall_local_seed42,external,1,42,629,neuraltextures_faces_c23/675_608,ffpp_test:50,1,neuraltextures,h265_crf32,0.827880859375,0.6959066623240929
tall_local_seed42,external,1,42,630,original_faces_c23/386,ffpp_test:14,0,real,h265_crf32,-2.698486328125,0.0630627334792264
tall_local_seed42,external,1,42,631,original_faces_c23/154,ffpp_test:14,0,real,h265_crf32,-2.712890625,0.06221698130939033
tall_local_seed42,external,1,42,632,deepfakes_faces_c23/386_154,ffpp_test:14,1,deepfakes,h265_crf32,2.99853515625,0.9525079061856253
tall_local_seed42,external,1,42,633,deepfakes_faces_c23/154_386,ffpp_test:14,1,deepfakes,h265_crf32,3.059814453125,0.9552043582569604
tall_local_seed42,external,1,42,634,face2face_faces_c23/386_154,ffpp_test:14,1,face2face,h265_crf32,1.0682373046875,0.7442615554159823
tall_local_seed42,external,1,42,635,face2face_faces_c23/154_386,ffpp_test:14,1,face2face,h265_crf32,2.307861328125,0.9095260213992218
tall_local_seed42,external,1,42,636,faceswap_faces_c23/386_154,ffpp_test:14,1,faceswap,h265_crf32,0.85931396484375,0.7025173020143987
tall_local_seed42,external,1,42,637,faceswap_faces_c23/154_386,ffpp_test:14,1,faceswap,h265_crf32,3.01708984375,0.9533402447535612
tall_local_seed42,external,1,42,638,neuraltextures_faces_c23/386_154,ffpp_test:14,1,neuraltextures,h265_crf32,-3.1416015625,0.041423478413707644
tall_local_seed42,external,1,42,639,neuraltextures_faces_c23/154_386,ffpp_test:14,1,neuraltextures,h265_crf32,-2.477783203125,0.07743041062641302
tall_local_seed42,external,1,42,640,original_faces_c23/220,ffpp_test:20,0,real,h265_crf32,-3.230712890625,0.03802616081931632
tall_local_seed42,external,1,42,641,original_faces_c23/219,ffpp_test:20,0,real,h265_crf32,-2.58551025390625,0.07007679769969005
tall_local_seed42,external,1,42,642,deepfakes_faces_c23/220_219,ffpp_test:20,1,deepfakes,h265_crf32,1.509521484375,0.8189902800304832
tall_local_seed42,external,1,42,643,deepfakes_faces_c23/219_220,ffpp_test:20,1,deepfakes,h265_crf32,2.788330078125,0.9420419360568371
tall_local_seed42,external,1,42,644,face2face_faces_c23/220_219,ffpp_test:20,1,face2face,h265_crf32,3.146240234375,0.9587603206878846
tall_local_seed42,external,1,42,645,face2face_faces_c23/219_220,ffpp_test:20,1,face2face,h265_crf32,-1.117431640625,0.24648799855848438
tall_local_seed42,external,1,42,646,faceswap_faces_c23/220_219,ffpp_test:20,1,faceswap,h265_crf32,-3.56884765625,0.02741552021250575
tall_local_seed42,external,1,42,647,faceswap_faces_c23/219_220,ffpp_test:20,1,faceswap,h265_crf32,2.54510498046875,0.927243973807278
tall_local_seed42,external,1,42,648,neuraltextures_faces_c23/220_219,ffpp_test:20,1,neuraltextures,h265_crf32,2.3343505859375,0.9116822639553782
tall_local_seed42,external,1,42,649,neuraltextures_faces_c23/219_220,ffpp_test:20,1,neuraltextures,h265_crf32,-3.16748046875,0.040407997681555
tall_local_seed42,external,1,42,650,original_faces_c23/801,ffpp_test:63,0,real,h265_crf32,-3.477783203125,0.029951019453790237
tall_local_seed42,external,1,42,651,original_faces_c23/855,ffpp_test:63,0,real,h265_crf32,-3.03125,0.04603390239924038
tall_local_seed42,external,1,42,652,deepfakes_faces_c23/801_855,ffpp_test:63,1,deepfakes,h265_crf32,3.009521484375,0.9530024268256945
tall_local_seed42,external,1,42,653,deepfakes_faces_c23/855_801,ffpp_test:63,1,deepfakes,h265_crf32,3.204833984375,0.9610157838966863
tall_local_seed42,external,1,42,654,face2face_faces_c23/801_855,ffpp_test:63,1,face2face,h265_crf32,-1.9481201171875,0.12475848498651906
tall_local_seed42,external,1,42,655,face2face_faces_c23/855_801,ffpp_test:63,1,face2face,h265_crf32,-0.28515625,0.4291901086259222
tall_local_seed42,external,1,42,656,faceswap_faces_c23/801_855,ffpp_test:63,1,faceswap,h265_crf32,1.425262451171875,0.8061620773468424
tall_local_seed42,external,1,42,657,faceswap_faces_c23/855_801,ffpp_test:63,1,faceswap,h265_crf32,1.200469970703125,0.7686083781232921
tall_local_seed42,external,1,42,658,neuraltextures_faces_c23/801_855,ffpp_test:63,1,neuraltextures,h265_crf32,3.65478515625,0.9747851788848085
tall_local_seed42,external,1,42,659,neuraltextures_faces_c23/855_801,ffpp_test:63,1,neuraltextures,h265_crf32,-1.74224853515625,0.1490275539354921
tall_local_seed42,external,1,42,660,original_faces_c23/161,ffpp_test:13,0,real,h265_crf32,-3.098876953125,0.04315360330057316
tall_local_seed42,external,1,42,661,original_faces_c23/141,ffpp_test:13,0,real,h265_crf32,-3.135009765625,0.04168601533224435
tall_local_seed42,external,1,42,662,deepfakes_faces_c23/161_141,ffpp_test:13,1,deepfakes,h265_crf32,1.7274169921875,0.8490817269652862
tall_local_seed42,external,1,42,663,deepfakes_faces_c23/141_161,ffpp_test:13,1,deepfakes,h265_crf32,1.519775390625,0.8205054033393473
tall_local_seed42,external,1,42,664,face2face_faces_c23/161_141,ffpp_test:13,1,face2face,h265_crf32,-2.0047607421875,0.11870398009323704
tall_local_seed42,external,1,42,665,face2face_faces_c23/141_161,ffpp_test:13,1,face2face,h265_crf32,-2.1883544921875,0.10080114490004966
tall_local_seed42,external,1,42,666,faceswap_faces_c23/161_141,ffpp_test:13,1,faceswap,h265_crf32,3.019287109375,0.9534378875886759
tall_local_seed42,external,1,42,667,faceswap_faces_c23/141_161,ffpp_test:13,1,faceswap,h265_crf32,3.112548828125,0.9574074143212209
tall_local_seed42,external,1,42,668,neuraltextures_faces_c23/161_141,ffpp_test:13,1,neuraltextures,h265_crf32,0.6717376708984375,0.6618921435254135
tall_local_seed42,external,1,42,669,neuraltextures_faces_c23/141_161,ffpp_test:13,1,neuraltextures,h265_crf32,-2.92578125,0.05089371986183378
tall_local_seed42,external,1,42,670,original_faces_c23/949,ffpp_test:66,0,real,h265_crf32,-3.087646484375,0.04361971125317499
tall_local_seed42,external,1,42,671,original_faces_c23/868,ffpp_test:66,0,real,h265_crf32,-3.186279296875,0.03968533446408683
tall_local_seed42,external,1,42,672,deepfakes_faces_c23/949_868,ffpp_test:66,1,deepfakes,h265_crf32,0.1953125,0.5486734944129984
tall_local_seed42,external,1,42,673,deepfakes_faces_c23/868_949,ffpp_test:66,1,deepfakes,h265_crf32,3.41748046875,0.9682463991744228
tall_local_seed42,external,1,42,674,face2face_faces_c23/949_868,ffpp_test:66,1,face2face,h265_crf32,2.7591552734375,0.9404283276044556
tall_local_seed42,external,1,42,675,face2face_faces_c23/868_949,ffpp_test:66,1,face2face,h265_crf32,-0.8812522888183594,0.2929183411245472
tall_local_seed42,external,1,42,676,faceswap_faces_c23/949_868,ffpp_test:66,1,faceswap,h265_crf32,1.20880126953125,0.7700867787806897
tall_local_seed42,external,1,42,677,faceswap_faces_c23/868_949,ffpp_test:66,1,faceswap,h265_crf32,-2.36737060546875,0.08569493163898154
tall_local_seed42,external,1,42,678,neuraltextures_faces_c23/949_868,ffpp_test:66,1,neuraltextures,h265_crf32,3.158935546875,0.9592593670433127
tall_local_seed42,external,1,42,679,neuraltextures_faces_c23/868_949,ffpp_test:66,1,neuraltextures,h265_crf32,-0.8798828125,0.2932020636241563
tall_local_seed42,external,1,42,680,original_faces_c23/880,ffpp_test:11,0,real,h265_crf32,-2.564453125,0.07146149180665833
tall_local_seed42,external,1,42,681,original_faces_c23/135,ffpp_test:11,0,real,h265_crf32,-3.144775390625,0.04129763666019019
tall_local_seed42,external,1,42,682,deepfakes_faces_c23/880_135,ffpp_test:11,1,deepfakes,h265_crf32,1.18719482421875,0.7662389854171208
tall_local_seed42,external,1,42,683,deepfakes_faces_c23/135_880,ffpp_test:11,1,deepfakes,h265_crf32,2.83984375,0.9447913126759381
tall_local_seed42,external,1,42,684,face2face_faces_c23/880_135,ffpp_test:11,1,face2face,h265_crf32,-3.31103515625,0.035194552630727474
tall_local_seed42,external,1,42,685,face2face_faces_c23/135_880,ffpp_test:11,1,face2face,h265_crf32,2.91455078125,0.9485610644793234
tall_local_seed42,external,1,42,686,faceswap_faces_c23/880_135,ffpp_test:11,1,faceswap,h265_crf32,2.77685546875,0.9414122476666384
tall_local_seed42,external,1,42,687,faceswap_faces_c23/135_880,ffpp_test:11,1,faceswap,h265_crf32,2.65216064453125,0.934144035853808
tall_local_seed42,external,1,42,688,neuraltextures_faces_c23/880_135,ffpp_test:11,1,neuraltextures,h265_crf32,-1.918212890625,0.12806098479271025
tall_local_seed42,external,1,42,689,neuraltextures_faces_c23/135_880,ffpp_test:11,1,neuraltextures,h265_crf32,-0.513458251953125,0.3743831811067414
tall_local_seed42,external,1,42,690,original_faces_c23/429,ffpp_test:35,0,real,h265_crf32,-2.9632568359375,0.049113683318975795
tall_local_seed42,external,1,42,691,original_faces_c23/404,ffpp_test:35,0,real,h265_crf32,-1.7547607421875,0.14744773487490584
tall_local_seed42,external,1,42,692,deepfakes_faces_c23/429_404,ffpp_test:35,1,deepfakes,h265_crf32,2.349365234375,0.9128837597818056
tall_local_seed42,external,1,42,693,deepfakes_faces_c23/404_429,ffpp_test:35,1,deepfakes,h265_crf32,-0.99853515625,0.2692295245928376
tall_local_seed42,external,1,42,694,face2face_faces_c23/429_404,ffpp_test:35,1,face2face,h265_crf32,-3.2909698486328125,0.03588227911377067
tall_local_seed42,external,1,42,695,face2face_faces_c23/404_429,ffpp_test:35,1,face2face,h265_crf32,2.905517578125,0.9481185174913018
tall_local_seed42,external,1,42,696,faceswap_faces_c23/429_404,ffpp_test:35,1,faceswap,h265_crf32,2.19805908203125,0.9000750803562316
tall_local_seed42,external,1,42,697,faceswap_faces_c23/404_429,ffpp_test:35,1,faceswap,h265_crf32,1.28271484375,0.7829115485183195
tall_local_seed42,external,1,42,698,neuraltextures_faces_c23/429_404,ffpp_test:35,1,neuraltextures,h265_crf32,-3.363037109375,0.03347083183236745
tall_local_seed42,external,1,42,699,neuraltextures_faces_c23/404_429,ffpp_test:35,1,neuraltextures,h265_crf32,-0.62744140625,0.3480909172953965
tall_local_seed42,external,1,42,0,original_faces_c23/953,ffpp_test:68,0,real,resize075_then_h264_crf30,-3.1689453125,0.040351236308406216
tall_local_seed42,external,1,42,1,original_faces_c23/974,ffpp_test:68,0,real,resize075_then_h264_crf30,-2.90087890625,0.052110132703363746
tall_local_seed42,external,1,42,2,deepfakes_faces_c23/953_974,ffpp_test:68,1,deepfakes,resize075_then_h264_crf30,2.12548828125,0.8933559340862353
tall_local_seed42,external,1,42,3,deepfakes_faces_c23/974_953,ffpp_test:68,1,deepfakes,resize075_then_h264_crf30,-0.413818359375,0.3979969045793488
tall_local_seed42,external,1,42,4,face2face_faces_c23/953_974,ffpp_test:68,1,face2face,resize075_then_h264_crf30,3.11474609375,0.9574969254249862
tall_local_seed42,external,1,42,5,face2face_faces_c23/974_953,ffpp_test:68,1,face2face,resize075_then_h264_crf30,2.96435546875,0.9509375991053066
tall_local_seed42,external,1,42,6,faceswap_faces_c23/953_974,ffpp_test:68,1,faceswap,resize075_then_h264_crf30,-1.80224609375,0.14157786927335256
tall_local_seed42,external,1,42,7,faceswap_faces_c23/974_953,ffpp_test:68,1,faceswap,resize075_then_h264_crf30,0.226318359375,0.5563393198831574
tall_local_seed42,external,1,42,8,neuraltextures_faces_c23/953_974,ffpp_test:68,1,neuraltextures,resize075_then_h264_crf30,-2.429931640625,0.08091855100706602
tall_local_seed42,external,1,42,9,neuraltextures_faces_c23/974_953,ffpp_test:68,1,neuraltextures,resize075_then_h264_crf30,-1.7572021484375,0.14714109734508676
tall_local_seed42,external,1,42,10,original_faces_c23/012,ffpp_test:1,0,real,resize075_then_h264_crf30,-3.55419921875,0.027808820460886702
tall_local_seed42,external,1,42,11,original_faces_c23/026,ffpp_test:1,0,real,resize075_then_h264_crf30,-3.4814453125,0.02984480364504866
tall_local_seed42,external,1,42,12,deepfakes_faces_c23/012_026,ffpp_test:1,1,deepfakes,resize075_then_h264_crf30,2.65167236328125,0.9341139909325515
tall_local_seed42,external,1,42,13,deepfakes_faces_c23/026_012,ffpp_test:1,1,deepfakes,resize075_then_h264_crf30,3.05078125,0.9548162433273092
tall_local_seed42,external,1,42,14,face2face_faces_c23/012_026,ffpp_test:1,1,face2face,resize075_then_h264_crf30,1.250335693359375,0.777357965892779
tall_local_seed42,external,1,42,15,face2face_faces_c23/026_012,ffpp_test:1,1,face2face,resize075_then_h264_crf30,1.4183349609375,0.8050772581003144
tall_local_seed42,external,1,42,16,faceswap_faces_c23/012_026,ffpp_test:1,1,faceswap,resize075_then_h264_crf30,3.1552734375,0.9591160078058644
tall_local_seed42,external,1,42,17,faceswap_faces_c23/026_012,ffpp_test:1,1,faceswap,resize075_then_h264_crf30,2.5759849548339844,0.929299928593806
tall_local_seed42,external,1,42,18,neuraltextures_faces_c23/012_026,ffpp_test:1,1,neuraltextures,resize075_then_h264_crf30,2.12713623046875,0.8935128342930533
tall_local_seed42,external,1,42,19,neuraltextures_faces_c23/026_012,ffpp_test:1,1,neuraltextures,resize075_then_h264_crf30,-1.2191162109375,0.22809201842756438
tall_local_seed42,external,1,42,20,original_faces_c23/078,ffpp_test:8,0,real,resize075_then_h264_crf30,-3.65380859375,0.025238835210400004
tall_local_seed42,external,1,42,21,original_faces_c23/955,ffpp_test:8,0,real,resize075_then_h264_crf30,-3.099365234375,0.04313344599578288
tall_local_seed42,external,1,42,22,deepfakes_faces_c23/078_955,ffpp_test:8,1,deepfakes,resize075_then_h264_crf30,1.11474609375,0.7530128708313494
tall_local_seed42,external,1,42,23,deepfakes_faces_c23/955_078,ffpp_test:8,1,deepfakes,resize075_then_h264_crf30,0.1082763671875,0.5270426767771323
tall_local_seed42,external,1,42,24,face2face_faces_c23/078_955,ffpp_test:8,1,face2face,resize075_then_h264_crf30,0.768707275390625,0.6832411851237069
tall_local_seed42,external,1,42,25,face2face_faces_c23/955_078,ffpp_test:8,1,face2face,resize075_then_h264_crf30,-0.829071044921875,0.3038415286634212
tall_local_seed42,external,1,42,26,faceswap_faces_c23/078_955,ffpp_test:8,1,faceswap,resize075_then_h264_crf30,0.3836669921875,0.5947572315251203
tall_local_seed42,external,1,42,27,faceswap_faces_c23/955_078,ffpp_test:8,1,faceswap,resize075_then_h264_crf30,2.1614990234375,0.8967384386051397
tall_local_seed42,external,1,42,28,neuraltextures_faces_c23/078_955,ffpp_test:8,1,neuraltextures,resize075_then_h264_crf30,0.87353515625,0.705480757671845
tall_local_seed42,external,1,42,29,neuraltextures_faces_c23/955_078,ffpp_test:8,1,neuraltextures,resize075_then_h264_crf30,2.6435546875,0.9336126241669399
tall_local_seed42,external,1,42,30,original_faces_c23/623,ffpp_test:51,0,real,resize075_then_h264_crf30,-3.449951171875,0.03077031554952769
tall_local_seed42,external,1,42,31,original_faces_c23/630,ffpp_test:51,0,real,resize075_then_h264_crf30,-0.5150146484375,0.37401871260721525
tall_local_seed42,external,1,42,32,deepfakes_faces_c23/623_630,ffpp_test:51,1,deepfakes,resize075_then_h264_crf30,3.03173828125,0.9539875356130769
tall_local_seed42,external,1,42,33,deepfakes_faces_c23/630_623,ffpp_test:51,1,deepfakes,resize075_then_h264_crf30,3.047119140625,0.9546579885176114
tall_local_seed42,external,1,42,34,face2face_faces_c23/623_630,ffpp_test:51,1,face2face,resize075_then_h264_crf30,1.8638916015625,0.8657499014010487
tall_local_seed42,external,1,42,35,face2face_faces_c23/630_623,ffpp_test:51,1,face2face,resize075_then_h264_crf30,2.68212890625,0.9359638392091243
tall_local_seed42,external,1,42,36,faceswap_faces_c23/623_630,ffpp_test:51,1,faceswap,resize075_then_h264_crf30,3.143798828125,0.9586636818143942
tall_local_seed42,external,1,42,37,faceswap_faces_c23/630_623,ffpp_test:51,1,faceswap,resize075_then_h264_crf30,2.93310546875,0.9494589044165201
tall_local_seed42,external,1,42,38,neuraltextures_faces_c23/623_630,ffpp_test:51,1,neuraltextures,resize075_then_h264_crf30,3.524658203125,0.9713812853851603
tall_local_seed42,external,1,42,39,neuraltextures_faces_c23/630_623,ffpp_test:51,1,neuraltextures,resize075_then_h264_crf30,3.024169921875,0.9536541762635352
tall_local_seed42,external,1,42,40,original_faces_c23/919,ffpp_test:2,0,real,resize075_then_h264_crf30,-3.05401611328125,0.04504440275172627
tall_local_seed42,external,1,42,41,original_faces_c23/015,ffpp_test:2,0,real,resize075_then_h264_crf30,-3.171630859375,0.040247372112318734
tall_local_seed42,external,1,42,42,deepfakes_faces_c23/919_015,ffpp_test:2,1,deepfakes,resize075_then_h264_crf30,2.457763671875,0.921127342589716
tall_local_seed42,external,1,42,43,deepfakes_faces_c23/015_919,ffpp_test:2,1,deepfakes,resize075_then_h264_crf30,-3.540771484375,0.02817415674884852
tall_local_seed42,external,1,42,44,face2face_faces_c23/919_015,ffpp_test:2,1,face2face,resize075_then_h264_crf30,1.020355224609375,0.7350417871385272
tall_local_seed42,external,1,42,45,face2face_faces_c23/015_919,ffpp_test:2,1,face2face,resize075_then_h264_crf30,-0.5247802734375,0.3717351269843009
tall_local_seed42,external,1,42,46,faceswap_faces_c23/919_015,ffpp_test:2,1,faceswap,resize075_then_h264_crf30,0.625244140625,0.6514103049279343
tall_local_seed42,external,1,42,47,faceswap_faces_c23/015_919,ffpp_test:2,1,faceswap,resize075_then_h264_crf30,1.24163818359375,0.7758490351055857
tall_local_seed42,external,1,42,48,neuraltextures_faces_c23/919_015,ffpp_test:2,1,neuraltextures,resize075_then_h264_crf30,-2.54803466796875,0.07255862911672137
tall_local_seed42,external,1,42,49,neuraltextures_faces_c23/015_919,ffpp_test:2,1,neuraltextures,resize075_then_h264_crf30,-1.631622314453125,0.1636082415953967
tall_local_seed42,external,1,42,50,original_faces_c23/367,ffpp_test:30,0,real,resize075_then_h264_crf30,-1.4942626953125,0.18328278203639056
tall_local_seed42,external,1,42,51,original_faces_c23/371,ffpp_test:30,0,real,resize075_then_h264_crf30,-3.5546875,0.027795622581245058
tall_local_seed42,external,1,42,52,deepfakes_faces_c23/367_371,ffpp_test:30,1,deepfakes,resize075_then_h264_crf30,3.19482421875,0.9606390381551589
tall_local_seed42,external,1,42,53,deepfakes_faces_c23/371_367,ffpp_test:30,1,deepfakes,resize075_then_h264_crf30,2.212646484375,0.9013794348871109
tall_local_seed42,external,1,42,54,face2face_faces_c23/367_371,ffpp_test:30,1,face2face,resize075_then_h264_crf30,0.8001556396484375,0.6900077729731504
tall_local_seed42,external,1,42,55,face2face_faces_c23/371_367,ffpp_test:30,1,face2face,resize075_then_h264_crf30,-0.8740234375,0.2944177985735851
tall_local_seed42,external,1,42,56,faceswap_faces_c23/367_371,ffpp_test:30,1,faceswap,resize075_then_h264_crf30,3.131103515625,0.958157656981291
tall_local_seed42,external,1,42,57,faceswap_faces_c23/371_367,ffpp_test:30,1,faceswap,resize075_then_h264_crf30,1.18414306640625,0.7656919202511265
tall_local_seed42,external,1,42,58,neuraltextures_faces_c23/367_371,ffpp_test:30,1,neuraltextures,resize075_then_h264_crf30,-0.495361328125,0.37863139153625924
tall_local_seed42,external,1,42,59,neuraltextures_faces_c23/371_367,ffpp_test:30,1,neuraltextures,resize075_then_h264_crf30,-1.20751953125,0.2301402355531883
tall_local_seed42,external,1,42,60,original_faces_c23/847,ffpp_test:65,0,real,resize075_then_h264_crf30,-2.5643310546875,0.07146959217509495
tall_local_seed42,external,1,42,61,original_faces_c23/906,ffpp_test:65,0,real,resize075_then_h264_crf30,-2.274566650390625,0.09325135873514563
tall_local_seed42,external,1,42,62,deepfakes_faces_c23/847_906,ffpp_test:65,1,deepfakes,resize075_then_h264_crf30,2.60791015625,0.9313689320641219
tall_local_seed42,external,1,42,63,deepfakes_faces_c23/906_847,ffpp_test:65,1,deepfakes,resize075_then_h264_crf30,3.00537109375,0.9528161859136255
tall_local_seed42,external,1,42,64,face2face_faces_c23/847_906,ffpp_test:65,1,face2face,resize075_then_h264_crf30,-1.0184326171875,0.26533282012582793
tall_local_seed42,external,1,42,65,face2face_faces_c23/906_847,ffpp_test:65,1,face2face,resize075_then_h264_crf30,1.453857421875,0.8105913851733673
tall_local_seed42,external,1,42,66,faceswap_faces_c23/847_906,ffpp_test:65,1,faceswap,resize075_then_h264_crf30,2.54638671875,0.9273303958495553
tall_local_seed42,external,1,42,67,faceswap_faces_c23/906_847,ffpp_test:65,1,faceswap,resize075_then_h264_crf30,3.08740234375,0.9563701027896703
tall_local_seed42,external,1,42,68,neuraltextures_faces_c23/847_906,ffpp_test:65,1,neuraltextures,resize075_then_h264_crf30,-1.706878662109375,0.15356900605796683
tall_local_seed42,external,1,42,69,neuraltextures_faces_c23/906_847,ffpp_test:65,1,neuraltextures,resize075_then_h264_crf30,-0.0695648193359375,0.4826158051597992
tall_local_seed42,external,1,42,70,original_faces_c23/529,ffpp_test:46,0,real,resize075_then_h264_crf30,-3.289306640625,0.03593986180049679
tall_local_seed42,external,1,42,71,original_faces_c23/633,ffpp_test:46,0,real,resize075_then_h264_crf30,0.0859375,0.5214711624606773
tall_local_seed42,external,1,42,72,deepfakes_faces_c23/529_633,ffpp_test:46,1,deepfakes,resize075_then_h264_crf30,2.156494140625,0.8962740723167857
tall_local_seed42,external,1,42,73,deepfakes_faces_c23/633_529,ffpp_test:46,1,deepfakes,resize075_then_h264_crf30,0.415130615234375,0.6023174637222597
tall_local_seed42,external,1,42,74,face2face_faces_c23/529_633,ffpp_test:46,1,face2face,resize075_then_h264_crf30,-1.3395538330078125,0.20758344013330432
tall_local_seed42,external,1,42,75,face2face_faces_c23/633_529,ffpp_test:46,1,face2face,resize075_then_h264_crf30,2.6170654296875,0.931951838728271
tall_local_seed42,external,1,42,76,faceswap_faces_c23/529_633,ffpp_test:46,1,faceswap,resize075_then_h264_crf30,1.343994140625,0.7931460090843454
tall_local_seed42,external,1,42,77,faceswap_faces_c23/633_529,ffpp_test:46,1,faceswap,resize075_then_h264_crf30,2.517333984375,0.925348097865572
tall_local_seed42,external,1,42,78,neuraltextures_faces_c23/529_633,ffpp_test:46,1,neuraltextures,resize075_then_h264_crf30,-2.8671875,0.053799643460064
tall_local_seed42,external,1,42,79,neuraltextures_faces_c23/633_529,ffpp_test:46,1,neuraltextures,resize075_then_h264_crf30,3.385009765625,0.967232754666577
tall_local_seed42,external,1,42,80,original_faces_c23/418,ffpp_test:36,0,real,resize075_then_h264_crf30,-0.62530517578125,0.34857583564695394
tall_local_seed42,external,1,42,81,original_faces_c23/507,ffpp_test:36,0,real,resize075_then_h264_crf30,-3.545654296875,0.028040771082047358
tall_local_seed42,external,1,42,82,deepfakes_faces_c23/418_507,ffpp_test:36,1,deepfakes,resize075_then_h264_crf30,2.6392822265625,0.9333473255574857
tall_local_seed42,external,1,42,83,deepfakes_faces_c23/507_418,ffpp_test:36,1,deepfakes,resize075_then_h264_crf30,-1.40087890625,0.1976766793341602
tall_local_seed42,external,1,42,84,face2face_faces_c23/418_507,ffpp_test:36,1,face2face,resize075_then_h264_crf30,3.080810546875,0.9560942223708834
tall_local_seed42,external,1,42,85,face2face_faces_c23/507_418,ffpp_test:36,1,face2face,resize075_then_h264_crf30,-2.839111328125,0.05524690340122106
tall_local_seed42,external,1,42,86,faceswap_faces_c23/418_507,ffpp_test:36,1,faceswap,resize075_then_h264_crf30,3.084716796875,0.9562579073367811
tall_local_seed42,external,1,42,87,faceswap_faces_c23/507_418,ffpp_test:36,1,faceswap,resize075_then_h264_crf30,-1.627838134765625,0.16412673035739603
tall_local_seed42,external,1,42,88,neuraltextures_faces_c23/418_507,ffpp_test:36,1,neuraltextures,resize075_then_h264_crf30,1.9615478515625,0.876700367868939
tall_local_seed42,external,1,42,89,neuraltextures_faces_c23/507_418,ffpp_test:36,1,neuraltextures,resize075_then_h264_crf30,-3.330078125,0.034553623967204426
tall_local_seed42,external,1,42,90,original_faces_c23/227,ffpp_test:16,0,real,resize075_then_h264_crf30,-1.8527679443359375,0.13554823607085822
tall_local_seed42,external,1,42,91,original_faces_c23/169,ffpp_test:16,0,real,resize075_then_h264_crf30,-3.5498046875,0.027927875621270033
tall_local_seed42,external,1,42,92,deepfakes_faces_c23/227_169,ffpp_test:16,1,deepfakes,resize075_then_h264_crf30,2.95361328125,0.95043398462728
tall_local_seed42,external,1,42,93,deepfakes_faces_c23/169_227,ffpp_test:16,1,deepfakes,resize075_then_h264_crf30,2.608154296875,0.9313845360956253
tall_local_seed42,external,1,42,94,face2face_faces_c23/227_169,ffpp_test:16,1,face2face,resize075_then_h264_crf30,-2.4495849609375,0.07946890548620927
tall_local_seed42,external,1,42,95,face2face_faces_c23/169_227,ffpp_test:16,1,face2face,resize075_then_h264_crf30,1.388031005859375,0.80027771839906
tall_local_seed42,external,1,42,96,faceswap_faces_c23/227_169,ffpp_test:16,1,faceswap,resize075_then_h264_crf30,-0.287933349609375,0.42850989241314175
tall_local_seed42,external,1,42,97,faceswap_faces_c23/169_227,ffpp_test:16,1,faceswap,resize075_then_h264_crf30,0.3056640625,0.5758265566911799
tall_local_seed42,external,1,42,98,neuraltextures_faces_c23/227_169,ffpp_test:16,1,neuraltextures,resize075_then_h264_crf30,-2.54248046875,0.07293328119797518
tall_local_seed42,external,1,42,99,neuraltextures_faces_c23/169_227,ffpp_test:16,1,neuraltextures,resize075_then_h264_crf30,-1.0098419189453125,0.2670107886176276
tall_local_seed42,external,1,42,100,original_faces_c23/389,ffpp_test:33,0,real,resize075_then_h264_crf30,-2.8681640625,0.05374995296605651
tall_local_seed42,external,1,42,101,original_faces_c23/480,ffpp_test:33,0,real,resize075_then_h264_crf30,-2.925537109375,0.050905514013622886
tall_local_seed42,external,1,42,102,deepfakes_faces_c23/389_480,ffpp_test:33,1,deepfakes,resize075_then_h264_crf30,2.967529296875,0.9510854632035998
tall_local_seed42,external,1,42,103,deepfakes_faces_c23/480_389,ffpp_test:33,1,deepfakes,resize075_then_h264_crf30,1.392669677734375,0.8010180999970112
tall_local_seed42,external,1,42,104,face2face_faces_c23/389_480,ffpp_test:33,1,face2face,resize075_then_h264_crf30,-1.6700439453125,0.15841831988199728
tall_local_seed42,external,1,42,105,face2face_faces_c23/480_389,ffpp_test:33,1,face2face,resize075_then_h264_crf30,-1.548980712890625,0.17523353364737645
tall_local_seed42,external,1,42,106,faceswap_faces_c23/389_480,ffpp_test:33,1,faceswap,resize075_then_h264_crf30,0.60107421875,0.6459020320750476
tall_local_seed42,external,1,42,107,faceswap_faces_c23/480_389,ffpp_test:33,1,faceswap,resize075_then_h264_crf30,2.038330078125,0.8847631165210913
tall_local_seed42,external,1,42,108,neuraltextures_faces_c23/389_480,ffpp_test:33,1,neuraltextures,resize075_then_h264_crf30,-3.126220703125,0.04203854112016752
tall_local_seed42,external,1,42,109,neuraltextures_faces_c23/480_389,ffpp_test:33,1,neuraltextures,resize075_then_h264_crf30,3.19677734375,0.9607128226795455
tall_local_seed42,external,1,42,110,original_faces_c23/821,ffpp_test:64,0,real,resize075_then_h264_crf30,-2.461883544921875,0.07857386021014177
tall_local_seed42,external,1,42,111,original_faces_c23/812,ffpp_test:64,0,real,resize075_then_h264_crf30,-1.4647216796875,0.18774621867399027
tall_local_seed42,external,1,42,112,deepfakes_faces_c23/821_812,ffpp_test:64,1,deepfakes,resize075_then_h264_crf30,-0.3746337890625,0.4074218110901096
tall_local_seed42,external,1,42,113,deepfakes_faces_c23/812_821,ffpp_test:64,1,deepfakes,resize075_then_h264_crf30,3.087158203125,0.9563599145624546
tall_local_seed42,external,1,42,114,face2face_faces_c23/821_812,ffpp_test:64,1,face2face,resize075_then_h264_crf30,2.3175048828125,0.9103164467075356
tall_local_seed42,external,1,42,115,face2face_faces_c23/812_821,ffpp_test:64,1,face2face,resize075_then_h264_crf30,2.34814453125,0.9127866319820994
tall_local_seed42,external,1,42,116,faceswap_faces_c23/821_812,ffpp_test:64,1,faceswap,resize075_then_h264_crf30,0.20159912109375,0.5502297746608815
tall_local_seed42,external,1,42,117,faceswap_faces_c23/812_821,ffpp_test:64,1,faceswap,resize075_then_h264_crf30,0.6502685546875,0.6570709783065154
tall_local_seed42,external,1,42,118,neuraltextures_faces_c23/821_812,ffpp_test:64,1,neuraltextures,resize075_then_h264_crf30,-0.90936279296875,0.2871302472110569
tall_local_seed42,external,1,42,119,neuraltextures_faces_c23/812_821,ffpp_test:64,1,neuraltextures,resize075_then_h264_crf30,0.703369140625,0.6689343302746261
tall_local_seed42,external,1,42,120,original_faces_c23/670,ffpp_test:54,0,real,resize075_then_h264_crf30,-0.36376953125,0.4100473759705504
tall_local_seed42,external,1,42,121,original_faces_c23/661,ffpp_test:54,0,real,resize075_then_h264_crf30,-3.43310546875,0.031276704207152034
tall_local_seed42,external,1,42,122,deepfakes_faces_c23/670_661,ffpp_test:54,1,deepfakes,resize075_then_h264_crf30,2.9375,0.9496693674025232
tall_local_seed42,external,1,42,123,deepfakes_faces_c23/661_670,ffpp_test:54,1,deepfakes,resize075_then_h264_crf30,3.025634765625,0.9537188762572437
tall_local_seed42,external,1,42,124,face2face_faces_c23/670_661,ffpp_test:54,1,face2face,resize075_then_h264_crf30,2.97161865234375,0.951275357257294
tall_local_seed42,external,1,42,125,face2face_faces_c23/661_670,ffpp_test:54,1,face2face,resize075_then_h264_crf30,2.10400390625,0.8912917286365664
tall_local_seed42,external,1,42,126,faceswap_faces_c23/670_661,ffpp_test:54,1,faceswap,resize075_then_h264_crf30,2.918701171875,0.9487631977680888
tall_local_seed42,external,1,42,127,faceswap_faces_c23/661_670,ffpp_test:54,1,faceswap,resize075_then_h264_crf30,2.931640625,0.9493885651109318
tall_local_seed42,external,1,42,128,neuraltextures_faces_c23/670_661,ffpp_test:54,1,neuraltextures,resize075_then_h264_crf30,2.49462890625,0.9237644275123956
tall_local_seed42,external,1,42,129,neuraltextures_faces_c23/661_670,ffpp_test:54,1,neuraltextures,resize075_then_h264_crf30,1.2886962890625,0.7839264408314349
tall_local_seed42,external,1,42,130,original_faces_c23/158,ffpp_test:15,0,real,resize075_then_h264_crf30,-2.156982421875,0.10368054249142332
tall_local_seed42,external,1,42,131,original_faces_c23/379,ffpp_test:15,0,real,resize075_then_h264_crf30,-3.473876953125,0.030064720093420306
tall_local_seed42,external,1,42,132,deepfakes_faces_c23/158_379,ffpp_test:15,1,deepfakes,resize075_then_h264_crf30,-1.2666015625,0.21983956356109738
tall_local_seed42,external,1,42,133,deepfakes_faces_c23/379_158,ffpp_test:15,1,deepfakes,resize075_then_h264_crf30,-1.5172119140625,0.17987244620645518
tall_local_seed42,external,1,42,134,face2face_faces_c23/158_379,ffpp_test:15,1,face2face,resize075_then_h264_crf30,2.07098388671875,0.8880508134339157
tall_local_seed42,external,1,42,135,face2face_faces_c23/379_158,ffpp_test:15,1,face2face,resize075_then_h264_crf30,-2.958984375,0.049313598590698136
tall_local_seed42,external,1,42,136,faceswap_faces_c23/158_379,ffpp_test:15,1,faceswap,resize075_then_h264_crf30,-1.1153564453125,0.24687363077700814
tall_local_seed42,external,1,42,137,faceswap_faces_c23/379_158,ffpp_test:15,1,faceswap,resize075_then_h264_crf30,1.98004150390625,0.8786855863791007
tall_local_seed42,external,1,42,138,neuraltextures_faces_c23/158_379,ffpp_test:15,1,neuraltextures,resize075_then_h264_crf30,0.8327484130859375,0.6969357535029047
tall_local_seed42,external,1,42,139,neuraltextures_faces_c23/379_158,ffpp_test:15,1,neuraltextures,resize075_then_h264_crf30,-3.662841796875,0.025017552326462897
tall_local_seed42,external,1,42,140,original_faces_c23/423,ffpp_test:37,0,real,resize075_then_h264_crf30,-4.197021484375,0.014817448967769625
tall_local_seed42,external,1,42,141,original_faces_c23/421,ffpp_test:37,0,real,resize075_then_h264_crf30,-2.455810546875,0.07901467214562985
tall_local_seed42,external,1,42,142,deepfakes_faces_c23/423_421,ffpp_test:37,1,deepfakes,resize075_then_h264_crf30,2.969482421875,0.9511762462879375
tall_local_seed42,external,1,42,143,deepfakes_faces_c23/421_423,ffpp_test:37,1,deepfakes,resize075_then_h264_crf30,2.992431640625,0.952231040108311
tall_local_seed42,external,1,42,144,face2face_faces_c23/423_421,ffpp_test:37,1,face2face,resize075_then_h264_crf30,1.30035400390625,0.7858945552917467
tall_local_seed42,external,1,42,145,face2face_faces_c23/421_423,ffpp_test:37,1,face2face,resize075_then_h264_crf30,1.634765625,0.8368214361702145
tall_local_seed42,external,1,42,146,faceswap_faces_c23/423_421,ffpp_test:37,1,faceswap,resize075_then_h264_crf30,1.6817626953125,0.8431377999710777
tall_local_seed42,external,1,42,147,faceswap_faces_c23/421_423,ffpp_test:37,1,faceswap,resize075_then_h264_crf30,2.722412109375,0.938336249254768
tall_local_seed42,external,1,42,148,neuraltextures_faces_c23/423_421,ffpp_test:37,1,neuraltextures,resize075_then_h264_crf30,-3.0509033203125,0.045178490585087126
tall_local_seed42,external,1,42,149,neuraltextures_faces_c23/421_423,ffpp_test:37,1,neuraltextures,resize075_then_h264_crf30,3.607177734375,0.9735882049559084
tall_local_seed42,external,1,42,150,original_faces_c23/352,ffpp_test:28,0,real,resize075_then_h264_crf30,-3.51708984375,0.02882986490053608
tall_local_seed42,external,1,42,151,original_faces_c23/319,ffpp_test:28,0,real,resize075_then_h264_crf30,-4.04443359375,0.017217972645931924
tall_local_seed42,external,1,42,152,deepfakes_faces_c23/352_319,ffpp_test:28,1,deepfakes,resize075_then_h264_crf30,-1.77679443359375,0.14469940809179357
tall_local_seed42,external,1,42,153,deepfakes_faces_c23/319_352,ffpp_test:28,1,deepfakes,resize075_then_h264_crf30,2.305419921875,0.9093249209286197
tall_local_seed42,external,1,42,154,face2face_faces_c23/352_319,ffpp_test:28,1,face2face,resize075_then_h264_crf30,1.8709716796875,0.8665706688723924
tall_local_seed42,external,1,42,155,face2face_faces_c23/319_352,ffpp_test:28,1,face2face,resize075_then_h264_crf30,-3.5872802734375,0.02692829259621594
tall_local_seed42,external,1,42,156,faceswap_faces_c23/352_319,ffpp_test:28,1,faceswap,resize075_then_h264_crf30,1.2021484375,0.7689067580749571
tall_local_seed42,external,1,42,157,faceswap_faces_c23/319_352,ffpp_test:28,1,faceswap,resize075_then_h264_crf30,-2.811065673828125,0.05672912866122497
tall_local_seed42,external,1,42,158,neuraltextures_faces_c23/352_319,ffpp_test:28,1,neuraltextures,resize075_then_h264_crf30,0.95172119140625,0.7214611917466671
tall_local_seed42,external,1,42,159,neuraltextures_faces_c23/319_352,ffpp_test:28,1,neuraltextures,resize075_then_h264_crf30,0.73846435546875,0.6766599618296278
tall_local_seed42,external,1,42,160,original_faces_c23/579,ffpp_test:48,0,real,resize075_then_h264_crf30,-1.939117431640625,0.1257448479312986
tall_local_seed42,external,1,42,161,original_faces_c23/701,ffpp_test:48,0,real,resize075_then_h264_crf30,-3.01025390625,0.046964779758442744
tall_local_seed42,external,1,42,162,deepfakes_faces_c23/579_701,ffpp_test:48,1,deepfakes,resize075_then_h264_crf30,0.3775482177734375,0.5932816270377558
tall_local_seed42,external,1,42,163,deepfakes_faces_c23/701_579,ffpp_test:48,1,deepfakes,resize075_then_h264_crf30,-0.3138580322265625,0.422173317382197
tall_local_seed42,external,1,42,164,face2face_faces_c23/579_701,ffpp_test:48,1,face2face,resize075_then_h264_crf30,2.29205322265625,0.9082167483488958
tall_local_seed42,external,1,42,165,face2face_faces_c23/701_579,ffpp_test:48,1,face2face,resize075_then_h264_crf30,-0.75048828125,0.3207149160943553
tall_local_seed42,external,1,42,166,faceswap_faces_c23/579_701,ffpp_test:48,1,faceswap,resize075_then_h264_crf30,0.362548828125,0.5896572931442254
tall_local_seed42,external,1,42,167,faceswap_faces_c23/701_579,ffpp_test:48,1,faceswap,resize075_then_h264_crf30,1.3082275390625,0.7872164078789448
tall_local_seed42,external,1,42,168,neuraltextures_faces_c23/579_701,ffpp_test:48,1,neuraltextures,resize075_then_h264_crf30,1.6092529296875,0.8333076397009748
tall_local_seed42,external,1,42,169,neuraltextures_faces_c23/701_579,ffpp_test:48,1,neuraltextures,resize075_then_h264_crf30,-3.525390625,0.028598360546466143
tall_local_seed42,external,1,42,170,original_faces_c23/488,ffpp_test:34,0,real,resize075_then_h264_crf30,1.98699951171875,0.8794253385595329
tall_local_seed42,external,1,42,171,original_faces_c23/399,ffpp_test:34,0,real,resize075_then_h264_crf30,-3.036865234375,0.0457879382444158
tall_local_seed42,external,1,42,172,deepfakes_faces_c23/488_399,ffpp_test:34,1,deepfakes,resize075_then_h264_crf30,3.066650390625,0.9554959526296093
tall_local_seed42,external,1,42,173,deepfakes_faces_c23/399_488,ffpp_test:34,1,deepfakes,resize075_then_h264_crf30,1.482177734375,0.8149012893035983
tall_local_seed42,external,1,42,174,face2face_faces_c23/488_399,ffpp_test:34,1,face2face,resize075_then_h264_crf30,2.874755859375,0.946584327200601
tall_local_seed42,external,1,42,175,face2face_faces_c23/399_488,ffpp_test:34,1,face2face,resize075_then_h264_crf30,2.94140625,0.9498557486112288
tall_local_seed42,external,1,42,176,faceswap_faces_c23/488_399,ffpp_test:34,1,faceswap,resize075_then_h264_crf30,3.05078125,0.9548162433273092
tall_local_seed42,external,1,42,177,faceswap_faces_c23/399_488,ffpp_test:34,1,faceswap,resize075_then_h264_crf30,2.87725830078125,0.9467107154295404
tall_local_seed42,external,1,42,178,neuraltextures_faces_c23/488_399,ffpp_test:34,1,neuraltextures,resize075_then_h264_crf30,1.77386474609375,0.8549376318671112
tall_local_seed42,external,1,42,179,neuraltextures_faces_c23/399_488,ffpp_test:34,1,neuraltextures,resize075_then_h264_crf30,1.131988525390625,0.7562056876900218
tall_local_seed42,external,1,42,180,original_faces_c23/695,ffpp_test:38,0,real,resize075_then_h264_crf30,-2.313720703125,0.08999297536099816
tall_local_seed42,external,1,42,181,original_faces_c23/422,ffpp_test:38,0,real,resize075_then_h264_crf30,-1.59423828125,0.16878843574015134
tall_local_seed42,external,1,42,182,deepfakes_faces_c23/695_422,ffpp_test:38,1,deepfakes,resize075_then_h264_crf30,-2.59130859375,0.06969988349590928
tall_local_seed42,external,1,42,183,deepfakes_faces_c23/422_695,ffpp_test:38,1,deepfakes,resize075_then_h264_crf30,1.8870849609375,0.8684228022507565
tall_local_seed42,external,1,42,184,face2face_faces_c23/695_422,ffpp_test:38,1,face2face,resize075_then_h264_crf30,-2.877685546875,0.05326773431627466
tall_local_seed42,external,1,42,185,face2face_faces_c23/422_695,ffpp_test:38,1,face2face,resize075_then_h264_crf30,2.9976806640625,0.9524692369190672
tall_local_seed42,external,1,42,186,faceswap_faces_c23/695_422,ffpp_test:38,1,faceswap,resize075_then_h264_crf30,-3.3251953125,0.0347168836999112
tall_local_seed42,external,1,42,187,faceswap_faces_c23/422_695,ffpp_test:38,1,faceswap,resize075_then_h264_crf30,1.4456787109375,0.8093324923479523
tall_local_seed42,external,1,42,188,neuraltextures_faces_c23/695_422,ffpp_test:38,1,neuraltextures,resize075_then_h264_crf30,-3.1748046875,0.04012495373199516
tall_local_seed42,external,1,42,189,neuraltextures_faces_c23/422_695,ffpp_test:38,1,neuraltextures,resize075_then_h264_crf30,-3.123291015625,0.04215668187382847
tall_local_seed42,external,1,42,190,original_faces_c23/288,ffpp_test:25,0,real,resize075_then_h264_crf30,-3.162841796875,0.04058824702110186
tall_local_seed42,external,1,42,191,original_faces_c23/321,ffpp_test:25,0,real,resize075_then_h264_crf30,-2.6708984375,0.06471256953862452
tall_local_seed42,external,1,42,192,deepfakes_faces_c23/288_321,ffpp_test:25,1,deepfakes,resize075_then_h264_crf30,1.7247314453125,0.8487372730475172
tall_local_seed42,external,1,42,193,deepfakes_faces_c23/321_288,ffpp_test:25,1,deepfakes,resize075_then_h264_crf30,3.0224609375,0.9535785841756894
tall_local_seed42,external,1,42,194,face2face_faces_c23/288_321,ffpp_test:25,1,face2face,resize075_then_h264_crf30,2.8017578125,0.9427707390930307
tall_local_seed42,external,1,42,195,face2face_faces_c23/321_288,ffpp_test:25,1,face2face,resize075_then_h264_crf30,-1.1253662109375,0.24501726371450278
tall_local_seed42,external,1,42,196,faceswap_faces_c23/288_321,ffpp_test:25,1,faceswap,resize075_then_h264_crf30,3.024169921875,0.9536541762635352
tall_local_seed42,external,1,42,197,faceswap_faces_c23/321_288,ffpp_test:25,1,faceswap,resize075_then_h264_crf30,2.808349609375,0.9431253570886383
tall_local_seed42,external,1,42,198,neuraltextures_faces_c23/288_321,ffpp_test:25,1,neuraltextures,resize075_then_h264_crf30,2.4874267578125,0.9232556749787437
tall_local_seed42,external,1,42,199,neuraltextures_faces_c23/321_288,ffpp_test:25,1,neuraltextures,resize075_then_h264_crf30,-0.2138671875,0.4467360692094185
tall_local_seed42,external,1,42,200,original_faces_c23/705,ffpp_test:57,0,real,resize075_then_h264_crf30,0.347900390625,0.586108336688044
tall_local_seed42,external,1,42,201,original_faces_c23/707,ffpp_test:57,0,real,resize075_then_h264_crf30,-2.77618408203125,0.0586247937968029
tall_local_seed42,external,1,42,202,deepfakes_faces_c23/705_707,ffpp_test:57,1,deepfakes,resize075_then_h264_crf30,3.070556640625,0.9556617645690448
tall_local_seed42,external,1,42,203,deepfakes_faces_c23/707_705,ffpp_test:57,1,deepfakes,resize075_then_h264_crf30,0.73193359375,0.6752294429184604
tall_local_seed42,external,1,42,204,face2face_faces_c23/705_707,ffpp_test:57,1,face2face,resize075_then_h264_crf30,1.403076171875,0.8026715768524669
tall_local_seed42,external,1,42,205,face2face_faces_c23/707_705,ffpp_test:57,1,face2face,resize075_then_h264_crf30,0.94427490234375,0.7199623584241498
tall_local_seed42,external,1,42,206,faceswap_faces_c23/705_707,ffpp_test:57,1,faceswap,resize075_then_h264_crf30,3.126953125,0.9579909445710464
tall_local_seed42,external,1,42,207,faceswap_faces_c23/707_705,ffpp_test:57,1,faceswap,resize075_then_h264_crf30,3.1162109375,0.9575564995963061
tall_local_seed42,external,1,42,208,neuraltextures_faces_c23/705_707,ffpp_test:57,1,neuraltextures,resize075_then_h264_crf30,1.955230712890625,0.8760158786046183
tall_local_seed42,external,1,42,209,neuraltextures_faces_c23/707_705,ffpp_test:57,1,neuraltextures,resize075_then_h264_crf30,0.46014404296875,0.613048346579024
tall_local_seed42,external,1,42,210,original_faces_c23/306,ffpp_test:24,0,real,resize075_then_h264_crf30,-2.821044921875,0.056197485910399116
tall_local_seed42,external,1,42,211,original_faces_c23/278,ffpp_test:24,0,real,resize075_then_h264_crf30,-1.367919921875,0.20295612223567303
tall_local_seed42,external,1,42,212,deepfakes_faces_c23/306_278,ffpp_test:24,1,deepfakes,resize075_then_h264_crf30,3.371337890625,0.966796665449751
tall_local_seed42,external,1,42,213,deepfakes_faces_c23/278_306,ffpp_test:24,1,deepfakes,resize075_then_h264_crf30,3.026123046875,0.9537404238177498
tall_local_seed42,external,1,42,214,face2face_faces_c23/306_278,ffpp_test:24,1,face2face,resize075_then_h264_crf30,1.6925048828125,0.8445532923693057
tall_local_seed42,external,1,42,215,face2face_faces_c23/278_306,ffpp_test:24,1,face2face,resize075_then_h264_crf30,2.61767578125,0.9319905355616954
tall_local_seed42,external,1,42,216,faceswap_faces_c23/306_278,ffpp_test:24,1,faceswap,resize075_then_h264_crf30,0.39984130859375,0.5986495321998068
tall_local_seed42,external,1,42,217,faceswap_faces_c23/278_306,ffpp_test:24,1,faceswap,resize075_then_h264_crf30,2.201141357421875,0.9003519583403875
tall_local_seed42,external,1,42,218,neuraltextures_faces_c23/306_278,ffpp_test:24,1,neuraltextures,resize075_then_h264_crf30,1.14227294921875,0.7580967107606292
tall_local_seed42,external,1,42,219,neuraltextures_faces_c23/278_306,ffpp_test:24,1,neuraltextures,resize075_then_h264_crf30,2.2361068725585938,0.9034453866931857
tall_local_seed42,external,1,42,220,original_faces_c23/865,ffpp_test:61,0,real,resize075_then_h264_crf30,-2.43035888671875,0.08088678208802916
tall_local_seed42,external,1,42,221,original_faces_c23/739,ffpp_test:61,0,real,resize075_then_h264_crf30,-3.224365234375,0.038259041304877395
tall_local_seed42,external,1,42,222,deepfakes_faces_c23/865_739,ffpp_test:61,1,deepfakes,resize075_then_h264_crf30,2.98876953125,0.9520641852778324
tall_local_seed42,external,1,42,223,deepfakes_faces_c23/739_865,ffpp_test:61,1,deepfakes,resize075_then_h264_crf30,2.849365234375,0.9452858616657243
tall_local_seed42,external,1,42,224,face2face_faces_c23/865_739,ffpp_test:61,1,face2face,resize075_then_h264_crf30,-0.122314453125,0.4694594532104503
tall_local_seed42,external,1,42,225,face2face_faces_c23/739_865,ffpp_test:61,1,face2face,resize075_then_h264_crf30,2.15673828125,0.8962967671082384
tall_local_seed42,external,1,42,226,faceswap_faces_c23/865_739,ffpp_test:61,1,faceswap,resize075_then_h264_crf30,2.987548828125,0.9520084441092475
tall_local_seed42,external,1,42,227,faceswap_faces_c23/739_865,ffpp_test:61,1,faceswap,resize075_then_h264_crf30,2.771484375,0.9411153004600163
tall_local_seed42,external,1,42,228,neuraltextures_faces_c23/865_739,ffpp_test:61,1,neuraltextures,resize075_then_h264_crf30,-0.960693359375,0.27673939425582944
tall_local_seed42,external,1,42,229,neuraltextures_faces_c23/739_865,ffpp_test:61,1,neuraltextures,resize075_then_h264_crf30,-1.23651123046875,0.2250438403267359
tall_local_seed42,external,1,42,230,original_faces_c23/995,ffpp_test:21,0,real,resize075_then_h264_crf30,-3.609619140625,0.02634908873939748
tall_local_seed42,external,1,42,231,original_faces_c23/233,ffpp_test:21,0,real,resize075_then_h264_crf30,-3.066162109375,0.0445248153860352
tall_local_seed42,external,1,42,232,deepfakes_faces_c23/995_233,ffpp_test:21,1,deepfakes,resize075_then_h264_crf30,2.378875732421875,0.9152022238267971
tall_local_seed42,external,1,42,233,deepfakes_faces_c23/233_995,ffpp_test:21,1,deepfakes,resize075_then_h264_crf30,0.2952880859375,0.5732902482095061
tall_local_seed42,external,1,42,234,face2face_faces_c23/995_233,ffpp_test:21,1,face2face,resize075_then_h264_crf30,0.9061279296875,0.7122071643647109
tall_local_seed42,external,1,42,235,face2face_faces_c23/233_995,ffpp_test:21,1,face2face,resize075_then_h264_crf30,-1.49853515625,0.18264410169719764
tall_local_seed42,external,1,42,236,faceswap_faces_c23/995_233,ffpp_test:21,1,faceswap,resize075_then_h264_crf30,1.9418563842773438,0.8745559450501378
tall_local_seed42,external,1,42,237,faceswap_faces_c23/233_995,ffpp_test:21,1,faceswap,resize075_then_h264_crf30,0.0579833984375,0.5144917896305108
tall_local_seed42,external,1,42,238,neuraltextures_faces_c23/995_233,ffpp_test:21,1,neuraltextures,resize075_then_h264_crf30,-2.359619140625,0.08630422273648537
tall_local_seed42,external,1,42,239,neuraltextures_faces_c23/233_995,ffpp_test:21,1,neuraltextures,resize075_then_h264_crf30,-3.069091796875,0.044400345758146394
tall_local_seed42,external,1,42,240,original_faces_c23/755,ffpp_test:62,0,real,resize075_then_h264_crf30,-2.548828125,0.07250525242471809
tall_local_seed42,external,1,42,241,original_faces_c23/759,ffpp_test:62,0,real,resize075_then_h264_crf30,-0.850830078125,0.2992587586908812
tall_local_seed42,external,1,42,242,deepfakes_faces_c23/755_759,ffpp_test:62,1,deepfakes,resize075_then_h264_crf30,3.18701171875,0.9603425690241489
tall_local_seed42,external,1,42,243,deepfakes_faces_c23/759_755,ffpp_test:62,1,deepfakes,resize075_then_h264_crf30,3.190185546875,0.9604632669301267
tall_local_seed42,external,1,42,244,face2face_faces_c23/755_759,ffpp_test:62,1,face2face,resize075_then_h264_crf30,-0.931396484375,0.2826414840076815
tall_local_seed42,external,1,42,245,face2face_faces_c23/759_755,ffpp_test:62,1,face2face,resize075_then_h264_crf30,1.01873779296875,0.7347266639300258
tall_local_seed42,external,1,42,246,faceswap_faces_c23/755_759,ffpp_test:62,1,faceswap,resize075_then_h264_crf30,-1.6939697265625,0.15525449555361895
tall_local_seed42,external,1,42,247,faceswap_faces_c23/759_755,ffpp_test:62,1,faceswap,resize075_then_h264_crf30,1.38275146484375,0.7994325340474892
tall_local_seed42,external,1,42,248,neuraltextures_faces_c23/755_759,ffpp_test:62,1,neuraltextures,resize075_then_h264_crf30,0.3782958984375,0.5934620286984333
tall_local_seed42,external,1,42,249,neuraltextures_faces_c23/759_755,ffpp_test:62,1,neuraltextures,resize075_then_h264_crf30,2.385986328125,0.9157524299223474
tall_local_seed42,external,1,42,250,original_faces_c23/467,ffpp_test:43,0,real,resize075_then_h264_crf30,-4.001708984375,0.017956049525274992
tall_local_seed42,external,1,42,251,original_faces_c23/462,ffpp_test:43,0,real,resize075_then_h264_crf30,-2.625244140625,0.06753131577678331
tall_local_seed42,external,1,42,252,deepfakes_faces_c23/467_462,ffpp_test:43,1,deepfakes,resize075_then_h264_crf30,-0.609893798828125,0.35208342422300504
tall_local_seed42,external,1,42,253,deepfakes_faces_c23/462_467,ffpp_test:43,1,deepfakes,resize075_then_h264_crf30,3.151123046875,0.9589529501752666
tall_local_seed42,external,1,42,254,face2face_faces_c23/467_462,ffpp_test:43,1,face2face,resize075_then_h264_crf30,1.47052001953125,0.8131364135714492
tall_local_seed42,external,1,42,255,face2face_faces_c23/462_467,ffpp_test:43,1,face2face,resize075_then_h264_crf30,-1.2355804443359375,0.22520621014297307
tall_local_seed42,external,1,42,256,faceswap_faces_c23/467_462,ffpp_test:43,1,faceswap,resize075_then_h264_crf30,0.806396484375,0.6913410858441009
tall_local_seed42,external,1,42,257,faceswap_faces_c23/462_467,ffpp_test:43,1,faceswap,resize075_then_h264_crf30,2.989501953125,0.9520976004618228
tall_local_seed42,external,1,42,258,neuraltextures_faces_c23/467_462,ffpp_test:43,1,neuraltextures,resize075_then_h264_crf30,3.380126953125,0.9670776474349729
tall_local_seed42,external,1,42,259,neuraltextures_faces_c23/462_467,ffpp_test:43,1,neuraltextures,resize075_then_h264_crf30,-3.354736328125,0.033740408953553624
tall_local_seed42,external,1,42,260,original_faces_c23/314,ffpp_test:27,0,real,resize075_then_h264_crf30,1.05010986328125,0.7407959953896082
tall_local_seed42,external,1,42,261,original_faces_c23/347,ffpp_test:27,0,real,resize075_then_h264_crf30,-2.067718505859375,0.1122742311045034
tall_local_seed42,external,1,42,262,deepfakes_faces_c23/314_347,ffpp_test:27,1,deepfakes,resize075_then_h264_crf30,3.289794921875,0.9640770524271532
tall_local_seed42,external,1,42,263,deepfakes_faces_c23/347_314,ffpp_test:27,1,deepfakes,resize075_then_h264_crf30,3.020263671875,0.9534812219921057
tall_local_seed42,external,1,42,264,face2face_faces_c23/314_347,ffpp_test:27,1,face2face,resize075_then_h264_crf30,3.408935546875,0.9679826291323596
tall_local_seed42,external,1,42,265,face2face_faces_c23/347_314,ffpp_test:27,1,face2face,resize075_then_h264_crf30,2.99273681640625,0.9522449197497921
tall_local_seed42,external,1,42,266,faceswap_faces_c23/314_347,ffpp_test:27,1,faceswap,resize075_then_h264_crf30,-0.2735595703125,0.43203343528388377
tall_local_seed42,external,1,42,267,faceswap_faces_c23/347_314,ffpp_test:27,1,faceswap,resize075_then_h264_crf30,2.9560546875,0.9505488709881147
tall_local_seed42,external,1,42,268,neuraltextures_faces_c23/314_347,ffpp_test:27,1,neuraltextures,resize075_then_h264_crf30,2.38653564453125,0.9157947999599848
tall_local_seed42,external,1,42,269,neuraltextures_faces_c23/347_314,ffpp_test:27,1,neuraltextures,resize075_then_h264_crf30,-2.7065887451171875,0.06258568695849795
tall_local_seed42,external,1,42,270,original_faces_c23/741,ffpp_test:60,0,real,resize075_then_h264_crf30,0.275543212890625,0.5684532462405104
tall_local_seed42,external,1,42,271,original_faces_c23/731,ffpp_test:60,0,real,resize075_then_h264_crf30,-3.042724609375,0.04553261417986842
tall_local_seed42,external,1,42,272,deepfakes_faces_c23/741_731,ffpp_test:60,1,deepfakes,resize075_then_h264_crf30,-1.8624267578125,0.13442044424260374
tall_local_seed42,external,1,42,273,deepfakes_faces_c23/731_741,ffpp_test:60,1,deepfakes,resize075_then_h264_crf30,2.24951171875,0.9046084086413091
tall_local_seed42,external,1,42,274,face2face_faces_c23/741_731,ffpp_test:60,1,face2face,resize075_then_h264_crf30,2.5706787109375,0.9289505048751346
tall_local_seed42,external,1,42,275,face2face_faces_c23/731_741,ffpp_test:60,1,face2face,resize075_then_h264_crf30,-1.5631561279296875,0.17319422958201036
tall_local_seed42,external,1,42,276,faceswap_faces_c23/741_731,ffpp_test:60,1,faceswap,resize075_then_h264_crf30,-2.58502197265625,0.07010862373561784
tall_local_seed42,external,1,42,277,faceswap_faces_c23/731_741,ffpp_test:60,1,faceswap,resize075_then_h264_crf30,2.05767822265625,0.8867211642760668
tall_local_seed42,external,1,42,278,neuraltextures_faces_c23/741_731,ffpp_test:60,1,neuraltextures,resize075_then_h264_crf30,0.282379150390625,0.5701294075850912
tall_local_seed42,external,1,42,279,neuraltextures_faces_c23/731_741,ffpp_test:60,1,neuraltextures,resize075_then_h264_crf30,-0.30059814453125,0.42541126830101045
tall_local_seed42,external,1,42,280,original_faces_c23/970,ffpp_test:69,0,real,resize075_then_h264_crf30,-3.069091796875,0.044400345758146394
tall_local_seed42,external,1,42,281,original_faces_c23/973,ffpp_test:69,0,real,resize075_then_h264_crf30,-2.36572265625,0.08582413880706131
tall_local_seed42,external,1,42,282,deepfakes_faces_c23/970_973,ffpp_test:69,1,deepfakes,resize075_then_h264_crf30,1.1419677734375,0.7580407413599977
tall_local_seed42,external,1,42,283,deepfakes_faces_c23/973_970,ffpp_test:69,1,deepfakes,resize075_then_h264_crf30,3.198974609375,0.9607956717010734
tall_local_seed42,external,1,42,284,face2face_faces_c23/970_973,ffpp_test:69,1,face2face,resize075_then_h264_crf30,0.447967529296875,0.6101558873045426
tall_local_seed42,external,1,42,285,face2face_faces_c23/973_970,ffpp_test:69,1,face2face,resize075_then_h264_crf30,-1.20526123046875,0.2305405954108905
tall_local_seed42,external,1,42,286,faceswap_faces_c23/970_973,ffpp_test:69,1,faceswap,resize075_then_h264_crf30,2.669189453125,0.9351839174554292
tall_local_seed42,external,1,42,287,faceswap_faces_c23/973_970,ffpp_test:69,1,faceswap,resize075_then_h264_crf30,2.2746658325195312,0.9067570273252841
tall_local_seed42,external,1,42,288,neuraltextures_faces_c23/970_973,ffpp_test:69,1,neuraltextures,resize075_then_h264_crf30,-1.2061767578125,0.23037822859055587
tall_local_seed42,external,1,42,289,neuraltextures_faces_c23/973_970,ffpp_test:69,1,neuraltextures,resize075_then_h264_crf30,0.750732421875,0.6793382692870561
tall_local_seed42,external,1,42,290,original_faces_c23/634,ffpp_test:53,0,real,resize075_then_h264_crf30,-3.312744140625,0.03513656860830563
tall_local_seed42,external,1,42,291,original_faces_c23/660,ffpp_test:53,0,real,resize075_then_h264_crf30,-3.183349609375,0.039797136746197705
tall_local_seed42,external,1,42,292,deepfakes_faces_c23/634_660,ffpp_test:53,1,deepfakes,resize075_then_h264_crf30,-3.02685546875,0.0462272727385658
tall_local_seed42,external,1,42,293,deepfakes_faces_c23/660_634,ffpp_test:53,1,deepfakes,resize075_then_h264_crf30,0.5027542114257812,0.6231063624720988
tall_local_seed42,external,1,42,294,face2face_faces_c23/634_660,ffpp_test:53,1,face2face,resize075_then_h264_crf30,0.74908447265625,0.6789791776343623
tall_local_seed42,external,1,42,295,face2face_faces_c23/660_634,ffpp_test:53,1,face2face,resize075_then_h264_crf30,2.927734375,0.9492005402963102
tall_local_seed42,external,1,42,296,faceswap_faces_c23/634_660,ffpp_test:53,1,faceswap,resize075_then_h264_crf30,2.60797119140625,0.9313728333801329
tall_local_seed42,external,1,42,297,faceswap_faces_c23/660_634,ffpp_test:53,1,faceswap,resize075_then_h264_crf30,2.870361328125,0.94636169241478
tall_local_seed42,external,1,42,298,neuraltextures_faces_c23/634_660,ffpp_test:53,1,neuraltextures,resize075_then_h264_crf30,-1.606353759765625,0.16709546168716577
tall_local_seed42,external,1,42,299,neuraltextures_faces_c23/660_634,ffpp_test:53,1,neuraltextures,resize075_then_h264_crf30,-2.088623046875,0.11020752844987183
tall_local_seed42,external,1,42,300,original_faces_c23/494,ffpp_test:40,0,real,resize075_then_h264_crf30,-1.755859375,0.14730968263445487
tall_local_seed42,external,1,42,301,original_faces_c23/445,ffpp_test:40,0,real,resize075_then_h264_crf30,-2.421875,0.08151975597471893
tall_local_seed42,external,1,42,302,deepfakes_faces_c23/494_445,ffpp_test:40,1,deepfakes,resize075_then_h264_crf30,2.448577880859375,0.9204573917745443
tall_local_seed42,external,1,42,303,deepfakes_faces_c23/445_494,ffpp_test:40,1,deepfakes,resize075_then_h264_crf30,3.245849609375,0.9625236874946087
tall_local_seed42,external,1,42,304,face2face_faces_c23/494_445,ffpp_test:40,1,face2face,resize075_then_h264_crf30,0.5677871704101562,0.638252419645458
tall_local_seed42,external,1,42,305,face2face_faces_c23/445_494,ffpp_test:40,1,face2face,resize075_then_h264_crf30,2.310546875,0.909746767946179
tall_local_seed42,external,1,42,306,faceswap_faces_c23/494_445,ffpp_test:40,1,faceswap,resize075_then_h264_crf30,1.116668701171875,0.7533702720208741
tall_local_seed42,external,1,42,307,faceswap_faces_c23/445_494,ffpp_test:40,1,faceswap,resize075_then_h264_crf30,3.01416015625,0.9532097513496363
tall_local_seed42,external,1,42,308,neuraltextures_faces_c23/494_445,ffpp_test:40,1,neuraltextures,resize075_then_h264_crf30,0.6459808349609375,0.6561041823281979
tall_local_seed42,external,1,42,309,neuraltextures_faces_c23/445_494,ffpp_test:40,1,neuraltextures,resize075_then_h264_crf30,1.02081298828125,0.7351309294737587
tall_local_seed42,external,1,42,310,original_faces_c23/706,ffpp_test:44,0,real,resize075_then_h264_crf30,-2.12249755859375,0.10692933075650565
tall_local_seed42,external,1,42,311,original_faces_c23/479,ffpp_test:44,0,real,resize075_then_h264_crf30,-3.00537109375,0.047183814086374475
tall_local_seed42,external,1,42,312,deepfakes_faces_c23/706_479,ffpp_test:44,1,deepfakes,resize075_then_h264_crf30,2.2993316650390625,0.9088216726453515
tall_local_seed42,external,1,42,313,deepfakes_faces_c23/479_706,ffpp_test:44,1,deepfakes,resize075_then_h264_crf30,3.13330078125,0.9582456601632088
tall_local_seed42,external,1,42,314,face2face_faces_c23/706_479,ffpp_test:44,1,face2face,resize075_then_h264_crf30,-1.12445068359375,0.24518666097828165
tall_local_seed42,external,1,42,315,face2face_faces_c23/479_706,ffpp_test:44,1,face2face,resize075_then_h264_crf30,2.3326416015625,0.9115445635942667
tall_local_seed42,external,1,42,316,faceswap_faces_c23/706_479,ffpp_test:44,1,faceswap,resize075_then_h264_crf30,3.101806640625,0.9569672057301631
tall_local_seed42,external,1,42,317,faceswap_faces_c23/479_706,ffpp_test:44,1,faceswap,resize075_then_h264_crf30,1.3922195434570312,0.8009463442266443
tall_local_seed42,external,1,42,318,neuraltextures_faces_c23/706_479,ffpp_test:44,1,neuraltextures,resize075_then_h264_crf30,-1.6260986328125,0.16436551059376778
tall_local_seed42,external,1,42,319,neuraltextures_faces_c23/479_706,ffpp_test:44,1,neuraltextures,resize075_then_h264_crf30,-1.49932861328125,0.18252568010451656
tall_local_seed42,external,1,42,320,original_faces_c23/186,ffpp_test:17,0,real,resize075_then_h264_crf30,3.354248046875,0.9662436684794742
tall_local_seed42,external,1,42,321,original_faces_c23/170,ffpp_test:17,0,real,resize075_then_h264_crf30,-3.1416015625,0.041423478413707644
tall_local_seed42,external,1,42,322,deepfakes_faces_c23/186_170,ffpp_test:17,1,deepfakes,resize075_then_h264_crf30,-2.2406005859375,0.09616332855556715
tall_local_seed42,external,1,42,323,deepfakes_faces_c23/170_186,ffpp_test:17,1,deepfakes,resize075_then_h264_crf30,2.8004150390625,0.9426982479094211
tall_local_seed42,external,1,42,324,face2face_faces_c23/186_170,ffpp_test:17,1,face2face,resize075_then_h264_crf30,1.2650146484375,0.7798881436002991
tall_local_seed42,external,1,42,325,face2face_faces_c23/170_186,ffpp_test:17,1,face2face,resize075_then_h264_crf30,2.535400390625,0.9265865564296877
tall_local_seed42,external,1,42,326,faceswap_faces_c23/186_170,ffpp_test:17,1,faceswap,resize075_then_h264_crf30,2.952392578125,0.9503764466185957
tall_local_seed42,external,1,42,327,faceswap_faces_c23/170_186,ffpp_test:17,1,faceswap,resize075_then_h264_crf30,2.821533203125,0.9438284065877838
tall_local_seed42,external,1,42,328,neuraltextures_faces_c23/186_170,ffpp_test:17,1,neuraltextures,resize075_then_h264_crf30,3.15478515625,0.9590968567887083
tall_local_seed42,external,1,42,329,neuraltextures_faces_c23/170_186,ffpp_test:17,1,neuraltextures,resize075_then_h264_crf30,-2.456512451171875,0.07896360871065929
tall_local_seed42,external,1,42,330,original_faces_c23/176,ffpp_test:18,0,real,resize075_then_h264_crf30,-2.729248046875,0.06126939748323698
tall_local_seed42,external,1,42,331,original_faces_c23/190,ffpp_test:18,0,real,resize075_then_h264_crf30,-0.4007568359375,0.401130515510009
tall_local_seed42,external,1,42,332,deepfakes_faces_c23/176_190,ffpp_test:18,1,deepfakes,resize075_then_h264_crf30,3.13671875,0.9583822022255619
tall_local_seed42,external,1,42,333,deepfakes_faces_c23/190_176,ffpp_test:18,1,deepfakes,resize075_then_h264_crf30,1.619537353515625,0.8347313153219597
tall_local_seed42,external,1,42,334,face2face_faces_c23/176_190,ffpp_test:18,1,face2face,resize075_then_h264_crf30,0.8734130859375,0.7054553935519955
tall_local_seed42,external,1,42,335,face2face_faces_c23/190_176,ffpp_test:18,1,face2face,resize075_then_h264_crf30,2.968017578125,0.9511081739748224
tall_local_seed42,external,1,42,336,faceswap_faces_c23/176_190,ffpp_test:18,1,faceswap,resize075_then_h264_crf30,3.39404296875,0.9675178437802022
tall_local_seed42,external,1,42,337,faceswap_faces_c23/190_176,ffpp_test:18,1,faceswap,resize075_then_h264_crf30,1.61871337890625,0.8346176125948426
tall_local_seed42,external,1,42,338,neuraltextures_faces_c23/176_190,ffpp_test:18,1,neuraltextures,resize075_then_h264_crf30,-2.859130859375,0.054211246133498356
tall_local_seed42,external,1,42,339,neuraltextures_faces_c23/190_176,ffpp_test:18,1,neuraltextures,resize075_then_h264_crf30,1.593994140625,0.8311773088289897
tall_local_seed42,external,1,42,340,original_faces_c23/380,ffpp_test:29,0,real,resize075_then_h264_crf30,-3.078369140625,0.04400837732289962
tall_local_seed42,external,1,42,341,original_faces_c23/358,ffpp_test:29,0,real,resize075_then_h264_crf30,-3.717041015625,0.023729029359860685
tall_local_seed42,external,1,42,342,deepfakes_faces_c23/380_358,ffpp_test:29,1,deepfakes,resize075_then_h264_crf30,1.99298095703125,0.8800581514985721
tall_local_seed42,external,1,42,343,deepfakes_faces_c23/358_380,ffpp_test:29,1,deepfakes,resize075_then_h264_crf30,-2.6221923828125,0.06772374133298753
tall_local_seed42,external,1,42,344,face2face_faces_c23/380_358,ffpp_test:29,1,face2face,resize075_then_h264_crf30,-1.738861083984375,0.14945765581478196
tall_local_seed42,external,1,42,345,face2face_faces_c23/358_380,ffpp_test:29,1,face2face,resize075_then_h264_crf30,0.6209716796875,0.6504395096787385
tall_local_seed42,external,1,42,346,faceswap_faces_c23/380_358,ffpp_test:29,1,faceswap,resize075_then_h264_crf30,1.61297607421875,0.8338241652993007
tall_local_seed42,external,1,42,347,faceswap_faces_c23/358_380,ffpp_test:29,1,faceswap,resize075_then_h264_crf30,-1.10723876953125,0.2483860255768341
tall_local_seed42,external,1,42,348,neuraltextures_faces_c23/380_358,ffpp_test:29,1,neuraltextures,resize075_then_h264_crf30,1.1006011962890625,0.7503727347223256
tall_local_seed42,external,1,42,349,neuraltextures_faces_c23/358_380,ffpp_test:29,1,neuraltextures,resize075_then_h264_crf30,-1.227508544921875,0.22661778610256825
tall_local_seed42,external,1,42,350,original_faces_c23/214,ffpp_test:19,0,real,resize075_then_h264_crf30,-3.338134765625,0.03428586262205639
tall_local_seed42,external,1,42,351,original_faces_c23/255,ffpp_test:19,0,real,resize075_then_h264_crf30,-2.423828125,0.08137363661239141
tall_local_seed42,external,1,42,352,deepfakes_faces_c23/214_255,ffpp_test:19,1,deepfakes,resize075_then_h264_crf30,3.039794921875,0.9543398937153366
tall_local_seed42,external,1,42,353,deepfakes_faces_c23/255_214,ffpp_test:19,1,deepfakes,resize075_then_h264_crf30,-0.99163818359375,0.2705886271772921
tall_local_seed42,external,1,42,354,face2face_faces_c23/214_255,ffpp_test:19,1,face2face,resize075_then_h264_crf30,2.820068359375,0.9437506954162334
tall_local_seed42,external,1,42,355,face2face_faces_c23/255_214,ffpp_test:19,1,face2face,resize075_then_h264_crf30,3.318115234375,0.9650450682071079
tall_local_seed42,external,1,42,356,faceswap_faces_c23/214_255,ffpp_test:19,1,faceswap,resize075_then_h264_crf30,2.3846893310546875,0.9156523127338808
tall_local_seed42,external,1,42,357,faceswap_faces_c23/255_214,ffpp_test:19,1,faceswap,resize075_then_h264_crf30,3.01092529296875,0.9530652617609913
tall_local_seed42,external,1,42,358,neuraltextures_faces_c23/214_255,ffpp_test:19,1,neuraltextures,resize075_then_h264_crf30,-3.2041015625,0.039011665150994655
tall_local_seed42,external,1,42,359,neuraltextures_faces_c23/255_214,ffpp_test:19,1,neuraltextures,resize075_then_h264_crf30,-1.764404296875,0.14623959038820264
tall_local_seed42,external,1,42,360,original_faces_c23/454,ffpp_test:42,0,real,resize075_then_h264_crf30,0.640380859375,0.6548395493134065
tall_local_seed42,external,1,42,361,original_faces_c23/527,ffpp_test:42,0,real,resize075_then_h264_crf30,-0.67962646484375,0.3363446768706955
tall_local_seed42,external,1,42,362,deepfakes_faces_c23/454_527,ffpp_test:42,1,deepfakes,resize075_then_h264_crf30,2.93310546875,0.9494589044165201
tall_local_seed42,external,1,42,363,deepfakes_faces_c23/527_454,ffpp_test:42,1,deepfakes,resize075_then_h264_crf30,2.968505859375,0.9511308747433512
tall_local_seed42,external,1,42,364,face2face_faces_c23/454_527,ffpp_test:42,1,face2face,resize075_then_h264_crf30,2.9775390625,0.95154903952973
tall_local_seed42,external,1,42,365,face2face_faces_c23/527_454,ffpp_test:42,1,face2face,resize075_then_h264_crf30,0.78594970703125,0.6869609932037776
tall_local_seed42,external,1,42,366,faceswap_faces_c23/454_527,ffpp_test:42,1,faceswap,resize075_then_h264_crf30,3.077392578125,0.9559505187906442
tall_local_seed42,external,1,42,367,faceswap_faces_c23/527_454,ffpp_test:42,1,faceswap,resize075_then_h264_crf30,2.832763671875,0.9444208458178122
tall_local_seed42,external,1,42,368,neuraltextures_faces_c23/454_527,ffpp_test:42,1,neuraltextures,resize075_then_h264_crf30,0.917236328125,0.7144786540030965
tall_local_seed42,external,1,42,369,neuraltextures_faces_c23/527_454,ffpp_test:42,1,neuraltextures,resize075_then_h264_crf30,1.8922119140625,0.8690075259401694
tall_local_seed42,external,1,42,370,original_faces_c23/425,ffpp_test:39,0,real,resize075_then_h264_crf30,-3.44287109375,0.030982171220650466
tall_local_seed42,external,1,42,371,original_faces_c23/485,ffpp_test:39,0,real,resize075_then_h264_crf30,-2.86572265625,0.05387426044273889
tall_local_seed42,external,1,42,372,deepfakes_faces_c23/425_485,ffpp_test:39,1,deepfakes,resize075_then_h264_crf30,2.0560226440429688,0.8865547602980391
tall_local_seed42,external,1,42,373,deepfakes_faces_c23/485_425,ffpp_test:39,1,deepfakes,resize075_then_h264_crf30,3.02099609375,0.9535136976162994
tall_local_seed42,external,1,42,374,face2face_faces_c23/425_485,ffpp_test:39,1,face2face,resize075_then_h264_crf30,0.451904296875,0.6110919020841642
tall_local_seed42,external,1,42,375,face2face_faces_c23/485_425,ffpp_test:39,1,face2face,resize075_then_h264_crf30,-1.84027099609375,0.1370192454978213
tall_local_seed42,external,1,42,376,faceswap_faces_c23/425_485,ffpp_test:39,1,faceswap,resize075_then_h264_crf30,2.717254638671875,0.9380371556272062
tall_local_seed42,external,1,42,377,faceswap_faces_c23/485_425,ffpp_test:39,1,faceswap,resize075_then_h264_crf30,2.97998046875,0.9516614728131383
tall_local_seed42,external,1,42,378,neuraltextures_faces_c23/425_485,ffpp_test:39,1,neuraltextures,resize075_then_h264_crf30,-0.26904296875,0.4331420598803284
tall_local_seed42,external,1,42,379,neuraltextures_faces_c23/485_425,ffpp_test:39,1,neuraltextures,resize075_then_h264_crf30,-3.165771484375,0.040474315950388744
tall_local_seed42,external,1,42,380,original_faces_c23/388,ffpp_test:26,0,real,resize075_then_h264_crf30,-1.54443359375,0.1758916847556041
tall_local_seed42,external,1,42,381,original_faces_c23/308,ffpp_test:26,0,real,resize075_then_h264_crf30,-3.143798828125,0.0413363181856059
tall_local_seed42,external,1,42,382,deepfakes_faces_c23/388_308,ffpp_test:26,1,deepfakes,resize075_then_h264_crf30,0.2196044921875,0.554681542864643
tall_local_seed42,external,1,42,383,deepfakes_faces_c23/308_388,ffpp_test:26,1,deepfakes,resize075_then_h264_crf30,1.49530029296875,0.8168724851296737
tall_local_seed42,external,1,42,384,face2face_faces_c23/388_308,ffpp_test:26,1,face2face,resize075_then_h264_crf30,0.4014129638671875,0.5990270924772552
tall_local_seed42,external,1,42,385,face2face_faces_c23/308_388,ffpp_test:26,1,face2face,resize075_then_h264_crf30,-0.986328125,0.27163795149137593
tall_local_seed42,external,1,42,386,faceswap_faces_c23/388_308,ffpp_test:26,1,faceswap,resize075_then_h264_crf30,1.767578125,0.854156228644121
tall_local_seed42,external,1,42,387,faceswap_faces_c23/308_388,ffpp_test:26,1,faceswap,resize075_then_h264_crf30,1.108642578125,0.7518759594413
tall_local_seed42,external,1,42,388,neuraltextures_faces_c23/388_308,ffpp_test:26,1,neuraltextures,resize075_then_h264_crf30,2.455078125,0.9209320120860839
tall_local_seed42,external,1,42,389,neuraltextures_faces_c23/308_388,ffpp_test:26,1,neuraltextures,resize075_then_h264_crf30,-3.0968017578125,0.04323937223975308
tall_local_seed42,external,1,42,390,original_faces_c23/384,ffpp_test:32,0,real,resize075_then_h264_crf30,0.3020477294921875,0.5749430248347138
tall_local_seed42,external,1,42,391,original_faces_c23/932,ffpp_test:32,0,real,resize075_then_h264_crf30,0.6589202880859375,0.6590178044568848
tall_local_seed42,external,1,42,392,deepfakes_faces_c23/384_932,ffpp_test:32,1,deepfakes,resize075_then_h264_crf30,2.998046875,0.9524858131235034
tall_local_seed42,external,1,42,393,deepfakes_faces_c23/932_384,ffpp_test:32,1,deepfakes,resize075_then_h264_crf30,1.5614013671875,0.8265543480919224
tall_local_seed42,external,1,42,394,face2face_faces_c23/384_932,ffpp_test:32,1,face2face,resize075_then_h264_crf30,2.1162109375,0.8924688403505101
tall_local_seed42,external,1,42,395,face2face_faces_c23/932_384,ffpp_test:32,1,face2face,resize075_then_h264_crf30,0.249908447265625,0.562153966509241
tall_local_seed42,external,1,42,396,faceswap_faces_c23/384_932,ffpp_test:32,1,faceswap,resize075_then_h264_crf30,2.97998046875,0.9516614728131383
tall_local_seed42,external,1,42,397,faceswap_faces_c23/932_384,ffpp_test:32,1,faceswap,resize075_then_h264_crf30,0.58935546875,0.6432172466355996
tall_local_seed42,external,1,42,398,neuraltextures_faces_c23/384_932,ffpp_test:32,1,neuraltextures,resize075_then_h264_crf30,2.4833984375,0.9229697627225246
tall_local_seed42,external,1,42,399,neuraltextures_faces_c23/932_384,ffpp_test:32,1,neuraltextures,resize075_then_h264_crf30,0.393310546875,0.5970793913882744
tall_local_seed42,external,1,42,400,original_faces_c23/035,ffpp_test:5,0,real,resize075_then_h264_crf30,-0.530517578125,0.3703961792444777
tall_local_seed42,external,1,42,401,original_faces_c23/036,ffpp_test:5,0,real,resize075_then_h264_crf30,-3.4439544677734375,0.030949662388020528
tall_local_seed42,external,1,42,402,deepfakes_faces_c23/035_036,ffpp_test:5,1,deepfakes,resize075_then_h264_crf30,2.98486328125,0.9518855968102349
tall_local_seed42,external,1,42,403,deepfakes_faces_c23/036_035,ffpp_test:5,1,deepfakes,resize075_then_h264_crf30,2.4921875,0.923592316649553
tall_local_seed42,external,1,42,404,face2face_faces_c23/035_036,ffpp_test:5,1,face2face,resize075_then_h264_crf30,1.843994140625,0.8634204029606178
tall_local_seed42,external,1,42,405,face2face_faces_c23/036_035,ffpp_test:5,1,face2face,resize075_then_h264_crf30,0.85504150390625,0.7016236424440068
tall_local_seed42,external,1,42,406,faceswap_faces_c23/035_036,ffpp_test:5,1,faceswap,resize075_then_h264_crf30,1.5791015625,0.8290772396824191
tall_local_seed42,external,1,42,407,faceswap_faces_c23/036_035,ffpp_test:5,1,faceswap,resize075_then_h264_crf30,-0.13677978515625,0.4658582661030389
tall_local_seed42,external,1,42,408,neuraltextures_faces_c23/035_036,ffpp_test:5,1,neuraltextures,resize075_then_h264_crf30,0.741943359375,0.6774206691719385
tall_local_seed42,external,1,42,409,neuraltextures_faces_c23/036_035,ffpp_test:5,1,neuraltextures,resize075_then_h264_crf30,-0.01873779296875,0.4953156888140557
tall_local_seed42,external,1,42,410,original_faces_c23/257,ffpp_test:23,0,real,resize075_then_h264_crf30,-0.46917724609375,0.3848109969016964
tall_local_seed42,external,1,42,411,original_faces_c23/420,ffpp_test:23,0,real,resize075_then_h264_crf30,-3.3292236328125,0.03458214088550584
tall_local_seed42,external,1,42,412,deepfakes_faces_c23/257_420,ffpp_test:23,1,deepfakes,resize075_then_h264_crf30,3.208740234375,0.9611618661358554
tall_local_seed42,external,1,42,413,deepfakes_faces_c23/420_257,ffpp_test:23,1,deepfakes,resize075_then_h264_crf30,1.47772216796875,0.81422828108055
tall_local_seed42,external,1,42,414,face2face_faces_c23/257_420,ffpp_test:23,1,face2face,resize075_then_h264_crf30,3.302490234375,0.9645141416759617
tall_local_seed42,external,1,42,415,face2face_faces_c23/420_257,ffpp_test:23,1,face2face,resize075_then_h264_crf30,1.3822021484375,0.7993444420809304
tall_local_seed42,external,1,42,416,faceswap_faces_c23/257_420,ffpp_test:23,1,faceswap,resize075_then_h264_crf30,3.11279296875,0.9574173688875853
tall_local_seed42,external,1,42,417,faceswap_faces_c23/420_257,ffpp_test:23,1,faceswap,resize075_then_h264_crf30,0.1441650390625,0.5359789670929035
tall_local_seed42,external,1,42,418,neuraltextures_faces_c23/257_420,ffpp_test:23,1,neuraltextures,resize075_then_h264_crf30,1.6447372436523438,0.8381785046914434
tall_local_seed42,external,1,42,419,neuraltextures_faces_c23/420_257,ffpp_test:23,1,neuraltextures,resize075_then_h264_crf30,-2.56402587890625,0.07148984680423888
tall_local_seed42,external,1,42,420,original_faces_c23/924,ffpp_test:67,0,real,resize075_then_h264_crf30,-2.593597412109375,0.0695516184591478
tall_local_seed42,external,1,42,421,original_faces_c23/917,ffpp_test:67,0,real,resize075_then_h264_crf30,-2.7474365234375,0.060231589072813854
tall_local_seed42,external,1,42,422,deepfakes_faces_c23/924_917,ffpp_test:67,1,deepfakes,resize075_then_h264_crf30,2.98779296875,0.9520195972647422
tall_local_seed42,external,1,42,423,deepfakes_faces_c23/917_924,ffpp_test:67,1,deepfakes,resize075_then_h264_crf30,0.96429443359375,0.72398079788411
tall_local_seed42,external,1,42,424,face2face_faces_c23/924_917,ffpp_test:67,1,face2face,resize075_then_h264_crf30,2.0550537109375,0.8864572729407858
tall_local_seed42,external,1,42,425,face2face_faces_c23/917_924,ffpp_test:67,1,face2face,resize075_then_h264_crf30,0.4958343505859375,0.6214798899069627
tall_local_seed42,external,1,42,426,faceswap_faces_c23/924_917,ffpp_test:67,1,faceswap,resize075_then_h264_crf30,3.15625,0.9591542840900507
tall_local_seed42,external,1,42,427,faceswap_faces_c23/917_924,ffpp_test:67,1,faceswap,resize075_then_h264_crf30,-0.486663818359375,0.380679801107066
tall_local_seed42,external,1,42,428,neuraltextures_faces_c23/924_917,ffpp_test:67,1,neuraltextures,resize075_then_h264_crf30,3.451416015625,0.969273341207584
tall_local_seed42,external,1,42,429,neuraltextures_faces_c23/917_924,ffpp_test:67,1,neuraltextures,resize075_then_h264_crf30,2.967529296875,0.9510854632035998
tall_local_seed42,external,1,42,430,original_faces_c23/114,ffpp_test:9,0,real,resize075_then_h264_crf30,-1.3260498046875,0.20981352453258345
tall_local_seed42,external,1,42,431,original_faces_c23/102,ffpp_test:9,0,real,resize075_then_h264_crf30,-3.5791015625,0.0271434318643769
tall_local_seed42,external,1,42,432,deepfakes_faces_c23/114_102,ffpp_test:9,1,deepfakes,resize075_then_h264_crf30,-1.275146484375,0.21837753182611896
tall_local_seed42,external,1,42,433,deepfakes_faces_c23/102_114,ffpp_test:9,1,deepfakes,resize075_then_h264_crf30,2.7027587890625,0.9371892376382654
tall_local_seed42,external,1,42,434,face2face_faces_c23/114_102,ffpp_test:9,1,face2face,resize075_then_h264_crf30,2.445556640625,0.9202359087312678
tall_local_seed42,external,1,42,435,face2face_faces_c23/102_114,ffpp_test:9,1,face2face,resize075_then_h264_crf30,-2.0810546875,0.11095188798782848
tall_local_seed42,external,1,42,436,faceswap_faces_c23/114_102,ffpp_test:9,1,faceswap,resize075_then_h264_crf30,3.19189453125,0.9605281121406124
tall_local_seed42,external,1,42,437,faceswap_faces_c23/102_114,ffpp_test:9,1,faceswap,resize075_then_h264_crf30,0.243408203125,0.5605533756399034
tall_local_seed42,external,1,42,438,neuraltextures_faces_c23/114_102,ffpp_test:9,1,neuraltextures,resize075_then_h264_crf30,1.525390625,0.8213309063679683
tall_local_seed42,external,1,42,439,neuraltextures_faces_c23/102_114,ffpp_test:9,1,neuraltextures,resize075_then_h264_crf30,0.556640625,0.6356748899883626
tall_local_seed42,external,1,42,440,original_faces_c23/732,ffpp_test:56,0,real,resize075_then_h264_crf30,-3.035980224609375,0.04582662111000059
tall_local_seed42,external,1,42,441,original_faces_c23/691,ffpp_test:56,0,real,resize075_then_h264_crf30,-2.36962890625,0.08551815628430133
tall_local_seed42,external,1,42,442,deepfakes_faces_c23/732_691,ffpp_test:56,1,deepfakes,resize075_then_h264_crf30,2.71142578125,0.9376974960463698
tall_local_seed42,external,1,42,443,deepfakes_faces_c23/691_732,ffpp_test:56,1,deepfakes,resize075_then_h264_crf30,3.088623046875,0.9564210098839394
tall_local_seed42,external,1,42,444,face2face_faces_c23/732_691,ffpp_test:56,1,face2face,resize075_then_h264_crf30,3.27197265625,0.9634546919913336
tall_local_seed42,external,1,42,445,face2face_faces_c23/691_732,ffpp_test:56,1,face2face,resize075_then_h264_crf30,0.645660400390625,0.6560318785843904
tall_local_seed42,external,1,42,446,faceswap_faces_c23/732_691,ffpp_test:56,1,faceswap,resize075_then_h264_crf30,-0.41162109375,0.39852347705424096
tall_local_seed42,external,1,42,447,faceswap_faces_c23/691_732,ffpp_test:56,1,faceswap,resize075_then_h264_crf30,3.392333984375,0.9674640924827218
tall_local_seed42,external,1,42,448,neuraltextures_faces_c23/732_691,ffpp_test:56,1,neuraltextures,resize075_then_h264_crf30,0.9886322021484375,0.7288176720234871
tall_local_seed42,external,1,42,449,neuraltextures_faces_c23/691_732,ffpp_test:56,1,neuraltextures,resize075_then_h264_crf30,1.991455078125,0.8798969926992823
tall_local_seed42,external,1,42,450,original_faces_c23/550,ffpp_test:41,0,real,resize075_then_h264_crf30,1.0540771484375,0.7415570546854173
tall_local_seed42,external,1,42,451,original_faces_c23/452,ffpp_test:41,0,real,resize075_then_h264_crf30,-2.03826904296875,0.11524310660748308
tall_local_seed42,external,1,42,452,deepfakes_faces_c23/550_452,ffpp_test:41,1,deepfakes,resize075_then_h264_crf30,2.26544189453125,0.9059742237163876
tall_local_seed42,external,1,42,453,deepfakes_faces_c23/452_550,ffpp_test:41,1,deepfakes,resize075_then_h264_crf30,2.38818359375,0.9159217939976128
tall_local_seed42,external,1,42,454,face2face_faces_c23/550_452,ffpp_test:41,1,face2face,resize075_then_h264_crf30,3.197509765625,0.9607404576611435
tall_local_seed42,external,1,42,455,face2face_faces_c23/452_550,ffpp_test:41,1,face2face,resize075_then_h264_crf30,1.0631103515625,0.7432844887085687
tall_local_seed42,external,1,42,456,faceswap_faces_c23/550_452,ffpp_test:41,1,faceswap,resize075_then_h264_crf30,3.161376953125,0.9593546723278548
tall_local_seed42,external,1,42,457,faceswap_faces_c23/452_550,ffpp_test:41,1,faceswap,resize075_then_h264_crf30,1.8441162109375,0.8634347975381669
tall_local_seed42,external,1,42,458,neuraltextures_faces_c23/550_452,ffpp_test:41,1,neuraltextures,resize075_then_h264_crf30,2.927734375,0.9492005402963102
tall_local_seed42,external,1,42,459,neuraltextures_faces_c23/452_550,ffpp_test:41,1,neuraltextures,resize075_then_h264_crf30,2.326171875,0.9110215117615452
tall_local_seed42,external,1,42,460,original_faces_c23/280,ffpp_test:22,0,real,resize075_then_h264_crf30,-2.915069580078125,0.05141362767430775
tall_local_seed42,external,1,42,461,original_faces_c23/249,ffpp_test:22,0,real,resize075_then_h264_crf30,-3.384765625,0.03277498389995642
tall_local_seed42,external,1,42,462,deepfakes_faces_c23/280_249,ffpp_test:22,1,deepfakes,resize075_then_h264_crf30,-0.655181884765625,0.34182276334715567
tall_local_seed42,external,1,42,463,deepfakes_faces_c23/249_280,ffpp_test:22,1,deepfakes,resize075_then_h264_crf30,3.140869140625,0.9585474291205728
tall_local_seed42,external,1,42,464,face2face_faces_c23/280_249,ffpp_test:22,1,face2face,resize075_then_h264_crf30,3.27197265625,0.9634546919913336
tall_local_seed42,external,1,42,465,face2face_faces_c23/249_280,ffpp_test:22,1,face2face,resize075_then_h264_crf30,1.142578125,0.7581526713451106
tall_local_seed42,external,1,42,466,faceswap_faces_c23/280_249,ffpp_test:22,1,faceswap,resize075_then_h264_crf30,3.141845703125,0.958586214732924
tall_local_seed42,external,1,42,467,faceswap_faces_c23/249_280,ffpp_test:22,1,faceswap,resize075_then_h264_crf30,2.8775634765625,0.9467261093076285
tall_local_seed42,external,1,42,468,neuraltextures_faces_c23/280_249,ffpp_test:22,1,neuraltextures,resize075_then_h264_crf30,-2.434814453125,0.0805561549222303
tall_local_seed42,external,1,42,469,neuraltextures_faces_c23/249_280,ffpp_test:22,1,neuraltextures,resize075_then_h264_crf30,1.2044677734375,0.7693186218609847
tall_local_seed42,external,1,42,470,original_faces_c23/842,ffpp_test:58,0,real,resize075_then_h264_crf30,-2.3214111328125,0.08936515615834058
tall_local_seed42,external,1,42,471,original_faces_c23/714,ffpp_test:58,0,real,resize075_then_h264_crf30,-2.80181884765625,0.05722596790071081
tall_local_seed42,external,1,42,472,deepfakes_faces_c23/842_714,ffpp_test:58,1,deepfakes,resize075_then_h264_crf30,3.13134765625,0.9581674438653764
tall_local_seed42,external,1,42,473,deepfakes_faces_c23/714_842,ffpp_test:58,1,deepfakes,resize075_then_h264_crf30,2.64599609375,0.9337637826561503
tall_local_seed42,external,1,42,474,face2face_faces_c23/842_714,ffpp_test:58,1,face2face,resize075_then_h264_crf30,2.92724609375,0.9491769907591497
tall_local_seed42,external,1,42,475,face2face_faces_c23/714_842,ffpp_test:58,1,face2face,resize075_then_h264_crf30,-0.92803955078125,0.2833226163575025
tall_local_seed42,external,1,42,476,faceswap_faces_c23/842_714,ffpp_test:58,1,faceswap,resize075_then_h264_crf30,2.6209716796875,0.9321991461642626
tall_local_seed42,external,1,42,477,faceswap_faces_c23/714_842,ffpp_test:58,1,faceswap,resize075_then_h264_crf30,1.92999267578125,0.8732486091954386
tall_local_seed42,external,1,42,478,neuraltextures_faces_c23/842_714,ffpp_test:58,1,neuraltextures,resize075_then_h264_crf30,-1.4541015625,0.18937113402841965
tall_local_seed42,external,1,42,479,neuraltextures_faces_c23/714_842,ffpp_test:58,1,neuraltextures,resize075_then_h264_crf30,-2.046630859375,0.1143932571151435
tall_local_seed42,external,1,42,480,original_faces_c23/625,ffpp_test:52,0,real,resize075_then_h264_crf30,-3.377685546875,0.033000171908557585
tall_local_seed42,external,1,42,481,original_faces_c23/650,ffpp_test:52,0,real,resize075_then_h264_crf30,-3.37451171875,0.033101602700714564
tall_local_seed42,external,1,42,482,deepfakes_faces_c23/625_650,ffpp_test:52,1,deepfakes,resize075_then_h264_crf30,2.989501953125,0.9520976004618228
tall_local_seed42,external,1,42,483,deepfakes_faces_c23/650_625,ffpp_test:52,1,deepfakes,resize075_then_h264_crf30,3.09130859375,0.9565328060062047
tall_local_seed42,external,1,42,484,face2face_faces_c23/625_650,ffpp_test:52,1,face2face,resize075_then_h264_crf30,1.16015625,0.7613611051229845
tall_local_seed42,external,1,42,485,face2face_faces_c23/650_625,ffpp_test:52,1,face2face,resize075_then_h264_crf30,2.1043701171875,0.8913272060169418
tall_local_seed42,external,1,42,486,faceswap_faces_c23/625_650,ffpp_test:52,1,faceswap,resize075_then_h264_crf30,2.88726806640625,0.9472134513022035
tall_local_seed42,external,1,42,487,faceswap_faces_c23/650_625,ffpp_test:52,1,faceswap,resize075_then_h264_crf30,2.897216796875,0.9477086816422238
tall_local_seed42,external,1,42,488,neuraltextures_faces_c23/625_650,ffpp_test:52,1,neuraltextures,resize075_then_h264_crf30,3.056640625,0.9550683569776217
tall_local_seed42,external,1,42,489,neuraltextures_faces_c23/650_625,ffpp_test:52,1,neuraltextures,resize075_then_h264_crf30,0.85260009765625,0.7011122876979651
tall_local_seed42,external,1,42,490,original_faces_c23/024,ffpp_test:3,0,real,resize075_then_h264_crf30,-0.188995361328125,0.45289130019945506
tall_local_seed42,external,1,42,491,original_faces_c23/073,ffpp_test:3,0,real,resize075_then_h264_crf30,-1.9159088134765625,0.128318481756159
tall_local_seed42,external,1,42,492,deepfakes_faces_c23/024_073,ffpp_test:3,1,deepfakes,resize075_then_h264_crf30,1.66912841796875,0.8414595820470586
tall_local_seed42,external,1,42,493,deepfakes_faces_c23/073_024,ffpp_test:3,1,deepfakes,resize075_then_h264_crf30,2.970703125,0.9512329045230109
tall_local_seed42,external,1,42,494,face2face_faces_c23/024_073,ffpp_test:3,1,face2face,resize075_then_h264_crf30,0.7518310546875,0.6795775458576554
tall_local_seed42,external,1,42,495,face2face_faces_c23/073_024,ffpp_test:3,1,face2face,resize075_then_h264_crf30,0.935302734375,0.7181498558886567
tall_local_seed42,external,1,42,496,faceswap_faces_c23/024_073,ffpp_test:3,1,faceswap,resize075_then_h264_crf30,2.6007080078125,0.9309071319374894
tall_local_seed42,external,1,42,497,faceswap_faces_c23/073_024,ffpp_test:3,1,faceswap,resize075_then_h264_crf30,3.1357421875,0.9583432338506388
tall_local_seed42,external,1,42,498,neuraltextures_faces_c23/024_073,ffpp_test:3,1,neuraltextures,resize075_then_h264_crf30,2.7744140625,0.9412774461450881
tall_local_seed42,external,1,42,499,neuraltextures_faces_c23/073_024,ffpp_test:3,1,neuraltextures,resize075_then_h264_crf30,-1.61236572265625,0.16626042311623707
tall_local_seed42,external,1,42,500,original_faces_c23/044,ffpp_test:6,0,real,resize075_then_h264_crf30,-1.375244140625,0.20177389781732405
tall_local_seed42,external,1,42,501,original_faces_c23/945,ffpp_test:6,0,real,resize075_then_h264_crf30,-0.918121337890625,0.28534083924684933
tall_local_seed42,external,1,42,502,deepfakes_faces_c23/044_945,ffpp_test:6,1,deepfakes,resize075_then_h264_crf30,3.07421875,0.955816678097593
tall_local_seed42,external,1,42,503,deepfakes_faces_c23/945_044,ffpp_test:6,1,deepfakes,resize075_then_h264_crf30,2.873046875,0.9464978508046773
tall_local_seed42,external,1,42,504,face2face_faces_c23/044_945,ffpp_test:6,1,face2face,resize075_then_h264_crf30,0.5555419921875,0.6354204171565119
tall_local_seed42,external,1,42,505,face2face_faces_c23/945_044,ffpp_test:6,1,face2face,resize075_then_h264_crf30,2.930419921875,0.9493298782398548
tall_local_seed42,external,1,42,506,faceswap_faces_c23/044_945,ffpp_test:6,1,faceswap,resize075_then_h264_crf30,2.918212890625,0.9487394564372301
tall_local_seed42,external,1,42,507,faceswap_faces_c23/945_044,ffpp_test:6,1,faceswap,resize075_then_h264_crf30,3.061767578125,0.9552878562452134
tall_local_seed42,external,1,42,508,neuraltextures_faces_c23/044_945,ffpp_test:6,1,neuraltextures,resize075_then_h264_crf30,0.610076904296875,0.6479583447908457
tall_local_seed42,external,1,42,509,neuraltextures_faces_c23/945_044,ffpp_test:6,1,neuraltextures,resize075_then_h264_crf30,-1.2384033203125,0.2247140332192799
tall_local_seed42,external,1,42,510,original_faces_c23/896,ffpp_test:10,0,real,resize075_then_h264_crf30,-3.77294921875,0.022467774537470363
tall_local_seed42,external,1,42,511,original_faces_c23/128,ffpp_test:10,0,real,resize075_then_h264_crf30,-3.27978515625,0.03627122562378288
tall_local_seed42,external,1,42,512,deepfakes_faces_c23/896_128,ffpp_test:10,1,deepfakes,resize075_then_h264_crf30,-0.26446533203125,0.43426634922342383
tall_local_seed42,external,1,42,513,deepfakes_faces_c23/128_896,ffpp_test:10,1,deepfakes,resize075_then_h264_crf30,2.65234375,0.9341552994156889
tall_local_seed42,external,1,42,514,face2face_faces_c23/896_128,ffpp_test:10,1,face2face,resize075_then_h264_crf30,-2.951751708984375,0.04965378617217341
tall_local_seed42,external,1,42,515,face2face_faces_c23/128_896,ffpp_test:10,1,face2face,resize075_then_h264_crf30,0.0081787109375,0.5020446663368531
tall_local_seed42,external,1,42,516,faceswap_faces_c23/896_128,ffpp_test:10,1,faceswap,resize075_then_h264_crf30,0.38287353515625,0.5945659772952047
tall_local_seed42,external,1,42,517,faceswap_faces_c23/128_896,ffpp_test:10,1,faceswap,resize075_then_h264_crf30,2.5345458984375,0.9265284093381956
tall_local_seed42,external,1,42,518,neuraltextures_faces_c23/896_128,ffpp_test:10,1,neuraltextures,resize075_then_h264_crf30,-2.1578369140625,0.1036011606616276
tall_local_seed42,external,1,42,519,neuraltextures_faces_c23/128_896,ffpp_test:10,1,neuraltextures,resize075_then_h264_crf30,-0.217010498046875,0.4459592899822244
tall_local_seed42,external,1,42,520,original_faces_c23/862,ffpp_test:7,0,real,resize075_then_h264_crf30,-3.074462890625,0.044173012708887426
tall_local_seed42,external,1,42,521,original_faces_c23/047,ffpp_test:7,0,real,resize075_then_h264_crf30,0.8319091796875,0.6967584644310469
tall_local_seed42,external,1,42,522,deepfakes_faces_c23/862_047,ffpp_test:7,1,deepfakes,resize075_then_h264_crf30,2.94482421875,0.9500182957082889
tall_local_seed42,external,1,42,523,deepfakes_faces_c23/047_862,ffpp_test:7,1,deepfakes,resize075_then_h264_crf30,2.8310546875,0.9443310728754559
tall_local_seed42,external,1,42,524,face2face_faces_c23/862_047,ffpp_test:7,1,face2face,resize075_then_h264_crf30,0.705047607421875,0.6693059400748373
tall_local_seed42,external,1,42,525,face2face_faces_c23/047_862,ffpp_test:7,1,face2face,resize075_then_h264_crf30,0.8271484375,0.6957516445463505
tall_local_seed42,external,1,42,526,faceswap_faces_c23/862_047,ffpp_test:7,1,faceswap,resize075_then_h264_crf30,0.0865478515625,0.5216234669719573
tall_local_seed42,external,1,42,527,faceswap_faces_c23/047_862,ffpp_test:7,1,faceswap,resize075_then_h264_crf30,2.923583984375,0.9490000396140538
tall_local_seed42,external,1,42,528,neuraltextures_faces_c23/862_047,ffpp_test:7,1,neuraltextures,resize075_then_h264_crf30,-0.40789794921875,0.3994162604359361
tall_local_seed42,external,1,42,529,neuraltextures_faces_c23/047_862,ffpp_test:7,1,neuraltextures,resize075_then_h264_crf30,2.905517578125,0.9481185174913018
tall_local_seed42,external,1,42,530,original_faces_c23/607,ffpp_test:49,0,real,resize075_then_h264_crf30,-3.178466796875,0.0399841450974567
tall_local_seed42,external,1,42,531,original_faces_c23/683,ffpp_test:49,0,real,resize075_then_h264_crf30,-2.90869140625,0.051725584413256934
tall_local_seed42,external,1,42,532,deepfakes_faces_c23/607_683,ffpp_test:49,1,deepfakes,resize075_then_h264_crf30,2.98291015625,0.951796065852083
tall_local_seed42,external,1,42,533,deepfakes_faces_c23/683_607,ffpp_test:49,1,deepfakes,resize075_then_h264_crf30,3.049560546875,0.9547635502790918
tall_local_seed42,external,1,42,534,face2face_faces_c23/607_683,ffpp_test:49,1,face2face,resize075_then_h264_crf30,-3.453857421875,0.030654030779560942
tall_local_seed42,external,1,42,535,face2face_faces_c23/683_607,ffpp_test:49,1,face2face,resize075_then_h264_crf30,-0.47314453125,0.383872245790174
tall_local_seed42,external,1,42,536,faceswap_faces_c23/607_683,ffpp_test:49,1,faceswap,resize075_then_h264_crf30,3.304443359375,0.9645809299127431
tall_local_seed42,external,1,42,537,faceswap_faces_c23/683_607,ffpp_test:49,1,faceswap,resize075_then_h264_crf30,3.06982421875,0.9556307197689887
tall_local_seed42,external,1,42,538,neuraltextures_faces_c23/607_683,ffpp_test:49,1,neuraltextures,resize075_then_h264_crf30,-2.5665283203125,0.07132391514318201
tall_local_seed42,external,1,42,539,neuraltextures_faces_c23/683_607,ffpp_test:49,1,neuraltextures,resize075_then_h264_crf30,-2.28765869140625,0.09215023350707682
tall_local_seed42,external,1,42,540,original_faces_c23/517,ffpp_test:45,0,real,resize075_then_h264_crf30,-0.916259765625,0.285720605398905
tall_local_seed42,external,1,42,541,original_faces_c23/521,ffpp_test:45,0,real,resize075_then_h264_crf30,-3.73876953125,0.02323084254822268
tall_local_seed42,external,1,42,542,deepfakes_faces_c23/517_521,ffpp_test:45,1,deepfakes,resize075_then_h264_crf30,2.97802734375,0.9515715460244556
tall_local_seed42,external,1,42,543,deepfakes_faces_c23/521_517,ffpp_test:45,1,deepfakes,resize075_then_h264_crf30,3.027587890625,0.9538050092399561
tall_local_seed42,external,1,42,544,face2face_faces_c23/517_521,ffpp_test:45,1,face2face,resize075_then_h264_crf30,2.325439453125,0.9109621228039888
tall_local_seed42,external,1,42,545,face2face_faces_c23/521_517,ffpp_test:45,1,face2face,resize075_then_h264_crf30,-1.1313629150390625,0.24390966747299442
tall_local_seed42,external,1,42,546,faceswap_faces_c23/517_521,ffpp_test:45,1,faceswap,resize075_then_h264_crf30,3.11376953125,0.9574571649266497
tall_local_seed42,external,1,42,547,faceswap_faces_c23/521_517,ffpp_test:45,1,faceswap,resize075_then_h264_crf30,2.886474609375,0.9471737642676552
tall_local_seed42,external,1,42,548,neuraltextures_faces_c23/517_521,ffpp_test:45,1,neuraltextures,resize075_then_h264_crf30,2.635498046875,0.9331115249784675
tall_local_seed42,external,1,42,549,neuraltextures_faces_c23/521_517,ffpp_test:45,1,neuraltextures,resize075_then_h264_crf30,-2.744140625,0.06041841989614356
tall_local_seed42,external,1,42,550,original_faces_c23/682,ffpp_test:55,0,real,resize075_then_h264_crf30,-2.8095703125,0.0568091999038034
tall_local_seed42,external,1,42,551,original_faces_c23/669,ffpp_test:55,0,real,resize075_then_h264_crf30,0.4652099609375,0.6142493936003585
tall_local_seed42,external,1,42,552,deepfakes_faces_c23/682_669,ffpp_test:55,1,deepfakes,resize075_then_h264_crf30,2.8780517578125,0.9467507307838026
tall_local_seed42,external,1,42,553,deepfakes_faces_c23/669_682,ffpp_test:55,1,deepfakes,resize075_then_h264_crf30,2.6513671875,0.9340952063875586
tall_local_seed42,external,1,42,554,face2face_faces_c23/682_669,ffpp_test:55,1,face2face,resize075_then_h264_crf30,3.2119140625,0.9612801710369545
tall_local_seed42,external,1,42,555,face2face_faces_c23/669_682,ffpp_test:55,1,face2face,resize075_then_h264_crf30,2.966796875,0.9510513782831763
tall_local_seed42,external,1,42,556,faceswap_faces_c23/682_669,ffpp_test:55,1,faceswap,resize075_then_h264_crf30,1.28125,0.7826624789529376
tall_local_seed42,external,1,42,557,faceswap_faces_c23/669_682,ffpp_test:55,1,faceswap,resize075_then_h264_crf30,3.101318359375,0.9569470933459987
tall_local_seed42,external,1,42,558,neuraltextures_faces_c23/682_669,ffpp_test:55,1,neuraltextures,resize075_then_h264_crf30,3.474609375,0.9699566305886773
tall_local_seed42,external,1,42,559,neuraltextures_faces_c23/669_682,ffpp_test:55,1,neuraltextures,resize075_then_h264_crf30,0.22955322265625,0.5571376216759389
tall_local_seed42,external,1,42,560,original_faces_c23/138,ffpp_test:12,0,real,resize075_then_h264_crf30,-0.1424560546875,0.46444609277678617
tall_local_seed42,external,1,42,561,original_faces_c23/142,ffpp_test:12,0,real,resize075_then_h264_crf30,-2.73095703125,0.06117117813066344
tall_local_seed42,external,1,42,562,deepfakes_faces_c23/138_142,ffpp_test:12,1,deepfakes,resize075_then_h264_crf30,1.4952774047851562,0.8168690612196142
tall_local_seed42,external,1,42,563,deepfakes_faces_c23/142_138,ffpp_test:12,1,deepfakes,resize075_then_h264_crf30,0.5032806396484375,0.623229983400829
tall_local_seed42,external,1,42,564,face2face_faces_c23/138_142,ffpp_test:12,1,face2face,resize075_then_h264_crf30,3.37109375,0.9667888274293097
tall_local_seed42,external,1,42,565,face2face_faces_c23/142_138,ffpp_test:12,1,face2face,resize075_then_h264_crf30,0.39483642578125,0.5974464261685231
tall_local_seed42,external,1,42,566,faceswap_faces_c23/138_142,ffpp_test:12,1,faceswap,resize075_then_h264_crf30,2.6199951171875,0.9321373975502704
tall_local_seed42,external,1,42,567,faceswap_faces_c23/142_138,ffpp_test:12,1,faceswap,resize075_then_h264_crf30,2.3509521484375,0.9130098796363068
tall_local_seed42,external,1,42,568,neuraltextures_faces_c23/138_142,ffpp_test:12,1,neuraltextures,resize075_then_h264_crf30,2.8546142578125,0.9455567101095215
tall_local_seed42,external,1,42,569,neuraltextures_faces_c23/142_138,ffpp_test:12,1,neuraltextures,resize075_then_h264_crf30,-0.98016357421875,0.2728593281642168
tall_local_seed42,external,1,42,570,original_faces_c23/552,ffpp_test:47,0,real,resize075_then_h264_crf30,-3.48779296875,0.029661560509272555
tall_local_seed42,external,1,42,571,original_faces_c23/851,ffpp_test:47,0,real,resize075_then_h264_crf30,0.710205078125,0.6704464729941555
tall_local_seed42,external,1,42,572,deepfakes_faces_c23/552_851,ffpp_test:47,1,deepfakes,resize075_then_h264_crf30,2.19921875,0.9001793324323768
tall_local_seed42,external,1,42,573,deepfakes_faces_c23/851_552,ffpp_test:47,1,deepfakes,resize075_then_h264_crf30,3.335205078125,0.9656170019603593
tall_local_seed42,external,1,42,574,face2face_faces_c23/552_851,ffpp_test:47,1,face2face,resize075_then_h264_crf30,0.5780029296875,0.6406077511401379
tall_local_seed42,external,1,42,575,face2face_faces_c23/851_552,ffpp_test:47,1,face2face,resize075_then_h264_crf30,3.079345703125,0.9560326899723773
tall_local_seed42,external,1,42,576,faceswap_faces_c23/552_851,ffpp_test:47,1,faceswap,resize075_then_h264_crf30,1.56689453125,0.827340448397582
tall_local_seed42,external,1,42,577,faceswap_faces_c23/851_552,ffpp_test:47,1,faceswap,resize075_then_h264_crf30,2.785888671875,0.9419084939508185
tall_local_seed42,external,1,42,578,neuraltextures_faces_c23/552_851,ffpp_test:47,1,neuraltextures,resize075_then_h264_crf30,-3.920166015625,0.01945191780978028
tall_local_seed42,external,1,42,579,neuraltextures_faces_c23/851_552,ffpp_test:47,1,neuraltextures,resize075_then_h264_crf30,3.2021484375,0.9609150467080232
tall_local_seed42,external,1,42,580,original_faces_c23/376,ffpp_test:31,0,real,resize075_then_h264_crf30,-3.5625,0.027585282226789992
tall_local_seed42,external,1,42,581,original_faces_c23/381,ffpp_test:31,0,real,resize075_then_h264_crf30,-3.397216796875,0.03238255998126587
tall_local_seed42,external,1,42,582,deepfakes_faces_c23/376_381,ffpp_test:31,1,deepfakes,resize075_then_h264_crf30,1.0040283203125,0.7318498568999532
tall_local_seed42,external,1,42,583,deepfakes_faces_c23/381_376,ffpp_test:31,1,deepfakes,resize075_then_h264_crf30,1.6959228515625,0.845001485397979
tall_local_seed42,external,1,42,584,face2face_faces_c23/376_381,ffpp_test:31,1,face2face,resize075_then_h264_crf30,-4.49462890625,0.011045459725658988
tall_local_seed42,external,1,42,585,face2face_faces_c23/381_376,ffpp_test:31,1,face2face,resize075_then_h264_crf30,-1.234130859375,0.22545924661387962
tall_local_seed42,external,1,42,586,faceswap_faces_c23/376_381,ffpp_test:31,1,faceswap,resize075_then_h264_crf30,3.00830078125,0.9529477227524483
tall_local_seed42,external,1,42,587,faceswap_faces_c23/381_376,ffpp_test:31,1,faceswap,resize075_then_h264_crf30,-1.4569091796875,0.18894051337358994
tall_local_seed42,external,1,42,588,neuraltextures_faces_c23/376_381,ffpp_test:31,1,neuraltextures,resize075_then_h264_crf30,-2.49072265625,0.07651112087777705
tall_local_seed42,external,1,42,589,neuraltextures_faces_c23/381_376,ffpp_test:31,1,neuraltextures,resize075_then_h264_crf30,-0.40826416015625,0.3993284159268082
tall_local_seed42,external,1,42,590,original_faces_c23/000,ffpp_test:0,0,real,resize075_then_h264_crf30,-2.1715087890625,0.10233834503777389
tall_local_seed42,external,1,42,591,original_faces_c23/003,ffpp_test:0,0,real,resize075_then_h264_crf30,-3.211669921875,0.03872891704795194
tall_local_seed42,external,1,42,592,deepfakes_faces_c23/000_003,ffpp_test:0,1,deepfakes,resize075_then_h264_crf30,3.065185546875,0.9554336208599834
tall_local_seed42,external,1,42,593,deepfakes_faces_c23/003_000,ffpp_test:0,1,deepfakes,resize075_then_h264_crf30,1.1757659912109375,0.7641856638922676
tall_local_seed42,external,1,42,594,face2face_faces_c23/000_003,ffpp_test:0,1,face2face,resize075_then_h264_crf30,1.2138671875,0.7709824879646954
tall_local_seed42,external,1,42,595,face2face_faces_c23/003_000,ffpp_test:0,1,face2face,resize075_then_h264_crf30,-2.5830078125,0.07024004744506827
tall_local_seed42,external,1,42,596,faceswap_faces_c23/000_003,ffpp_test:0,1,faceswap,resize075_then_h264_crf30,2.399871826171875,0.9168175290887374
tall_local_seed42,external,1,42,597,faceswap_faces_c23/003_000,ffpp_test:0,1,faceswap,resize075_then_h264_crf30,3.247314453125,0.962576491316448
tall_local_seed42,external,1,42,598,neuraltextures_faces_c23/000_003,ffpp_test:0,1,neuraltextures,resize075_then_h264_crf30,-1.19482421875,0.23239723860291225
tall_local_seed42,external,1,42,599,neuraltextures_faces_c23/003_000,ffpp_test:0,1,neuraltextures,resize075_then_h264_crf30,-2.598876953125,0.06921073271286295
tall_local_seed42,external,1,42,600,original_faces_c23/048,ffpp_test:4,0,real,resize075_then_h264_crf30,-2.971923828125,0.04871049962468487
tall_local_seed42,external,1,42,601,original_faces_c23/029,ffpp_test:4,0,real,resize075_then_h264_crf30,1.27001953125,0.7807460913217152
tall_local_seed42,external,1,42,602,deepfakes_faces_c23/048_029,ffpp_test:4,1,deepfakes,resize075_then_h264_crf30,2.97607421875,0.9514814604693147
tall_local_seed42,external,1,42,603,deepfakes_faces_c23/029_048,ffpp_test:4,1,deepfakes,resize075_then_h264_crf30,3.009521484375,0.9530024268256945
tall_local_seed42,external,1,42,604,face2face_faces_c23/048_029,ffpp_test:4,1,face2face,resize075_then_h264_crf30,-2.2947998046875,0.091554555640261
tall_local_seed42,external,1,42,605,face2face_faces_c23/029_048,ffpp_test:4,1,face2face,resize075_then_h264_crf30,2.905517578125,0.9481185174913018
tall_local_seed42,external,1,42,606,faceswap_faces_c23/048_029,ffpp_test:4,1,faceswap,resize075_then_h264_crf30,2.97998046875,0.9516614728131383
tall_local_seed42,external,1,42,607,faceswap_faces_c23/029_048,ffpp_test:4,1,faceswap,resize075_then_h264_crf30,1.96844482421875,0.8774439738647581
tall_local_seed42,external,1,42,608,neuraltextures_faces_c23/048_029,ffpp_test:4,1,neuraltextures,resize075_then_h264_crf30,-2.994232177734375,0.04768712536128836
tall_local_seed42,external,1,42,609,neuraltextures_faces_c23/029_048,ffpp_test:4,1,neuraltextures,resize075_then_h264_crf30,2.999267578125,0.9525410274784751
tall_local_seed42,external,1,42,610,original_faces_c23/724,ffpp_test:59,0,real,resize075_then_h264_crf30,-1.662872314453125,0.15937679961204435
tall_local_seed42,external,1,42,611,original_faces_c23/725,ffpp_test:59,0,real,resize075_then_h264_crf30,-3.30078125,0.03554439752641486
tall_local_seed42,external,1,42,612,deepfakes_faces_c23/724_725,ffpp_test:59,1,deepfakes,resize075_then_h264_crf30,2.8671875,0.946200356539936
tall_local_seed42,external,1,42,613,deepfakes_faces_c23/725_724,ffpp_test:59,1,deepfakes,resize075_then_h264_crf30,2.54888916015625,0.9274988519750723
tall_local_seed42,external,1,42,614,face2face_faces_c23/724_725,ffpp_test:59,1,face2face,resize075_then_h264_crf30,2.63525390625,0.9330962854747991
tall_local_seed42,external,1,42,615,face2face_faces_c23/725_724,ffpp_test:59,1,face2face,resize075_then_h264_crf30,1.5980224609375,0.8317418152759336
tall_local_seed42,external,1,42,616,faceswap_faces_c23/724_725,ffpp_test:59,1,faceswap,resize075_then_h264_crf30,2.904296875,0.9480584384987739
tall_local_seed42,external,1,42,617,faceswap_faces_c23/725_724,ffpp_test:59,1,faceswap,resize075_then_h264_crf30,3.003662109375,0.9527392947616049
tall_local_seed42,external,1,42,618,neuraltextures_faces_c23/724_725,ffpp_test:59,1,neuraltextures,resize075_then_h264_crf30,3.126220703125,0.9579614588798324
tall_local_seed42,external,1,42,619,neuraltextures_faces_c23/725_724,ffpp_test:59,1,neuraltextures,resize075_then_h264_crf30,-1.9137115478515625,0.1285644529578589
tall_local_seed42,external,1,42,620,original_faces_c23/608,ffpp_test:50,0,real,resize075_then_h264_crf30,-3.81201171875,0.021625661400730672
tall_local_seed42,external,1,42,621,original_faces_c23/675,ffpp_test:50,0,real,resize075_then_h264_crf30,-2.5928115844726562,0.06960248986384268
tall_local_seed42,external,1,42,622,deepfakes_faces_c23/608_675,ffpp_test:50,1,deepfakes,resize075_then_h264_crf30,2.960205078125,0.950743598655085
tall_local_seed42,external,1,42,623,deepfakes_faces_c23/675_608,ffpp_test:50,1,deepfakes,resize075_then_h264_crf30,2.815582275390625,0.9435120755899581
tall_local_seed42,external,1,42,624,face2face_faces_c23/608_675,ffpp_test:50,1,face2face,resize075_then_h264_crf30,2.40869140625,0.9174876701379739
tall_local_seed42,external,1,42,625,face2face_faces_c23/675_608,ffpp_test:50,1,face2face,resize075_then_h264_crf30,3.266357421875,0.9632564656566917
tall_local_seed42,external,1,42,626,faceswap_faces_c23/608_675,ffpp_test:50,1,faceswap,resize075_then_h264_crf30,2.870849609375,0.9463864727749034
tall_local_seed42,external,1,42,627,faceswap_faces_c23/675_608,ffpp_test:50,1,faceswap,resize075_then_h264_crf30,3.235107421875,0.9621342659393619
tall_local_seed42,external,1,42,628,neuraltextures_faces_c23/608_675,ffpp_test:50,1,neuraltextures,resize075_then_h264_crf30,0.55126953125,0.6344300817759263
tall_local_seed42,external,1,42,629,neuraltextures_faces_c23/675_608,ffpp_test:50,1,neuraltextures,resize075_then_h264_crf30,-0.4549560546875,0.3881830678257025
tall_local_seed42,external,1,42,630,original_faces_c23/386,ffpp_test:14,0,real,resize075_then_h264_crf30,-3.058837890625,0.04483744644861184
tall_local_seed42,external,1,42,631,original_faces_c23/154,ffpp_test:14,0,real,resize075_then_h264_crf30,-3.10064697265625,0.04308057584056008
tall_local_seed42,external,1,42,632,deepfakes_faces_c23/386_154,ffpp_test:14,1,deepfakes,resize075_then_h264_crf30,2.9638671875,0.9509148131893829
tall_local_seed42,external,1,42,633,deepfakes_faces_c23/154_386,ffpp_test:14,1,deepfakes,resize075_then_h264_crf30,2.942626953125,0.9499138585458504
tall_local_seed42,external,1,42,634,face2face_faces_c23/386_154,ffpp_test:14,1,face2face,resize075_then_h264_crf30,-0.572509765625,0.36065791144912035
tall_local_seed42,external,1,42,635,face2face_faces_c23/154_386,ffpp_test:14,1,face2face,resize075_then_h264_crf30,1.88360595703125,0.8680247653459966
tall_local_seed42,external,1,42,636,faceswap_faces_c23/386_154,ffpp_test:14,1,faceswap,resize075_then_h264_crf30,1.74237060546875,0.8509879261559216
tall_local_seed42,external,1,42,637,faceswap_faces_c23/154_386,ffpp_test:14,1,faceswap,resize075_then_h264_crf30,2.936279296875,0.9496109888562276
tall_local_seed42,external,1,42,638,neuraltextures_faces_c23/386_154,ffpp_test:14,1,neuraltextures,resize075_then_h264_crf30,-3.355712890625,0.033708585561751124
tall_local_seed42,external,1,42,639,neuraltextures_faces_c23/154_386,ffpp_test:14,1,neuraltextures,resize075_then_h264_crf30,-2.88897705078125,0.052701164536887515
tall_local_seed42,external,1,42,640,original_faces_c23/220,ffpp_test:20,0,real,resize075_then_h264_crf30,-2.0025482177734375,0.1189356350093197
tall_local_seed42,external,1,42,641,original_faces_c23/219,ffpp_test:20,0,real,resize075_then_h264_crf30,-3.501953125,0.029256709498098055
tall_local_seed42,external,1,42,642,deepfakes_faces_c23/220_219,ffpp_test:20,1,deepfakes,resize075_then_h264_crf30,-0.062255859375,0.484441060099599
tall_local_seed42,external,1,42,643,deepfakes_faces_c23/219_220,ffpp_test:20,1,deepfakes,resize075_then_h264_crf30,2.957275390625,0.9506062194631231
tall_local_seed42,external,1,42,644,face2face_faces_c23/220_219,ffpp_test:20,1,face2face,resize075_then_h264_crf30,2.9637451171875,0.9509091151424441
tall_local_seed42,external,1,42,645,face2face_faces_c23/219_220,ffpp_test:20,1,face2face,resize075_then_h264_crf30,0.45294189453125,0.6113384676359893
tall_local_seed42,external,1,42,646,faceswap_faces_c23/220_219,ffpp_test:20,1,faceswap,resize075_then_h264_crf30,-2.577392578125,0.07060764421249113
tall_local_seed42,external,1,42,647,faceswap_faces_c23/219_220,ffpp_test:20,1,faceswap,resize075_then_h264_crf30,0.968353271484375,0.7247911482182241
tall_local_seed42,external,1,42,648,neuraltextures_faces_c23/220_219,ffpp_test:20,1,neuraltextures,resize075_then_h264_crf30,1.6009979248046875,0.8321578126806779
tall_local_seed42,external,1,42,649,neuraltextures_faces_c23/219_220,ffpp_test:20,1,neuraltextures,resize075_then_h264_crf30,-1.8079833984375,0.14088202693978388
tall_local_seed42,external,1,42,650,original_faces_c23/801,ffpp_test:63,0,real,resize075_then_h264_crf30,-2.8245849609375,0.056010019336134115
tall_local_seed42,external,1,42,651,original_faces_c23/855,ffpp_test:63,0,real,resize075_then_h264_crf30,-3.4296875,0.031380429512976746
tall_local_seed42,external,1,42,652,deepfakes_faces_c23/801_855,ffpp_test:63,1,deepfakes,resize075_then_h264_crf30,3.038330078125,0.954276020267919
tall_local_seed42,external,1,42,653,deepfakes_faces_c23/855_801,ffpp_test:63,1,deepfakes,resize075_then_h264_crf30,3.20458984375,0.9610066362736368
tall_local_seed42,external,1,42,654,face2face_faces_c23/801_855,ffpp_test:63,1,face2face,resize075_then_h264_crf30,-0.96044921875,0.2767882628132885
tall_local_seed42,external,1,42,655,face2face_faces_c23/855_801,ffpp_test:63,1,face2face,resize075_then_h264_crf30,-0.031005859375,0.492249156094384
tall_local_seed42,external,1,42,656,faceswap_faces_c23/801_855,ffpp_test:63,1,faceswap,resize075_then_h264_crf30,-0.03125,0.4921881357207956
tall_local_seed42,external,1,42,657,faceswap_faces_c23/855_801,ffpp_test:63,1,faceswap,resize075_then_h264_crf30,2.9061355590820312,0.9481489074306341
tall_local_seed42,external,1,42,658,neuraltextures_faces_c23/801_855,ffpp_test:63,1,neuraltextures,resize075_then_h264_crf30,2.8555908203125,0.9456069609146031
tall_local_seed42,external,1,42,659,neuraltextures_faces_c23/855_801,ffpp_test:63,1,neuraltextures,resize075_then_h264_crf30,-2.6326904296875,0.06706392401589858
tall_local_seed42,external,1,42,660,original_faces_c23/161,ffpp_test:13,0,real,resize075_then_h264_crf30,-3.01483154296875,0.04676031329399637
tall_local_seed42,external,1,42,661,original_faces_c23/141,ffpp_test:13,0,real,resize075_then_h264_crf30,-3.487060546875,0.029682648157745708
tall_local_seed42,external,1,42,662,deepfakes_faces_c23/161_141,ffpp_test:13,1,deepfakes,resize075_then_h264_crf30,2.36065673828125,0.9137775627470588
tall_local_seed42,external,1,42,663,deepfakes_faces_c23/141_161,ffpp_test:13,1,deepfakes,resize075_then_h264_crf30,1.4169921875,0.8048664532049786
tall_local_seed42,external,1,42,664,face2face_faces_c23/161_141,ffpp_test:13,1,face2face,resize075_then_h264_crf30,1.5340576171875,0.8225992165434662
tall_local_seed42,external,1,42,665,face2face_faces_c23/141_161,ffpp_test:13,1,face2face,resize075_then_h264_crf30,0.75006103515625,0.6791919982849375
tall_local_seed42,external,1,42,666,faceswap_faces_c23/161_141,ffpp_test:13,1,faceswap,resize075_then_h264_crf30,2.977294921875,0.9515377825600658
tall_local_seed42,external,1,42,667,faceswap_faces_c23/141_161,ffpp_test:13,1,faceswap,resize075_then_h264_crf30,3.058837890625,0.955162553551388
tall_local_seed42,external,1,42,668,neuraltextures_faces_c23/161_141,ffpp_test:13,1,neuraltextures,resize075_then_h264_crf30,3.53125,0.9715639669551474
tall_local_seed42,external,1,42,669,neuraltextures_faces_c23/141_161,ffpp_test:13,1,neuraltextures,resize075_then_h264_crf30,2.1171875,0.8925625233915799
tall_local_seed42,external,1,42,670,original_faces_c23/949,ffpp_test:66,0,real,resize075_then_h264_crf30,-3.05291748046875,0.04509168451463611
tall_local_seed42,external,1,42,671,original_faces_c23/868,ffpp_test:66,0,real,resize075_then_h264_crf30,-3.53662109375,0.028288018803151578
tall_local_seed42,external,1,42,672,deepfakes_faces_c23/949_868,ffpp_test:66,1,deepfakes,resize075_then_h264_crf30,1.1915283203125,0.7670142916622308
tall_local_seed42,external,1,42,673,deepfakes_faces_c23/868_949,ffpp_test:66,1,deepfakes,resize075_then_h264_crf30,2.558837890625,0.92816501296038
tall_local_seed42,external,1,42,674,face2face_faces_c23/949_868,ffpp_test:66,1,face2face,resize075_then_h264_crf30,1.2975921630859375,0.7854294691362268
tall_local_seed42,external,1,42,675,face2face_faces_c23/868_949,ffpp_test:66,1,face2face,resize075_then_h264_crf30,0.189605712890625,0.5472599288279548
tall_local_seed42,external,1,42,676,faceswap_faces_c23/949_868,ffpp_test:66,1,faceswap,resize075_then_h264_crf30,3.23193359375,0.9620184675379094
tall_local_seed42,external,1,42,677,faceswap_faces_c23/868_949,ffpp_test:66,1,faceswap,resize075_then_h264_crf30,1.915283203125,0.8716115256707209
tall_local_seed42,external,1,42,678,neuraltextures_faces_c23/949_868,ffpp_test:66,1,neuraltextures,resize075_then_h264_crf30,1.570068359375,0.8277933532171283
tall_local_seed42,external,1,42,679,neuraltextures_faces_c23/868_949,ffpp_test:66,1,neuraltextures,resize075_then_h264_crf30,-2.99609375,0.0476026568099192
tall_local_seed42,external,1,42,680,original_faces_c23/880,ffpp_test:11,0,real,resize075_then_h264_crf30,-2.169921875,0.10248421925249875
tall_local_seed42,external,1,42,681,original_faces_c23/135,ffpp_test:11,0,real,resize075_then_h264_crf30,-2.784423828125,0.058171709636823415
tall_local_seed42,external,1,42,682,deepfakes_faces_c23/880_135,ffpp_test:11,1,deepfakes,resize075_then_h264_crf30,2.1622314453125,0.896806240148877
tall_local_seed42,external,1,42,683,deepfakes_faces_c23/135_880,ffpp_test:11,1,deepfakes,resize075_then_h264_crf30,2.857666015625,0.9457135987673074
tall_local_seed42,external,1,42,684,face2face_faces_c23/880_135,ffpp_test:11,1,face2face,resize075_then_h264_crf30,-2.229156494140625,0.09716260990011627
tall_local_seed42,external,1,42,685,face2face_faces_c23/135_880,ffpp_test:11,1,face2face,resize075_then_h264_crf30,3.051025390625,0.9548267749178005
tall_local_seed42,external,1,42,686,faceswap_faces_c23/880_135,ffpp_test:11,1,faceswap,resize075_then_h264_crf30,1.7210693359375,0.8482665222941247
tall_local_seed42,external,1,42,687,faceswap_faces_c23/135_880,ffpp_test:11,1,faceswap,resize075_then_h264_crf30,2.704833984375,0.9373112844231032
tall_local_seed42,external,1,42,688,neuraltextures_faces_c23/880_135,ffpp_test:11,1,neuraltextures,resize075_then_h264_crf30,-1.0679931640625,0.2557849161765039
tall_local_seed42,external,1,42,689,neuraltextures_faces_c23/135_880,ffpp_test:11,1,neuraltextures,resize075_then_h264_crf30,-1.2217636108398438,0.22762623674975654
tall_local_seed42,external,1,42,690,original_faces_c23/429,ffpp_test:35,0,real,resize075_then_h264_crf30,-3.826904296875,0.021312799034386775
tall_local_seed42,external,1,42,691,original_faces_c23/404,ffpp_test:35,0,real,resize075_then_h264_crf30,-3.089111328125,0.04355864315603687
tall_local_seed42,external,1,42,692,deepfakes_faces_c23/429_404,ffpp_test:35,1,deepfakes,resize075_then_h264_crf30,3.076904296875,0.9559299531165684
tall_local_seed42,external,1,42,693,deepfakes_faces_c23/404_429,ffpp_test:35,1,deepfakes,resize075_then_h264_crf30,2.5203857421875,0.9255586367747968
tall_local_seed42,external,1,42,694,face2face_faces_c23/429_404,ffpp_test:35,1,face2face,resize075_then_h264_crf30,-2.582275390625,0.07028789432709956
tall_local_seed42,external,1,42,695,face2face_faces_c23/404_429,ffpp_test:35,1,face2face,resize075_then_h264_crf30,-0.4521484375,0.3888500773732337
tall_local_seed42,external,1,42,696,faceswap_faces_c23/429_404,ffpp_test:35,1,faceswap,resize075_then_h264_crf30,2.910888671875,0.9483820854760567
tall_local_seed42,external,1,42,697,faceswap_faces_c23/404_429,ffpp_test:35,1,faceswap,resize075_then_h264_crf30,2.462158203125,0.9214460227446143
tall_local_seed42,external,1,42,698,neuraltextures_faces_c23/429_404,ffpp_test:35,1,neuraltextures,resize075_then_h264_crf30,-0.38433837890625,0.4050809604316105
tall_local_seed42,external,1,42,699,neuraltextures_faces_c23/404_429,ffpp_test:35,1,neuraltextures,resize075_then_h264_crf30,-0.65948486328125,0.340855339358702
tall_local_seed42,external,1,42,0,original_faces_c23/953,ffpp_test:68,0,real,h264_crf30_then_resize075,-2.963134765625,0.049119384503052664
tall_local_seed42,external,1,42,1,original_faces_c23/974,ffpp_test:68,0,real,h264_crf30_then_resize075,-2.745361328125,0.06034916015239315
tall_local_seed42,external,1,42,2,deepfakes_faces_c23/953_974,ffpp_test:68,1,deepfakes,h264_crf30_then_resize075,-0.03216552734375,0.49195931140764787
tall_local_seed42,external,1,42,3,deepfakes_faces_c23/974_953,ffpp_test:68,1,deepfakes,h264_crf30_then_resize075,0.5338134765625,0.6303721047868056
tall_local_seed42,external,1,42,4,face2face_faces_c23/953_974,ffpp_test:68,1,face2face,h264_crf30_then_resize075,3.06103515625,0.9552565618990357
tall_local_seed42,external,1,42,5,face2face_faces_c23/974_953,ffpp_test:68,1,face2face,h264_crf30_then_resize075,2.994384765625,0.9523198036440325
tall_local_seed42,external,1,42,6,faceswap_faces_c23/953_974,ffpp_test:68,1,faceswap,h264_crf30_then_resize075,-1.8719482421875,0.13331645558202912
tall_local_seed42,external,1,42,7,faceswap_faces_c23/974_953,ffpp_test:68,1,faceswap,h264_crf30_then_resize075,-1.456298828125,0.18903406262310354
tall_local_seed42,external,1,42,8,neuraltextures_faces_c23/953_974,ffpp_test:68,1,neuraltextures,h264_crf30_then_resize075,-2.8282852172851562,0.055814697176226516
tall_local_seed42,external,1,42,9,neuraltextures_faces_c23/974_953,ffpp_test:68,1,neuraltextures,h264_crf30_then_resize075,-2.7073974609375,0.0625382574179847
tall_local_seed42,external,1,42,10,original_faces_c23/012,ffpp_test:1,0,real,h264_crf30_then_resize075,-3.88671875,0.0201002355767521
tall_local_seed42,external,1,42,11,original_faces_c23/026,ffpp_test:1,0,real,h264_crf30_then_resize075,-3.2490234375,0.03736199460111399
tall_local_seed42,external,1,42,12,deepfakes_faces_c23/012_026,ffpp_test:1,1,deepfakes,h264_crf30_then_resize075,0.8594970703125,0.7025555672107677
tall_local_seed42,external,1,42,13,deepfakes_faces_c23/026_012,ffpp_test:1,1,deepfakes,h264_crf30_then_resize075,2.947509765625,0.9501456609601528
tall_local_seed42,external,1,42,14,face2face_faces_c23/012_026,ffpp_test:1,1,face2face,h264_crf30_then_resize075,-0.85400390625,0.2985936218865598
tall_local_seed42,external,1,42,15,face2face_faces_c23/026_012,ffpp_test:1,1,face2face,h264_crf30_then_resize075,-0.452880859375,0.38867603464429706
tall_local_seed42,external,1,42,16,faceswap_faces_c23/012_026,ffpp_test:1,1,faceswap,h264_crf30_then_resize075,3.080078125,0.9560634664484897
tall_local_seed42,external,1,42,17,faceswap_faces_c23/026_012,ffpp_test:1,1,faceswap,h264_crf30_then_resize075,1.06756591796875,0.7441337452017682
tall_local_seed42,external,1,42,18,neuraltextures_faces_c23/012_026,ffpp_test:1,1,neuraltextures,h264_crf30_then_resize075,3.171875,0.9597620573763841
tall_local_seed42,external,1,42,19,neuraltextures_faces_c23/026_012,ffpp_test:1,1,neuraltextures,h264_crf30_then_resize075,-2.3928451538085938,0.08371991894984034
tall_local_seed42,external,1,42,20,original_faces_c23/078,ffpp_test:8,0,real,h264_crf30_then_resize075,-3.433837890625,0.03125452056020257
tall_local_seed42,external,1,42,21,original_faces_c23/955,ffpp_test:8,0,real,h264_crf30_then_resize075,-3.38623046875,0.03272857897253061
tall_local_seed42,external,1,42,22,deepfakes_faces_c23/078_955,ffpp_test:8,1,deepfakes,h264_crf30_then_resize075,2.463623046875,0.9215519874593165
tall_local_seed42,external,1,42,23,deepfakes_faces_c23/955_078,ffpp_test:8,1,deepfakes,h264_crf30_then_resize075,-0.05810546875,0.4854777184815691
tall_local_seed42,external,1,42,24,face2face_faces_c23/078_955,ffpp_test:8,1,face2face,h264_crf30_then_resize075,-0.2144317626953125,0.4465965313363911
tall_local_seed42,external,1,42,25,face2face_faces_c23/955_078,ffpp_test:8,1,face2face,h264_crf30_then_resize075,-0.35791015625,0.41146555215197983
tall_local_seed42,external,1,42,26,faceswap_faces_c23/078_955,ffpp_test:8,1,faceswap,h264_crf30_then_resize075,2.0286865234375,0.8837762311224062
tall_local_seed42,external,1,42,27,faceswap_faces_c23/955_078,ffpp_test:8,1,faceswap,h264_crf30_then_resize075,2.749755859375,0.9398995601993798
tall_local_seed42,external,1,42,28,neuraltextures_faces_c23/078_955,ffpp_test:8,1,neuraltextures,h264_crf30_then_resize075,-3.966064453125,0.018595511676940936
tall_local_seed42,external,1,42,29,neuraltextures_faces_c23/955_078,ffpp_test:8,1,neuraltextures,h264_crf30_then_resize075,3.47314453125,0.9699139145220024
tall_local_seed42,external,1,42,30,original_faces_c23/623,ffpp_test:51,0,real,h264_crf30_then_resize075,-3.5439453125,0.02808738616020108
tall_local_seed42,external,1,42,31,original_faces_c23/630,ffpp_test:51,0,real,h264_crf30_then_resize075,-2.6044921875,0.06884986977430892
tall_local_seed42,external,1,42,32,deepfakes_faces_c23/623_630,ffpp_test:51,1,deepfakes,h264_crf30_then_resize075,2.9931640625,0.9522643448125898
tall_local_seed42,external,1,42,33,deepfakes_faces_c23/630_623,ffpp_test:51,1,deepfakes,h264_crf30_then_resize075,2.6173095703125,0.931967319910297
tall_local_seed42,external,1,42,34,face2face_faces_c23/623_630,ffpp_test:51,1,face2face,h264_crf30_then_resize075,-1.45849609375,0.18869745152785428
tall_local_seed42,external,1,42,35,face2face_faces_c23/630_623,ffpp_test:51,1,face2face,h264_crf30_then_resize075,2.274627685546875,0.906753801997501
tall_local_seed42,external,1,42,36,faceswap_faces_c23/623_630,ffpp_test:51,1,faceswap,h264_crf30_then_resize075,3.2763671875,0.9636091075897715
tall_local_seed42,external,1,42,37,faceswap_faces_c23/630_623,ffpp_test:51,1,faceswap,h264_crf30_then_resize075,2.957275390625,0.9506062194631231
tall_local_seed42,external,1,42,38,neuraltextures_faces_c23/623_630,ffpp_test:51,1,neuraltextures,h264_crf30_then_resize075,-0.0625,0.4843800842769844
tall_local_seed42,external,1,42,39,neuraltextures_faces_c23/630_623,ffpp_test:51,1,neuraltextures,h264_crf30_then_resize075,2.339691162109375,0.9121113305633022
tall_local_seed42,external,1,42,40,original_faces_c23/919,ffpp_test:2,0,real,h264_crf30_then_resize075,-3.57861328125,0.027156328721705963
tall_local_seed42,external,1,42,41,original_faces_c23/015,ffpp_test:2,0,real,h264_crf30_then_resize075,-2.552978515625,0.07222664068901152
tall_local_seed42,external,1,42,42,deepfakes_faces_c23/919_015,ffpp_test:2,1,deepfakes,h264_crf30_then_resize075,2.6915283203125,0.9365248948539844
tall_local_seed42,external,1,42,43,deepfakes_faces_c23/015_919,ffpp_test:2,1,deepfakes,h264_crf30_then_resize075,-3.54052734375,0.028180842180455877
tall_local_seed42,external,1,42,44,face2face_faces_c23/919_015,ffpp_test:2,1,face2face,h264_crf30_then_resize075,-1.5136871337890625,0.1803930028203934
tall_local_seed42,external,1,42,45,face2face_faces_c23/015_919,ffpp_test:2,1,face2face,h264_crf30_then_resize075,-2.0888671875,0.11018358985183704
tall_local_seed42,external,1,42,46,faceswap_faces_c23/919_015,ffpp_test:2,1,faceswap,h264_crf30_then_resize075,-1.218994140625,0.22811351157862608
tall_local_seed42,external,1,42,47,faceswap_faces_c23/015_919,ffpp_test:2,1,faceswap,h264_crf30_then_resize075,0.949951171875,0.7211053581864704
tall_local_seed42,external,1,42,48,neuraltextures_faces_c23/919_015,ffpp_test:2,1,neuraltextures,h264_crf30_then_resize075,-3.3096923828125,0.03524017617414594
tall_local_seed42,external,1,42,49,neuraltextures_faces_c23/015_919,ffpp_test:2,1,neuraltextures,h264_crf30_then_resize075,-0.990814208984375,0.2707512861317583
tall_local_seed42,external,1,42,50,original_faces_c23/367,ffpp_test:30,0,real,h264_crf30_then_resize075,-2.97314453125,0.04865396609427543
tall_local_seed42,external,1,42,51,original_faces_c23/371,ffpp_test:30,0,real,h264_crf30_then_resize075,-3.12451171875,0.042107418036039304
tall_local_seed42,external,1,42,52,deepfakes_faces_c23/367_371,ffpp_test:30,1,deepfakes,h264_crf30_then_resize075,3.192138671875,0.9605373674129333
tall_local_seed42,external,1,42,53,deepfakes_faces_c23/371_367,ffpp_test:30,1,deepfakes,h264_crf30_then_resize075,2.56982421875,0.9288940864635875
tall_local_seed42,external,1,42,54,face2face_faces_c23/367_371,ffpp_test:30,1,face2face,h264_crf30_then_resize075,-0.3212127685546875,0.42038021532803244
tall_local_seed42,external,1,42,55,face2face_faces_c23/371_367,ffpp_test:30,1,face2face,h264_crf30_then_resize075,-1.3079833984375,0.21282449018765887
tall_local_seed42,external,1,42,56,faceswap_faces_c23/367_371,ffpp_test:30,1,faceswap,h264_crf30_then_resize075,3.210205078125,0.9612165114379385
tall_local_seed42,external,1,42,57,faceswap_faces_c23/371_367,ffpp_test:30,1,faceswap,h264_crf30_then_resize075,-1.57080078125,0.1721022639982774
tall_local_seed42,external,1,42,58,neuraltextures_faces_c23/367_371,ffpp_test:30,1,neuraltextures,h264_crf30_then_resize075,1.671875,0.8418256472515684
tall_local_seed42,external,1,42,59,neuraltextures_faces_c23/371_367,ffpp_test:30,1,neuraltextures,h264_crf30_then_resize075,-0.935302734375,0.28185014411134346
tall_local_seed42,external,1,42,60,original_faces_c23/847,ffpp_test:65,0,real,h264_crf30_then_resize075,-2.96728515625,0.048925895934241306
tall_local_seed42,external,1,42,61,original_faces_c23/906,ffpp_test:65,0,real,h264_crf30_then_resize075,-2.809234619140625,0.05682718967303489
tall_local_seed42,external,1,42,62,deepfakes_faces_c23/847_906,ffpp_test:65,1,deepfakes,h264_crf30_then_resize075,1.83416748046875,0.8622574442503012
tall_local_seed42,external,1,42,63,deepfakes_faces_c23/906_847,ffpp_test:65,1,deepfakes,h264_crf30_then_resize075,3.00537109375,0.9528161859136255
tall_local_seed42,external,1,42,64,face2face_faces_c23/847_906,ffpp_test:65,1,face2face,h264_crf30_then_resize075,-2.875732421875,0.05336631694673091
tall_local_seed42,external,1,42,65,face2face_faces_c23/906_847,ffpp_test:65,1,face2face,h264_crf30_then_resize075,-0.5272216796875,0.3711651199176553
tall_local_seed42,external,1,42,66,faceswap_faces_c23/847_906,ffpp_test:65,1,faceswap,h264_crf30_then_resize075,3.072998046875,0.9557650976997334
tall_local_seed42,external,1,42,67,faceswap_faces_c23/906_847,ffpp_test:65,1,faceswap,h264_crf30_then_resize075,3.089599609375,0.9564616947364826
tall_local_seed42,external,1,42,68,neuraltextures_faces_c23/847_906,ffpp_test:65,1,neuraltextures,h264_crf30_then_resize075,-1.849212646484375,0.13596536783559288
tall_local_seed42,external,1,42,69,neuraltextures_faces_c23/906_847,ffpp_test:65,1,neuraltextures,h264_crf30_then_resize075,-2.050384521484375,0.11401353328914507
tall_local_seed42,external,1,42,70,original_faces_c23/529,ffpp_test:46,0,real,h264_crf30_then_resize075,-3.0087890625,0.047030388358371956
tall_local_seed42,external,1,42,71,original_faces_c23/633,ffpp_test:46,0,real,h264_crf30_then_resize075,-1.8741455078125,0.13306278101620037
tall_local_seed42,external,1,42,72,deepfakes_faces_c23/529_633,ffpp_test:46,1,deepfakes,h264_crf30_then_resize075,2.6669921875,0.9350506028681546
tall_local_seed42,external,1,42,73,deepfakes_faces_c23/633_529,ffpp_test:46,1,deepfakes,h264_crf30_then_resize075,1.1827392578125,0.7654399721043733
tall_local_seed42,external,1,42,74,face2face_faces_c23/529_633,ffpp_test:46,1,face2face,h264_crf30_then_resize075,-0.72412109375,0.3264861363426351
tall_local_seed42,external,1,42,75,face2face_faces_c23/633_529,ffpp_test:46,1,face2face,h264_crf30_then_resize075,3.188720703125,0.9604076040340346
tall_local_seed42,external,1,42,76,faceswap_faces_c23/529_633,ffpp_test:46,1,faceswap,h264_crf30_then_resize075,2.816650390625,0.9435689760086637
tall_local_seed42,external,1,42,77,faceswap_faces_c23/633_529,ffpp_test:46,1,faceswap,h264_crf30_then_resize075,2.4305419921875,0.9191268296805546
tall_local_seed42,external,1,42,78,neuraltextures_faces_c23/529_633,ffpp_test:46,1,neuraltextures,h264_crf30_then_resize075,-3.3790283203125,0.03295734930920858
tall_local_seed42,external,1,42,79,neuraltextures_faces_c23/633_529,ffpp_test:46,1,neuraltextures,h264_crf30_then_resize075,0.8846435546875,0.707783554728775
tall_local_seed42,external,1,42,80,original_faces_c23/418,ffpp_test:36,0,real,h264_crf30_then_resize075,-3.37255859375,0.03316417123501938
tall_local_seed42,external,1,42,81,original_faces_c23/507,ffpp_test:36,0,real,h264_crf30_then_resize075,-3.529052734375,0.02849680077638012
tall_local_seed42,external,1,42,82,deepfakes_faces_c23/418_507,ffpp_test:36,1,deepfakes,h264_crf30_then_resize075,3.060791015625,0.9552461258116985
tall_local_seed42,external,1,42,83,deepfakes_faces_c23/507_418,ffpp_test:36,1,deepfakes,h264_crf30_then_resize075,-0.0853271484375,0.4786811460425431
tall_local_seed42,external,1,42,84,face2face_faces_c23/418_507,ffpp_test:36,1,face2face,h264_crf30_then_resize075,3.22705078125,0.9618396517219774
tall_local_seed42,external,1,42,85,face2face_faces_c23/507_418,ffpp_test:36,1,face2face,h264_crf30_then_resize075,-2.795654296875,0.0575594617610372
tall_local_seed42,external,1,42,86,faceswap_faces_c23/418_507,ffpp_test:36,1,faceswap,h264_crf30_then_resize075,2.94677734375,0.9501109555126624
tall_local_seed42,external,1,42,87,faceswap_faces_c23/507_418,ffpp_test:36,1,faceswap,h264_crf30_then_resize075,-0.6856689453125,0.33499722946847177
tall_local_seed42,external,1,42,88,neuraltextures_faces_c23/418_507,ffpp_test:36,1,neuraltextures,h264_crf30_then_resize075,-1.53900146484375,0.17668047929315306
tall_local_seed42,external,1,42,89,neuraltextures_faces_c23/507_418,ffpp_test:36,1,neuraltextures,h264_crf30_then_resize075,-2.6903076171875,0.0635477097633373
tall_local_seed42,external,1,42,90,original_faces_c23/227,ffpp_test:16,0,real,h264_crf30_then_resize075,-3.5654296875,0.02750680398169178
tall_local_seed42,external,1,42,91,original_faces_c23/169,ffpp_test:16,0,real,h264_crf30_then_resize075,-3.920654296875,0.01944260674244196
tall_local_seed42,external,1,42,92,deepfakes_faces_c23/227_169,ffpp_test:16,1,deepfakes,h264_crf30_then_resize075,2.99951171875,0.9525520630312544
tall_local_seed42,external,1,42,93,deepfakes_faces_c23/169_227,ffpp_test:16,1,deepfakes,h264_crf30_then_resize075,1.0581512451171875,0.7423370873554519
tall_local_seed42,external,1,42,94,face2face_faces_c23/227_169,ffpp_test:16,1,face2face,h264_crf30_then_resize075,-3.556640625,0.027742891882617367
tall_local_seed42,external,1,42,95,face2face_faces_c23/169_227,ffpp_test:16,1,face2face,h264_crf30_then_resize075,-1.1490478515625,0.24066303982190074
tall_local_seed42,external,1,42,96,faceswap_faces_c23/227_169,ffpp_test:16,1,faceswap,h264_crf30_then_resize075,0.80120849609375,0.6902329307930601
tall_local_seed42,external,1,42,97,faceswap_faces_c23/169_227,ffpp_test:16,1,faceswap,h264_crf30_then_resize075,-1.0504150390625,0.2591454098906225
tall_local_seed42,external,1,42,98,neuraltextures_faces_c23/227_169,ffpp_test:16,1,neuraltextures,h264_crf30_then_resize075,-3.64306640625,0.025504464899951663
tall_local_seed42,external,1,42,99,neuraltextures_faces_c23/169_227,ffpp_test:16,1,neuraltextures,h264_crf30_then_resize075,1.42852783203125,0.8066718313040481
tall_local_seed42,external,1,42,100,original_faces_c23/389,ffpp_test:33,0,real,h264_crf30_then_resize075,-3.285888671875,0.036058476248790466
tall_local_seed42,external,1,42,101,original_faces_c23/480,ffpp_test:33,0,real,h264_crf30_then_resize075,-2.58746337890625,0.06994962710235593
tall_local_seed42,external,1,42,102,deepfakes_faces_c23/389_480,ffpp_test:33,1,deepfakes,h264_crf30_then_resize075,2.758056640625,0.9403667492315074
tall_local_seed42,external,1,42,103,deepfakes_faces_c23/480_389,ffpp_test:33,1,deepfakes,h264_crf30_then_resize075,-0.9823455810546875,0.2724266171155709
tall_local_seed42,external,1,42,104,face2face_faces_c23/389_480,ffpp_test:33,1,face2face,h264_crf30_then_resize075,-3.18017578125,0.03991859657357964
tall_local_seed42,external,1,42,105,face2face_faces_c23/480_389,ffpp_test:33,1,face2face,h264_crf30_then_resize075,0.57763671875,0.6405234342529234
tall_local_seed42,external,1,42,106,faceswap_faces_c23/389_480,ffpp_test:33,1,faceswap,h264_crf30_then_resize075,1.8385772705078125,0.8627803568133828
tall_local_seed42,external,1,42,107,faceswap_faces_c23/480_389,ffpp_test:33,1,faceswap,h264_crf30_then_resize075,0.9281005859375,0.716689776722701
tall_local_seed42,external,1,42,108,neuraltextures_faces_c23/389_480,ffpp_test:33,1,neuraltextures,h264_crf30_then_resize075,-3.47265625,0.030100337240429473
tall_local_seed42,external,1,42,109,neuraltextures_faces_c23/480_389,ffpp_test:33,1,neuraltextures,h264_crf30_then_resize075,1.19805908203125,0.7681793250434562
tall_local_seed42,external,1,42,110,original_faces_c23/821,ffpp_test:64,0,real,h264_crf30_then_resize075,-3.258056640625,0.037038460015732966
tall_local_seed42,external,1,42,111,original_faces_c23/812,ffpp_test:64,0,real,h264_crf30_then_resize075,-3.570068359375,0.027382990264988
tall_local_seed42,external,1,42,112,deepfakes_faces_c23/821_812,ffpp_test:64,1,deepfakes,h264_crf30_then_resize075,0.91015625,0.7130321352710473
tall_local_seed42,external,1,42,113,deepfakes_faces_c23/812_821,ffpp_test:64,1,deepfakes,h264_crf30_then_resize075,1.644195556640625,0.8381050193519087
tall_local_seed42,external,1,42,114,face2face_faces_c23/821_812,ffpp_test:64,1,face2face,h264_crf30_then_resize075,1.4454345703125,0.8092948153305848
tall_local_seed42,external,1,42,115,face2face_faces_c23/812_821,ffpp_test:64,1,face2face,h264_crf30_then_resize075,-2.01885986328125,0.1172369349183686
tall_local_seed42,external,1,42,116,faceswap_faces_c23/821_812,ffpp_test:64,1,faceswap,h264_crf30_then_resize075,1.97882080078125,0.8785554026484754
tall_local_seed42,external,1,42,117,faceswap_faces_c23/812_821,ffpp_test:64,1,faceswap,h264_crf30_then_resize075,-0.72076416015625,0.3272247318564542
tall_local_seed42,external,1,42,118,neuraltextures_faces_c23/821_812,ffpp_test:64,1,neuraltextures,h264_crf30_then_resize075,-0.0919189453125,0.4770364298395704
tall_local_seed42,external,1,42,119,neuraltextures_faces_c23/812_821,ffpp_test:64,1,neuraltextures,h264_crf30_then_resize075,0.38330078125,0.59466896391219
tall_local_seed42,external,1,42,120,original_faces_c23/670,ffpp_test:54,0,real,h264_crf30_then_resize075,-1.542236328125,0.17621041361271156
tall_local_seed42,external,1,42,121,original_faces_c23/661,ffpp_test:54,0,real,h264_crf30_then_resize075,-3.207763671875,0.03887460510379198
tall_local_seed42,external,1,42,122,deepfakes_faces_c23/670_661,ffpp_test:54,1,deepfakes,h264_crf30_then_resize075,2.975341796875,0.9514476374034393
tall_local_seed42,external,1,42,123,deepfakes_faces_c23/661_670,ffpp_test:54,1,deepfakes,h264_crf30_then_resize075,2.98046875,0.9516839297321508
tall_local_seed42,external,1,42,124,face2face_faces_c23/670_661,ffpp_test:54,1,face2face,h264_crf30_then_resize075,1.78106689453125,0.8558285557807438
tall_local_seed42,external,1,42,125,face2face_faces_c23/661_670,ffpp_test:54,1,face2face,h264_crf30_then_resize075,2.2769775390625,0.9069522954580285
tall_local_seed42,external,1,42,126,faceswap_faces_c23/670_661,ffpp_test:54,1,faceswap,h264_crf30_then_resize075,2.905517578125,0.9481185174913018
tall_local_seed42,external,1,42,127,faceswap_faces_c23/661_670,ffpp_test:54,1,faceswap,h264_crf30_then_resize075,2.940185546875,0.9497975748205331
tall_local_seed42,external,1,42,128,neuraltextures_faces_c23/670_661,ffpp_test:54,1,neuraltextures,h264_crf30_then_resize075,2.376220703125,0.9149959473946455
tall_local_seed42,external,1,42,129,neuraltextures_faces_c23/661_670,ffpp_test:54,1,neuraltextures,h264_crf30_then_resize075,-0.92364501953125,0.2842157789611223
tall_local_seed42,external,1,42,130,original_faces_c23/158,ffpp_test:15,0,real,h264_crf30_then_resize075,-3.9189453125,0.0194752146036805
tall_local_seed42,external,1,42,131,original_faces_c23/379,ffpp_test:15,0,real,h264_crf30_then_resize075,-2.8408203125,0.05515777127229732
tall_local_seed42,external,1,42,132,deepfakes_faces_c23/158_379,ffpp_test:15,1,deepfakes,h264_crf30_then_resize075,-2.2490234375,0.09543373446679537
tall_local_seed42,external,1,42,133,deepfakes_faces_c23/379_158,ffpp_test:15,1,deepfakes,h264_crf30_then_resize075,-2.352294921875,0.08688353261203131
tall_local_seed42,external,1,42,134,face2face_faces_c23/158_379,ffpp_test:15,1,face2face,h264_crf30_then_resize075,2.4755859375,0.9224124820202099
tall_local_seed42,external,1,42,135,face2face_faces_c23/379_158,ffpp_test:15,1,face2face,h264_crf30_then_resize075,-3.240234375,0.03767939123112169
tall_local_seed42,external,1,42,136,faceswap_faces_c23/158_379,ffpp_test:15,1,faceswap,h264_crf30_then_resize075,-1.617919921875,0.16549193819546384
tall_local_seed42,external,1,42,137,faceswap_faces_c23/379_158,ffpp_test:15,1,faceswap,h264_crf30_then_resize075,-0.071685791015625,0.4820862229441747
tall_local_seed42,external,1,42,138,neuraltextures_faces_c23/158_379,ffpp_test:15,1,neuraltextures,h264_crf30_then_resize075,0.5853271484375,0.6422922597622713
tall_local_seed42,external,1,42,139,neuraltextures_faces_c23/379_158,ffpp_test:15,1,neuraltextures,h264_crf30_then_resize075,-3.492431640625,0.029528342291339004
tall_local_seed42,external,1,42,140,original_faces_c23/423,ffpp_test:37,0,real,h264_crf30_then_resize075,-3.872802734375,0.020376166723836152
tall_local_seed42,external,1,42,141,original_faces_c23/421,ffpp_test:37,0,real,h264_crf30_then_resize075,-3.51611328125,0.02885721996934043
tall_local_seed42,external,1,42,142,deepfakes_faces_c23/423_421,ffpp_test:37,1,deepfakes,h264_crf30_then_resize075,2.962890625,0.9508692112458993
tall_local_seed42,external,1,42,143,deepfakes_faces_c23/421_423,ffpp_test:37,1,deepfakes,h264_crf30_then_resize075,3.02294921875,0.9536001938755921
tall_local_seed42,external,1,42,144,face2face_faces_c23/423_421,ffpp_test:37,1,face2face,h264_crf30_then_resize075,-0.8238525390625,0.3049464852843704
tall_local_seed42,external,1,42,145,face2face_faces_c23/421_423,ffpp_test:37,1,face2face,h264_crf30_then_resize075,-0.77490234375,0.31541958621743976
tall_local_seed42,external,1,42,146,faceswap_faces_c23/423_421,ffpp_test:37,1,faceswap,h264_crf30_then_resize075,-0.0848388671875,0.4788029957003571
tall_local_seed42,external,1,42,147,faceswap_faces_c23/421_423,ffpp_test:37,1,faceswap,h264_crf30_then_resize075,0.210662841796875,0.5524718007221544
tall_local_seed42,external,1,42,148,neuraltextures_faces_c23/423_421,ffpp_test:37,1,neuraltextures,h264_crf30_then_resize075,-3.758544921875,0.02278632135169271
tall_local_seed42,external,1,42,149,neuraltextures_faces_c23/421_423,ffpp_test:37,1,neuraltextures,h264_crf30_then_resize075,1.178955078125,0.7647598720180508
tall_local_seed42,external,1,42,150,original_faces_c23/352,ffpp_test:28,0,real,h264_crf30_then_resize075,-1.6834716796875,0.15663630834371897
tall_local_seed42,external,1,42,151,original_faces_c23/319,ffpp_test:28,0,real,h264_crf30_then_resize075,-3.555419921875,0.02777583716963789
tall_local_seed42,external,1,42,152,deepfakes_faces_c23/352_319,ffpp_test:28,1,deepfakes,h264_crf30_then_resize075,-4.090087890625,0.016462221647003637
tall_local_seed42,external,1,42,153,deepfakes_faces_c23/319_352,ffpp_test:28,1,deepfakes,h264_crf30_then_resize075,-0.86785888671875,0.29570001836328885
tall_local_seed42,external,1,42,154,face2face_faces_c23/352_319,ffpp_test:28,1,face2face,h264_crf30_then_resize075,1.70257568359375,0.8458708346855535
tall_local_seed42,external,1,42,155,face2face_faces_c23/319_352,ffpp_test:28,1,face2face,h264_crf30_then_resize075,1.19140625,0.7669924765752232
tall_local_seed42,external,1,42,156,faceswap_faces_c23/352_319,ffpp_test:28,1,faceswap,h264_crf30_then_resize075,-1.31787109375,0.21117270605672134
tall_local_seed42,external,1,42,157,faceswap_faces_c23/319_352,ffpp_test:28,1,faceswap,h264_crf30_then_resize075,-2.683349609375,0.06396303622569345
tall_local_seed42,external,1,42,158,neuraltextures_faces_c23/352_319,ffpp_test:28,1,neuraltextures,h264_crf30_then_resize075,0.698333740234375,0.6678182374532974
tall_local_seed42,external,1,42,159,neuraltextures_faces_c23/319_352,ffpp_test:28,1,neuraltextures,h264_crf30_then_resize075,0.319580078125,0.5792219105624486
tall_local_seed42,external,1,42,160,original_faces_c23/579,ffpp_test:48,0,real,h264_crf30_then_resize075,-3.0982666015625,0.0431788125811576
tall_local_seed42,external,1,42,161,original_faces_c23/701,ffpp_test:48,0,real,h264_crf30_then_resize075,-2.873046875,0.053502149195322694
tall_local_seed42,external,1,42,162,deepfakes_faces_c23/579_701,ffpp_test:48,1,deepfakes,h264_crf30_then_resize075,-1.3863525390625,0.19999069169164657
tall_local_seed42,external,1,42,163,deepfakes_faces_c23/701_579,ffpp_test:48,1,deepfakes,h264_crf30_then_resize075,-2.83251953125,0.05559197054141608
tall_local_seed42,external,1,42,164,face2face_faces_c23/579_701,ffpp_test:48,1,face2face,h264_crf30_then_resize075,2.92669677734375,0.9491504851793706
tall_local_seed42,external,1,42,165,face2face_faces_c23/701_579,ffpp_test:48,1,face2face,h264_crf30_then_resize075,-1.258056640625,0.2213086121102187
tall_local_seed42,external,1,42,166,faceswap_faces_c23/579_701,ffpp_test:48,1,faceswap,h264_crf30_then_resize075,-0.9832763671875,0.27224216474979585
tall_local_seed42,external,1,42,167,faceswap_faces_c23/701_579,ffpp_test:48,1,faceswap,h264_crf30_then_resize075,-0.4068603515625,0.39966518833965214
tall_local_seed42,external,1,42,168,neuraltextures_faces_c23/579_701,ffpp_test:48,1,neuraltextures,h264_crf30_then_resize075,-2.427734375,0.08108211382389394
tall_local_seed42,external,1,42,169,neuraltextures_faces_c23/701_579,ffpp_test:48,1,neuraltextures,h264_crf30_then_resize075,-3.054443359375,0.045026028160064624
tall_local_seed42,external,1,42,170,original_faces_c23/488,ffpp_test:34,0,real,h264_crf30_then_resize075,-2.696533203125,0.06317823401206535
tall_local_seed42,external,1,42,171,original_faces_c23/399,ffpp_test:34,0,real,h264_crf30_then_resize075,-3.3336181640625,0.03443572381562933
tall_local_seed42,external,1,42,172,deepfakes_faces_c23/488_399,ffpp_test:34,1,deepfakes,h264_crf30_then_resize075,3.00341796875,0.9527283005945526
tall_local_seed42,external,1,42,173,deepfakes_faces_c23/399_488,ffpp_test:34,1,deepfakes,h264_crf30_then_resize075,1.3511962890625,0.7943251380041755
tall_local_seed42,external,1,42,174,face2face_faces_c23/488_399,ffpp_test:34,1,face2face,h264_crf30_then_resize075,2.919921875,0.9488225055941706
tall_local_seed42,external,1,42,175,face2face_faces_c23/399_488,ffpp_test:34,1,face2face,h264_crf30_then_resize075,2.927978515625,0.9492123111915409
tall_local_seed42,external,1,42,176,faceswap_faces_c23/488_399,ffpp_test:34,1,faceswap,h264_crf30_then_resize075,3.173583984375,0.9598280045561591
tall_local_seed42,external,1,42,177,faceswap_faces_c23/399_488,ffpp_test:34,1,faceswap,h264_crf30_then_resize075,3.3525390625,0.9661878823698433
tall_local_seed42,external,1,42,178,neuraltextures_faces_c23/488_399,ffpp_test:34,1,neuraltextures,h264_crf30_then_resize075,-0.24017333984375,0.4402436342954557
tall_local_seed42,external,1,42,179,neuraltextures_faces_c23/399_488,ffpp_test:34,1,neuraltextures,h264_crf30_then_resize075,0.66668701171875,0.660760929244674
tall_local_seed42,external,1,42,180,original_faces_c23/695,ffpp_test:38,0,real,h264_crf30_then_resize075,-2.71728515625,0.06196107060957018
tall_local_seed42,external,1,42,181,original_faces_c23/422,ffpp_test:38,0,real,h264_crf30_then_resize075,-3.054443359375,0.045026028160064624
tall_local_seed42,external,1,42,182,deepfakes_faces_c23/695_422,ffpp_test:38,1,deepfakes,h264_crf30_then_resize075,-3.62353515625,0.025994419410712274
tall_local_seed42,external,1,42,183,deepfakes_faces_c23/422_695,ffpp_test:38,1,deepfakes,h264_crf30_then_resize075,2.2286376953125,0.9027918704976241
tall_local_seed42,external,1,42,184,face2face_faces_c23/695_422,ffpp_test:38,1,face2face,h264_crf30_then_resize075,-2.634185791015625,0.06697042525765078
tall_local_seed42,external,1,42,185,face2face_faces_c23/422_695,ffpp_test:38,1,face2face,h264_crf30_then_resize075,3.112548828125,0.9574074143212209
tall_local_seed42,external,1,42,186,faceswap_faces_c23/695_422,ffpp_test:38,1,faceswap,h264_crf30_then_resize075,-2.63623046875,0.06684277584333377
tall_local_seed42,external,1,42,187,faceswap_faces_c23/422_695,ffpp_test:38,1,faceswap,h264_crf30_then_resize075,-0.365875244140625,0.4095380827258592
tall_local_seed42,external,1,42,188,neuraltextures_faces_c23/695_422,ffpp_test:38,1,neuraltextures,h264_crf30_then_resize075,-2.91455078125,0.051438935520676674
tall_local_seed42,external,1,42,189,neuraltextures_faces_c23/422_695,ffpp_test:38,1,neuraltextures,h264_crf30_then_resize075,-3.0067138671875,0.047123483039299266
tall_local_seed42,external,1,42,190,original_faces_c23/288,ffpp_test:25,0,real,h264_crf30_then_resize075,-3.44384765625,0.03095286601631557
tall_local_seed42,external,1,42,191,original_faces_c23/321,ffpp_test:25,0,real,h264_crf30_then_resize075,-3.264404296875,0.03681272475086589
tall_local_seed42,external,1,42,192,deepfakes_faces_c23/288_321,ffpp_test:25,1,deepfakes,h264_crf30_then_resize075,2.5479736328125,0.9274372634839799
tall_local_seed42,external,1,42,193,deepfakes_faces_c23/321_288,ffpp_test:25,1,deepfakes,h264_crf30_then_resize075,2.89111328125,0.9474053822532723
tall_local_seed42,external,1,42,194,face2face_faces_c23/288_321,ffpp_test:25,1,face2face,h264_crf30_then_resize075,-0.41552734375,0.3975875113039885
tall_local_seed42,external,1,42,195,face2face_faces_c23/321_288,ffpp_test:25,1,face2face,h264_crf30_then_resize075,-0.20361328125,0.44927181767988744
tall_local_seed42,external,1,42,196,faceswap_faces_c23/288_321,ffpp_test:25,1,faceswap,h264_crf30_then_resize075,2.07867431640625,0.8888130909414604
tall_local_seed42,external,1,42,197,faceswap_faces_c23/321_288,ffpp_test:25,1,faceswap,h264_crf30_then_resize075,2.653076171875,0.9342003357588091
tall_local_seed42,external,1,42,198,neuraltextures_faces_c23/288_321,ffpp_test:25,1,neuraltextures,h264_crf30_then_resize075,-1.89984130859375,0.13012643615179414
tall_local_seed42,external,1,42,199,neuraltextures_faces_c23/321_288,ffpp_test:25,1,neuraltextures,h264_crf30_then_resize075,-0.8412628173828125,0.3012688867368738
tall_local_seed42,external,1,42,200,original_faces_c23/705,ffpp_test:57,0,real,h264_crf30_then_resize075,-3.521728515625,0.02870027157275259
tall_local_seed42,external,1,42,201,original_faces_c23/707,ffpp_test:57,0,real,h264_crf30_then_resize075,-2.667236328125,0.06493457180887748
tall_local_seed42,external,1,42,202,deepfakes_faces_c23/705_707,ffpp_test:57,1,deepfakes,h264_crf30_then_resize075,2.8193359375,0.9437118019272517
tall_local_seed42,external,1,42,203,deepfakes_faces_c23/707_705,ffpp_test:57,1,deepfakes,h264_crf30_then_resize075,-0.2039794921875,0.44918120901814157
tall_local_seed42,external,1,42,204,face2face_faces_c23/705_707,ffpp_test:57,1,face2face,h264_crf30_then_resize075,2.009521484375,0.881793153710545
tall_local_seed42,external,1,42,205,face2face_faces_c23/707_705,ffpp_test:57,1,face2face,h264_crf30_then_resize075,0.03240966796875,0.5081017078441706
tall_local_seed42,external,1,42,206,faceswap_faces_c23/705_707,ffpp_test:57,1,faceswap,h264_crf30_then_resize075,2.7999267578125,0.9426718661030714
tall_local_seed42,external,1,42,207,faceswap_faces_c23/707_705,ffpp_test:57,1,faceswap,h264_crf30_then_resize075,1.95709228515625,0.8762179263135824
tall_local_seed42,external,1,42,208,neuraltextures_faces_c23/705_707,ffpp_test:57,1,neuraltextures,h264_crf30_then_resize075,3.127685546875,0.9580204104873816
tall_local_seed42,external,1,42,209,neuraltextures_faces_c23/707_705,ffpp_test:57,1,neuraltextures,h264_crf30_then_resize075,-2.48583984375,0.07685684078560089
tall_local_seed42,external,1,42,210,original_faces_c23/306,ffpp_test:24,0,real,h264_crf30_then_resize075,-4.02978515625,0.01746760734044927
tall_local_seed42,external,1,42,211,original_faces_c23/278,ffpp_test:24,0,real,h264_crf30_then_resize075,-2.85205078125,0.05457540648729001
tall_local_seed42,external,1,42,212,deepfakes_faces_c23/306_278,ffpp_test:24,1,deepfakes,h264_crf30_then_resize075,3.345458984375,0.965955819311846
tall_local_seed42,external,1,42,213,deepfakes_faces_c23/278_306,ffpp_test:24,1,deepfakes,h264_crf30_then_resize075,2.564697265625,0.92855470638795
tall_local_seed42,external,1,42,214,face2face_faces_c23/306_278,ffpp_test:24,1,face2face,h264_crf30_then_resize075,2.644775390625,0.9336882434235394
tall_local_seed42,external,1,42,215,face2face_faces_c23/278_306,ffpp_test:24,1,face2face,h264_crf30_then_resize075,2.990478515625,0.9521421196307919
tall_local_seed42,external,1,42,216,faceswap_faces_c23/306_278,ffpp_test:24,1,faceswap,h264_crf30_then_resize075,2.35595703125,0.9134065608454603
tall_local_seed42,external,1,42,217,faceswap_faces_c23/278_306,ffpp_test:24,1,faceswap,h264_crf30_then_resize075,1.364501953125,0.7964904088819706
tall_local_seed42,external,1,42,218,neuraltextures_faces_c23/306_278,ffpp_test:24,1,neuraltextures,h264_crf30_then_resize075,2.0232086181640625,0.8832123797065533
tall_local_seed42,external,1,42,219,neuraltextures_faces_c23/278_306,ffpp_test:24,1,neuraltextures,h264_crf30_then_resize075,2.31640625,0.910226713428791
tall_local_seed42,external,1,42,220,original_faces_c23/865,ffpp_test:61,0,real,h264_crf30_then_resize075,-2.2947998046875,0.091554555640261
tall_local_seed42,external,1,42,221,original_faces_c23/739,ffpp_test:61,0,real,h264_crf30_then_resize075,-3.097900390625,0.04319394489867225
tall_local_seed42,external,1,42,222,deepfakes_faces_c23/865_739,ffpp_test:61,1,deepfakes,h264_crf30_then_resize075,2.996337890625,0.9524084104842299
tall_local_seed42,external,1,42,223,deepfakes_faces_c23/739_865,ffpp_test:61,1,deepfakes,h264_crf30_then_resize075,2.73876953125,0.9392759528072545
tall_local_seed42,external,1,42,224,face2face_faces_c23/865_739,ffpp_test:61,1,face2face,h264_crf30_then_resize075,-0.69970703125,0.3318771859754489
tall_local_seed42,external,1,42,225,face2face_faces_c23/739_865,ffpp_test:61,1,face2face,h264_crf30_then_resize075,1.25341796875,0.7778909671001083
tall_local_seed42,external,1,42,226,faceswap_faces_c23/865_739,ffpp_test:61,1,faceswap,h264_crf30_then_resize075,2.96240234375,0.9508463952105135
tall_local_seed42,external,1,42,227,faceswap_faces_c23/739_865,ffpp_test:61,1,faceswap,h264_crf30_then_resize075,2.533203125,0.9264369496610249
tall_local_seed42,external,1,42,228,neuraltextures_faces_c23/865_739,ffpp_test:61,1,neuraltextures,h264_crf30_then_resize075,-2.90216064453125,0.05204685800132216
tall_local_seed42,external,1,42,229,neuraltextures_faces_c23/739_865,ffpp_test:61,1,neuraltextures,h264_crf30_then_resize075,-2.6268310546875,0.06743145502421284
tall_local_seed42,external,1,42,230,original_faces_c23/995,ffpp_test:21,0,real,h264_crf30_then_resize075,-3.286376953125,0.03604150828506682
tall_local_seed42,external,1,42,231,original_faces_c23/233,ffpp_test:21,0,real,h264_crf30_then_resize075,-3.428955078125,0.03140269962992739
tall_local_seed42,external,1,42,232,deepfakes_faces_c23/995_233,ffpp_test:21,1,deepfakes,h264_crf30_then_resize075,0.243194580078125,0.5605007524917132
tall_local_seed42,external,1,42,233,deepfakes_faces_c23/233_995,ffpp_test:21,1,deepfakes,h264_crf30_then_resize075,-0.021728515625,0.49456808480551684
tall_local_seed42,external,1,42,234,face2face_faces_c23/995_233,ffpp_test:21,1,face2face,h264_crf30_then_resize075,0.8848876953125,0.7078340467946773
tall_local_seed42,external,1,42,235,face2face_faces_c23/233_995,ffpp_test:21,1,face2face,h264_crf30_then_resize075,-2.434814453125,0.0805561549222303
tall_local_seed42,external,1,42,236,faceswap_faces_c23/995_233,ffpp_test:21,1,faceswap,h264_crf30_then_resize075,3.262939453125,0.9631353002258839
tall_local_seed42,external,1,42,237,faceswap_faces_c23/233_995,ffpp_test:21,1,faceswap,h264_crf30_then_resize075,-0.08154296875,0.47962554614112024
tall_local_seed42,external,1,42,238,neuraltextures_faces_c23/995_233,ffpp_test:21,1,neuraltextures,h264_crf30_then_resize075,-2.878662109375,0.053218507472942884
tall_local_seed42,external,1,42,239,neuraltextures_faces_c23/233_995,ffpp_test:21,1,neuraltextures,h264_crf30_then_resize075,-3.21826171875,0.03848425592479814
tall_local_seed42,external,1,42,240,original_faces_c23/755,ffpp_test:62,0,real,h264_crf30_then_resize075,-3.431396484375,0.03132852532056714
tall_local_seed42,external,1,42,241,original_faces_c23/759,ffpp_test:62,0,real,h264_crf30_then_resize075,-2.56243896484375,0.07159525630719783
tall_local_seed42,external,1,42,242,deepfakes_faces_c23/755_759,ffpp_test:62,1,deepfakes,h264_crf30_then_resize075,3.2822265625,0.9638140187029393
tall_local_seed42,external,1,42,243,deepfakes_faces_c23/759_755,ffpp_test:62,1,deepfakes,h264_crf30_then_resize075,1.636962890625,0.8371212536805814
tall_local_seed42,external,1,42,244,face2face_faces_c23/755_759,ffpp_test:62,1,face2face,h264_crf30_then_resize075,0.982666015625,0.7276368917027364
tall_local_seed42,external,1,42,245,face2face_faces_c23/759_755,ffpp_test:62,1,face2face,h264_crf30_then_resize075,-0.9075927734375,0.2874926827229539
tall_local_seed42,external,1,42,246,faceswap_faces_c23/755_759,ffpp_test:62,1,faceswap,h264_crf30_then_resize075,-3.08154296875,0.043875042248100384
tall_local_seed42,external,1,42,247,faceswap_faces_c23/759_755,ffpp_test:62,1,faceswap,h264_crf30_then_resize075,-0.758636474609375,0.3189423755071969
tall_local_seed42,external,1,42,248,neuraltextures_faces_c23/755_759,ffpp_test:62,1,neuraltextures,h264_crf30_then_resize075,1.835205078125,0.8623806329359737
tall_local_seed42,external,1,42,249,neuraltextures_faces_c23/759_755,ffpp_test:62,1,neuraltextures,h264_crf30_then_resize075,-0.76348876953125,0.3178892962896508
tall_local_seed42,external,1,42,250,original_faces_c23/467,ffpp_test:43,0,real,h264_crf30_then_resize075,-3.343994140625,0.03409238522391922
tall_local_seed42,external,1,42,251,original_faces_c23/462,ffpp_test:43,0,real,h264_crf30_then_resize075,-2.599853515625,0.06914784842360926
tall_local_seed42,external,1,42,252,deepfakes_faces_c23/467_462,ffpp_test:43,1,deepfakes,h264_crf30_then_resize075,-2.0015869140625,0.11903640688371861
tall_local_seed42,external,1,42,253,deepfakes_faces_c23/462_467,ffpp_test:43,1,deepfakes,h264_crf30_then_resize075,2.975341796875,0.9514476374034393
tall_local_seed42,external,1,42,254,face2face_faces_c23/467_462,ffpp_test:43,1,face2face,h264_crf30_then_resize075,0.86376953125,0.7034476153351108
tall_local_seed42,external,1,42,255,face2face_faces_c23/462_467,ffpp_test:43,1,face2face,h264_crf30_then_resize075,0.07354736328125,0.518378557103736
tall_local_seed42,external,1,42,256,faceswap_faces_c23/467_462,ffpp_test:43,1,faceswap,h264_crf30_then_resize075,0.781005859375,0.6858968591636415
tall_local_seed42,external,1,42,257,faceswap_faces_c23/462_467,ffpp_test:43,1,faceswap,h264_crf30_then_resize075,2.788330078125,0.9420419360568371
tall_local_seed42,external,1,42,258,neuraltextures_faces_c23/467_462,ffpp_test:43,1,neuraltextures,h264_crf30_then_resize075,-0.721710205078125,0.32701649534285454
tall_local_seed42,external,1,42,259,neuraltextures_faces_c23/462_467,ffpp_test:43,1,neuraltextures,h264_crf30_then_resize075,-3.230712890625,0.03802616081931632
tall_local_seed42,external,1,42,260,original_faces_c23/314,ffpp_test:27,0,real,h264_crf30_then_resize075,-0.1854248046875,0.45377616337232674
tall_local_seed42,external,1,42,261,original_faces_c23/347,ffpp_test:27,0,real,h264_crf30_then_resize075,-3.616943359375,0.026161837701688784
tall_local_seed42,external,1,42,262,deepfakes_faces_c23/314_347,ffpp_test:27,1,deepfakes,h264_crf30_then_resize075,3.119384765625,0.9576853033190085
tall_local_seed42,external,1,42,263,deepfakes_faces_c23/347_314,ffpp_test:27,1,deepfakes,h264_crf30_then_resize075,2.7890625,0.9420819125605256
tall_local_seed42,external,1,42,264,face2face_faces_c23/314_347,ffpp_test:27,1,face2face,h264_crf30_then_resize075,2.974609375,0.9514137919629646
tall_local_seed42,external,1,42,265,face2face_faces_c23/347_314,ffpp_test:27,1,face2face,h264_crf30_then_resize075,-0.163909912109375,0.4591140194712287
tall_local_seed42,external,1,42,266,faceswap_faces_c23/314_347,ffpp_test:27,1,faceswap,h264_crf30_then_resize075,1.71014404296875,0.8468549663360195
tall_local_seed42,external,1,42,267,faceswap_faces_c23/347_314,ffpp_test:27,1,faceswap,h264_crf30_then_resize075,1.709442138671875,0.8467639130580189
tall_local_seed42,external,1,42,268,neuraltextures_faces_c23/314_347,ffpp_test:27,1,neuraltextures,h264_crf30_then_resize075,2.3282470703125,0.9111895864067663
tall_local_seed42,external,1,42,269,neuraltextures_faces_c23/347_314,ffpp_test:27,1,neuraltextures,h264_crf30_then_resize075,-2.2073440551757812,0.09909292637963746
tall_local_seed42,external,1,42,270,original_faces_c23/741,ffpp_test:60,0,real,h264_crf30_then_resize075,-2.9269256591796875,0.050838469239500396
tall_local_seed42,external,1,42,271,original_faces_c23/731,ffpp_test:60,0,real,h264_crf30_then_resize075,-2.994384765625,0.047680196355967666
tall_local_seed42,external,1,42,272,deepfakes_faces_c23/741_731,ffpp_test:60,1,deepfakes,h264_crf30_then_resize075,-2.673828125,0.06453547659922156
tall_local_seed42,external,1,42,273,deepfakes_faces_c23/731_741,ffpp_test:60,1,deepfakes,h264_crf30_then_resize075,1.95977783203125,0.8765089067535646
tall_local_seed42,external,1,42,274,face2face_faces_c23/741_731,ffpp_test:60,1,face2face,h264_crf30_then_resize075,1.814483642578125,0.8599028903997719
tall_local_seed42,external,1,42,275,face2face_faces_c23/731_741,ffpp_test:60,1,face2face,h264_crf30_then_resize075,-3.104400634765625,0.04292609760234661
tall_local_seed42,external,1,42,276,faceswap_faces_c23/741_731,ffpp_test:60,1,faceswap,h264_crf30_then_resize075,-2.20074462890625,0.09968364112517944
tall_local_seed42,external,1,42,277,faceswap_faces_c23/731_741,ffpp_test:60,1,faceswap,h264_crf30_then_resize075,2.5943603515625,0.9304977383387473
tall_local_seed42,external,1,42,278,neuraltextures_faces_c23/741_731,ffpp_test:60,1,neuraltextures,h264_crf30_then_resize075,-2.87738037109375,0.053283126515553746
tall_local_seed42,external,1,42,279,neuraltextures_faces_c23/731_741,ffpp_test:60,1,neuraltextures,h264_crf30_then_resize075,-2.44921875,0.07949569926013912
tall_local_seed42,external,1,42,280,original_faces_c23/970,ffpp_test:69,0,real,h264_crf30_then_resize075,-2.9169921875,0.0513199424260605
tall_local_seed42,external,1,42,281,original_faces_c23/973,ffpp_test:69,0,real,h264_crf30_then_resize075,-3.3564453125,0.033684737030256914
tall_local_seed42,external,1,42,282,deepfakes_faces_c23/970_973,ffpp_test:69,1,deepfakes,h264_crf30_then_resize075,1.68377685546875,0.8434040015724386
tall_local_seed42,external,1,42,283,deepfakes_faces_c23/973_970,ffpp_test:69,1,deepfakes,h264_crf30_then_resize075,3.06884765625,0.9555892944579772
tall_local_seed42,external,1,42,284,face2face_faces_c23/970_973,ffpp_test:69,1,face2face,h264_crf30_then_resize075,-0.786712646484375,0.3128749634407521
tall_local_seed42,external,1,42,285,face2face_faces_c23/973_970,ffpp_test:69,1,face2face,h264_crf30_then_resize075,-1.53594970703125,0.17712483978187202
tall_local_seed42,external,1,42,286,faceswap_faces_c23/970_973,ffpp_test:69,1,faceswap,h264_crf30_then_resize075,3.416259765625,0.9682088468189596
tall_local_seed42,external,1,42,287,faceswap_faces_c23/973_970,ffpp_test:69,1,faceswap,h264_crf30_then_resize075,1.276885986328125,0.7819192361931052
tall_local_seed42,external,1,42,288,neuraltextures_faces_c23/970_973,ffpp_test:69,1,neuraltextures,h264_crf30_then_resize075,-2.44903564453125,0.07950909924200036
tall_local_seed42,external,1,42,289,neuraltextures_faces_c23/973_970,ffpp_test:69,1,neuraltextures,h264_crf30_then_resize075,2.287933349609375,0.9078727414310978
tall_local_seed42,external,1,42,290,original_faces_c23/634,ffpp_test:53,0,real,h264_crf30_then_resize075,-3.293701171875,0.03578790938016567
tall_local_seed42,external,1,42,291,original_faces_c23/660,ffpp_test:53,0,real,h264_crf30_then_resize075,-3.233154296875,0.037936954416144884
tall_local_seed42,external,1,42,292,deepfakes_faces_c23/634_660,ffpp_test:53,1,deepfakes,h264_crf30_then_resize075,-1.08123779296875,0.2532718473114132
tall_local_seed42,external,1,42,293,deepfakes_faces_c23/660_634,ffpp_test:53,1,deepfakes,h264_crf30_then_resize075,0.68389892578125,0.6646083409553678
tall_local_seed42,external,1,42,294,face2face_faces_c23/634_660,ffpp_test:53,1,face2face,h264_crf30_then_resize075,0.0029296875,0.5007324213511315
tall_local_seed42,external,1,42,295,face2face_faces_c23/660_634,ffpp_test:53,1,face2face,h264_crf30_then_resize075,2.921630859375,0.9489054274462909
tall_local_seed42,external,1,42,296,faceswap_faces_c23/634_660,ffpp_test:53,1,faceswap,h264_crf30_then_resize075,1.56201171875,0.8266418320305405
tall_local_seed42,external,1,42,297,faceswap_faces_c23/660_634,ffpp_test:53,1,faceswap,h264_crf30_then_resize075,2.24749755859375,0.904434460962105
tall_local_seed42,external,1,42,298,neuraltextures_faces_c23/634_660,ffpp_test:53,1,neuraltextures,h264_crf30_then_resize075,-3.361083984375,0.033534074077108296
tall_local_seed42,external,1,42,299,neuraltextures_faces_c23/660_634,ffpp_test:53,1,neuraltextures,h264_crf30_then_resize075,-2.0665283203125,0.11239291013648632
tall_local_seed42,external,1,42,300,original_faces_c23/494,ffpp_test:40,0,real,h264_crf30_then_resize075,-3.712158203125,0.0238424078524212
tall_local_seed42,external,1,42,301,original_faces_c23/445,ffpp_test:40,0,real,h264_crf30_then_resize075,-3.882568359375,0.020182145595888802
tall_local_seed42,external,1,42,302,deepfakes_faces_c23/494_445,ffpp_test:40,1,deepfakes,h264_crf30_then_resize075,2.512939453125,0.9250439600538877
tall_local_seed42,external,1,42,303,deepfakes_faces_c23/445_494,ffpp_test:40,1,deepfakes,h264_crf30_then_resize075,3.3408203125,0.9658029456284928
tall_local_seed42,external,1,42,304,face2face_faces_c23/494_445,ffpp_test:40,1,face2face,h264_crf30_then_resize075,1.7947998046875,0.8575147390289908
tall_local_seed42,external,1,42,305,face2face_faces_c23/445_494,ffpp_test:40,1,face2face,h264_crf30_then_resize075,2.400634765625,0.9168756947528593
tall_local_seed42,external,1,42,306,faceswap_faces_c23/494_445,ffpp_test:40,1,faceswap,h264_crf30_then_resize075,2.160247802734375,0.8966225197777242
tall_local_seed42,external,1,42,307,faceswap_faces_c23/445_494,ffpp_test:40,1,faceswap,h264_crf30_then_resize075,3.010498046875,0.9530461465450237
tall_local_seed42,external,1,42,308,neuraltextures_faces_c23/494_445,ffpp_test:40,1,neuraltextures,h264_crf30_then_resize075,-0.7454833984375,0.32180624111080575
tall_local_seed42,external,1,42,309,neuraltextures_faces_c23/445_494,ffpp_test:40,1,neuraltextures,h264_crf30_then_resize075,2.24609375,0.904313056994317
tall_local_seed42,external,1,42,310,original_faces_c23/706,ffpp_test:44,0,real,h264_crf30_then_resize075,-2.94873046875,0.049796547458535734
tall_local_seed42,external,1,42,311,original_faces_c23/479,ffpp_test:44,0,real,h264_crf30_then_resize075,-2.879150390625,0.05319391015492141
tall_local_seed42,external,1,42,312,deepfakes_faces_c23/706_479,ffpp_test:44,1,deepfakes,h264_crf30_then_resize075,2.431884765625,0.9192265854997111
tall_local_seed42,external,1,42,313,deepfakes_faces_c23/479_706,ffpp_test:44,1,deepfakes,h264_crf30_then_resize075,1.0181884765625,0.7346195864946979
tall_local_seed42,external,1,42,314,face2face_faces_c23/706_479,ffpp_test:44,1,face2face,h264_crf30_then_resize075,-2.38232421875,0.08453053201407786
tall_local_seed42,external,1,42,315,face2face_faces_c23/479_706,ffpp_test:44,1,face2face,h264_crf30_then_resize075,-0.0745849609375,0.4813623989160665
tall_local_seed42,external,1,42,316,faceswap_faces_c23/706_479,ffpp_test:44,1,faceswap,h264_crf30_then_resize075,1.8768310546875,0.8672467106548283
tall_local_seed42,external,1,42,317,faceswap_faces_c23/479_706,ffpp_test:44,1,faceswap,h264_crf30_then_resize075,0.971435546875,0.7254055402430759
tall_local_seed42,external,1,42,318,neuraltextures_faces_c23/706_479,ffpp_test:44,1,neuraltextures,h264_crf30_then_resize075,-2.29425048828125,0.09160025381158046
tall_local_seed42,external,1,42,319,neuraltextures_faces_c23/479_706,ffpp_test:44,1,neuraltextures,h264_crf30_then_resize075,-2.7723388671875,0.05883736374231597
tall_local_seed42,external,1,42,320,original_faces_c23/186,ffpp_test:17,0,real,h264_crf30_then_resize075,-0.19244384765625,0.45203697123589887
tall_local_seed42,external,1,42,321,original_faces_c23/170,ffpp_test:17,0,real,h264_crf30_then_resize075,-3.256103515625,0.03710818439239668
tall_local_seed42,external,1,42,322,deepfakes_faces_c23/186_170,ffpp_test:17,1,deepfakes,h264_crf30_then_resize075,1.86529541015625,0.8659129781186299
tall_local_seed42,external,1,42,323,deepfakes_faces_c23/170_186,ffpp_test:17,1,deepfakes,h264_crf30_then_resize075,3.0068359375,0.9528819979638882
tall_local_seed42,external,1,42,324,face2face_faces_c23/186_170,ffpp_test:17,1,face2face,h264_crf30_then_resize075,0.60015869140625,0.6456926114793908
tall_local_seed42,external,1,42,325,face2face_faces_c23/170_186,ffpp_test:17,1,face2face,h264_crf30_then_resize075,2.7666015625,0.9408441246731654
tall_local_seed42,external,1,42,326,faceswap_faces_c23/186_170,ffpp_test:17,1,faceswap,h264_crf30_then_resize075,2.08935546875,0.8898642736766995
tall_local_seed42,external,1,42,327,faceswap_faces_c23/170_186,ffpp_test:17,1,faceswap,h264_crf30_then_resize075,2.9140625,0.9485372345673925
tall_local_seed42,external,1,42,328,neuraltextures_faces_c23/186_170,ffpp_test:17,1,neuraltextures,h264_crf30_then_resize075,1.59869384765625,0.8318357531540962
tall_local_seed42,external,1,42,329,neuraltextures_faces_c23/170_186,ffpp_test:17,1,neuraltextures,h264_crf30_then_resize075,-2.944580078125,0.049993298225005596
tall_local_seed42,external,1,42,330,original_faces_c23/176,ffpp_test:18,0,real,h264_crf30_then_resize075,-2.463623046875,0.07844801254068344
tall_local_seed42,external,1,42,331,original_faces_c23/190,ffpp_test:18,0,real,h264_crf30_then_resize075,0.729766845703125,0.6747541063916124
tall_local_seed42,external,1,42,332,deepfakes_faces_c23/176_190,ffpp_test:18,1,deepfakes,h264_crf30_then_resize075,3.013916015625,0.953198861247937
tall_local_seed42,external,1,42,333,deepfakes_faces_c23/190_176,ffpp_test:18,1,deepfakes,h264_crf30_then_resize075,0.1532135009765625,0.5382286217295958
tall_local_seed42,external,1,42,334,face2face_faces_c23/176_190,ffpp_test:18,1,face2face,h264_crf30_then_resize075,2.41632080078125,0.9180634095417792
tall_local_seed42,external,1,42,335,face2face_faces_c23/190_176,ffpp_test:18,1,face2face,h264_crf30_then_resize075,2.97119140625,0.9512555503464549
tall_local_seed42,external,1,42,336,faceswap_faces_c23/176_190,ffpp_test:18,1,faceswap,h264_crf30_then_resize075,3.330322265625,0.9654545195583079
tall_local_seed42,external,1,42,337,faceswap_faces_c23/190_176,ffpp_test:18,1,faceswap,h264_crf30_then_resize075,-0.6204833984375,0.3496715179835452
tall_local_seed42,external,1,42,338,neuraltextures_faces_c23/176_190,ffpp_test:18,1,neuraltextures,h264_crf30_then_resize075,-2.821044921875,0.056197485910399116
tall_local_seed42,external,1,42,339,neuraltextures_faces_c23/190_176,ffpp_test:18,1,neuraltextures,h264_crf30_then_resize075,1.1732177734375,0.7637261508290973
tall_local_seed42,external,1,42,340,original_faces_c23/380,ffpp_test:29,0,real,h264_crf30_then_resize075,-4.05126953125,0.017102679181661435
tall_local_seed42,external,1,42,341,original_faces_c23/358,ffpp_test:29,0,real,h264_crf30_then_resize075,-3.474365234375,0.030050484672329826
tall_local_seed42,external,1,42,342,deepfakes_faces_c23/380_358,ffpp_test:29,1,deepfakes,h264_crf30_then_resize075,1.336273193359375,0.7918764013703948
tall_local_seed42,external,1,42,343,deepfakes_faces_c23/358_380,ffpp_test:29,1,deepfakes,h264_crf30_then_resize075,-2.346923828125,0.08731059375038253
tall_local_seed42,external,1,42,344,face2face_faces_c23/380_358,ffpp_test:29,1,face2face,h264_crf30_then_resize075,-2.089599609375,0.11011180139162387
tall_local_seed42,external,1,42,345,face2face_faces_c23/358_380,ffpp_test:29,1,face2face,h264_crf30_then_resize075,-0.26495361328125,0.43414639258422133
tall_local_seed42,external,1,42,346,faceswap_faces_c23/380_358,ffpp_test:29,1,faceswap,h264_crf30_then_resize075,-0.0333251953125,0.4916694721261912
tall_local_seed42,external,1,42,347,faceswap_faces_c23/358_380,ffpp_test:29,1,faceswap,h264_crf30_then_resize075,-3.815185546875,0.021558611426893297
tall_local_seed42,external,1,42,348,neuraltextures_faces_c23/380_358,ffpp_test:29,1,neuraltextures,h264_crf30_then_resize075,-1.951416015625,0.1243990381679706
tall_local_seed42,external,1,42,349,neuraltextures_faces_c23/358_380,ffpp_test:29,1,neuraltextures,h264_crf30_then_resize075,-3.521087646484375,0.028718142200697364
tall_local_seed42,external,1,42,350,original_faces_c23/214,ffpp_test:19,0,real,h264_crf30_then_resize075,-3.426513671875,0.03147704384980347
tall_local_seed42,external,1,42,351,original_faces_c23/255,ffpp_test:19,0,real,h264_crf30_then_resize075,-3.23388671875,0.03791023171641144
tall_local_seed42,external,1,42,352,deepfakes_faces_c23/214_255,ffpp_test:19,1,deepfakes,h264_crf30_then_resize075,3.058837890625,0.955162553551388
tall_local_seed42,external,1,42,353,deepfakes_faces_c23/255_214,ffpp_test:19,1,deepfakes,h264_crf30_then_resize075,-0.577392578125,0.3595327818269006
tall_local_seed42,external,1,42,354,face2face_faces_c23/214_255,ffpp_test:19,1,face2face,h264_crf30_then_resize075,2.285888671875,0.9077015822578415
tall_local_seed42,external,1,42,355,face2face_faces_c23/255_214,ffpp_test:19,1,face2face,h264_crf30_then_resize075,3.227294921875,0.9618486116823901
tall_local_seed42,external,1,42,356,faceswap_faces_c23/214_255,ffpp_test:19,1,faceswap,h264_crf30_then_resize075,2.0640869140625,0.8873633027837055
tall_local_seed42,external,1,42,357,faceswap_faces_c23/255_214,ffpp_test:19,1,faceswap,h264_crf30_then_resize075,2.345703125,0.9125920825087166
tall_local_seed42,external,1,42,358,neuraltextures_faces_c23/214_255,ffpp_test:19,1,neuraltextures,h264_crf30_then_resize075,-2.6719970703125,0.06464610673987094
tall_local_seed42,external,1,42,359,neuraltextures_faces_c23/255_214,ffpp_test:19,1,neuraltextures,h264_crf30_then_resize075,-2.94464111328125,0.04999039950284383
tall_local_seed42,external,1,42,360,original_faces_c23/454,ffpp_test:42,0,real,h264_crf30_then_resize075,1.95318603515625,0.8757936311524531
tall_local_seed42,external,1,42,361,original_faces_c23/527,ffpp_test:42,0,real,h264_crf30_then_resize075,-2.700439453125,0.06294742991295017
tall_local_seed42,external,1,42,362,deepfakes_faces_c23/454_527,ffpp_test:42,1,deepfakes,h264_crf30_then_resize075,2.899658203125,0.9478295380956183
tall_local_seed42,external,1,42,363,deepfakes_faces_c23/527_454,ffpp_test:42,1,deepfakes,h264_crf30_then_resize075,2.972412109375,0.9513121212626986
tall_local_seed42,external,1,42,364,face2face_faces_c23/454_527,ffpp_test:42,1,face2face,h264_crf30_then_resize075,2.9482421875,0.9501803435306557
tall_local_seed42,external,1,42,365,face2face_faces_c23/527_454,ffpp_test:42,1,face2face,h264_crf30_then_resize075,-0.031494140625,0.49212711557996214
tall_local_seed42,external,1,42,366,faceswap_faces_c23/454_527,ffpp_test:42,1,faceswap,h264_crf30_then_resize075,3.09912109375,0.9568564764759668
tall_local_seed42,external,1,42,367,faceswap_faces_c23/527_454,ffpp_test:42,1,faceswap,h264_crf30_then_resize075,2.813232421875,0.9433867047536045
tall_local_seed42,external,1,42,368,neuraltextures_faces_c23/454_527,ffpp_test:42,1,neuraltextures,h264_crf30_then_resize075,1.705291748046875,0.846224604598221
tall_local_seed42,external,1,42,369,neuraltextures_faces_c23/527_454,ffpp_test:42,1,neuraltextures,h264_crf30_then_resize075,-3.427001953125,0.03146216139561241
tall_local_seed42,external,1,42,370,original_faces_c23/425,ffpp_test:39,0,real,h264_crf30_then_resize075,-3.287017822265625,0.03601924949655116
tall_local_seed42,external,1,42,371,original_faces_c23/485,ffpp_test:39,0,real,h264_crf30_then_resize075,-2.932861328125,0.050552812370397875
tall_local_seed42,external,1,42,372,deepfakes_faces_c23/425_485,ffpp_test:39,1,deepfakes,h264_crf30_then_resize075,1.9556884765625,0.8760655887022843
tall_local_seed42,external,1,42,373,deepfakes_faces_c23/485_425,ffpp_test:39,1,deepfakes,h264_crf30_then_resize075,2.83837890625,0.9447148556159709
tall_local_seed42,external,1,42,374,face2face_faces_c23/425_485,ffpp_test:39,1,face2face,h264_crf30_then_resize075,-1.438140869140625,0.19183341073261373
tall_local_seed42,external,1,42,375,face2face_faces_c23/485_425,ffpp_test:39,1,face2face,h264_crf30_then_resize075,-2.6640625,0.0651275468396235
tall_local_seed42,external,1,42,376,faceswap_faces_c23/425_485,ffpp_test:39,1,faceswap,h264_crf30_then_resize075,2.617919921875,0.9320060085823672
tall_local_seed42,external,1,42,377,faceswap_faces_c23/485_425,ffpp_test:39,1,faceswap,h264_crf30_then_resize075,2.925537109375,0.9490944859863771
tall_local_seed42,external,1,42,378,neuraltextures_faces_c23/425_485,ffpp_test:39,1,neuraltextures,h264_crf30_then_resize075,-1.0050048828125,0.2679585403605984
tall_local_seed42,external,1,42,379,neuraltextures_faces_c23/485_425,ffpp_test:39,1,neuraltextures,h264_crf30_then_resize075,-2.4520263671875,0.07929049109790229
tall_local_seed42,external,1,42,380,original_faces_c23/388,ffpp_test:26,0,real,h264_crf30_then_resize075,-2.615478515625,0.06814886857803995
tall_local_seed42,external,1,42,381,original_faces_c23/308,ffpp_test:26,0,real,h264_crf30_then_resize075,-3.31787109375,0.03496316834434128
tall_local_seed42,external,1,42,382,deepfakes_faces_c23/388_308,ffpp_test:26,1,deepfakes,h264_crf30_then_resize075,-2.051025390625,0.11394881225902502
tall_local_seed42,external,1,42,383,deepfakes_faces_c23/308_388,ffpp_test:26,1,deepfakes,h264_crf30_then_resize075,-0.91162109375,0.2866682259007319
tall_local_seed42,external,1,42,384,face2face_faces_c23/388_308,ffpp_test:26,1,face2face,h264_crf30_then_resize075,-1.70672607421875,0.15358884132983835
tall_local_seed42,external,1,42,385,face2face_faces_c23/308_388,ffpp_test:26,1,face2face,h264_crf30_then_resize075,-0.41595458984375,0.3974851853522414
tall_local_seed42,external,1,42,386,faceswap_faces_c23/388_308,ffpp_test:26,1,faceswap,h264_crf30_then_resize075,2.636962890625,0.9332028943475844
tall_local_seed42,external,1,42,387,faceswap_faces_c23/308_388,ffpp_test:26,1,faceswap,h264_crf30_then_resize075,2.839599609375,0.9447785767499767
tall_local_seed42,external,1,42,388,neuraltextures_faces_c23/388_308,ffpp_test:26,1,neuraltextures,h264_crf30_then_resize075,0.6824951171875,0.6642953539993162
tall_local_seed42,external,1,42,389,neuraltextures_faces_c23/308_388,ffpp_test:26,1,neuraltextures,h264_crf30_then_resize075,-2.03131103515625,0.115954461452991
tall_local_seed42,external,1,42,390,original_faces_c23/384,ffpp_test:32,0,real,h264_crf30_then_resize075,-3.1170654296875,0.04240878566458817
tall_local_seed42,external,1,42,391,original_faces_c23/932,ffpp_test:32,0,real,h264_crf30_then_resize075,-3.34503173828125,0.034058233547878514
tall_local_seed42,external,1,42,392,deepfakes_faces_c23/384_932,ffpp_test:32,1,deepfakes,h264_crf30_then_resize075,2.953125,0.9504109770159683
tall_local_seed42,external,1,42,393,deepfakes_faces_c23/932_384,ffpp_test:32,1,deepfakes,h264_crf30_then_resize075,2.101318359375,0.891031250334337
tall_local_seed42,external,1,42,394,face2face_faces_c23/384_932,ffpp_test:32,1,face2face,h264_crf30_then_resize075,0.89404296875,0.7097237942315809
tall_local_seed42,external,1,42,395,face2face_faces_c23/932_384,ffpp_test:32,1,face2face,h264_crf30_then_resize075,-2.8046875,0.0570713972253977
tall_local_seed42,external,1,42,396,faceswap_faces_c23/384_932,ffpp_test:32,1,faceswap,h264_crf30_then_resize075,2.950927734375,0.95030731744568
tall_local_seed42,external,1,42,397,faceswap_faces_c23/932_384,ffpp_test:32,1,faceswap,h264_crf30_then_resize075,-0.4552001953125,0.3881250867492295
tall_local_seed42,external,1,42,398,neuraltextures_faces_c23/384_932,ffpp_test:32,1,neuraltextures,h264_crf30_then_resize075,0.8045654296875,0.6909502228362041
tall_local_seed42,external,1,42,399,neuraltextures_faces_c23/932_384,ffpp_test:32,1,neuraltextures,h264_crf30_then_resize075,-0.5295562744140625,0.3706203859255814
tall_local_seed42,external,1,42,400,original_faces_c23/035,ffpp_test:5,0,real,h264_crf30_then_resize075,-3.419189453125,0.03170109959737786
tall_local_seed42,external,1,42,401,original_faces_c23/036,ffpp_test:5,0,real,h264_crf30_then_resize075,-3.0654296875,0.044555984735031855
tall_local_seed42,external,1,42,402,deepfakes_faces_c23/035_036,ffpp_test:5,1,deepfakes,h264_crf30_then_resize075,3.075439453125,0.9558682011269763
tall_local_seed42,external,1,42,403,deepfakes_faces_c23/036_035,ffpp_test:5,1,deepfakes,h264_crf30_then_resize075,1.9178466796875,0.8718981180226059
tall_local_seed42,external,1,42,404,face2face_faces_c23/035_036,ffpp_test:5,1,face2face,h264_crf30_then_resize075,0.530517578125,0.6296038207555222
tall_local_seed42,external,1,42,405,face2face_faces_c23/036_035,ffpp_test:5,1,face2face,h264_crf30_then_resize075,0.10595703125,0.5264645029334063
tall_local_seed42,external,1,42,406,faceswap_faces_c23/035_036,ffpp_test:5,1,faceswap,h264_crf30_then_resize075,0.62744140625,0.6519090827046035
tall_local_seed42,external,1,42,407,faceswap_faces_c23/036_035,ffpp_test:5,1,faceswap,h264_crf30_then_resize075,-3.00787353515625,0.047071437969599846
tall_local_seed42,external,1,42,408,neuraltextures_faces_c23/035_036,ffpp_test:5,1,neuraltextures,h264_crf30_then_resize075,1.498016357421875,0.8172784365465784
tall_local_seed42,external,1,42,409,neuraltextures_faces_c23/036_035,ffpp_test:5,1,neuraltextures,h264_crf30_then_resize075,2.143798828125,0.8950878773765326
tall_local_seed42,external,1,42,410,original_faces_c23/257,ffpp_test:23,0,real,h264_crf30_then_resize075,-1.63134765625,0.16364582945716355
tall_local_seed42,external,1,42,411,original_faces_c23/420,ffpp_test:23,0,real,h264_crf30_then_resize075,-1.889007568359375,0.1313576672748378
tall_local_seed42,external,1,42,412,deepfakes_faces_c23/257_420,ffpp_test:23,1,deepfakes,h264_crf30_then_resize075,3.042236328125,0.9544461607027069
tall_local_seed42,external,1,42,413,deepfakes_faces_c23/420_257,ffpp_test:23,1,deepfakes,h264_crf30_then_resize075,1.9194183349609375,0.8720735564339634
tall_local_seed42,external,1,42,414,face2face_faces_c23/257_420,ffpp_test:23,1,face2face,h264_crf30_then_resize075,1.697265625,0.8451772723114586
tall_local_seed42,external,1,42,415,face2face_faces_c23/420_257,ffpp_test:23,1,face2face,h264_crf30_then_resize075,0.64495849609375,0.6558734736931645
tall_local_seed42,external,1,42,416,faceswap_faces_c23/257_420,ffpp_test:23,1,faceswap,h264_crf30_then_resize075,0.9442138671875,0.7199500525606465
tall_local_seed42,external,1,42,417,faceswap_faces_c23/420_257,ffpp_test:23,1,faceswap,h264_crf30_then_resize075,1.09747314453125,0.7497863496528073
tall_local_seed42,external,1,42,418,neuraltextures_faces_c23/257_420,ffpp_test:23,1,neuraltextures,h264_crf30_then_resize075,1.139404296875,0.757570250404964
tall_local_seed42,external,1,42,419,neuraltextures_faces_c23/420_257,ffpp_test:23,1,neuraltextures,h264_crf30_then_resize075,-2.2744140625,0.09326426168786225
tall_local_seed42,external,1,42,420,original_faces_c23/924,ffpp_test:67,0,real,h264_crf30_then_resize075,-3.21728515625,0.038520408170754514
tall_local_seed42,external,1,42,421,original_faces_c23/917,ffpp_test:67,0,real,h264_crf30_then_resize075,-2.944091796875,0.05001649373552756
tall_local_seed42,external,1,42,422,deepfakes_faces_c23/924_917,ffpp_test:67,1,deepfakes,h264_crf30_then_resize075,2.948974609375,0.95021500323749
tall_local_seed42,external,1,42,423,deepfakes_faces_c23/917_924,ffpp_test:67,1,deepfakes,h264_crf30_then_resize075,1.6722412109375,0.8418744040481025
tall_local_seed42,external,1,42,424,face2face_faces_c23/924_917,ffpp_test:67,1,face2face,h264_crf30_then_resize075,2.18658447265625,0.8990383066445187
tall_local_seed42,external,1,42,425,face2face_faces_c23/917_924,ffpp_test:67,1,face2face,h264_crf30_then_resize075,-0.87939453125,0.2933032626168984
tall_local_seed42,external,1,42,426,faceswap_faces_c23/924_917,ffpp_test:67,1,faceswap,h264_crf30_then_resize075,3.1962890625,0.960694388994534
tall_local_seed42,external,1,42,427,faceswap_faces_c23/917_924,ffpp_test:67,1,faceswap,h264_crf30_then_resize075,-1.4666748046875,0.18744855347766923
tall_local_seed42,external,1,42,428,neuraltextures_faces_c23/924_917,ffpp_test:67,1,neuraltextures,h264_crf30_then_resize075,3.527099609375,0.9714490776556404
tall_local_seed42,external,1,42,429,neuraltextures_faces_c23/917_924,ffpp_test:67,1,neuraltextures,h264_crf30_then_resize075,2.3057861328125,0.9093551116331039
tall_local_seed42,external,1,42,430,original_faces_c23/114,ffpp_test:9,0,real,h264_crf30_then_resize075,-2.916748046875,0.05133183000892548
tall_local_seed42,external,1,42,431,original_faces_c23/102,ffpp_test:9,0,real,h264_crf30_then_resize075,-3.453857421875,0.030654030779560942
tall_local_seed42,external,1,42,432,deepfakes_faces_c23/114_102,ffpp_test:9,1,deepfakes,h264_crf30_then_resize075,-1.2983169555664062,0.21444840684389918
tall_local_seed42,external,1,42,433,deepfakes_faces_c23/102_114,ffpp_test:9,1,deepfakes,h264_crf30_then_resize075,1.098876953125,0.7500496213021285
tall_local_seed42,external,1,42,434,face2face_faces_c23/114_102,ffpp_test:9,1,face2face,h264_crf30_then_resize075,1.8692169189453125,0.8663676424604269
tall_local_seed42,external,1,42,435,face2face_faces_c23/102_114,ffpp_test:9,1,face2face,h264_crf30_then_resize075,-3.836669921875,0.02111005151492368
tall_local_seed42,external,1,42,436,faceswap_faces_c23/114_102,ffpp_test:9,1,faceswap,h264_crf30_then_resize075,3.0029296875,0.9527063049680933
tall_local_seed42,external,1,42,437,faceswap_faces_c23/102_114,ffpp_test:9,1,faceswap,h264_crf30_then_resize075,0.642578125,0.6553360165381895
tall_local_seed42,external,1,42,438,neuraltextures_faces_c23/114_102,ffpp_test:9,1,neuraltextures,h264_crf30_then_resize075,0.94842529296875,0.7207983814778793
tall_local_seed42,external,1,42,439,neuraltextures_faces_c23/102_114,ffpp_test:9,1,neuraltextures,h264_crf30_then_resize075,-0.905975341796875,0.2878241123009579
tall_local_seed42,external,1,42,440,original_faces_c23/732,ffpp_test:56,0,real,h264_crf30_then_resize075,-3.56201171875,0.027598383068063635
tall_local_seed42,external,1,42,441,original_faces_c23/691,ffpp_test:56,0,real,h264_crf30_then_resize075,-2.748046875,0.060197050160538924
tall_local_seed42,external,1,42,442,deepfakes_faces_c23/732_691,ffpp_test:56,1,deepfakes,h264_crf30_then_resize075,2.399658203125,0.9168012360721179
tall_local_seed42,external,1,42,443,deepfakes_faces_c23/691_732,ffpp_test:56,1,deepfakes,h264_crf30_then_resize075,3.052001953125,0.9548688778981022
tall_local_seed42,external,1,42,444,face2face_faces_c23/732_691,ffpp_test:56,1,face2face,h264_crf30_then_resize075,3.169677734375,0.9596771157279668
tall_local_seed42,external,1,42,445,face2face_faces_c23/691_732,ffpp_test:56,1,face2face,h264_crf30_then_resize075,-1.4002685546875,0.19777349932671312
tall_local_seed42,external,1,42,446,faceswap_faces_c23/732_691,ffpp_test:56,1,faceswap,h264_crf30_then_resize075,0.2093048095703125,0.5521360078454332
tall_local_seed42,external,1,42,447,faceswap_faces_c23/691_732,ffpp_test:56,1,faceswap,h264_crf30_then_resize075,1.6806640625,0.8429924439131272
tall_local_seed42,external,1,42,448,neuraltextures_faces_c23/732_691,ffpp_test:56,1,neuraltextures,h264_crf30_then_resize075,1.977813720703125,0.8784479104559337
tall_local_seed42,external,1,42,449,neuraltextures_faces_c23/691_732,ffpp_test:56,1,neuraltextures,h264_crf30_then_resize075,0.1226806640625,0.5306317569286895
tall_local_seed42,external,1,42,450,original_faces_c23/550,ffpp_test:41,0,real,h264_crf30_then_resize075,-1.465118408203125,0.1876857260316292
tall_local_seed42,external,1,42,451,original_faces_c23/452,ffpp_test:41,0,real,h264_crf30_then_resize075,-2.922760009765625,0.051039854660967394
tall_local_seed42,external,1,42,452,deepfakes_faces_c23/550_452,ffpp_test:41,1,deepfakes,h264_crf30_then_resize075,2.10986328125,0.891858147804887
tall_local_seed42,external,1,42,453,deepfakes_faces_c23/452_550,ffpp_test:41,1,deepfakes,h264_crf30_then_resize075,3.063720703125,0.9553712058669304
tall_local_seed42,external,1,42,454,face2face_faces_c23/550_452,ffpp_test:41,1,face2face,h264_crf30_then_resize075,3.23095703125,0.9619827688795224
tall_local_seed42,external,1,42,455,face2face_faces_c23/452_550,ffpp_test:41,1,face2face,h264_crf30_then_resize075,3.158203125,0.9592307337556119
tall_local_seed42,external,1,42,456,faceswap_faces_c23/550_452,ffpp_test:41,1,faceswap,h264_crf30_then_resize075,3.58642578125,0.9730493079552694
tall_local_seed42,external,1,42,457,faceswap_faces_c23/452_550,ffpp_test:41,1,faceswap,h264_crf30_then_resize075,1.47381591796875,0.8136366940173417
tall_local_seed42,external,1,42,458,neuraltextures_faces_c23/550_452,ffpp_test:41,1,neuraltextures,h264_crf30_then_resize075,2.9459228515625,0.9500704368921764
tall_local_seed42,external,1,42,459,neuraltextures_faces_c23/452_550,ffpp_test:41,1,neuraltextures,h264_crf30_then_resize075,3.197021484375,0.9607220364124426
tall_local_seed42,external,1,42,460,original_faces_c23/280,ffpp_test:22,0,real,h264_crf30_then_resize075,-2.8348388671875,0.05547032735391386
tall_local_seed42,external,1,42,461,original_faces_c23/249,ffpp_test:22,0,real,h264_crf30_then_resize075,-3.5048828125,0.029173618815148447
tall_local_seed42,external,1,42,462,deepfakes_faces_c23/280_249,ffpp_test:22,1,deepfakes,h264_crf30_then_resize075,2.285400390625,0.907660666193533
tall_local_seed42,external,1,42,463,deepfakes_faces_c23/249_280,ffpp_test:22,1,deepfakes,h264_crf30_then_resize075,3.218505859375,0.9615247770461317
tall_local_seed42,external,1,42,464,face2face_faces_c23/280_249,ffpp_test:22,1,face2face,h264_crf30_then_resize075,2.79296875,0.9422946838534367
tall_local_seed42,external,1,42,465,face2face_faces_c23/249_280,ffpp_test:22,1,face2face,h264_crf30_then_resize075,3.18701171875,0.9603425690241489
tall_local_seed42,external,1,42,466,faceswap_faces_c23/280_249,ffpp_test:22,1,faceswap,h264_crf30_then_resize075,3.283447265625,0.9638565685277939
tall_local_seed42,external,1,42,467,faceswap_faces_c23/249_280,ffpp_test:22,1,faceswap,h264_crf30_then_resize075,1.6536865234375,0.839388672337032
tall_local_seed42,external,1,42,468,neuraltextures_faces_c23/280_249,ffpp_test:22,1,neuraltextures,h264_crf30_then_resize075,-2.408203125,0.0825493022640281
tall_local_seed42,external,1,42,469,neuraltextures_faces_c23/249_280,ffpp_test:22,1,neuraltextures,h264_crf30_then_resize075,-2.37646484375,0.084985065670843
tall_local_seed42,external,1,42,470,original_faces_c23/842,ffpp_test:58,0,real,h264_crf30_then_resize075,-3.247802734375,0.03740592330543531
tall_local_seed42,external,1,42,471,original_faces_c23/714,ffpp_test:58,0,real,h264_crf30_then_resize075,-3.423583984375,0.031566481705506834
tall_local_seed42,external,1,42,472,deepfakes_faces_c23/842_714,ffpp_test:58,1,deepfakes,h264_crf30_then_resize075,3.079345703125,0.9560326899723773
tall_local_seed42,external,1,42,473,deepfakes_faces_c23/714_842,ffpp_test:58,1,deepfakes,h264_crf30_then_resize075,2.4075927734375,0.9174044610329982
tall_local_seed42,external,1,42,474,face2face_faces_c23/842_714,ffpp_test:58,1,face2face,h264_crf30_then_resize075,2.946044921875,0.9500762271748597
tall_local_seed42,external,1,42,475,face2face_faces_c23/714_842,ffpp_test:58,1,face2face,h264_crf30_then_resize075,-2.173095703125,0.10219265481616861
tall_local_seed42,external,1,42,476,faceswap_faces_c23/842_714,ffpp_test:58,1,faceswap,h264_crf30_then_resize075,3.19140625,0.9605095953512194
tall_local_seed42,external,1,42,477,faceswap_faces_c23/714_842,ffpp_test:58,1,faceswap,h264_crf30_then_resize075,3.083984375,0.9562272608259155
tall_local_seed42,external,1,42,478,neuraltextures_faces_c23/842_714,ffpp_test:58,1,neuraltextures,h264_crf30_then_resize075,-3.40625,0.03210070671700818
tall_local_seed42,external,1,42,479,neuraltextures_faces_c23/714_842,ffpp_test:58,1,neuraltextures,h264_crf30_then_resize075,-2.055419921875,0.11350587286030307
tall_local_seed42,external,1,42,480,original_faces_c23/625,ffpp_test:52,0,real,h264_crf30_then_resize075,-2.957763671875,0.049370858805737425
tall_local_seed42,external,1,42,481,original_faces_c23/650,ffpp_test:52,0,real,h264_crf30_then_resize075,-3.385498046875,0.032751773495831256
tall_local_seed42,external,1,42,482,deepfakes_faces_c23/625_650,ffpp_test:52,1,deepfakes,h264_crf30_then_resize075,3.158203125,0.9592307337556119
tall_local_seed42,external,1,42,483,deepfakes_faces_c23/650_625,ffpp_test:52,1,deepfakes,h264_crf30_then_resize075,3.145751953125,0.9587410102258483
tall_local_seed42,external,1,42,484,face2face_faces_c23/625_650,ffpp_test:52,1,face2face,h264_crf30_then_resize075,3.021209716796875,0.9535231656102047
tall_local_seed42,external,1,42,485,face2face_faces_c23/650_625,ffpp_test:52,1,face2face,h264_crf30_then_resize075,3.0048828125,0.9527942291542225
tall_local_seed42,external,1,42,486,faceswap_faces_c23/625_650,ffpp_test:52,1,faceswap,h264_crf30_then_resize075,1.6352615356445312,0.8368891421128579
tall_local_seed42,external,1,42,487,faceswap_faces_c23/650_625,ffpp_test:52,1,faceswap,h264_crf30_then_resize075,3.3515625,0.9661559646595075
tall_local_seed42,external,1,42,488,neuraltextures_faces_c23/625_650,ffpp_test:52,1,neuraltextures,h264_crf30_then_resize075,3.0626220703125,0.9553243399468003
tall_local_seed42,external,1,42,489,neuraltextures_faces_c23/650_625,ffpp_test:52,1,neuraltextures,h264_crf30_then_resize075,-1.76617431640625,0.14601873547496916
tall_local_seed42,external,1,42,490,original_faces_c23/024,ffpp_test:3,0,real,h264_crf30_then_resize075,-0.86297607421875,0.29671793371191985
tall_local_seed42,external,1,42,491,original_faces_c23/073,ffpp_test:3,0,real,h264_crf30_then_resize075,-3.22216796875,0.0383399724018061
tall_local_seed42,external,1,42,492,deepfakes_faces_c23/024_073,ffpp_test:3,1,deepfakes,h264_crf30_then_resize075,3.096923828125,0.9567656774944212
tall_local_seed42,external,1,42,493,deepfakes_faces_c23/073_024,ffpp_test:3,1,deepfakes,h264_crf30_then_resize075,0.95819091796875,0.7227594505982836
tall_local_seed42,external,1,42,494,face2face_faces_c23/024_073,ffpp_test:3,1,face2face,h264_crf30_then_resize075,0.453765869140625,0.6115342291192283
tall_local_seed42,external,1,42,495,face2face_faces_c23/073_024,ffpp_test:3,1,face2face,h264_crf30_then_resize075,0.01458740234375,0.5036467859188344
tall_local_seed42,external,1,42,496,faceswap_faces_c23/024_073,ffpp_test:3,1,faceswap,h264_crf30_then_resize075,2.9664306640625,0.9510343273757801
tall_local_seed42,external,1,42,497,faceswap_faces_c23/073_024,ffpp_test:3,1,faceswap,h264_crf30_then_resize075,0.8934326171875,0.7095980359929142
tall_local_seed42,external,1,42,498,neuraltextures_faces_c23/024_073,ffpp_test:3,1,neuraltextures,h264_crf30_then_resize075,1.6318359375,0.8364209886066573
tall_local_seed42,external,1,42,499,neuraltextures_faces_c23/073_024,ffpp_test:3,1,neuraltextures,h264_crf30_then_resize075,-2.69989013671875,0.06297983914917639
tall_local_seed42,external,1,42,500,original_faces_c23/044,ffpp_test:6,0,real,h264_crf30_then_resize075,-3.03564453125,0.045841302057910725
tall_local_seed42,external,1,42,501,original_faces_c23/945,ffpp_test:6,0,real,h264_crf30_then_resize075,-2.94287109375,0.05007452712450988
tall_local_seed42,external,1,42,502,deepfakes_faces_c23/044_945,ffpp_test:6,1,deepfakes,h264_crf30_then_resize075,3.0966796875,0.9567555774629258
tall_local_seed42,external,1,42,503,deepfakes_faces_c23/945_044,ffpp_test:6,1,deepfakes,h264_crf30_then_resize075,2.86474609375,0.9460759406929965
tall_local_seed42,external,1,42,504,face2face_faces_c23/044_945,ffpp_test:6,1,face2face,h264_crf30_then_resize075,-2.101806640625,0.10892134926317533
tall_local_seed42,external,1,42,505,face2face_faces_c23/945_044,ffpp_test:6,1,face2face,h264_crf30_then_resize075,2.95703125,0.9505947548144925
tall_local_seed42,external,1,42,506,faceswap_faces_c23/044_945,ffpp_test:6,1,faceswap,h264_crf30_then_resize075,2.9072265625,0.9482025177309964
tall_local_seed42,external,1,42,507,faceswap_faces_c23/945_044,ffpp_test:6,1,faceswap,h264_crf30_then_resize075,3.138916015625,0.9584697536117655
tall_local_seed42,external,1,42,508,neuraltextures_faces_c23/044_945,ffpp_test:6,1,neuraltextures,h264_crf30_then_resize075,-3.0048828125,0.047205770845777435
tall_local_seed42,external,1,42,509,neuraltextures_faces_c23/945_044,ffpp_test:6,1,neuraltextures,h264_crf30_then_resize075,-1.33905029296875,0.2076662809171463
tall_local_seed42,external,1,42,510,original_faces_c23/896,ffpp_test:10,0,real,h264_crf30_then_resize075,-4.256591796875,0.013972518401532318
tall_local_seed42,external,1,42,511,original_faces_c23/128,ffpp_test:10,0,real,h264_crf30_then_resize075,-3.018768310546875,0.04658514942787413
tall_local_seed42,external,1,42,512,deepfakes_faces_c23/896_128,ffpp_test:10,1,deepfakes,h264_crf30_then_resize075,-1.3359375,0.20817892905742003
tall_local_seed42,external,1,42,513,deepfakes_faces_c23/128_896,ffpp_test:10,1,deepfakes,h264_crf30_then_resize075,2.541259765625,0.9269841391190103
tall_local_seed42,external,1,42,514,face2face_faces_c23/896_128,ffpp_test:10,1,face2face,h264_crf30_then_resize075,1.62506103515625,0.8354919262624861
tall_local_seed42,external,1,42,515,face2face_faces_c23/128_896,ffpp_test:10,1,face2face,h264_crf30_then_resize075,0.526123046875,0.6285784211810486
tall_local_seed42,external,1,42,516,faceswap_faces_c23/896_128,ffpp_test:10,1,faceswap,h264_crf30_then_resize075,-0.55029296875,0.36579644067144707
tall_local_seed42,external,1,42,517,faceswap_faces_c23/128_896,ffpp_test:10,1,faceswap,h264_crf30_then_resize075,2.25457763671875,0.9050446618883649
tall_local_seed42,external,1,42,518,neuraltextures_faces_c23/896_128,ffpp_test:10,1,neuraltextures,h264_crf30_then_resize075,-2.3233642578125,0.08920634017436128
tall_local_seed42,external,1,42,519,neuraltextures_faces_c23/128_896,ffpp_test:10,1,neuraltextures,h264_crf30_then_resize075,-0.1893310546875,0.45280812315639923
tall_local_seed42,external,1,42,520,original_faces_c23/862,ffpp_test:7,0,real,h264_crf30_then_resize075,-3.175048828125,0.04011555172567664
tall_local_seed42,external,1,42,521,original_faces_c23/047,ffpp_test:7,0,real,h264_crf30_then_resize075,-0.492156982421875,0.37938556952294256
tall_local_seed42,external,1,42,522,deepfakes_faces_c23/862_047,ffpp_test:7,1,deepfakes,h264_crf30_then_resize075,2.658447265625,0.9345297282808559
tall_local_seed42,external,1,42,523,deepfakes_faces_c23/047_862,ffpp_test:7,1,deepfakes,h264_crf30_then_resize075,0.9573974609375,0.7226004309866451
tall_local_seed42,external,1,42,524,face2face_faces_c23/862_047,ffpp_test:7,1,face2face,h264_crf30_then_resize075,-1.178253173828125,0.2353664255817511
tall_local_seed42,external,1,42,525,face2face_faces_c23/047_862,ffpp_test:7,1,face2face,h264_crf30_then_resize075,3.210205078125,0.9612165114379385
tall_local_seed42,external,1,42,526,faceswap_faces_c23/862_047,ffpp_test:7,1,faceswap,h264_crf30_then_resize075,1.8955078125,0.8693822533293992
tall_local_seed42,external,1,42,527,faceswap_faces_c23/047_862,ffpp_test:7,1,faceswap,h264_crf30_then_resize075,3.00390625,0.9527502864985101
tall_local_seed42,external,1,42,528,neuraltextures_faces_c23/862_047,ffpp_test:7,1,neuraltextures,h264_crf30_then_resize075,-0.067138671875,0.4832216340730981
tall_local_seed42,external,1,42,529,neuraltextures_faces_c23/047_862,ffpp_test:7,1,neuraltextures,h264_crf30_then_resize075,3.0792236328125,0.9560275585605469
tall_local_seed42,external,1,42,530,original_faces_c23/607,ffpp_test:49,0,real,h264_crf30_then_resize075,-3.05615234375,0.044952601189870385
tall_local_seed42,external,1,42,531,original_faces_c23/683,ffpp_test:49,0,real,h264_crf30_then_resize075,-2.935791015625,0.050412380511386246
tall_local_seed42,external,1,42,532,deepfakes_faces_c23/607_683,ffpp_test:49,1,deepfakes,h264_crf30_then_resize075,2.948974609375,0.95021500323749
tall_local_seed42,external,1,42,533,deepfakes_faces_c23/683_607,ffpp_test:49,1,deepfakes,h264_crf30_then_resize075,3.069580078125,0.9556203668968992
tall_local_seed42,external,1,42,534,face2face_faces_c23/607_683,ffpp_test:49,1,face2face,h264_crf30_then_resize075,-2.8927001953125,0.0525156004384684
tall_local_seed42,external,1,42,535,face2face_faces_c23/683_607,ffpp_test:49,1,face2face,h264_crf30_then_resize075,-2.36083984375,0.08620801180871107
tall_local_seed42,external,1,42,536,faceswap_faces_c23/607_683,ffpp_test:49,1,faceswap,h264_crf30_then_resize075,1.9515380859375,0.8756142575990501
tall_local_seed42,external,1,42,537,faceswap_faces_c23/683_607,ffpp_test:49,1,faceswap,h264_crf30_then_resize075,3.052978515625,0.9549109434900629
tall_local_seed42,external,1,42,538,neuraltextures_faces_c23/607_683,ffpp_test:49,1,neuraltextures,h264_crf30_then_resize075,-3.443603515625,0.030960189800776704
tall_local_seed42,external,1,42,539,neuraltextures_faces_c23/683_607,ffpp_test:49,1,neuraltextures,h264_crf30_then_resize075,-3.023681640625,0.046367409517695225
tall_local_seed42,external,1,42,540,original_faces_c23/517,ffpp_test:45,0,real,h264_crf30_then_resize075,-2.0013694763183594,0.1190592107601451
tall_local_seed42,external,1,42,541,original_faces_c23/521,ffpp_test:45,0,real,h264_crf30_then_resize075,-3.78369140625,0.022233050487187912
tall_local_seed42,external,1,42,542,deepfakes_faces_c23/517_521,ffpp_test:45,1,deepfakes,h264_crf30_then_resize075,3.006591796875,0.9528710353514696
tall_local_seed42,external,1,42,543,deepfakes_faces_c23/521_517,ffpp_test:45,1,deepfakes,h264_crf30_then_resize075,3.015380859375,0.9532641657229537
tall_local_seed42,external,1,42,544,face2face_faces_c23/517_521,ffpp_test:45,1,face2face,h264_crf30_then_resize075,1.77099609375,0.8545815013107845
tall_local_seed42,external,1,42,545,face2face_faces_c23/521_517,ffpp_test:45,1,face2face,h264_crf30_then_resize075,-0.3557281494140625,0.4119940524185077
tall_local_seed42,external,1,42,546,faceswap_faces_c23/517_521,ffpp_test:45,1,faceswap,h264_crf30_then_resize075,3.007568359375,0.9529148712594375
tall_local_seed42,external,1,42,547,faceswap_faces_c23/521_517,ffpp_test:45,1,faceswap,h264_crf30_then_resize075,3.017333984375,0.9533511035669227
tall_local_seed42,external,1,42,548,neuraltextures_faces_c23/517_521,ffpp_test:45,1,neuraltextures,h264_crf30_then_resize075,3.496337890625,0.9705833913625824
tall_local_seed42,external,1,42,549,neuraltextures_faces_c23/521_517,ffpp_test:45,1,neuraltextures,h264_crf30_then_resize075,-2.5770263671875,0.07063167956087466
tall_local_seed42,external,1,42,550,original_faces_c23/682,ffpp_test:55,0,real,h264_crf30_then_resize075,-0.368438720703125,0.4089183354898045
tall_local_seed42,external,1,42,551,original_faces_c23/669,ffpp_test:55,0,real,h264_crf30_then_resize075,-2.1395263671875,0.10531400827011876
tall_local_seed42,external,1,42,552,deepfakes_faces_c23/682_669,ffpp_test:55,1,deepfakes,h264_crf30_then_resize075,2.32122802734375,0.9106199417766991
tall_local_seed42,external,1,42,553,deepfakes_faces_c23/669_682,ffpp_test:55,1,deepfakes,h264_crf30_then_resize075,2.952392578125,0.9503764466185957
tall_local_seed42,external,1,42,554,face2face_faces_c23/682_669,ffpp_test:55,1,face2face,h264_crf30_then_resize075,3.16796875,0.9596109312691483
tall_local_seed42,external,1,42,555,face2face_faces_c23/669_682,ffpp_test:55,1,face2face,h264_crf30_then_resize075,2.953125,0.9504109770159683
tall_local_seed42,external,1,42,556,faceswap_faces_c23/682_669,ffpp_test:55,1,faceswap,h264_crf30_then_resize075,0.2320556640625,0.5577549736941473
tall_local_seed42,external,1,42,557,faceswap_faces_c23/669_682,ffpp_test:55,1,faceswap,h264_crf30_then_resize075,3.126220703125,0.9579614588798324
tall_local_seed42,external,1,42,558,neuraltextures_faces_c23/682_669,ffpp_test:55,1,neuraltextures,h264_crf30_then_resize075,3.076263427734375,0.9559029467695945
tall_local_seed42,external,1,42,559,neuraltextures_faces_c23/669_682,ffpp_test:55,1,neuraltextures,h264_crf30_then_resize075,1.901641845703125,0.8700772373340249
tall_local_seed42,external,1,42,560,original_faces_c23/138,ffpp_test:12,0,real,h264_crf30_then_resize075,-0.59814453125,0.35476831041824497
tall_local_seed42,external,1,42,561,original_faces_c23/142,ffpp_test:12,0,real,h264_crf30_then_resize075,-2.946533203125,0.04990061805591241
tall_local_seed42,external,1,42,562,deepfakes_faces_c23/138_142,ffpp_test:12,1,deepfakes,h264_crf30_then_resize075,1.92486572265625,0.8726800431712266
tall_local_seed42,external,1,42,563,deepfakes_faces_c23/142_138,ffpp_test:12,1,deepfakes,h264_crf30_then_resize075,1.762115478515625,0.8534744110163193
tall_local_seed42,external,1,42,564,face2face_faces_c23/138_142,ffpp_test:12,1,face2face,h264_crf30_then_resize075,3.30908203125,0.9647390670191943
tall_local_seed42,external,1,42,565,face2face_faces_c23/142_138,ffpp_test:12,1,face2face,h264_crf30_then_resize075,-1.677642822265625,0.15740785041903224
tall_local_seed42,external,1,42,566,faceswap_faces_c23/138_142,ffpp_test:12,1,faceswap,h264_crf30_then_resize075,0.77978515625,0.6856338083441649
tall_local_seed42,external,1,42,567,faceswap_faces_c23/142_138,ffpp_test:12,1,faceswap,h264_crf30_then_resize075,2.3199462890625,0.9105155645584184
tall_local_seed42,external,1,42,568,neuraltextures_faces_c23/138_142,ffpp_test:12,1,neuraltextures,h264_crf30_then_resize075,3.513427734375,0.9710674236724538
tall_local_seed42,external,1,42,569,neuraltextures_faces_c23/142_138,ffpp_test:12,1,neuraltextures,h264_crf30_then_resize075,-1.2395515441894531,0.22451405560215176
tall_local_seed42,external,1,42,570,original_faces_c23/552,ffpp_test:47,0,real,h264_crf30_then_resize075,-2.812255859375,0.056665474310169314
tall_local_seed42,external,1,42,571,original_faces_c23/851,ffpp_test:47,0,real,h264_crf30_then_resize075,1.285400390625,0.7833676401005331
tall_local_seed42,external,1,42,572,deepfakes_faces_c23/552_851,ffpp_test:47,1,deepfakes,h264_crf30_then_resize075,2.92626953125,0.9491298606840693
tall_local_seed42,external,1,42,573,deepfakes_faces_c23/851_552,ffpp_test:47,1,deepfakes,h264_crf30_then_resize075,2.785552978515625,0.9418901231314981
tall_local_seed42,external,1,42,574,face2face_faces_c23/552_851,ffpp_test:47,1,face2face,h264_crf30_then_resize075,-1.48370361328125,0.18486866201153343
tall_local_seed42,external,1,42,575,face2face_faces_c23/851_552,ffpp_test:47,1,face2face,h264_crf30_then_resize075,2.962646484375,0.9508578044839177
tall_local_seed42,external,1,42,576,faceswap_faces_c23/552_851,ffpp_test:47,1,faceswap,h264_crf30_then_resize075,2.9873046875,0.9519972884918988
tall_local_seed42,external,1,42,577,faceswap_faces_c23/851_552,ffpp_test:47,1,faceswap,h264_crf30_then_resize075,3.0712890625,0.9556927886544405
tall_local_seed42,external,1,42,578,neuraltextures_faces_c23/552_851,ffpp_test:47,1,neuraltextures,h264_crf30_then_resize075,-2.32366943359375,0.08918154818704886
tall_local_seed42,external,1,42,579,neuraltextures_faces_c23/851_552,ffpp_test:47,1,neuraltextures,h264_crf30_then_resize075,3.19482421875,0.9606390381551589
tall_local_seed42,external,1,42,580,original_faces_c23/376,ffpp_test:31,0,real,h264_crf30_then_resize075,-3.314697265625,0.03507041386910973
tall_local_seed42,external,1,42,581,original_faces_c23/381,ffpp_test:31,0,real,h264_crf30_then_resize075,-3.16455078125,0.04052174995675804
tall_local_seed42,external,1,42,582,deepfakes_faces_c23/376_381,ffpp_test:31,1,deepfakes,h264_crf30_then_resize075,-1.340576171875,0.20741532327341622
tall_local_seed42,external,1,42,583,deepfakes_faces_c23/381_376,ffpp_test:31,1,deepfakes,h264_crf30_then_resize075,1.887451171875,0.8684646415658006
tall_local_seed42,external,1,42,584,face2face_faces_c23/376_381,ffpp_test:31,1,face2face,h264_crf30_then_resize075,-2.83935546875,0.0552341619422359
tall_local_seed42,external,1,42,585,face2face_faces_c23/381_376,ffpp_test:31,1,face2face,h264_crf30_then_resize075,-2.747802734375,0.06021086350042639
tall_local_seed42,external,1,42,586,faceswap_faces_c23/376_381,ffpp_test:31,1,faceswap,h264_crf30_then_resize075,2.9921875,0.9522199336364293
tall_local_seed42,external,1,42,587,faceswap_faces_c23/381_376,ffpp_test:31,1,faceswap,h264_crf30_then_resize075,-0.008056640625,0.4979858507385163
tall_local_seed42,external,1,42,588,neuraltextures_faces_c23/376_381,ffpp_test:31,1,neuraltextures,h264_crf30_then_resize075,-4.0751953125,0.016705095082597918
tall_local_seed42,external,1,42,589,neuraltextures_faces_c23/381_376,ffpp_test:31,1,neuraltextures,h264_crf30_then_resize075,-2.8433837890625,0.05502432693288264
tall_local_seed42,external,1,42,590,original_faces_c23/000,ffpp_test:0,0,real,h264_crf30_then_resize075,-3.8505859375,0.020824393465454713
tall_local_seed42,external,1,42,591,original_faces_c23/003,ffpp_test:0,0,real,h264_crf30_then_resize075,-2.96044921875,0.04924496944667685
tall_local_seed42,external,1,42,592,deepfakes_faces_c23/000_003,ffpp_test:0,1,deepfakes,h264_crf30_then_resize075,3.0517578125,0.9548583556593461
tall_local_seed42,external,1,42,593,deepfakes_faces_c23/003_000,ffpp_test:0,1,deepfakes,h264_crf30_then_resize075,-1.484619140625,0.18473073894749364
tall_local_seed42,external,1,42,594,face2face_faces_c23/000_003,ffpp_test:0,1,face2face,h264_crf30_then_resize075,-2.610076904296875,0.06849269695604512
tall_local_seed42,external,1,42,595,face2face_faces_c23/003_000,ffpp_test:0,1,face2face,h264_crf30_then_resize075,-3.2232666015625,0.03829948632762597
tall_local_seed42,external,1,42,596,faceswap_faces_c23/000_003,ffpp_test:0,1,faceswap,h264_crf30_then_resize075,-0.5692367553710938,0.36141295821185193
tall_local_seed42,external,1,42,597,faceswap_faces_c23/003_000,ffpp_test:0,1,faceswap,h264_crf30_then_resize075,2.580322265625,0.9295843666563983
tall_local_seed42,external,1,42,598,neuraltextures_faces_c23/000_003,ffpp_test:0,1,neuraltextures,h264_crf30_then_resize075,-3.944091796875,0.01900077695478005
tall_local_seed42,external,1,42,599,neuraltextures_faces_c23/003_000,ffpp_test:0,1,neuraltextures,h264_crf30_then_resize075,-2.64013671875,0.06659953608192189
tall_local_seed42,external,1,42,600,original_faces_c23/048,ffpp_test:4,0,real,h264_crf30_then_resize075,-2.7293701171875,0.06126237692925601
tall_local_seed42,external,1,42,601,original_faces_c23/029,ffpp_test:4,0,real,h264_crf30_then_resize075,-0.031982421875,0.4920050760038285
tall_local_seed42,external,1,42,602,deepfakes_faces_c23/048_029,ffpp_test:4,1,deepfakes,h264_crf30_then_resize075,2.528289794921875,0.9261013963239485
tall_local_seed42,external,1,42,603,deepfakes_faces_c23/029_048,ffpp_test:4,1,deepfakes,h264_crf30_then_resize075,2.115966796875,0.8924454083668185
tall_local_seed42,external,1,42,604,face2face_faces_c23/048_029,ffpp_test:4,1,face2face,h264_crf30_then_resize075,-3.441162109375,0.031033519967516708
tall_local_seed42,external,1,42,605,face2face_faces_c23/029_048,ffpp_test:4,1,face2face,h264_crf30_then_resize075,3.14013671875,0.9585183171068697
tall_local_seed42,external,1,42,606,faceswap_faces_c23/048_029,ffpp_test:4,1,faceswap,h264_crf30_then_resize075,3.146240234375,0.9587603206878846
tall_local_seed42,external,1,42,607,faceswap_faces_c23/029_048,ffpp_test:4,1,faceswap,h264_crf30_then_resize075,2.360107421875,0.9137342732970407
tall_local_seed42,external,1,42,608,neuraltextures_faces_c23/048_029,ffpp_test:4,1,neuraltextures,h264_crf30_then_resize075,-3.1314697265625,0.04182766351356726
tall_local_seed42,external,1,42,609,neuraltextures_faces_c23/029_048,ffpp_test:4,1,neuraltextures,h264_crf30_then_resize075,2.974609375,0.9514137919629646
tall_local_seed42,external,1,42,610,original_faces_c23/724,ffpp_test:59,0,real,h264_crf30_then_resize075,-2.54791259765625,0.07256684412963765
tall_local_seed42,external,1,42,611,original_faces_c23/725,ffpp_test:59,0,real,h264_crf30_then_resize075,-3.73681640625,0.023275202534073756
tall_local_seed42,external,1,42,612,deepfakes_faces_c23/724_725,ffpp_test:59,1,deepfakes,h264_crf30_then_resize075,2.934814453125,0.9495408499616638
tall_local_seed42,external,1,42,613,deepfakes_faces_c23/725_724,ffpp_test:59,1,deepfakes,h264_crf30_then_resize075,2.153900146484375,0.8960326688165166
tall_local_seed42,external,1,42,614,face2face_faces_c23/724_725,ffpp_test:59,1,face2face,h264_crf30_then_resize075,2.85125732421875,0.9453836390924466
tall_local_seed42,external,1,42,615,face2face_faces_c23/725_724,ffpp_test:59,1,face2face,h264_crf30_then_resize075,2.627410888671875,0.9326049983750578
tall_local_seed42,external,1,42,616,faceswap_faces_c23/724_725,ffpp_test:59,1,faceswap,h264_crf30_then_resize075,2.822265625,0.9438672242987702
tall_local_seed42,external,1,42,617,faceswap_faces_c23/725_724,ffpp_test:59,1,faceswap,h264_crf30_then_resize075,2.89697265625,0.9476965814582653
tall_local_seed42,external,1,42,618,neuraltextures_faces_c23/724_725,ffpp_test:59,1,neuraltextures,h264_crf30_then_resize075,2.31158447265625,0.9098319263721969
tall_local_seed42,external,1,42,619,neuraltextures_faces_c23/725_724,ffpp_test:59,1,neuraltextures,h264_crf30_then_resize075,-3.13720703125,0.041598326665707314
tall_local_seed42,external,1,42,620,original_faces_c23/608,ffpp_test:50,0,real,h264_crf30_then_resize075,-3.459716796875,0.03048040118553902
tall_local_seed42,external,1,42,621,original_faces_c23/675,ffpp_test:50,0,real,h264_crf30_then_resize075,-3.485595703125,0.029724867063536307
tall_local_seed42,external,1,42,622,deepfakes_faces_c23/608_675,ffpp_test:50,1,deepfakes,h264_crf30_then_resize075,2.949462890625,0.9502380970132498
tall_local_seed42,external,1,42,623,deepfakes_faces_c23/675_608,ffpp_test:50,1,deepfakes,h264_crf30_then_resize075,3.16015625,0.959307046403347
tall_local_seed42,external,1,42,624,face2face_faces_c23/608_675,ffpp_test:50,1,face2face,h264_crf30_then_resize075,2.131103515625,0.8938897232645995
tall_local_seed42,external,1,42,625,face2face_faces_c23/675_608,ffpp_test:50,1,face2face,h264_crf30_then_resize075,2.4588775634765625,0.9212082308242503
tall_local_seed42,external,1,42,626,faceswap_faces_c23/608_675,ffpp_test:50,1,faceswap,h264_crf30_then_resize075,2.84130859375,0.944867670169635
tall_local_seed42,external,1,42,627,faceswap_faces_c23/675_608,ffpp_test:50,1,faceswap,h264_crf30_then_resize075,3.230224609375,0.9619559737390078
tall_local_seed42,external,1,42,628,neuraltextures_faces_c23/608_675,ffpp_test:50,1,neuraltextures,h264_crf30_then_resize075,-1.830810546875,0.13814174228772697
tall_local_seed42,external,1,42,629,neuraltextures_faces_c23/675_608,ffpp_test:50,1,neuraltextures,h264_crf30_then_resize075,-1.022216796875,0.2645958203563886
tall_local_seed42,external,1,42,630,original_faces_c23/386,ffpp_test:14,0,real,h264_crf30_then_resize075,-2.934814453125,0.050459150038336176
tall_local_seed42,external,1,42,631,original_faces_c23/154,ffpp_test:14,0,real,h264_crf30_then_resize075,-3.108642578125,0.04275216144642764
tall_local_seed42,external,1,42,632,deepfakes_faces_c23/386_154,ffpp_test:14,1,deepfakes,h264_crf30_then_resize075,3.178955078125,0.9600345935707031
tall_local_seed42,external,1,42,633,deepfakes_faces_c23/154_386,ffpp_test:14,1,deepfakes,h264_crf30_then_resize075,2.922119140625,0.9489290960455505
tall_local_seed42,external,1,42,634,face2face_faces_c23/386_154,ffpp_test:14,1,face2face,h264_crf30_then_resize075,1.7228469848632812,0.8484951826279485
tall_local_seed42,external,1,42,635,face2face_faces_c23/154_386,ffpp_test:14,1,face2face,h264_crf30_then_resize075,2.424560546875,0.9186810965798297
tall_local_seed42,external,1,42,636,faceswap_faces_c23/386_154,ffpp_test:14,1,faceswap,h264_crf30_then_resize075,-0.147308349609375,0.4632393632871193
tall_local_seed42,external,1,42,637,faceswap_faces_c23/154_386,ffpp_test:14,1,faceswap,h264_crf30_then_resize075,2.763671875,0.9406808578965629
tall_local_seed42,external,1,42,638,neuraltextures_faces_c23/386_154,ffpp_test:14,1,neuraltextures,h264_crf30_then_resize075,-3.221923828125,0.03834897488589349
tall_local_seed42,external,1,42,639,neuraltextures_faces_c23/154_386,ffpp_test:14,1,neuraltextures,h264_crf30_then_resize075,-3.431884765625,0.03131371081613191
tall_local_seed42,external,1,42,640,original_faces_c23/220,ffpp_test:20,0,real,h264_crf30_then_resize075,-2.192138671875,0.10045866359070854
tall_local_seed42,external,1,42,641,original_faces_c23/219,ffpp_test:20,0,real,h264_crf30_then_resize075,-3.280517578125,0.036245632054120715
tall_local_seed42,external,1,42,642,deepfakes_faces_c23/220_219,ffpp_test:20,1,deepfakes,h264_crf30_then_resize075,-1.42901611328125,0.19325203147151612
tall_local_seed42,external,1,42,643,deepfakes_faces_c23/219_220,ffpp_test:20,1,deepfakes,h264_crf30_then_resize075,2.937255859375,0.949657696819592
tall_local_seed42,external,1,42,644,face2face_faces_c23/220_219,ffpp_test:20,1,face2face,h264_crf30_then_resize075,3.306396484375,0.9646475970542042
tall_local_seed42,external,1,42,645,face2face_faces_c23/219_220,ffpp_test:20,1,face2face,h264_crf30_then_resize075,-0.77691650390625,0.31498483025036855
tall_local_seed42,external,1,42,646,faceswap_faces_c23/220_219,ffpp_test:20,1,faceswap,h264_crf30_then_resize075,-3.2315673828125,0.03799491568421265
tall_local_seed42,external,1,42,647,faceswap_faces_c23/219_220,ffpp_test:20,1,faceswap,h264_crf30_then_resize075,1.12799072265625,0.7554679034924933
tall_local_seed42,external,1,42,648,neuraltextures_faces_c23/220_219,ffpp_test:20,1,neuraltextures,h264_crf30_then_resize075,0.2529296875,0.5628974649864699
tall_local_seed42,external,1,42,649,neuraltextures_faces_c23/219_220,ffpp_test:20,1,neuraltextures,h264_crf30_then_resize075,-1.94140625,0.12549344653756345
tall_local_seed42,external,1,42,650,original_faces_c23/801,ffpp_test:63,0,real,h264_crf30_then_resize075,-3.69873046875,0.024156930479590062
tall_local_seed42,external,1,42,651,original_faces_c23/855,ffpp_test:63,0,real,h264_crf30_then_resize075,-3.012451171875,0.04686652999144273
tall_local_seed42,external,1,42,652,deepfakes_faces_c23/801_855,ffpp_test:63,1,deepfakes,h264_crf30_then_resize075,3.115966796875,0.957546576112412
tall_local_seed42,external,1,42,653,deepfakes_faces_c23/855_801,ffpp_test:63,1,deepfakes,h264_crf30_then_resize075,2.78076171875,0.9416273266475012
tall_local_seed42,external,1,42,654,face2face_faces_c23/801_855,ffpp_test:63,1,face2face,h264_crf30_then_resize075,0.556671142578125,0.6356819575959467
tall_local_seed42,external,1,42,655,face2face_faces_c23/855_801,ffpp_test:63,1,face2face,h264_crf30_then_resize075,0.655029296875,0.6581429066065185
tall_local_seed42,external,1,42,656,faceswap_faces_c23/801_855,ffpp_test:63,1,faceswap,h264_crf30_then_resize075,0.34130859375,0.5845083609406823
tall_local_seed42,external,1,42,657,faceswap_faces_c23/855_801,ffpp_test:63,1,faceswap,h264_crf30_then_resize075,3.796630859375,0.9780465048218856
tall_local_seed42,external,1,42,658,neuraltextures_faces_c23/801_855,ffpp_test:63,1,neuraltextures,h264_crf30_then_resize075,2.738037109375,0.9392341644835188
tall_local_seed42,external,1,42,659,neuraltextures_faces_c23/855_801,ffpp_test:63,1,neuraltextures,h264_crf30_then_resize075,-1.536376953125,0.1770625765568879
tall_local_seed42,external,1,42,660,original_faces_c23/161,ffpp_test:13,0,real,h264_crf30_then_resize075,-3.80126953125,0.021854116303923934
tall_local_seed42,external,1,42,661,original_faces_c23/141,ffpp_test:13,0,real,h264_crf30_then_resize075,-2.96441650390625,0.049059553360657725
tall_local_seed42,external,1,42,662,deepfakes_faces_c23/161_141,ffpp_test:13,1,deepfakes,h264_crf30_then_resize075,0.3267822265625,0.5809762376419445
tall_local_seed42,external,1,42,663,deepfakes_faces_c23/141_161,ffpp_test:13,1,deepfakes,h264_crf30_then_resize075,1.1866455078125,0.7661405792294176
tall_local_seed42,external,1,42,664,face2face_faces_c23/161_141,ffpp_test:13,1,face2face,h264_crf30_then_resize075,-0.6046791076660156,0.35327391872875935
tall_local_seed42,external,1,42,665,face2face_faces_c23/141_161,ffpp_test:13,1,face2face,h264_crf30_then_resize075,-0.72216796875,0.3269157601998389
tall_local_seed42,external,1,42,666,faceswap_faces_c23/161_141,ffpp_test:13,1,faceswap,h264_crf30_then_resize075,3.09228515625,0.9565733912261782
tall_local_seed42,external,1,42,667,faceswap_faces_c23/141_161,ffpp_test:13,1,faceswap,h264_crf30_then_resize075,3.009765625,0.9530133603823691
tall_local_seed42,external,1,42,668,neuraltextures_faces_c23/161_141,ffpp_test:13,1,neuraltextures,h264_crf30_then_resize075,0.5775146484375,0.6404953266950728
tall_local_seed42,external,1,42,669,neuraltextures_faces_c23/141_161,ffpp_test:13,1,neuraltextures,h264_crf30_then_resize075,-0.4361572265625,0.39265700519738506
tall_local_seed42,external,1,42,670,original_faces_c23/949,ffpp_test:66,0,real,h264_crf30_then_resize075,-2.2530670166015625,0.0950852384820653
tall_local_seed42,external,1,42,671,original_faces_c23/868,ffpp_test:66,0,real,h264_crf30_then_resize075,-3.249755859375,0.037335661184477814
tall_local_seed42,external,1,42,672,deepfakes_faces_c23/949_868,ffpp_test:66,1,deepfakes,h264_crf30_then_resize075,1.9493865966796875,0.8753797410203005
tall_local_seed42,external,1,42,673,deepfakes_faces_c23/868_949,ffpp_test:66,1,deepfakes,h264_crf30_then_resize075,3.13525390625,0.9583237365773805
tall_local_seed42,external,1,42,674,face2face_faces_c23/949_868,ffpp_test:66,1,face2face,h264_crf30_then_resize075,1.75213623046875,0.8522220405321321
tall_local_seed42,external,1,42,675,face2face_faces_c23/868_949,ffpp_test:66,1,face2face,h264_crf30_then_resize075,2.85040283203125,0.9453395019486558
tall_local_seed42,external,1,42,676,faceswap_faces_c23/949_868,ffpp_test:66,1,faceswap,h264_crf30_then_resize075,1.63800048828125,0.8372626798704822
tall_local_seed42,external,1,42,677,faceswap_faces_c23/868_949,ffpp_test:66,1,faceswap,h264_crf30_then_resize075,-0.61468505859375,0.35099121490105895
tall_local_seed42,external,1,42,678,neuraltextures_faces_c23/949_868,ffpp_test:66,1,neuraltextures,h264_crf30_then_resize075,0.168701171875,0.5420755507896186
tall_local_seed42,external,1,42,679,neuraltextures_faces_c23/868_949,ffpp_test:66,1,neuraltextures,h264_crf30_then_resize075,-0.25048828125,0.4377033201075919
tall_local_seed42,external,1,42,680,original_faces_c23/880,ffpp_test:11,0,real,h264_crf30_then_resize075,-1.9513092041015625,0.12441067296429409
tall_local_seed42,external,1,42,681,original_faces_c23/135,ffpp_test:11,0,real,h264_crf30_then_resize075,-3.11474609375,0.04250307457501368
tall_local_seed42,external,1,42,682,deepfakes_faces_c23/880_135,ffpp_test:11,1,deepfakes,h264_crf30_then_resize075,2.3834228515625,0.9155544470221487
tall_local_seed42,external,1,42,683,deepfakes_faces_c23/135_880,ffpp_test:11,1,deepfakes,h264_crf30_then_resize075,2.84375,0.9449947117065459
tall_local_seed42,external,1,42,684,face2face_faces_c23/880_135,ffpp_test:11,1,face2face,h264_crf30_then_resize075,-1.8900146484375,0.13124279924209584
tall_local_seed42,external,1,42,685,face2face_faces_c23/135_880,ffpp_test:11,1,face2face,h264_crf30_then_resize075,3.078369140625,0.9559916226771004
tall_local_seed42,external,1,42,686,faceswap_faces_c23/880_135,ffpp_test:11,1,faceswap,h264_crf30_then_resize075,3.15380859375,0.959058528986813
tall_local_seed42,external,1,42,687,faceswap_faces_c23/135_880,ffpp_test:11,1,faceswap,h264_crf30_then_resize075,2.533447265625,0.9264535864855045
tall_local_seed42,external,1,42,688,neuraltextures_faces_c23/880_135,ffpp_test:11,1,neuraltextures,h264_crf30_then_resize075,-0.7020416259765625,0.3313597286051692
tall_local_seed42,external,1,42,689,neuraltextures_faces_c23/135_880,ffpp_test:11,1,neuraltextures,h264_crf30_then_resize075,-1.738525390625,0.1495003341981901
tall_local_seed42,external,1,42,690,original_faces_c23/429,ffpp_test:35,0,real,h264_crf30_then_resize075,-3.529052734375,0.02849680077638012
tall_local_seed42,external,1,42,691,original_faces_c23/404,ffpp_test:35,0,real,h264_crf30_then_resize075,-3.409912109375,0.03198711881789946
tall_local_seed42,external,1,42,692,deepfakes_faces_c23/429_404,ffpp_test:35,1,deepfakes,h264_crf30_then_resize075,3.0869140625,0.9563497240647233
tall_local_seed42,external,1,42,693,deepfakes_faces_c23/404_429,ffpp_test:35,1,deepfakes,h264_crf30_then_resize075,1.63427734375,0.8367547497547669
tall_local_seed42,external,1,42,694,face2face_faces_c23/429_404,ffpp_test:35,1,face2face,h264_crf30_then_resize075,-2.0598297119140625,0.11306290538251677
tall_local_seed42,external,1,42,695,face2face_faces_c23/404_429,ffpp_test:35,1,face2face,h264_crf30_then_resize075,1.376708984375,0.798461928599077
tall_local_seed42,external,1,42,696,faceswap_faces_c23/429_404,ffpp_test:35,1,faceswap,h264_crf30_then_resize075,3.16650390625,0.9595541189207609
tall_local_seed42,external,1,42,697,faceswap_faces_c23/404_429,ffpp_test:35,1,faceswap,h264_crf30_then_resize075,2.275726318359375,0.9068466513777493
tall_local_seed42,external,1,42,698,neuraltextures_faces_c23/429_404,ffpp_test:35,1,neuraltextures,h264_crf30_then_resize075,-3.359130859375,0.033597431662646574
tall_local_seed42,external,1,42,699,neuraltextures_faces_c23/404_429,ffpp_test:35,1,neuraltextures,h264_crf30_then_resize075,-0.529571533203125,0.3706168266535026
