model_id,model_type,checkpoint_count,seed,video_id,path,source_identity,label,manipulation,codec_environment,score,probability
xception_deepfakebench,external,1,official,0,original_faces_c23/953,ffpp_test:68,0,real,canonical,-6.707763671875,0.0012199025272944654
xception_deepfakebench,external,1,official,1,original_faces_c23/974,ffpp_test:68,0,real,canonical,-3.5899276733398438,0.026859009165633115
xception_deepfakebench,external,1,official,2,deepfakes_faces_c23/953_974,ffpp_test:68,1,deepfakes,canonical,5.96368408203125,0.9974361652933591
xception_deepfakebench,external,1,official,3,deepfakes_faces_c23/974_953,ffpp_test:68,1,deepfakes,canonical,4.2144775390625,0.9854352262197886
xception_deepfakebench,external,1,official,4,face2face_faces_c23/953_974,ffpp_test:68,1,face2face,canonical,5.0314788818359375,0.9935132056483709
xception_deepfakebench,external,1,official,5,face2face_faces_c23/974_953,ffpp_test:68,1,face2face,canonical,3.96826171875,0.981444545415006
xception_deepfakebench,external,1,official,6,faceswap_faces_c23/953_974,ffpp_test:68,1,faceswap,canonical,1.3705482482910156,0.797468716886856
xception_deepfakebench,external,1,official,7,faceswap_faces_c23/974_953,ffpp_test:68,1,faceswap,canonical,2.740375518798828,0.9393674883411579
xception_deepfakebench,external,1,official,8,neuraltextures_faces_c23/953_974,ffpp_test:68,1,neuraltextures,canonical,1.5034465789794922,0.8180879586819603
xception_deepfakebench,external,1,official,9,neuraltextures_faces_c23/974_953,ffpp_test:68,1,neuraltextures,canonical,1.604330062866211,0.8326227013935946
xception_deepfakebench,external,1,official,10,original_faces_c23/012,ffpp_test:1,0,real,canonical,-1.8366889953613281,0.13744335003976102
xception_deepfakebench,external,1,official,11,original_faces_c23/026,ffpp_test:1,0,real,canonical,-2.191190719604492,0.10054435937911493
xception_deepfakebench,external,1,official,12,deepfakes_faces_c23/012_026,ffpp_test:1,1,deepfakes,canonical,0.8905906677246094,0.7090120506081374
xception_deepfakebench,external,1,official,13,deepfakes_faces_c23/026_012,ffpp_test:1,1,deepfakes,canonical,8.4620361328125,0.9997887033424129
xception_deepfakebench,external,1,official,14,face2face_faces_c23/012_026,ffpp_test:1,1,face2face,canonical,4.4178466796875,0.9880835408068149
xception_deepfakebench,external,1,official,15,face2face_faces_c23/026_012,ffpp_test:1,1,face2face,canonical,2.4143524169921875,0.9179152199376077
xception_deepfakebench,external,1,official,16,faceswap_faces_c23/012_026,ffpp_test:1,1,faceswap,canonical,3.117645263671875,0.9576147553094833
xception_deepfakebench,external,1,official,17,faceswap_faces_c23/026_012,ffpp_test:1,1,faceswap,canonical,7.3026123046875,0.9993266773038555
xception_deepfakebench,external,1,official,18,neuraltextures_faces_c23/012_026,ffpp_test:1,1,neuraltextures,canonical,5.16845703125,0.9943388839946139
xception_deepfakebench,external,1,official,19,neuraltextures_faces_c23/026_012,ffpp_test:1,1,neuraltextures,canonical,2.3970794677734375,0.916604327040311
xception_deepfakebench,external,1,official,20,original_faces_c23/078,ffpp_test:8,0,real,canonical,-4.71832275390625,0.008851102424142462
xception_deepfakebench,external,1,official,21,original_faces_c23/955,ffpp_test:8,0,real,canonical,-1.2229727506637573,0.22741372482858563
xception_deepfakebench,external,1,official,22,deepfakes_faces_c23/078_955,ffpp_test:8,1,deepfakes,canonical,10.60498046875,0.9999752083898064
xception_deepfakebench,external,1,official,23,deepfakes_faces_c23/955_078,ffpp_test:8,1,deepfakes,canonical,1.1465234756469727,0.7588753428056364
xception_deepfakebench,external,1,official,24,face2face_faces_c23/078_955,ffpp_test:8,1,face2face,canonical,0.6451196670532227,0.6559098496224761
xception_deepfakebench,external,1,official,25,face2face_faces_c23/955_078,ffpp_test:8,1,face2face,canonical,7.1468505859375,0.9992132795764985
xception_deepfakebench,external,1,official,26,faceswap_faces_c23/078_955,ffpp_test:8,1,faceswap,canonical,5.09954833984375,0.9939374775160391
xception_deepfakebench,external,1,official,27,faceswap_faces_c23/955_078,ffpp_test:8,1,faceswap,canonical,1.255197525024414,0.7781982807465766
xception_deepfakebench,external,1,official,28,neuraltextures_faces_c23/078_955,ffpp_test:8,1,neuraltextures,canonical,1.9796524047851562,0.8786441033800527
xception_deepfakebench,external,1,official,29,neuraltextures_faces_c23/955_078,ffpp_test:8,1,neuraltextures,canonical,9.1136474609375,0.9998898599265308
xception_deepfakebench,external,1,official,30,original_faces_c23/623,ffpp_test:51,0,real,canonical,-1.0033835172653198,0.2682767018050249
xception_deepfakebench,external,1,official,31,original_faces_c23/630,ffpp_test:51,0,real,canonical,-1.0182551145553589,0.26536742238850536
xception_deepfakebench,external,1,official,32,deepfakes_faces_c23/623_630,ffpp_test:51,1,deepfakes,canonical,7.0860595703125,0.9991640116733148
xception_deepfakebench,external,1,official,33,deepfakes_faces_c23/630_623,ffpp_test:51,1,deepfakes,canonical,1.7795801162719727,0.8556450110322568
xception_deepfakebench,external,1,official,34,face2face_faces_c23/623_630,ffpp_test:51,1,face2face,canonical,1.4914894104003906,0.8163017196944057
xception_deepfakebench,external,1,official,35,face2face_faces_c23/630_623,ffpp_test:51,1,face2face,canonical,7.573974609375,0.9994866168571181
xception_deepfakebench,external,1,official,36,faceswap_faces_c23/623_630,ffpp_test:51,1,faceswap,canonical,7.03216552734375,0.999117761521946
xception_deepfakebench,external,1,official,37,faceswap_faces_c23/630_623,ffpp_test:51,1,faceswap,canonical,5.85638427734375,0.9971465935775813
xception_deepfakebench,external,1,official,38,neuraltextures_faces_c23/623_630,ffpp_test:51,1,neuraltextures,canonical,3.527313232421875,0.971455002058049
xception_deepfakebench,external,1,official,39,neuraltextures_faces_c23/630_623,ffpp_test:51,1,neuraltextures,canonical,5.29534912109375,0.9950101600896327
xception_deepfakebench,external,1,official,40,original_faces_c23/919,ffpp_test:2,0,real,canonical,-2.267059326171875,0.09388808592544916
xception_deepfakebench,external,1,official,41,original_faces_c23/015,ffpp_test:2,0,real,canonical,-0.29308605194091797,0.42724851888367854
xception_deepfakebench,external,1,official,42,deepfakes_faces_c23/919_015,ffpp_test:2,1,deepfakes,canonical,5.9364013671875,0.9973654408142831
xception_deepfakebench,external,1,official,43,deepfakes_faces_c23/015_919,ffpp_test:2,1,deepfakes,canonical,3.334665298461914,0.9655990763348576
xception_deepfakebench,external,1,official,44,face2face_faces_c23/919_015,ffpp_test:2,1,face2face,canonical,5.084930419921875,0.9938487542856176
xception_deepfakebench,external,1,official,45,face2face_faces_c23/015_919,ffpp_test:2,1,face2face,canonical,3.9290714263916016,0.980717214987088
xception_deepfakebench,external,1,official,46,faceswap_faces_c23/919_015,ffpp_test:2,1,faceswap,canonical,7.19805908203125,0.9992525228626625
xception_deepfakebench,external,1,official,47,faceswap_faces_c23/015_919,ffpp_test:2,1,faceswap,canonical,5.8192138671875,0.9970388554249425
xception_deepfakebench,external,1,official,48,neuraltextures_faces_c23/919_015,ffpp_test:2,1,neuraltextures,canonical,2.3687515258789062,0.9144132034009618
xception_deepfakebench,external,1,official,49,neuraltextures_faces_c23/015_919,ffpp_test:2,1,neuraltextures,canonical,3.707794189453125,0.9760558129914436
xception_deepfakebench,external,1,official,50,original_faces_c23/367,ffpp_test:30,0,real,canonical,-1.6792469024658203,0.15719521716627638
xception_deepfakebench,external,1,official,51,original_faces_c23/371,ffpp_test:30,0,real,canonical,-2.8188858032226562,0.05631211390841612
xception_deepfakebench,external,1,official,52,deepfakes_faces_c23/367_371,ffpp_test:30,1,deepfakes,canonical,4.92462158203125,0.9927869312258862
xception_deepfakebench,external,1,official,53,deepfakes_faces_c23/371_367,ffpp_test:30,1,deepfakes,canonical,8.1083984375,0.9996990900155026
xception_deepfakebench,external,1,official,54,face2face_faces_c23/367_371,ffpp_test:30,1,face2face,canonical,4.876953125,0.9924374317769697
xception_deepfakebench,external,1,official,55,face2face_faces_c23/371_367,ffpp_test:30,1,face2face,canonical,7.486083984375,0.9994394794554028
xception_deepfakebench,external,1,official,56,faceswap_faces_c23/367_371,ffpp_test:30,1,faceswap,canonical,4.39056396484375,0.9877579866841179
xception_deepfakebench,external,1,official,57,faceswap_faces_c23/371_367,ffpp_test:30,1,faceswap,canonical,2.9942092895507812,0.9523118352054174
xception_deepfakebench,external,1,official,58,neuraltextures_faces_c23/367_371,ffpp_test:30,1,neuraltextures,canonical,1.6789779663085938,0.8427691495740648
xception_deepfakebench,external,1,official,59,neuraltextures_faces_c23/371_367,ffpp_test:30,1,neuraltextures,canonical,6.08575439453125,0.9977301166986852
xception_deepfakebench,external,1,official,60,original_faces_c23/847,ffpp_test:65,0,real,canonical,-4.467529296875,0.01134543765061903
xception_deepfakebench,external,1,official,61,original_faces_c23/906,ffpp_test:65,0,real,canonical,1.5681838989257812,0.8275245545592171
xception_deepfakebench,external,1,official,62,deepfakes_faces_c23/847_906,ffpp_test:65,1,deepfakes,canonical,9.189697265625,0.9998979246555393
xception_deepfakebench,external,1,official,63,deepfakes_faces_c23/906_847,ffpp_test:65,1,deepfakes,canonical,7.18798828125,0.9992449628492127
xception_deepfakebench,external,1,official,64,face2face_faces_c23/847_906,ffpp_test:65,1,face2face,canonical,3.3832550048828125,0.9671770944435351
xception_deepfakebench,external,1,official,65,face2face_faces_c23/906_847,ffpp_test:65,1,face2face,canonical,7.687255859375,0.9995415752442078
xception_deepfakebench,external,1,official,66,faceswap_faces_c23/847_906,ffpp_test:65,1,faceswap,canonical,3.8289337158203125,0.9787294906327173
xception_deepfakebench,external,1,official,67,faceswap_faces_c23/906_847,ffpp_test:65,1,faceswap,canonical,7.4915771484375,0.9994425483336606
xception_deepfakebench,external,1,official,68,neuraltextures_faces_c23/847_906,ffpp_test:65,1,neuraltextures,canonical,1.748586654663086,0.8517744491275279
xception_deepfakebench,external,1,official,69,neuraltextures_faces_c23/906_847,ffpp_test:65,1,neuraltextures,canonical,9.0771484375,0.9998857661252163
xception_deepfakebench,external,1,official,70,original_faces_c23/529,ffpp_test:46,0,real,canonical,-2.910980224609375,0.05161343288064184
xception_deepfakebench,external,1,official,71,original_faces_c23/633,ffpp_test:46,0,real,canonical,-0.9326944351196289,0.2823783919074847
xception_deepfakebench,external,1,official,72,deepfakes_faces_c23/529_633,ffpp_test:46,1,deepfakes,canonical,6.63201904296875,0.9986842332140878
xception_deepfakebench,external,1,official,73,deepfakes_faces_c23/633_529,ffpp_test:46,1,deepfakes,canonical,7.194091796875,0.9992495537473562
xception_deepfakebench,external,1,official,74,face2face_faces_c23/529_633,ffpp_test:46,1,face2face,canonical,8.6962890625,0.9998328228039159
xception_deepfakebench,external,1,official,75,face2face_faces_c23/633_529,ffpp_test:46,1,face2face,canonical,8.2154541015625,0.9997296314437661
xception_deepfakebench,external,1,official,76,faceswap_faces_c23/529_633,ffpp_test:46,1,faceswap,canonical,7.6541748046875,0.9995261637467522
xception_deepfakebench,external,1,official,77,faceswap_faces_c23/633_529,ffpp_test:46,1,faceswap,canonical,6.025634765625,0.9975898055961209
xception_deepfakebench,external,1,official,78,neuraltextures_faces_c23/529_633,ffpp_test:46,1,neuraltextures,canonical,5.9808349609375,0.9974796524992952
xception_deepfakebench,external,1,official,79,neuraltextures_faces_c23/633_529,ffpp_test:46,1,neuraltextures,canonical,5.98199462890625,0.9974825662178917
xception_deepfakebench,external,1,official,80,original_faces_c23/418,ffpp_test:36,0,real,canonical,-0.15782451629638672,0.460625567110559
xception_deepfakebench,external,1,official,81,original_faces_c23/507,ffpp_test:36,0,real,canonical,0.7868771553039551,0.6871604022708545
xception_deepfakebench,external,1,official,82,deepfakes_faces_c23/418_507,ffpp_test:36,1,deepfakes,canonical,8.7398681640625,0.9998399506297465
xception_deepfakebench,external,1,official,83,deepfakes_faces_c23/507_418,ffpp_test:36,1,deepfakes,canonical,10.875244140625,0.9999810794715001
xception_deepfakebench,external,1,official,84,face2face_faces_c23/418_507,ffpp_test:36,1,face2face,canonical,10.408203125,0.9999698170483658
xception_deepfakebench,external,1,official,85,face2face_faces_c23/507_418,ffpp_test:36,1,face2face,canonical,10.0965576171875,0.999958780488662
xception_deepfakebench,external,1,official,86,faceswap_faces_c23/418_507,ffpp_test:36,1,faceswap,canonical,6.0224609375,0.9975821624260489
xception_deepfakebench,external,1,official,87,faceswap_faces_c23/507_418,ffpp_test:36,1,faceswap,canonical,6.43310546875,0.9983951285665357
xception_deepfakebench,external,1,official,88,neuraltextures_faces_c23/418_507,ffpp_test:36,1,neuraltextures,canonical,4.40631103515625,0.987946947298416
xception_deepfakebench,external,1,official,89,neuraltextures_faces_c23/507_418,ffpp_test:36,1,neuraltextures,canonical,7.513916015625,0.9994548563978756
xception_deepfakebench,external,1,official,90,original_faces_c23/227,ffpp_test:16,0,real,canonical,0.06184577941894531,0.5154565185317387
xception_deepfakebench,external,1,official,91,original_faces_c23/169,ffpp_test:16,0,real,canonical,-0.09454202651977539,0.47638208254550474
xception_deepfakebench,external,1,official,92,deepfakes_faces_c23/227_169,ffpp_test:16,1,deepfakes,canonical,8.71435546875,0.9998358154842822
xception_deepfakebench,external,1,official,93,deepfakes_faces_c23/169_227,ffpp_test:16,1,deepfakes,canonical,5.7330322265625,0.9967731996751664
xception_deepfakebench,external,1,official,94,face2face_faces_c23/227_169,ffpp_test:16,1,face2face,canonical,0.1603221893310547,0.5399949175469999
xception_deepfakebench,external,1,official,95,face2face_faces_c23/169_227,ffpp_test:16,1,face2face,canonical,6.910400390625,0.9990036353490552
xception_deepfakebench,external,1,official,96,faceswap_faces_c23/227_169,ffpp_test:16,1,faceswap,canonical,3.14501953125,0.9587120283076629
xception_deepfakebench,external,1,official,97,faceswap_faces_c23/169_227,ffpp_test:16,1,faceswap,canonical,4.01959228515625,0.9823565944889736
xception_deepfakebench,external,1,official,98,neuraltextures_faces_c23/227_169,ffpp_test:16,1,neuraltextures,canonical,0.21753406524658203,0.5541700691298875
xception_deepfakebench,external,1,official,99,neuraltextures_faces_c23/169_227,ffpp_test:16,1,neuraltextures,canonical,6.138671875,0.9978468584942644
xception_deepfakebench,external,1,official,100,original_faces_c23/389,ffpp_test:33,0,real,canonical,-2.2386398315429688,0.09633388436799366
xception_deepfakebench,external,1,official,101,original_faces_c23/480,ffpp_test:33,0,real,canonical,-2.6566925048828125,0.06557771675046588
xception_deepfakebench,external,1,official,102,deepfakes_faces_c23/389_480,ffpp_test:33,1,deepfakes,canonical,5.6543121337890625,0.9965098424347918
xception_deepfakebench,external,1,official,103,deepfakes_faces_c23/480_389,ffpp_test:33,1,deepfakes,canonical,5.75311279296875,0.996837146519997
xception_deepfakebench,external,1,official,104,face2face_faces_c23/389_480,ffpp_test:33,1,face2face,canonical,7.363525390625,0.9993664420898246
xception_deepfakebench,external,1,official,105,face2face_faces_c23/480_389,ffpp_test:33,1,face2face,canonical,3.7441864013671875,0.97689175565372
xception_deepfakebench,external,1,official,106,faceswap_faces_c23/389_480,ffpp_test:33,1,faceswap,canonical,0.5441474914550781,0.632776701406361
xception_deepfakebench,external,1,official,107,faceswap_faces_c23/480_389,ffpp_test:33,1,faceswap,canonical,3.481597900390625,0.9701596140817378
xception_deepfakebench,external,1,official,108,neuraltextures_faces_c23/389_480,ffpp_test:33,1,neuraltextures,canonical,5.49029541015625,0.9958903341025594
xception_deepfakebench,external,1,official,109,neuraltextures_faces_c23/480_389,ffpp_test:33,1,neuraltextures,canonical,5.53076171875,0.99605267386108
xception_deepfakebench,external,1,official,110,original_faces_c23/821,ffpp_test:64,0,real,canonical,-1.571889877319336,0.17194714165305244
xception_deepfakebench,external,1,official,111,original_faces_c23/812,ffpp_test:64,0,real,canonical,-2.456329345703125,0.07897692669729818
xception_deepfakebench,external,1,official,112,deepfakes_faces_c23/821_812,ffpp_test:64,1,deepfakes,canonical,2.7277755737304688,0.9386458578174746
xception_deepfakebench,external,1,official,113,deepfakes_faces_c23/812_821,ffpp_test:64,1,deepfakes,canonical,5.49432373046875,0.9959067882263526
xception_deepfakebench,external,1,official,114,face2face_faces_c23/821_812,ffpp_test:64,1,face2face,canonical,7.155517578125,0.999220063318481
xception_deepfakebench,external,1,official,115,face2face_faces_c23/812_821,ffpp_test:64,1,face2face,canonical,5.200592041015625,0.9945169304488395
xception_deepfakebench,external,1,official,116,faceswap_faces_c23/821_812,ffpp_test:64,1,faceswap,canonical,3.91436767578125,0.9804371786102818
xception_deepfakebench,external,1,official,117,faceswap_faces_c23/812_821,ffpp_test:64,1,faceswap,canonical,3.9504547119140625,0.9811174638926586
xception_deepfakebench,external,1,official,118,neuraltextures_faces_c23/821_812,ffpp_test:64,1,neuraltextures,canonical,2.570770263671875,0.9289565472523722
xception_deepfakebench,external,1,official,119,neuraltextures_faces_c23/812_821,ffpp_test:64,1,neuraltextures,canonical,3.474639892578125,0.9699575198815067
xception_deepfakebench,external,1,official,120,original_faces_c23/670,ffpp_test:54,0,real,canonical,-3.0249176025390625,0.04631278903647435
xception_deepfakebench,external,1,official,121,original_faces_c23/661,ffpp_test:54,0,real,canonical,-2.899932861328125,0.05215688208237613
xception_deepfakebench,external,1,official,122,deepfakes_faces_c23/670_661,ffpp_test:54,1,deepfakes,canonical,9.365478515625,0.9999143776440818
xception_deepfakebench,external,1,official,123,deepfakes_faces_c23/661_670,ffpp_test:54,1,deepfakes,canonical,6.5601806640625,0.9985863712413982
xception_deepfakebench,external,1,official,124,face2face_faces_c23/670_661,ffpp_test:54,1,face2face,canonical,5.139892578125,0.9941758010243211
xception_deepfakebench,external,1,official,125,face2face_faces_c23/661_670,ffpp_test:54,1,face2face,canonical,4.6180419921875,0.9902243989655819
xception_deepfakebench,external,1,official,126,faceswap_faces_c23/670_661,ffpp_test:54,1,faceswap,canonical,6.3685302734375,0.9982882576045606
xception_deepfakebench,external,1,official,127,faceswap_faces_c23/661_670,ffpp_test:54,1,faceswap,canonical,4.7391357421875,0.9913296309053122
xception_deepfakebench,external,1,official,128,neuraltextures_faces_c23/670_661,ffpp_test:54,1,neuraltextures,canonical,5.8720703125,0.9971908782451385
xception_deepfakebench,external,1,official,129,neuraltextures_faces_c23/661_670,ffpp_test:54,1,neuraltextures,canonical,2.6717529296875,0.9353391292428206
xception_deepfakebench,external,1,official,130,original_faces_c23/158,ffpp_test:15,0,real,canonical,-0.4392845630645752,0.3919114567511805
xception_deepfakebench,external,1,official,131,original_faces_c23/379,ffpp_test:15,0,real,canonical,-1.5713958740234375,0.17201748989460788
xception_deepfakebench,external,1,official,132,deepfakes_faces_c23/158_379,ffpp_test:15,1,deepfakes,canonical,-0.3857078552246094,0.4047509727652898
xception_deepfakebench,external,1,official,133,deepfakes_faces_c23/379_158,ffpp_test:15,1,deepfakes,canonical,4.0577392578125,0.9830057389708876
xception_deepfakebench,external,1,official,134,face2face_faces_c23/158_379,ffpp_test:15,1,face2face,canonical,3.629058837890625,0.974145067513382
xception_deepfakebench,external,1,official,135,face2face_faces_c23/379_158,ffpp_test:15,1,face2face,canonical,2.088369369506836,0.8897675930235056
xception_deepfakebench,external,1,official,136,faceswap_faces_c23/158_379,ffpp_test:15,1,faceswap,canonical,2.6996994018554688,0.9370089040037662
xception_deepfakebench,external,1,official,137,faceswap_faces_c23/379_158,ffpp_test:15,1,faceswap,canonical,3.15216064453125,0.958993772847097
xception_deepfakebench,external,1,official,138,neuraltextures_faces_c23/158_379,ffpp_test:15,1,neuraltextures,canonical,1.6605911254882812,0.8403173386609407
xception_deepfakebench,external,1,official,139,neuraltextures_faces_c23/379_158,ffpp_test:15,1,neuraltextures,canonical,1.114145278930664,0.7529011116096856
xception_deepfakebench,external,1,official,140,original_faces_c23/423,ffpp_test:37,0,real,canonical,-0.2989692687988281,0.4258094733105355
xception_deepfakebench,external,1,official,141,original_faces_c23/421,ffpp_test:37,0,real,canonical,-1.4871597290039062,0.18434841932217796
xception_deepfakebench,external,1,official,142,deepfakes_faces_c23/423_421,ffpp_test:37,1,deepfakes,canonical,5.9622802734375,0.9974325728797364
xception_deepfakebench,external,1,official,143,deepfakes_faces_c23/421_423,ffpp_test:37,1,deepfakes,canonical,5.7083740234375,0.9966929098799927
xception_deepfakebench,external,1,official,144,face2face_faces_c23/423_421,ffpp_test:37,1,face2face,canonical,5.2305908203125,0.9946781107752528
xception_deepfakebench,external,1,official,145,face2face_faces_c23/421_423,ffpp_test:37,1,face2face,canonical,6.279266357421875,0.998128732701146
xception_deepfakebench,external,1,official,146,faceswap_faces_c23/423_421,ffpp_test:37,1,faceswap,canonical,4.356201171875,0.987335425913558
xception_deepfakebench,external,1,official,147,faceswap_faces_c23/421_423,ffpp_test:37,1,faceswap,canonical,4.7298583984375,0.9912495257745092
xception_deepfakebench,external,1,official,148,neuraltextures_faces_c23/423_421,ffpp_test:37,1,neuraltextures,canonical,-0.0029354095458984375,0.4992661481404695
xception_deepfakebench,external,1,official,149,neuraltextures_faces_c23/421_423,ffpp_test:37,1,neuraltextures,canonical,2.246429443359375,0.9043421009179996
xception_deepfakebench,external,1,official,150,original_faces_c23/352,ffpp_test:28,0,real,canonical,-2.3726882934570312,0.08527920071238218
xception_deepfakebench,external,1,official,151,original_faces_c23/319,ffpp_test:28,0,real,canonical,-4.59881591796875,0.009963475119256151
xception_deepfakebench,external,1,official,152,deepfakes_faces_c23/352_319,ffpp_test:28,1,deepfakes,canonical,1.6678228378295898,0.8412853330106771
xception_deepfakebench,external,1,official,153,deepfakes_faces_c23/319_352,ffpp_test:28,1,deepfakes,canonical,4.025360107421875,0.9824562854209118
xception_deepfakebench,external,1,official,154,face2face_faces_c23/352_319,ffpp_test:28,1,face2face,canonical,2.888336181640625,0.9472668316980993
xception_deepfakebench,external,1,official,155,face2face_faces_c23/319_352,ffpp_test:28,1,face2face,canonical,2.193939208984375,0.8997039280324531
xception_deepfakebench,external,1,official,156,faceswap_faces_c23/352_319,ffpp_test:28,1,faceswap,canonical,3.397613525390625,0.9676298687762777
xception_deepfakebench,external,1,official,157,faceswap_faces_c23/319_352,ffpp_test:28,1,faceswap,canonical,1.8904571533203125,0.8688076461034454
xception_deepfakebench,external,1,official,158,neuraltextures_faces_c23/352_319,ffpp_test:28,1,neuraltextures,canonical,3.949066162109375,0.981091722445923
xception_deepfakebench,external,1,official,159,neuraltextures_faces_c23/319_352,ffpp_test:28,1,neuraltextures,canonical,0.357410192489624,0.5884133704412451
xception_deepfakebench,external,1,official,160,original_faces_c23/579,ffpp_test:48,0,real,canonical,-0.5018596649169922,0.3771037402683079
xception_deepfakebench,external,1,official,161,original_faces_c23/701,ffpp_test:48,0,real,canonical,-2.0596542358398438,0.11308050326275022
xception_deepfakebench,external,1,official,162,deepfakes_faces_c23/579_701,ffpp_test:48,1,deepfakes,canonical,7.84326171875,0.999607766812467
xception_deepfakebench,external,1,official,163,deepfakes_faces_c23/701_579,ffpp_test:48,1,deepfakes,canonical,3.86444091796875,0.9794562521260154
xception_deepfakebench,external,1,official,164,face2face_faces_c23/579_701,ffpp_test:48,1,face2face,canonical,5.88677978515625,0.9972317829790442
xception_deepfakebench,external,1,official,165,face2face_faces_c23/701_579,ffpp_test:48,1,face2face,canonical,7.104248046875,0.9991790672111245
xception_deepfakebench,external,1,official,166,faceswap_faces_c23/579_701,ffpp_test:48,1,faceswap,canonical,3.4859695434570312,0.9702859130820264
xception_deepfakebench,external,1,official,167,faceswap_faces_c23/701_579,ffpp_test:48,1,faceswap,canonical,2.1012001037597656,0.8910197678263025
xception_deepfakebench,external,1,official,168,neuraltextures_faces_c23/579_701,ffpp_test:48,1,neuraltextures,canonical,6.8665771484375,0.9989590470045147
xception_deepfakebench,external,1,official,169,neuraltextures_faces_c23/701_579,ffpp_test:48,1,neuraltextures,canonical,4.289337158203125,0.9864715172752416
xception_deepfakebench,external,1,official,170,original_faces_c23/488,ffpp_test:34,0,real,canonical,-2.1571502685546875,0.1036649453880693
xception_deepfakebench,external,1,official,171,original_faces_c23/399,ffpp_test:34,0,real,canonical,1.8625831604003906,0.8655977524064514
xception_deepfakebench,external,1,official,172,deepfakes_faces_c23/488_399,ffpp_test:34,1,deepfakes,canonical,4.7708740234375,0.9915982167218365
xception_deepfakebench,external,1,official,173,deepfakes_faces_c23/399_488,ffpp_test:34,1,deepfakes,canonical,6.024169921875,0.9975862809788109
xception_deepfakebench,external,1,official,174,face2face_faces_c23/488_399,ffpp_test:34,1,face2face,canonical,6.706787109375,0.9987789070351715
xception_deepfakebench,external,1,official,175,face2face_faces_c23/399_488,ffpp_test:34,1,face2face,canonical,12.705322265625,0.9999969650794162
xception_deepfakebench,external,1,official,176,faceswap_faces_c23/488_399,ffpp_test:34,1,faceswap,canonical,4.56292724609375,0.9896762136553443
xception_deepfakebench,external,1,official,177,faceswap_faces_c23/399_488,ffpp_test:34,1,faceswap,canonical,8.484130859375,0.9997933197326506
xception_deepfakebench,external,1,official,178,neuraltextures_faces_c23/488_399,ffpp_test:34,1,neuraltextures,canonical,5.299560546875,0.9950310260418205
xception_deepfakebench,external,1,official,179,neuraltextures_faces_c23/399_488,ffpp_test:34,1,neuraltextures,canonical,5.7967529296875,0.9969717964634229
xception_deepfakebench,external,1,official,180,original_faces_c23/695,ffpp_test:38,0,real,canonical,-2.8937339782714844,0.05246418555276555
xception_deepfakebench,external,1,official,181,original_faces_c23/422,ffpp_test:38,0,real,canonical,-0.6046897172927856,0.3532714947356457
xception_deepfakebench,external,1,official,182,deepfakes_faces_c23/695_422,ffpp_test:38,1,deepfakes,canonical,8.4500732421875,0.9997861609874965
xception_deepfakebench,external,1,official,183,deepfakes_faces_c23/422_695,ffpp_test:38,1,deepfakes,canonical,6.83770751953125,0.9989285897462649
xception_deepfakebench,external,1,official,184,face2face_faces_c23/695_422,ffpp_test:38,1,face2face,canonical,2.57403564453125,0.9291717486185618
xception_deepfakebench,external,1,official,185,face2face_faces_c23/422_695,ffpp_test:38,1,face2face,canonical,9.54736328125,0.9999286158475654
xception_deepfakebench,external,1,official,186,faceswap_faces_c23/695_422,ffpp_test:38,1,faceswap,canonical,4.782890319824219,0.9916977377230299
xception_deepfakebench,external,1,official,187,faceswap_faces_c23/422_695,ffpp_test:38,1,faceswap,canonical,3.921550750732422,0.9805744764238745
xception_deepfakebench,external,1,official,188,neuraltextures_faces_c23/695_422,ffpp_test:38,1,neuraltextures,canonical,4.395077705383301,0.9878124475015423
xception_deepfakebench,external,1,official,189,neuraltextures_faces_c23/422_695,ffpp_test:38,1,neuraltextures,canonical,5.47259521484375,0.9958172515952329
xception_deepfakebench,external,1,official,190,original_faces_c23/288,ffpp_test:25,0,real,canonical,-0.6036834716796875,0.3535014263501033
xception_deepfakebench,external,1,official,191,original_faces_c23/321,ffpp_test:25,0,real,canonical,-1.6072998046875,0.16696383775731047
xception_deepfakebench,external,1,official,192,deepfakes_faces_c23/288_321,ffpp_test:25,1,deepfakes,canonical,4.84527587890625,0.9921959352151992
xception_deepfakebench,external,1,official,193,deepfakes_faces_c23/321_288,ffpp_test:25,1,deepfakes,canonical,6.8680419921875,0.998960569137929
xception_deepfakebench,external,1,official,194,face2face_faces_c23/288_321,ffpp_test:25,1,face2face,canonical,7.0701904296875,0.9991506507923562
xception_deepfakebench,external,1,official,195,face2face_faces_c23/321_288,ffpp_test:25,1,face2face,canonical,3.043243408203125,0.9544899271882008
xception_deepfakebench,external,1,official,196,faceswap_faces_c23/288_321,ffpp_test:25,1,faceswap,canonical,5.1298828125,0.9941175540646845
xception_deepfakebench,external,1,official,197,faceswap_faces_c23/321_288,ffpp_test:25,1,faceswap,canonical,6.807861328125,0.9988961660739268
xception_deepfakebench,external,1,official,198,neuraltextures_faces_c23/288_321,ffpp_test:25,1,neuraltextures,canonical,3.0777587890625,0.9559659370379535
xception_deepfakebench,external,1,official,199,neuraltextures_faces_c23/321_288,ffpp_test:25,1,neuraltextures,canonical,1.0174401998519897,0.7344736816107408
xception_deepfakebench,external,1,official,200,original_faces_c23/705,ffpp_test:57,0,real,canonical,-0.8172225952148438,0.30635354368586387
xception_deepfakebench,external,1,official,201,original_faces_c23/707,ffpp_test:57,0,real,canonical,-3.5074119567871094,0.02910207231342132
xception_deepfakebench,external,1,official,202,deepfakes_faces_c23/705_707,ffpp_test:57,1,deepfakes,canonical,5.58746337890625,0.9962694548377488
xception_deepfakebench,external,1,official,203,deepfakes_faces_c23/707_705,ffpp_test:57,1,deepfakes,canonical,7.185546875,0.9992431186416789
xception_deepfakebench,external,1,official,204,face2face_faces_c23/705_707,ffpp_test:57,1,face2face,canonical,9.1014404296875,0.999888507354463
xception_deepfakebench,external,1,official,205,face2face_faces_c23/707_705,ffpp_test:57,1,face2face,canonical,5.58843994140625,0.9962730825990306
xception_deepfakebench,external,1,official,206,faceswap_faces_c23/705_707,ffpp_test:57,1,faceswap,canonical,6.3291015625,0.9982195401569427
xception_deepfakebench,external,1,official,207,faceswap_faces_c23/707_705,ffpp_test:57,1,faceswap,canonical,7.1080322265625,0.9991821653619821
xception_deepfakebench,external,1,official,208,neuraltextures_faces_c23/705_707,ffpp_test:57,1,neuraltextures,canonical,4.510467529296875,0.9891262196636583
xception_deepfakebench,external,1,official,209,neuraltextures_faces_c23/707_705,ffpp_test:57,1,neuraltextures,canonical,1.6321876049041748,0.8364690983715966
xception_deepfakebench,external,1,official,210,original_faces_c23/306,ffpp_test:24,0,real,canonical,1.8610916137695312,0.8654241337886506
xception_deepfakebench,external,1,official,211,original_faces_c23/278,ffpp_test:24,0,real,canonical,-0.9708061218261719,0.27471985419309064
xception_deepfakebench,external,1,official,212,deepfakes_faces_c23/306_278,ffpp_test:24,1,deepfakes,canonical,5.088493347167969,0.9938704976317124
xception_deepfakebench,external,1,official,213,deepfakes_faces_c23/278_306,ffpp_test:24,1,deepfakes,canonical,5.5465087890625,0.9961141061817724
xception_deepfakebench,external,1,official,214,face2face_faces_c23/306_278,ffpp_test:24,1,face2face,canonical,6.23211669921875,0.9980385672112566
xception_deepfakebench,external,1,official,215,face2face_faces_c23/278_306,ffpp_test:24,1,face2face,canonical,5.464599609375,0.9957838155008468
xception_deepfakebench,external,1,official,216,faceswap_faces_c23/306_278,ffpp_test:24,1,faceswap,canonical,6.08489990234375,0.9977281806805144
xception_deepfakebench,external,1,official,217,faceswap_faces_c23/278_306,ffpp_test:24,1,faceswap,canonical,5.48638916015625,0.9958743156857337
xception_deepfakebench,external,1,official,218,neuraltextures_faces_c23/306_278,ffpp_test:24,1,neuraltextures,canonical,4.350921630859375,0.9872692394304399
xception_deepfakebench,external,1,official,219,neuraltextures_faces_c23/278_306,ffpp_test:24,1,neuraltextures,canonical,1.93359375,0.8736466603593868
xception_deepfakebench,external,1,official,220,original_faces_c23/865,ffpp_test:61,0,real,canonical,-2.5427303314208984,0.07291638878156893
xception_deepfakebench,external,1,official,221,original_faces_c23/739,ffpp_test:61,0,real,canonical,-1.1515913009643555,0.24019854547260083
xception_deepfakebench,external,1,official,222,deepfakes_faces_c23/865_739,ffpp_test:61,1,deepfakes,canonical,8.4036865234375,0.9997760103109545
xception_deepfakebench,external,1,official,223,deepfakes_faces_c23/739_865,ffpp_test:61,1,deepfakes,canonical,10.638916015625,0.9999760355716779
xception_deepfakebench,external,1,official,224,face2face_faces_c23/865_739,ffpp_test:61,1,face2face,canonical,3.0817794799804688,0.9561348783331722
xception_deepfakebench,external,1,official,225,face2face_faces_c23/739_865,ffpp_test:61,1,face2face,canonical,8.2095947265625,0.9997280430348414
xception_deepfakebench,external,1,official,226,faceswap_faces_c23/865_739,ffpp_test:61,1,faceswap,canonical,4.372314453125,0.987535335197873
xception_deepfakebench,external,1,official,227,faceswap_faces_c23/739_865,ffpp_test:61,1,faceswap,canonical,7.4443359375,0.9994155974477994
xception_deepfakebench,external,1,official,228,neuraltextures_faces_c23/865_739,ffpp_test:61,1,neuraltextures,canonical,4.688873291015625,0.9908867720354388
xception_deepfakebench,external,1,official,229,neuraltextures_faces_c23/739_865,ffpp_test:61,1,neuraltextures,canonical,3.807769775390625,0.9782844052336435
xception_deepfakebench,external,1,official,230,original_faces_c23/995,ffpp_test:21,0,real,canonical,-3.088409423828125,0.04358789476330554
xception_deepfakebench,external,1,official,231,original_faces_c23/233,ffpp_test:21,0,real,canonical,-3.69781494140625,0.024178521952088822
xception_deepfakebench,external,1,official,232,deepfakes_faces_c23/995_233,ffpp_test:21,1,deepfakes,canonical,3.0376510620117188,0.9542463834152356
xception_deepfakebench,external,1,official,233,deepfakes_faces_c23/233_995,ffpp_test:21,1,deepfakes,canonical,7.339996337890625,0.9993513680985728
xception_deepfakebench,external,1,official,234,face2face_faces_c23/995_233,ffpp_test:21,1,face2face,canonical,8.36370849609375,0.9997668763706158
xception_deepfakebench,external,1,official,235,face2face_faces_c23/233_995,ffpp_test:21,1,face2face,canonical,-2.8989181518554688,0.05220706861155994
xception_deepfakebench,external,1,official,236,faceswap_faces_c23/995_233,ffpp_test:21,1,faceswap,canonical,3.7297210693359375,0.9765629490780248
xception_deepfakebench,external,1,official,237,faceswap_faces_c23/233_995,ffpp_test:21,1,faceswap,canonical,4.426189422607422,0.9881813731398569
xception_deepfakebench,external,1,official,238,neuraltextures_faces_c23/995_233,ffpp_test:21,1,neuraltextures,canonical,3.6695516109466553,0.9751455907175465
xception_deepfakebench,external,1,official,239,neuraltextures_faces_c23/233_995,ffpp_test:21,1,neuraltextures,canonical,-2.883392333984375,0.05298067204581487
xception_deepfakebench,external,1,official,240,original_faces_c23/755,ffpp_test:62,0,real,canonical,-2.1224746704101562,0.10693151649353853
xception_deepfakebench,external,1,official,241,original_faces_c23/759,ffpp_test:62,0,real,canonical,-0.7356562614440918,0.32395472912489315
xception_deepfakebench,external,1,official,242,deepfakes_faces_c23/755_759,ffpp_test:62,1,deepfakes,canonical,7.03326416015625,0.9991187293921452
xception_deepfakebench,external,1,official,243,deepfakes_faces_c23/759_755,ffpp_test:62,1,deepfakes,canonical,2.8248138427734375,0.9440020810799065
xception_deepfakebench,external,1,official,244,face2face_faces_c23/755_759,ffpp_test:62,1,face2face,canonical,4.195587158203125,0.9851615983158177
xception_deepfakebench,external,1,official,245,face2face_faces_c23/759_755,ffpp_test:62,1,face2face,canonical,7.50152587890625,0.999448063727958
xception_deepfakebench,external,1,official,246,faceswap_faces_c23/755_759,ffpp_test:62,1,faceswap,canonical,1.0912206172943115,0.7486115021093033
xception_deepfakebench,external,1,official,247,faceswap_faces_c23/759_755,ffpp_test:62,1,faceswap,canonical,1.354888916015625,0.7949277568573484
xception_deepfakebench,external,1,official,248,neuraltextures_faces_c23/755_759,ffpp_test:62,1,neuraltextures,canonical,3.706207275390625,0.9760186974088912
xception_deepfakebench,external,1,official,249,neuraltextures_faces_c23/759_755,ffpp_test:62,1,neuraltextures,canonical,6.29974365234375,0.9981665919892482
xception_deepfakebench,external,1,official,250,original_faces_c23/467,ffpp_test:43,0,real,canonical,-0.9247722625732422,0.28398651161836763
xception_deepfakebench,external,1,official,251,original_faces_c23/462,ffpp_test:43,0,real,canonical,-1.8371820449829102,0.1373849081361001
xception_deepfakebench,external,1,official,252,deepfakes_faces_c23/467_462,ffpp_test:43,1,deepfakes,canonical,2.2396163940429688,0.9037510954725265
xception_deepfakebench,external,1,official,253,deepfakes_faces_c23/462_467,ffpp_test:43,1,deepfakes,canonical,6.94970703125,0.9990420025941028
xception_deepfakebench,external,1,official,254,face2face_faces_c23/467_462,ffpp_test:43,1,face2face,canonical,6.53936767578125,0.998556683999163
xception_deepfakebench,external,1,official,255,face2face_faces_c23/462_467,ffpp_test:43,1,face2face,canonical,4.9525146484375,0.9929839536873812
xception_deepfakebench,external,1,official,256,faceswap_faces_c23/467_462,ffpp_test:43,1,faceswap,canonical,4.826019287109375,0.992045406253298
xception_deepfakebench,external,1,official,257,faceswap_faces_c23/462_467,ffpp_test:43,1,faceswap,canonical,6.7236328125,0.9987992804219367
xception_deepfakebench,external,1,official,258,neuraltextures_faces_c23/467_462,ffpp_test:43,1,neuraltextures,canonical,4.65936279296875,0.9906163897937199
xception_deepfakebench,external,1,official,259,neuraltextures_faces_c23/462_467,ffpp_test:43,1,neuraltextures,canonical,1.6766891479492188,0.8424656218362911
xception_deepfakebench,external,1,official,260,original_faces_c23/314,ffpp_test:27,0,real,canonical,0.7919101715087891,0.6882413342164999
xception_deepfakebench,external,1,official,261,original_faces_c23/347,ffpp_test:27,0,real,canonical,-2.798553466796875,0.05740239389898616
xception_deepfakebench,external,1,official,262,deepfakes_faces_c23/314_347,ffpp_test:27,1,deepfakes,canonical,5.044677734375,0.9935977167863264
xception_deepfakebench,external,1,official,263,deepfakes_faces_c23/347_314,ffpp_test:27,1,deepfakes,canonical,7.6822509765625,0.9995392761906462
xception_deepfakebench,external,1,official,264,face2face_faces_c23/314_347,ffpp_test:27,1,face2face,canonical,6.47576904296875,0.9984620550039215
xception_deepfakebench,external,1,official,265,face2face_faces_c23/347_314,ffpp_test:27,1,face2face,canonical,3.79376220703125,0.9779848258995113
xception_deepfakebench,external,1,official,266,faceswap_faces_c23/314_347,ffpp_test:27,1,faceswap,canonical,5.118408203125,0.9940500704748546
xception_deepfakebench,external,1,official,267,faceswap_faces_c23/347_314,ffpp_test:27,1,faceswap,canonical,6.0322265625,0.9976056029433945
xception_deepfakebench,external,1,official,268,neuraltextures_faces_c23/314_347,ffpp_test:27,1,neuraltextures,canonical,2.59588623046875,0.9305963547184731
xception_deepfakebench,external,1,official,269,neuraltextures_faces_c23/347_314,ffpp_test:27,1,neuraltextures,canonical,-2.4247055053710938,0.08130807478778253
xception_deepfakebench,external,1,official,270,original_faces_c23/741,ffpp_test:60,0,real,canonical,-2.566258430480957,0.07134179385420238
xception_deepfakebench,external,1,official,271,original_faces_c23/731,ffpp_test:60,0,real,canonical,-1.9998931884765625,0.11921413700306771
xception_deepfakebench,external,1,official,272,deepfakes_faces_c23/741_731,ffpp_test:60,1,deepfakes,canonical,2.402881622314453,0.9170467778419091
xception_deepfakebench,external,1,official,273,deepfakes_faces_c23/731_741,ffpp_test:60,1,deepfakes,canonical,6.343505859375,0.9982449579168499
xception_deepfakebench,external,1,official,274,face2face_faces_c23/741_731,ffpp_test:60,1,face2face,canonical,3.42694091796875,0.9685359786699861
xception_deepfakebench,external,1,official,275,face2face_faces_c23/731_741,ffpp_test:60,1,face2face,canonical,4.9490966796875,0.9929601011411178
xception_deepfakebench,external,1,official,276,faceswap_faces_c23/741_731,ffpp_test:60,1,faceswap,canonical,3.4698486328125,0.9698175880945755
xception_deepfakebench,external,1,official,277,faceswap_faces_c23/731_741,ffpp_test:60,1,faceswap,canonical,3.0400924682617188,0.9543528576241409
xception_deepfakebench,external,1,official,278,neuraltextures_faces_c23/741_731,ffpp_test:60,1,neuraltextures,canonical,3.0412063598632812,0.9544013580684227
xception_deepfakebench,external,1,official,279,neuraltextures_faces_c23/731_741,ffpp_test:60,1,neuraltextures,canonical,4.00775146484375,0.9821501915624087
xception_deepfakebench,external,1,official,280,original_faces_c23/970,ffpp_test:69,0,real,canonical,-3.0175933837890625,0.04663736157736147
xception_deepfakebench,external,1,official,281,original_faces_c23/973,ffpp_test:69,0,real,canonical,-2.2294921875,0.09713316617672478
xception_deepfakebench,external,1,official,282,deepfakes_faces_c23/970_973,ffpp_test:69,1,deepfakes,canonical,5.2608642578125,0.9948359888588791
xception_deepfakebench,external,1,official,283,deepfakes_faces_c23/973_970,ffpp_test:69,1,deepfakes,canonical,6.6551513671875,0.9987142819365872
xception_deepfakebench,external,1,official,284,face2face_faces_c23/970_973,ffpp_test:69,1,face2face,canonical,7.52490234375,0.9994608095336541
xception_deepfakebench,external,1,official,285,face2face_faces_c23/973_970,ffpp_test:69,1,face2face,canonical,6.377685546875,0.9983038310942284
xception_deepfakebench,external,1,official,286,faceswap_faces_c23/970_973,ffpp_test:69,1,faceswap,canonical,6.1566162109375,0.9978850696129462
xception_deepfakebench,external,1,official,287,faceswap_faces_c23/973_970,ffpp_test:69,1,faceswap,canonical,6.44354248046875,0.9984117650568188
xception_deepfakebench,external,1,official,288,neuraltextures_faces_c23/970_973,ffpp_test:69,1,neuraltextures,canonical,5.15380859375,0.9942558269923306
xception_deepfakebench,external,1,official,289,neuraltextures_faces_c23/973_970,ffpp_test:69,1,neuraltextures,canonical,2.8540420532226562,0.945527245953586
xception_deepfakebench,external,1,official,290,original_faces_c23/634,ffpp_test:53,0,real,canonical,-3.47943115234375,0.029903177080219882
xception_deepfakebench,external,1,official,291,original_faces_c23/660,ffpp_test:53,0,real,canonical,-0.7920875549316406,0.31172060674480795
xception_deepfakebench,external,1,official,292,deepfakes_faces_c23/634_660,ffpp_test:53,1,deepfakes,canonical,5.510986328125,0.9959741543841082
xception_deepfakebench,external,1,official,293,deepfakes_faces_c23/660_634,ffpp_test:53,1,deepfakes,canonical,6.91729736328125,0.9990104768290347
xception_deepfakebench,external,1,official,294,face2face_faces_c23/634_660,ffpp_test:53,1,face2face,canonical,4.421630859375,0.988128015271335
xception_deepfakebench,external,1,official,295,face2face_faces_c23/660_634,ffpp_test:53,1,face2face,canonical,7.86279296875,0.9996153503709242
xception_deepfakebench,external,1,official,296,faceswap_faces_c23/634_660,ffpp_test:53,1,faceswap,canonical,3.5374603271484375,0.9717350407522726
xception_deepfakebench,external,1,official,297,faceswap_faces_c23/660_634,ffpp_test:53,1,faceswap,canonical,3.523895263671875,0.9713600682802211
xception_deepfakebench,external,1,official,298,neuraltextures_faces_c23/634_660,ffpp_test:53,1,neuraltextures,canonical,5.68402099609375,0.9966116597855071
xception_deepfakebench,external,1,official,299,neuraltextures_faces_c23/660_634,ffpp_test:53,1,neuraltextures,canonical,3.397796630859375,0.9676356035707074
xception_deepfakebench,external,1,official,300,original_faces_c23/494,ffpp_test:40,0,real,canonical,-1.50848388671875,0.1811635897574464
xception_deepfakebench,external,1,official,301,original_faces_c23/445,ffpp_test:40,0,real,canonical,-0.8228845596313477,0.3051516912475322
xception_deepfakebench,external,1,official,302,deepfakes_faces_c23/494_445,ffpp_test:40,1,deepfakes,canonical,5.1524658203125,0.9942481530830901
xception_deepfakebench,external,1,official,303,deepfakes_faces_c23/445_494,ffpp_test:40,1,deepfakes,canonical,3.320587158203125,0.9651283580338392
xception_deepfakebench,external,1,official,304,face2face_faces_c23/494_445,ffpp_test:40,1,face2face,canonical,4.743988037109375,0.991371238044285
xception_deepfakebench,external,1,official,305,face2face_faces_c23/445_494,ffpp_test:40,1,face2face,canonical,7.2156982421875,0.9992655825290163
xception_deepfakebench,external,1,official,306,faceswap_faces_c23/494_445,ffpp_test:40,1,faceswap,canonical,5.191650390625,0.9944679553484173
xception_deepfakebench,external,1,official,307,faceswap_faces_c23/445_494,ffpp_test:40,1,faceswap,canonical,4.22607421875,0.9856007356222449
xception_deepfakebench,external,1,official,308,neuraltextures_faces_c23/494_445,ffpp_test:40,1,neuraltextures,canonical,-0.44446468353271484,0.390677640258713
xception_deepfakebench,external,1,official,309,neuraltextures_faces_c23/445_494,ffpp_test:40,1,neuraltextures,canonical,5.4444580078125,0.9956984028004707
xception_deepfakebench,external,1,official,310,original_faces_c23/706,ffpp_test:44,0,real,canonical,-1.930145263671875,0.12673450250317214
xception_deepfakebench,external,1,official,311,original_faces_c23/479,ffpp_test:44,0,real,canonical,-1.4666681289672852,0.18744957026937295
xception_deepfakebench,external,1,official,312,deepfakes_faces_c23/706_479,ffpp_test:44,1,deepfakes,canonical,6.53289794921875,0.9985473294761547
xception_deepfakebench,external,1,official,313,deepfakes_faces_c23/479_706,ffpp_test:44,1,deepfakes,canonical,9.01611328125,0.9998785775427765
xception_deepfakebench,external,1,official,314,face2face_faces_c23/706_479,ffpp_test:44,1,face2face,canonical,3.43743896484375,0.9688543277442836
xception_deepfakebench,external,1,official,315,face2face_faces_c23/479_706,ffpp_test:44,1,face2face,canonical,7.736328125,0.9995635185591673
xception_deepfakebench,external,1,official,316,faceswap_faces_c23/706_479,ffpp_test:44,1,faceswap,canonical,3.2136077880859375,0.9613431632961695
xception_deepfakebench,external,1,official,317,faceswap_faces_c23/479_706,ffpp_test:44,1,faceswap,canonical,1.6262331008911133,0.8356529576946456
xception_deepfakebench,external,1,official,318,neuraltextures_faces_c23/706_479,ffpp_test:44,1,neuraltextures,canonical,5.4805908203125,0.9958504236324711
xception_deepfakebench,external,1,official,319,neuraltextures_faces_c23/479_706,ffpp_test:44,1,neuraltextures,canonical,5.02294921875,0.9934580023498123
xception_deepfakebench,external,1,official,320,original_faces_c23/186,ffpp_test:17,0,real,canonical,-3.112346649169922,0.042600830987153386
xception_deepfakebench,external,1,official,321,original_faces_c23/170,ffpp_test:17,0,real,canonical,-2.318634033203125,0.08959141168742352
xception_deepfakebench,external,1,official,322,deepfakes_faces_c23/186_170,ffpp_test:17,1,deepfakes,canonical,4.802459716796875,0.9918573185031114
xception_deepfakebench,external,1,official,323,deepfakes_faces_c23/170_186,ffpp_test:17,1,deepfakes,canonical,6.38775634765625,0.9983207986079919
xception_deepfakebench,external,1,official,324,face2face_faces_c23/186_170,ffpp_test:17,1,face2face,canonical,3.6493682861328125,0.9746516944750696
xception_deepfakebench,external,1,official,325,face2face_faces_c23/170_186,ffpp_test:17,1,face2face,canonical,6.16351318359375,0.9978995755110152
xception_deepfakebench,external,1,official,326,faceswap_faces_c23/186_170,ffpp_test:17,1,faceswap,canonical,1.7947006225585938,0.8575026202082577
xception_deepfakebench,external,1,official,327,faceswap_faces_c23/170_186,ffpp_test:17,1,faceswap,canonical,1.979722023010254,0.8786515264812413
xception_deepfakebench,external,1,official,328,neuraltextures_faces_c23/186_170,ffpp_test:17,1,neuraltextures,canonical,3.9307327270507812,0.9807486066989599
xception_deepfakebench,external,1,official,329,neuraltextures_faces_c23/170_186,ffpp_test:17,1,neuraltextures,canonical,3.832763671875,0.9788090769245605
xception_deepfakebench,external,1,official,330,original_faces_c23/176,ffpp_test:18,0,real,canonical,-1.4209518432617188,0.19451240796421967
xception_deepfakebench,external,1,official,331,original_faces_c23/190,ffpp_test:18,0,real,canonical,0.7414419651031494,0.6773110937946419
xception_deepfakebench,external,1,official,332,deepfakes_faces_c23/176_190,ffpp_test:18,1,deepfakes,canonical,9.674560546875,0.9999371414382718
xception_deepfakebench,external,1,official,333,deepfakes_faces_c23/190_176,ffpp_test:18,1,deepfakes,canonical,2.4595775604248047,0.9212590241629334
xception_deepfakebench,external,1,official,334,face2face_faces_c23/176_190,ffpp_test:18,1,face2face,canonical,8.2928466796875,0.999749761713808
xception_deepfakebench,external,1,official,335,face2face_faces_c23/190_176,ffpp_test:18,1,face2face,canonical,8.8558349609375,0.9998574727713587
xception_deepfakebench,external,1,official,336,faceswap_faces_c23/176_190,ffpp_test:18,1,faceswap,canonical,3.928616523742676,0.9807086104601618
xception_deepfakebench,external,1,official,337,faceswap_faces_c23/190_176,ffpp_test:18,1,faceswap,canonical,2.83172607421875,0.9443663570793246
xception_deepfakebench,external,1,official,338,neuraltextures_faces_c23/176_190,ffpp_test:18,1,neuraltextures,canonical,5.8563232421875,0.9971464199111486
xception_deepfakebench,external,1,official,339,neuraltextures_faces_c23/190_176,ffpp_test:18,1,neuraltextures,canonical,3.1179046630859375,0.957625282754028
xception_deepfakebench,external,1,official,340,original_faces_c23/380,ffpp_test:29,0,real,canonical,-1.2558631896972656,0.2216868430033607
xception_deepfakebench,external,1,official,341,original_faces_c23/358,ffpp_test:29,0,real,canonical,-1.5602822303771973,0.1736061525275678
xception_deepfakebench,external,1,official,342,deepfakes_faces_c23/380_358,ffpp_test:29,1,deepfakes,canonical,4.0469970703125,0.9828253516169222
xception_deepfakebench,external,1,official,343,deepfakes_faces_c23/358_380,ffpp_test:29,1,deepfakes,canonical,2.671466827392578,0.9353218236657527
xception_deepfakebench,external,1,official,344,face2face_faces_c23/380_358,ffpp_test:29,1,face2face,canonical,4.147735595703125,0.9844456078464932
xception_deepfakebench,external,1,official,345,face2face_faces_c23/358_380,ffpp_test:29,1,face2face,canonical,2.6805191040039062,0.9358672871159464
xception_deepfakebench,external,1,official,346,faceswap_faces_c23/380_358,ffpp_test:29,1,faceswap,canonical,0.4527435302734375,0.6112913345045274
xception_deepfakebench,external,1,official,347,faceswap_faces_c23/358_380,ffpp_test:29,1,faceswap,canonical,-0.10214531421661377,0.47448585142953076
xception_deepfakebench,external,1,official,348,neuraltextures_faces_c23/380_358,ffpp_test:29,1,neuraltextures,canonical,3.7845458984375,0.9777855175164947
xception_deepfakebench,external,1,official,349,neuraltextures_faces_c23/358_380,ffpp_test:29,1,neuraltextures,canonical,0.7011066675186157,0.6684330889181592
xception_deepfakebench,external,1,official,350,original_faces_c23/214,ffpp_test:19,0,real,canonical,-2.421966552734375,0.08151290129178813
xception_deepfakebench,external,1,official,351,original_faces_c23/255,ffpp_test:19,0,real,canonical,-0.06839752197265625,0.4829072826131312
xception_deepfakebench,external,1,official,352,deepfakes_faces_c23/214_255,ffpp_test:19,1,deepfakes,canonical,7.410400390625,0.9993954372788186
xception_deepfakebench,external,1,official,353,deepfakes_faces_c23/255_214,ffpp_test:19,1,deepfakes,canonical,3.5969772338867188,0.973324636150052
xception_deepfakebench,external,1,official,354,face2face_faces_c23/214_255,ffpp_test:19,1,face2face,canonical,6.3287353515625,0.9982188891752101
xception_deepfakebench,external,1,official,355,face2face_faces_c23/255_214,ffpp_test:19,1,face2face,canonical,8.6151123046875,0.9998186884313296
xception_deepfakebench,external,1,official,356,faceswap_faces_c23/214_255,ffpp_test:19,1,faceswap,canonical,2.7883949279785156,0.9420454766877417
xception_deepfakebench,external,1,official,357,faceswap_faces_c23/255_214,ffpp_test:19,1,faceswap,canonical,3.6818313598632812,0.9754414807719699
xception_deepfakebench,external,1,official,358,neuraltextures_faces_c23/214_255,ffpp_test:19,1,neuraltextures,canonical,4.149299621582031,0.9844695387823139
xception_deepfakebench,external,1,official,359,neuraltextures_faces_c23/255_214,ffpp_test:19,1,neuraltextures,canonical,4.04461669921875,0.9827851255019477
xception_deepfakebench,external,1,official,360,original_faces_c23/454,ffpp_test:42,0,real,canonical,1.163238525390625,0.7619206736634617
xception_deepfakebench,external,1,official,361,original_faces_c23/527,ffpp_test:42,0,real,canonical,-1.2585065364837646,0.22123109077844622
xception_deepfakebench,external,1,official,362,deepfakes_faces_c23/454_527,ffpp_test:42,1,deepfakes,canonical,7.440673828125,0.9994134546358158
xception_deepfakebench,external,1,official,363,deepfakes_faces_c23/527_454,ffpp_test:42,1,deepfakes,canonical,7.9525146484375,0.9996483472458052
xception_deepfakebench,external,1,official,364,face2face_faces_c23/454_527,ffpp_test:42,1,face2face,canonical,9.9195556640625,0.9999507994062213
xception_deepfakebench,external,1,official,365,face2face_faces_c23/527_454,ffpp_test:42,1,face2face,canonical,3.9868621826171875,0.9817802651663537
xception_deepfakebench,external,1,official,366,faceswap_faces_c23/454_527,ffpp_test:42,1,faceswap,canonical,6.7164306640625,0.9987906119414306
xception_deepfakebench,external,1,official,367,faceswap_faces_c23/527_454,ffpp_test:42,1,faceswap,canonical,5.5343017578125,0.9960665679778814
xception_deepfakebench,external,1,official,368,neuraltextures_faces_c23/454_527,ffpp_test:42,1,neuraltextures,canonical,5.44732666015625,0.9957106720514447
xception_deepfakebench,external,1,official,369,neuraltextures_faces_c23/527_454,ffpp_test:42,1,neuraltextures,canonical,4.6043701171875,0.9900911637819991
xception_deepfakebench,external,1,official,370,original_faces_c23/425,ffpp_test:39,0,real,canonical,-1.9552993774414062,0.1239766637896891
xception_deepfakebench,external,1,official,371,original_faces_c23/485,ffpp_test:39,0,real,canonical,-2.357187271118164,0.08649618278896691
xception_deepfakebench,external,1,official,372,deepfakes_faces_c23/425_485,ffpp_test:39,1,deepfakes,canonical,4.27587890625,0.9862907297761937
xception_deepfakebench,external,1,official,373,deepfakes_faces_c23/485_425,ffpp_test:39,1,deepfakes,canonical,3.555877685546875,0.9722365217644048
xception_deepfakebench,external,1,official,374,face2face_faces_c23/425_485,ffpp_test:39,1,face2face,canonical,4.2166748046875,0.9854667291701336
xception_deepfakebench,external,1,official,375,face2face_faces_c23/485_425,ffpp_test:39,1,face2face,canonical,1.2898178100585938,0.7841163500432848
xception_deepfakebench,external,1,official,376,faceswap_faces_c23/425_485,ffpp_test:39,1,faceswap,canonical,4.911102294921875,0.992689471258162
xception_deepfakebench,external,1,official,377,faceswap_faces_c23/485_425,ffpp_test:39,1,faceswap,canonical,4.948272705078125,0.9929543389393288
xception_deepfakebench,external,1,official,378,neuraltextures_faces_c23/425_485,ffpp_test:39,1,neuraltextures,canonical,2.8529739379882812,0.9454722059862193
xception_deepfakebench,external,1,official,379,neuraltextures_faces_c23/485_425,ffpp_test:39,1,neuraltextures,canonical,0.12296247482299805,0.5307019445881506
xception_deepfakebench,external,1,official,380,original_faces_c23/388,ffpp_test:26,0,real,canonical,0.5078468322753906,0.624301586207188
xception_deepfakebench,external,1,official,381,original_faces_c23/308,ffpp_test:26,0,real,canonical,-1.2725791931152344,0.2188160564685506
xception_deepfakebench,external,1,official,382,deepfakes_faces_c23/388_308,ffpp_test:26,1,deepfakes,canonical,2.338888168334961,0.9120469378630861
xception_deepfakebench,external,1,official,383,deepfakes_faces_c23/308_388,ffpp_test:26,1,deepfakes,canonical,6.67474365234375,0.9987391954781172
xception_deepfakebench,external,1,official,384,face2face_faces_c23/388_308,ffpp_test:26,1,face2face,canonical,6.5162353515625,0.9985229574773774
xception_deepfakebench,external,1,official,385,face2face_faces_c23/308_388,ffpp_test:26,1,face2face,canonical,7.3131103515625,0.9993337042183466
xception_deepfakebench,external,1,official,386,faceswap_faces_c23/388_308,ffpp_test:26,1,faceswap,canonical,6.16607666015625,0.9979049417383178
xception_deepfakebench,external,1,official,387,faceswap_faces_c23/308_388,ffpp_test:26,1,faceswap,canonical,7.157470703125,0.9992215839610542
xception_deepfakebench,external,1,official,388,neuraltextures_faces_c23/388_308,ffpp_test:26,1,neuraltextures,canonical,4.899688720703125,0.9926061744783989
xception_deepfakebench,external,1,official,389,neuraltextures_faces_c23/308_388,ffpp_test:26,1,neuraltextures,canonical,0.543004035949707,0.6325109559355024
xception_deepfakebench,external,1,official,390,original_faces_c23/384,ffpp_test:32,0,real,canonical,-3.084930419921875,0.04373315795505502
xception_deepfakebench,external,1,official,391,original_faces_c23/932,ffpp_test:32,0,real,canonical,-0.32915496826171875,0.4184462465913452
xception_deepfakebench,external,1,official,392,deepfakes_faces_c23/384_932,ffpp_test:32,1,deepfakes,canonical,8.8289794921875,0.9998535938441347
xception_deepfakebench,external,1,official,393,deepfakes_faces_c23/932_384,ffpp_test:32,1,deepfakes,canonical,6.0540771484375,0.9976572332207618
xception_deepfakebench,external,1,official,394,face2face_faces_c23/384_932,ffpp_test:32,1,face2face,canonical,5.514404296875,0.9959878359953986
xception_deepfakebench,external,1,official,395,face2face_faces_c23/932_384,ffpp_test:32,1,face2face,canonical,5.00347900390625,0.9933302380418659
xception_deepfakebench,external,1,official,396,faceswap_faces_c23/384_932,ffpp_test:32,1,faceswap,canonical,5.9945068359375,0.9975137908066976
xception_deepfakebench,external,1,official,397,faceswap_faces_c23/932_384,ffpp_test:32,1,faceswap,canonical,4.156890869140625,0.984585177542194
xception_deepfakebench,external,1,official,398,neuraltextures_faces_c23/384_932,ffpp_test:32,1,neuraltextures,canonical,6.64520263671875,0.9987014435272474
xception_deepfakebench,external,1,official,399,neuraltextures_faces_c23/932_384,ffpp_test:32,1,neuraltextures,canonical,7.128662109375,0.9991988509749838
xception_deepfakebench,external,1,official,400,original_faces_c23/035,ffpp_test:5,0,real,canonical,-0.29872894287109375,0.4258682330296639
xception_deepfakebench,external,1,official,401,original_faces_c23/036,ffpp_test:5,0,real,canonical,-1.6459627151489258,0.16165534699307196
xception_deepfakebench,external,1,official,402,deepfakes_faces_c23/035_036,ffpp_test:5,1,deepfakes,canonical,5.3570556640625,0.9953073571694115
xception_deepfakebench,external,1,official,403,deepfakes_faces_c23/036_035,ffpp_test:5,1,deepfakes,canonical,3.3464107513427734,0.9659871044578757
xception_deepfakebench,external,1,official,404,face2face_faces_c23/035_036,ffpp_test:5,1,face2face,canonical,3.598480224609375,0.9733636317348648
xception_deepfakebench,external,1,official,405,face2face_faces_c23/036_035,ffpp_test:5,1,face2face,canonical,4.98480224609375,0.9932053523191802
xception_deepfakebench,external,1,official,406,faceswap_faces_c23/035_036,ffpp_test:5,1,faceswap,canonical,3.06766414642334,0.9555390411102748
xception_deepfakebench,external,1,official,407,faceswap_faces_c23/036_035,ffpp_test:5,1,faceswap,canonical,2.1003170013427734,0.8909339858385512
xception_deepfakebench,external,1,official,408,neuraltextures_faces_c23/035_036,ffpp_test:5,1,neuraltextures,canonical,3.506622314453125,0.9708756079323007
xception_deepfakebench,external,1,official,409,neuraltextures_faces_c23/036_035,ffpp_test:5,1,neuraltextures,canonical,3.0678558349609375,0.9555471841299116
xception_deepfakebench,external,1,official,410,original_faces_c23/257,ffpp_test:23,0,real,canonical,-0.43182945251464844,0.39368955992078736
xception_deepfakebench,external,1,official,411,original_faces_c23/420,ffpp_test:23,0,real,canonical,-0.7066287994384766,0.3303441797393402
xception_deepfakebench,external,1,official,412,deepfakes_faces_c23/257_420,ffpp_test:23,1,deepfakes,canonical,4.566558837890625,0.9897132524690604
xception_deepfakebench,external,1,official,413,deepfakes_faces_c23/420_257,ffpp_test:23,1,deepfakes,canonical,0.857353925704956,0.7021075172903248
xception_deepfakebench,external,1,official,414,face2face_faces_c23/257_420,ffpp_test:23,1,face2face,canonical,3.7839488983154297,0.9777725463778136
xception_deepfakebench,external,1,official,415,face2face_faces_c23/420_257,ffpp_test:23,1,face2face,canonical,0.8741093873977661,0.7056000559953095
xception_deepfakebench,external,1,official,416,faceswap_faces_c23/257_420,ffpp_test:23,1,faceswap,canonical,3.3334598541259766,0.9655590120060846
xception_deepfakebench,external,1,official,417,faceswap_faces_c23/420_257,ffpp_test:23,1,faceswap,canonical,1.5553703308105469,0.8256880215298227
xception_deepfakebench,external,1,official,418,neuraltextures_faces_c23/257_420,ffpp_test:23,1,neuraltextures,canonical,2.0089111328125,0.8817295195066591
xception_deepfakebench,external,1,official,419,neuraltextures_faces_c23/420_257,ffpp_test:23,1,neuraltextures,canonical,0.1555919647216797,0.5388197076901301
xception_deepfakebench,external,1,official,420,original_faces_c23/924,ffpp_test:67,0,real,canonical,-1.8056321144104004,0.14116685328525652
xception_deepfakebench,external,1,official,421,original_faces_c23/917,ffpp_test:67,0,real,canonical,-2.28216552734375,0.09261081446700327
xception_deepfakebench,external,1,official,422,deepfakes_faces_c23/924_917,ffpp_test:67,1,deepfakes,canonical,7.7147216796875,0.999553989377874
xception_deepfakebench,external,1,official,423,deepfakes_faces_c23/917_924,ffpp_test:67,1,deepfakes,canonical,4.54095458984375,0.9894492819664176
xception_deepfakebench,external,1,official,424,face2face_faces_c23/924_917,ffpp_test:67,1,face2face,canonical,7.8427734375,0.999607575320766
xception_deepfakebench,external,1,official,425,face2face_faces_c23/917_924,ffpp_test:67,1,face2face,canonical,3.0270729064941406,0.9537823132135547
xception_deepfakebench,external,1,official,426,faceswap_faces_c23/924_917,ffpp_test:67,1,faceswap,canonical,5.23858642578125,0.9947202690750124
xception_deepfakebench,external,1,official,427,faceswap_faces_c23/917_924,ffpp_test:67,1,faceswap,canonical,1.8996505737304688,0.8698519723693736
xception_deepfakebench,external,1,official,428,neuraltextures_faces_c23/924_917,ffpp_test:67,1,neuraltextures,canonical,6.02532958984375,0.9975890717245036
xception_deepfakebench,external,1,official,429,neuraltextures_faces_c23/917_924,ffpp_test:67,1,neuraltextures,canonical,6.284423828125,0.9981383409421257
xception_deepfakebench,external,1,official,430,original_faces_c23/114,ffpp_test:9,0,real,canonical,-2.971010208129883,0.04875285221260862
xception_deepfakebench,external,1,official,431,original_faces_c23/102,ffpp_test:9,0,real,canonical,-4.14227294921875,0.015638260407889952
xception_deepfakebench,external,1,official,432,deepfakes_faces_c23/114_102,ffpp_test:9,1,deepfakes,canonical,4.1317138671875,0.9841983621337221
xception_deepfakebench,external,1,official,433,deepfakes_faces_c23/102_114,ffpp_test:9,1,deepfakes,canonical,6.4234619140625,0.9983796022352689
xception_deepfakebench,external,1,official,434,face2face_faces_c23/114_102,ffpp_test:9,1,face2face,canonical,6.8818359375,0.9989747939574036
xception_deepfakebench,external,1,official,435,face2face_faces_c23/102_114,ffpp_test:9,1,face2face,canonical,3.1639404296875,0.9594545130784294
xception_deepfakebench,external,1,official,436,faceswap_faces_c23/114_102,ffpp_test:9,1,faceswap,canonical,5.2784423828125,0.9949255127265472
xception_deepfakebench,external,1,official,437,faceswap_faces_c23/102_114,ffpp_test:9,1,faceswap,canonical,4.214630126953125,0.985437416096814
xception_deepfakebench,external,1,official,438,neuraltextures_faces_c23/114_102,ffpp_test:9,1,neuraltextures,canonical,3.5456161499023438,0.9719581892230931
xception_deepfakebench,external,1,official,439,neuraltextures_faces_c23/102_114,ffpp_test:9,1,neuraltextures,canonical,3.252044677734375,0.9627465158027192
xception_deepfakebench,external,1,official,440,original_faces_c23/732,ffpp_test:56,0,real,canonical,-0.8350982666015625,0.3025681489182946
xception_deepfakebench,external,1,official,441,original_faces_c23/691,ffpp_test:56,0,real,canonical,-0.6729583740234375,0.3378347281924116
xception_deepfakebench,external,1,official,442,deepfakes_faces_c23/732_691,ffpp_test:56,1,deepfakes,canonical,4.38250732421875,0.9876601807880925
xception_deepfakebench,external,1,official,443,deepfakes_faces_c23/691_732,ffpp_test:56,1,deepfakes,canonical,6.07421875,0.9977038409935028
xception_deepfakebench,external,1,official,444,face2face_faces_c23/732_691,ffpp_test:56,1,face2face,canonical,9.850341796875,0.999947273612948
xception_deepfakebench,external,1,official,445,face2face_faces_c23/691_732,ffpp_test:56,1,face2face,canonical,10.010009765625,0.9999550542662412
xception_deepfakebench,external,1,official,446,faceswap_faces_c23/732_691,ffpp_test:56,1,faceswap,canonical,4.48101806640625,0.9888048690796941
xception_deepfakebench,external,1,official,447,faceswap_faces_c23/691_732,ffpp_test:56,1,faceswap,canonical,4.672088623046875,0.9907339479253475
xception_deepfakebench,external,1,official,448,neuraltextures_faces_c23/732_691,ffpp_test:56,1,neuraltextures,canonical,3.123582363128662,0.9578550810223903
xception_deepfakebench,external,1,official,449,neuraltextures_faces_c23/691_732,ffpp_test:56,1,neuraltextures,canonical,1.9774703979492188,0.8784112466574016
xception_deepfakebench,external,1,official,450,original_faces_c23/550,ffpp_test:41,0,real,canonical,-0.13930702209472656,0.46522945735333027
xception_deepfakebench,external,1,official,451,original_faces_c23/452,ffpp_test:41,0,real,canonical,2.922997236251831,0.9489716341299053
xception_deepfakebench,external,1,official,452,deepfakes_faces_c23/550_452,ffpp_test:41,1,deepfakes,canonical,5.623046875,0.9963993971012658
xception_deepfakebench,external,1,official,453,deepfakes_faces_c23/452_550,ffpp_test:41,1,deepfakes,canonical,4.91229248046875,0.9926981034728563
xception_deepfakebench,external,1,official,454,face2face_faces_c23/550_452,ffpp_test:41,1,face2face,canonical,5.18060302734375,0.9944068457357881
xception_deepfakebench,external,1,official,455,face2face_faces_c23/452_550,ffpp_test:41,1,face2face,canonical,9.433837890625,0.9999200347073351
xception_deepfakebench,external,1,official,456,faceswap_faces_c23/550_452,ffpp_test:41,1,faceswap,canonical,5.53155517578125,0.9960557923040293
xception_deepfakebench,external,1,official,457,faceswap_faces_c23/452_550,ffpp_test:41,1,faceswap,canonical,6.05670166015625,0.9976633594298456
xception_deepfakebench,external,1,official,458,neuraltextures_faces_c23/550_452,ffpp_test:41,1,neuraltextures,canonical,1.082059383392334,0.7468835046570483
xception_deepfakebench,external,1,official,459,neuraltextures_faces_c23/452_550,ffpp_test:41,1,neuraltextures,canonical,5.673828125,0.9965770650779106
xception_deepfakebench,external,1,official,460,original_faces_c23/280,ffpp_test:22,0,real,canonical,-1.6588153839111328,0.1599210816588952
xception_deepfakebench,external,1,official,461,original_faces_c23/249,ffpp_test:22,0,real,canonical,-2.07843017578125,0.11121103839487337
xception_deepfakebench,external,1,official,462,deepfakes_faces_c23/280_249,ffpp_test:22,1,deepfakes,canonical,0.37799739837646484,0.5933900091175264
xception_deepfakebench,external,1,official,463,deepfakes_faces_c23/249_280,ffpp_test:22,1,deepfakes,canonical,6.1275634765625,0.997822859565219
xception_deepfakebench,external,1,official,464,face2face_faces_c23/280_249,ffpp_test:22,1,face2face,canonical,6.608154296875,0.9986524979147106
xception_deepfakebench,external,1,official,465,face2face_faces_c23/249_280,ffpp_test:22,1,face2face,canonical,6.3292236328125,0.9982197570980704
xception_deepfakebench,external,1,official,466,faceswap_faces_c23/280_249,ffpp_test:22,1,faceswap,canonical,3.14495849609375,0.9587096122686407
xception_deepfakebench,external,1,official,467,faceswap_faces_c23/249_280,ffpp_test:22,1,faceswap,canonical,4.88031005859375,0.9924625852208057
xception_deepfakebench,external,1,official,468,neuraltextures_faces_c23/280_249,ffpp_test:22,1,neuraltextures,canonical,1.6034088134765625,0.8324942747640537
xception_deepfakebench,external,1,official,469,neuraltextures_faces_c23/249_280,ffpp_test:22,1,neuraltextures,canonical,2.4976348876953125,0.9239758504022922
xception_deepfakebench,external,1,official,470,original_faces_c23/842,ffpp_test:58,0,real,canonical,-2.70281982421875,0.0628071695883121
xception_deepfakebench,external,1,official,471,original_faces_c23/714,ffpp_test:58,0,real,canonical,-3.063037872314453,0.04465791708903616
xception_deepfakebench,external,1,official,472,deepfakes_faces_c23/842_714,ffpp_test:58,1,deepfakes,canonical,5.1759033203125,0.9943806457428375
xception_deepfakebench,external,1,official,473,deepfakes_faces_c23/714_842,ffpp_test:58,1,deepfakes,canonical,5.7537841796875,0.9968392625955659
xception_deepfakebench,external,1,official,474,face2face_faces_c23/842_714,ffpp_test:58,1,face2face,canonical,4.274078369140625,0.9862663627979564
xception_deepfakebench,external,1,official,475,face2face_faces_c23/714_842,ffpp_test:58,1,face2face,canonical,7.73583984375,0.9995633054745162
xception_deepfakebench,external,1,official,476,faceswap_faces_c23/842_714,ffpp_test:58,1,faceswap,canonical,1.0629940032958984,0.7432622873582164
xception_deepfakebench,external,1,official,477,faceswap_faces_c23/714_842,ffpp_test:58,1,faceswap,canonical,3.7891845703125,0.9778860511129234
xception_deepfakebench,external,1,official,478,neuraltextures_faces_c23/842_714,ffpp_test:58,1,neuraltextures,canonical,-1.1307487487792969,0.24402294844107994
xception_deepfakebench,external,1,official,479,neuraltextures_faces_c23/714_842,ffpp_test:58,1,neuraltextures,canonical,6.882568359375,0.9989755437968556
xception_deepfakebench,external,1,official,480,original_faces_c23/625,ffpp_test:52,0,real,canonical,-0.9938220977783203,0.27015780313346394
xception_deepfakebench,external,1,official,481,original_faces_c23/650,ffpp_test:52,0,real,canonical,-1.5491981506347656,0.175202110297686
xception_deepfakebench,external,1,official,482,deepfakes_faces_c23/625_650,ffpp_test:52,1,deepfakes,canonical,8.4287109375,0.9997815447602038
xception_deepfakebench,external,1,official,483,deepfakes_faces_c23/650_625,ffpp_test:52,1,deepfakes,canonical,3.46685791015625,0.9697299222405477
xception_deepfakebench,external,1,official,484,face2face_faces_c23/625_650,ffpp_test:52,1,face2face,canonical,5.74810791015625,0.9968213275734762
xception_deepfakebench,external,1,official,485,face2face_faces_c23/650_625,ffpp_test:52,1,face2face,canonical,5.18994140625,0.9944585455221094
xception_deepfakebench,external,1,official,486,faceswap_faces_c23/625_650,ffpp_test:52,1,faceswap,canonical,6.23394775390625,0.9980421483906846
xception_deepfakebench,external,1,official,487,faceswap_faces_c23/650_625,ffpp_test:52,1,faceswap,canonical,5.1373291015625,0.9941609389639535
xception_deepfakebench,external,1,official,488,neuraltextures_faces_c23/625_650,ffpp_test:52,1,neuraltextures,canonical,5.1129150390625,0.9940174926720288
xception_deepfakebench,external,1,official,489,neuraltextures_faces_c23/650_625,ffpp_test:52,1,neuraltextures,canonical,0.3770174980163574,0.5931535587990626
xception_deepfakebench,external,1,official,490,original_faces_c23/024,ffpp_test:3,0,real,canonical,-2.54150390625,0.0729993380563753
xception_deepfakebench,external,1,official,491,original_faces_c23/073,ffpp_test:3,0,real,canonical,-5.7757568359375,0.0030922574628503142
xception_deepfakebench,external,1,official,492,deepfakes_faces_c23/024_073,ffpp_test:3,1,deepfakes,canonical,3.148956298828125,0.9588675773636456
xception_deepfakebench,external,1,official,493,deepfakes_faces_c23/073_024,ffpp_test:3,1,deepfakes,canonical,3.61407470703125,0.9737649770779115
xception_deepfakebench,external,1,official,494,face2face_faces_c23/024_073,ffpp_test:3,1,face2face,canonical,0.9985523223876953,0.7307738527453326
xception_deepfakebench,external,1,official,495,face2face_faces_c23/073_024,ffpp_test:3,1,face2face,canonical,0.954315185546875,0.7219821681080679
xception_deepfakebench,external,1,official,496,faceswap_faces_c23/024_073,ffpp_test:3,1,faceswap,canonical,0.6724910736083984,0.6620607276512752
xception_deepfakebench,external,1,official,497,faceswap_faces_c23/073_024,ffpp_test:3,1,faceswap,canonical,0.6362936496734619,0.6539151551828941
xception_deepfakebench,external,1,official,498,neuraltextures_faces_c23/024_073,ffpp_test:3,1,neuraltextures,canonical,4.737823486328125,0.9913183445366243
xception_deepfakebench,external,1,official,499,neuraltextures_faces_c23/073_024,ffpp_test:3,1,neuraltextures,canonical,-2.578857421875,0.07051157837782891
xception_deepfakebench,external,1,official,500,original_faces_c23/044,ffpp_test:6,0,real,canonical,-2.4051780700683594,0.08277869404562704
xception_deepfakebench,external,1,official,501,original_faces_c23/945,ffpp_test:6,0,real,canonical,2.1888809204101562,0.8992465606719332
xception_deepfakebench,external,1,official,502,deepfakes_faces_c23/044_945,ffpp_test:6,1,deepfakes,canonical,9.5631103515625,0.9999297310561652
xception_deepfakebench,external,1,official,503,deepfakes_faces_c23/945_044,ffpp_test:6,1,deepfakes,canonical,8.0230712890625,0.9996722957545388
xception_deepfakebench,external,1,official,504,face2face_faces_c23/044_945,ffpp_test:6,1,face2face,canonical,2.671283721923828,0.9353107458339484
xception_deepfakebench,external,1,official,505,face2face_faces_c23/945_044,ffpp_test:6,1,face2face,canonical,8.967041015625,0.9998724712275475
xception_deepfakebench,external,1,official,506,faceswap_faces_c23/044_945,ffpp_test:6,1,faceswap,canonical,5.63140869140625,0.9964292720969934
xception_deepfakebench,external,1,official,507,faceswap_faces_c23/945_044,ffpp_test:6,1,faceswap,canonical,5.7498779296875,0.9968269310724636
xception_deepfakebench,external,1,official,508,neuraltextures_faces_c23/044_945,ffpp_test:6,1,neuraltextures,canonical,5.465087890625,0.9957858650087038
xception_deepfakebench,external,1,official,509,neuraltextures_faces_c23/945_044,ffpp_test:6,1,neuraltextures,canonical,4.0816650390625,0.9834008452493214
xception_deepfakebench,external,1,official,510,original_faces_c23/896,ffpp_test:10,0,real,canonical,1.0604009628295898,0.7427671623637355
xception_deepfakebench,external,1,official,511,original_faces_c23/128,ffpp_test:10,0,real,canonical,-1.2284049987792969,0.22646071016441477
xception_deepfakebench,external,1,official,512,deepfakes_faces_c23/896_128,ffpp_test:10,1,deepfakes,canonical,3.6606063842773438,0.9749278642843842
xception_deepfakebench,external,1,official,513,deepfakes_faces_c23/128_896,ffpp_test:10,1,deepfakes,canonical,7.2540283203125,0.9992931806136907
xception_deepfakebench,external,1,official,514,face2face_faces_c23/896_128,ffpp_test:10,1,face2face,canonical,6.50018310546875,0.998499092180256
xception_deepfakebench,external,1,official,515,face2face_faces_c23/128_896,ffpp_test:10,1,face2face,canonical,4.9434814453125,0.9929207398991541
xception_deepfakebench,external,1,official,516,faceswap_faces_c23/896_128,ffpp_test:10,1,faceswap,canonical,6.08233642578125,0.9977223627354406
xception_deepfakebench,external,1,official,517,faceswap_faces_c23/128_896,ffpp_test:10,1,faceswap,canonical,6.578338623046875,0.9986117729014699
xception_deepfakebench,external,1,official,518,neuraltextures_faces_c23/896_128,ffpp_test:10,1,neuraltextures,canonical,3.522705078125,0.9713269391102383
xception_deepfakebench,external,1,official,519,neuraltextures_faces_c23/128_896,ffpp_test:10,1,neuraltextures,canonical,1.8556556701660156,0.8647897769762439
xception_deepfakebench,external,1,official,520,original_faces_c23/862,ffpp_test:7,0,real,canonical,-2.6273880004882812,0.0673964402282531
xception_deepfakebench,external,1,official,521,original_faces_c23/047,ffpp_test:7,0,real,canonical,-0.14901018142700195,0.4628162316670449
xception_deepfakebench,external,1,official,522,deepfakes_faces_c23/862_047,ffpp_test:7,1,deepfakes,canonical,7.8512115478515625,0.9996108714289641
xception_deepfakebench,external,1,official,523,deepfakes_faces_c23/047_862,ffpp_test:7,1,deepfakes,canonical,3.16400146484375,0.9594568873740543
xception_deepfakebench,external,1,official,524,face2face_faces_c23/862_047,ffpp_test:7,1,face2face,canonical,4.8860626220703125,0.9925054961778201
xception_deepfakebench,external,1,official,525,face2face_faces_c23/047_862,ffpp_test:7,1,face2face,canonical,5.6107177734375,0.9963548929322921
xception_deepfakebench,external,1,official,526,faceswap_faces_c23/862_047,ffpp_test:7,1,faceswap,canonical,4.61395263671875,0.9901847343861754
xception_deepfakebench,external,1,official,527,faceswap_faces_c23/047_862,ffpp_test:7,1,faceswap,canonical,6.9407958984375,0.9990334358905623
xception_deepfakebench,external,1,official,528,neuraltextures_faces_c23/862_047,ffpp_test:7,1,neuraltextures,canonical,3.1535491943359375,0.959048342386611
xception_deepfakebench,external,1,official,529,neuraltextures_faces_c23/047_862,ffpp_test:7,1,neuraltextures,canonical,0.8184289932250977,0.6939027572512296
xception_deepfakebench,external,1,official,530,original_faces_c23/607,ffpp_test:49,0,real,canonical,0.42049646377563477,0.6036020431802651
xception_deepfakebench,external,1,official,531,original_faces_c23/683,ffpp_test:49,0,real,canonical,1.5261608362197876,0.8214439041574432
xception_deepfakebench,external,1,official,532,deepfakes_faces_c23/607_683,ffpp_test:49,1,deepfakes,canonical,5.1673583984375,0.9943326963561918
xception_deepfakebench,external,1,official,533,deepfakes_faces_c23/683_607,ffpp_test:49,1,deepfakes,canonical,9.492919921875,0.9999246220150746
xception_deepfakebench,external,1,official,534,face2face_faces_c23/607_683,ffpp_test:49,1,face2face,canonical,8.2364501953125,0.9997352474608823
xception_deepfakebench,external,1,official,535,face2face_faces_c23/683_607,ffpp_test:49,1,face2face,canonical,3.543975830078125,0.9719134469114469
xception_deepfakebench,external,1,official,536,faceswap_faces_c23/607_683,ffpp_test:49,1,faceswap,canonical,4.2418365478515625,0.9858227296410457
xception_deepfakebench,external,1,official,537,faceswap_faces_c23/683_607,ffpp_test:49,1,faceswap,canonical,8.7042236328125,0.9998341438153682
xception_deepfakebench,external,1,official,538,neuraltextures_faces_c23/607_683,ffpp_test:49,1,neuraltextures,canonical,4.71661376953125,0.9911338924742742
xception_deepfakebench,external,1,official,539,neuraltextures_faces_c23/683_607,ffpp_test:49,1,neuraltextures,canonical,6.1466064453125,0.9978638387974257
xception_deepfakebench,external,1,official,540,original_faces_c23/517,ffpp_test:45,0,real,canonical,-1.1703262329101562,0.23679602120341128
xception_deepfakebench,external,1,official,541,original_faces_c23/521,ffpp_test:45,0,real,canonical,-1.7623291015625,0.14649887619114083
xception_deepfakebench,external,1,official,542,deepfakes_faces_c23/517_521,ffpp_test:45,1,deepfakes,canonical,5.53399658203125,0.9960653721303094
xception_deepfakebench,external,1,official,543,deepfakes_faces_c23/521_517,ffpp_test:45,1,deepfakes,canonical,7.5081787109375,0.9994517214733485
xception_deepfakebench,external,1,official,544,face2face_faces_c23/517_521,ffpp_test:45,1,face2face,canonical,7.189453125,0.9992460672177444
xception_deepfakebench,external,1,official,545,face2face_faces_c23/521_517,ffpp_test:45,1,face2face,canonical,4.626727104187012,0.990308114228657
xception_deepfakebench,external,1,official,546,faceswap_faces_c23/517_521,ffpp_test:45,1,faceswap,canonical,4.92559814453125,0.9927939210650881
xception_deepfakebench,external,1,official,547,faceswap_faces_c23/521_517,ffpp_test:45,1,faceswap,canonical,4.81500244140625,0.9919579958693588
xception_deepfakebench,external,1,official,548,neuraltextures_faces_c23/517_521,ffpp_test:45,1,neuraltextures,canonical,3.7279815673828125,0.9765231027606752
xception_deepfakebench,external,1,official,549,neuraltextures_faces_c23/521_517,ffpp_test:45,1,neuraltextures,canonical,0.8649473190307617,0.7036932536583513
xception_deepfakebench,external,1,official,550,original_faces_c23/682,ffpp_test:55,0,real,canonical,-1.5704727172851562,0.17214901258908835
xception_deepfakebench,external,1,official,551,original_faces_c23/669,ffpp_test:55,0,real,canonical,-0.41144657135009766,0.3985653112532465
xception_deepfakebench,external,1,official,552,deepfakes_faces_c23/682_669,ffpp_test:55,1,deepfakes,canonical,6.6217041015625,0.9986706090539487
xception_deepfakebench,external,1,official,553,deepfakes_faces_c23/669_682,ffpp_test:55,1,deepfakes,canonical,3.55914306640625,0.9723245273186536
xception_deepfakebench,external,1,official,554,face2face_faces_c23/682_669,ffpp_test:55,1,face2face,canonical,2.428131103515625,0.9189474406346039
xception_deepfakebench,external,1,official,555,face2face_faces_c23/669_682,ffpp_test:55,1,face2face,canonical,7.2100830078125,0.999261450056972
xception_deepfakebench,external,1,official,556,faceswap_faces_c23/682_669,ffpp_test:55,1,faceswap,canonical,5.2626953125,0.9948453870988243
xception_deepfakebench,external,1,official,557,faceswap_faces_c23/669_682,ffpp_test:55,1,faceswap,canonical,5.52288818359375,0.9960215959102893
xception_deepfakebench,external,1,official,558,neuraltextures_faces_c23/682_669,ffpp_test:55,1,neuraltextures,canonical,0.5907468795776367,0.6435364961952876
xception_deepfakebench,external,1,official,559,neuraltextures_faces_c23/669_682,ffpp_test:55,1,neuraltextures,canonical,1.5085525512695312,0.8188465959485994
xception_deepfakebench,external,1,official,560,original_faces_c23/138,ffpp_test:12,0,real,canonical,0.10381889343261719,0.525931436006084
xception_deepfakebench,external,1,official,561,original_faces_c23/142,ffpp_test:12,0,real,canonical,-2.403985023498535,0.08286932285611161
xception_deepfakebench,external,1,official,562,deepfakes_faces_c23/138_142,ffpp_test:12,1,deepfakes,canonical,6.4505615234375,0.9984228563934865
xception_deepfakebench,external,1,official,563,deepfakes_faces_c23/142_138,ffpp_test:12,1,deepfakes,canonical,3.3476638793945312,0.9660282532224441
xception_deepfakebench,external,1,official,564,face2face_faces_c23/138_142,ffpp_test:12,1,face2face,canonical,8.0374755859375,0.9996769807559336
xception_deepfakebench,external,1,official,565,face2face_faces_c23/142_138,ffpp_test:12,1,face2face,canonical,2.6790008544921875,0.9357761018987636
xception_deepfakebench,external,1,official,566,faceswap_faces_c23/138_142,ffpp_test:12,1,faceswap,canonical,5.457275390625,0.9957529535111561
xception_deepfakebench,external,1,official,567,faceswap_faces_c23/142_138,ffpp_test:12,1,faceswap,canonical,5.48236083984375,0.9958577315699216
xception_deepfakebench,external,1,official,568,neuraltextures_faces_c23/138_142,ffpp_test:12,1,neuraltextures,canonical,5.42529296875,0.9956155324081869
xception_deepfakebench,external,1,official,569,neuraltextures_faces_c23/142_138,ffpp_test:12,1,neuraltextures,canonical,0.897334098815918,0.7104013511727528
xception_deepfakebench,external,1,official,570,original_faces_c23/552,ffpp_test:47,0,real,canonical,-0.9233436584472656,0.28427709099377546
xception_deepfakebench,external,1,official,571,original_faces_c23/851,ffpp_test:47,0,real,canonical,-0.8545188903808594,0.2984857771307892
xception_deepfakebench,external,1,official,572,deepfakes_faces_c23/552_851,ffpp_test:47,1,deepfakes,canonical,6.6455078125,0.9987018392404038
xception_deepfakebench,external,1,official,573,deepfakes_faces_c23/851_552,ffpp_test:47,1,deepfakes,canonical,3.95367431640625,0.98117701793907
xception_deepfakebench,external,1,official,574,face2face_faces_c23/552_851,ffpp_test:47,1,face2face,canonical,8.236083984375,0.9997351505135347
xception_deepfakebench,external,1,official,575,face2face_faces_c23/851_552,ffpp_test:47,1,face2face,canonical,5.8388671875,0.9970963162663675
xception_deepfakebench,external,1,official,576,faceswap_faces_c23/552_851,ffpp_test:47,1,faceswap,canonical,6.6810302734375,0.9987470869163482
xception_deepfakebench,external,1,official,577,faceswap_faces_c23/851_552,ffpp_test:47,1,faceswap,canonical,6.954833984375,0.9990468969633065
xception_deepfakebench,external,1,official,578,neuraltextures_faces_c23/552_851,ffpp_test:47,1,neuraltextures,canonical,4.515380859375,0.9891789383862041
xception_deepfakebench,external,1,official,579,neuraltextures_faces_c23/851_552,ffpp_test:47,1,neuraltextures,canonical,1.6400680541992188,0.8375441973527796
xception_deepfakebench,external,1,official,580,original_faces_c23/376,ffpp_test:31,0,real,canonical,-2.8086013793945312,0.05686113949477227
xception_deepfakebench,external,1,official,581,original_faces_c23/381,ffpp_test:31,0,real,canonical,-2.4236652851104736,0.08138581004440701
xception_deepfakebench,external,1,official,582,deepfakes_faces_c23/376_381,ffpp_test:31,1,deepfakes,canonical,4.0052032470703125,0.9821054633354306
xception_deepfakebench,external,1,official,583,deepfakes_faces_c23/381_376,ffpp_test:31,1,deepfakes,canonical,6.7412109375,0.9988201777132845
xception_deepfakebench,external,1,official,584,face2face_faces_c23/376_381,ffpp_test:31,1,face2face,canonical,4.157947063446045,0.9846011994186894
xception_deepfakebench,external,1,official,585,face2face_faces_c23/381_376,ffpp_test:31,1,face2face,canonical,4.908966064453125,0.9926739521243005
xception_deepfakebench,external,1,official,586,faceswap_faces_c23/376_381,ffpp_test:31,1,faceswap,canonical,5.91754150390625,0.9973154165355185
xception_deepfakebench,external,1,official,587,faceswap_faces_c23/381_376,ffpp_test:31,1,faceswap,canonical,6.58685302734375,0.9986235264501869
xception_deepfakebench,external,1,official,588,neuraltextures_faces_c23/376_381,ffpp_test:31,1,neuraltextures,canonical,2.6366233825683594,0.9331817279143377
xception_deepfakebench,external,1,official,589,neuraltextures_faces_c23/381_376,ffpp_test:31,1,neuraltextures,canonical,1.6524658203125,0.8392240346557508
xception_deepfakebench,external,1,official,590,original_faces_c23/000,ffpp_test:0,0,real,canonical,-0.7802276611328125,0.31427082194951506
xception_deepfakebench,external,1,official,591,original_faces_c23/003,ffpp_test:0,0,real,canonical,-2.9102783203125,0.05164780155074476
xception_deepfakebench,external,1,official,592,deepfakes_faces_c23/000_003,ffpp_test:0,1,deepfakes,canonical,6.6861572265625,0.9987534861176383
xception_deepfakebench,external,1,official,593,deepfakes_faces_c23/003_000,ffpp_test:0,1,deepfakes,canonical,2.081263780593872,0.8890687356047554
xception_deepfakebench,external,1,official,594,face2face_faces_c23/000_003,ffpp_test:0,1,face2face,canonical,3.972747802734375,0.9815260659571307
xception_deepfakebench,external,1,official,595,face2face_faces_c23/003_000,ffpp_test:0,1,face2face,canonical,7.6363525390625,0.9995176473189781
xception_deepfakebench,external,1,official,596,faceswap_faces_c23/000_003,ffpp_test:0,1,faceswap,canonical,4.7088165283203125,0.9910651111709606
xception_deepfakebench,external,1,official,597,faceswap_faces_c23/003_000,ffpp_test:0,1,faceswap,canonical,4.0133056640625,0.982247302989636
xception_deepfakebench,external,1,official,598,neuraltextures_faces_c23/000_003,ffpp_test:0,1,neuraltextures,canonical,2.4175567626953125,0.9181563342600433
xception_deepfakebench,external,1,official,599,neuraltextures_faces_c23/003_000,ffpp_test:0,1,neuraltextures,canonical,2.137786865234375,0.894521978129797
xception_deepfakebench,external,1,official,600,original_faces_c23/048,ffpp_test:4,0,real,canonical,-4.3092041015625,0.01326589563240618
xception_deepfakebench,external,1,official,601,original_faces_c23/029,ffpp_test:4,0,real,canonical,-0.6330282688140869,0.3468242045065858
xception_deepfakebench,external,1,official,602,deepfakes_faces_c23/048_029,ffpp_test:4,1,deepfakes,canonical,8.9271240234375,0.9998672783863509
xception_deepfakebench,external,1,official,603,deepfakes_faces_c23/029_048,ffpp_test:4,1,deepfakes,canonical,6.3641357421875,0.9982807317076902
xception_deepfakebench,external,1,official,604,face2face_faces_c23/048_029,ffpp_test:4,1,face2face,canonical,4.221832275390625,0.9855404101043239
xception_deepfakebench,external,1,official,605,face2face_faces_c23/029_048,ffpp_test:4,1,face2face,canonical,4.869842529296875,0.9923838767857511
xception_deepfakebench,external,1,official,606,faceswap_faces_c23/048_029,ffpp_test:4,1,faceswap,canonical,0.93621826171875,0.7183351313480305
xception_deepfakebench,external,1,official,607,faceswap_faces_c23/029_048,ffpp_test:4,1,faceswap,canonical,4.19720458984375,0.985185223748669
xception_deepfakebench,external,1,official,608,neuraltextures_faces_c23/048_029,ffpp_test:4,1,neuraltextures,canonical,5.08795166015625,0.9938671968285444
xception_deepfakebench,external,1,official,609,neuraltextures_faces_c23/029_048,ffpp_test:4,1,neuraltextures,canonical,6.3970947265625,0.9983363806707647
xception_deepfakebench,external,1,official,610,original_faces_c23/724,ffpp_test:59,0,real,canonical,0.31505346298217773,0.5781182724283591
xception_deepfakebench,external,1,official,611,original_faces_c23/725,ffpp_test:59,0,real,canonical,0.16097784042358398,0.5401577772684949
xception_deepfakebench,external,1,official,612,deepfakes_faces_c23/724_725,ffpp_test:59,1,deepfakes,canonical,7.7188720703125,0.9995558358395593
xception_deepfakebench,external,1,official,613,deepfakes_faces_c23/725_724,ffpp_test:59,1,deepfakes,canonical,7.8507080078125,0.9996106755141119
xception_deepfakebench,external,1,official,614,face2face_faces_c23/724_725,ffpp_test:59,1,face2face,canonical,8.9368896484375,0.9998685680182293
xception_deepfakebench,external,1,official,615,face2face_faces_c23/725_724,ffpp_test:59,1,face2face,canonical,7.1182861328125,0.9991905017598728
xception_deepfakebench,external,1,official,616,faceswap_faces_c23/724_725,ffpp_test:59,1,faceswap,canonical,9.908203125,0.99995023769999
xception_deepfakebench,external,1,official,617,faceswap_faces_c23/725_724,ffpp_test:59,1,faceswap,canonical,4.52532958984375,0.9892849126412764
xception_deepfakebench,external,1,official,618,neuraltextures_faces_c23/724_725,ffpp_test:59,1,neuraltextures,canonical,9.160400390625,0.9998948902489813
xception_deepfakebench,external,1,official,619,neuraltextures_faces_c23/725_724,ffpp_test:59,1,neuraltextures,canonical,3.345733642578125,0.9659648503389349
xception_deepfakebench,external,1,official,620,original_faces_c23/608,ffpp_test:50,0,real,canonical,-2.1081037521362305,0.10831167088113997
xception_deepfakebench,external,1,official,621,original_faces_c23/675,ffpp_test:50,0,real,canonical,-2.684467315673828,0.06389614978029023
xception_deepfakebench,external,1,official,622,deepfakes_faces_c23/608_675,ffpp_test:50,1,deepfakes,canonical,6.51123046875,0.9985155575237682
xception_deepfakebench,external,1,official,623,deepfakes_faces_c23/675_608,ffpp_test:50,1,deepfakes,canonical,5.27545166015625,0.9949103909831518
xception_deepfakebench,external,1,official,624,face2face_faces_c23/608_675,ffpp_test:50,1,face2face,canonical,5.23626708984375,0.9947080742709967
xception_deepfakebench,external,1,official,625,face2face_faces_c23/675_608,ffpp_test:50,1,face2face,canonical,4.249900817871094,0.9859349976467982
xception_deepfakebench,external,1,official,626,faceswap_faces_c23/608_675,ffpp_test:50,1,faceswap,canonical,6.4617919921875,0.99844044190091
xception_deepfakebench,external,1,official,627,faceswap_faces_c23/675_608,ffpp_test:50,1,faceswap,canonical,1.802947998046875,0.8585074142070489
xception_deepfakebench,external,1,official,628,neuraltextures_faces_c23/608_675,ffpp_test:50,1,neuraltextures,canonical,1.4846172332763672,0.8152689737955339
xception_deepfakebench,external,1,official,629,neuraltextures_faces_c23/675_608,ffpp_test:50,1,neuraltextures,canonical,-0.5982818603515625,0.35473687534873327
xception_deepfakebench,external,1,official,630,original_faces_c23/386,ffpp_test:14,0,real,canonical,-2.3952789306640625,0.08353341080075642
xception_deepfakebench,external,1,official,631,original_faces_c23/154,ffpp_test:14,0,real,canonical,-2.6105880737304688,0.06846009079906418
xception_deepfakebench,external,1,official,632,deepfakes_faces_c23/386_154,ffpp_test:14,1,deepfakes,canonical,6.8262939453125,0.9989163044014369
xception_deepfakebench,external,1,official,633,deepfakes_faces_c23/154_386,ffpp_test:14,1,deepfakes,canonical,5.81915283203125,0.9970386752207332
xception_deepfakebench,external,1,official,634,face2face_faces_c23/386_154,ffpp_test:14,1,face2face,canonical,1.8171916007995605,0.8602288000502358
xception_deepfakebench,external,1,official,635,face2face_faces_c23/154_386,ffpp_test:14,1,face2face,canonical,5.055908203125,0.9936687625226793
xception_deepfakebench,external,1,official,636,faceswap_faces_c23/386_154,ffpp_test:14,1,faceswap,canonical,2.5599365234375,0.9282382295492138
xception_deepfakebench,external,1,official,637,faceswap_faces_c23/154_386,ffpp_test:14,1,faceswap,canonical,3.541452407836914,0.9718444812012889
xception_deepfakebench,external,1,official,638,neuraltextures_faces_c23/386_154,ffpp_test:14,1,neuraltextures,canonical,0.9283318519592285,0.7167367319038466
xception_deepfakebench,external,1,official,639,neuraltextures_faces_c23/154_386,ffpp_test:14,1,neuraltextures,canonical,3.3695755004882812,0.9667400446215302
xception_deepfakebench,external,1,official,640,original_faces_c23/220,ffpp_test:20,0,real,canonical,-1.6919479370117188,0.15551983919412682
xception_deepfakebench,external,1,official,641,original_faces_c23/219,ffpp_test:20,0,real,canonical,-1.8777313232421875,0.13264967582211795
xception_deepfakebench,external,1,official,642,deepfakes_faces_c23/220_219,ffpp_test:20,1,deepfakes,canonical,3.082489013671875,0.956164627237127
xception_deepfakebench,external,1,official,643,deepfakes_faces_c23/219_220,ffpp_test:20,1,deepfakes,canonical,7.559314727783203,0.9994790392340352
xception_deepfakebench,external,1,official,644,face2face_faces_c23/220_219,ffpp_test:20,1,face2face,canonical,4.5172119140625,0.9891985203884288
xception_deepfakebench,external,1,official,645,face2face_faces_c23/219_220,ffpp_test:20,1,face2face,canonical,7.552734375,0.9994756016281765
xception_deepfakebench,external,1,official,646,faceswap_faces_c23/220_219,ffpp_test:20,1,faceswap,canonical,5.01776123046875,0.9934241981119409
xception_deepfakebench,external,1,official,647,faceswap_faces_c23/219_220,ffpp_test:20,1,faceswap,canonical,2.032196044921875,0.8841362292043713
xception_deepfakebench,external,1,official,648,neuraltextures_faces_c23/220_219,ffpp_test:20,1,neuraltextures,canonical,3.88726806640625,0.9799105810261859
xception_deepfakebench,external,1,official,649,neuraltextures_faces_c23/219_220,ffpp_test:20,1,neuraltextures,canonical,2.954132080078125,0.9504584191277446
xception_deepfakebench,external,1,official,650,original_faces_c23/801,ffpp_test:63,0,real,canonical,-3.72998046875,0.023431114585476368
xception_deepfakebench,external,1,official,651,original_faces_c23/855,ffpp_test:63,0,real,canonical,-4.3807373046875,0.012361410040912856
xception_deepfakebench,external,1,official,652,deepfakes_faces_c23/801_855,ffpp_test:63,1,deepfakes,canonical,5.6025390625,0.996325068416531
xception_deepfakebench,external,1,official,653,deepfakes_faces_c23/855_801,ffpp_test:63,1,deepfakes,canonical,4.17047119140625,0.9847899382459462
xception_deepfakebench,external,1,official,654,face2face_faces_c23/801_855,ffpp_test:63,1,face2face,canonical,1.526190996170044,0.8214483277895658
xception_deepfakebench,external,1,official,655,face2face_faces_c23/855_801,ffpp_test:63,1,face2face,canonical,5.95648193359375,0.9974176813759908
xception_deepfakebench,external,1,official,656,faceswap_faces_c23/801_855,ffpp_test:63,1,faceswap,canonical,1.77020263671875,0.8544828691066646
xception_deepfakebench,external,1,official,657,faceswap_faces_c23/855_801,ffpp_test:63,1,faceswap,canonical,3.6702117919921875,0.975161586288012
xception_deepfakebench,external,1,official,658,neuraltextures_faces_c23/801_855,ffpp_test:63,1,neuraltextures,canonical,2.640228271484375,0.9334061549799058
xception_deepfakebench,external,1,official,659,neuraltextures_faces_c23/855_801,ffpp_test:63,1,neuraltextures,canonical,3.976593017578125,0.9815956609378116
xception_deepfakebench,external,1,official,660,original_faces_c23/161,ffpp_test:13,0,real,canonical,-2.0030975341796875,0.11887808421898159
xception_deepfakebench,external,1,official,661,original_faces_c23/141,ffpp_test:13,0,real,canonical,-0.044124603271484375,0.48897063862012885
xception_deepfakebench,external,1,official,662,deepfakes_faces_c23/161_141,ffpp_test:13,1,deepfakes,canonical,6.871337890625,0.9989639858136443
xception_deepfakebench,external,1,official,663,deepfakes_faces_c23/141_161,ffpp_test:13,1,deepfakes,canonical,4.98388671875,0.9931991711101554
xception_deepfakebench,external,1,official,664,face2face_faces_c23/161_141,ffpp_test:13,1,face2face,canonical,7.6622314453125,0.9995299641509822
xception_deepfakebench,external,1,official,665,face2face_faces_c23/141_161,ffpp_test:13,1,face2face,canonical,3.9129638671875,0.9804102352293153
xception_deepfakebench,external,1,official,666,faceswap_faces_c23/161_141,ffpp_test:13,1,faceswap,canonical,6.17999267578125,0.9979338348582316
xception_deepfakebench,external,1,official,667,faceswap_faces_c23/141_161,ffpp_test:13,1,faceswap,canonical,5.426422119140625,0.9956204586678161
xception_deepfakebench,external,1,official,668,neuraltextures_faces_c23/161_141,ffpp_test:13,1,neuraltextures,canonical,5.76019287109375,0.9968593906034385
xception_deepfakebench,external,1,official,669,neuraltextures_faces_c23/141_161,ffpp_test:13,1,neuraltextures,canonical,5.19635009765625,0.9944937505182938
xception_deepfakebench,external,1,official,670,original_faces_c23/949,ffpp_test:66,0,real,canonical,-2.6056976318359375,0.06877262941534194
xception_deepfakebench,external,1,official,671,original_faces_c23/868,ffpp_test:66,0,real,canonical,-2.4262542724609375,0.08119246141465687
xception_deepfakebench,external,1,official,672,deepfakes_faces_c23/949_868,ffpp_test:66,1,deepfakes,canonical,4.083446502685547,0.9834299001609164
xception_deepfakebench,external,1,official,673,deepfakes_faces_c23/868_949,ffpp_test:66,1,deepfakes,canonical,6.4217529296875,0.9983768351319369
xception_deepfakebench,external,1,official,674,face2face_faces_c23/949_868,ffpp_test:66,1,face2face,canonical,6.70330810546875,0.9987746566642234
xception_deepfakebench,external,1,official,675,face2face_faces_c23/868_949,ffpp_test:66,1,face2face,canonical,3.7145843505859375,0.9762139929925359
xception_deepfakebench,external,1,official,676,faceswap_faces_c23/949_868,ffpp_test:66,1,faceswap,canonical,3.489837646484375,0.9703972323378804
xception_deepfakebench,external,1,official,677,faceswap_faces_c23/868_949,ffpp_test:66,1,faceswap,canonical,4.26763916015625,0.9861788699021922
xception_deepfakebench,external,1,official,678,neuraltextures_faces_c23/949_868,ffpp_test:66,1,neuraltextures,canonical,3.578643798828125,0.9728444775063615
xception_deepfakebench,external,1,official,679,neuraltextures_faces_c23/868_949,ffpp_test:66,1,neuraltextures,canonical,3.854705810546875,0.9792594481529531
xception_deepfakebench,external,1,official,680,original_faces_c23/880,ffpp_test:11,0,real,canonical,-1.0774786472320557,0.2539834557405191
xception_deepfakebench,external,1,official,681,original_faces_c23/135,ffpp_test:11,0,real,canonical,-0.6767716407775879,0.3369822193807358
xception_deepfakebench,external,1,official,682,deepfakes_faces_c23/880_135,ffpp_test:11,1,deepfakes,canonical,2.8763427734375,0.9466645086049444
xception_deepfakebench,external,1,official,683,deepfakes_faces_c23/135_880,ffpp_test:11,1,deepfakes,canonical,9.134033203125,0.9998920822426235
xception_deepfakebench,external,1,official,684,face2face_faces_c23/880_135,ffpp_test:11,1,face2face,canonical,4.1748504638671875,0.9848553950522492
xception_deepfakebench,external,1,official,685,face2face_faces_c23/135_880,ffpp_test:11,1,face2face,canonical,6.4873046875,0.9984796674375059
xception_deepfakebench,external,1,official,686,faceswap_faces_c23/880_135,ffpp_test:11,1,faceswap,canonical,2.9302444458007812,0.9493214367082624
xception_deepfakebench,external,1,official,687,faceswap_faces_c23/135_880,ffpp_test:11,1,faceswap,canonical,5.231353759765625,0.9946821479222979
xception_deepfakebench,external,1,official,688,neuraltextures_faces_c23/880_135,ffpp_test:11,1,neuraltextures,canonical,2.1206207275390625,0.8928913081523538
xception_deepfakebench,external,1,official,689,neuraltextures_faces_c23/135_880,ffpp_test:11,1,neuraltextures,canonical,2.829742431640625,0.9442620474820533
xception_deepfakebench,external,1,official,690,original_faces_c23/429,ffpp_test:35,0,real,canonical,-3.11224365234375,0.042605032013634254
xception_deepfakebench,external,1,official,691,original_faces_c23/404,ffpp_test:35,0,real,canonical,-1.4586925506591797,0.1886673776368696
xception_deepfakebench,external,1,official,692,deepfakes_faces_c23/429_404,ffpp_test:35,1,deepfakes,canonical,8.679931640625,0.9998300661966606
xception_deepfakebench,external,1,official,693,deepfakes_faces_c23/404_429,ffpp_test:35,1,deepfakes,canonical,-0.07514214515686035,0.4812232978529384
xception_deepfakebench,external,1,official,694,face2face_faces_c23/429_404,ffpp_test:35,1,face2face,canonical,4.052978515625,0.9829260254532192
xception_deepfakebench,external,1,official,695,face2face_faces_c23/404_429,ffpp_test:35,1,face2face,canonical,8.2371826171875,0.9997354412491566
xception_deepfakebench,external,1,official,696,faceswap_faces_c23/429_404,ffpp_test:35,1,faceswap,canonical,5.32952880859375,0.9951770208255184
xception_deepfakebench,external,1,official,697,faceswap_faces_c23/404_429,ffpp_test:35,1,faceswap,canonical,2.9948043823242188,0.9523388534776136
xception_deepfakebench,external,1,official,698,neuraltextures_faces_c23/429_404,ffpp_test:35,1,neuraltextures,canonical,1.764731526374817,0.8538012606545912
xception_deepfakebench,external,1,official,699,neuraltextures_faces_c23/404_429,ffpp_test:35,1,neuraltextures,canonical,4.125762939453125,0.9841055464584
xception_deepfakebench,external,1,official,0,original_faces_c23/953,ffpp_test:68,0,real,jpeg40,-5.259033203125,0.005173426427465836
xception_deepfakebench,external,1,official,1,original_faces_c23/974,ffpp_test:68,0,real,jpeg40,-3.3353271484375,0.034378945437042764
xception_deepfakebench,external,1,official,2,deepfakes_faces_c23/953_974,ffpp_test:68,1,deepfakes,jpeg40,1.2217025756835938,0.7723630323264238
xception_deepfakebench,external,1,official,3,deepfakes_faces_c23/974_953,ffpp_test:68,1,deepfakes,jpeg40,0.8878271579742432,0.7084415708106069
xception_deepfakebench,external,1,official,4,face2face_faces_c23/953_974,ffpp_test:68,1,face2face,jpeg40,0.7413425445556641,0.6772893639795883
xception_deepfakebench,external,1,official,5,face2face_faces_c23/974_953,ffpp_test:68,1,face2face,jpeg40,0.5254144668579102,0.6284129756459091
xception_deepfakebench,external,1,official,6,faceswap_faces_c23/953_974,ffpp_test:68,1,faceswap,jpeg40,-1.3089838027954102,0.2126569403685572
xception_deepfakebench,external,1,official,7,faceswap_faces_c23/974_953,ffpp_test:68,1,faceswap,jpeg40,-0.7586708068847656,0.3189349179606686
xception_deepfakebench,external,1,official,8,neuraltextures_faces_c23/953_974,ffpp_test:68,1,neuraltextures,jpeg40,-2.75384521484375,0.059869853871148335
xception_deepfakebench,external,1,official,9,neuraltextures_faces_c23/974_953,ffpp_test:68,1,neuraltextures,jpeg40,-0.7921030521392822,0.31171728181512626
xception_deepfakebench,external,1,official,10,original_faces_c23/012,ffpp_test:1,0,real,jpeg40,-1.784332275390625,0.14376900976207052
xception_deepfakebench,external,1,official,11,original_faces_c23/026,ffpp_test:1,0,real,jpeg40,-3.2595367431640625,0.03698570593036046
xception_deepfakebench,external,1,official,12,deepfakes_faces_c23/012_026,ffpp_test:1,1,deepfakes,jpeg40,-1.269317626953125,0.21937408547820958
xception_deepfakebench,external,1,official,13,deepfakes_faces_c23/026_012,ffpp_test:1,1,deepfakes,jpeg40,4.95025634765625,0.9929682029804923
xception_deepfakebench,external,1,official,14,face2face_faces_c23/012_026,ffpp_test:1,1,face2face,jpeg40,0.546696662902832,0.6333688525152844
xception_deepfakebench,external,1,official,15,face2face_faces_c23/026_012,ffpp_test:1,1,face2face,jpeg40,-1.1957550048828125,0.23223123817643368
xception_deepfakebench,external,1,official,16,faceswap_faces_c23/012_026,ffpp_test:1,1,faceswap,jpeg40,-0.23367023468017578,0.44184680649320307
xception_deepfakebench,external,1,official,17,faceswap_faces_c23/026_012,ffpp_test:1,1,faceswap,jpeg40,3.1429824829101562,0.958631319875314
xception_deepfakebench,external,1,official,18,neuraltextures_faces_c23/012_026,ffpp_test:1,1,neuraltextures,jpeg40,0.7736489772796631,0.6843097116811674
xception_deepfakebench,external,1,official,19,neuraltextures_faces_c23/026_012,ffpp_test:1,1,neuraltextures,jpeg40,-1.0947895050048828,0.250717456733602
xception_deepfakebench,external,1,official,20,original_faces_c23/078,ffpp_test:8,0,real,jpeg40,-3.205230712890625,0.03896935560701903
xception_deepfakebench,external,1,official,21,original_faces_c23/955,ffpp_test:8,0,real,jpeg40,-0.7839717864990234,0.3134645070868844
xception_deepfakebench,external,1,official,22,deepfakes_faces_c23/078_955,ffpp_test:8,1,deepfakes,jpeg40,4.69268798828125,0.9909211550004043
xception_deepfakebench,external,1,official,23,deepfakes_faces_c23/955_078,ffpp_test:8,1,deepfakes,jpeg40,-1.3120880126953125,0.21213765380014565
xception_deepfakebench,external,1,official,24,face2face_faces_c23/078_955,ffpp_test:8,1,face2face,jpeg40,-1.4262866973876953,0.1936779192298413
xception_deepfakebench,external,1,official,25,face2face_faces_c23/955_078,ffpp_test:8,1,face2face,jpeg40,1.6911964416503906,0.8443814387988117
xception_deepfakebench,external,1,official,26,faceswap_faces_c23/078_955,ffpp_test:8,1,faceswap,jpeg40,2.195648193359375,0.8998580359555441
xception_deepfakebench,external,1,official,27,faceswap_faces_c23/955_078,ffpp_test:8,1,faceswap,jpeg40,-0.4686422348022461,0.3849376587266283
xception_deepfakebench,external,1,official,28,neuraltextures_faces_c23/078_955,ffpp_test:8,1,neuraltextures,jpeg40,-1.4207839965820312,0.19453870708245674
xception_deepfakebench,external,1,official,29,neuraltextures_faces_c23/955_078,ffpp_test:8,1,neuraltextures,jpeg40,1.74554443359375,0.8513899431142871
xception_deepfakebench,external,1,official,30,original_faces_c23/623,ffpp_test:51,0,real,jpeg40,-1.4211044311523438,0.1944885020151478
xception_deepfakebench,external,1,official,31,original_faces_c23/630,ffpp_test:51,0,real,jpeg40,-1.6219291687011719,0.1649389860609601
xception_deepfakebench,external,1,official,32,deepfakes_faces_c23/623_630,ffpp_test:51,1,deepfakes,jpeg40,3.583404541015625,0.9729699645502601
xception_deepfakebench,external,1,official,33,deepfakes_faces_c23/630_623,ffpp_test:51,1,deepfakes,jpeg40,0.09206771850585938,0.523000684879997
xception_deepfakebench,external,1,official,34,face2face_faces_c23/623_630,ffpp_test:51,1,face2face,jpeg40,-0.06678485870361328,0.48330998828632304
xception_deepfakebench,external,1,official,35,face2face_faces_c23/630_623,ffpp_test:51,1,face2face,jpeg40,3.21136474609375,0.961259719967075
xception_deepfakebench,external,1,official,36,faceswap_faces_c23/623_630,ffpp_test:51,1,faceswap,jpeg40,2.3220367431640625,0.9106857423247655
xception_deepfakebench,external,1,official,37,faceswap_faces_c23/630_623,ffpp_test:51,1,faceswap,jpeg40,2.5591583251953125,0.9281863749151523
xception_deepfakebench,external,1,official,38,neuraltextures_faces_c23/623_630,ffpp_test:51,1,neuraltextures,jpeg40,0.4994649887084961,0.6223335933272965
xception_deepfakebench,external,1,official,39,neuraltextures_faces_c23/630_623,ffpp_test:51,1,neuraltextures,jpeg40,0.4198331832885742,0.6034433314018244
xception_deepfakebench,external,1,official,40,original_faces_c23/919,ffpp_test:2,0,real,jpeg40,-2.28192138671875,0.09263133263350044
xception_deepfakebench,external,1,official,41,original_faces_c23/015,ffpp_test:2,0,real,jpeg40,-1.4144110679626465,0.19553924727466626
xception_deepfakebench,external,1,official,42,deepfakes_faces_c23/919_015,ffpp_test:2,1,deepfakes,jpeg40,3.3358306884765625,0.9656377666798698
xception_deepfakebench,external,1,official,43,deepfakes_faces_c23/015_919,ffpp_test:2,1,deepfakes,jpeg40,0.03946208953857422,0.509864242321568
xception_deepfakebench,external,1,official,44,face2face_faces_c23/919_015,ffpp_test:2,1,face2face,jpeg40,1.1525039672851562,0.7599679795586853
xception_deepfakebench,external,1,official,45,face2face_faces_c23/015_919,ffpp_test:2,1,face2face,jpeg40,0.9571638107299805,0.7225535935891239
xception_deepfakebench,external,1,official,46,faceswap_faces_c23/919_015,ffpp_test:2,1,faceswap,jpeg40,2.5814437866210938,0.9296577430016832
xception_deepfakebench,external,1,official,47,faceswap_faces_c23/015_919,ffpp_test:2,1,faceswap,jpeg40,1.7282285690307617,0.8491856945424393
xception_deepfakebench,external,1,official,48,neuraltextures_faces_c23/919_015,ffpp_test:2,1,neuraltextures,jpeg40,0.0015543699264526367,0.5003885924033744
xception_deepfakebench,external,1,official,49,neuraltextures_faces_c23/015_919,ffpp_test:2,1,neuraltextures,jpeg40,0.20190048217773438,0.5503043534592568
xception_deepfakebench,external,1,official,50,original_faces_c23/367,ffpp_test:30,0,real,jpeg40,-2.4699859619140625,0.0779892445589409
xception_deepfakebench,external,1,official,51,original_faces_c23/371,ffpp_test:30,0,real,jpeg40,-2.7504730224609375,0.06005994120012007
xception_deepfakebench,external,1,official,52,deepfakes_faces_c23/367_371,ffpp_test:30,1,deepfakes,jpeg40,1.8433113098144531,0.8633398597362251
xception_deepfakebench,external,1,official,53,deepfakes_faces_c23/371_367,ffpp_test:30,1,deepfakes,jpeg40,4.82806396484375,0.9920615252333786
xception_deepfakebench,external,1,official,54,face2face_faces_c23/367_371,ffpp_test:30,1,face2face,jpeg40,0.9483928680419922,0.7207918559770778
xception_deepfakebench,external,1,official,55,face2face_faces_c23/371_367,ffpp_test:30,1,face2face,jpeg40,3.095484972000122,0.9567061199119408
xception_deepfakebench,external,1,official,56,faceswap_faces_c23/367_371,ffpp_test:30,1,faceswap,jpeg40,0.4487113952636719,0.6103328129832662
xception_deepfakebench,external,1,official,57,faceswap_faces_c23/371_367,ffpp_test:30,1,faceswap,jpeg40,-0.3735389709472656,0.4076861590051554
xception_deepfakebench,external,1,official,58,neuraltextures_faces_c23/367_371,ffpp_test:30,1,neuraltextures,jpeg40,-0.7446107864379883,0.32199671565372157
xception_deepfakebench,external,1,official,59,neuraltextures_faces_c23/371_367,ffpp_test:30,1,neuraltextures,jpeg40,0.748964786529541,0.6789530895149228
xception_deepfakebench,external,1,official,60,original_faces_c23/847,ffpp_test:65,0,real,jpeg40,-2.959747314453125,0.049277842936764085
xception_deepfakebench,external,1,official,61,original_faces_c23/906,ffpp_test:65,0,real,jpeg40,-1.003091812133789,0.2683339686510293
xception_deepfakebench,external,1,official,62,deepfakes_faces_c23/847_906,ffpp_test:65,1,deepfakes,jpeg40,5.22100830078125,0.9946271438622166
xception_deepfakebench,external,1,official,63,deepfakes_faces_c23/906_847,ffpp_test:65,1,deepfakes,jpeg40,3.565204620361328,0.9724871747916125
xception_deepfakebench,external,1,official,64,face2face_faces_c23/847_906,ffpp_test:65,1,face2face,jpeg40,-1.0213642120361328,0.2647617537614252
xception_deepfakebench,external,1,official,65,face2face_faces_c23/906_847,ffpp_test:65,1,face2face,jpeg40,2.3881072998046875,0.9159159184860625
xception_deepfakebench,external,1,official,66,faceswap_faces_c23/847_906,ffpp_test:65,1,faceswap,jpeg40,0.4255504608154297,0.6048106605425076
xception_deepfakebench,external,1,official,67,faceswap_faces_c23/906_847,ffpp_test:65,1,faceswap,jpeg40,3.5306549072265625,0.9715475214596192
xception_deepfakebench,external,1,official,68,neuraltextures_faces_c23/847_906,ffpp_test:65,1,neuraltextures,jpeg40,-1.2464675903320312,0.22331221476285062
xception_deepfakebench,external,1,official,69,neuraltextures_faces_c23/906_847,ffpp_test:65,1,neuraltextures,jpeg40,0.8508682250976562,0.7007492407807141
xception_deepfakebench,external,1,official,70,original_faces_c23/529,ffpp_test:46,0,real,jpeg40,-2.52093505859375,0.07440352425547028
xception_deepfakebench,external,1,official,71,original_faces_c23/633,ffpp_test:46,0,real,jpeg40,-1.1125822067260742,0.24738979888817383
xception_deepfakebench,external,1,official,72,deepfakes_faces_c23/529_633,ffpp_test:46,1,deepfakes,jpeg40,3.8555908203125,0.9792774154168218
xception_deepfakebench,external,1,official,73,deepfakes_faces_c23/633_529,ffpp_test:46,1,deepfakes,jpeg40,3.215087890625,0.961398130042319
xception_deepfakebench,external,1,official,74,face2face_faces_c23/529_633,ffpp_test:46,1,face2face,jpeg40,4.04925537109375,0.9828634294761401
xception_deepfakebench,external,1,official,75,face2face_faces_c23/633_529,ffpp_test:46,1,face2face,jpeg40,3.215198516845703,0.9614022353671391
xception_deepfakebench,external,1,official,76,faceswap_faces_c23/529_633,ffpp_test:46,1,faceswap,jpeg40,3.5206298828125,0.9712690864542747
xception_deepfakebench,external,1,official,77,faceswap_faces_c23/633_529,ffpp_test:46,1,faceswap,jpeg40,1.8858566284179688,0.8682823837509743
xception_deepfakebench,external,1,official,78,neuraltextures_faces_c23/529_633,ffpp_test:46,1,neuraltextures,jpeg40,-1.2949943542480469,0.2150086642600269
xception_deepfakebench,external,1,official,79,neuraltextures_faces_c23/633_529,ffpp_test:46,1,neuraltextures,jpeg40,0.19952011108398438,0.5497152140143061
xception_deepfakebench,external,1,official,80,original_faces_c23/418,ffpp_test:36,0,real,jpeg40,-0.4293365478515625,0.39428476893835396
xception_deepfakebench,external,1,official,81,original_faces_c23/507,ffpp_test:36,0,real,jpeg40,-0.3862724304199219,0.4046149583234071
xception_deepfakebench,external,1,official,82,deepfakes_faces_c23/418_507,ffpp_test:36,1,deepfakes,jpeg40,3.730682373046875,0.9765849410856751
xception_deepfakebench,external,1,official,83,deepfakes_faces_c23/507_418,ffpp_test:36,1,deepfakes,jpeg40,5.082763671875,0.9938354938869649
xception_deepfakebench,external,1,official,84,face2face_faces_c23/418_507,ffpp_test:36,1,face2face,jpeg40,7.15576171875,0.9992202535610112
xception_deepfakebench,external,1,official,85,face2face_faces_c23/507_418,ffpp_test:36,1,face2face,jpeg40,4.608123779296875,0.9901279219867124
xception_deepfakebench,external,1,official,86,faceswap_faces_c23/418_507,ffpp_test:36,1,faceswap,jpeg40,3.04278564453125,0.9544700382975332
xception_deepfakebench,external,1,official,87,faceswap_faces_c23/507_418,ffpp_test:36,1,faceswap,jpeg40,2.5017776489257812,0.9242663458529468
xception_deepfakebench,external,1,official,88,neuraltextures_faces_c23/418_507,ffpp_test:36,1,neuraltextures,jpeg40,0.5373611450195312,0.6311983395715585
xception_deepfakebench,external,1,official,89,neuraltextures_faces_c23/507_418,ffpp_test:36,1,neuraltextures,jpeg40,1.2833690643310547,0.7830227199586417
xception_deepfakebench,external,1,official,90,original_faces_c23/227,ffpp_test:16,0,real,jpeg40,-1.1926040649414062,0.23279352437072445
xception_deepfakebench,external,1,official,91,original_faces_c23/169,ffpp_test:16,0,real,jpeg40,-0.661524772644043,0.34039717574679984
xception_deepfakebench,external,1,official,92,deepfakes_faces_c23/227_169,ffpp_test:16,1,deepfakes,jpeg40,5.29791259765625,0.9950228714635463
xception_deepfakebench,external,1,official,93,deepfakes_faces_c23/169_227,ffpp_test:16,1,deepfakes,jpeg40,1.6063346862792969,0.8329018837517517
xception_deepfakebench,external,1,official,94,face2face_faces_c23/227_169,ffpp_test:16,1,face2face,jpeg40,-1.2394523620605469,0.22453132442593557
xception_deepfakebench,external,1,official,95,face2face_faces_c23/169_227,ffpp_test:16,1,face2face,jpeg40,3.0692977905273438,0.955608393517053
xception_deepfakebench,external,1,official,96,faceswap_faces_c23/227_169,ffpp_test:16,1,faceswap,jpeg40,-0.16641521453857422,0.4584919459317667
xception_deepfakebench,external,1,official,97,faceswap_faces_c23/169_227,ffpp_test:16,1,faceswap,jpeg40,1.2199996709823608,0.7720634915257856
xception_deepfakebench,external,1,official,98,neuraltextures_faces_c23/227_169,ffpp_test:16,1,neuraltextures,jpeg40,-1.1659698486328125,0.23758422546092128
xception_deepfakebench,external,1,official,99,neuraltextures_faces_c23/169_227,ffpp_test:16,1,neuraltextures,jpeg40,1.811814785003662,0.8595810644370326
xception_deepfakebench,external,1,official,100,original_faces_c23/389,ffpp_test:33,0,real,jpeg40,-2.287281036376953,0.09218183245271501
xception_deepfakebench,external,1,official,101,original_faces_c23/480,ffpp_test:33,0,real,jpeg40,-3.114013671875,0.04253289161794258
xception_deepfakebench,external,1,official,102,deepfakes_faces_c23/389_480,ffpp_test:33,1,deepfakes,jpeg40,1.4872932434082031,0.8156716556022715
xception_deepfakebench,external,1,official,103,deepfakes_faces_c23/480_389,ffpp_test:33,1,deepfakes,jpeg40,0.4882469177246094,0.6196933640907859
xception_deepfakebench,external,1,official,104,face2face_faces_c23/389_480,ffpp_test:33,1,face2face,jpeg40,2.302520751953125,0.9090855915095467
xception_deepfakebench,external,1,official,105,face2face_faces_c23/480_389,ffpp_test:33,1,face2face,jpeg40,-1.0690032243728638,0.25559268954638553
xception_deepfakebench,external,1,official,106,faceswap_faces_c23/389_480,ffpp_test:33,1,faceswap,jpeg40,-1.5517234802246094,0.1748374834531193
xception_deepfakebench,external,1,official,107,faceswap_faces_c23/480_389,ffpp_test:33,1,faceswap,jpeg40,0.46495819091796875,0.6141897357146722
xception_deepfakebench,external,1,official,108,neuraltextures_faces_c23/389_480,ffpp_test:33,1,neuraltextures,jpeg40,-0.6241450309753418,0.34883931682340674
xception_deepfakebench,external,1,official,109,neuraltextures_faces_c23/480_389,ffpp_test:33,1,neuraltextures,jpeg40,-1.3921141624450684,0.19907045733769638
xception_deepfakebench,external,1,official,110,original_faces_c23/821,ffpp_test:64,0,real,jpeg40,-1.723215103149414,0.15145750142918582
xception_deepfakebench,external,1,official,111,original_faces_c23/812,ffpp_test:64,0,real,jpeg40,-2.254974365234375,0.0949212492086851
xception_deepfakebench,external,1,official,112,deepfakes_faces_c23/821_812,ffpp_test:64,1,deepfakes,jpeg40,-0.4459857940673828,0.3903156022661503
xception_deepfakebench,external,1,official,113,deepfakes_faces_c23/812_821,ffpp_test:64,1,deepfakes,jpeg40,1.80572509765625,0.8588444195132328
xception_deepfakebench,external,1,official,114,face2face_faces_c23/821_812,ffpp_test:64,1,face2face,jpeg40,2.1549415588378906,0.8961296448340567
xception_deepfakebench,external,1,official,115,face2face_faces_c23/812_821,ffpp_test:64,1,face2face,jpeg40,0.9650840759277344,0.7241385662546445
xception_deepfakebench,external,1,official,116,faceswap_faces_c23/821_812,ffpp_test:64,1,faceswap,jpeg40,0.7544398307800293,0.6801453454981431
xception_deepfakebench,external,1,official,117,faceswap_faces_c23/812_821,ffpp_test:64,1,faceswap,jpeg40,0.28118324279785156,0.5698362877719385
xception_deepfakebench,external,1,official,118,neuraltextures_faces_c23/821_812,ffpp_test:64,1,neuraltextures,jpeg40,-0.800847053527832,0.3098443550727614
xception_deepfakebench,external,1,official,119,neuraltextures_faces_c23/812_821,ffpp_test:64,1,neuraltextures,jpeg40,-0.6740427017211914,0.33759220412660806
xception_deepfakebench,external,1,official,120,original_faces_c23/670,ffpp_test:54,0,real,jpeg40,-3.44476318359375,0.03092541675879734
xception_deepfakebench,external,1,official,121,original_faces_c23/661,ffpp_test:54,0,real,jpeg40,-3.1390380859375,0.041525387592169706
xception_deepfakebench,external,1,official,122,deepfakes_faces_c23/670_661,ffpp_test:54,1,deepfakes,jpeg40,5.27392578125,0.9949026585448312
xception_deepfakebench,external,1,official,123,deepfakes_faces_c23/661_670,ffpp_test:54,1,deepfakes,jpeg40,3.0515670776367188,0.9548501335340909
xception_deepfakebench,external,1,official,124,face2face_faces_c23/670_661,ffpp_test:54,1,face2face,jpeg40,1.4882545471191406,0.815816145109276
xception_deepfakebench,external,1,official,125,face2face_faces_c23/661_670,ffpp_test:54,1,face2face,jpeg40,0.6943931579589844,0.666943493010745
xception_deepfakebench,external,1,official,126,faceswap_faces_c23/670_661,ffpp_test:54,1,faceswap,jpeg40,2.4468116760253906,0.9203279819923598
xception_deepfakebench,external,1,official,127,faceswap_faces_c23/661_670,ffpp_test:54,1,faceswap,jpeg40,0.08508658409118652,0.5212588218982301
xception_deepfakebench,external,1,official,128,neuraltextures_faces_c23/670_661,ffpp_test:54,1,neuraltextures,jpeg40,1.0570554733276367,0.7421274404371785
xception_deepfakebench,external,1,official,129,neuraltextures_faces_c23/661_670,ffpp_test:54,1,neuraltextures,jpeg40,-1.636749267578125,0.16290787576154717
xception_deepfakebench,external,1,official,130,original_faces_c23/158,ffpp_test:15,0,real,jpeg40,-0.42740631103515625,0.3947458503184138
xception_deepfakebench,external,1,official,131,original_faces_c23/379,ffpp_test:15,0,real,jpeg40,-1.4131126403808594,0.19574357541895102
xception_deepfakebench,external,1,official,132,deepfakes_faces_c23/158_379,ffpp_test:15,1,deepfakes,jpeg40,-0.26879656314849854,0.4332025608479661
xception_deepfakebench,external,1,official,133,deepfakes_faces_c23/379_158,ffpp_test:15,1,deepfakes,jpeg40,1.744577407836914,0.8512675484955464
xception_deepfakebench,external,1,official,134,face2face_faces_c23/158_379,ffpp_test:15,1,face2face,jpeg40,1.3772354125976562,0.7985466283699855
xception_deepfakebench,external,1,official,135,face2face_faces_c23/379_158,ffpp_test:15,1,face2face,jpeg40,0.3356285095214844,0.583128246366752
xception_deepfakebench,external,1,official,136,faceswap_faces_c23/158_379,ffpp_test:15,1,faceswap,jpeg40,0.6824808120727539,0.66429216385057
xception_deepfakebench,external,1,official,137,faceswap_faces_c23/379_158,ffpp_test:15,1,faceswap,jpeg40,1.1839380264282227,0.7656551324750603
xception_deepfakebench,external,1,official,138,neuraltextures_faces_c23/158_379,ffpp_test:15,1,neuraltextures,jpeg40,0.9162635803222656,0.7142801731204365
xception_deepfakebench,external,1,official,139,neuraltextures_faces_c23/379_158,ffpp_test:15,1,neuraltextures,jpeg40,0.23210525512695312,0.5577672060074343
xception_deepfakebench,external,1,official,140,original_faces_c23/423,ffpp_test:37,0,real,jpeg40,-0.9279203414916992,0.2833468225376112
xception_deepfakebench,external,1,official,141,original_faces_c23/421,ffpp_test:37,0,real,jpeg40,-1.6308059692382812,0.16371998143092997
xception_deepfakebench,external,1,official,142,deepfakes_faces_c23/423_421,ffpp_test:37,1,deepfakes,jpeg40,3.374298095703125,0.9668915594222866
xception_deepfakebench,external,1,official,143,deepfakes_faces_c23/421_423,ffpp_test:37,1,deepfakes,jpeg40,2.6086997985839844,0.9314193894791352
xception_deepfakebench,external,1,official,144,face2face_faces_c23/423_421,ffpp_test:37,1,face2face,jpeg40,1.0672340393066406,0.7440705508115429
xception_deepfakebench,external,1,official,145,face2face_faces_c23/421_423,ffpp_test:37,1,face2face,jpeg40,2.709096908569336,0.937561302437553
xception_deepfakebench,external,1,official,146,faceswap_faces_c23/423_421,ffpp_test:37,1,faceswap,jpeg40,0.6790742874145508,0.6635320566398024
xception_deepfakebench,external,1,official,147,faceswap_faces_c23/421_423,ffpp_test:37,1,faceswap,jpeg40,1.8846931457519531,0.868149261438994
xception_deepfakebench,external,1,official,148,neuraltextures_faces_c23/423_421,ffpp_test:37,1,neuraltextures,jpeg40,-0.7805080413818359,0.31421040184255644
xception_deepfakebench,external,1,official,149,neuraltextures_faces_c23/421_423,ffpp_test:37,1,neuraltextures,jpeg40,-0.7668628692626953,0.31715812101227464
xception_deepfakebench,external,1,official,150,original_faces_c23/352,ffpp_test:28,0,real,jpeg40,-3.38580322265625,0.03274210718173984
xception_deepfakebench,external,1,official,151,original_faces_c23/319,ffpp_test:28,0,real,jpeg40,-3.76153564453125,0.022719821575508916
xception_deepfakebench,external,1,official,152,deepfakes_faces_c23/352_319,ffpp_test:28,1,deepfakes,jpeg40,-1.0203585624694824,0.2649575627958417
xception_deepfakebench,external,1,official,153,deepfakes_faces_c23/319_352,ffpp_test:28,1,deepfakes,jpeg40,-0.3497753143310547,0.4134369078322651
xception_deepfakebench,external,1,official,154,face2face_faces_c23/352_319,ffpp_test:28,1,face2face,jpeg40,-1.3268508911132812,0.20968074183887905
xception_deepfakebench,external,1,official,155,face2face_faces_c23/319_352,ffpp_test:28,1,face2face,jpeg40,-2.055389404296875,0.11350894364510897
xception_deepfakebench,external,1,official,156,faceswap_faces_c23/352_319,ffpp_test:28,1,faceswap,jpeg40,-0.5194282531738281,0.3729859369332275
xception_deepfakebench,external,1,official,157,faceswap_faces_c23/319_352,ffpp_test:28,1,faceswap,jpeg40,-1.5574188232421875,0.17401734113560471
xception_deepfakebench,external,1,official,158,neuraltextures_faces_c23/352_319,ffpp_test:28,1,neuraltextures,jpeg40,-0.8025674819946289,0.30947657762906305
xception_deepfakebench,external,1,official,159,neuraltextures_faces_c23/319_352,ffpp_test:28,1,neuraltextures,jpeg40,-2.1052703857421875,0.10858562197054361
xception_deepfakebench,external,1,official,160,original_faces_c23/579,ffpp_test:48,0,real,jpeg40,-2.3269882202148438,0.08891233642027314
xception_deepfakebench,external,1,official,161,original_faces_c23/701,ffpp_test:48,0,real,jpeg40,-2.1473236083984375,0.10458158677152996
xception_deepfakebench,external,1,official,162,deepfakes_faces_c23/579_701,ffpp_test:48,1,deepfakes,jpeg40,2.701629638671875,0.9371227367350838
xception_deepfakebench,external,1,official,163,deepfakes_faces_c23/701_579,ffpp_test:48,1,deepfakes,jpeg40,-1.6022939682006836,0.16766124531840365
xception_deepfakebench,external,1,official,164,face2face_faces_c23/579_701,ffpp_test:48,1,face2face,jpeg40,0.2382793426513672,0.5592895768447724
xception_deepfakebench,external,1,official,165,face2face_faces_c23/701_579,ffpp_test:48,1,face2face,jpeg40,1.0019357204437256,0.7314389941034196
xception_deepfakebench,external,1,official,166,faceswap_faces_c23/579_701,ffpp_test:48,1,faceswap,jpeg40,-0.982904314994812,0.27231588434560505
xception_deepfakebench,external,1,official,167,faceswap_faces_c23/701_579,ffpp_test:48,1,faceswap,jpeg40,-0.9365429878234863,0.2815991715521926
xception_deepfakebench,external,1,official,168,neuraltextures_faces_c23/579_701,ffpp_test:48,1,neuraltextures,jpeg40,-0.9206619262695312,0.2848230414592332
xception_deepfakebench,external,1,official,169,neuraltextures_faces_c23/701_579,ffpp_test:48,1,neuraltextures,jpeg40,-0.755131721496582,0.3197041540638165
xception_deepfakebench,external,1,official,170,original_faces_c23/488,ffpp_test:34,0,real,jpeg40,-2.0045166015625,0.1187295228383617
xception_deepfakebench,external,1,official,171,original_faces_c23/399,ffpp_test:34,0,real,jpeg40,0.4727439880371094,0.6160330155888813
xception_deepfakebench,external,1,official,172,deepfakes_faces_c23/488_399,ffpp_test:34,1,deepfakes,jpeg40,1.8590431213378906,0.8651853770606014
xception_deepfakebench,external,1,official,173,deepfakes_faces_c23/399_488,ffpp_test:34,1,deepfakes,jpeg40,3.706787109375,0.9760322653736333
xception_deepfakebench,external,1,official,174,face2face_faces_c23/488_399,ffpp_test:34,1,face2face,jpeg40,4.51055908203125,0.989127204318774
xception_deepfakebench,external,1,official,175,face2face_faces_c23/399_488,ffpp_test:34,1,face2face,jpeg40,8.05810546875,0.9996835742511118
xception_deepfakebench,external,1,official,176,faceswap_faces_c23/488_399,ffpp_test:34,1,faceswap,jpeg40,2.1384124755859375,0.8945809914060133
xception_deepfakebench,external,1,official,177,faceswap_faces_c23/399_488,ffpp_test:34,1,faceswap,jpeg40,4.64276123046875,0.9904608053437763
xception_deepfakebench,external,1,official,178,neuraltextures_faces_c23/488_399,ffpp_test:34,1,neuraltextures,jpeg40,0.5962510108947754,0.6447981289863958
xception_deepfakebench,external,1,official,179,neuraltextures_faces_c23/399_488,ffpp_test:34,1,neuraltextures,jpeg40,1.3591766357421875,0.795625846863351
xception_deepfakebench,external,1,official,180,original_faces_c23/695,ffpp_test:38,0,real,jpeg40,-2.5748519897460938,0.07077454520744464
xception_deepfakebench,external,1,official,181,original_faces_c23/422,ffpp_test:38,0,real,jpeg40,-0.2534952163696289,0.43696339503281556
xception_deepfakebench,external,1,official,182,deepfakes_faces_c23/695_422,ffpp_test:38,1,deepfakes,jpeg40,2.880645751953125,0.9468813523989614
xception_deepfakebench,external,1,official,183,deepfakes_faces_c23/422_695,ffpp_test:38,1,deepfakes,jpeg40,2.71502685546875,0.937907542751588
xception_deepfakebench,external,1,official,184,face2face_faces_c23/695_422,ffpp_test:38,1,face2face,jpeg40,-0.4273223876953125,0.39476590159113
xception_deepfakebench,external,1,official,185,face2face_faces_c23/422_695,ffpp_test:38,1,face2face,jpeg40,6.85498046875,0.9989469179258492
xception_deepfakebench,external,1,official,186,faceswap_faces_c23/695_422,ffpp_test:38,1,faceswap,jpeg40,2.1355881690979004,0.8943143458295012
xception_deepfakebench,external,1,official,187,faceswap_faces_c23/422_695,ffpp_test:38,1,faceswap,jpeg40,1.9646835327148438,0.8770389248852289
xception_deepfakebench,external,1,official,188,neuraltextures_faces_c23/695_422,ffpp_test:38,1,neuraltextures,jpeg40,-0.6137161254882812,0.35121196621155226
xception_deepfakebench,external,1,official,189,neuraltextures_faces_c23/422_695,ffpp_test:38,1,neuraltextures,jpeg40,0.9432477951049805,0.7197552298177109
xception_deepfakebench,external,1,official,190,original_faces_c23/288,ffpp_test:25,0,real,jpeg40,-1.2139225006103516,0.22900774562925535
xception_deepfakebench,external,1,official,191,original_faces_c23/321,ffpp_test:25,0,real,jpeg40,-1.7066879272460938,0.15359380047546198
xception_deepfakebench,external,1,official,192,deepfakes_faces_c23/288_321,ffpp_test:25,1,deepfakes,jpeg40,2.5704803466796875,0.9289374114295827
xception_deepfakebench,external,1,official,193,deepfakes_faces_c23/321_288,ffpp_test:25,1,deepfakes,jpeg40,4.065704345703125,0.9831382887530806
xception_deepfakebench,external,1,official,194,face2face_faces_c23/288_321,ffpp_test:25,1,face2face,jpeg40,3.298553466796875,0.9643791527810893
xception_deepfakebench,external,1,official,195,face2face_faces_c23/321_288,ffpp_test:25,1,face2face,jpeg40,0.3858041763305664,0.5952722334368719
xception_deepfakebench,external,1,official,196,faceswap_faces_c23/288_321,ffpp_test:25,1,faceswap,jpeg40,2.0474319458007812,0.8856878738337044
xception_deepfakebench,external,1,official,197,faceswap_faces_c23/321_288,ffpp_test:25,1,faceswap,jpeg40,2.723297119140625,0.9383874372383708
xception_deepfakebench,external,1,official,198,neuraltextures_faces_c23/288_321,ffpp_test:25,1,neuraltextures,jpeg40,0.25642824172973633,0.563758072689945
xception_deepfakebench,external,1,official,199,neuraltextures_faces_c23/321_288,ffpp_test:25,1,neuraltextures,jpeg40,-0.6037435531616211,0.3534876955591568
xception_deepfakebench,external,1,official,200,original_faces_c23/705,ffpp_test:57,0,real,jpeg40,-1.4944782257080078,0.1832505214498552
xception_deepfakebench,external,1,official,201,original_faces_c23/707,ffpp_test:57,0,real,jpeg40,-3.3699951171875,0.033246465778268244
xception_deepfakebench,external,1,official,202,deepfakes_faces_c23/705_707,ffpp_test:57,1,deepfakes,jpeg40,1.9917030334472656,0.8799231937217967
xception_deepfakebench,external,1,official,203,deepfakes_faces_c23/707_705,ffpp_test:57,1,deepfakes,jpeg40,2.783111572265625,0.9417563531033794
xception_deepfakebench,external,1,official,204,face2face_faces_c23/705_707,ffpp_test:57,1,face2face,jpeg40,4.083953857421875,0.9834381657485884
xception_deepfakebench,external,1,official,205,face2face_faces_c23/707_705,ffpp_test:57,1,face2face,jpeg40,0.9628734588623047,0.723696750449613
xception_deepfakebench,external,1,official,206,faceswap_faces_c23/705_707,ffpp_test:57,1,faceswap,jpeg40,1.5958595275878906,0.8314389012130209
xception_deepfakebench,external,1,official,207,faceswap_faces_c23/707_705,ffpp_test:57,1,faceswap,jpeg40,2.9485626220703125,0.9501955099649136
xception_deepfakebench,external,1,official,208,neuraltextures_faces_c23/705_707,ffpp_test:57,1,neuraltextures,jpeg40,0.885860800743103,0.7080352491640668
xception_deepfakebench,external,1,official,209,neuraltextures_faces_c23/707_705,ffpp_test:57,1,neuraltextures,jpeg40,-1.3768892288208008,0.2015090679390479
xception_deepfakebench,external,1,official,210,original_faces_c23/306,ffpp_test:24,0,real,jpeg40,0.8944625854492188,0.7098102343478596
xception_deepfakebench,external,1,official,211,original_faces_c23/278,ffpp_test:24,0,real,jpeg40,-1.3101539611816406,0.21246108198616911
xception_deepfakebench,external,1,official,212,deepfakes_faces_c23/306_278,ffpp_test:24,1,deepfakes,jpeg40,2.4811878204345703,0.922812448381227
xception_deepfakebench,external,1,official,213,deepfakes_faces_c23/278_306,ffpp_test:24,1,deepfakes,jpeg40,3.273681640625,0.9635148172652538
xception_deepfakebench,external,1,official,214,face2face_faces_c23/306_278,ffpp_test:24,1,face2face,jpeg40,3.229766845703125,0.961939217566079
xception_deepfakebench,external,1,official,215,face2face_faces_c23/278_306,ffpp_test:24,1,face2face,jpeg40,2.428034543991089,0.918940248296535
xception_deepfakebench,external,1,official,216,faceswap_faces_c23/306_278,ffpp_test:24,1,faceswap,jpeg40,1.6806755065917969,0.8429939586034946
xception_deepfakebench,external,1,official,217,faceswap_faces_c23/278_306,ffpp_test:24,1,faceswap,jpeg40,1.5407555103302002,0.8235745273506165
xception_deepfakebench,external,1,official,218,neuraltextures_faces_c23/306_278,ffpp_test:24,1,neuraltextures,jpeg40,1.6960361003875732,0.8450163174672515
xception_deepfakebench,external,1,official,219,neuraltextures_faces_c23/278_306,ffpp_test:24,1,neuraltextures,jpeg40,0.03542900085449219,0.5088563238511205
xception_deepfakebench,external,1,official,220,original_faces_c23/865,ffpp_test:61,0,real,jpeg40,-2.66534423828125,0.06504955047266316
xception_deepfakebench,external,1,official,221,original_faces_c23/739,ffpp_test:61,0,real,jpeg40,-1.2814483642578125,0.21730378079728657
xception_deepfakebench,external,1,official,222,deepfakes_faces_c23/865_739,ffpp_test:61,1,deepfakes,jpeg40,5.274871826171875,0.9949074540322433
xception_deepfakebench,external,1,official,223,deepfakes_faces_c23/739_865,ffpp_test:61,1,deepfakes,jpeg40,7.297607421875,0.9993233012417237
xception_deepfakebench,external,1,official,224,face2face_faces_c23/865_739,ffpp_test:61,1,face2face,jpeg40,-0.9027862548828125,0.2884782578494238
xception_deepfakebench,external,1,official,225,face2face_faces_c23/739_865,ffpp_test:61,1,face2face,jpeg40,5.27880859375,0.994927361294135
xception_deepfakebench,external,1,official,226,faceswap_faces_c23/865_739,ffpp_test:61,1,faceswap,jpeg40,1.9762954711914062,0.8782857028861455
xception_deepfakebench,external,1,official,227,faceswap_faces_c23/739_865,ffpp_test:61,1,faceswap,jpeg40,3.8218536376953125,0.9785815963754929
xception_deepfakebench,external,1,official,228,neuraltextures_faces_c23/865_739,ffpp_test:61,1,neuraltextures,jpeg40,-0.7483043670654297,0.3211908829506798
xception_deepfakebench,external,1,official,229,neuraltextures_faces_c23/739_865,ffpp_test:61,1,neuraltextures,jpeg40,0.2630043029785156,0.5653746720805753
xception_deepfakebench,external,1,official,230,original_faces_c23/995,ffpp_test:21,0,real,jpeg40,-2.3559417724609375,0.0865946460563096
xception_deepfakebench,external,1,official,231,original_faces_c23/233,ffpp_test:21,0,real,jpeg40,-4.81195068359375,0.008066385596573668
xception_deepfakebench,external,1,official,232,deepfakes_faces_c23/995_233,ffpp_test:21,1,deepfakes,jpeg40,-0.6318850517272949,0.3470832310073559
xception_deepfakebench,external,1,official,233,deepfakes_faces_c23/233_995,ffpp_test:21,1,deepfakes,jpeg40,3.505859375,0.9708540271810099
xception_deepfakebench,external,1,official,234,face2face_faces_c23/995_233,ffpp_test:21,1,face2face,jpeg40,4.61810302734375,0.9902249897705766
xception_deepfakebench,external,1,official,235,face2face_faces_c23/233_995,ffpp_test:21,1,face2face,jpeg40,-4.52435302734375,0.01072544413688182
xception_deepfakebench,external,1,official,236,faceswap_faces_c23/995_233,ffpp_test:21,1,faceswap,jpeg40,-0.7822790145874023,0.31382891421539233
xception_deepfakebench,external,1,official,237,faceswap_faces_c23/233_995,ffpp_test:21,1,faceswap,jpeg40,1.721893310546875,0.8483725459891005
xception_deepfakebench,external,1,official,238,neuraltextures_faces_c23/995_233,ffpp_test:21,1,neuraltextures,jpeg40,0.32129669189453125,0.5796402333542024
xception_deepfakebench,external,1,official,239,neuraltextures_faces_c23/233_995,ffpp_test:21,1,neuraltextures,jpeg40,-4.515777587890625,0.010816815869191128
xception_deepfakebench,external,1,official,240,original_faces_c23/755,ffpp_test:62,0,real,jpeg40,-3.3140716552734375,0.03509159098264751
xception_deepfakebench,external,1,official,241,original_faces_c23/759,ffpp_test:62,0,real,jpeg40,-2.0990219116210938,0.1091919225601399
xception_deepfakebench,external,1,official,242,deepfakes_faces_c23/755_759,ffpp_test:62,1,deepfakes,jpeg40,2.4142913818359375,0.9179106210123831
xception_deepfakebench,external,1,official,243,deepfakes_faces_c23/759_755,ffpp_test:62,1,deepfakes,jpeg40,-0.9942111968994141,0.27008109032339933
xception_deepfakebench,external,1,official,244,face2face_faces_c23/755_759,ffpp_test:62,1,face2face,jpeg40,-1.1491756439208984,0.24063968726553492
xception_deepfakebench,external,1,official,245,face2face_faces_c23/759_755,ffpp_test:62,1,face2face,jpeg40,1.0801408290863037,0.746520633009665
xception_deepfakebench,external,1,official,246,faceswap_faces_c23/755_759,ffpp_test:62,1,faceswap,jpeg40,-1.6098556518554688,0.16660865538129827
xception_deepfakebench,external,1,official,247,faceswap_faces_c23/759_755,ffpp_test:62,1,faceswap,jpeg40,-2.46771240234375,0.0781528861684575
xception_deepfakebench,external,1,official,248,neuraltextures_faces_c23/755_759,ffpp_test:62,1,neuraltextures,jpeg40,-1.7922515869140625,0.14279689413896082
xception_deepfakebench,external,1,official,249,neuraltextures_faces_c23/759_755,ffpp_test:62,1,neuraltextures,jpeg40,-0.18958091735839844,0.45274621468145776
xception_deepfakebench,external,1,official,250,original_faces_c23/467,ffpp_test:43,0,real,jpeg40,-1.2569164037704468,0.22150517283401588
xception_deepfakebench,external,1,official,251,original_faces_c23/462,ffpp_test:43,0,real,jpeg40,-1.7230224609375,0.1514822611077697
xception_deepfakebench,external,1,official,252,deepfakes_faces_c23/467_462,ffpp_test:43,1,deepfakes,jpeg40,0.3029308319091797,0.5751588262359634
xception_deepfakebench,external,1,official,253,deepfakes_faces_c23/462_467,ffpp_test:43,1,deepfakes,jpeg40,3.91925048828125,0.9805306121573572
xception_deepfakebench,external,1,official,254,face2face_faces_c23/467_462,ffpp_test:43,1,face2face,jpeg40,2.784149169921875,0.9418132406287405
xception_deepfakebench,external,1,official,255,face2face_faces_c23/462_467,ffpp_test:43,1,face2face,jpeg40,1.9276275634765625,0.8729865944369215
xception_deepfakebench,external,1,official,256,faceswap_faces_c23/467_462,ffpp_test:43,1,faceswap,jpeg40,1.8509637117385864,0.8642402140853072
xception_deepfakebench,external,1,official,257,faceswap_faces_c23/462_467,ffpp_test:43,1,faceswap,jpeg40,2.723876953125,0.9384209526634717
xception_deepfakebench,external,1,official,258,neuraltextures_faces_c23/467_462,ffpp_test:43,1,neuraltextures,jpeg40,0.9100866317749023,0.7130178899658813
xception_deepfakebench,external,1,official,259,neuraltextures_faces_c23/462_467,ffpp_test:43,1,neuraltextures,jpeg40,-0.2034205198287964,0.4493195124591105
xception_deepfakebench,external,1,official,260,original_faces_c23/314,ffpp_test:27,0,real,jpeg40,-1.5100212097167969,0.18093564989452315
xception_deepfakebench,external,1,official,261,original_faces_c23/347,ffpp_test:27,0,real,jpeg40,-2.466888427734375,0.07821227006749994
xception_deepfakebench,external,1,official,262,deepfakes_faces_c23/314_347,ffpp_test:27,1,deepfakes,jpeg40,2.49652099609375,0.9238975687064196
xception_deepfakebench,external,1,official,263,deepfakes_faces_c23/347_314,ffpp_test:27,1,deepfakes,jpeg40,2.9447021484375,0.9500124990600874
xception_deepfakebench,external,1,official,264,face2face_faces_c23/314_347,ffpp_test:27,1,face2face,jpeg40,0.06349706649780273,0.5158689351825374
xception_deepfakebench,external,1,official,265,face2face_faces_c23/347_314,ffpp_test:27,1,face2face,jpeg40,0.3079531192779541,0.5763855623007229
xception_deepfakebench,external,1,official,266,faceswap_faces_c23/314_347,ffpp_test:27,1,faceswap,jpeg40,0.29746150970458984,0.5738218448037106
xception_deepfakebench,external,1,official,267,faceswap_faces_c23/347_314,ffpp_test:27,1,faceswap,jpeg40,1.3177738189697266,0.7888110895724086
xception_deepfakebench,external,1,official,268,neuraltextures_faces_c23/314_347,ffpp_test:27,1,neuraltextures,jpeg40,-0.7924933433532715,0.3116335511382626
xception_deepfakebench,external,1,official,269,neuraltextures_faces_c23/347_314,ffpp_test:27,1,neuraltextures,jpeg40,-2.1123199462890625,0.10790514174214484
xception_deepfakebench,external,1,official,270,original_faces_c23/741,ffpp_test:60,0,real,jpeg40,-2.5320281982421875,0.07364316352283304
xception_deepfakebench,external,1,official,271,original_faces_c23/731,ffpp_test:60,0,real,jpeg40,-2.563786506652832,0.07150573773659567
xception_deepfakebench,external,1,official,272,deepfakes_faces_c23/741_731,ffpp_test:60,1,deepfakes,jpeg40,-0.03668546676635742,0.49082966175671344
xception_deepfakebench,external,1,official,273,deepfakes_faces_c23/731_741,ffpp_test:60,1,deepfakes,jpeg40,2.7852439880371094,0.9418732088094989
xception_deepfakebench,external,1,official,274,face2face_faces_c23/741_731,ffpp_test:60,1,face2face,jpeg40,-0.16812539100646973,0.45806737855141666
xception_deepfakebench,external,1,official,275,face2face_faces_c23/731_741,ffpp_test:60,1,face2face,jpeg40,0.5357236862182617,0.6308170786348253
xception_deepfakebench,external,1,official,276,faceswap_faces_c23/741_731,ffpp_test:60,1,faceswap,jpeg40,-0.15944290161132812,0.4602235055472934
xception_deepfakebench,external,1,official,277,faceswap_faces_c23/731_741,ffpp_test:60,1,faceswap,jpeg40,-0.371612548828125,0.40815143046163394
xception_deepfakebench,external,1,official,278,neuraltextures_faces_c23/741_731,ffpp_test:60,1,neuraltextures,jpeg40,-0.45930910110473633,0.387149737074889
xception_deepfakebench,external,1,official,279,neuraltextures_faces_c23/731_741,ffpp_test:60,1,neuraltextures,jpeg40,-0.6791391372680664,0.33645346531271714
xception_deepfakebench,external,1,official,280,original_faces_c23/970,ffpp_test:69,0,real,jpeg40,-2.552337646484375,0.072269597074928
xception_deepfakebench,external,1,official,281,original_faces_c23/973,ffpp_test:69,0,real,jpeg40,-2.3528289794921875,0.08684117261293758
xception_deepfakebench,external,1,official,282,deepfakes_faces_c23/970_973,ffpp_test:69,1,deepfakes,jpeg40,2.46270751953125,0.9214857748474309
xception_deepfakebench,external,1,official,283,deepfakes_faces_c23/973_970,ffpp_test:69,1,deepfakes,jpeg40,3.337066650390625,0.9656787541194195
xception_deepfakebench,external,1,official,284,face2face_faces_c23/970_973,ffpp_test:69,1,face2face,jpeg40,3.486715316772461,0.9703074070522699
xception_deepfakebench,external,1,official,285,face2face_faces_c23/973_970,ffpp_test:69,1,face2face,jpeg40,1.9463081359863281,0.8750435233243624
xception_deepfakebench,external,1,official,286,faceswap_faces_c23/970_973,ffpp_test:69,1,faceswap,jpeg40,1.5728294849395752,0.8281865996878014
xception_deepfakebench,external,1,official,287,faceswap_faces_c23/973_970,ffpp_test:69,1,faceswap,jpeg40,1.9906229972839355,0.8798090320316572
xception_deepfakebench,external,1,official,288,neuraltextures_faces_c23/970_973,ffpp_test:69,1,neuraltextures,jpeg40,1.2387585639953613,0.7753478504430505
xception_deepfakebench,external,1,official,289,neuraltextures_faces_c23/973_970,ffpp_test:69,1,neuraltextures,jpeg40,-0.3236656188964844,0.4197826691191851
xception_deepfakebench,external,1,official,290,original_faces_c23/634,ffpp_test:53,0,real,jpeg40,-3.140960693359375,0.041448933252425824
xception_deepfakebench,external,1,official,291,original_faces_c23/660,ffpp_test:53,0,real,jpeg40,-0.6989154815673828,0.33205272337314207
xception_deepfakebench,external,1,official,292,deepfakes_faces_c23/634_660,ffpp_test:53,1,deepfakes,jpeg40,1.7927131652832031,0.8572595964807147
xception_deepfakebench,external,1,official,293,deepfakes_faces_c23/660_634,ffpp_test:53,1,deepfakes,jpeg40,4.292388916015625,0.9865121839907539
xception_deepfakebench,external,1,official,294,face2face_faces_c23/634_660,ffpp_test:53,1,face2face,jpeg40,-0.5453023910522461,0.366954975348363
xception_deepfakebench,external,1,official,295,face2face_faces_c23/660_634,ffpp_test:53,1,face2face,jpeg40,5.15594482421875,0.9942680145109271
xception_deepfakebench,external,1,official,296,faceswap_faces_c23/634_660,ffpp_test:53,1,faceswap,jpeg40,0.4418525695800781,0.6087003723526506
xception_deepfakebench,external,1,official,297,faceswap_faces_c23/660_634,ffpp_test:53,1,faceswap,jpeg40,1.6955680847167969,0.8449550144866491
xception_deepfakebench,external,1,official,298,neuraltextures_faces_c23/634_660,ffpp_test:53,1,neuraltextures,jpeg40,-0.5780148506164551,0.35938950431542266
xception_deepfakebench,external,1,official,299,neuraltextures_faces_c23/660_634,ffpp_test:53,1,neuraltextures,jpeg40,0.46200668811798096,0.6134901102447615
xception_deepfakebench,external,1,official,300,original_faces_c23/494,ffpp_test:40,0,real,jpeg40,-1.3395652770996094,0.20758155767169864
xception_deepfakebench,external,1,official,301,original_faces_c23/445,ffpp_test:40,0,real,jpeg40,-0.8383970260620117,0.30187249620164686
xception_deepfakebench,external,1,official,302,deepfakes_faces_c23/494_445,ffpp_test:40,1,deepfakes,jpeg40,3.1079635620117188,0.9572200415876496
xception_deepfakebench,external,1,official,303,deepfakes_faces_c23/445_494,ffpp_test:40,1,deepfakes,jpeg40,0.34112119674682617,0.5844628492955285
xception_deepfakebench,external,1,official,304,face2face_faces_c23/494_445,ffpp_test:40,1,face2face,jpeg40,0.7746063470840454,0.6845164957098008
xception_deepfakebench,external,1,official,305,face2face_faces_c23/445_494,ffpp_test:40,1,face2face,jpeg40,0.9602890014648438,0.7231796643011298
xception_deepfakebench,external,1,official,306,faceswap_faces_c23/494_445,ffpp_test:40,1,faceswap,jpeg40,1.4069747924804688,0.803288350469797
xception_deepfakebench,external,1,official,307,faceswap_faces_c23/445_494,ffpp_test:40,1,faceswap,jpeg40,1.4337882995605469,0.8074908905509912
xception_deepfakebench,external,1,official,308,neuraltextures_faces_c23/494_445,ffpp_test:40,1,neuraltextures,jpeg40,-1.019235610961914,0.26517632099221805
xception_deepfakebench,external,1,official,309,neuraltextures_faces_c23/445_494,ffpp_test:40,1,neuraltextures,jpeg40,0.3776357173919678,0.5933027403954448
xception_deepfakebench,external,1,official,310,original_faces_c23/706,ffpp_test:44,0,real,jpeg40,-2.569793701171875,0.07110792924463737
xception_deepfakebench,external,1,official,311,original_faces_c23/479,ffpp_test:44,0,real,jpeg40,-1.6780242919921875,0.15735726246493012
xception_deepfakebench,external,1,official,312,deepfakes_faces_c23/706_479,ffpp_test:44,1,deepfakes,jpeg40,2.2518463134765625,0.9048096753654087
xception_deepfakebench,external,1,official,313,deepfakes_faces_c23/479_706,ffpp_test:44,1,deepfakes,jpeg40,6.08056640625,0.997718336909592
xception_deepfakebench,external,1,official,314,face2face_faces_c23/706_479,ffpp_test:44,1,face2face,jpeg40,-0.626373291015625,0.34833333719340515
xception_deepfakebench,external,1,official,315,face2face_faces_c23/479_706,ffpp_test:44,1,face2face,jpeg40,4.05511474609375,0.9829618396816094
xception_deepfakebench,external,1,official,316,faceswap_faces_c23/706_479,ffpp_test:44,1,faceswap,jpeg40,0.2181704044342041,0.5543272812308877
xception_deepfakebench,external,1,official,317,faceswap_faces_c23/479_706,ffpp_test:44,1,faceswap,jpeg40,-0.3459663391113281,0.414360913885498
xception_deepfakebench,external,1,official,318,neuraltextures_faces_c23/706_479,ffpp_test:44,1,neuraltextures,jpeg40,-0.7276268005371094,0.32571572559473194
xception_deepfakebench,external,1,official,319,neuraltextures_faces_c23/479_706,ffpp_test:44,1,neuraltextures,jpeg40,0.2454509735107422,0.5610565155753956
xception_deepfakebench,external,1,official,320,original_faces_c23/186,ffpp_test:17,0,real,jpeg40,-2.69573974609375,0.06322521243107383
xception_deepfakebench,external,1,official,321,original_faces_c23/170,ffpp_test:17,0,real,jpeg40,-2.541351318359375,0.07300966441805921
xception_deepfakebench,external,1,official,322,deepfakes_faces_c23/186_170,ffpp_test:17,1,deepfakes,jpeg40,-0.5300521850585938,0.37050471677843794
xception_deepfakebench,external,1,official,323,deepfakes_faces_c23/170_186,ffpp_test:17,1,deepfakes,jpeg40,2.8213577270507812,0.9438191027630352
xception_deepfakebench,external,1,official,324,face2face_faces_c23/186_170,ffpp_test:17,1,face2face,jpeg40,-0.11674976348876953,0.4708456673025129
xception_deepfakebench,external,1,official,325,face2face_faces_c23/170_186,ffpp_test:17,1,face2face,jpeg40,3.7117271423339844,0.9761475576019212
xception_deepfakebench,external,1,official,326,faceswap_faces_c23/186_170,ffpp_test:17,1,faceswap,jpeg40,-0.3701038360595703,0.4085159313527579
xception_deepfakebench,external,1,official,327,faceswap_faces_c23/170_186,ffpp_test:17,1,faceswap,jpeg40,0.254852294921875,0.5633704534889843
xception_deepfakebench,external,1,official,328,neuraltextures_faces_c23/186_170,ffpp_test:17,1,neuraltextures,jpeg40,-1.0669937133789062,0.2559752170349892
xception_deepfakebench,external,1,official,329,neuraltextures_faces_c23/170_186,ffpp_test:17,1,neuraltextures,jpeg40,-1.4697265625,0.18698417867858166
xception_deepfakebench,external,1,official,330,original_faces_c23/176,ffpp_test:18,0,real,jpeg40,-2.01995849609375,0.11712328253640687
xception_deepfakebench,external,1,official,331,original_faces_c23/190,ffpp_test:18,0,real,jpeg40,0.15231037139892578,0.5380041514589367
xception_deepfakebench,external,1,official,332,deepfakes_faces_c23/176_190,ffpp_test:18,1,deepfakes,jpeg40,7.6939697265625,0.9995446413414274
xception_deepfakebench,external,1,official,333,deepfakes_faces_c23/190_176,ffpp_test:18,1,deepfakes,jpeg40,0.7306029796600342,0.6749375783686336
xception_deepfakebench,external,1,official,334,face2face_faces_c23/176_190,ffpp_test:18,1,face2face,jpeg40,6.8087158203125,0.9988971078486989
xception_deepfakebench,external,1,official,335,face2face_faces_c23/190_176,ffpp_test:18,1,face2face,jpeg40,5.7899169921875,0.9969510882683199
xception_deepfakebench,external,1,official,336,faceswap_faces_c23/176_190,ffpp_test:18,1,faceswap,jpeg40,2.5085151195526123,0.924736609758687
xception_deepfakebench,external,1,official,337,faceswap_faces_c23/190_176,ffpp_test:18,1,faceswap,jpeg40,0.5377702713012695,0.6312935737363606
xception_deepfakebench,external,1,official,338,neuraltextures_faces_c23/176_190,ffpp_test:18,1,neuraltextures,jpeg40,0.4491729736328125,0.6104425830376832
xception_deepfakebench,external,1,official,339,neuraltextures_faces_c23/190_176,ffpp_test:18,1,neuraltextures,jpeg40,0.8502330780029297,0.7006160336184702
xception_deepfakebench,external,1,official,340,original_faces_c23/380,ffpp_test:29,0,real,jpeg40,-2.5928955078125,0.06959705535390508
xception_deepfakebench,external,1,official,341,original_faces_c23/358,ffpp_test:29,0,real,jpeg40,-2.238922119140625,0.0963093129975128
xception_deepfakebench,external,1,official,342,deepfakes_faces_c23/380_358,ffpp_test:29,1,deepfakes,jpeg40,-0.7325649261474609,0.3246321245883554
xception_deepfakebench,external,1,official,343,deepfakes_faces_c23/358_380,ffpp_test:29,1,deepfakes,jpeg40,-1.0276451110839844,0.2635409031438333
xception_deepfakebench,external,1,official,344,face2face_faces_c23/380_358,ffpp_test:29,1,face2face,jpeg40,-1.213165283203125,0.2291414697901256
xception_deepfakebench,external,1,official,345,face2face_faces_c23/358_380,ffpp_test:29,1,face2face,jpeg40,-1.41412353515625,0.19558448119419822
xception_deepfakebench,external,1,official,346,faceswap_faces_c23/380_358,ffpp_test:29,1,faceswap,jpeg40,-1.7914581298828125,0.1428940455237085
xception_deepfakebench,external,1,official,347,faceswap_faces_c23/358_380,ffpp_test:29,1,faceswap,jpeg40,-2.688140869140625,0.06367677363888567
xception_deepfakebench,external,1,official,348,neuraltextures_faces_c23/380_358,ffpp_test:29,1,neuraltextures,jpeg40,-1.4657602310180664,0.1875878934712387
xception_deepfakebench,external,1,official,349,neuraltextures_faces_c23/358_380,ffpp_test:29,1,neuraltextures,jpeg40,-2.1046905517578125,0.10864175961537306
xception_deepfakebench,external,1,official,350,original_faces_c23/214,ffpp_test:19,0,real,jpeg40,-2.0211496353149414,0.11700016844778802
xception_deepfakebench,external,1,official,351,original_faces_c23/255,ffpp_test:19,0,real,jpeg40,-0.8744583129882812,0.2943274673744908
xception_deepfakebench,external,1,official,352,deepfakes_faces_c23/214_255,ffpp_test:19,1,deepfakes,jpeg40,4.900390625,0.9926113240833874
xception_deepfakebench,external,1,official,353,deepfakes_faces_c23/255_214,ffpp_test:19,1,deepfakes,jpeg40,1.3842496871948242,0.7996726514897456
xception_deepfakebench,external,1,official,354,face2face_faces_c23/214_255,ffpp_test:19,1,face2face,jpeg40,4.266021728515625,0.9861568067919763
xception_deepfakebench,external,1,official,355,face2face_faces_c23/255_214,ffpp_test:19,1,face2face,jpeg40,5.85174560546875,0.9971333648461389
xception_deepfakebench,external,1,official,356,faceswap_faces_c23/214_255,ffpp_test:19,1,faceswap,jpeg40,0.7507743835449219,0.6793474100555053
xception_deepfakebench,external,1,official,357,faceswap_faces_c23/255_214,ffpp_test:19,1,faceswap,jpeg40,1.2024192810058594,0.7689548805236441
xception_deepfakebench,external,1,official,358,neuraltextures_faces_c23/214_255,ffpp_test:19,1,neuraltextures,jpeg40,-0.094970703125,0.47627515359682576
xception_deepfakebench,external,1,official,359,neuraltextures_faces_c23/255_214,ffpp_test:19,1,neuraltextures,jpeg40,0.2933175563812256,0.5728081309704224
xception_deepfakebench,external,1,official,360,original_faces_c23/454,ffpp_test:42,0,real,jpeg40,0.685823917388916,0.665037293411316
xception_deepfakebench,external,1,official,361,original_faces_c23/527,ffpp_test:42,0,real,jpeg40,-2.052093505859375,0.11384101501946584
xception_deepfakebench,external,1,official,362,deepfakes_faces_c23/454_527,ffpp_test:42,1,deepfakes,jpeg40,6.20166015625,0.9979780323768652
xception_deepfakebench,external,1,official,363,deepfakes_faces_c23/527_454,ffpp_test:42,1,deepfakes,jpeg40,4.671844482421875,0.9907317063989068
xception_deepfakebench,external,1,official,364,face2face_faces_c23/454_527,ffpp_test:42,1,face2face,jpeg40,7.249267578125,0.9992898100016565
xception_deepfakebench,external,1,official,365,face2face_faces_c23/527_454,ffpp_test:42,1,face2face,jpeg40,-0.4133186340332031,0.3981166425577535
xception_deepfakebench,external,1,official,366,faceswap_faces_c23/454_527,ffpp_test:42,1,faceswap,jpeg40,4.827880859375,0.9920600830644947
xception_deepfakebench,external,1,official,367,faceswap_faces_c23/527_454,ffpp_test:42,1,faceswap,jpeg40,1.0660500526428223,0.7438450195979096
xception_deepfakebench,external,1,official,368,neuraltextures_faces_c23/454_527,ffpp_test:42,1,neuraltextures,jpeg40,2.1561737060546875,0.8962442787381424
xception_deepfakebench,external,1,official,369,neuraltextures_faces_c23/527_454,ffpp_test:42,1,neuraltextures,jpeg40,-0.9860343933105469,0.27169607043175403
xception_deepfakebench,external,1,official,370,original_faces_c23/425,ffpp_test:39,0,real,jpeg40,-2.008453369140625,0.11831822560953784
xception_deepfakebench,external,1,official,371,original_faces_c23/485,ffpp_test:39,0,real,jpeg40,-3.178192138671875,0.039994689298246136
xception_deepfakebench,external,1,official,372,deepfakes_faces_c23/425_485,ffpp_test:39,1,deepfakes,jpeg40,0.6267290115356445,0.6517474060199192
xception_deepfakebench,external,1,official,373,deepfakes_faces_c23/485_425,ffpp_test:39,1,deepfakes,jpeg40,0.7050485610961914,0.6693061511567836
xception_deepfakebench,external,1,official,374,face2face_faces_c23/425_485,ffpp_test:39,1,face2face,jpeg40,1.0815553665161133,0.7467882091489871
xception_deepfakebench,external,1,official,375,face2face_faces_c23/485_425,ffpp_test:39,1,face2face,jpeg40,-0.7171707153320312,0.3280163146962193
xception_deepfakebench,external,1,official,376,faceswap_faces_c23/425_485,ffpp_test:39,1,faceswap,jpeg40,1.1200344562530518,0.753995107674156
xception_deepfakebench,external,1,official,377,faceswap_faces_c23/485_425,ffpp_test:39,1,faceswap,jpeg40,1.5369129180908203,0.823015506142973
xception_deepfakebench,external,1,official,378,neuraltextures_faces_c23/425_485,ffpp_test:39,1,neuraltextures,jpeg40,0.5800323486328125,0.6410748497208351
xception_deepfakebench,external,1,official,379,neuraltextures_faces_c23/485_425,ffpp_test:39,1,neuraltextures,jpeg40,-1.8574161529541016,0.13500450472203365
xception_deepfakebench,external,1,official,380,original_faces_c23/388,ffpp_test:26,0,real,jpeg40,-0.4202289581298828,0.3964619637640435
xception_deepfakebench,external,1,official,381,original_faces_c23/308,ffpp_test:26,0,real,jpeg40,-1.7032766342163086,0.15403780217625607
xception_deepfakebench,external,1,official,382,deepfakes_faces_c23/388_308,ffpp_test:26,1,deepfakes,jpeg40,0.181793212890625,0.5453235479554076
xception_deepfakebench,external,1,official,383,deepfakes_faces_c23/308_388,ffpp_test:26,1,deepfakes,jpeg40,3.765411376953125,0.9773660747586951
xception_deepfakebench,external,1,official,384,face2face_faces_c23/388_308,ffpp_test:26,1,face2face,jpeg40,3.28802490234375,0.9640157018655858
xception_deepfakebench,external,1,official,385,face2face_faces_c23/308_388,ffpp_test:26,1,face2face,jpeg40,1.9019660949707031,0.8701138869934029
xception_deepfakebench,external,1,official,386,faceswap_faces_c23/388_308,ffpp_test:26,1,faceswap,jpeg40,1.983173131942749,0.8790190135581619
xception_deepfakebench,external,1,official,387,faceswap_faces_c23/308_388,ffpp_test:26,1,faceswap,jpeg40,1.4277782440185547,0.8065549043901434
xception_deepfakebench,external,1,official,388,neuraltextures_faces_c23/388_308,ffpp_test:26,1,neuraltextures,jpeg40,1.7967681884765625,0.8577550732744531
xception_deepfakebench,external,1,official,389,neuraltextures_faces_c23/308_388,ffpp_test:26,1,neuraltextures,jpeg40,-0.8334674835205078,0.3029123886052423
xception_deepfakebench,external,1,official,390,original_faces_c23/384,ffpp_test:32,0,real,jpeg40,-3.586669921875,0.026944290354350177
xception_deepfakebench,external,1,official,391,original_faces_c23/932,ffpp_test:32,0,real,jpeg40,-0.8827152252197266,0.29261543367200066
xception_deepfakebench,external,1,official,392,deepfakes_faces_c23/384_932,ffpp_test:32,1,deepfakes,jpeg40,5.43572998046875,0.9956608576440071
xception_deepfakebench,external,1,official,393,deepfakes_faces_c23/932_384,ffpp_test:32,1,deepfakes,jpeg40,1.3990974426269531,0.8020406272712416
xception_deepfakebench,external,1,official,394,face2face_faces_c23/384_932,ffpp_test:32,1,face2face,jpeg40,0.3512439727783203,0.5869192065363062
xception_deepfakebench,external,1,official,395,face2face_faces_c23/932_384,ffpp_test:32,1,face2face,jpeg40,0.021772384643554688,0.5054428811521208
xception_deepfakebench,external,1,official,396,faceswap_faces_c23/384_932,ffpp_test:32,1,faceswap,jpeg40,2.0010948181152344,0.8809119789430696
xception_deepfakebench,external,1,official,397,faceswap_faces_c23/932_384,ffpp_test:32,1,faceswap,jpeg40,0.534026026725769,0.6304216282642787
xception_deepfakebench,external,1,official,398,neuraltextures_faces_c23/384_932,ffpp_test:32,1,neuraltextures,jpeg40,-0.9727249145507812,0.27433770224649945
xception_deepfakebench,external,1,official,399,neuraltextures_faces_c23/932_384,ffpp_test:32,1,neuraltextures,jpeg40,0.0029168128967285156,0.5007292027071898
xception_deepfakebench,external,1,official,400,original_faces_c23/035,ffpp_test:5,0,real,jpeg40,-1.5677680969238281,0.17253479997246998
xception_deepfakebench,external,1,official,401,original_faces_c23/036,ffpp_test:5,0,real,jpeg40,-2.3739471435546875,0.08518105327546063
xception_deepfakebench,external,1,official,402,deepfakes_faces_c23/035_036,ffpp_test:5,1,deepfakes,jpeg40,2.5945587158203125,0.9305105657965331
xception_deepfakebench,external,1,official,403,deepfakes_faces_c23/036_035,ffpp_test:5,1,deepfakes,jpeg40,1.1172409057617188,0.7534765742248357
xception_deepfakebench,external,1,official,404,face2face_faces_c23/035_036,ffpp_test:5,1,face2face,jpeg40,0.9026107788085938,0.7114857228487304
xception_deepfakebench,external,1,official,405,face2face_faces_c23/036_035,ffpp_test:5,1,face2face,jpeg40,0.3086385726928711,0.5765529174332527
xception_deepfakebench,external,1,official,406,faceswap_faces_c23/035_036,ffpp_test:5,1,faceswap,jpeg40,0.014762401580810547,0.5036905333727458
xception_deepfakebench,external,1,official,407,faceswap_faces_c23/036_035,ffpp_test:5,1,faceswap,jpeg40,-0.42931652069091797,0.3942895519209003
xception_deepfakebench,external,1,official,408,neuraltextures_faces_c23/035_036,ffpp_test:5,1,neuraltextures,jpeg40,-0.6965885162353516,0.3325690311964561
xception_deepfakebench,external,1,official,409,neuraltextures_faces_c23/036_035,ffpp_test:5,1,neuraltextures,jpeg40,-0.44881725311279297,0.3896420114910073
xception_deepfakebench,external,1,official,410,original_faces_c23/257,ffpp_test:23,0,real,jpeg40,-0.5851554870605469,0.357747180902385
xception_deepfakebench,external,1,official,411,original_faces_c23/420,ffpp_test:23,0,real,jpeg40,-0.4840050935745239,0.3813068277629797
xception_deepfakebench,external,1,official,412,deepfakes_faces_c23/257_420,ffpp_test:23,1,deepfakes,jpeg40,1.9723997116088867,0.8778686323576119
xception_deepfakebench,external,1,official,413,deepfakes_faces_c23/420_257,ffpp_test:23,1,deepfakes,jpeg40,0.1108541488647461,0.527685191902695
xception_deepfakebench,external,1,official,414,face2face_faces_c23/257_420,ffpp_test:23,1,face2face,jpeg40,1.8095645904541016,0.8593092428503097
xception_deepfakebench,external,1,official,415,face2face_faces_c23/420_257,ffpp_test:23,1,face2face,jpeg40,-0.22941160202026367,0.44289732141575755
xception_deepfakebench,external,1,official,416,faceswap_faces_c23/257_420,ffpp_test:23,1,faceswap,jpeg40,0.2848243713378906,0.5707285838516709
xception_deepfakebench,external,1,official,417,faceswap_faces_c23/420_257,ffpp_test:23,1,faceswap,jpeg40,-0.05760526657104492,0.4856026644403506
xception_deepfakebench,external,1,official,418,neuraltextures_faces_c23/257_420,ffpp_test:23,1,neuraltextures,jpeg40,0.47481727600097656,0.6165233054095777
xception_deepfakebench,external,1,official,419,neuraltextures_faces_c23/420_257,ffpp_test:23,1,neuraltextures,jpeg40,-0.14522874355316162,0.4637564938841932
xception_deepfakebench,external,1,official,420,original_faces_c23/924,ffpp_test:67,0,real,jpeg40,-2.3071441650390625,0.09053301016562579
xception_deepfakebench,external,1,official,421,original_faces_c23/917,ffpp_test:67,0,real,jpeg40,-2.7944869995117188,0.05762281611862619
xception_deepfakebench,external,1,official,422,deepfakes_faces_c23/924_917,ffpp_test:67,1,deepfakes,jpeg40,3.590747833251953,0.9731624195317413
xception_deepfakebench,external,1,official,423,deepfakes_faces_c23/917_924,ffpp_test:67,1,deepfakes,jpeg40,0.3213537931442261,0.579654146434863
xception_deepfakebench,external,1,official,424,face2face_faces_c23/924_917,ffpp_test:67,1,face2face,jpeg40,3.2625885009765625,0.9631228374008448
xception_deepfakebench,external,1,official,425,face2face_faces_c23/917_924,ffpp_test:67,1,face2face,jpeg40,-0.31623077392578125,0.4215946107731147
xception_deepfakebench,external,1,official,426,faceswap_faces_c23/924_917,ffpp_test:67,1,faceswap,jpeg40,1.3344917297363281,0.7915826489533779
xception_deepfakebench,external,1,official,427,faceswap_faces_c23/917_924,ffpp_test:67,1,faceswap,jpeg40,-1.441800832748413,0.1912666341894496
xception_deepfakebench,external,1,official,428,neuraltextures_faces_c23/924_917,ffpp_test:67,1,neuraltextures,jpeg40,0.9321310520172119,0.717507429674078
xception_deepfakebench,external,1,official,429,neuraltextures_faces_c23/917_924,ffpp_test:67,1,neuraltextures,jpeg40,1.1573772430419922,0.7608558196370141
xception_deepfakebench,external,1,official,430,original_faces_c23/114,ffpp_test:9,0,real,jpeg40,-3.028339385986328,0.0461618904025673
xception_deepfakebench,external,1,official,431,original_faces_c23/102,ffpp_test:9,0,real,jpeg40,-3.898895263671875,0.019861800574429708
xception_deepfakebench,external,1,official,432,deepfakes_faces_c23/114_102,ffpp_test:9,1,deepfakes,jpeg40,0.2339719533920288,0.5582276015281358
xception_deepfakebench,external,1,official,433,deepfakes_faces_c23/102_114,ffpp_test:9,1,deepfakes,jpeg40,2.1243820190429688,0.8932504933865212
xception_deepfakebench,external,1,official,434,face2face_faces_c23/114_102,ffpp_test:9,1,face2face,jpeg40,2.189610004425049,0.8993125980504815
xception_deepfakebench,external,1,official,435,face2face_faces_c23/102_114,ffpp_test:9,1,face2face,jpeg40,-0.4992961883544922,0.3777060813973337
xception_deepfakebench,external,1,official,436,faceswap_faces_c23/114_102,ffpp_test:9,1,faceswap,jpeg40,-0.12685585021972656,0.46832849861485326
xception_deepfakebench,external,1,official,437,faceswap_faces_c23/102_114,ffpp_test:9,1,faceswap,jpeg40,0.968170166015625,0.7247546228612229
xception_deepfakebench,external,1,official,438,neuraltextures_faces_c23/114_102,ffpp_test:9,1,neuraltextures,jpeg40,-0.6914796829223633,0.3337039912898989
xception_deepfakebench,external,1,official,439,neuraltextures_faces_c23/102_114,ffpp_test:9,1,neuraltextures,jpeg40,-1.1522789001464844,0.2400730788368508
xception_deepfakebench,external,1,official,440,original_faces_c23/732,ffpp_test:56,0,real,jpeg40,-1.9488677978515625,0.12467686579252903
xception_deepfakebench,external,1,official,441,original_faces_c23/691,ffpp_test:56,0,real,jpeg40,-1.3413848876953125,0.20728240653521018
xception_deepfakebench,external,1,official,442,deepfakes_faces_c23/732_691,ffpp_test:56,1,deepfakes,jpeg40,0.9201068878173828,0.7150638843299243
xception_deepfakebench,external,1,official,443,deepfakes_faces_c23/691_732,ffpp_test:56,1,deepfakes,jpeg40,2.593109130859375,0.9304167761726772
xception_deepfakebench,external,1,official,444,face2face_faces_c23/732_691,ffpp_test:56,1,face2face,jpeg40,5.093303680419922,0.9938997323439644
xception_deepfakebench,external,1,official,445,face2face_faces_c23/691_732,ffpp_test:56,1,face2face,jpeg40,3.5370235443115234,0.9717230415802675
xception_deepfakebench,external,1,official,446,faceswap_faces_c23/732_691,ffpp_test:56,1,faceswap,jpeg40,0.8234767913818359,0.6949738676077571
xception_deepfakebench,external,1,official,447,faceswap_faces_c23/691_732,ffpp_test:56,1,faceswap,jpeg40,-0.18203353881835938,0.45461686489528247
xception_deepfakebench,external,1,official,448,neuraltextures_faces_c23/732_691,ffpp_test:56,1,neuraltextures,jpeg40,-1.052412509918213,0.25876210186277443
xception_deepfakebench,external,1,official,449,neuraltextures_faces_c23/691_732,ffpp_test:56,1,neuraltextures,jpeg40,-0.47403454780578613,0.3836617658758849
xception_deepfakebench,external,1,official,450,original_faces_c23/550,ffpp_test:41,0,real,jpeg40,-0.5340509414672852,0.3695725668640032
xception_deepfakebench,external,1,official,451,original_faces_c23/452,ffpp_test:41,0,real,jpeg40,1.0290184020996094,0.7367255483547724
xception_deepfakebench,external,1,official,452,deepfakes_faces_c23/550_452,ffpp_test:41,1,deepfakes,jpeg40,1.7773323059082031,0.8553671470662267
xception_deepfakebench,external,1,official,453,deepfakes_faces_c23/452_550,ffpp_test:41,1,deepfakes,jpeg40,1.8693599700927734,0.8663842033033706
xception_deepfakebench,external,1,official,454,face2face_faces_c23/550_452,ffpp_test:41,1,face2face,jpeg40,1.1571426391601562,0.7608131298533498
xception_deepfakebench,external,1,official,455,face2face_faces_c23/452_550,ffpp_test:41,1,face2face,jpeg40,4.796875,0.9918120900983038
xception_deepfakebench,external,1,official,456,faceswap_faces_c23/550_452,ffpp_test:41,1,faceswap,jpeg40,1.5714569091796875,0.8279912030144435
xception_deepfakebench,external,1,official,457,faceswap_faces_c23/452_550,ffpp_test:41,1,faceswap,jpeg40,2.036924362182617,0.8846197159198236
xception_deepfakebench,external,1,official,458,neuraltextures_faces_c23/550_452,ffpp_test:41,1,neuraltextures,jpeg40,0.4185914993286133,0.6031461589475571
xception_deepfakebench,external,1,official,459,neuraltextures_faces_c23/452_550,ffpp_test:41,1,neuraltextures,jpeg40,3.178924560546875,0.9600334226505561
xception_deepfakebench,external,1,official,460,original_faces_c23/280,ffpp_test:22,0,real,jpeg40,-1.84002685546875,0.1370481164575079
xception_deepfakebench,external,1,official,461,original_faces_c23/249,ffpp_test:22,0,real,jpeg40,-3.0469970703125,0.045347295725057926
xception_deepfakebench,external,1,official,462,deepfakes_faces_c23/280_249,ffpp_test:22,1,deepfakes,jpeg40,-1.2917861938476562,0.21555063243080233
xception_deepfakebench,external,1,official,463,deepfakes_faces_c23/249_280,ffpp_test:22,1,deepfakes,jpeg40,3.4241943359375,0.9684521714318434
xception_deepfakebench,external,1,official,464,face2face_faces_c23/280_249,ffpp_test:22,1,face2face,jpeg40,2.4017295837402344,0.9169590978641695
xception_deepfakebench,external,1,official,465,face2face_faces_c23/249_280,ffpp_test:22,1,face2face,jpeg40,2.554574966430664,0.9278802643743271
xception_deepfakebench,external,1,official,466,faceswap_faces_c23/280_249,ffpp_test:22,1,faceswap,jpeg40,-0.3982734680175781,0.401727228337894
xception_deepfakebench,external,1,official,467,faceswap_faces_c23/249_280,ffpp_test:22,1,faceswap,jpeg40,1.9628753662109375,0.8768437962519446
xception_deepfakebench,external,1,official,468,neuraltextures_faces_c23/280_249,ffpp_test:22,1,neuraltextures,jpeg40,-0.8687305450439453,0.29551851781080957
xception_deepfakebench,external,1,official,469,neuraltextures_faces_c23/249_280,ffpp_test:22,1,neuraltextures,jpeg40,-1.0753364562988281,0.25438956307888877
xception_deepfakebench,external,1,official,470,original_faces_c23/842,ffpp_test:58,0,real,jpeg40,-1.5731964111328125,0.17176119536657095
xception_deepfakebench,external,1,official,471,original_faces_c23/714,ffpp_test:58,0,real,jpeg40,-3.17218017578125,0.04022615873918169
xception_deepfakebench,external,1,official,472,deepfakes_faces_c23/842_714,ffpp_test:58,1,deepfakes,jpeg40,1.0486350059509277,0.7405126967247003
xception_deepfakebench,external,1,official,473,deepfakes_faces_c23/714_842,ffpp_test:58,1,deepfakes,jpeg40,2.7828369140625,0.941741285909117
xception_deepfakebench,external,1,official,474,face2face_faces_c23/842_714,ffpp_test:58,1,face2face,jpeg40,1.79730224609375,0.8578202218936688
xception_deepfakebench,external,1,official,475,face2face_faces_c23/714_842,ffpp_test:58,1,face2face,jpeg40,1.9459283351898193,0.8750019890948963
xception_deepfakebench,external,1,official,476,faceswap_faces_c23/842_714,ffpp_test:58,1,faceswap,jpeg40,-0.3845195770263672,0.4050372941796681
xception_deepfakebench,external,1,official,477,faceswap_faces_c23/714_842,ffpp_test:58,1,faceswap,jpeg40,0.943756103515625,0.7198577480532434
xception_deepfakebench,external,1,official,478,neuraltextures_faces_c23/842_714,ffpp_test:58,1,neuraltextures,jpeg40,-1.5623016357421875,0.17331662531630815
xception_deepfakebench,external,1,official,479,neuraltextures_faces_c23/714_842,ffpp_test:58,1,neuraltextures,jpeg40,-0.21680164337158203,0.44601089429445323
xception_deepfakebench,external,1,official,480,original_faces_c23/625,ffpp_test:52,0,real,jpeg40,-1.981353759765625,0.12117460028344808
xception_deepfakebench,external,1,official,481,original_faces_c23/650,ffpp_test:52,0,real,jpeg40,-1.4211883544921875,0.19447535469316948
xception_deepfakebench,external,1,official,482,deepfakes_faces_c23/625_650,ffpp_test:52,1,deepfakes,jpeg40,5.53448486328125,0.9960672853126491
xception_deepfakebench,external,1,official,483,deepfakes_faces_c23/650_625,ffpp_test:52,1,deepfakes,jpeg40,1.0844268798828125,0.7473308147406831
xception_deepfakebench,external,1,official,484,face2face_faces_c23/625_650,ffpp_test:52,1,face2face,jpeg40,1.0576705932617188,0.7422451410518345
xception_deepfakebench,external,1,official,485,face2face_faces_c23/650_625,ffpp_test:52,1,face2face,jpeg40,1.9054946899414062,0.870512153120003
xception_deepfakebench,external,1,official,486,faceswap_faces_c23/625_650,ffpp_test:52,1,faceswap,jpeg40,2.5172882080078125,0.9253449356185313
xception_deepfakebench,external,1,official,487,faceswap_faces_c23/650_625,ffpp_test:52,1,faceswap,jpeg40,1.2800254821777344,0.7824541140223057
xception_deepfakebench,external,1,official,488,neuraltextures_faces_c23/625_650,ffpp_test:52,1,neuraltextures,jpeg40,0.7084293365478516,0.6700540077605576
xception_deepfakebench,external,1,official,489,neuraltextures_faces_c23/650_625,ffpp_test:52,1,neuraltextures,jpeg40,-0.7516260147094727,0.3204671036320295
xception_deepfakebench,external,1,official,490,original_faces_c23/024,ffpp_test:3,0,real,jpeg40,-2.047039031982422,0.11435191270121331
xception_deepfakebench,external,1,official,491,original_faces_c23/073,ffpp_test:3,0,real,jpeg40,-3.93597412109375,0.019152680669496887
xception_deepfakebench,external,1,official,492,deepfakes_faces_c23/024_073,ffpp_test:3,1,deepfakes,jpeg40,0.09488773345947266,0.5237041506470634
xception_deepfakebench,external,1,official,493,deepfakes_faces_c23/073_024,ffpp_test:3,1,deepfakes,jpeg40,0.5381989479064941,0.6313933477422156
xception_deepfakebench,external,1,official,494,face2face_faces_c23/024_073,ffpp_test:3,1,face2face,jpeg40,-0.676093339920044,0.3371337856413079
xception_deepfakebench,external,1,official,495,face2face_faces_c23/073_024,ffpp_test:3,1,face2face,jpeg40,-1.20635986328125,0.23034576484294478
xception_deepfakebench,external,1,official,496,faceswap_faces_c23/024_073,ffpp_test:3,1,faceswap,jpeg40,-0.7292990684509277,0.3253485608637726
xception_deepfakebench,external,1,official,497,faceswap_faces_c23/073_024,ffpp_test:3,1,faceswap,jpeg40,-0.4380626678466797,0.3922026934193182
xception_deepfakebench,external,1,official,498,neuraltextures_faces_c23/024_073,ffpp_test:3,1,neuraltextures,jpeg40,-0.06619763374328613,0.48345663238409464
xception_deepfakebench,external,1,official,499,neuraltextures_faces_c23/073_024,ffpp_test:3,1,neuraltextures,jpeg40,-2.0147247314453125,0.1176655676039269
xception_deepfakebench,external,1,official,500,original_faces_c23/044,ffpp_test:6,0,real,jpeg40,-2.5770263671875,0.07063167956087466
xception_deepfakebench,external,1,official,501,original_faces_c23/945,ffpp_test:6,0,real,jpeg40,1.765397310256958,0.8538843473320458
xception_deepfakebench,external,1,official,502,deepfakes_faces_c23/044_945,ffpp_test:6,1,deepfakes,jpeg40,6.0384521484375,0.9976204278022892
xception_deepfakebench,external,1,official,503,deepfakes_faces_c23/945_044,ffpp_test:6,1,deepfakes,jpeg40,5.258544921875,0.9948240599466587
xception_deepfakebench,external,1,official,504,face2face_faces_c23/044_945,ffpp_test:6,1,face2face,jpeg40,-0.6292219161987305,0.34768698687357447
xception_deepfakebench,external,1,official,505,face2face_faces_c23/945_044,ffpp_test:6,1,face2face,jpeg40,5.478759765625,0.9958428501860761
xception_deepfakebench,external,1,official,506,faceswap_faces_c23/044_945,ffpp_test:6,1,faceswap,jpeg40,2.4262542724609375,0.9188075385853431
xception_deepfakebench,external,1,official,507,faceswap_faces_c23/945_044,ffpp_test:6,1,faceswap,jpeg40,3.004934310913086,0.9527965453642182
xception_deepfakebench,external,1,official,508,neuraltextures_faces_c23/044_945,ffpp_test:6,1,neuraltextures,jpeg40,-0.6319444179534912,0.3470697777653609
xception_deepfakebench,external,1,official,509,neuraltextures_faces_c23/945_044,ffpp_test:6,1,neuraltextures,jpeg40,1.7315216064453125,0.8496069469350082
xception_deepfakebench,external,1,official,510,original_faces_c23/896,ffpp_test:10,0,real,jpeg40,-0.9051070213317871,0.2880021346262375
xception_deepfakebench,external,1,official,511,original_faces_c23/128,ffpp_test:10,0,real,jpeg40,-1.527313232421875,0.17838713210156115
xception_deepfakebench,external,1,official,512,deepfakes_faces_c23/896_128,ffpp_test:10,1,deepfakes,jpeg40,0.8039445877075195,0.6908176337596206
xception_deepfakebench,external,1,official,513,deepfakes_faces_c23/128_896,ffpp_test:10,1,deepfakes,jpeg40,3.33660888671875,0.9656635790870374
xception_deepfakebench,external,1,official,514,face2face_faces_c23/896_128,ffpp_test:10,1,face2face,jpeg40,1.9897994995117188,0.8797219239380132
xception_deepfakebench,external,1,official,515,face2face_faces_c23/128_896,ffpp_test:10,1,face2face,jpeg40,1.799154281616211,0.8580459551728097
xception_deepfakebench,external,1,official,516,faceswap_faces_c23/896_128,ffpp_test:10,1,faceswap,jpeg40,1.7245330810546875,0.8487118048232754
xception_deepfakebench,external,1,official,517,faceswap_faces_c23/128_896,ffpp_test:10,1,faceswap,jpeg40,2.091888427734375,0.8901122734353027
xception_deepfakebench,external,1,official,518,neuraltextures_faces_c23/896_128,ffpp_test:10,1,neuraltextures,jpeg40,0.6646136045455933,0.660296007942376
xception_deepfakebench,external,1,official,519,neuraltextures_faces_c23/128_896,ffpp_test:10,1,neuraltextures,jpeg40,-0.07703781127929688,0.48075006665306613
xception_deepfakebench,external,1,official,520,original_faces_c23/862,ffpp_test:7,0,real,jpeg40,-3.073699951171875,0.044205236558457615
xception_deepfakebench,external,1,official,521,original_faces_c23/047,ffpp_test:7,0,real,jpeg40,-0.6769094467163086,0.3369514307525843
xception_deepfakebench,external,1,official,522,deepfakes_faces_c23/862_047,ffpp_test:7,1,deepfakes,jpeg40,4.693511962890625,0.9909285648239664
xception_deepfakebench,external,1,official,523,deepfakes_faces_c23/047_862,ffpp_test:7,1,deepfakes,jpeg40,0.9091506004333496,0.712826317886498
xception_deepfakebench,external,1,official,524,face2face_faces_c23/862_047,ffpp_test:7,1,face2face,jpeg40,2.2746849060058594,0.9067586399516415
xception_deepfakebench,external,1,official,525,face2face_faces_c23/047_862,ffpp_test:7,1,face2face,jpeg40,2.3788185119628906,0.915197783006648
xception_deepfakebench,external,1,official,526,faceswap_faces_c23/862_047,ffpp_test:7,1,faceswap,jpeg40,1.0622010231018066,0.7431109389467188
xception_deepfakebench,external,1,official,527,faceswap_faces_c23/047_862,ffpp_test:7,1,faceswap,jpeg40,3.0215682983398438,0.9535390541905364
xception_deepfakebench,external,1,official,528,neuraltextures_faces_c23/862_047,ffpp_test:7,1,neuraltextures,jpeg40,0.1479320526123047,0.5369157160654026
xception_deepfakebench,external,1,official,529,neuraltextures_faces_c23/047_862,ffpp_test:7,1,neuraltextures,jpeg40,0.23313426971435547,0.5580210106716819
xception_deepfakebench,external,1,official,530,original_faces_c23/607,ffpp_test:49,0,real,jpeg40,-3.22747802734375,0.03814466967317854
xception_deepfakebench,external,1,official,531,original_faces_c23/683,ffpp_test:49,0,real,jpeg40,-0.4951510429382324,0.37868086652335736
xception_deepfakebench,external,1,official,532,deepfakes_faces_c23/607_683,ffpp_test:49,1,deepfakes,jpeg40,0.07608318328857422,0.5190116257349703
xception_deepfakebench,external,1,official,533,deepfakes_faces_c23/683_607,ffpp_test:49,1,deepfakes,jpeg40,3.3892059326171875,0.9673654856819838
xception_deepfakebench,external,1,official,534,face2face_faces_c23/607_683,ffpp_test:49,1,face2face,jpeg40,0.24621915817260742,0.561245689144675
xception_deepfakebench,external,1,official,535,face2face_faces_c23/683_607,ffpp_test:49,1,face2face,jpeg40,-0.14479327201843262,0.4638647914436171
xception_deepfakebench,external,1,official,536,faceswap_faces_c23/607_683,ffpp_test:49,1,faceswap,jpeg40,-0.7685508728027344,0.3167926649117107
xception_deepfakebench,external,1,official,537,faceswap_faces_c23/683_607,ffpp_test:49,1,faceswap,jpeg40,4.5738525390625,0.9897872445182724
xception_deepfakebench,external,1,official,538,neuraltextures_faces_c23/607_683,ffpp_test:49,1,neuraltextures,jpeg40,-2.2764434814453125,0.09309278336925973
xception_deepfakebench,external,1,official,539,neuraltextures_faces_c23/683_607,ffpp_test:49,1,neuraltextures,jpeg40,0.22973251342773438,0.5571818585835356
xception_deepfakebench,external,1,official,540,original_faces_c23/517,ffpp_test:45,0,real,jpeg40,-2.0523223876953125,0.11381792717714236
xception_deepfakebench,external,1,official,541,original_faces_c23/521,ffpp_test:45,0,real,jpeg40,-2.3902435302734375,0.08391970807713484
xception_deepfakebench,external,1,official,542,deepfakes_faces_c23/517_521,ffpp_test:45,1,deepfakes,jpeg40,4.27044677734375,0.98621708583335
xception_deepfakebench,external,1,official,543,deepfakes_faces_c23/521_517,ffpp_test:45,1,deepfakes,jpeg40,2.781416893005371,0.9416633280818097
xception_deepfakebench,external,1,official,544,face2face_faces_c23/517_521,ffpp_test:45,1,face2face,jpeg40,1.845651626586914,0.8636157452929707
xception_deepfakebench,external,1,official,545,face2face_faces_c23/521_517,ffpp_test:45,1,face2face,jpeg40,0.19373750686645508,0.5482834476395918
xception_deepfakebench,external,1,official,546,faceswap_faces_c23/517_521,ffpp_test:45,1,faceswap,jpeg40,1.3827323913574219,0.79942947578422
xception_deepfakebench,external,1,official,547,faceswap_faces_c23/521_517,ffpp_test:45,1,faceswap,jpeg40,0.6770858764648438,0.663087985194665
xception_deepfakebench,external,1,official,548,neuraltextures_faces_c23/517_521,ffpp_test:45,1,neuraltextures,jpeg40,0.0363771915435791,0.509093295144839
xception_deepfakebench,external,1,official,549,neuraltextures_faces_c23/521_517,ffpp_test:45,1,neuraltextures,jpeg40,-0.8695564270019531,0.2953466086978572
xception_deepfakebench,external,1,official,550,original_faces_c23/682,ffpp_test:55,0,real,jpeg40,-1.7132320404052734,0.15274497505139498
xception_deepfakebench,external,1,official,551,original_faces_c23/669,ffpp_test:55,0,real,jpeg40,-0.905482292175293,0.28792518887094964
xception_deepfakebench,external,1,official,552,deepfakes_faces_c23/682_669,ffpp_test:55,1,deepfakes,jpeg40,3.928619384765625,0.9807086645884439
xception_deepfakebench,external,1,official,553,deepfakes_faces_c23/669_682,ffpp_test:55,1,deepfakes,jpeg40,1.6822357177734375,0.8432003500888469
xception_deepfakebench,external,1,official,554,face2face_faces_c23/682_669,ffpp_test:55,1,face2face,jpeg40,0.23880386352539062,0.5594188592157511
xception_deepfakebench,external,1,official,555,face2face_faces_c23/669_682,ffpp_test:55,1,face2face,jpeg40,3.95159912109375,0.9811386535318012
xception_deepfakebench,external,1,official,556,faceswap_faces_c23/682_669,ffpp_test:55,1,faceswap,jpeg40,1.905557632446289,0.8705192478805481
xception_deepfakebench,external,1,official,557,faceswap_faces_c23/669_682,ffpp_test:55,1,faceswap,jpeg40,2.337890625,0.9119668847111934
xception_deepfakebench,external,1,official,558,neuraltextures_faces_c23/682_669,ffpp_test:55,1,neuraltextures,jpeg40,-0.33162546157836914,0.4178451759577578
xception_deepfakebench,external,1,official,559,neuraltextures_faces_c23/669_682,ffpp_test:55,1,neuraltextures,jpeg40,-0.08142566680908203,0.4796548230020962
xception_deepfakebench,external,1,official,560,original_faces_c23/138,ffpp_test:12,0,real,jpeg40,-1.2771759033203125,0.2180313307543452
xception_deepfakebench,external,1,official,561,original_faces_c23/142,ffpp_test:12,0,real,jpeg40,-2.724456787109375,0.06154554894710041
xception_deepfakebench,external,1,official,562,deepfakes_faces_c23/138_142,ffpp_test:12,1,deepfakes,jpeg40,1.5798101425170898,0.829177627847701
xception_deepfakebench,external,1,official,563,deepfakes_faces_c23/142_138,ffpp_test:12,1,deepfakes,jpeg40,0.6911188364028931,0.6662157712467286
xception_deepfakebench,external,1,official,564,face2face_faces_c23/138_142,ffpp_test:12,1,face2face,jpeg40,4.12506103515625,0.9840945636663541
xception_deepfakebench,external,1,official,565,face2face_faces_c23/142_138,ffpp_test:12,1,face2face,jpeg40,0.2712984085083008,0.5674116345507101
xception_deepfakebench,external,1,official,566,faceswap_faces_c23/138_142,ffpp_test:12,1,faceswap,jpeg40,0.8622450828552246,0.7031295029770702
xception_deepfakebench,external,1,official,567,faceswap_faces_c23/142_138,ffpp_test:12,1,faceswap,jpeg40,1.4962921142578125,0.8170208068626771
xception_deepfakebench,external,1,official,568,neuraltextures_faces_c23/138_142,ffpp_test:12,1,neuraltextures,jpeg40,1.7295799255371094,0.8493586802389678
xception_deepfakebench,external,1,official,569,neuraltextures_faces_c23/142_138,ffpp_test:12,1,neuraltextures,jpeg40,-0.41500091552734375,0.39771360380822396
xception_deepfakebench,external,1,official,570,original_faces_c23/552,ffpp_test:47,0,real,jpeg40,-1.034423828125,0.2622273521487906
xception_deepfakebench,external,1,official,571,original_faces_c23/851,ffpp_test:47,0,real,jpeg40,-1.15679931640625,0.2392493524178961
xception_deepfakebench,external,1,official,572,deepfakes_faces_c23/552_851,ffpp_test:47,1,deepfakes,jpeg40,2.354076385498047,0.913257695445955
xception_deepfakebench,external,1,official,573,deepfakes_faces_c23/851_552,ffpp_test:47,1,deepfakes,jpeg40,1.0405807495117188,0.7389620465497961
xception_deepfakebench,external,1,official,574,face2face_faces_c23/552_851,ffpp_test:47,1,face2face,jpeg40,3.391063690185547,0.9674240832704146
xception_deepfakebench,external,1,official,575,face2face_faces_c23/851_552,ffpp_test:47,1,face2face,jpeg40,0.7549238204956055,0.6802506271441632
xception_deepfakebench,external,1,official,576,faceswap_faces_c23/552_851,ffpp_test:47,1,faceswap,jpeg40,2.286113739013672,0.9077204365219899
xception_deepfakebench,external,1,official,577,faceswap_faces_c23/851_552,ffpp_test:47,1,faceswap,jpeg40,2.1877593994140625,0.8991449029125503
xception_deepfakebench,external,1,official,578,neuraltextures_faces_c23/552_851,ffpp_test:47,1,neuraltextures,jpeg40,0.33382701873779297,0.5826902570496826
xception_deepfakebench,external,1,official,579,neuraltextures_faces_c23/851_552,ffpp_test:47,1,neuraltextures,jpeg40,-0.6772956848144531,0.3368651447395022
xception_deepfakebench,external,1,official,580,original_faces_c23/376,ffpp_test:31,0,real,jpeg40,-3.133544921875,0.04174457263977775
xception_deepfakebench,external,1,official,581,original_faces_c23/381,ffpp_test:31,0,real,jpeg40,-2.521697998046875,0.07435099947357
xception_deepfakebench,external,1,official,582,deepfakes_faces_c23/376_381,ffpp_test:31,1,deepfakes,jpeg40,0.9772272109985352,0.726557688067737
xception_deepfakebench,external,1,official,583,deepfakes_faces_c23/381_376,ffpp_test:31,1,deepfakes,jpeg40,2.151641845703125,0.895822101515862
xception_deepfakebench,external,1,official,584,face2face_faces_c23/376_381,ffpp_test:31,1,face2face,jpeg40,0.14917755126953125,0.5372253791235229
xception_deepfakebench,external,1,official,585,face2face_faces_c23/381_376,ffpp_test:31,1,face2face,jpeg40,1.5478038787841797,0.8245963173422756
xception_deepfakebench,external,1,official,586,faceswap_faces_c23/376_381,ffpp_test:31,1,faceswap,jpeg40,2.0445642471313477,0.8853972127894272
xception_deepfakebench,external,1,official,587,faceswap_faces_c23/381_376,ffpp_test:31,1,faceswap,jpeg40,1.9091300964355469,0.8709213871726393
xception_deepfakebench,external,1,official,588,neuraltextures_faces_c23/376_381,ffpp_test:31,1,neuraltextures,jpeg40,-1.1527082920074463,0.23999475018988975
xception_deepfakebench,external,1,official,589,neuraltextures_faces_c23/381_376,ffpp_test:31,1,neuraltextures,jpeg40,-1.4923696517944336,0.183566322020908
xception_deepfakebench,external,1,official,590,original_faces_c23/000,ffpp_test:0,0,real,jpeg40,-1.1210594177246094,0.24581482532271043
xception_deepfakebench,external,1,official,591,original_faces_c23/003,ffpp_test:0,0,real,jpeg40,-2.7944488525390625,0.057624887626788204
xception_deepfakebench,external,1,official,592,deepfakes_faces_c23/000_003,ffpp_test:0,1,deepfakes,jpeg40,3.40484619140625,0.9678556479362557
xception_deepfakebench,external,1,official,593,deepfakes_faces_c23/003_000,ffpp_test:0,1,deepfakes,jpeg40,0.43943071365356445,0.6081233728489988
xception_deepfakebench,external,1,official,594,face2face_faces_c23/000_003,ffpp_test:0,1,face2face,jpeg40,0.584197998046875,0.6420327925101532
xception_deepfakebench,external,1,official,595,face2face_faces_c23/003_000,ffpp_test:0,1,face2face,jpeg40,3.704742431640625,0.9759843870652966
xception_deepfakebench,external,1,official,596,faceswap_faces_c23/000_003,ffpp_test:0,1,faceswap,jpeg40,1.3330764770507812,0.7913490648371205
xception_deepfakebench,external,1,official,597,faceswap_faces_c23/003_000,ffpp_test:0,1,faceswap,jpeg40,1.4817161560058594,0.8148316560048969
xception_deepfakebench,external,1,official,598,neuraltextures_faces_c23/000_003,ffpp_test:0,1,neuraltextures,jpeg40,-0.10320568084716797,0.47422145721842945
xception_deepfakebench,external,1,official,599,neuraltextures_faces_c23/003_000,ffpp_test:0,1,neuraltextures,jpeg40,-0.4953765869140625,0.3786278016127794
xception_deepfakebench,external,1,official,600,original_faces_c23/048,ffpp_test:4,0,real,jpeg40,-3.38775634765625,0.03268030801105564
xception_deepfakebench,external,1,official,601,original_faces_c23/029,ffpp_test:4,0,real,jpeg40,-0.7834631204605103,0.3135739846977398
xception_deepfakebench,external,1,official,602,deepfakes_faces_c23/048_029,ffpp_test:4,1,deepfakes,jpeg40,5.19561767578125,0.9944897383739331
xception_deepfakebench,external,1,official,603,deepfakes_faces_c23/029_048,ffpp_test:4,1,deepfakes,jpeg40,3.1881103515625,0.9603843889917073
xception_deepfakebench,external,1,official,604,face2face_faces_c23/048_029,ffpp_test:4,1,face2face,jpeg40,0.1848430633544922,0.5460796403945948
xception_deepfakebench,external,1,official,605,face2face_faces_c23/029_048,ffpp_test:4,1,face2face,jpeg40,1.1792736053466797,0.7648171709365429
xception_deepfakebench,external,1,official,606,faceswap_faces_c23/048_029,ffpp_test:4,1,faceswap,jpeg40,-0.8471746444702148,0.3000258759802014
xception_deepfakebench,external,1,official,607,faceswap_faces_c23/029_048,ffpp_test:4,1,faceswap,jpeg40,0.4802827835083008,0.6178146477530417
xception_deepfakebench,external,1,official,608,neuraltextures_faces_c23/048_029,ffpp_test:4,1,neuraltextures,jpeg40,0.4753749370574951,0.6166551403598223
xception_deepfakebench,external,1,official,609,neuraltextures_faces_c23/029_048,ffpp_test:4,1,neuraltextures,jpeg40,1.596384048461914,0.8315123991190542
xception_deepfakebench,external,1,official,610,original_faces_c23/724,ffpp_test:59,0,real,jpeg40,-0.7718133926391602,0.316086963630816
xception_deepfakebench,external,1,official,611,original_faces_c23/725,ffpp_test:59,0,real,jpeg40,-0.38901710510253906,0.40395393501484134
xception_deepfakebench,external,1,official,612,deepfakes_faces_c23/724_725,ffpp_test:59,1,deepfakes,jpeg40,3.5141448974609375,0.9710875659097209
xception_deepfakebench,external,1,official,613,deepfakes_faces_c23/725_724,ffpp_test:59,1,deepfakes,jpeg40,2.603515625,0.9310874968619293
xception_deepfakebench,external,1,official,614,face2face_faces_c23/724_725,ffpp_test:59,1,face2face,jpeg40,2.648406982421875,0.9339127378205289
xception_deepfakebench,external,1,official,615,face2face_faces_c23/725_724,ffpp_test:59,1,face2face,jpeg40,2.7135467529296875,0.937821290154993
xception_deepfakebench,external,1,official,616,faceswap_faces_c23/724_725,ffpp_test:59,1,faceswap,jpeg40,5.1587982177734375,0.9942842534577823
xception_deepfakebench,external,1,official,617,faceswap_faces_c23/725_724,ffpp_test:59,1,faceswap,jpeg40,1.2181472778320312,0.7717373404043887
xception_deepfakebench,external,1,official,618,neuraltextures_faces_c23/724_725,ffpp_test:59,1,neuraltextures,jpeg40,0.8673210144042969,0.7041879512242611
xception_deepfakebench,external,1,official,619,neuraltextures_faces_c23/725_724,ffpp_test:59,1,neuraltextures,jpeg40,-0.012528419494628906,0.4968679360939695
xception_deepfakebench,external,1,official,620,original_faces_c23/608,ffpp_test:50,0,real,jpeg40,-2.5511913299560547,0.072346491512106
xception_deepfakebench,external,1,official,621,original_faces_c23/675,ffpp_test:50,0,real,jpeg40,-2.849517822265625,0.05470624694826222
xception_deepfakebench,external,1,official,622,deepfakes_faces_c23/608_675,ffpp_test:50,1,deepfakes,jpeg40,2.741358757019043,0.9394234656770125
xception_deepfakebench,external,1,official,623,deepfakes_faces_c23/675_608,ffpp_test:50,1,deepfakes,jpeg40,1.6488876342773438,0.8387406543397223
xception_deepfakebench,external,1,official,624,face2face_faces_c23/608_675,ffpp_test:50,1,face2face,jpeg40,1.235687255859375,0.7748124266789453
xception_deepfakebench,external,1,official,625,face2face_faces_c23/675_608,ffpp_test:50,1,face2face,jpeg40,0.40291786193847656,0.5993885054872077
xception_deepfakebench,external,1,official,626,faceswap_faces_c23/608_675,ffpp_test:50,1,faceswap,jpeg40,2.6071624755859375,0.931321124267656
xception_deepfakebench,external,1,official,627,faceswap_faces_c23/675_608,ffpp_test:50,1,faceswap,jpeg40,-1.4433956146240234,0.1910200688658936
xception_deepfakebench,external,1,official,628,neuraltextures_faces_c23/608_675,ffpp_test:50,1,neuraltextures,jpeg40,-1.504486083984375,0.181757393279597
xception_deepfakebench,external,1,official,629,neuraltextures_faces_c23/675_608,ffpp_test:50,1,neuraltextures,jpeg40,-1.8262481689453125,0.13868582993183598
xception_deepfakebench,external,1,official,630,original_faces_c23/386,ffpp_test:14,0,real,jpeg40,-1.9190483093261719,0.12796772977894716
xception_deepfakebench,external,1,official,631,original_faces_c23/154,ffpp_test:14,0,real,jpeg40,-2.27947998046875,0.09283673889114567
xception_deepfakebench,external,1,official,632,deepfakes_faces_c23/386_154,ffpp_test:14,1,deepfakes,jpeg40,4.60357666015625,0.9900833764240047
xception_deepfakebench,external,1,official,633,deepfakes_faces_c23/154_386,ffpp_test:14,1,deepfakes,jpeg40,2.5475311279296875,0.9274074784290186
xception_deepfakebench,external,1,official,634,face2face_faces_c23/386_154,ffpp_test:14,1,face2face,jpeg40,0.16379904747009277,0.5408584495725466
xception_deepfakebench,external,1,official,635,face2face_faces_c23/154_386,ffpp_test:14,1,face2face,jpeg40,2.1960678100585938,0.8998958427623546
xception_deepfakebench,external,1,official,636,faceswap_faces_c23/386_154,ffpp_test:14,1,faceswap,jpeg40,0.8371467590332031,0.6978639504068557
xception_deepfakebench,external,1,official,637,faceswap_faces_c23/154_386,ffpp_test:14,1,faceswap,jpeg40,1.135772705078125,0.7569026573683122
xception_deepfakebench,external,1,official,638,neuraltextures_faces_c23/386_154,ffpp_test:14,1,neuraltextures,jpeg40,-0.3976869583129883,0.4018681996457411
xception_deepfakebench,external,1,official,639,neuraltextures_faces_c23/154_386,ffpp_test:14,1,neuraltextures,jpeg40,-0.7890253067016602,0.3123779932748446
xception_deepfakebench,external,1,official,640,original_faces_c23/220,ffpp_test:20,0,real,jpeg40,-2.3813018798828125,0.08460967944221634
xception_deepfakebench,external,1,official,641,original_faces_c23/219,ffpp_test:20,0,real,jpeg40,-1.3322067260742188,0.20879458111469065
xception_deepfakebench,external,1,official,642,deepfakes_faces_c23/220_219,ffpp_test:20,1,deepfakes,jpeg40,1.122060775756836,0.7543707690847976
xception_deepfakebench,external,1,official,643,deepfakes_faces_c23/219_220,ffpp_test:20,1,deepfakes,jpeg40,3.6579933166503906,0.9748639123747246
xception_deepfakebench,external,1,official,644,face2face_faces_c23/220_219,ffpp_test:20,1,face2face,jpeg40,0.4171924591064453,0.6028112351862083
xception_deepfakebench,external,1,official,645,face2face_faces_c23/219_220,ffpp_test:20,1,face2face,jpeg40,2.799907684326172,0.942670835332288
xception_deepfakebench,external,1,official,646,faceswap_faces_c23/220_219,ffpp_test:20,1,faceswap,jpeg40,1.9328269958496094,0.873561995517513
xception_deepfakebench,external,1,official,647,faceswap_faces_c23/219_220,ffpp_test:20,1,faceswap,jpeg40,-0.8294471502304077,0.30376198004095106
xception_deepfakebench,external,1,official,648,neuraltextures_faces_c23/220_219,ffpp_test:20,1,neuraltextures,jpeg40,-0.3632383346557617,0.41017588309274944
xception_deepfakebench,external,1,official,649,neuraltextures_faces_c23/219_220,ffpp_test:20,1,neuraltextures,jpeg40,0.029006004333496094,0.5072509927063114
xception_deepfakebench,external,1,official,650,original_faces_c23/801,ffpp_test:63,0,real,jpeg40,-3.32464599609375,0.03473529688922417
xception_deepfakebench,external,1,official,651,original_faces_c23/855,ffpp_test:63,0,real,jpeg40,-3.967041015625,0.01857769806207903
xception_deepfakebench,external,1,official,652,deepfakes_faces_c23/801_855,ffpp_test:63,1,deepfakes,jpeg40,3.2746124267578125,0.9635475240210208
xception_deepfakebench,external,1,official,653,deepfakes_faces_c23/855_801,ffpp_test:63,1,deepfakes,jpeg40,1.8698348999023438,0.8664391728542307
xception_deepfakebench,external,1,official,654,face2face_faces_c23/801_855,ffpp_test:63,1,face2face,jpeg40,-1.1492969989776611,0.24061751248358343
xception_deepfakebench,external,1,official,655,face2face_faces_c23/855_801,ffpp_test:63,1,face2face,jpeg40,1.6030845642089844,0.8324490541208625
xception_deepfakebench,external,1,official,656,faceswap_faces_c23/801_855,ffpp_test:63,1,faceswap,jpeg40,-0.9788742065429688,0.27311522279305395
xception_deepfakebench,external,1,official,657,faceswap_faces_c23/855_801,ffpp_test:63,1,faceswap,jpeg40,0.33713340759277344,0.5834940257515259
xception_deepfakebench,external,1,official,658,neuraltextures_faces_c23/801_855,ffpp_test:63,1,neuraltextures,jpeg40,-1.1723861694335938,0.23642394378990542
xception_deepfakebench,external,1,official,659,neuraltextures_faces_c23/855_801,ffpp_test:63,1,neuraltextures,jpeg40,-0.6598466634750366,0.3407740573130792
xception_deepfakebench,external,1,official,660,original_faces_c23/161,ffpp_test:13,0,real,jpeg40,-1.989471435546875,0.12031279324814073
xception_deepfakebench,external,1,official,661,original_faces_c23/141,ffpp_test:13,0,real,jpeg40,-2.0391845703125,0.11514979036438035
xception_deepfakebench,external,1,official,662,deepfakes_faces_c23/161_141,ffpp_test:13,1,deepfakes,jpeg40,3.1212615966796875,0.9577612950277963
xception_deepfakebench,external,1,official,663,deepfakes_faces_c23/141_161,ffpp_test:13,1,deepfakes,jpeg40,1.6791458129882812,0.8427913895422159
xception_deepfakebench,external,1,official,664,face2face_faces_c23/161_141,ffpp_test:13,1,face2face,jpeg40,3.5996246337890625,0.9733932866174253
xception_deepfakebench,external,1,official,665,face2face_faces_c23/141_161,ffpp_test:13,1,face2face,jpeg40,-0.036355018615722656,0.49091224625480673
xception_deepfakebench,external,1,official,666,faceswap_faces_c23/161_141,ffpp_test:13,1,faceswap,jpeg40,2.911712646484375,0.9484224070222695
xception_deepfakebench,external,1,official,667,faceswap_faces_c23/141_161,ffpp_test:13,1,faceswap,jpeg40,1.3659229278564453,0.7967206425232958
xception_deepfakebench,external,1,official,668,neuraltextures_faces_c23/161_141,ffpp_test:13,1,neuraltextures,jpeg40,1.2519536018371582,0.7776378557940682
xception_deepfakebench,external,1,official,669,neuraltextures_faces_c23/141_161,ffpp_test:13,1,neuraltextures,jpeg40,0.38372802734375,0.5947719421985246
xception_deepfakebench,external,1,official,670,original_faces_c23/949,ffpp_test:66,0,real,jpeg40,-1.9713058471679688,0.12224869512704772
xception_deepfakebench,external,1,official,671,original_faces_c23/868,ffpp_test:66,0,real,jpeg40,-3.0205535888671875,0.04650592049360258
xception_deepfakebench,external,1,official,672,deepfakes_faces_c23/949_868,ffpp_test:66,1,deepfakes,jpeg40,1.0816154479980469,0.7467995701231931
xception_deepfakebench,external,1,official,673,deepfakes_faces_c23/868_949,ffpp_test:66,1,deepfakes,jpeg40,4.55389404296875,0.9895835101308917
xception_deepfakebench,external,1,official,674,face2face_faces_c23/949_868,ffpp_test:66,1,face2face,jpeg40,2.3182830810546875,0.9103799588507492
xception_deepfakebench,external,1,official,675,face2face_faces_c23/868_949,ffpp_test:66,1,face2face,jpeg40,0.3586139678955078,0.588704873411952
xception_deepfakebench,external,1,official,676,faceswap_faces_c23/949_868,ffpp_test:66,1,faceswap,jpeg40,-0.18682098388671875,0.4534301240976012
xception_deepfakebench,external,1,official,677,faceswap_faces_c23/868_949,ffpp_test:66,1,faceswap,jpeg40,1.0402374267578125,0.738895815139317
xception_deepfakebench,external,1,official,678,neuraltextures_faces_c23/949_868,ffpp_test:66,1,neuraltextures,jpeg40,0.7119603157043457,0.6708341731372015
xception_deepfakebench,external,1,official,679,neuraltextures_faces_c23/868_949,ffpp_test:66,1,neuraltextures,jpeg40,-0.5243963003158569,0.3718248076015858
xception_deepfakebench,external,1,official,680,original_faces_c23/880,ffpp_test:11,0,real,jpeg40,-1.7341384887695312,0.15005898679267898
xception_deepfakebench,external,1,official,681,original_faces_c23/135,ffpp_test:11,0,real,jpeg40,-1.3439445495605469,0.20686212721262043
xception_deepfakebench,external,1,official,682,deepfakes_faces_c23/880_135,ffpp_test:11,1,deepfakes,jpeg40,0.34069347381591797,0.5843589661752336
xception_deepfakebench,external,1,official,683,deepfakes_faces_c23/135_880,ffpp_test:11,1,deepfakes,jpeg40,6.7861328125,0.9988719462800278
xception_deepfakebench,external,1,official,684,face2face_faces_c23/880_135,ffpp_test:11,1,face2face,jpeg40,-0.7877578735351562,0.3126503000797378
xception_deepfakebench,external,1,official,685,face2face_faces_c23/135_880,ffpp_test:11,1,face2face,jpeg40,4.7242431640625,0.9912006851762833
xception_deepfakebench,external,1,official,686,faceswap_faces_c23/880_135,ffpp_test:11,1,faceswap,jpeg40,0.27383947372436523,0.5680352462611186
xception_deepfakebench,external,1,official,687,faceswap_faces_c23/135_880,ffpp_test:11,1,faceswap,jpeg40,3.307769775390625,0.9646943999907447
xception_deepfakebench,external,1,official,688,neuraltextures_faces_c23/880_135,ffpp_test:11,1,neuraltextures,jpeg40,-1.0848143100738525,0.2525960348077269
xception_deepfakebench,external,1,official,689,neuraltextures_faces_c23/135_880,ffpp_test:11,1,neuraltextures,jpeg40,0.10191917419433594,0.5254577604505658
xception_deepfakebench,external,1,official,690,original_faces_c23/429,ffpp_test:35,0,real,jpeg40,-3.46759033203125,0.030248585789174987
xception_deepfakebench,external,1,official,691,original_faces_c23/404,ffpp_test:35,0,real,jpeg40,-1.489607810974121,0.18398060014254125
xception_deepfakebench,external,1,official,692,deepfakes_faces_c23/429_404,ffpp_test:35,1,deepfakes,jpeg40,5.21014404296875,0.9945687722923321
xception_deepfakebench,external,1,official,693,deepfakes_faces_c23/404_429,ffpp_test:35,1,deepfakes,jpeg40,-2.1713104248046875,0.10235656924911178
xception_deepfakebench,external,1,official,694,face2face_faces_c23/429_404,ffpp_test:35,1,face2face,jpeg40,-0.902984619140625,0.2884375435974146
xception_deepfakebench,external,1,official,695,face2face_faces_c23/404_429,ffpp_test:35,1,face2face,jpeg40,3.69061279296875,0.975650967534715
xception_deepfakebench,external,1,official,696,faceswap_faces_c23/429_404,ffpp_test:35,1,faceswap,jpeg40,2.5333786010742188,0.9264489077287572
xception_deepfakebench,external,1,official,697,faceswap_faces_c23/404_429,ffpp_test:35,1,faceswap,jpeg40,-0.6722297668457031,0.3379977386379181
xception_deepfakebench,external,1,official,698,neuraltextures_faces_c23/429_404,ffpp_test:35,1,neuraltextures,jpeg40,-1.8508453369140625,0.13577367532119614
xception_deepfakebench,external,1,official,699,neuraltextures_faces_c23/404_429,ffpp_test:35,1,neuraltextures,jpeg40,-0.079803466796875,0.48005971480825427
xception_deepfakebench,external,1,official,0,original_faces_c23/953,ffpp_test:68,0,real,webp50,-7.1661376953125,0.0007717038488037101
xception_deepfakebench,external,1,official,1,original_faces_c23/974,ffpp_test:68,0,real,webp50,-4.457000732421875,0.011464143219905307
xception_deepfakebench,external,1,official,2,deepfakes_faces_c23/953_974,ffpp_test:68,1,deepfakes,webp50,-0.29067039489746094,0.42783975122529555
xception_deepfakebench,external,1,official,3,deepfakes_faces_c23/974_953,ffpp_test:68,1,deepfakes,webp50,1.7303931713104248,0.84946270426553
xception_deepfakebench,external,1,official,4,face2face_faces_c23/953_974,ffpp_test:68,1,face2face,webp50,1.0665943622589111,0.7439487183717213
xception_deepfakebench,external,1,official,5,face2face_faces_c23/974_953,ffpp_test:68,1,face2face,webp50,1.0922660827636719,0.74880819954005
xception_deepfakebench,external,1,official,6,faceswap_faces_c23/953_974,ffpp_test:68,1,faceswap,webp50,-2.535400390625,0.07341344357031235
xception_deepfakebench,external,1,official,7,faceswap_faces_c23/974_953,ffpp_test:68,1,faceswap,webp50,-0.6299616098403931,0.34751924271034906
xception_deepfakebench,external,1,official,8,neuraltextures_faces_c23/953_974,ffpp_test:68,1,neuraltextures,webp50,-4.7864990234375,0.00827260327109546
xception_deepfakebench,external,1,official,9,neuraltextures_faces_c23/974_953,ffpp_test:68,1,neuraltextures,webp50,-0.5093288421630859,0.3753508737703495
xception_deepfakebench,external,1,official,10,original_faces_c23/012,ffpp_test:1,0,real,webp50,-1.7820978164672852,0.1440442895007761
xception_deepfakebench,external,1,official,11,original_faces_c23/026,ffpp_test:1,0,real,webp50,-1.843475341796875,0.1366407882437699
xception_deepfakebench,external,1,official,12,deepfakes_faces_c23/012_026,ffpp_test:1,1,deepfakes,webp50,0.1106109619140625,0.527624581152716
xception_deepfakebench,external,1,official,13,deepfakes_faces_c23/026_012,ffpp_test:1,1,deepfakes,webp50,5.90185546875,0.9972730897948929
xception_deepfakebench,external,1,official,14,face2face_faces_c23/012_026,ffpp_test:1,1,face2face,webp50,1.4991531372070312,0.817448135641951
xception_deepfakebench,external,1,official,15,face2face_faces_c23/026_012,ffpp_test:1,1,face2face,webp50,0.7899398803710938,0.6878184215869504
xception_deepfakebench,external,1,official,16,faceswap_faces_c23/012_026,ffpp_test:1,1,faceswap,webp50,1.4519271850585938,0.8102948524570049
xception_deepfakebench,external,1,official,17,faceswap_faces_c23/026_012,ffpp_test:1,1,faceswap,webp50,3.3642005920410156,0.9665667870309209
xception_deepfakebench,external,1,official,18,neuraltextures_faces_c23/012_026,ffpp_test:1,1,neuraltextures,webp50,1.695592999458313,0.8449582784401704
xception_deepfakebench,external,1,official,19,neuraltextures_faces_c23/026_012,ffpp_test:1,1,neuraltextures,webp50,0.6024761199951172,0.646222598928284
xception_deepfakebench,external,1,official,20,original_faces_c23/078,ffpp_test:8,0,real,webp50,-4.3531494140625,0.012702790630651205
xception_deepfakebench,external,1,official,21,original_faces_c23/955,ffpp_test:8,0,real,webp50,-2.2693769931793213,0.0936911002750676
xception_deepfakebench,external,1,official,22,deepfakes_faces_c23/078_955,ffpp_test:8,1,deepfakes,webp50,4.125885009765625,0.98410745574741
xception_deepfakebench,external,1,official,23,deepfakes_faces_c23/955_078,ffpp_test:8,1,deepfakes,webp50,-1.7334318161010742,0.15014913902482815
xception_deepfakebench,external,1,official,24,face2face_faces_c23/078_955,ffpp_test:8,1,face2face,webp50,-2.25762939453125,0.09469339762803461
xception_deepfakebench,external,1,official,25,face2face_faces_c23/955_078,ffpp_test:8,1,face2face,webp50,1.383317232131958,0.7995232338958174
xception_deepfakebench,external,1,official,26,faceswap_faces_c23/078_955,ffpp_test:8,1,faceswap,webp50,2.2144393920898438,0.9015386999546834
xception_deepfakebench,external,1,official,27,faceswap_faces_c23/955_078,ffpp_test:8,1,faceswap,webp50,-2.1400279998779297,0.10526675230629082
xception_deepfakebench,external,1,official,28,neuraltextures_faces_c23/078_955,ffpp_test:8,1,neuraltextures,webp50,-2.885162353515625,0.05289193381646681
xception_deepfakebench,external,1,official,29,neuraltextures_faces_c23/955_078,ffpp_test:8,1,neuraltextures,webp50,2.425811767578125,0.9187745214940622
xception_deepfakebench,external,1,official,30,original_faces_c23/623,ffpp_test:51,0,real,webp50,-1.1447525024414062,0.2414488647225381
xception_deepfakebench,external,1,official,31,original_faces_c23/630,ffpp_test:51,0,real,webp50,-0.8384122848510742,0.3018692804903567
xception_deepfakebench,external,1,official,32,deepfakes_faces_c23/623_630,ffpp_test:51,1,deepfakes,webp50,4.757568359375,0.9914866364574644
xception_deepfakebench,external,1,official,33,deepfakes_faces_c23/630_623,ffpp_test:51,1,deepfakes,webp50,-0.03380584716796875,0.4915493430017746
xception_deepfakebench,external,1,official,34,face2face_faces_c23/623_630,ffpp_test:51,1,face2face,webp50,0.8153247833251953,0.6932430211517956
xception_deepfakebench,external,1,official,35,face2face_faces_c23/630_623,ffpp_test:51,1,face2face,webp50,3.7198486328125,0.9763359248960647
xception_deepfakebench,external,1,official,36,faceswap_faces_c23/623_630,ffpp_test:51,1,faceswap,webp50,3.2334823608398438,0.9620750173629082
xception_deepfakebench,external,1,official,37,faceswap_faces_c23/630_623,ffpp_test:51,1,faceswap,webp50,3.23486328125,0.9621253704239845
xception_deepfakebench,external,1,official,38,neuraltextures_faces_c23/623_630,ffpp_test:51,1,neuraltextures,webp50,1.8210582733154297,0.8606930629942593
xception_deepfakebench,external,1,official,39,neuraltextures_faces_c23/630_623,ffpp_test:51,1,neuraltextures,webp50,2.4717941284179688,0.9221406759560586
xception_deepfakebench,external,1,official,40,original_faces_c23/919,ffpp_test:2,0,real,webp50,-3.1649169921875,0.04050751416710946
xception_deepfakebench,external,1,official,41,original_faces_c23/015,ffpp_test:2,0,real,webp50,-1.614065170288086,0.16602498285516123
xception_deepfakebench,external,1,official,42,deepfakes_faces_c23/919_015,ffpp_test:2,1,deepfakes,webp50,2.869098663330078,0.9462975618488607
xception_deepfakebench,external,1,official,43,deepfakes_faces_c23/015_919,ffpp_test:2,1,deepfakes,webp50,0.3499870300292969,0.5866144337296877
xception_deepfakebench,external,1,official,44,face2face_faces_c23/919_015,ffpp_test:2,1,face2face,webp50,1.7319129705429077,0.8496569466340128
xception_deepfakebench,external,1,official,45,face2face_faces_c23/015_919,ffpp_test:2,1,face2face,webp50,1.0998115539550781,0.7502247948172089
xception_deepfakebench,external,1,official,46,faceswap_faces_c23/919_015,ffpp_test:2,1,faceswap,webp50,2.225910186767578,0.9025522447601099
xception_deepfakebench,external,1,official,47,faceswap_faces_c23/015_919,ffpp_test:2,1,faceswap,webp50,1.905158519744873,0.8704742550451647
xception_deepfakebench,external,1,official,48,neuraltextures_faces_c23/919_015,ffpp_test:2,1,neuraltextures,webp50,-0.09650135040283203,0.4758933672691259
xception_deepfakebench,external,1,official,49,neuraltextures_faces_c23/015_919,ffpp_test:2,1,neuraltextures,webp50,0.9963340759277344,0.7303372039834265
xception_deepfakebench,external,1,official,50,original_faces_c23/367,ffpp_test:30,0,real,webp50,-1.5240478515625,0.17886622589322126
xception_deepfakebench,external,1,official,51,original_faces_c23/371,ffpp_test:30,0,real,webp50,-3.3554954528808594,0.0337156687309722
xception_deepfakebench,external,1,official,52,deepfakes_faces_c23/367_371,ffpp_test:30,1,deepfakes,webp50,1.8801727294921875,0.8676309652634194
xception_deepfakebench,external,1,official,53,deepfakes_faces_c23/371_367,ffpp_test:30,1,deepfakes,webp50,7.8448486328125,0.999608388515648
xception_deepfakebench,external,1,official,54,face2face_faces_c23/367_371,ffpp_test:30,1,face2face,webp50,3.7099609375,0.9761063995635365
xception_deepfakebench,external,1,official,55,face2face_faces_c23/371_367,ffpp_test:30,1,face2face,webp50,3.4613189697265625,0.9695669095795596
xception_deepfakebench,external,1,official,56,faceswap_faces_c23/367_371,ffpp_test:30,1,faceswap,webp50,0.9735298156738281,0.7258225055658256
xception_deepfakebench,external,1,official,57,faceswap_faces_c23/371_367,ffpp_test:30,1,faceswap,webp50,0.5819110870361328,0.641507028784202
xception_deepfakebench,external,1,official,58,neuraltextures_faces_c23/367_371,ffpp_test:30,1,neuraltextures,webp50,0.7021102905273438,0.6686554845680409
xception_deepfakebench,external,1,official,59,neuraltextures_faces_c23/371_367,ffpp_test:30,1,neuraltextures,webp50,1.6244239807128906,0.835404347492915
xception_deepfakebench,external,1,official,60,original_faces_c23/847,ffpp_test:65,0,real,webp50,-5.108154296875,0.0060108848012525315
xception_deepfakebench,external,1,official,61,original_faces_c23/906,ffpp_test:65,0,real,webp50,-1.1644210815429688,0.23786487998182965
xception_deepfakebench,external,1,official,62,deepfakes_faces_c23/847_906,ffpp_test:65,1,deepfakes,webp50,4.401214599609375,0.9878861089217604
xception_deepfakebench,external,1,official,63,deepfakes_faces_c23/906_847,ffpp_test:65,1,deepfakes,webp50,2.5424957275390625,0.9270677505033352
xception_deepfakebench,external,1,official,64,face2face_faces_c23/847_906,ffpp_test:65,1,face2face,webp50,-2.8279170989990234,0.055834099967587016
xception_deepfakebench,external,1,official,65,face2face_faces_c23/906_847,ffpp_test:65,1,face2face,webp50,2.61090087890625,0.9315598551287473
xception_deepfakebench,external,1,official,66,faceswap_faces_c23/847_906,ffpp_test:65,1,faceswap,webp50,-0.2807788848876953,0.43026283240645996
xception_deepfakebench,external,1,official,67,faceswap_faces_c23/906_847,ffpp_test:65,1,faceswap,webp50,3.878812789916992,0.9797434546892713
xception_deepfakebench,external,1,official,68,neuraltextures_faces_c23/847_906,ffpp_test:65,1,neuraltextures,webp50,-2.947887420654297,0.04983645298344115
xception_deepfakebench,external,1,official,69,neuraltextures_faces_c23/906_847,ffpp_test:65,1,neuraltextures,webp50,1.377756118774414,0.7986303813044247
xception_deepfakebench,external,1,official,70,original_faces_c23/529,ffpp_test:46,0,real,webp50,-2.9643936157226562,0.04906062116755241
xception_deepfakebench,external,1,official,71,original_faces_c23/633,ffpp_test:46,0,real,webp50,-2.4499969482421875,0.0794387723534118
xception_deepfakebench,external,1,official,72,deepfakes_faces_c23/529_633,ffpp_test:46,1,deepfakes,webp50,2.6045684814453125,0.9311550212364649
xception_deepfakebench,external,1,official,73,deepfakes_faces_c23/633_529,ffpp_test:46,1,deepfakes,webp50,3.6859817504882812,0.9755407090862631
xception_deepfakebench,external,1,official,74,face2face_faces_c23/529_633,ffpp_test:46,1,face2face,webp50,3.070281982421875,0.95565012519719
xception_deepfakebench,external,1,official,75,face2face_faces_c23/633_529,ffpp_test:46,1,face2face,webp50,0.4504423141479492,0.6107443929530804
xception_deepfakebench,external,1,official,76,faceswap_faces_c23/529_633,ffpp_test:46,1,faceswap,webp50,3.7763137817382812,0.9776060026642797
xception_deepfakebench,external,1,official,77,faceswap_faces_c23/633_529,ffpp_test:46,1,faceswap,webp50,2.259918212890625,0.905502632954076
xception_deepfakebench,external,1,official,78,neuraltextures_faces_c23/529_633,ffpp_test:46,1,neuraltextures,webp50,-1.004232406616211,0.2681100939471329
xception_deepfakebench,external,1,official,79,neuraltextures_faces_c23/633_529,ffpp_test:46,1,neuraltextures,webp50,-1.5738258361816406,0.1716716723063954
xception_deepfakebench,external,1,official,80,original_faces_c23/418,ffpp_test:36,0,real,webp50,-0.07143974304199219,0.4821476562504161
xception_deepfakebench,external,1,official,81,original_faces_c23/507,ffpp_test:36,0,real,webp50,-0.3897857666015625,0.40376887409608864
xception_deepfakebench,external,1,official,82,deepfakes_faces_c23/418_507,ffpp_test:36,1,deepfakes,webp50,2.461153984069824,0.921373303335279
xception_deepfakebench,external,1,official,83,deepfakes_faces_c23/507_418,ffpp_test:36,1,deepfakes,webp50,5.6202392578125,0.9963893103342932
xception_deepfakebench,external,1,official,84,face2face_faces_c23/418_507,ffpp_test:36,1,face2face,webp50,6.395904541015625,0.998334402776195
xception_deepfakebench,external,1,official,85,face2face_faces_c23/507_418,ffpp_test:36,1,face2face,webp50,3.1901397705078125,0.9604615286009531
xception_deepfakebench,external,1,official,86,faceswap_faces_c23/418_507,ffpp_test:36,1,faceswap,webp50,2.45263671875,0.9207540552679265
xception_deepfakebench,external,1,official,87,faceswap_faces_c23/507_418,ffpp_test:36,1,faceswap,webp50,2.854602336883545,0.9455560964261605
xception_deepfakebench,external,1,official,88,neuraltextures_faces_c23/418_507,ffpp_test:36,1,neuraltextures,webp50,0.8227176666259766,0.6948129205874741
xception_deepfakebench,external,1,official,89,neuraltextures_faces_c23/507_418,ffpp_test:36,1,neuraltextures,webp50,1.9833602905273438,0.8790389154487799
xception_deepfakebench,external,1,official,90,original_faces_c23/227,ffpp_test:16,0,real,webp50,0.29344940185546875,0.5728403931132238
xception_deepfakebench,external,1,official,91,original_faces_c23/169,ffpp_test:16,0,real,webp50,-0.27532291412353516,0.43160079697972475
xception_deepfakebench,external,1,official,92,deepfakes_faces_c23/227_169,ffpp_test:16,1,deepfakes,webp50,6.624267578125,0.9986740080392121
xception_deepfakebench,external,1,official,93,deepfakes_faces_c23/169_227,ffpp_test:16,1,deepfakes,webp50,2.7744140625,0.9412774461450881
xception_deepfakebench,external,1,official,94,face2face_faces_c23/227_169,ffpp_test:16,1,face2face,webp50,-0.18087387084960938,0.4549044085027605
xception_deepfakebench,external,1,official,95,face2face_faces_c23/169_227,ffpp_test:16,1,face2face,webp50,3.497894287109375,0.9706277959300897
xception_deepfakebench,external,1,official,96,faceswap_faces_c23/227_169,ffpp_test:16,1,faceswap,webp50,1.7656078338623047,0.8539106115357449
xception_deepfakebench,external,1,official,97,faceswap_faces_c23/169_227,ffpp_test:16,1,faceswap,webp50,2.868358612060547,0.9462599411398012
xception_deepfakebench,external,1,official,98,neuraltextures_faces_c23/227_169,ffpp_test:16,1,neuraltextures,webp50,0.22967529296875,0.5571677405200508
xception_deepfakebench,external,1,official,99,neuraltextures_faces_c23/169_227,ffpp_test:16,1,neuraltextures,webp50,2.869171142578125,0.9463012450153915
xception_deepfakebench,external,1,official,100,original_faces_c23/389,ffpp_test:33,0,real,webp50,-2.6400985717773438,0.06660190749098095
xception_deepfakebench,external,1,official,101,original_faces_c23/480,ffpp_test:33,0,real,webp50,-2.9875335693359375,0.047992253044707195
xception_deepfakebench,external,1,official,102,deepfakes_faces_c23/389_480,ffpp_test:33,1,deepfakes,webp50,2.70499324798584,0.9373206419164644
xception_deepfakebench,external,1,official,103,deepfakes_faces_c23/480_389,ffpp_test:33,1,deepfakes,webp50,2.175151824951172,0.8979958387123651
xception_deepfakebench,external,1,official,104,face2face_faces_c23/389_480,ffpp_test:33,1,face2face,webp50,1.3143329620361328,0.7882373139379858
xception_deepfakebench,external,1,official,105,face2face_faces_c23/480_389,ffpp_test:33,1,face2face,webp50,-1.1398276090621948,0.24235201358595468
xception_deepfakebench,external,1,official,106,faceswap_faces_c23/389_480,ffpp_test:33,1,faceswap,webp50,-2.2266464233398438,0.09738302117734052
xception_deepfakebench,external,1,official,107,faceswap_faces_c23/480_389,ffpp_test:33,1,faceswap,webp50,1.5173664093017578,0.8201503435490299
xception_deepfakebench,external,1,official,108,neuraltextures_faces_c23/389_480,ffpp_test:33,1,neuraltextures,webp50,-0.31075048446655273,0.4229315647006638
xception_deepfakebench,external,1,official,109,neuraltextures_faces_c23/480_389,ffpp_test:33,1,neuraltextures,webp50,-0.024440765380859375,0.493890112797366
xception_deepfakebench,external,1,official,110,original_faces_c23/821,ffpp_test:64,0,real,webp50,-1.8064861297607422,0.14106334523844277
xception_deepfakebench,external,1,official,111,original_faces_c23/812,ffpp_test:64,0,real,webp50,-2.282719612121582,0.09256426298741179
xception_deepfakebench,external,1,official,112,deepfakes_faces_c23/821_812,ffpp_test:64,1,deepfakes,webp50,0.45189380645751953,0.6110894089434391
xception_deepfakebench,external,1,official,113,deepfakes_faces_c23/812_821,ffpp_test:64,1,deepfakes,webp50,2.5501785278320312,0.9275855073815696
xception_deepfakebench,external,1,official,114,face2face_faces_c23/821_812,ffpp_test:64,1,face2face,webp50,3.494384765625,0.9705275758771731
xception_deepfakebench,external,1,official,115,face2face_faces_c23/812_821,ffpp_test:64,1,face2face,webp50,2.437335968017578,0.919630408355894
xception_deepfakebench,external,1,official,116,faceswap_faces_c23/821_812,ffpp_test:64,1,faceswap,webp50,2.277006149291992,0.9069547098422984
xception_deepfakebench,external,1,official,117,faceswap_faces_c23/812_821,ffpp_test:64,1,faceswap,webp50,1.2115058898925781,0.7705652904503894
xception_deepfakebench,external,1,official,118,neuraltextures_faces_c23/821_812,ffpp_test:64,1,neuraltextures,webp50,-0.11906290054321289,0.4702693882678761
xception_deepfakebench,external,1,official,119,neuraltextures_faces_c23/812_821,ffpp_test:64,1,neuraltextures,webp50,-0.4733457565307617,0.3838246542370295
xception_deepfakebench,external,1,official,120,original_faces_c23/670,ffpp_test:54,0,real,webp50,-3.459136962890625,0.0304975407260716
xception_deepfakebench,external,1,official,121,original_faces_c23/661,ffpp_test:54,0,real,webp50,-2.2283554077148438,0.09723290551447628
xception_deepfakebench,external,1,official,122,deepfakes_faces_c23/670_661,ffpp_test:54,1,deepfakes,webp50,5.054931640625,0.9936626158558567
xception_deepfakebench,external,1,official,123,deepfakes_faces_c23/661_670,ffpp_test:54,1,deepfakes,webp50,5.351318359375,0.9952804840960132
xception_deepfakebench,external,1,official,124,face2face_faces_c23/670_661,ffpp_test:54,1,face2face,webp50,1.6242179870605469,0.835376020600426
xception_deepfakebench,external,1,official,125,face2face_faces_c23/661_670,ffpp_test:54,1,face2face,webp50,2.8577728271484375,0.9457190821444842
xception_deepfakebench,external,1,official,126,faceswap_faces_c23/670_661,ffpp_test:54,1,faceswap,webp50,3.78131103515625,0.9777151443482355
xception_deepfakebench,external,1,official,127,faceswap_faces_c23/661_670,ffpp_test:54,1,faceswap,webp50,1.8233222961425781,0.8609642988838531
xception_deepfakebench,external,1,official,128,neuraltextures_faces_c23/670_661,ffpp_test:54,1,neuraltextures,webp50,1.0678863525390625,0.7441947507591032
xception_deepfakebench,external,1,official,129,neuraltextures_faces_c23/661_670,ffpp_test:54,1,neuraltextures,webp50,1.2100944519042969,0.7703156607961383
xception_deepfakebench,external,1,official,130,original_faces_c23/158,ffpp_test:15,0,real,webp50,-0.8950023651123047,0.2900785946106243
xception_deepfakebench,external,1,official,131,original_faces_c23/379,ffpp_test:15,0,real,webp50,-2.5973358154296875,0.06931007967629865
xception_deepfakebench,external,1,official,132,deepfakes_faces_c23/158_379,ffpp_test:15,1,deepfakes,webp50,-1.4526138305664062,0.18959962087161922
xception_deepfakebench,external,1,official,133,deepfakes_faces_c23/379_158,ffpp_test:15,1,deepfakes,webp50,1.5093650817871094,0.8189670929405884
xception_deepfakebench,external,1,official,134,face2face_faces_c23/158_379,ffpp_test:15,1,face2face,webp50,0.5211296081542969,0.6274118685196727
xception_deepfakebench,external,1,official,135,face2face_faces_c23/379_158,ffpp_test:15,1,face2face,webp50,-0.09116744995117188,0.47722391062372993
xception_deepfakebench,external,1,official,136,faceswap_faces_c23/158_379,ffpp_test:15,1,faceswap,webp50,0.6248819828033447,0.6513280634609485
xception_deepfakebench,external,1,official,137,faceswap_faces_c23/379_158,ffpp_test:15,1,faceswap,webp50,-0.18722820281982422,0.45332920443699537
xception_deepfakebench,external,1,official,138,neuraltextures_faces_c23/158_379,ffpp_test:15,1,neuraltextures,webp50,0.7797586917877197,0.6856281041635818
xception_deepfakebench,external,1,official,139,neuraltextures_faces_c23/379_158,ffpp_test:15,1,neuraltextures,webp50,-0.8558897972106934,0.29819879950781253
xception_deepfakebench,external,1,official,140,original_faces_c23/423,ffpp_test:37,0,real,webp50,-0.7663669586181641,0.3172655295457966
xception_deepfakebench,external,1,official,141,original_faces_c23/421,ffpp_test:37,0,real,webp50,-2.991180419921875,0.04782590649115285
xception_deepfakebench,external,1,official,142,deepfakes_faces_c23/423_421,ffpp_test:37,1,deepfakes,webp50,3.77972412109375,0.9776805420579286
xception_deepfakebench,external,1,official,143,deepfakes_faces_c23/421_423,ffpp_test:37,1,deepfakes,webp50,1.6677193641662598,0.8412715162720783
xception_deepfakebench,external,1,official,144,face2face_faces_c23/423_421,ffpp_test:37,1,face2face,webp50,1.1764183044433594,0.7643031943498215
xception_deepfakebench,external,1,official,145,face2face_faces_c23/421_423,ffpp_test:37,1,face2face,webp50,1.8581161499023438,0.8650772188401276
xception_deepfakebench,external,1,official,146,faceswap_faces_c23/423_421,ffpp_test:37,1,faceswap,webp50,-0.5737800598144531,0.36036505408693703
xception_deepfakebench,external,1,official,147,faceswap_faces_c23/421_423,ffpp_test:37,1,faceswap,webp50,0.20886754989624023,0.5520278790068324
xception_deepfakebench,external,1,official,148,neuraltextures_faces_c23/423_421,ffpp_test:37,1,neuraltextures,webp50,-0.25684642791748047,0.4361390834719733
xception_deepfakebench,external,1,official,149,neuraltextures_faces_c23/421_423,ffpp_test:37,1,neuraltextures,webp50,-1.0471611022949219,0.259770619614051
xception_deepfakebench,external,1,official,150,original_faces_c23/352,ffpp_test:28,0,real,webp50,-1.56939697265625,0.1723023750424235
xception_deepfakebench,external,1,official,151,original_faces_c23/319,ffpp_test:28,0,real,webp50,-5.3592529296875,0.004682391394552018
xception_deepfakebench,external,1,official,152,deepfakes_faces_c23/352_319,ffpp_test:28,1,deepfakes,webp50,-1.6198043823242188,0.16523185002563254
xception_deepfakebench,external,1,official,153,deepfakes_faces_c23/319_352,ffpp_test:28,1,deepfakes,webp50,-0.11319613456726074,0.47173114484363265
xception_deepfakebench,external,1,official,154,face2face_faces_c23/352_319,ffpp_test:28,1,face2face,webp50,1.4948806762695312,0.8168097055539435
xception_deepfakebench,external,1,official,155,face2face_faces_c23/319_352,ffpp_test:28,1,face2face,webp50,-3.933685302734375,0.01919572543552523
xception_deepfakebench,external,1,official,156,faceswap_faces_c23/352_319,ffpp_test:28,1,faceswap,webp50,1.3715362548828125,0.7976282452671006
xception_deepfakebench,external,1,official,157,faceswap_faces_c23/319_352,ffpp_test:28,1,faceswap,webp50,-0.694849967956543,0.33295504358332967
xception_deepfakebench,external,1,official,158,neuraltextures_faces_c23/352_319,ffpp_test:28,1,neuraltextures,webp50,2.274494171142578,0.9067425125620152
xception_deepfakebench,external,1,official,159,neuraltextures_faces_c23/319_352,ffpp_test:28,1,neuraltextures,webp50,-3.3759918212890625,0.033054263429494676
xception_deepfakebench,external,1,official,160,original_faces_c23/579,ffpp_test:48,0,real,webp50,-1.8262672424316406,0.13868355158010365
xception_deepfakebench,external,1,official,161,original_faces_c23/701,ffpp_test:48,0,real,webp50,-2.413360595703125,0.08215954167342636
xception_deepfakebench,external,1,official,162,deepfakes_faces_c23/579_701,ffpp_test:48,1,deepfakes,webp50,3.5179519653320312,0.9711942635836422
xception_deepfakebench,external,1,official,163,deepfakes_faces_c23/701_579,ffpp_test:48,1,deepfakes,webp50,-0.5004682540893555,0.37743063366054785
xception_deepfakebench,external,1,official,164,face2face_faces_c23/579_701,ffpp_test:48,1,face2face,webp50,0.8391036987304688,0.698276411022829
xception_deepfakebench,external,1,official,165,face2face_faces_c23/701_579,ffpp_test:48,1,face2face,webp50,1.9645286798477173,0.8770222243216285
xception_deepfakebench,external,1,official,166,faceswap_faces_c23/579_701,ffpp_test:48,1,faceswap,webp50,0.5607357025146484,0.6366227505526976
xception_deepfakebench,external,1,official,167,faceswap_faces_c23/701_579,ffpp_test:48,1,faceswap,webp50,0.7325129508972168,0.6753564799364372
xception_deepfakebench,external,1,official,168,neuraltextures_faces_c23/579_701,ffpp_test:48,1,neuraltextures,webp50,0.5242290496826172,0.6281361266433022
xception_deepfakebench,external,1,official,169,neuraltextures_faces_c23/701_579,ffpp_test:48,1,neuraltextures,webp50,0.510136604309082,0.6248384971613516
xception_deepfakebench,external,1,official,170,original_faces_c23/488,ffpp_test:34,0,real,webp50,-1.270268440246582,0.21921130300749267
xception_deepfakebench,external,1,official,171,original_faces_c23/399,ffpp_test:34,0,real,webp50,1.43695068359375,0.8079820031311852
xception_deepfakebench,external,1,official,172,deepfakes_faces_c23/488_399,ffpp_test:34,1,deepfakes,webp50,3.601409912109375,0.9734394841212058
xception_deepfakebench,external,1,official,173,deepfakes_faces_c23/399_488,ffpp_test:34,1,deepfakes,webp50,2.3402137756347656,0.9121532164631162
xception_deepfakebench,external,1,official,174,face2face_faces_c23/488_399,ffpp_test:34,1,face2face,webp50,2.309678077697754,0.9096754076980075
xception_deepfakebench,external,1,official,175,face2face_faces_c23/399_488,ffpp_test:34,1,face2face,webp50,9.2176513671875,0.9999007382873555
xception_deepfakebench,external,1,official,176,faceswap_faces_c23/488_399,ffpp_test:34,1,faceswap,webp50,1.6950531005859375,0.8448875364703098
xception_deepfakebench,external,1,official,177,faceswap_faces_c23/399_488,ffpp_test:34,1,faceswap,webp50,5.10333251953125,0.993960237537049
xception_deepfakebench,external,1,official,178,neuraltextures_faces_c23/488_399,ffpp_test:34,1,neuraltextures,webp50,0.6625211238861084,0.6598264963602944
xception_deepfakebench,external,1,official,179,neuraltextures_faces_c23/399_488,ffpp_test:34,1,neuraltextures,webp50,3.25958251953125,0.9630159244869022
xception_deepfakebench,external,1,official,180,original_faces_c23/695,ffpp_test:38,0,real,webp50,-3.63214111328125,0.025777414246407993
xception_deepfakebench,external,1,official,181,original_faces_c23/422,ffpp_test:38,0,real,webp50,-0.82794189453125,0.30408042153520676
xception_deepfakebench,external,1,official,182,deepfakes_faces_c23/695_422,ffpp_test:38,1,deepfakes,webp50,2.5159683227539062,0.9252537045157129
xception_deepfakebench,external,1,official,183,deepfakes_faces_c23/422_695,ffpp_test:38,1,deepfakes,webp50,2.6639347076416016,0.9348646719688823
xception_deepfakebench,external,1,official,184,face2face_faces_c23/695_422,ffpp_test:38,1,face2face,webp50,-0.7628741264343262,0.3180225877661859
xception_deepfakebench,external,1,official,185,face2face_faces_c23/422_695,ffpp_test:38,1,face2face,webp50,5.92474365234375,0.997334630495869
xception_deepfakebench,external,1,official,186,faceswap_faces_c23/695_422,ffpp_test:38,1,faceswap,webp50,1.9977874755859375,0.8805645813179573
xception_deepfakebench,external,1,official,187,faceswap_faces_c23/422_695,ffpp_test:38,1,faceswap,webp50,1.0491809844970703,0.7406175947139239
xception_deepfakebench,external,1,official,188,neuraltextures_faces_c23/695_422,ffpp_test:38,1,neuraltextures,webp50,-0.8289306163787842,0.30387123318742687
xception_deepfakebench,external,1,official,189,neuraltextures_faces_c23/422_695,ffpp_test:38,1,neuraltextures,webp50,0.6744632720947266,0.6625018389548332
xception_deepfakebench,external,1,official,190,original_faces_c23/288,ffpp_test:25,0,real,webp50,-0.11361312866210938,0.47162723077808827
xception_deepfakebench,external,1,official,191,original_faces_c23/321,ffpp_test:25,0,real,webp50,-1.9769573211669922,0.12164356311192451
xception_deepfakebench,external,1,official,192,deepfakes_faces_c23/288_321,ffpp_test:25,1,deepfakes,webp50,3.3449015617370605,0.9659374836092188
xception_deepfakebench,external,1,official,193,deepfakes_faces_c23/321_288,ffpp_test:25,1,deepfakes,webp50,5.979736328125,0.9974768890314256
xception_deepfakebench,external,1,official,194,face2face_faces_c23/288_321,ffpp_test:25,1,face2face,webp50,4.251220703125,0.9859532889963027
xception_deepfakebench,external,1,official,195,face2face_faces_c23/321_288,ffpp_test:25,1,face2face,webp50,1.3311595916748047,0.7910323801575082
xception_deepfakebench,external,1,official,196,faceswap_faces_c23/288_321,ffpp_test:25,1,faceswap,webp50,2.234415054321289,0.9032977055438425
xception_deepfakebench,external,1,official,197,faceswap_faces_c23/321_288,ffpp_test:25,1,faceswap,webp50,3.504547119140625,0.9708168720005076
xception_deepfakebench,external,1,official,198,neuraltextures_faces_c23/288_321,ffpp_test:25,1,neuraltextures,webp50,1.8095855712890625,0.8593117793484228
xception_deepfakebench,external,1,official,199,neuraltextures_faces_c23/321_288,ffpp_test:25,1,neuraltextures,webp50,0.10362040996551514,0.5258819483528583
xception_deepfakebench,external,1,official,200,original_faces_c23/705,ffpp_test:57,0,real,webp50,-3.117889404296875,0.042375336438231895
xception_deepfakebench,external,1,official,201,original_faces_c23/707,ffpp_test:57,0,real,webp50,-4.190032958984375,0.014919813379350845
xception_deepfakebench,external,1,official,202,deepfakes_faces_c23/705_707,ffpp_test:57,1,deepfakes,webp50,1.1803817749023438,0.7650164409637009
xception_deepfakebench,external,1,official,203,deepfakes_faces_c23/707_705,ffpp_test:57,1,deepfakes,webp50,2.8001708984375,0.9426850584318849
xception_deepfakebench,external,1,official,204,face2face_faces_c23/705_707,ffpp_test:57,1,face2face,webp50,2.7484664916992188,0.9398266845877129
xception_deepfakebench,external,1,official,205,face2face_faces_c23/707_705,ffpp_test:57,1,face2face,webp50,1.5380516052246094,0.8231813074280897
xception_deepfakebench,external,1,official,206,faceswap_faces_c23/705_707,ffpp_test:57,1,faceswap,webp50,2.085921049118042,0.8895272295113767
xception_deepfakebench,external,1,official,207,faceswap_faces_c23/707_705,ffpp_test:57,1,faceswap,webp50,3.06268310546875,0.9553269448393399
xception_deepfakebench,external,1,official,208,neuraltextures_faces_c23/705_707,ffpp_test:57,1,neuraltextures,webp50,-0.5360984802246094,0.36909564103424863
xception_deepfakebench,external,1,official,209,neuraltextures_faces_c23/707_705,ffpp_test:57,1,neuraltextures,webp50,-0.8416922092437744,0.3011785049115575
xception_deepfakebench,external,1,official,210,original_faces_c23/306,ffpp_test:24,0,real,webp50,1.5084571838378906,0.8188324490142006
xception_deepfakebench,external,1,official,211,original_faces_c23/278,ffpp_test:24,0,real,webp50,-0.8709945678710938,0.29504739526598694
xception_deepfakebench,external,1,official,212,deepfakes_faces_c23/306_278,ffpp_test:24,1,deepfakes,webp50,3.3186187744140625,0.9650620501888038
xception_deepfakebench,external,1,official,213,deepfakes_faces_c23/278_306,ffpp_test:24,1,deepfakes,webp50,3.771209716796875,0.9774939890748667
xception_deepfakebench,external,1,official,214,face2face_faces_c23/306_278,ffpp_test:24,1,face2face,webp50,3.47625732421875,0.9700046159163952
xception_deepfakebench,external,1,official,215,face2face_faces_c23/278_306,ffpp_test:24,1,face2face,webp50,3.420562744140625,0.9683410280363842
xception_deepfakebench,external,1,official,216,faceswap_faces_c23/306_278,ffpp_test:24,1,faceswap,webp50,3.5647430419921875,0.9724748221671683
xception_deepfakebench,external,1,official,217,faceswap_faces_c23/278_306,ffpp_test:24,1,faceswap,webp50,3.394510269165039,0.9675325264530598
xception_deepfakebench,external,1,official,218,neuraltextures_faces_c23/306_278,ffpp_test:24,1,neuraltextures,webp50,1.9088897705078125,0.8708943679664097
xception_deepfakebench,external,1,official,219,neuraltextures_faces_c23/278_306,ffpp_test:24,1,neuraltextures,webp50,1.4393806457519531,0.8083587225621127
xception_deepfakebench,external,1,official,220,original_faces_c23/865,ffpp_test:61,0,real,webp50,-2.818431854248047,0.05633624209727699
xception_deepfakebench,external,1,official,221,original_faces_c23/739,ffpp_test:61,0,real,webp50,-2.2143592834472656,0.09846841125169227
xception_deepfakebench,external,1,official,222,deepfakes_faces_c23/865_739,ffpp_test:61,1,deepfakes,webp50,4.7774658203125,0.9916529566720272
xception_deepfakebench,external,1,official,223,deepfakes_faces_c23/739_865,ffpp_test:61,1,deepfakes,webp50,8.7130126953125,0.9998355949098632
xception_deepfakebench,external,1,official,224,face2face_faces_c23/865_739,ffpp_test:61,1,face2face,webp50,-0.7175979614257812,0.32792214734430775
xception_deepfakebench,external,1,official,225,face2face_faces_c23/739_865,ffpp_test:61,1,face2face,webp50,4.03277587890625,0.9825836469030779
xception_deepfakebench,external,1,official,226,faceswap_faces_c23/865_739,ffpp_test:61,1,faceswap,webp50,2.5879249572753906,0.9300803956922932
xception_deepfakebench,external,1,official,227,faceswap_faces_c23/739_865,ffpp_test:61,1,faceswap,webp50,5.96270751953125,0.9974336667541807
xception_deepfakebench,external,1,official,228,neuraltextures_faces_c23/865_739,ffpp_test:61,1,neuraltextures,webp50,-0.8542580604553223,0.29854039570574137
xception_deepfakebench,external,1,official,229,neuraltextures_faces_c23/739_865,ffpp_test:61,1,neuraltextures,webp50,-0.9313526153564453,0.2826503787674384
xception_deepfakebench,external,1,official,230,original_faces_c23/995,ffpp_test:21,0,real,webp50,-2.33447265625,0.08830790771609454
xception_deepfakebench,external,1,official,231,original_faces_c23/233,ffpp_test:21,0,real,webp50,-5.84698486328125,0.0028802756003190413
xception_deepfakebench,external,1,official,232,deepfakes_faces_c23/995_233,ffpp_test:21,1,deepfakes,webp50,0.8128643035888672,0.692719533942246
xception_deepfakebench,external,1,official,233,deepfakes_faces_c23/233_995,ffpp_test:21,1,deepfakes,webp50,3.5313720703125,0.9715673392494323
xception_deepfakebench,external,1,official,234,face2face_faces_c23/995_233,ffpp_test:21,1,face2face,webp50,4.6453704833984375,0.9904854265605545
xception_deepfakebench,external,1,official,235,face2face_faces_c23/233_995,ffpp_test:21,1,face2face,webp50,-5.646577835083008,0.003517160835455711
xception_deepfakebench,external,1,official,236,faceswap_faces_c23/995_233,ffpp_test:21,1,faceswap,webp50,-1.0792579650878906,0.2536464655631972
xception_deepfakebench,external,1,official,237,faceswap_faces_c23/233_995,ffpp_test:21,1,faceswap,webp50,1.2127609252929688,0.7707870983623942
xception_deepfakebench,external,1,official,238,neuraltextures_faces_c23/995_233,ffpp_test:21,1,neuraltextures,webp50,1.386303424835205,0.8000014501905072
xception_deepfakebench,external,1,official,239,neuraltextures_faces_c23/233_995,ffpp_test:21,1,neuraltextures,webp50,-5.3633880615234375,0.00466315916963914
xception_deepfakebench,external,1,official,240,original_faces_c23/755,ffpp_test:62,0,real,webp50,-2.153623580932617,0.10399309833387421
xception_deepfakebench,external,1,official,241,original_faces_c23/759,ffpp_test:62,0,real,webp50,-0.160797119140625,0.4598871119382516
xception_deepfakebench,external,1,official,242,deepfakes_faces_c23/755_759,ffpp_test:62,1,deepfakes,webp50,5.00994873046875,0.9933729652455431
xception_deepfakebench,external,1,official,243,deepfakes_faces_c23/759_755,ffpp_test:62,1,deepfakes,webp50,-0.1296982765197754,0.46762080741778733
xception_deepfakebench,external,1,official,244,face2face_faces_c23/755_759,ffpp_test:62,1,face2face,webp50,0.29429709911346436,0.5730478069614743
xception_deepfakebench,external,1,official,245,face2face_faces_c23/759_755,ffpp_test:62,1,face2face,webp50,4.70941162109375,0.991070379211515
xception_deepfakebench,external,1,official,246,faceswap_faces_c23/755_759,ffpp_test:62,1,faceswap,webp50,0.3413677215576172,0.5845227205499504
xception_deepfakebench,external,1,official,247,faceswap_faces_c23/759_755,ffpp_test:62,1,faceswap,webp50,-2.124871253967285,0.10670286505669925
xception_deepfakebench,external,1,official,248,neuraltextures_faces_c23/755_759,ffpp_test:62,1,neuraltextures,webp50,0.13890457153320312,0.5346704151654744
xception_deepfakebench,external,1,official,249,neuraltextures_faces_c23/759_755,ffpp_test:62,1,neuraltextures,webp50,2.53143310546875,0.9263162290368262
xception_deepfakebench,external,1,official,250,original_faces_c23/467,ffpp_test:43,0,real,webp50,-2.650859832763672,0.06593603393555426
xception_deepfakebench,external,1,official,251,original_faces_c23/462,ffpp_test:43,0,real,webp50,-2.76226806640625,0.059397523634916585
xception_deepfakebench,external,1,official,252,deepfakes_faces_c23/467_462,ffpp_test:43,1,deepfakes,webp50,-1.3084235191345215,0.21275076598690215
xception_deepfakebench,external,1,official,253,deepfakes_faces_c23/462_467,ffpp_test:43,1,deepfakes,webp50,4.47637939453125,0.9887534033084554
xception_deepfakebench,external,1,official,254,face2face_faces_c23/467_462,ffpp_test:43,1,face2face,webp50,0.9132108688354492,0.7136567562117256
xception_deepfakebench,external,1,official,255,face2face_faces_c23/462_467,ffpp_test:43,1,face2face,webp50,1.444650650024414,0.8091737983108783
xception_deepfakebench,external,1,official,256,faceswap_faces_c23/467_462,ffpp_test:43,1,faceswap,webp50,2.0161514282226562,0.8824824718232539
xception_deepfakebench,external,1,official,257,faceswap_faces_c23/462_467,ffpp_test:43,1,faceswap,webp50,3.651885986328125,0.9747138219173186
xception_deepfakebench,external,1,official,258,neuraltextures_faces_c23/467_462,ffpp_test:43,1,neuraltextures,webp50,0.64263916015625,0.6553498024622889
xception_deepfakebench,external,1,official,259,neuraltextures_faces_c23/462_467,ffpp_test:43,1,neuraltextures,webp50,-0.4942359924316406,0.3788961850208747
xception_deepfakebench,external,1,official,260,original_faces_c23/314,ffpp_test:27,0,real,webp50,-1.1178970336914062,0.24640157052789785
xception_deepfakebench,external,1,official,261,original_faces_c23/347,ffpp_test:27,0,real,webp50,-4.152618408203125,0.015479800906996872
xception_deepfakebench,external,1,official,262,deepfakes_faces_c23/314_347,ffpp_test:27,1,deepfakes,webp50,1.9892425537109375,0.8796629803366768
xception_deepfakebench,external,1,official,263,deepfakes_faces_c23/347_314,ffpp_test:27,1,deepfakes,webp50,2.994903564453125,0.952343355109002
xception_deepfakebench,external,1,official,264,face2face_faces_c23/314_347,ffpp_test:27,1,face2face,webp50,1.0721893310546875,0.7450130430525249
xception_deepfakebench,external,1,official,265,face2face_faces_c23/347_314,ffpp_test:27,1,face2face,webp50,-0.4924814701080322,0.37930917118735635
xception_deepfakebench,external,1,official,266,faceswap_faces_c23/314_347,ffpp_test:27,1,faceswap,webp50,0.7484588623046875,0.6788428002985738
xception_deepfakebench,external,1,official,267,faceswap_faces_c23/347_314,ffpp_test:27,1,faceswap,webp50,3.69976806640625,0.9758675171243828
xception_deepfakebench,external,1,official,268,neuraltextures_faces_c23/314_347,ffpp_test:27,1,neuraltextures,webp50,-0.20997905731201172,0.44769726880169125
xception_deepfakebench,external,1,official,269,neuraltextures_faces_c23/347_314,ffpp_test:27,1,neuraltextures,webp50,-3.285369873046875,0.03607651313559913
xception_deepfakebench,external,1,official,270,original_faces_c23/741,ffpp_test:60,0,real,webp50,-3.2948532104492188,0.03574817708248852
xception_deepfakebench,external,1,official,271,original_faces_c23/731,ffpp_test:60,0,real,webp50,-3.153156280517578,0.040967091937678744
xception_deepfakebench,external,1,official,272,deepfakes_faces_c23/741_731,ffpp_test:60,1,deepfakes,webp50,0.5522524118423462,0.634658009715417
xception_deepfakebench,external,1,official,273,deepfakes_faces_c23/731_741,ffpp_test:60,1,deepfakes,webp50,3.777679443359375,0.9776358809271262
xception_deepfakebench,external,1,official,274,face2face_faces_c23/741_731,ffpp_test:60,1,face2face,webp50,-0.2559623718261719,0.43635650438321255
xception_deepfakebench,external,1,official,275,face2face_faces_c23/731_741,ffpp_test:60,1,face2face,webp50,2.19451904296875,0.8997562382533073
xception_deepfakebench,external,1,official,276,faceswap_faces_c23/741_731,ffpp_test:60,1,faceswap,webp50,-0.13916778564453125,0.46526409829796667
xception_deepfakebench,external,1,official,277,faceswap_faces_c23/731_741,ffpp_test:60,1,faceswap,webp50,0.26830291748046875,0.5666762263371427
xception_deepfakebench,external,1,official,278,neuraltextures_faces_c23/741_731,ffpp_test:60,1,neuraltextures,webp50,0.23818230628967285,0.5592656587242119
xception_deepfakebench,external,1,official,279,neuraltextures_faces_c23/731_741,ffpp_test:60,1,neuraltextures,webp50,0.6291015148162842,0.6522857055023101
xception_deepfakebench,external,1,official,280,original_faces_c23/970,ffpp_test:69,0,real,webp50,-3.3001708984375,0.03556532691669742
xception_deepfakebench,external,1,official,281,original_faces_c23/973,ffpp_test:69,0,real,webp50,-3.2526960372924805,0.03723012979563401
xception_deepfakebench,external,1,official,282,deepfakes_faces_c23/970_973,ffpp_test:69,1,deepfakes,webp50,1.889418601989746,0.8686892257197347
xception_deepfakebench,external,1,official,283,deepfakes_faces_c23/973_970,ffpp_test:69,1,deepfakes,webp50,4.20257568359375,0.9852634125200809
xception_deepfakebench,external,1,official,284,face2face_faces_c23/970_973,ffpp_test:69,1,face2face,webp50,3.417360305786133,0.9682427045190103
xception_deepfakebench,external,1,official,285,face2face_faces_c23/973_970,ffpp_test:69,1,face2face,webp50,1.2144813537597656,0.7710909123262479
xception_deepfakebench,external,1,official,286,faceswap_faces_c23/970_973,ffpp_test:69,1,faceswap,webp50,0.5703368186950684,0.6388408906719419
xception_deepfakebench,external,1,official,287,faceswap_faces_c23/973_970,ffpp_test:69,1,faceswap,webp50,2.45989990234375,0.9212824039398184
xception_deepfakebench,external,1,official,288,neuraltextures_faces_c23/970_973,ffpp_test:69,1,neuraltextures,webp50,1.6099586486816406,0.8334056452587106
xception_deepfakebench,external,1,official,289,neuraltextures_faces_c23/973_970,ffpp_test:69,1,neuraltextures,webp50,-0.49201202392578125,0.37941970091053295
xception_deepfakebench,external,1,official,290,original_faces_c23/634,ffpp_test:53,0,real,webp50,-3.9829635620117188,0.018289603630682078
xception_deepfakebench,external,1,official,291,original_faces_c23/660,ffpp_test:53,0,real,webp50,-0.9803638458251953,0.272819594660129
xception_deepfakebench,external,1,official,292,deepfakes_faces_c23/634_660,ffpp_test:53,1,deepfakes,webp50,2.0178184509277344,0.8826552438109327
xception_deepfakebench,external,1,official,293,deepfakes_faces_c23/660_634,ffpp_test:53,1,deepfakes,webp50,4.2360992431640625,0.9857423195834536
xception_deepfakebench,external,1,official,294,face2face_faces_c23/634_660,ffpp_test:53,1,face2face,webp50,0.021627426147460938,0.5054066457939602
xception_deepfakebench,external,1,official,295,face2face_faces_c23/660_634,ffpp_test:53,1,face2face,webp50,5.5374755859375,0.9960789833523891
xception_deepfakebench,external,1,official,296,faceswap_faces_c23/634_660,ffpp_test:53,1,faceswap,webp50,0.6312808990478516,0.6527798454045339
xception_deepfakebench,external,1,official,297,faceswap_faces_c23/660_634,ffpp_test:53,1,faceswap,webp50,2.181346893310547,0.8985619052037296
xception_deepfakebench,external,1,official,298,neuraltextures_faces_c23/634_660,ffpp_test:53,1,neuraltextures,webp50,-0.038028717041015625,0.4904939663344111
xception_deepfakebench,external,1,official,299,neuraltextures_faces_c23/660_634,ffpp_test:53,1,neuraltextures,webp50,0.7453536987304688,0.6781654516650832
xception_deepfakebench,external,1,official,300,original_faces_c23/494,ffpp_test:40,0,real,webp50,-2.1101417541503906,0.1081149971964639
xception_deepfakebench,external,1,official,301,original_faces_c23/445,ffpp_test:40,0,real,webp50,-0.3954181671142578,0.40241367053591925
xception_deepfakebench,external,1,official,302,deepfakes_faces_c23/494_445,ffpp_test:40,1,deepfakes,webp50,2.1607513427734375,0.8966691838738686
xception_deepfakebench,external,1,official,303,deepfakes_faces_c23/445_494,ffpp_test:40,1,deepfakes,webp50,2.5877685546875,0.9300702240143693
xception_deepfakebench,external,1,official,304,face2face_faces_c23/494_445,ffpp_test:40,1,face2face,webp50,0.16017723083496094,0.5399589095889377
xception_deepfakebench,external,1,official,305,face2face_faces_c23/445_494,ffpp_test:40,1,face2face,webp50,1.499711036682129,0.8175313743849648
xception_deepfakebench,external,1,official,306,faceswap_faces_c23/494_445,ffpp_test:40,1,faceswap,webp50,2.493053436279297,0.9236534029719626
xception_deepfakebench,external,1,official,307,faceswap_faces_c23/445_494,ffpp_test:40,1,faceswap,webp50,2.6074142456054688,0.9313372262550808
xception_deepfakebench,external,1,official,308,neuraltextures_faces_c23/494_445,ffpp_test:40,1,neuraltextures,webp50,-1.9486427307128906,0.12470143001705979
xception_deepfakebench,external,1,official,309,neuraltextures_faces_c23/445_494,ffpp_test:40,1,neuraltextures,webp50,0.9995822906494141,0.7309764440610024
xception_deepfakebench,external,1,official,310,original_faces_c23/706,ffpp_test:44,0,real,webp50,-1.7111244201660156,0.15301793017652585
xception_deepfakebench,external,1,official,311,original_faces_c23/479,ffpp_test:44,0,real,webp50,-1.8939542770385742,0.1307942623678018
xception_deepfakebench,external,1,official,312,deepfakes_faces_c23/706_479,ffpp_test:44,1,deepfakes,webp50,1.7369728088378906,0.8503021476063407
xception_deepfakebench,external,1,official,313,deepfakes_faces_c23/479_706,ffpp_test:44,1,deepfakes,webp50,6.3392333984375,0.9982374567715048
xception_deepfakebench,external,1,official,314,face2face_faces_c23/706_479,ffpp_test:44,1,face2face,webp50,0.26601600646972656,0.5661145801520653
xception_deepfakebench,external,1,official,315,face2face_faces_c23/479_706,ffpp_test:44,1,face2face,webp50,3.3977394104003906,0.9676338115529457
xception_deepfakebench,external,1,official,316,faceswap_faces_c23/706_479,ffpp_test:44,1,faceswap,webp50,0.7673759460449219,0.6829529850095155
xception_deepfakebench,external,1,official,317,faceswap_faces_c23/479_706,ffpp_test:44,1,faceswap,webp50,0.6666347980499268,0.6607492251432723
xception_deepfakebench,external,1,official,318,neuraltextures_faces_c23/706_479,ffpp_test:44,1,neuraltextures,webp50,0.6326332092285156,0.653086294395809
xception_deepfakebench,external,1,official,319,neuraltextures_faces_c23/479_706,ffpp_test:44,1,neuraltextures,webp50,0.27783989906311035,0.5690165670533536
xception_deepfakebench,external,1,official,320,original_faces_c23/186,ffpp_test:17,0,real,webp50,-3.42156982421875,0.031628112788009886
xception_deepfakebench,external,1,official,321,original_faces_c23/170,ffpp_test:17,0,real,webp50,-2.3936119079589844,0.08366111932420166
xception_deepfakebench,external,1,official,322,deepfakes_faces_c23/186_170,ffpp_test:17,1,deepfakes,webp50,-0.0597076416015625,0.4850775225586303
xception_deepfakebench,external,1,official,323,deepfakes_faces_c23/170_186,ffpp_test:17,1,deepfakes,webp50,4.166136741638184,0.9847248771439485
xception_deepfakebench,external,1,official,324,face2face_faces_c23/186_170,ffpp_test:17,1,face2face,webp50,0.23830032348632812,0.5592947482941171
xception_deepfakebench,external,1,official,325,face2face_faces_c23/170_186,ffpp_test:17,1,face2face,webp50,3.8956756591796875,0.9800754254032893
xception_deepfakebench,external,1,official,326,faceswap_faces_c23/186_170,ffpp_test:17,1,faceswap,webp50,-0.3518078327178955,0.41294409511482816
xception_deepfakebench,external,1,official,327,faceswap_faces_c23/170_186,ffpp_test:17,1,faceswap,webp50,0.4625420570373535,0.6136170492044543
xception_deepfakebench,external,1,official,328,neuraltextures_faces_c23/186_170,ffpp_test:17,1,neuraltextures,webp50,-1.4461593627929688,0.19059334765323077
xception_deepfakebench,external,1,official,329,neuraltextures_faces_c23/170_186,ffpp_test:17,1,neuraltextures,webp50,-0.5488585233688354,0.36612928081865703
xception_deepfakebench,external,1,official,330,original_faces_c23/176,ffpp_test:18,0,real,webp50,-1.1527099609375,0.23999444578173615
xception_deepfakebench,external,1,official,331,original_faces_c23/190,ffpp_test:18,0,real,webp50,-0.28678035736083984,0.4287922709660671
xception_deepfakebench,external,1,official,332,deepfakes_faces_c23/176_190,ffpp_test:18,1,deepfakes,webp50,6.6092529296875,0.9986539755202265
xception_deepfakebench,external,1,official,333,deepfakes_faces_c23/190_176,ffpp_test:18,1,deepfakes,webp50,0.824188232421875,0.6951246616491141
xception_deepfakebench,external,1,official,334,face2face_faces_c23/176_190,ffpp_test:18,1,face2face,webp50,5.803466796875,0.996991998371884
xception_deepfakebench,external,1,official,335,face2face_faces_c23/190_176,ffpp_test:18,1,face2face,webp50,5.1190185546875,0.9940536793278368
xception_deepfakebench,external,1,official,336,faceswap_faces_c23/176_190,ffpp_test:18,1,faceswap,webp50,2.9700164794921875,0.9512010419456898
xception_deepfakebench,external,1,official,337,faceswap_faces_c23/190_176,ffpp_test:18,1,faceswap,webp50,0.6937656402587891,0.6668040879859938
xception_deepfakebench,external,1,official,338,neuraltextures_faces_c23/176_190,ffpp_test:18,1,neuraltextures,webp50,1.6829338073730469,0.8432926248605153
xception_deepfakebench,external,1,official,339,neuraltextures_faces_c23/190_176,ffpp_test:18,1,neuraltextures,webp50,0.9140415191650391,0.7138264701336512
xception_deepfakebench,external,1,official,340,original_faces_c23/380,ffpp_test:29,0,real,webp50,-2.006937026977539,0.11847650051555791
xception_deepfakebench,external,1,official,341,original_faces_c23/358,ffpp_test:29,0,real,webp50,-2.4749011993408203,0.07763653728806902
xception_deepfakebench,external,1,official,342,deepfakes_faces_c23/380_358,ffpp_test:29,1,deepfakes,webp50,0.8728103637695312,0.7053301395624547
xception_deepfakebench,external,1,official,343,deepfakes_faces_c23/358_380,ffpp_test:29,1,deepfakes,webp50,0.049169301986694336,0.5122898495806596
xception_deepfakebench,external,1,official,344,face2face_faces_c23/380_358,ffpp_test:29,1,face2face,webp50,0.7159223556518555,0.6717084607964633
xception_deepfakebench,external,1,official,345,face2face_faces_c23/358_380,ffpp_test:29,1,face2face,webp50,-1.082967758178711,0.2529448069353598
xception_deepfakebench,external,1,official,346,faceswap_faces_c23/380_358,ffpp_test:29,1,faceswap,webp50,-0.9090080261230469,0.28720286866733824
xception_deepfakebench,external,1,official,347,faceswap_faces_c23/358_380,ffpp_test:29,1,faceswap,webp50,-2.2401294708251953,0.09620428376083494
xception_deepfakebench,external,1,official,348,neuraltextures_faces_c23/380_358,ffpp_test:29,1,neuraltextures,webp50,0.2556629180908203,0.5635698437155394
xception_deepfakebench,external,1,official,349,neuraltextures_faces_c23/358_380,ffpp_test:29,1,neuraltextures,webp50,-1.1368722915649414,0.24289507474980107
xception_deepfakebench,external,1,official,350,original_faces_c23/214,ffpp_test:19,0,real,webp50,-2.8729705810546875,0.05350601282709039
xception_deepfakebench,external,1,official,351,original_faces_c23/255,ffpp_test:19,0,real,webp50,-1.1855545043945312,0.23405495172657298
xception_deepfakebench,external,1,official,352,deepfakes_faces_c23/214_255,ffpp_test:19,1,deepfakes,webp50,5.333831787109375,0.9951976299647172
xception_deepfakebench,external,1,official,353,deepfakes_faces_c23/255_214,ffpp_test:19,1,deepfakes,webp50,-0.01148223876953125,0.49712947184551615
xception_deepfakebench,external,1,official,354,face2face_faces_c23/214_255,ffpp_test:19,1,face2face,webp50,1.7370882034301758,0.8503168354062416
xception_deepfakebench,external,1,official,355,face2face_faces_c23/255_214,ffpp_test:19,1,face2face,webp50,5.783935546875,0.996932852821993
xception_deepfakebench,external,1,official,356,faceswap_faces_c23/214_255,ffpp_test:19,1,faceswap,webp50,0.9634494781494141,0.7238119162875076
xception_deepfakebench,external,1,official,357,faceswap_faces_c23/255_214,ffpp_test:19,1,faceswap,webp50,0.8239974975585938,0.6950842383982774
xception_deepfakebench,external,1,official,358,neuraltextures_faces_c23/214_255,ffpp_test:19,1,neuraltextures,webp50,-1.0315887928009033,0.26277619950585124
xception_deepfakebench,external,1,official,359,neuraltextures_faces_c23/255_214,ffpp_test:19,1,neuraltextures,webp50,0.16887283325195312,0.5421181619249252
xception_deepfakebench,external,1,official,360,original_faces_c23/454,ffpp_test:42,0,real,webp50,1.3252487182617188,0.7900536310248504
xception_deepfakebench,external,1,official,361,original_faces_c23/527,ffpp_test:42,0,real,webp50,-2.5001220703125,0.07584962288171507
xception_deepfakebench,external,1,official,362,deepfakes_faces_c23/454_527,ffpp_test:42,1,deepfakes,webp50,6.72607421875,0.9988022047837191
xception_deepfakebench,external,1,official,363,deepfakes_faces_c23/527_454,ffpp_test:42,1,deepfakes,webp50,5.9649658203125,0.9974394409443175
xception_deepfakebench,external,1,official,364,face2face_faces_c23/454_527,ffpp_test:42,1,face2face,webp50,7.525390625,0.9994610726041306
xception_deepfakebench,external,1,official,365,face2face_faces_c23/527_454,ffpp_test:42,1,face2face,webp50,0.3112144470214844,0.5771816661613778
xception_deepfakebench,external,1,official,366,faceswap_faces_c23/454_527,ffpp_test:42,1,faceswap,webp50,5.16607666015625,0.9943254689451185
xception_deepfakebench,external,1,official,367,faceswap_faces_c23/527_454,ffpp_test:42,1,faceswap,webp50,1.8448638916015625,0.8635229364599059
xception_deepfakebench,external,1,official,368,neuraltextures_faces_c23/454_527,ffpp_test:42,1,neuraltextures,webp50,2.3614883422851562,0.9138430607286657
xception_deepfakebench,external,1,official,369,neuraltextures_faces_c23/527_454,ffpp_test:42,1,neuraltextures,webp50,-0.7477293014526367,0.32131627584368067
xception_deepfakebench,external,1,official,370,original_faces_c23/425,ffpp_test:39,0,real,webp50,-4.14007568359375,0.015672120489903647
xception_deepfakebench,external,1,official,371,original_faces_c23/485,ffpp_test:39,0,real,webp50,-3.0812759399414062,0.043886245477210054
xception_deepfakebench,external,1,official,372,deepfakes_faces_c23/425_485,ffpp_test:39,1,deepfakes,webp50,1.7328643798828125,0.8497784392560704
xception_deepfakebench,external,1,official,373,deepfakes_faces_c23/485_425,ffpp_test:39,1,deepfakes,webp50,-0.1939105987548828,0.45167368327430196
xception_deepfakebench,external,1,official,374,face2face_faces_c23/425_485,ffpp_test:39,1,face2face,webp50,-0.42903637886047363,0.3943564588588646
xception_deepfakebench,external,1,official,375,face2face_faces_c23/485_425,ffpp_test:39,1,face2face,webp50,-0.20908355712890625,0.4479187044955447
xception_deepfakebench,external,1,official,376,faceswap_faces_c23/425_485,ffpp_test:39,1,faceswap,webp50,0.8304271697998047,0.6964452450550103
xception_deepfakebench,external,1,official,377,faceswap_faces_c23/485_425,ffpp_test:39,1,faceswap,webp50,1.6264114379882812,0.835677448526894
xception_deepfakebench,external,1,official,378,neuraltextures_faces_c23/425_485,ffpp_test:39,1,neuraltextures,webp50,-0.9107604026794434,0.2868442605453579
xception_deepfakebench,external,1,official,379,neuraltextures_faces_c23/485_425,ffpp_test:39,1,neuraltextures,webp50,-0.6907978057861328,0.3338556208843691
xception_deepfakebench,external,1,official,380,original_faces_c23/388,ffpp_test:26,0,real,webp50,0.2324542999267578,0.5578533006905743
xception_deepfakebench,external,1,official,381,original_faces_c23/308,ffpp_test:26,0,real,webp50,-3.368377685546875,0.033298491137089804
xception_deepfakebench,external,1,official,382,deepfakes_faces_c23/388_308,ffpp_test:26,1,deepfakes,webp50,0.15703773498535156,0.5391789512991598
xception_deepfakebench,external,1,official,383,deepfakes_faces_c23/308_388,ffpp_test:26,1,deepfakes,webp50,4.530120849609375,0.9893355824271899
xception_deepfakebench,external,1,official,384,face2face_faces_c23/388_308,ffpp_test:26,1,face2face,webp50,3.591676712036133,0.9731866687010855
xception_deepfakebench,external,1,official,385,face2face_faces_c23/308_388,ffpp_test:26,1,face2face,webp50,-0.38240623474121094,0.40554667384597465
xception_deepfakebench,external,1,official,386,faceswap_faces_c23/388_308,ffpp_test:26,1,faceswap,webp50,1.49774169921875,0.8172374170560306
xception_deepfakebench,external,1,official,387,faceswap_faces_c23/308_388,ffpp_test:26,1,faceswap,webp50,1.922403335571289,0.8724061971977726
xception_deepfakebench,external,1,official,388,neuraltextures_faces_c23/388_308,ffpp_test:26,1,neuraltextures,webp50,2.71337890625,0.9378115018731944
xception_deepfakebench,external,1,official,389,neuraltextures_faces_c23/308_388,ffpp_test:26,1,neuraltextures,webp50,-2.0137481689453125,0.1177669925568587
xception_deepfakebench,external,1,official,390,original_faces_c23/384,ffpp_test:32,0,real,webp50,-3.8133163452148438,0.021598075344568597
xception_deepfakebench,external,1,official,391,original_faces_c23/932,ffpp_test:32,0,real,webp50,-0.7457194328308105,0.3217547294830871
xception_deepfakebench,external,1,official,392,deepfakes_faces_c23/384_932,ffpp_test:32,1,deepfakes,webp50,4.293701171875,0.9865296335863843
xception_deepfakebench,external,1,official,393,deepfakes_faces_c23/932_384,ffpp_test:32,1,deepfakes,webp50,4.26702880859375,0.9861705482763158
xception_deepfakebench,external,1,official,394,face2face_faces_c23/384_932,ffpp_test:32,1,face2face,webp50,0.16670989990234375,0.5415812167948528
xception_deepfakebench,external,1,official,395,face2face_faces_c23/932_384,ffpp_test:32,1,face2face,webp50,1.2513008117675781,0.7775249566915826
xception_deepfakebench,external,1,official,396,faceswap_faces_c23/384_932,ffpp_test:32,1,faceswap,webp50,3.663787841796875,0.9750055129270401
xception_deepfakebench,external,1,official,397,faceswap_faces_c23/932_384,ffpp_test:32,1,faceswap,webp50,1.7765357494354248,0.8552685738288671
xception_deepfakebench,external,1,official,398,neuraltextures_faces_c23/384_932,ffpp_test:32,1,neuraltextures,webp50,-0.11066627502441406,0.4723616328011664
xception_deepfakebench,external,1,official,399,neuraltextures_faces_c23/932_384,ffpp_test:32,1,neuraltextures,webp50,1.0000152587890625,0.7310615786794442
xception_deepfakebench,external,1,official,400,original_faces_c23/035,ffpp_test:5,0,real,webp50,-2.3927001953125,0.08373103951671872
xception_deepfakebench,external,1,official,401,original_faces_c23/036,ffpp_test:5,0,real,webp50,-2.53472900390625,0.07345912700218549
xception_deepfakebench,external,1,official,402,deepfakes_faces_c23/035_036,ffpp_test:5,1,deepfakes,webp50,2.109832763671875,0.891855204434972
xception_deepfakebench,external,1,official,403,deepfakes_faces_c23/036_035,ffpp_test:5,1,deepfakes,webp50,1.9336738586425781,0.8736555031414088
xception_deepfakebench,external,1,official,404,face2face_faces_c23/035_036,ffpp_test:5,1,face2face,webp50,0.2785346508026123,0.5691869375106174
xception_deepfakebench,external,1,official,405,face2face_faces_c23/036_035,ffpp_test:5,1,face2face,webp50,0.3293724060058594,0.5816066657245629
xception_deepfakebench,external,1,official,406,faceswap_faces_c23/035_036,ffpp_test:5,1,faceswap,webp50,-0.814605712890625,0.30690991555130454
xception_deepfakebench,external,1,official,407,faceswap_faces_c23/036_035,ffpp_test:5,1,faceswap,webp50,-0.11526107788085938,0.4712165893888922
xception_deepfakebench,external,1,official,408,neuraltextures_faces_c23/035_036,ffpp_test:5,1,neuraltextures,webp50,-0.9188966751098633,0.28518275767891516
xception_deepfakebench,external,1,official,409,neuraltextures_faces_c23/036_035,ffpp_test:5,1,neuraltextures,webp50,-1.1594421863555908,0.23876865757862023
xception_deepfakebench,external,1,official,410,original_faces_c23/257,ffpp_test:23,0,real,webp50,0.9274473190307617,0.7165571150160474
xception_deepfakebench,external,1,official,411,original_faces_c23/420,ffpp_test:23,0,real,webp50,-0.8340249061584473,0.3027946981394533
xception_deepfakebench,external,1,official,412,deepfakes_faces_c23/257_420,ffpp_test:23,1,deepfakes,webp50,2.865081787109375,0.9460930639467876
xception_deepfakebench,external,1,official,413,deepfakes_faces_c23/420_257,ffpp_test:23,1,deepfakes,webp50,0.6422901153564453,0.6552709606820298
xception_deepfakebench,external,1,official,414,face2face_faces_c23/257_420,ffpp_test:23,1,face2face,webp50,4.433662414550781,0.988268332169603
xception_deepfakebench,external,1,official,415,face2face_faces_c23/420_257,ffpp_test:23,1,face2face,webp50,-0.20593440532684326,0.44869757759431644
xception_deepfakebench,external,1,official,416,faceswap_faces_c23/257_420,ffpp_test:23,1,faceswap,webp50,1.7072906494140625,0.846484538702255
xception_deepfakebench,external,1,official,417,faceswap_faces_c23/420_257,ffpp_test:23,1,faceswap,webp50,0.14495515823364258,0.536175468491126
xception_deepfakebench,external,1,official,418,neuraltextures_faces_c23/257_420,ffpp_test:23,1,neuraltextures,webp50,2.109394073486328,0.8918128857124282
xception_deepfakebench,external,1,official,419,neuraltextures_faces_c23/420_257,ffpp_test:23,1,neuraltextures,webp50,-0.2886732816696167,0.4283287006620256
xception_deepfakebench,external,1,official,420,original_faces_c23/924,ffpp_test:67,0,real,webp50,-3.2175331115722656,0.03851122580280828
xception_deepfakebench,external,1,official,421,original_faces_c23/917,ffpp_test:67,0,real,webp50,-1.8564949035644531,0.13511212282814994
xception_deepfakebench,external,1,official,422,deepfakes_faces_c23/924_917,ffpp_test:67,1,deepfakes,webp50,6.0302734375,0.9976009330470551
xception_deepfakebench,external,1,official,423,deepfakes_faces_c23/917_924,ffpp_test:67,1,deepfakes,webp50,1.5286712646484375,0.8218118211878163
xception_deepfakebench,external,1,official,424,face2face_faces_c23/924_917,ffpp_test:67,1,face2face,webp50,4.55609130859375,0.9896061351676549
xception_deepfakebench,external,1,official,425,face2face_faces_c23/917_924,ffpp_test:67,1,face2face,webp50,2.1839752197265625,0.8988012221371088
xception_deepfakebench,external,1,official,426,faceswap_faces_c23/924_917,ffpp_test:67,1,faceswap,webp50,2.1595277786254883,0.8965557612658946
xception_deepfakebench,external,1,official,427,faceswap_faces_c23/917_924,ffpp_test:67,1,faceswap,webp50,-0.4571189880371094,0.38766950210830714
xception_deepfakebench,external,1,official,428,neuraltextures_faces_c23/924_917,ffpp_test:67,1,neuraltextures,webp50,1.7359955310821533,0.8501777088884398
xception_deepfakebench,external,1,official,429,neuraltextures_faces_c23/917_924,ffpp_test:67,1,neuraltextures,webp50,4.0516510009765625,0.9829037322110459
xception_deepfakebench,external,1,official,430,original_faces_c23/114,ffpp_test:9,0,real,webp50,-3.1009521484375,0.04306799683301826
xception_deepfakebench,external,1,official,431,original_faces_c23/102,ffpp_test:9,0,real,webp50,-5.12713623046875,0.005898529332396424
xception_deepfakebench,external,1,official,432,deepfakes_faces_c23/114_102,ffpp_test:9,1,deepfakes,webp50,-0.08285903930664062,0.47929708368189783
xception_deepfakebench,external,1,official,433,deepfakes_faces_c23/102_114,ffpp_test:9,1,deepfakes,webp50,0.8345527648925781,0.6973167265527759
xception_deepfakebench,external,1,official,434,face2face_faces_c23/114_102,ffpp_test:9,1,face2face,webp50,2.6771697998046875,0.9356659691495647
xception_deepfakebench,external,1,official,435,face2face_faces_c23/102_114,ffpp_test:9,1,face2face,webp50,-0.7938728332519531,0.31133770253557835
xception_deepfakebench,external,1,official,436,faceswap_faces_c23/114_102,ffpp_test:9,1,faceswap,webp50,2.3882217407226562,0.9159247316135586
xception_deepfakebench,external,1,official,437,faceswap_faces_c23/102_114,ffpp_test:9,1,faceswap,webp50,0.46739959716796875,0.6147680915356981
xception_deepfakebench,external,1,official,438,neuraltextures_faces_c23/114_102,ffpp_test:9,1,neuraltextures,webp50,-0.6493415832519531,0.343137925370681
xception_deepfakebench,external,1,official,439,neuraltextures_faces_c23/102_114,ffpp_test:9,1,neuraltextures,webp50,-2.125,0.10669059394565118
xception_deepfakebench,external,1,official,440,original_faces_c23/732,ffpp_test:56,0,real,webp50,-2.1903438568115234,0.10062097148977875
xception_deepfakebench,external,1,official,441,original_faces_c23/691,ffpp_test:56,0,real,webp50,-1.5738067626953125,0.1716743845828493
xception_deepfakebench,external,1,official,442,deepfakes_faces_c23/732_691,ffpp_test:56,1,deepfakes,webp50,0.8503608703613281,0.7006428377882612
xception_deepfakebench,external,1,official,443,deepfakes_faces_c23/691_732,ffpp_test:56,1,deepfakes,webp50,4.5325927734375,0.9893616314015822
xception_deepfakebench,external,1,official,444,face2face_faces_c23/732_691,ffpp_test:56,1,face2face,webp50,4.60614013671875,0.990108513771066
xception_deepfakebench,external,1,official,445,face2face_faces_c23/691_732,ffpp_test:56,1,face2face,webp50,2.7210350036621094,0.9382565199682878
xception_deepfakebench,external,1,official,446,faceswap_faces_c23/732_691,ffpp_test:56,1,faceswap,webp50,2.371795654296875,0.9146511417070302
xception_deepfakebench,external,1,official,447,faceswap_faces_c23/691_732,ffpp_test:56,1,faceswap,webp50,0.83935546875,0.6983294529100605
xception_deepfakebench,external,1,official,448,neuraltextures_faces_c23/732_691,ffpp_test:56,1,neuraltextures,webp50,-0.586369514465332,0.35746828914383316
xception_deepfakebench,external,1,official,449,neuraltextures_faces_c23/691_732,ffpp_test:56,1,neuraltextures,webp50,-0.13500738143920898,0.4662993275902012
xception_deepfakebench,external,1,official,450,original_faces_c23/550,ffpp_test:41,0,real,webp50,-1.3441848754882812,0.206822699670393
xception_deepfakebench,external,1,official,451,original_faces_c23/452,ffpp_test:41,0,real,webp50,2.0528335571289062,0.8862336209363446
xception_deepfakebench,external,1,official,452,deepfakes_faces_c23/550_452,ffpp_test:41,1,deepfakes,webp50,3.199101448059082,0.9608004490988165
xception_deepfakebench,external,1,official,453,deepfakes_faces_c23/452_550,ffpp_test:41,1,deepfakes,webp50,1.2733335494995117,0.7813128625334934
xception_deepfakebench,external,1,official,454,face2face_faces_c23/550_452,ffpp_test:41,1,face2face,webp50,-0.03965651988983154,0.4900871691026693
xception_deepfakebench,external,1,official,455,face2face_faces_c23/452_550,ffpp_test:41,1,face2face,webp50,5.21148681640625,0.9945760207764226
xception_deepfakebench,external,1,official,456,faceswap_faces_c23/550_452,ffpp_test:41,1,faceswap,webp50,2.4166336059570312,0.9180869366041312
xception_deepfakebench,external,1,official,457,faceswap_faces_c23/452_550,ffpp_test:41,1,faceswap,webp50,3.2368359565734863,0.962197189497681
xception_deepfakebench,external,1,official,458,neuraltextures_faces_c23/550_452,ffpp_test:41,1,neuraltextures,webp50,0.1045231819152832,0.526107031321252
xception_deepfakebench,external,1,official,459,neuraltextures_faces_c23/452_550,ffpp_test:41,1,neuraltextures,webp50,4.100341796875,0.9837029810259283
xception_deepfakebench,external,1,official,460,original_faces_c23/280,ffpp_test:22,0,real,webp50,-2.6589202880859375,0.06544133630097994
xception_deepfakebench,external,1,official,461,original_faces_c23/249,ffpp_test:22,0,real,webp50,-3.9068756103515625,0.01970703851445711
xception_deepfakebench,external,1,official,462,deepfakes_faces_c23/280_249,ffpp_test:22,1,deepfakes,webp50,-0.524627685546875,0.37177076429706224
xception_deepfakebench,external,1,official,463,deepfakes_faces_c23/249_280,ffpp_test:22,1,deepfakes,webp50,2.0574512481689453,0.8866983634272383
xception_deepfakebench,external,1,official,464,face2face_faces_c23/280_249,ffpp_test:22,1,face2face,webp50,0.8593177795410156,0.7025180992349376
xception_deepfakebench,external,1,official,465,face2face_faces_c23/249_280,ffpp_test:22,1,face2face,webp50,2.1734237670898438,0.8978374409002996
xception_deepfakebench,external,1,official,466,faceswap_faces_c23/280_249,ffpp_test:22,1,faceswap,webp50,-0.22067296504974365,0.445054549173781
xception_deepfakebench,external,1,official,467,faceswap_faces_c23/249_280,ffpp_test:22,1,faceswap,webp50,1.4337615966796875,0.8074867395713761
xception_deepfakebench,external,1,official,468,neuraltextures_faces_c23/280_249,ffpp_test:22,1,neuraltextures,webp50,-1.258331298828125,0.22126128358017075
xception_deepfakebench,external,1,official,469,neuraltextures_faces_c23/249_280,ffpp_test:22,1,neuraltextures,webp50,-1.1015377044677734,0.249451885793952
xception_deepfakebench,external,1,official,470,original_faces_c23/842,ffpp_test:58,0,real,webp50,-2.99481201171875,0.04766080022870823
xception_deepfakebench,external,1,official,471,original_faces_c23/714,ffpp_test:58,0,real,webp50,-3.7617874145507812,0.022714232038522453
xception_deepfakebench,external,1,official,472,deepfakes_faces_c23/842_714,ffpp_test:58,1,deepfakes,webp50,-0.3757438659667969,0.407153833590813
xception_deepfakebench,external,1,official,473,deepfakes_faces_c23/714_842,ffpp_test:58,1,deepfakes,webp50,3.6715087890625,0.9751929821065248
xception_deepfakebench,external,1,official,474,face2face_faces_c23/842_714,ffpp_test:58,1,face2face,webp50,2.2915077209472656,0.9081712656977406
xception_deepfakebench,external,1,official,475,face2face_faces_c23/714_842,ffpp_test:58,1,face2face,webp50,3.0889205932617188,0.9564334098921059
xception_deepfakebench,external,1,official,476,faceswap_faces_c23/842_714,ffpp_test:58,1,faceswap,webp50,-0.4244852066040039,0.3954439793068153
xception_deepfakebench,external,1,official,477,faceswap_faces_c23/714_842,ffpp_test:58,1,faceswap,webp50,1.0001296997070312,0.7310840783759273
xception_deepfakebench,external,1,official,478,neuraltextures_faces_c23/842_714,ffpp_test:58,1,neuraltextures,webp50,-2.711669921875,0.06228824256215328
xception_deepfakebench,external,1,official,479,neuraltextures_faces_c23/714_842,ffpp_test:58,1,neuraltextures,webp50,1.3208389282226562,0.7893212484551144
xception_deepfakebench,external,1,official,480,original_faces_c23/625,ffpp_test:52,0,real,webp50,-1.1314144134521484,0.24390017037720996
xception_deepfakebench,external,1,official,481,original_faces_c23/650,ffpp_test:52,0,real,webp50,-2.3256072998046875,0.08902426406844077
xception_deepfakebench,external,1,official,482,deepfakes_faces_c23/625_650,ffpp_test:52,1,deepfakes,webp50,5.5858154296875,0.996263325011469
xception_deepfakebench,external,1,official,483,deepfakes_faces_c23/650_625,ffpp_test:52,1,deepfakes,webp50,3.270111083984375,0.9633890899205699
xception_deepfakebench,external,1,official,484,face2face_faces_c23/625_650,ffpp_test:52,1,face2face,webp50,2.9372024536132812,0.9496551435379874
xception_deepfakebench,external,1,official,485,face2face_faces_c23/650_625,ffpp_test:52,1,face2face,webp50,0.8132644891738892,0.6928047105479551
xception_deepfakebench,external,1,official,486,faceswap_faces_c23/625_650,ffpp_test:52,1,faceswap,webp50,3.337127685546875,0.9656807769682936
xception_deepfakebench,external,1,official,487,faceswap_faces_c23/650_625,ffpp_test:52,1,faceswap,webp50,2.536712646484375,0.926675771249567
xception_deepfakebench,external,1,official,488,neuraltextures_faces_c23/625_650,ffpp_test:52,1,neuraltextures,webp50,2.3912010192871094,0.9161538716691104
xception_deepfakebench,external,1,official,489,neuraltextures_faces_c23/650_625,ffpp_test:52,1,neuraltextures,webp50,-1.4635791778564453,0.187920509593273
xception_deepfakebench,external,1,official,490,original_faces_c23/024,ffpp_test:3,0,real,webp50,-2.5515594482421875,0.07232179007116775
xception_deepfakebench,external,1,official,491,original_faces_c23/073,ffpp_test:3,0,real,webp50,-5.523193359375,0.0039771949904002955
xception_deepfakebench,external,1,official,492,deepfakes_faces_c23/024_073,ffpp_test:3,1,deepfakes,webp50,0.11433446407318115,0.5285525187029533
xception_deepfakebench,external,1,official,493,deepfakes_faces_c23/073_024,ffpp_test:3,1,deepfakes,webp50,-0.4426875114440918,0.3911007757222202
xception_deepfakebench,external,1,official,494,face2face_faces_c23/024_073,ffpp_test:3,1,face2face,webp50,-1.0739612579345703,0.2546504926257281
xception_deepfakebench,external,1,official,495,face2face_faces_c23/073_024,ffpp_test:3,1,face2face,webp50,-1.5924701690673828,0.16903664522549725
xception_deepfakebench,external,1,official,496,faceswap_faces_c23/024_073,ffpp_test:3,1,faceswap,webp50,0.12117290496826172,0.5302562146189285
xception_deepfakebench,external,1,official,497,faceswap_faces_c23/073_024,ffpp_test:3,1,faceswap,webp50,-0.7430915832519531,0.32232846989039493
xception_deepfakebench,external,1,official,498,neuraltextures_faces_c23/024_073,ffpp_test:3,1,neuraltextures,webp50,0.6103830337524414,0.6480281723058285
xception_deepfakebench,external,1,official,499,neuraltextures_faces_c23/073_024,ffpp_test:3,1,neuraltextures,webp50,-3.120594024658203,0.042265719583505626
xception_deepfakebench,external,1,official,500,original_faces_c23/044,ffpp_test:6,0,real,webp50,-2.5193023681640625,0.07451604195181455
xception_deepfakebench,external,1,official,501,original_faces_c23/945,ffpp_test:6,0,real,webp50,2.2662811279296875,0.906045689401354
xception_deepfakebench,external,1,official,502,deepfakes_faces_c23/044_945,ffpp_test:6,1,deepfakes,webp50,5.6090087890625,0.9963486809403219
xception_deepfakebench,external,1,official,503,deepfakes_faces_c23/945_044,ffpp_test:6,1,deepfakes,webp50,5.6248779296875,0.9964059602963158
xception_deepfakebench,external,1,official,504,face2face_faces_c23/044_945,ffpp_test:6,1,face2face,webp50,-0.5925402641296387,0.3560522122600968
xception_deepfakebench,external,1,official,505,face2face_faces_c23/945_044,ffpp_test:6,1,face2face,webp50,5.41680908203125,0.9955783420192161
xception_deepfakebench,external,1,official,506,faceswap_faces_c23/044_945,ffpp_test:6,1,faceswap,webp50,4.10430908203125,0.983766460365584
xception_deepfakebench,external,1,official,507,faceswap_faces_c23/945_044,ffpp_test:6,1,faceswap,webp50,4.160284042358398,0.9846365918412093
xception_deepfakebench,external,1,official,508,neuraltextures_faces_c23/044_945,ffpp_test:6,1,neuraltextures,webp50,1.0005006790161133,0.7311570067104713
xception_deepfakebench,external,1,official,509,neuraltextures_faces_c23/945_044,ffpp_test:6,1,neuraltextures,webp50,2.4363861083984375,0.9195601759384672
xception_deepfakebench,external,1,official,510,original_faces_c23/896,ffpp_test:10,0,real,webp50,1.5756912231445312,0.8285934242319133
xception_deepfakebench,external,1,official,511,original_faces_c23/128,ffpp_test:10,0,real,webp50,-3.6411285400390625,0.02555267291450604
xception_deepfakebench,external,1,official,512,deepfakes_faces_c23/896_128,ffpp_test:10,1,deepfakes,webp50,1.5696525573730469,0.8277340719317192
xception_deepfakebench,external,1,official,513,deepfakes_faces_c23/128_896,ffpp_test:10,1,deepfakes,webp50,3.056671142578125,0.9550696665538707
xception_deepfakebench,external,1,official,514,face2face_faces_c23/896_128,ffpp_test:10,1,face2face,webp50,3.78826904296875,0.9778662442409124
xception_deepfakebench,external,1,official,515,face2face_faces_c23/128_896,ffpp_test:10,1,face2face,webp50,-0.26666831970214844,0.4337251998063548
xception_deepfakebench,external,1,official,516,faceswap_faces_c23/896_128,ffpp_test:10,1,faceswap,webp50,1.8280353546142578,0.8615275152753403
xception_deepfakebench,external,1,official,517,faceswap_faces_c23/128_896,ffpp_test:10,1,faceswap,webp50,2.7252426147460938,0.9384998230101287
xception_deepfakebench,external,1,official,518,neuraltextures_faces_c23/896_128,ffpp_test:10,1,neuraltextures,webp50,2.6985626220703125,0.9369417742612137
xception_deepfakebench,external,1,official,519,neuraltextures_faces_c23/128_896,ffpp_test:10,1,neuraltextures,webp50,-1.8673095703125,0.1338533347015843
xception_deepfakebench,external,1,official,520,original_faces_c23/862,ffpp_test:7,0,real,webp50,-3.24273681640625,0.03758875847288016
xception_deepfakebench,external,1,official,521,original_faces_c23/047,ffpp_test:7,0,real,webp50,1.8667793273925781,0.8660851787908106
xception_deepfakebench,external,1,official,522,deepfakes_faces_c23/862_047,ffpp_test:7,1,deepfakes,webp50,5.4859619140625,0.995872559903544
xception_deepfakebench,external,1,official,523,deepfakes_faces_c23/047_862,ffpp_test:7,1,deepfakes,webp50,2.0147619247436523,0.8823382937635971
xception_deepfakebench,external,1,official,524,face2face_faces_c23/862_047,ffpp_test:7,1,face2face,webp50,0.891808032989502,0.7092631461392277
xception_deepfakebench,external,1,official,525,face2face_faces_c23/047_862,ffpp_test:7,1,face2face,webp50,4.213775634765625,0.9854251486059752
xception_deepfakebench,external,1,official,526,faceswap_faces_c23/862_047,ffpp_test:7,1,faceswap,webp50,2.131373405456543,0.893915319832973
xception_deepfakebench,external,1,official,527,faceswap_faces_c23/047_862,ffpp_test:7,1,faceswap,webp50,3.5732650756835938,0.9727020198910258
xception_deepfakebench,external,1,official,528,neuraltextures_faces_c23/862_047,ffpp_test:7,1,neuraltextures,webp50,-0.14907455444335938,0.4628002274555021
xception_deepfakebench,external,1,official,529,neuraltextures_faces_c23/047_862,ffpp_test:7,1,neuraltextures,webp50,2.0084686279296875,0.8816833661631603
xception_deepfakebench,external,1,official,530,original_faces_c23/607,ffpp_test:49,0,real,webp50,-3.5438156127929688,0.02809092698241275
xception_deepfakebench,external,1,official,531,original_faces_c23/683,ffpp_test:49,0,real,webp50,-1.3916034698486328,0.19915189539936304
xception_deepfakebench,external,1,official,532,deepfakes_faces_c23/607_683,ffpp_test:49,1,deepfakes,webp50,0.9179763793945312,0.7146295996874148
xception_deepfakebench,external,1,official,533,deepfakes_faces_c23/683_607,ffpp_test:49,1,deepfakes,webp50,2.751434326171875,0.9399943040874392
xception_deepfakebench,external,1,official,534,face2face_faces_c23/607_683,ffpp_test:49,1,face2face,webp50,-0.8392709493637085,0.3016883527010953
xception_deepfakebench,external,1,official,535,face2face_faces_c23/683_607,ffpp_test:49,1,face2face,webp50,-0.4923830032348633,0.37933235388546704
xception_deepfakebench,external,1,official,536,faceswap_faces_c23/607_683,ffpp_test:49,1,faceswap,webp50,-0.6482234001159668,0.34339000165224315
xception_deepfakebench,external,1,official,537,faceswap_faces_c23/683_607,ffpp_test:49,1,faceswap,webp50,4.5301513671875,0.9893359044038199
xception_deepfakebench,external,1,official,538,neuraltextures_faces_c23/607_683,ffpp_test:49,1,neuraltextures,webp50,-2.708984375,0.06244528561398407
xception_deepfakebench,external,1,official,539,neuraltextures_faces_c23/683_607,ffpp_test:49,1,neuraltextures,webp50,-0.33194804191589355,0.41776671018212574
xception_deepfakebench,external,1,official,540,original_faces_c23/517,ffpp_test:45,0,real,webp50,-1.3554253578186035,0.20498480751303397
xception_deepfakebench,external,1,official,541,original_faces_c23/521,ffpp_test:45,0,real,webp50,-2.606790542602539,0.06870266915919716
xception_deepfakebench,external,1,official,542,deepfakes_faces_c23/517_521,ffpp_test:45,1,deepfakes,webp50,5.23883056640625,0.9947215511114116
xception_deepfakebench,external,1,official,543,deepfakes_faces_c23/521_517,ffpp_test:45,1,deepfakes,webp50,4.68048095703125,0.9908106747234
xception_deepfakebench,external,1,official,544,face2face_faces_c23/517_521,ffpp_test:45,1,face2face,webp50,4.869842529296875,0.9923838767857511
xception_deepfakebench,external,1,official,545,face2face_faces_c23/521_517,ffpp_test:45,1,face2face,webp50,0.7792491912841797,0.6855182749155971
xception_deepfakebench,external,1,official,546,faceswap_faces_c23/517_521,ffpp_test:45,1,faceswap,webp50,1.8869800567626953,0.8684108149498284
xception_deepfakebench,external,1,official,547,faceswap_faces_c23/521_517,ffpp_test:45,1,faceswap,webp50,1.81878662109375,0.8604204674854131
xception_deepfakebench,external,1,official,548,neuraltextures_faces_c23/517_521,ffpp_test:45,1,neuraltextures,webp50,1.7098548412322998,0.8468174555282598
xception_deepfakebench,external,1,official,549,neuraltextures_faces_c23/521_517,ffpp_test:45,1,neuraltextures,webp50,-0.5447880029678345,0.367074475372561
xception_deepfakebench,external,1,official,550,original_faces_c23/682,ffpp_test:55,0,real,webp50,-2.7393722534179688,0.06068967904746445
xception_deepfakebench,external,1,official,551,original_faces_c23/669,ffpp_test:55,0,real,webp50,-1.7450828552246094,0.1486684676114947
xception_deepfakebench,external,1,official,552,deepfakes_faces_c23/682_669,ffpp_test:55,1,deepfakes,webp50,4.24456787109375,0.9858608527560418
xception_deepfakebench,external,1,official,553,deepfakes_faces_c23/669_682,ffpp_test:55,1,deepfakes,webp50,0.6647088527679443,0.6603173722867671
xception_deepfakebench,external,1,official,554,face2face_faces_c23/682_669,ffpp_test:55,1,face2face,webp50,-0.9382947683334351,0.2812449200901474
xception_deepfakebench,external,1,official,555,face2face_faces_c23/669_682,ffpp_test:55,1,face2face,webp50,1.6727180480957031,0.8419378711651986
xception_deepfakebench,external,1,official,556,faceswap_faces_c23/682_669,ffpp_test:55,1,faceswap,webp50,1.7098522186279297,0.8468171153298679
xception_deepfakebench,external,1,official,557,faceswap_faces_c23/669_682,ffpp_test:55,1,faceswap,webp50,3.152496337890625,0.9590069718594382
xception_deepfakebench,external,1,official,558,neuraltextures_faces_c23/682_669,ffpp_test:55,1,neuraltextures,webp50,-0.5344467163085938,0.3694803605651783
xception_deepfakebench,external,1,official,559,neuraltextures_faces_c23/669_682,ffpp_test:55,1,neuraltextures,webp50,-0.8857483863830566,0.29198798982597307
xception_deepfakebench,external,1,official,560,original_faces_c23/138,ffpp_test:12,0,real,webp50,0.23590469360351562,0.55870417993311
xception_deepfakebench,external,1,official,561,original_faces_c23/142,ffpp_test:12,0,real,webp50,-3.383035182952881,0.03282988464395923
xception_deepfakebench,external,1,official,562,deepfakes_faces_c23/138_142,ffpp_test:12,1,deepfakes,webp50,2.5481128692626953,0.9274466331754332
xception_deepfakebench,external,1,official,563,deepfakes_faces_c23/142_138,ffpp_test:12,1,deepfakes,webp50,2.6975250244140625,0.9368804432347411
xception_deepfakebench,external,1,official,564,face2face_faces_c23/138_142,ffpp_test:12,1,face2face,webp50,5.64019775390625,0.9964604073382083
xception_deepfakebench,external,1,official,565,face2face_faces_c23/142_138,ffpp_test:12,1,face2face,webp50,0.45276737213134766,0.6112969996544156
xception_deepfakebench,external,1,official,566,faceswap_faces_c23/138_142,ffpp_test:12,1,faceswap,webp50,2.0768661499023438,0.88863427434092
xception_deepfakebench,external,1,official,567,faceswap_faces_c23/142_138,ffpp_test:12,1,faceswap,webp50,3.369110107421875,0.966725077247275
xception_deepfakebench,external,1,official,568,neuraltextures_faces_c23/138_142,ffpp_test:12,1,neuraltextures,webp50,4.53509521484375,0.9893879378535579
xception_deepfakebench,external,1,official,569,neuraltextures_faces_c23/142_138,ffpp_test:12,1,neuraltextures,webp50,-0.8553718328475952,0.29830720848966813
xception_deepfakebench,external,1,official,570,original_faces_c23/552,ffpp_test:47,0,real,webp50,-1.489950180053711,0.18392920523845974
xception_deepfakebench,external,1,official,571,original_faces_c23/851,ffpp_test:47,0,real,webp50,-0.37862682342529297,0.4064581332043277
xception_deepfakebench,external,1,official,572,deepfakes_faces_c23/552_851,ffpp_test:47,1,deepfakes,webp50,2.339691162109375,0.9121113305633022
xception_deepfakebench,external,1,official,573,deepfakes_faces_c23/851_552,ffpp_test:47,1,deepfakes,webp50,2.679180145263672,0.9357868762868888
xception_deepfakebench,external,1,official,574,face2face_faces_c23/552_851,ffpp_test:47,1,face2face,webp50,2.734060287475586,0.9390067970846099
xception_deepfakebench,external,1,official,575,face2face_faces_c23/851_552,ffpp_test:47,1,face2face,webp50,1.9363632202148438,0.873952060892462
xception_deepfakebench,external,1,official,576,faceswap_faces_c23/552_851,ffpp_test:47,1,faceswap,webp50,2.829944610595703,0.9442726874540563
xception_deepfakebench,external,1,official,577,faceswap_faces_c23/851_552,ffpp_test:47,1,faceswap,webp50,3.1190338134765625,0.9576710789922501
xception_deepfakebench,external,1,official,578,neuraltextures_faces_c23/552_851,ffpp_test:47,1,neuraltextures,webp50,0.21069717407226562,0.5524802892490034
xception_deepfakebench,external,1,official,579,neuraltextures_faces_c23/851_552,ffpp_test:47,1,neuraltextures,webp50,0.9996376037597656,0.7309873212386722
xception_deepfakebench,external,1,official,580,original_faces_c23/376,ffpp_test:31,0,real,webp50,-3.663860321044922,0.02499272083169414
xception_deepfakebench,external,1,official,581,original_faces_c23/381,ffpp_test:31,0,real,webp50,-3.317108154296875,0.034988919625210196
xception_deepfakebench,external,1,official,582,deepfakes_faces_c23/376_381,ffpp_test:31,1,deepfakes,webp50,1.649301528930664,0.8387966277170564
xception_deepfakebench,external,1,official,583,deepfakes_faces_c23/381_376,ffpp_test:31,1,deepfakes,webp50,3.1286239624023438,0.9580581348123348
xception_deepfakebench,external,1,official,584,face2face_faces_c23/376_381,ffpp_test:31,1,face2face,webp50,0.8140220642089844,0.6929659189182148
xception_deepfakebench,external,1,official,585,face2face_faces_c23/381_376,ffpp_test:31,1,face2face,webp50,1.1525192260742188,0.7599707630048218
xception_deepfakebench,external,1,official,586,faceswap_faces_c23/376_381,ffpp_test:31,1,faceswap,webp50,3.704559326171875,0.9759800949071781
xception_deepfakebench,external,1,official,587,faceswap_faces_c23/381_376,ffpp_test:31,1,faceswap,webp50,3.4134280681610107,0.968121570168492
xception_deepfakebench,external,1,official,588,neuraltextures_faces_c23/376_381,ffpp_test:31,1,neuraltextures,webp50,0.9598722457885742,0.7230962258737719
xception_deepfakebench,external,1,official,589,neuraltextures_faces_c23/381_376,ffpp_test:31,1,neuraltextures,webp50,-1.8809280395507812,0.13228231336924326
xception_deepfakebench,external,1,official,590,original_faces_c23/000,ffpp_test:0,0,real,webp50,-1.192854404449463,0.23274881655034674
xception_deepfakebench,external,1,official,591,original_faces_c23/003,ffpp_test:0,0,real,webp50,-3.96990966796875,0.018525467333646108
xception_deepfakebench,external,1,official,592,deepfakes_faces_c23/000_003,ffpp_test:0,1,deepfakes,webp50,2.6204986572265625,0.9321692431880597
xception_deepfakebench,external,1,official,593,deepfakes_faces_c23/003_000,ffpp_test:0,1,deepfakes,webp50,0.7681503295898438,0.68312063712807
xception_deepfakebench,external,1,official,594,face2face_faces_c23/000_003,ffpp_test:0,1,face2face,webp50,1.2156262397766113,0.7712929331104766
xception_deepfakebench,external,1,official,595,face2face_faces_c23/003_000,ffpp_test:0,1,face2face,webp50,2.5595016479492188,0.9282092562197778
xception_deepfakebench,external,1,official,596,faceswap_faces_c23/000_003,ffpp_test:0,1,faceswap,webp50,1.002838134765625,0.7316162237288253
xception_deepfakebench,external,1,official,597,faceswap_faces_c23/003_000,ffpp_test:0,1,faceswap,webp50,2.498128890991211,0.9240105441389277
xception_deepfakebench,external,1,official,598,neuraltextures_faces_c23/000_003,ffpp_test:0,1,neuraltextures,webp50,0.15151214599609375,0.5378057419891822
xception_deepfakebench,external,1,official,599,neuraltextures_faces_c23/003_000,ffpp_test:0,1,neuraltextures,webp50,-0.4763031005859375,0.3831254733686446
xception_deepfakebench,external,1,official,600,original_faces_c23/048,ffpp_test:4,0,real,webp50,-4.35107421875,0.012728842882510102
xception_deepfakebench,external,1,official,601,original_faces_c23/029,ffpp_test:4,0,real,webp50,0.8209648132324219,0.6944411047889407
xception_deepfakebench,external,1,official,602,deepfakes_faces_c23/048_029,ffpp_test:4,1,deepfakes,webp50,6.492610454559326,0.9984877004394613
xception_deepfakebench,external,1,official,603,deepfakes_faces_c23/029_048,ffpp_test:4,1,deepfakes,webp50,3.755474090576172,0.9771451998276375
xception_deepfakebench,external,1,official,604,face2face_faces_c23/048_029,ffpp_test:4,1,face2face,webp50,0.19395828247070312,0.5483381262653191
xception_deepfakebench,external,1,official,605,face2face_faces_c23/029_048,ffpp_test:4,1,face2face,webp50,3.6791610717773438,0.9753774316806589
xception_deepfakebench,external,1,official,606,faceswap_faces_c23/048_029,ffpp_test:4,1,faceswap,webp50,0.06909942626953125,0.517267986282059
xception_deepfakebench,external,1,official,607,faceswap_faces_c23/029_048,ffpp_test:4,1,faceswap,webp50,1.5922203063964844,0.8309282553473686
xception_deepfakebench,external,1,official,608,neuraltextures_faces_c23/048_029,ffpp_test:4,1,neuraltextures,webp50,0.27584075927734375,0.5685262370931528
xception_deepfakebench,external,1,official,609,neuraltextures_faces_c23/029_048,ffpp_test:4,1,neuraltextures,webp50,4.22088623046875,0.985526922287028
xception_deepfakebench,external,1,official,610,original_faces_c23/724,ffpp_test:59,0,real,webp50,1.22021484375,0.7721013557261096
xception_deepfakebench,external,1,official,611,original_faces_c23/725,ffpp_test:59,0,real,webp50,-0.6178088188171387,0.35027996526615013
xception_deepfakebench,external,1,official,612,deepfakes_faces_c23/724_725,ffpp_test:59,1,deepfakes,webp50,3.4521560668945312,0.9692953741548851
xception_deepfakebench,external,1,official,613,deepfakes_faces_c23/725_724,ffpp_test:59,1,deepfakes,webp50,4.420501708984375,0.9881147618586635
xception_deepfakebench,external,1,official,614,face2face_faces_c23/724_725,ffpp_test:59,1,face2face,webp50,3.6776123046875,0.9753402086315613
xception_deepfakebench,external,1,official,615,face2face_faces_c23/725_724,ffpp_test:59,1,face2face,webp50,2.7517547607421875,0.9400123756552878
xception_deepfakebench,external,1,official,616,faceswap_faces_c23/724_725,ffpp_test:59,1,faceswap,webp50,5.382080078125,0.9954227998362467
xception_deepfakebench,external,1,official,617,faceswap_faces_c23/725_724,ffpp_test:59,1,faceswap,webp50,2.5072784423828125,0.9246504932736846
xception_deepfakebench,external,1,official,618,neuraltextures_faces_c23/724_725,ffpp_test:59,1,neuraltextures,webp50,2.976837158203125,0.9515166690513092
xception_deepfakebench,external,1,official,619,neuraltextures_faces_c23/725_724,ffpp_test:59,1,neuraltextures,webp50,-0.18129253387451172,0.4548005961063218
xception_deepfakebench,external,1,official,620,original_faces_c23/608,ffpp_test:50,0,real,webp50,-3.2386398315429688,0.03773725146803591
xception_deepfakebench,external,1,official,621,original_faces_c23/675,ffpp_test:50,0,real,webp50,-4.45703125,0.011463797377996033
xception_deepfakebench,external,1,official,622,deepfakes_faces_c23/608_675,ffpp_test:50,1,deepfakes,webp50,2.562602996826172,0.9284156460300949
xception_deepfakebench,external,1,official,623,deepfakes_faces_c23/675_608,ffpp_test:50,1,deepfakes,webp50,0.2875041961669922,0.5713850093360784
xception_deepfakebench,external,1,official,624,face2face_faces_c23/608_675,ffpp_test:50,1,face2face,webp50,1.7986650466918945,0.8579863544063494
xception_deepfakebench,external,1,official,625,face2face_faces_c23/675_608,ffpp_test:50,1,face2face,webp50,-0.565152645111084,0.3623560773506182
xception_deepfakebench,external,1,official,626,faceswap_faces_c23/608_675,ffpp_test:50,1,faceswap,webp50,3.30804443359375,0.9647037534121098
xception_deepfakebench,external,1,official,627,faceswap_faces_c23/675_608,ffpp_test:50,1,faceswap,webp50,-1.3642311096191406,0.20355349659835428
xception_deepfakebench,external,1,official,628,neuraltextures_faces_c23/608_675,ffpp_test:50,1,neuraltextures,webp50,-1.0680537223815918,0.25577338852636283
xception_deepfakebench,external,1,official,629,neuraltextures_faces_c23/675_608,ffpp_test:50,1,neuraltextures,webp50,-3.0648698806762695,0.04457982220778604
xception_deepfakebench,external,1,official,630,original_faces_c23/386,ffpp_test:14,0,real,webp50,-2.795654296875,0.0575594617610372
xception_deepfakebench,external,1,official,631,original_faces_c23/154,ffpp_test:14,0,real,webp50,-3.3670196533203125,0.033342233506262454
xception_deepfakebench,external,1,official,632,deepfakes_faces_c23/386_154,ffpp_test:14,1,deepfakes,webp50,5.608642578125,0.9963473484275243
xception_deepfakebench,external,1,official,633,deepfakes_faces_c23/154_386,ffpp_test:14,1,deepfakes,webp50,2.007016181945801,0.8815317661653734
xception_deepfakebench,external,1,official,634,face2face_faces_c23/386_154,ffpp_test:14,1,face2face,webp50,0.5655784606933594,0.6377423033393688
xception_deepfakebench,external,1,official,635,face2face_faces_c23/154_386,ffpp_test:14,1,face2face,webp50,1.3985021114349365,0.8019460886724216
xception_deepfakebench,external,1,official,636,faceswap_faces_c23/386_154,ffpp_test:14,1,faceswap,webp50,1.3838768005371094,0.7996129097510489
xception_deepfakebench,external,1,official,637,faceswap_faces_c23/154_386,ffpp_test:14,1,faceswap,webp50,0.9290199279785156,0.7168764078321685
xception_deepfakebench,external,1,official,638,neuraltextures_faces_c23/386_154,ffpp_test:14,1,neuraltextures,webp50,-0.5374364852905273,0.3687841223664652
xception_deepfakebench,external,1,official,639,neuraltextures_faces_c23/154_386,ffpp_test:14,1,neuraltextures,webp50,-1.7435417175292969,0.14886362911453424
xception_deepfakebench,external,1,official,640,original_faces_c23/220,ffpp_test:20,0,real,webp50,-0.7574062347412109,0.31920966542254203
xception_deepfakebench,external,1,official,641,original_faces_c23/219,ffpp_test:20,0,real,webp50,-2.2778778076171875,0.09297175886145954
xception_deepfakebench,external,1,official,642,deepfakes_faces_c23/220_219,ffpp_test:20,1,deepfakes,webp50,1.3089470863342285,0.7873369119838683
xception_deepfakebench,external,1,official,643,deepfakes_faces_c23/219_220,ffpp_test:20,1,deepfakes,webp50,5.480951309204102,0.9958519130351592
xception_deepfakebench,external,1,official,644,face2face_faces_c23/220_219,ffpp_test:20,1,face2face,webp50,2.182220458984375,0.8986415016057971
xception_deepfakebench,external,1,official,645,face2face_faces_c23/219_220,ffpp_test:20,1,face2face,webp50,2.8671875,0.946200356539936
xception_deepfakebench,external,1,official,646,faceswap_faces_c23/220_219,ffpp_test:20,1,faceswap,webp50,2.5258026123046875,0.9259309990168806
xception_deepfakebench,external,1,official,647,faceswap_faces_c23/219_220,ffpp_test:20,1,faceswap,webp50,-0.27095794677734375,0.4326719356293101
xception_deepfakebench,external,1,official,648,neuraltextures_faces_c23/220_219,ffpp_test:20,1,neuraltextures,webp50,1.8283157348632812,0.861560960647414
xception_deepfakebench,external,1,official,649,neuraltextures_faces_c23/219_220,ffpp_test:20,1,neuraltextures,webp50,0.28192138671875,0.5700172144103691
xception_deepfakebench,external,1,official,650,original_faces_c23/801,ffpp_test:63,0,real,webp50,-5.6031494140625,0.0036726975029530077
xception_deepfakebench,external,1,official,651,original_faces_c23/855,ffpp_test:63,0,real,webp50,-6.0826416015625,0.0022769438732938648
xception_deepfakebench,external,1,official,652,deepfakes_faces_c23/801_855,ffpp_test:63,1,deepfakes,webp50,1.6112394332885742,0.8335833943321227
xception_deepfakebench,external,1,official,653,deepfakes_faces_c23/855_801,ffpp_test:63,1,deepfakes,webp50,1.1824150085449219,0.7653817508546783
xception_deepfakebench,external,1,official,654,face2face_faces_c23/801_855,ffpp_test:63,1,face2face,webp50,-3.20794677734375,0.038867764244005
xception_deepfakebench,external,1,official,655,face2face_faces_c23/855_801,ffpp_test:63,1,face2face,webp50,-0.8666682243347168,0.29594804782265677
xception_deepfakebench,external,1,official,656,faceswap_faces_c23/801_855,ffpp_test:63,1,faceswap,webp50,-1.5083847045898438,0.18117830323133444
xception_deepfakebench,external,1,official,657,faceswap_faces_c23/855_801,ffpp_test:63,1,faceswap,webp50,-0.7022716999053955,0.3313087552978997
xception_deepfakebench,external,1,official,658,neuraltextures_faces_c23/801_855,ffpp_test:63,1,neuraltextures,webp50,-3.78277587890625,0.02225296160777153
xception_deepfakebench,external,1,official,659,neuraltextures_faces_c23/855_801,ffpp_test:63,1,neuraltextures,webp50,-2.2114713191986084,0.09872508017792175
xception_deepfakebench,external,1,official,660,original_faces_c23/161,ffpp_test:13,0,real,webp50,-2.9202804565429688,0.05116008507675918
xception_deepfakebench,external,1,official,661,original_faces_c23/141,ffpp_test:13,0,real,webp50,-1.5694773197174072,0.1722909167069222
xception_deepfakebench,external,1,official,662,deepfakes_faces_c23/161_141,ffpp_test:13,1,deepfakes,webp50,5.140380859375,0.9941786276262395
xception_deepfakebench,external,1,official,663,deepfakes_faces_c23/141_161,ffpp_test:13,1,deepfakes,webp50,-0.10626423358917236,0.47345891226031034
xception_deepfakebench,external,1,official,664,face2face_faces_c23/161_141,ffpp_test:13,1,face2face,webp50,3.150604248046875,0.9589325242544279
xception_deepfakebench,external,1,official,665,face2face_faces_c23/141_161,ffpp_test:13,1,face2face,webp50,1.6613216400146484,0.8404153377341875
xception_deepfakebench,external,1,official,666,faceswap_faces_c23/161_141,ffpp_test:13,1,faceswap,webp50,3.3631515502929688,0.9665328701949278
xception_deepfakebench,external,1,official,667,faceswap_faces_c23/141_161,ffpp_test:13,1,faceswap,webp50,1.6665420532226562,0.8411142423525221
xception_deepfakebench,external,1,official,668,neuraltextures_faces_c23/161_141,ffpp_test:13,1,neuraltextures,webp50,1.3978958129882812,0.8018497735340824
xception_deepfakebench,external,1,official,669,neuraltextures_faces_c23/141_161,ffpp_test:13,1,neuraltextures,webp50,1.868682861328125,0.866305799974294
xception_deepfakebench,external,1,official,670,original_faces_c23/949,ffpp_test:66,0,real,webp50,-3.2044677734375,0.03899793831012525
xception_deepfakebench,external,1,official,671,original_faces_c23/868,ffpp_test:66,0,real,webp50,-3.5943603515625,0.026743392253494563
xception_deepfakebench,external,1,official,672,deepfakes_faces_c23/949_868,ffpp_test:66,1,deepfakes,webp50,2.487398147583008,0.9232536477868678
xception_deepfakebench,external,1,official,673,deepfakes_faces_c23/868_949,ffpp_test:66,1,deepfakes,webp50,3.022144317626953,0.9535645665192318
xception_deepfakebench,external,1,official,674,face2face_faces_c23/949_868,ffpp_test:66,1,face2face,webp50,2.190876007080078,0.8994271759554108
xception_deepfakebench,external,1,official,675,face2face_faces_c23/868_949,ffpp_test:66,1,face2face,webp50,-0.7711105346679688,0.3162389242890193
xception_deepfakebench,external,1,official,676,faceswap_faces_c23/949_868,ffpp_test:66,1,faceswap,webp50,-0.46912193298339844,0.38482409134035106
xception_deepfakebench,external,1,official,677,faceswap_faces_c23/868_949,ffpp_test:66,1,faceswap,webp50,-0.5672760009765625,0.3618656106962991
xception_deepfakebench,external,1,official,678,neuraltextures_faces_c23/949_868,ffpp_test:66,1,neuraltextures,webp50,0.5812487602233887,0.6413546953998297
xception_deepfakebench,external,1,official,679,neuraltextures_faces_c23/868_949,ffpp_test:66,1,neuraltextures,webp50,-0.2938232421875,0.42706813278893435
xception_deepfakebench,external,1,official,680,original_faces_c23/880,ffpp_test:11,0,real,webp50,-1.2964248657226562,0.21476732105401208
xception_deepfakebench,external,1,official,681,original_faces_c23/135,ffpp_test:11,0,real,webp50,-2.5488507747650146,0.07250372928261455
xception_deepfakebench,external,1,official,682,deepfakes_faces_c23/880_135,ffpp_test:11,1,deepfakes,webp50,-0.49784231185913086,0.3780478673408335
xception_deepfakebench,external,1,official,683,deepfakes_faces_c23/135_880,ffpp_test:11,1,deepfakes,webp50,7.677734375,0.9995371915436136
xception_deepfakebench,external,1,official,684,face2face_faces_c23/880_135,ffpp_test:11,1,face2face,webp50,-0.13397979736328125,0.4665550653794193
xception_deepfakebench,external,1,official,685,face2face_faces_c23/135_880,ffpp_test:11,1,face2face,webp50,3.457672119140625,0.9694591177929074
xception_deepfakebench,external,1,official,686,faceswap_faces_c23/880_135,ffpp_test:11,1,faceswap,webp50,0.03253746032714844,0.5081336475126659
xception_deepfakebench,external,1,official,687,faceswap_faces_c23/135_880,ffpp_test:11,1,faceswap,webp50,3.3459243774414062,0.965971120525638
xception_deepfakebench,external,1,official,688,neuraltextures_faces_c23/880_135,ffpp_test:11,1,neuraltextures,webp50,-0.279202938079834,0.4306491972319118
xception_deepfakebench,external,1,official,689,neuraltextures_faces_c23/135_880,ffpp_test:11,1,neuraltextures,webp50,-1.01226806640625,0.2665362211644523
xception_deepfakebench,external,1,official,690,original_faces_c23/429,ffpp_test:35,0,real,webp50,-4.000480651855469,0.017977722316165734
xception_deepfakebench,external,1,official,691,original_faces_c23/404,ffpp_test:35,0,real,webp50,-2.5452880859375,0.07274367439045937
xception_deepfakebench,external,1,official,692,deepfakes_faces_c23/429_404,ffpp_test:35,1,deepfakes,webp50,3.9391250610351562,0.9809064228350457
xception_deepfakebench,external,1,official,693,deepfakes_faces_c23/404_429,ffpp_test:35,1,deepfakes,webp50,-2.9589691162109375,0.049314313954620076
xception_deepfakebench,external,1,official,694,face2face_faces_c23/429_404,ffpp_test:35,1,face2face,webp50,-0.2287442684173584,0.44306198509984507
xception_deepfakebench,external,1,official,695,face2face_faces_c23/404_429,ffpp_test:35,1,face2face,webp50,2.9656829833984375,0.9509994976120456
xception_deepfakebench,external,1,official,696,faceswap_faces_c23/429_404,ffpp_test:35,1,faceswap,webp50,0.6057548522949219,0.6469718194030933
xception_deepfakebench,external,1,official,697,faceswap_faces_c23/404_429,ffpp_test:35,1,faceswap,webp50,-1.8826007843017578,0.13209042760591375
xception_deepfakebench,external,1,official,698,neuraltextures_faces_c23/429_404,ffpp_test:35,1,neuraltextures,webp50,-1.838510513305664,0.13722754679073904
xception_deepfakebench,external,1,official,699,neuraltextures_faces_c23/404_429,ffpp_test:35,1,neuraltextures,webp50,-0.48424720764160156,0.3812497118075625
xception_deepfakebench,external,1,official,0,original_faces_c23/953,ffpp_test:68,0,real,h264_crf35,-3.2824630737304688,0.03617773350467215
xception_deepfakebench,external,1,official,1,original_faces_c23/974,ffpp_test:68,0,real,h264_crf35,-3.2149505615234375,0.0386069668060529
xception_deepfakebench,external,1,official,2,deepfakes_faces_c23/953_974,ffpp_test:68,1,deepfakes,h264_crf35,2.4768753051757812,0.9225047088491578
xception_deepfakebench,external,1,official,3,deepfakes_faces_c23/974_953,ffpp_test:68,1,deepfakes,h264_crf35,1.4642219543457031,0.8121775625310155
xception_deepfakebench,external,1,official,4,face2face_faces_c23/953_974,ffpp_test:68,1,face2face,h264_crf35,0.19214534759521484,0.5478890893759042
xception_deepfakebench,external,1,official,5,face2face_faces_c23/974_953,ffpp_test:68,1,face2face,h264_crf35,-0.3319740295410156,0.4177603890258342
xception_deepfakebench,external,1,official,6,faceswap_faces_c23/953_974,ffpp_test:68,1,faceswap,h264_crf35,-0.7627944946289062,0.31803985889857617
xception_deepfakebench,external,1,official,7,faceswap_faces_c23/974_953,ffpp_test:68,1,faceswap,h264_crf35,0.5579299926757812,0.6359734453760858
xception_deepfakebench,external,1,official,8,neuraltextures_faces_c23/953_974,ffpp_test:68,1,neuraltextures,h264_crf35,-2.347362518310547,0.08727564197474257
xception_deepfakebench,external,1,official,9,neuraltextures_faces_c23/974_953,ffpp_test:68,1,neuraltextures,h264_crf35,-0.8263435363769531,0.304418764805262
xception_deepfakebench,external,1,official,10,original_faces_c23/012,ffpp_test:1,0,real,h264_crf35,-0.5104389190673828,0.37509063829388845
xception_deepfakebench,external,1,official,11,original_faces_c23/026,ffpp_test:1,0,real,h264_crf35,-1.6584415435791016,0.1599713121207235
xception_deepfakebench,external,1,official,12,deepfakes_faces_c23/012_026,ffpp_test:1,1,deepfakes,h264_crf35,-0.7117667198181152,0.3292085772848279
xception_deepfakebench,external,1,official,13,deepfakes_faces_c23/026_012,ffpp_test:1,1,deepfakes,h264_crf35,5.01190185546875,0.9933858105142264
xception_deepfakebench,external,1,official,14,face2face_faces_c23/012_026,ffpp_test:1,1,face2face,h264_crf35,1.7034950256347656,0.8459906542937717
xception_deepfakebench,external,1,official,15,face2face_faces_c23/026_012,ffpp_test:1,1,face2face,h264_crf35,0.3833451271057129,0.5946796528942498
xception_deepfakebench,external,1,official,16,faceswap_faces_c23/012_026,ffpp_test:1,1,faceswap,h264_crf35,0.6164648532867432,0.6494141082898932
xception_deepfakebench,external,1,official,17,faceswap_faces_c23/026_012,ffpp_test:1,1,faceswap,h264_crf35,5.42852783203125,0.9956296307603758
xception_deepfakebench,external,1,official,18,neuraltextures_faces_c23/012_026,ffpp_test:1,1,neuraltextures,h264_crf35,2.13690185546875,0.8944384461664052
xception_deepfakebench,external,1,official,19,neuraltextures_faces_c23/026_012,ffpp_test:1,1,neuraltextures,h264_crf35,-0.3590431213378906,0.4111912190018802
xception_deepfakebench,external,1,official,20,original_faces_c23/078,ffpp_test:8,0,real,h264_crf35,-2.4566726684570312,0.0789519571567206
xception_deepfakebench,external,1,official,21,original_faces_c23/955,ffpp_test:8,0,real,h264_crf35,-0.6235389709472656,0.34897699623914935
xception_deepfakebench,external,1,official,22,deepfakes_faces_c23/078_955,ffpp_test:8,1,deepfakes,h264_crf35,2.2577133178710938,0.9053137965863192
xception_deepfakebench,external,1,official,23,deepfakes_faces_c23/955_078,ffpp_test:8,1,deepfakes,h264_crf35,1.4382057189941406,0.8081766429567131
xception_deepfakebench,external,1,official,24,face2face_faces_c23/078_955,ffpp_test:8,1,face2face,h264_crf35,-1.2660236358642578,0.21993869988205822
xception_deepfakebench,external,1,official,25,face2face_faces_c23/955_078,ffpp_test:8,1,face2face,h264_crf35,1.9704971313476562,0.8776644999560542
xception_deepfakebench,external,1,official,26,faceswap_faces_c23/078_955,ffpp_test:8,1,faceswap,h264_crf35,2.1536941528320312,0.8960134772684721
xception_deepfakebench,external,1,official,27,faceswap_faces_c23/955_078,ffpp_test:8,1,faceswap,h264_crf35,2.1657276153564453,0.8971293439618476
xception_deepfakebench,external,1,official,28,neuraltextures_faces_c23/078_955,ffpp_test:8,1,neuraltextures,h264_crf35,-0.33442020416259766,0.4171655096843732
xception_deepfakebench,external,1,official,29,neuraltextures_faces_c23/955_078,ffpp_test:8,1,neuraltextures,h264_crf35,1.455855369567871,0.8108979457227287
xception_deepfakebench,external,1,official,30,original_faces_c23/623,ffpp_test:51,0,real,h264_crf35,0.34347236156463623,0.5850337537171947
xception_deepfakebench,external,1,official,31,original_faces_c23/630,ffpp_test:51,0,real,h264_crf35,-0.39269351959228516,0.40306905920297603
xception_deepfakebench,external,1,official,32,deepfakes_faces_c23/623_630,ffpp_test:51,1,deepfakes,h264_crf35,4.7516937255859375,0.9914369058980588
xception_deepfakebench,external,1,official,33,deepfakes_faces_c23/630_623,ffpp_test:51,1,deepfakes,h264_crf35,0.6030025482177734,0.6463429411304159
xception_deepfakebench,external,1,official,34,face2face_faces_c23/623_630,ffpp_test:51,1,face2face,h264_crf35,2.9939727783203125,0.9523010931344114
xception_deepfakebench,external,1,official,35,face2face_faces_c23/630_623,ffpp_test:51,1,face2face,h264_crf35,2.423562526702881,0.9186065071846101
xception_deepfakebench,external,1,official,36,faceswap_faces_c23/623_630,ffpp_test:51,1,faceswap,h264_crf35,5.6461181640625,0.9964812277462299
xception_deepfakebench,external,1,official,37,faceswap_faces_c23/630_623,ffpp_test:51,1,faceswap,h264_crf35,3.5605316162109375,0.9723618680606244
xception_deepfakebench,external,1,official,38,neuraltextures_faces_c23/623_630,ffpp_test:51,1,neuraltextures,h264_crf35,0.9414215087890625,0.7193867061174603
xception_deepfakebench,external,1,official,39,neuraltextures_faces_c23/630_623,ffpp_test:51,1,neuraltextures,h264_crf35,1.42669677734375,0.8063861135931206
xception_deepfakebench,external,1,official,40,original_faces_c23/919,ffpp_test:2,0,real,h264_crf35,0.10588479042053223,0.5264464932869197
xception_deepfakebench,external,1,official,41,original_faces_c23/015,ffpp_test:2,0,real,h264_crf35,-0.8940029144287109,0.290284457665993
xception_deepfakebench,external,1,official,42,deepfakes_faces_c23/919_015,ffpp_test:2,1,deepfakes,h264_crf35,4.171234130859375,0.9848013618734103
xception_deepfakebench,external,1,official,43,deepfakes_faces_c23/015_919,ffpp_test:2,1,deepfakes,h264_crf35,-0.21222877502441406,0.4471410593284235
xception_deepfakebench,external,1,official,44,face2face_faces_c23/919_015,ffpp_test:2,1,face2face,h264_crf35,2.4377059936523438,0.9196577528229125
xception_deepfakebench,external,1,official,45,face2face_faces_c23/015_919,ffpp_test:2,1,face2face,h264_crf35,1.166707992553711,0.7625494545240722
xception_deepfakebench,external,1,official,46,faceswap_faces_c23/919_015,ffpp_test:2,1,faceswap,h264_crf35,3.5010223388671875,0.9707168438875267
xception_deepfakebench,external,1,official,47,faceswap_faces_c23/015_919,ffpp_test:2,1,faceswap,h264_crf35,2.7839431762695312,0.9418019509307117
xception_deepfakebench,external,1,official,48,neuraltextures_faces_c23/919_015,ffpp_test:2,1,neuraltextures,h264_crf35,1.9321212768554688,0.8734840272900352
xception_deepfakebench,external,1,official,49,neuraltextures_faces_c23/015_919,ffpp_test:2,1,neuraltextures,h264_crf35,0.6441669464111328,0.6556947961546873
xception_deepfakebench,external,1,official,50,original_faces_c23/367,ffpp_test:30,0,real,h264_crf35,-1.3909683227539062,0.1992532146319224
xception_deepfakebench,external,1,official,51,original_faces_c23/371,ffpp_test:30,0,real,h264_crf35,-1.8467388153076172,0.1362562523311131
xception_deepfakebench,external,1,official,52,deepfakes_faces_c23/367_371,ffpp_test:30,1,deepfakes,h264_crf35,1.2604312896728516,0.7791003429605253
xception_deepfakebench,external,1,official,53,deepfakes_faces_c23/371_367,ffpp_test:30,1,deepfakes,h264_crf35,7.1143798828125,0.9991873360480935
xception_deepfakebench,external,1,official,54,face2face_faces_c23/367_371,ffpp_test:30,1,face2face,h264_crf35,1.9439678192138672,0.8747874028902882
xception_deepfakebench,external,1,official,55,face2face_faces_c23/371_367,ffpp_test:30,1,face2face,h264_crf35,2.1616973876953125,0.8967568054144465
xception_deepfakebench,external,1,official,56,faceswap_faces_c23/367_371,ffpp_test:30,1,faceswap,h264_crf35,2.7840347290039062,0.9418069688279773
xception_deepfakebench,external,1,official,57,faceswap_faces_c23/371_367,ffpp_test:30,1,faceswap,h264_crf35,0.2615337371826172,0.5650132809277112
xception_deepfakebench,external,1,official,58,neuraltextures_faces_c23/367_371,ffpp_test:30,1,neuraltextures,h264_crf35,0.8161125183105469,0.693410513111738
xception_deepfakebench,external,1,official,59,neuraltextures_faces_c23/371_367,ffpp_test:30,1,neuraltextures,h264_crf35,0.950767993927002,0.7212696015744318
xception_deepfakebench,external,1,official,60,original_faces_c23/847,ffpp_test:65,0,real,h264_crf35,-1.9504032135009766,0.12450939851562776
xception_deepfakebench,external,1,official,61,original_faces_c23/906,ffpp_test:65,0,real,h264_crf35,-1.0103988647460938,0.26690179954353016
xception_deepfakebench,external,1,official,62,deepfakes_faces_c23/847_906,ffpp_test:65,1,deepfakes,h264_crf35,3.79425048828125,0.9779953363887337
xception_deepfakebench,external,1,official,63,deepfakes_faces_c23/906_847,ffpp_test:65,1,deepfakes,h264_crf35,2.379283905029297,0.9152338955566192
xception_deepfakebench,external,1,official,64,face2face_faces_c23/847_906,ffpp_test:65,1,face2face,h264_crf35,-0.42154502868652344,0.3961470975158705
xception_deepfakebench,external,1,official,65,face2face_faces_c23/906_847,ffpp_test:65,1,face2face,h264_crf35,2.7033939361572266,0.9372266155540071
xception_deepfakebench,external,1,official,66,faceswap_faces_c23/847_906,ffpp_test:65,1,faceswap,h264_crf35,1.4766731262207031,0.8140695501002666
xception_deepfakebench,external,1,official,67,faceswap_faces_c23/906_847,ffpp_test:65,1,faceswap,h264_crf35,3.518890380859375,0.9712205050592203
xception_deepfakebench,external,1,official,68,neuraltextures_faces_c23/847_906,ffpp_test:65,1,neuraltextures,h264_crf35,-0.2606172561645508,0.435211979018014
xception_deepfakebench,external,1,official,69,neuraltextures_faces_c23/906_847,ffpp_test:65,1,neuraltextures,h264_crf35,0.2082958221435547,0.5518864904767644
xception_deepfakebench,external,1,official,70,original_faces_c23/529,ffpp_test:46,0,real,h264_crf35,-1.4089698791503906,0.19639658430912957
xception_deepfakebench,external,1,official,71,original_faces_c23/633,ffpp_test:46,0,real,h264_crf35,0.14598560333251953,0.5364317216839216
xception_deepfakebench,external,1,official,72,deepfakes_faces_c23/529_633,ffpp_test:46,1,deepfakes,h264_crf35,3.4697341918945312,0.9698142380646925
xception_deepfakebench,external,1,official,73,deepfakes_faces_c23/633_529,ffpp_test:46,1,deepfakes,h264_crf35,2.856077194213867,0.9456319718609364
xception_deepfakebench,external,1,official,74,face2face_faces_c23/529_633,ffpp_test:46,1,face2face,h264_crf35,2.9835205078125,0.9518240612532332
xception_deepfakebench,external,1,official,75,face2face_faces_c23/633_529,ffpp_test:46,1,face2face,h264_crf35,1.3470382690429688,0.7936449996121753
xception_deepfakebench,external,1,official,76,faceswap_faces_c23/529_633,ffpp_test:46,1,faceswap,h264_crf35,5.79541015625,0.9969677398789728
xception_deepfakebench,external,1,official,77,faceswap_faces_c23/633_529,ffpp_test:46,1,faceswap,h264_crf35,2.5660400390625,0.9286437358918848
xception_deepfakebench,external,1,official,78,neuraltextures_faces_c23/529_633,ffpp_test:46,1,neuraltextures,h264_crf35,-0.8239727020263672,0.30492101684530387
xception_deepfakebench,external,1,official,79,neuraltextures_faces_c23/633_529,ffpp_test:46,1,neuraltextures,h264_crf35,0.6686840057373047,0.6612084234717402
xception_deepfakebench,external,1,official,80,original_faces_c23/418,ffpp_test:36,0,real,h264_crf35,0.9613733291625977,0.7233966842309419
xception_deepfakebench,external,1,official,81,original_faces_c23/507,ffpp_test:36,0,real,h264_crf35,0.058539748191833496,0.5146307591049617
xception_deepfakebench,external,1,official,82,deepfakes_faces_c23/418_507,ffpp_test:36,1,deepfakes,h264_crf35,2.0578994750976562,0.8867433864612794
xception_deepfakebench,external,1,official,83,deepfakes_faces_c23/507_418,ffpp_test:36,1,deepfakes,h264_crf35,3.2642745971679688,0.963182676139254
xception_deepfakebench,external,1,official,84,face2face_faces_c23/418_507,ffpp_test:36,1,face2face,h264_crf35,3.667816162109375,0.9751034945193279
xception_deepfakebench,external,1,official,85,face2face_faces_c23/507_418,ffpp_test:36,1,face2face,h264_crf35,2.838470458984375,0.944719637101331
xception_deepfakebench,external,1,official,86,faceswap_faces_c23/418_507,ffpp_test:36,1,faceswap,h264_crf35,2.278228759765625,0.9070578320078613
xception_deepfakebench,external,1,official,87,faceswap_faces_c23/507_418,ffpp_test:36,1,faceswap,h264_crf35,2.8117599487304688,0.9433080112063299
xception_deepfakebench,external,1,official,88,neuraltextures_faces_c23/418_507,ffpp_test:36,1,neuraltextures,h264_crf35,0.5637054443359375,0.6373094743404009
xception_deepfakebench,external,1,official,89,neuraltextures_faces_c23/507_418,ffpp_test:36,1,neuraltextures,h264_crf35,0.9998986721038818,0.7310386558900301
xception_deepfakebench,external,1,official,90,original_faces_c23/227,ffpp_test:16,0,real,h264_crf35,-0.11077380180358887,0.4723348333235281
xception_deepfakebench,external,1,official,91,original_faces_c23/169,ffpp_test:16,0,real,h264_crf35,0.8975496292114258,0.7104456905041848
xception_deepfakebench,external,1,official,92,deepfakes_faces_c23/227_169,ffpp_test:16,1,deepfakes,h264_crf35,5.534423828125,0.9960670462155391
xception_deepfakebench,external,1,official,93,deepfakes_faces_c23/169_227,ffpp_test:16,1,deepfakes,h264_crf35,1.210916519165039,0.7704610763770258
xception_deepfakebench,external,1,official,94,face2face_faces_c23/227_169,ffpp_test:16,1,face2face,h264_crf35,0.08453500270843506,0.5211211742222953
xception_deepfakebench,external,1,official,95,face2face_faces_c23/169_227,ffpp_test:16,1,face2face,h264_crf35,3.08172607421875,0.9561326383890092
xception_deepfakebench,external,1,official,96,faceswap_faces_c23/227_169,ffpp_test:16,1,faceswap,h264_crf35,2.037858247756958,0.8847150012157688
xception_deepfakebench,external,1,official,97,faceswap_faces_c23/169_227,ffpp_test:16,1,faceswap,h264_crf35,1.7899646759033203,0.8569229456279415
xception_deepfakebench,external,1,official,98,neuraltextures_faces_c23/227_169,ffpp_test:16,1,neuraltextures,h264_crf35,0.4438762664794922,0.6091822788658452
xception_deepfakebench,external,1,official,99,neuraltextures_faces_c23/169_227,ffpp_test:16,1,neuraltextures,h264_crf35,1.3270587921142578,0.7903537083395631
xception_deepfakebench,external,1,official,100,original_faces_c23/389,ffpp_test:33,0,real,h264_crf35,-1.9597415924072266,0.12349501591466513
xception_deepfakebench,external,1,official,101,original_faces_c23/480,ffpp_test:33,0,real,h264_crf35,-1.5953454971313477,0.16863315153237582
xception_deepfakebench,external,1,official,102,deepfakes_faces_c23/389_480,ffpp_test:33,1,deepfakes,h264_crf35,4.035316467285156,0.9826270707892676
xception_deepfakebench,external,1,official,103,deepfakes_faces_c23/480_389,ffpp_test:33,1,deepfakes,h264_crf35,0.3328876495361328,0.5824618201265416
xception_deepfakebench,external,1,official,104,face2face_faces_c23/389_480,ffpp_test:33,1,face2face,h264_crf35,0.9216804504394531,0.7153843852916943
xception_deepfakebench,external,1,official,105,face2face_faces_c23/480_389,ffpp_test:33,1,face2face,h264_crf35,-0.8325576782226562,0.3031045343241037
xception_deepfakebench,external,1,official,106,faceswap_faces_c23/389_480,ffpp_test:33,1,faceswap,h264_crf35,0.4700927734375,0.6154057143845655
xception_deepfakebench,external,1,official,107,faceswap_faces_c23/480_389,ffpp_test:33,1,faceswap,h264_crf35,1.6964365243911743,0.8450687512480466
xception_deepfakebench,external,1,official,108,neuraltextures_faces_c23/389_480,ffpp_test:33,1,neuraltextures,h264_crf35,-0.008197784423828125,0.49795056537149074
xception_deepfakebench,external,1,official,109,neuraltextures_faces_c23/480_389,ffpp_test:33,1,neuraltextures,h264_crf35,-1.423858642578125,0.19405738278396142
xception_deepfakebench,external,1,official,110,original_faces_c23/821,ffpp_test:64,0,real,h264_crf35,-0.2384052276611328,0.44067939465218786
xception_deepfakebench,external,1,official,111,original_faces_c23/812,ffpp_test:64,0,real,h264_crf35,-1.559267520904541,0.17375177812660692
xception_deepfakebench,external,1,official,112,deepfakes_faces_c23/821_812,ffpp_test:64,1,deepfakes,h264_crf35,0.15361428260803223,0.5383282298966949
xception_deepfakebench,external,1,official,113,deepfakes_faces_c23/812_821,ffpp_test:64,1,deepfakes,h264_crf35,3.3559799194335938,0.9663001111023014
xception_deepfakebench,external,1,official,114,face2face_faces_c23/821_812,ffpp_test:64,1,face2face,h264_crf35,1.8965797424316406,0.869503930019889
xception_deepfakebench,external,1,official,115,face2face_faces_c23/812_821,ffpp_test:64,1,face2face,h264_crf35,1.0194854736328125,0.7348723638513024
xception_deepfakebench,external,1,official,116,faceswap_faces_c23/821_812,ffpp_test:64,1,faceswap,h264_crf35,2.7618865966796875,0.9405811602758098
xception_deepfakebench,external,1,official,117,faceswap_faces_c23/812_821,ffpp_test:64,1,faceswap,h264_crf35,1.3802204132080078,0.799026397243616
xception_deepfakebench,external,1,official,118,neuraltextures_faces_c23/821_812,ffpp_test:64,1,neuraltextures,h264_crf35,0.14635276794433594,0.5365230242878454
xception_deepfakebench,external,1,official,119,neuraltextures_faces_c23/812_821,ffpp_test:64,1,neuraltextures,h264_crf35,-0.8668556213378906,0.29590900275135956
xception_deepfakebench,external,1,official,120,original_faces_c23/670,ffpp_test:54,0,real,h264_crf35,-1.1382865905761719,0.24263508390538563
xception_deepfakebench,external,1,official,121,original_faces_c23/661,ffpp_test:54,0,real,h264_crf35,-1.1108741760253906,0.2477079510501526
xception_deepfakebench,external,1,official,122,deepfakes_faces_c23/670_661,ffpp_test:54,1,deepfakes,h264_crf35,6.65380859375,0.9987125565730749
xception_deepfakebench,external,1,official,123,deepfakes_faces_c23/661_670,ffpp_test:54,1,deepfakes,h264_crf35,3.7965240478515625,0.9780442112969631
xception_deepfakebench,external,1,official,124,face2face_faces_c23/670_661,ffpp_test:54,1,face2face,h264_crf35,1.9805643558502197,0.8787413099119524
xception_deepfakebench,external,1,official,125,face2face_faces_c23/661_670,ffpp_test:54,1,face2face,h264_crf35,1.7264375686645508,0.8489561788125041
xception_deepfakebench,external,1,official,126,faceswap_faces_c23/670_661,ffpp_test:54,1,faceswap,h264_crf35,4.9483642578125,0.992954979415158
xception_deepfakebench,external,1,official,127,faceswap_faces_c23/661_670,ffpp_test:54,1,faceswap,h264_crf35,1.1397370100021362,0.7576313504514509
xception_deepfakebench,external,1,official,128,neuraltextures_faces_c23/670_661,ffpp_test:54,1,neuraltextures,h264_crf35,3.110687255859375,0.9573314376040293
xception_deepfakebench,external,1,official,129,neuraltextures_faces_c23/661_670,ffpp_test:54,1,neuraltextures,h264_crf35,-1.8254051208496094,0.1387865644506998
xception_deepfakebench,external,1,official,130,original_faces_c23/158,ffpp_test:15,0,real,h264_crf35,-0.5102443695068359,0.3751362413620125
xception_deepfakebench,external,1,official,131,original_faces_c23/379,ffpp_test:15,0,real,h264_crf35,-1.8549766540527344,0.13528963897222632
xception_deepfakebench,external,1,official,132,deepfakes_faces_c23/158_379,ffpp_test:15,1,deepfakes,h264_crf35,-1.5506210327148438,0.1749965898448352
xception_deepfakebench,external,1,official,133,deepfakes_faces_c23/379_158,ffpp_test:15,1,deepfakes,h264_crf35,1.6608200073242188,0.8403480485739592
xception_deepfakebench,external,1,official,134,face2face_faces_c23/158_379,ffpp_test:15,1,face2face,h264_crf35,1.022979736328125,0.7355526094545334
xception_deepfakebench,external,1,official,135,face2face_faces_c23/379_158,ffpp_test:15,1,face2face,h264_crf35,0.945012092590332,0.7201109640826299
xception_deepfakebench,external,1,official,136,faceswap_faces_c23/158_379,ffpp_test:15,1,faceswap,h264_crf35,1.5246925354003906,0.82122844121782
xception_deepfakebench,external,1,official,137,faceswap_faces_c23/379_158,ffpp_test:15,1,faceswap,h264_crf35,1.6957283020019531,0.8449760027583739
xception_deepfakebench,external,1,official,138,neuraltextures_faces_c23/158_379,ffpp_test:15,1,neuraltextures,h264_crf35,0.6212539672851562,0.6505036901062471
xception_deepfakebench,external,1,official,139,neuraltextures_faces_c23/379_158,ffpp_test:15,1,neuraltextures,h264_crf35,-0.5921096801757812,0.3561509422511856
xception_deepfakebench,external,1,official,140,original_faces_c23/423,ffpp_test:37,0,real,h264_crf35,-0.23631811141967773,0.4411938928005265
xception_deepfakebench,external,1,official,141,original_faces_c23/421,ffpp_test:37,0,real,h264_crf35,-0.8791961669921875,0.2933443805435527
xception_deepfakebench,external,1,official,142,deepfakes_faces_c23/423_421,ffpp_test:37,1,deepfakes,h264_crf35,4.19989013671875,0.9852243690779564
xception_deepfakebench,external,1,official,143,deepfakes_faces_c23/421_423,ffpp_test:37,1,deepfakes,h264_crf35,3.469390869140625,0.9698041858133714
xception_deepfakebench,external,1,official,144,face2face_faces_c23/423_421,ffpp_test:37,1,face2face,h264_crf35,1.0700346231460571,0.744603500136722
xception_deepfakebench,external,1,official,145,face2face_faces_c23/421_423,ffpp_test:37,1,face2face,h264_crf35,0.7332782745361328,0.6755242547002753
xception_deepfakebench,external,1,official,146,faceswap_faces_c23/423_421,ffpp_test:37,1,faceswap,h264_crf35,0.8242206573486328,0.6951315333025464
xception_deepfakebench,external,1,official,147,faceswap_faces_c23/421_423,ffpp_test:37,1,faceswap,h264_crf35,3.871429443359375,0.9795964029806407
xception_deepfakebench,external,1,official,148,neuraltextures_faces_c23/423_421,ffpp_test:37,1,neuraltextures,h264_crf35,0.2235581874847412,0.5556579324971667
xception_deepfakebench,external,1,official,149,neuraltextures_faces_c23/421_423,ffpp_test:37,1,neuraltextures,h264_crf35,1.9840507507324219,0.8791123125257938
xception_deepfakebench,external,1,official,150,original_faces_c23/352,ffpp_test:28,0,real,h264_crf35,-1.7917189598083496,0.14286210326601442
xception_deepfakebench,external,1,official,151,original_faces_c23/319,ffpp_test:28,0,real,h264_crf35,-2.0609169006347656,0.11295392829479954
xception_deepfakebench,external,1,official,152,deepfakes_faces_c23/352_319,ffpp_test:28,1,deepfakes,h264_crf35,0.2926483154296875,0.5726443604210393
xception_deepfakebench,external,1,official,153,deepfakes_faces_c23/319_352,ffpp_test:28,1,deepfakes,h264_crf35,2.2671890258789062,0.9061229474512432
xception_deepfakebench,external,1,official,154,face2face_faces_c23/352_319,ffpp_test:28,1,face2face,h264_crf35,2.5085678100585938,0.9247402768732549
xception_deepfakebench,external,1,official,155,face2face_faces_c23/319_352,ffpp_test:28,1,face2face,h264_crf35,0.5623674392700195,0.6370001428921227
xception_deepfakebench,external,1,official,156,faceswap_faces_c23/352_319,ffpp_test:28,1,faceswap,h264_crf35,2.388859748840332,0.9159738494249894
xception_deepfakebench,external,1,official,157,faceswap_faces_c23/319_352,ffpp_test:28,1,faceswap,h264_crf35,2.4091429710388184,0.9175218489751263
xception_deepfakebench,external,1,official,158,neuraltextures_faces_c23/352_319,ffpp_test:28,1,neuraltextures,h264_crf35,1.4523801803588867,0.8103644757953418
xception_deepfakebench,external,1,official,159,neuraltextures_faces_c23/319_352,ffpp_test:28,1,neuraltextures,h264_crf35,-0.8388023376464844,0.301787085472206
xception_deepfakebench,external,1,official,160,original_faces_c23/579,ffpp_test:48,0,real,h264_crf35,-1.3169937133789062,0.2113188960578918
xception_deepfakebench,external,1,official,161,original_faces_c23/701,ffpp_test:48,0,real,h264_crf35,0.15238571166992188,0.5380228776579358
xception_deepfakebench,external,1,official,162,deepfakes_faces_c23/579_701,ffpp_test:48,1,deepfakes,h264_crf35,1.591484546661377,0.8308248658758522
xception_deepfakebench,external,1,official,163,deepfakes_faces_c23/701_579,ffpp_test:48,1,deepfakes,h264_crf35,-0.17664337158203125,0.45595362872611467
xception_deepfakebench,external,1,official,164,face2face_faces_c23/579_701,ffpp_test:48,1,face2face,h264_crf35,0.5986957550048828,0.6453578588710304
xception_deepfakebench,external,1,official,165,face2face_faces_c23/701_579,ffpp_test:48,1,face2face,h264_crf35,1.94927978515625,0.8753680884786684
xception_deepfakebench,external,1,official,166,faceswap_faces_c23/579_701,ffpp_test:48,1,faceswap,h264_crf35,2.6043052673339844,0.931138145889329
xception_deepfakebench,external,1,official,167,faceswap_faces_c23/701_579,ffpp_test:48,1,faceswap,h264_crf35,1.4428892135620117,0.808901664023333
xception_deepfakebench,external,1,official,168,neuraltextures_faces_c23/579_701,ffpp_test:48,1,neuraltextures,h264_crf35,-1.7044734954833984,0.15388190356717713
xception_deepfakebench,external,1,official,169,neuraltextures_faces_c23/701_579,ffpp_test:48,1,neuraltextures,h264_crf35,-0.5600109100341797,0.36354493535079985
xception_deepfakebench,external,1,official,170,original_faces_c23/488,ffpp_test:34,0,real,h264_crf35,-0.5397548675537109,0.3682446081607875
xception_deepfakebench,external,1,official,171,original_faces_c23/399,ffpp_test:34,0,real,h264_crf35,2.5079421997070312,0.9246967255135312
xception_deepfakebench,external,1,official,172,deepfakes_faces_c23/488_399,ffpp_test:34,1,deepfakes,h264_crf35,2.79520845413208,0.9424163481171975
xception_deepfakebench,external,1,official,173,deepfakes_faces_c23/399_488,ffpp_test:34,1,deepfakes,h264_crf35,1.3597373962402344,0.7957170144095458
xception_deepfakebench,external,1,official,174,face2face_faces_c23/488_399,ffpp_test:34,1,face2face,h264_crf35,1.6975479125976562,0.8452142067927519
xception_deepfakebench,external,1,official,175,face2face_faces_c23/399_488,ffpp_test:34,1,face2face,h264_crf35,6.41864013671875,0.998371782923279
xception_deepfakebench,external,1,official,176,faceswap_faces_c23/488_399,ffpp_test:34,1,faceswap,h264_crf35,2.0636749267578125,0.8873221182158635
xception_deepfakebench,external,1,official,177,faceswap_faces_c23/399_488,ffpp_test:34,1,faceswap,h264_crf35,5.41339111328125,0.995563270240344
xception_deepfakebench,external,1,official,178,neuraltextures_faces_c23/488_399,ffpp_test:34,1,neuraltextures,h264_crf35,0.23941278457641602,0.5595689341867801
xception_deepfakebench,external,1,official,179,neuraltextures_faces_c23/399_488,ffpp_test:34,1,neuraltextures,h264_crf35,4.0809326171875,0.9833888852369468
xception_deepfakebench,external,1,official,180,original_faces_c23/695,ffpp_test:38,0,real,h264_crf35,0.07338714599609375,0.5183385567815596
xception_deepfakebench,external,1,official,181,original_faces_c23/422,ffpp_test:38,0,real,h264_crf35,0.5968608856201172,0.6449377983920703
xception_deepfakebench,external,1,official,182,deepfakes_faces_c23/695_422,ffpp_test:38,1,deepfakes,h264_crf35,1.9888572692871094,0.879622189694199
xception_deepfakebench,external,1,official,183,deepfakes_faces_c23/422_695,ffpp_test:38,1,deepfakes,h264_crf35,3.531036376953125,0.9715580645058545
xception_deepfakebench,external,1,official,184,face2face_faces_c23/695_422,ffpp_test:38,1,face2face,h264_crf35,0.45078253746032715,0.6108252731252373
xception_deepfakebench,external,1,official,185,face2face_faces_c23/422_695,ffpp_test:38,1,face2face,h264_crf35,3.73394775390625,0.9766594937893919
xception_deepfakebench,external,1,official,186,faceswap_faces_c23/695_422,ffpp_test:38,1,faceswap,h264_crf35,1.9737510681152344,0.8780134444781519
xception_deepfakebench,external,1,official,187,faceswap_faces_c23/422_695,ffpp_test:38,1,faceswap,h264_crf35,3.478363037109375,0.9700658224264812
xception_deepfakebench,external,1,official,188,neuraltextures_faces_c23/695_422,ffpp_test:38,1,neuraltextures,h264_crf35,-0.6797113418579102,0.33632573114690323
xception_deepfakebench,external,1,official,189,neuraltextures_faces_c23/422_695,ffpp_test:38,1,neuraltextures,h264_crf35,1.2096023559570312,0.7702285829525806
xception_deepfakebench,external,1,official,190,original_faces_c23/288,ffpp_test:25,0,real,h264_crf35,0.5250825881958008,0.6283354753216207
xception_deepfakebench,external,1,official,191,original_faces_c23/321,ffpp_test:25,0,real,h264_crf35,0.31112098693847656,0.5771588577187268
xception_deepfakebench,external,1,official,192,deepfakes_faces_c23/288_321,ffpp_test:25,1,deepfakes,h264_crf35,3.5485429763793945,0.9720378511503309
xception_deepfakebench,external,1,official,193,deepfakes_faces_c23/321_288,ffpp_test:25,1,deepfakes,h264_crf35,4.61505126953125,0.9901954061691922
xception_deepfakebench,external,1,official,194,face2face_faces_c23/288_321,ffpp_test:25,1,face2face,h264_crf35,2.6904067993164062,0.9364581922499878
xception_deepfakebench,external,1,official,195,face2face_faces_c23/321_288,ffpp_test:25,1,face2face,h264_crf35,2.1124000549316406,0.8921025694035236
xception_deepfakebench,external,1,official,196,faceswap_faces_c23/288_321,ffpp_test:25,1,faceswap,h264_crf35,2.6004104614257812,0.9308879915845192
xception_deepfakebench,external,1,official,197,faceswap_faces_c23/321_288,ffpp_test:25,1,faceswap,h264_crf35,4.33197021484375,0.9870288321578418
xception_deepfakebench,external,1,official,198,neuraltextures_faces_c23/288_321,ffpp_test:25,1,neuraltextures,h264_crf35,1.2709946632385254,0.7809129703083639
xception_deepfakebench,external,1,official,199,neuraltextures_faces_c23/321_288,ffpp_test:25,1,neuraltextures,h264_crf35,0.6998281478881836,0.6681496692414626
xception_deepfakebench,external,1,official,200,original_faces_c23/705,ffpp_test:57,0,real,h264_crf35,0.233001708984375,0.5579883164952097
xception_deepfakebench,external,1,official,201,original_faces_c23/707,ffpp_test:57,0,real,h264_crf35,-3.409099578857422,0.032012287536213525
xception_deepfakebench,external,1,official,202,deepfakes_faces_c23/705_707,ffpp_test:57,1,deepfakes,h264_crf35,0.7356760501861572,0.6760496047540698
xception_deepfakebench,external,1,official,203,deepfakes_faces_c23/707_705,ffpp_test:57,1,deepfakes,h264_crf35,1.5849084854125977,0.829898556320196
xception_deepfakebench,external,1,official,204,face2face_faces_c23/705_707,ffpp_test:57,1,face2face,h264_crf35,1.028418779373169,0.7366092284146141
xception_deepfakebench,external,1,official,205,face2face_faces_c23/707_705,ffpp_test:57,1,face2face,h264_crf35,0.6670608520507812,0.660844722732716
xception_deepfakebench,external,1,official,206,faceswap_faces_c23/705_707,ffpp_test:57,1,faceswap,h264_crf35,3.556896209716797,0.972264001229109
xception_deepfakebench,external,1,official,207,faceswap_faces_c23/707_705,ffpp_test:57,1,faceswap,h264_crf35,3.479827880859375,0.9701083294620667
xception_deepfakebench,external,1,official,208,neuraltextures_faces_c23/705_707,ffpp_test:57,1,neuraltextures,h264_crf35,1.1425285339355469,0.7581435783500655
xception_deepfakebench,external,1,official,209,neuraltextures_faces_c23/707_705,ffpp_test:57,1,neuraltextures,h264_crf35,-2.44647216796875,0.07969691578075405
xception_deepfakebench,external,1,official,210,original_faces_c23/306,ffpp_test:24,0,real,h264_crf35,1.9136199951171875,0.8714252895246556
xception_deepfakebench,external,1,official,211,original_faces_c23/278,ffpp_test:24,0,real,h264_crf35,-0.18875455856323242,0.4529509671706234
xception_deepfakebench,external,1,official,212,deepfakes_faces_c23/306_278,ffpp_test:24,1,deepfakes,h264_crf35,5.446746826171875,0.9957081949093742
xception_deepfakebench,external,1,official,213,deepfakes_faces_c23/278_306,ffpp_test:24,1,deepfakes,h264_crf35,4.375030517578125,0.9875687238087476
xception_deepfakebench,external,1,official,214,face2face_faces_c23/306_278,ffpp_test:24,1,face2face,h264_crf35,1.8159198760986328,0.8600758239021334
xception_deepfakebench,external,1,official,215,face2face_faces_c23/278_306,ffpp_test:24,1,face2face,h264_crf35,3.0835723876953125,0.9562100131608453
xception_deepfakebench,external,1,official,216,faceswap_faces_c23/306_278,ffpp_test:24,1,faceswap,h264_crf35,4.061225891113281,0.9830638867869601
xception_deepfakebench,external,1,official,217,faceswap_faces_c23/278_306,ffpp_test:24,1,faceswap,h264_crf35,2.9057788848876953,0.9481313696121929
xception_deepfakebench,external,1,official,218,neuraltextures_faces_c23/306_278,ffpp_test:24,1,neuraltextures,h264_crf35,2.82427978515625,0.9439738429497413
xception_deepfakebench,external,1,official,219,neuraltextures_faces_c23/278_306,ffpp_test:24,1,neuraltextures,h264_crf35,0.9689559936523438,0.7249113562797707
xception_deepfakebench,external,1,official,220,original_faces_c23/865,ffpp_test:61,0,real,h264_crf35,-1.3235673904418945,0.21022538495970744
xception_deepfakebench,external,1,official,221,original_faces_c23/739,ffpp_test:61,0,real,h264_crf35,-1.8997879028320312,0.13013248145879464
xception_deepfakebench,external,1,official,222,deepfakes_faces_c23/865_739,ffpp_test:61,1,deepfakes,h264_crf35,4.15972900390625,0.9846281933081211
xception_deepfakebench,external,1,official,223,deepfakes_faces_c23/739_865,ffpp_test:61,1,deepfakes,h264_crf35,7.567138671875,0.9994830971997143
xception_deepfakebench,external,1,official,224,face2face_faces_c23/865_739,ffpp_test:61,1,face2face,h264_crf35,-0.4265928268432617,0.3949402258660281
xception_deepfakebench,external,1,official,225,face2face_faces_c23/739_865,ffpp_test:61,1,face2face,h264_crf35,2.81887149810791,0.9436871258978018
xception_deepfakebench,external,1,official,226,faceswap_faces_c23/865_739,ffpp_test:61,1,faceswap,h264_crf35,2.3885421752929688,0.9159494039075388
xception_deepfakebench,external,1,official,227,faceswap_faces_c23/739_865,ffpp_test:61,1,faceswap,h264_crf35,6.03912353515625,0.9976220210814556
xception_deepfakebench,external,1,official,228,neuraltextures_faces_c23/865_739,ffpp_test:61,1,neuraltextures,h264_crf35,-1.602834701538086,0.16758579902635537
xception_deepfakebench,external,1,official,229,neuraltextures_faces_c23/739_865,ffpp_test:61,1,neuraltextures,h264_crf35,-1.3455009460449219,0.20660688545225303
xception_deepfakebench,external,1,official,230,original_faces_c23/995,ffpp_test:21,0,real,h264_crf35,-0.8826179504394531,0.29263556914464334
xception_deepfakebench,external,1,official,231,original_faces_c23/233,ffpp_test:21,0,real,h264_crf35,-5.5283203125,0.003956936759462018
xception_deepfakebench,external,1,official,232,deepfakes_faces_c23/995_233,ffpp_test:21,1,deepfakes,h264_crf35,-0.6234321594238281,0.3490012633598019
xception_deepfakebench,external,1,official,233,deepfakes_faces_c23/233_995,ffpp_test:21,1,deepfakes,h264_crf35,3.6192626953125,0.9738971880431755
xception_deepfakebench,external,1,official,234,face2face_faces_c23/995_233,ffpp_test:21,1,face2face,h264_crf35,6.611328125,0.9986567621395104
xception_deepfakebench,external,1,official,235,face2face_faces_c23/233_995,ffpp_test:21,1,face2face,h264_crf35,-3.9812469482421875,0.018320451092848213
xception_deepfakebench,external,1,official,236,faceswap_faces_c23/995_233,ffpp_test:21,1,faceswap,h264_crf35,-1.638838768005371,0.162623133550155
xception_deepfakebench,external,1,official,237,faceswap_faces_c23/233_995,ffpp_test:21,1,faceswap,h264_crf35,2.9267578125,0.9491534308897333
xception_deepfakebench,external,1,official,238,neuraltextures_faces_c23/995_233,ffpp_test:21,1,neuraltextures,h264_crf35,1.4850387573242188,0.8153324491882272
xception_deepfakebench,external,1,official,239,neuraltextures_faces_c23/233_995,ffpp_test:21,1,neuraltextures,h264_crf35,-4.5155110359191895,0.010819668297189666
xception_deepfakebench,external,1,official,240,original_faces_c23/755,ffpp_test:62,0,real,h264_crf35,-1.644728660583496,0.16182265947904492
xception_deepfakebench,external,1,official,241,original_faces_c23/759,ffpp_test:62,0,real,h264_crf35,-1.8572235107421875,0.13502700273166485
xception_deepfakebench,external,1,official,242,deepfakes_faces_c23/755_759,ffpp_test:62,1,deepfakes,h264_crf35,3.0166168212890625,0.9533191989613338
xception_deepfakebench,external,1,official,243,deepfakes_faces_c23/759_755,ffpp_test:62,1,deepfakes,h264_crf35,0.5184030532836914,0.6267742710020284
xception_deepfakebench,external,1,official,244,face2face_faces_c23/755_759,ffpp_test:62,1,face2face,h264_crf35,-0.35089111328125,0.41316634512565037
xception_deepfakebench,external,1,official,245,face2face_faces_c23/759_755,ffpp_test:62,1,face2face,h264_crf35,2.815277099609375,0.9434958084228814
xception_deepfakebench,external,1,official,246,faceswap_faces_c23/755_759,ffpp_test:62,1,faceswap,h264_crf35,0.6641989946365356,0.6602030026081849
xception_deepfakebench,external,1,official,247,faceswap_faces_c23/759_755,ffpp_test:62,1,faceswap,h264_crf35,-1.2095718383789062,0.22977681798651947
xception_deepfakebench,external,1,official,248,neuraltextures_faces_c23/755_759,ffpp_test:62,1,neuraltextures,h264_crf35,0.6072616577148438,0.6473158964188985
xception_deepfakebench,external,1,official,249,neuraltextures_faces_c23/759_755,ffpp_test:62,1,neuraltextures,h264_crf35,0.24010562896728516,0.5597396797014916
xception_deepfakebench,external,1,official,250,original_faces_c23/467,ffpp_test:43,0,real,h264_crf35,-0.7632904052734375,0.31793231029438895
xception_deepfakebench,external,1,official,251,original_faces_c23/462,ffpp_test:43,0,real,h264_crf35,-1.8312435150146484,0.13809020178241768
xception_deepfakebench,external,1,official,252,deepfakes_faces_c23/467_462,ffpp_test:43,1,deepfakes,h264_crf35,-0.6621764898300171,0.3402508629063125
xception_deepfakebench,external,1,official,253,deepfakes_faces_c23/462_467,ffpp_test:43,1,deepfakes,h264_crf35,5.1048583984375,0.9939693909201684
xception_deepfakebench,external,1,official,254,face2face_faces_c23/467_462,ffpp_test:43,1,face2face,h264_crf35,1.8704745769500732,0.8665131804242033
xception_deepfakebench,external,1,official,255,face2face_faces_c23/462_467,ffpp_test:43,1,face2face,h264_crf35,1.9610042572021484,0.8766415950066305
xception_deepfakebench,external,1,official,256,faceswap_faces_c23/467_462,ffpp_test:43,1,faceswap,h264_crf35,1.4559478759765625,0.8109121304757182
xception_deepfakebench,external,1,official,257,faceswap_faces_c23/462_467,ffpp_test:43,1,faceswap,h264_crf35,5.263458251953125,0.9948492980083419
xception_deepfakebench,external,1,official,258,neuraltextures_faces_c23/467_462,ffpp_test:43,1,neuraltextures,h264_crf35,0.0552978515625,0.5138209412035963
xception_deepfakebench,external,1,official,259,neuraltextures_faces_c23/462_467,ffpp_test:43,1,neuraltextures,h264_crf35,-0.20229434967041016,0.44959817829270654
xception_deepfakebench,external,1,official,260,original_faces_c23/314,ffpp_test:27,0,real,h264_crf35,-0.5681988000869751,0.36165254612409875
xception_deepfakebench,external,1,official,261,original_faces_c23/347,ffpp_test:27,0,real,h264_crf35,-2.539459228515625,0.07313782314762395
xception_deepfakebench,external,1,official,262,deepfakes_faces_c23/314_347,ffpp_test:27,1,deepfakes,h264_crf35,3.0585861206054688,0.9551517697484856
xception_deepfakebench,external,1,official,263,deepfakes_faces_c23/347_314,ffpp_test:27,1,deepfakes,h264_crf35,2.1671981811523438,0.8972649807189373
xception_deepfakebench,external,1,official,264,face2face_faces_c23/314_347,ffpp_test:27,1,face2face,h264_crf35,0.4746885299682617,0.6164928665173234
xception_deepfakebench,external,1,official,265,face2face_faces_c23/347_314,ffpp_test:27,1,face2face,h264_crf35,0.8121720552444458,0.6925721628715829
xception_deepfakebench,external,1,official,266,faceswap_faces_c23/314_347,ffpp_test:27,1,faceswap,h264_crf35,2.7139415740966797,0.93784430919196
xception_deepfakebench,external,1,official,267,faceswap_faces_c23/347_314,ffpp_test:27,1,faceswap,h264_crf35,3.493499755859375,0.9705022506902395
xception_deepfakebench,external,1,official,268,neuraltextures_faces_c23/314_347,ffpp_test:27,1,neuraltextures,h264_crf35,0.8645763397216797,0.7036158952671479
xception_deepfakebench,external,1,official,269,neuraltextures_faces_c23/347_314,ffpp_test:27,1,neuraltextures,h264_crf35,-0.34271812438964844,0.415149363619854
xception_deepfakebench,external,1,official,270,original_faces_c23/741,ffpp_test:60,0,real,h264_crf35,-1.628082275390625,0.16409323965978173
xception_deepfakebench,external,1,official,271,original_faces_c23/731,ffpp_test:60,0,real,h264_crf35,-1.7388725280761719,0.14945620104692564
xception_deepfakebench,external,1,official,272,deepfakes_faces_c23/741_731,ffpp_test:60,1,deepfakes,h264_crf35,-0.2553800344467163,0.43649973527807767
xception_deepfakebench,external,1,official,273,deepfakes_faces_c23/731_741,ffpp_test:60,1,deepfakes,h264_crf35,3.636474609375,0.9743311892227322
xception_deepfakebench,external,1,official,274,face2face_faces_c23/741_731,ffpp_test:60,1,face2face,h264_crf35,-0.6764693260192871,0.3370497674454754
xception_deepfakebench,external,1,official,275,face2face_faces_c23/731_741,ffpp_test:60,1,face2face,h264_crf35,1.2795391082763672,0.7823713122420934
xception_deepfakebench,external,1,official,276,faceswap_faces_c23/741_731,ffpp_test:60,1,faceswap,h264_crf35,0.1773691177368164,0.5442263940423366
xception_deepfakebench,external,1,official,277,faceswap_faces_c23/731_741,ffpp_test:60,1,faceswap,h264_crf35,-0.2176980972290039,0.44578940456955635
xception_deepfakebench,external,1,official,278,neuraltextures_faces_c23/741_731,ffpp_test:60,1,neuraltextures,h264_crf35,-0.991973876953125,0.27052237634000637
xception_deepfakebench,external,1,official,279,neuraltextures_faces_c23/731_741,ffpp_test:60,1,neuraltextures,h264_crf35,-0.7003860473632812,0.33172664171972976
xception_deepfakebench,external,1,official,280,original_faces_c23/970,ffpp_test:69,0,real,h264_crf35,-1.824127197265625,0.13893937859916994
xception_deepfakebench,external,1,official,281,original_faces_c23/973,ffpp_test:69,0,real,h264_crf35,-0.7181358337402344,0.3278036170619685
xception_deepfakebench,external,1,official,282,deepfakes_faces_c23/970_973,ffpp_test:69,1,deepfakes,h264_crf35,2.538341522216797,0.9267863728568551
xception_deepfakebench,external,1,official,283,deepfakes_faces_c23/973_970,ffpp_test:69,1,deepfakes,h264_crf35,3.257537841796875,0.9629430317425347
xception_deepfakebench,external,1,official,284,face2face_faces_c23/970_973,ffpp_test:69,1,face2face,h264_crf35,2.8778953552246094,0.9467428453864744
xception_deepfakebench,external,1,official,285,face2face_faces_c23/973_970,ffpp_test:69,1,face2face,h264_crf35,2.06201171875,0.8871557209024612
xception_deepfakebench,external,1,official,286,faceswap_faces_c23/970_973,ffpp_test:69,1,faceswap,h264_crf35,0.6934890747070312,0.6667426388139848
xception_deepfakebench,external,1,official,287,faceswap_faces_c23/973_970,ffpp_test:69,1,faceswap,h264_crf35,2.248689651489258,0.9045374471850612
xception_deepfakebench,external,1,official,288,neuraltextures_faces_c23/970_973,ffpp_test:69,1,neuraltextures,h264_crf35,-0.16131591796875,0.459758249685833
xception_deepfakebench,external,1,official,289,neuraltextures_faces_c23/973_970,ffpp_test:69,1,neuraltextures,h264_crf35,0.3349733352661133,0.5829689715881049
xception_deepfakebench,external,1,official,290,original_faces_c23/634,ffpp_test:53,0,real,h264_crf35,-2.2422962188720703,0.09601605190468589
xception_deepfakebench,external,1,official,291,original_faces_c23/660,ffpp_test:53,0,real,h264_crf35,0.3462257385253906,0.585702032120267
xception_deepfakebench,external,1,official,292,deepfakes_faces_c23/634_660,ffpp_test:53,1,deepfakes,h264_crf35,2.1567230224609375,0.8962953488124247
xception_deepfakebench,external,1,official,293,deepfakes_faces_c23/660_634,ffpp_test:53,1,deepfakes,h264_crf35,3.78082275390625,0.9777045030767884
xception_deepfakebench,external,1,official,294,face2face_faces_c23/634_660,ffpp_test:53,1,face2face,h264_crf35,-0.4406776428222656,0.39157951238462485
xception_deepfakebench,external,1,official,295,face2face_faces_c23/660_634,ffpp_test:53,1,face2face,h264_crf35,5.13922119140625,0.9941719122186937
xception_deepfakebench,external,1,official,296,faceswap_faces_c23/634_660,ffpp_test:53,1,faceswap,h264_crf35,0.8869743347167969,0.7082653870575769
xception_deepfakebench,external,1,official,297,faceswap_faces_c23/660_634,ffpp_test:53,1,faceswap,h264_crf35,2.7647552490234375,0.9407412817267725
xception_deepfakebench,external,1,official,298,neuraltextures_faces_c23/634_660,ffpp_test:53,1,neuraltextures,h264_crf35,-0.42830657958984375,0.3945307771415459
xception_deepfakebench,external,1,official,299,neuraltextures_faces_c23/660_634,ffpp_test:53,1,neuraltextures,h264_crf35,1.344853401184082,0.7932869485168537
xception_deepfakebench,external,1,official,300,original_faces_c23/494,ffpp_test:40,0,real,h264_crf35,-0.27440738677978516,0.43182540961572463
xception_deepfakebench,external,1,official,301,original_faces_c23/445,ffpp_test:40,0,real,h264_crf35,-1.1946098804473877,0.2324354763404598
xception_deepfakebench,external,1,official,302,deepfakes_faces_c23/494_445,ffpp_test:40,1,deepfakes,h264_crf35,0.6457576751708984,0.6560538286996254
xception_deepfakebench,external,1,official,303,deepfakes_faces_c23/445_494,ffpp_test:40,1,deepfakes,h264_crf35,2.570831298828125,0.9289605752402089
xception_deepfakebench,external,1,official,304,face2face_faces_c23/494_445,ffpp_test:40,1,face2face,h264_crf35,1.6096477508544922,0.8333624755198974
xception_deepfakebench,external,1,official,305,face2face_faces_c23/445_494,ffpp_test:40,1,face2face,h264_crf35,-0.013880014419555664,0.4965300521034421
xception_deepfakebench,external,1,official,306,faceswap_faces_c23/494_445,ffpp_test:40,1,faceswap,h264_crf35,2.2200393676757812,0.9020346746050207
xception_deepfakebench,external,1,official,307,faceswap_faces_c23/445_494,ffpp_test:40,1,faceswap,h264_crf35,3.317901611328125,0.9650378613268735
xception_deepfakebench,external,1,official,308,neuraltextures_faces_c23/494_445,ffpp_test:40,1,neuraltextures,h264_crf35,0.3618011474609375,0.5894763710373606
xception_deepfakebench,external,1,official,309,neuraltextures_faces_c23/445_494,ffpp_test:40,1,neuraltextures,h264_crf35,-0.19792938232421875,0.4506785675850086
xception_deepfakebench,external,1,official,310,original_faces_c23/706,ffpp_test:44,0,real,h264_crf35,-0.41713523864746094,0.397202465180293
xception_deepfakebench,external,1,official,311,original_faces_c23/479,ffpp_test:44,0,real,h264_crf35,-2.6080322265625,0.06862326550928556
xception_deepfakebench,external,1,official,312,deepfakes_faces_c23/706_479,ffpp_test:44,1,deepfakes,h264_crf35,1.8366317749023438,0.8625498661809969
xception_deepfakebench,external,1,official,313,deepfakes_faces_c23/479_706,ffpp_test:44,1,deepfakes,h264_crf35,6.64227294921875,0.9986976385462579
xception_deepfakebench,external,1,official,314,face2face_faces_c23/706_479,ffpp_test:44,1,face2face,h264_crf35,-0.11526346206665039,0.47121599531774677
xception_deepfakebench,external,1,official,315,face2face_faces_c23/479_706,ffpp_test:44,1,face2face,h264_crf35,1.9964179992675781,0.8804204775920084
xception_deepfakebench,external,1,official,316,faceswap_faces_c23/706_479,ffpp_test:44,1,faceswap,h264_crf35,0.012705802917480469,0.5031764079968903
xception_deepfakebench,external,1,official,317,faceswap_faces_c23/479_706,ffpp_test:44,1,faceswap,h264_crf35,-0.022266745567321777,0.49443354359738434
xception_deepfakebench,external,1,official,318,neuraltextures_faces_c23/706_479,ffpp_test:44,1,neuraltextures,h264_crf35,9.918212890625e-05,0.5000247955322062
xception_deepfakebench,external,1,official,319,neuraltextures_faces_c23/479_706,ffpp_test:44,1,neuraltextures,h264_crf35,0.475693941116333,0.6167305474259543
xception_deepfakebench,external,1,official,320,original_faces_c23/186,ffpp_test:17,0,real,h264_crf35,0.6445016860961914,0.6557703627558862
xception_deepfakebench,external,1,official,321,original_faces_c23/170,ffpp_test:17,0,real,h264_crf35,-1.8073654174804688,0.14095684042168316
xception_deepfakebench,external,1,official,322,deepfakes_faces_c23/186_170,ffpp_test:17,1,deepfakes,h264_crf35,-0.5258941650390625,0.3714750168819022
xception_deepfakebench,external,1,official,323,deepfakes_faces_c23/170_186,ffpp_test:17,1,deepfakes,h264_crf35,4.34039306640625,0.9871362280330936
xception_deepfakebench,external,1,official,324,face2face_faces_c23/186_170,ffpp_test:17,1,face2face,h264_crf35,1.9608707427978516,0.8766271558848145
xception_deepfakebench,external,1,official,325,face2face_faces_c23/170_186,ffpp_test:17,1,face2face,h264_crf35,3.5125997066497803,0.9710441507576797
xception_deepfakebench,external,1,official,326,faceswap_faces_c23/186_170,ffpp_test:17,1,faceswap,h264_crf35,2.1052589416503906,0.8914132702960932
xception_deepfakebench,external,1,official,327,faceswap_faces_c23/170_186,ffpp_test:17,1,faceswap,h264_crf35,1.6674842834472656,0.8412401225431456
xception_deepfakebench,external,1,official,328,neuraltextures_faces_c23/186_170,ffpp_test:17,1,neuraltextures,h264_crf35,0.26987457275390625,0.5670621125003115
xception_deepfakebench,external,1,official,329,neuraltextures_faces_c23/170_186,ffpp_test:17,1,neuraltextures,h264_crf35,-1.1573104858398438,0.23915632733058095
xception_deepfakebench,external,1,official,330,original_faces_c23/176,ffpp_test:18,0,real,h264_crf35,-1.7594280242919922,0.14686199019172574
xception_deepfakebench,external,1,official,331,original_faces_c23/190,ffpp_test:18,0,real,h264_crf35,0.7750306129455566,0.6846081103032642
xception_deepfakebench,external,1,official,332,deepfakes_faces_c23/176_190,ffpp_test:18,1,deepfakes,h264_crf35,6.794189453125,0.998880987961814
xception_deepfakebench,external,1,official,333,deepfakes_faces_c23/190_176,ffpp_test:18,1,deepfakes,h264_crf35,-0.14164292812347412,0.46464835239665275
xception_deepfakebench,external,1,official,334,face2face_faces_c23/176_190,ffpp_test:18,1,face2face,h264_crf35,5.4595947265625,0.9957627507344948
xception_deepfakebench,external,1,official,335,face2face_faces_c23/190_176,ffpp_test:18,1,face2face,h264_crf35,3.11224365234375,0.9573949679863657
xception_deepfakebench,external,1,official,336,faceswap_faces_c23/176_190,ffpp_test:18,1,faceswap,h264_crf35,5.060028076171875,0.9936946286295487
xception_deepfakebench,external,1,official,337,faceswap_faces_c23/190_176,ffpp_test:18,1,faceswap,h264_crf35,0.5969357490539551,0.6449549414109461
xception_deepfakebench,external,1,official,338,neuraltextures_faces_c23/176_190,ffpp_test:18,1,neuraltextures,h264_crf35,-0.1730208396911621,0.4568523761076807
xception_deepfakebench,external,1,official,339,neuraltextures_faces_c23/190_176,ffpp_test:18,1,neuraltextures,h264_crf35,0.5060186386108398,0.6238726876532901
xception_deepfakebench,external,1,official,340,original_faces_c23/380,ffpp_test:29,0,real,h264_crf35,-1.2829303741455078,0.21705182194178738
xception_deepfakebench,external,1,official,341,original_faces_c23/358,ffpp_test:29,0,real,h264_crf35,-1.3874130249023438,0.1998210738609241
xception_deepfakebench,external,1,official,342,deepfakes_faces_c23/380_358,ffpp_test:29,1,deepfakes,h264_crf35,0.7654285430908203,0.6825311671896266
xception_deepfakebench,external,1,official,343,deepfakes_faces_c23/358_380,ffpp_test:29,1,deepfakes,h264_crf35,-0.9561786651611328,0.2776439417357462
xception_deepfakebench,external,1,official,344,face2face_faces_c23/380_358,ffpp_test:29,1,face2face,h264_crf35,0.6822357177734375,0.664237503639527
xception_deepfakebench,external,1,official,345,face2face_faces_c23/358_380,ffpp_test:29,1,face2face,h264_crf35,0.6291894912719727,0.6523056590925278
xception_deepfakebench,external,1,official,346,faceswap_faces_c23/380_358,ffpp_test:29,1,faceswap,h264_crf35,-0.3595466613769531,0.411069310866351
xception_deepfakebench,external,1,official,347,faceswap_faces_c23/358_380,ffpp_test:29,1,faceswap,h264_crf35,-1.5661811828613281,0.1727614759535212
xception_deepfakebench,external,1,official,348,neuraltextures_faces_c23/380_358,ffpp_test:29,1,neuraltextures,h264_crf35,-1.1140594482421875,0.24711485676642134
xception_deepfakebench,external,1,official,349,neuraltextures_faces_c23/358_380,ffpp_test:29,1,neuraltextures,h264_crf35,-1.0503425598144531,0.2591593253567057
xception_deepfakebench,external,1,official,350,original_faces_c23/214,ffpp_test:19,0,real,h264_crf35,-2.260587215423584,0.09444013762243586
xception_deepfakebench,external,1,official,351,original_faces_c23/255,ffpp_test:19,0,real,h264_crf35,-0.663947343826294,0.33985345375156845
xception_deepfakebench,external,1,official,352,deepfakes_faces_c23/214_255,ffpp_test:19,1,deepfakes,h264_crf35,4.884063720703125,0.9924906130302961
xception_deepfakebench,external,1,official,353,deepfakes_faces_c23/255_214,ffpp_test:19,1,deepfakes,h264_crf35,-0.0971827507019043,0.4757234159745786
xception_deepfakebench,external,1,official,354,face2face_faces_c23/214_255,ffpp_test:19,1,face2face,h264_crf35,0.8683185577392578,0.7043957044299066
xception_deepfakebench,external,1,official,355,face2face_faces_c23/255_214,ffpp_test:19,1,face2face,h264_crf35,3.8774261474609375,0.9797159167665275
xception_deepfakebench,external,1,official,356,faceswap_faces_c23/214_255,ffpp_test:19,1,faceswap,h264_crf35,1.7327404022216797,0.8497626121960383
xception_deepfakebench,external,1,official,357,faceswap_faces_c23/255_214,ffpp_test:19,1,faceswap,h264_crf35,1.560089111328125,0.8263661395045135
xception_deepfakebench,external,1,official,358,neuraltextures_faces_c23/214_255,ffpp_test:19,1,neuraltextures,h264_crf35,-1.7733383178710938,0.14512766758035073
xception_deepfakebench,external,1,official,359,neuraltextures_faces_c23/255_214,ffpp_test:19,1,neuraltextures,h264_crf35,1.0711536407470703,0.7448162444841597
xception_deepfakebench,external,1,official,360,original_faces_c23/454,ffpp_test:42,0,real,h264_crf35,1.7505378723144531,0.8520206305446125
xception_deepfakebench,external,1,official,361,original_faces_c23/527,ffpp_test:42,0,real,h264_crf35,0.15098047256469727,0.537673580885047
xception_deepfakebench,external,1,official,362,deepfakes_faces_c23/454_527,ffpp_test:42,1,deepfakes,h264_crf35,6.1571044921875,0.9978860998592696
xception_deepfakebench,external,1,official,363,deepfakes_faces_c23/527_454,ffpp_test:42,1,deepfakes,h264_crf35,5.3909912109375,0.9954632224554033
xception_deepfakebench,external,1,official,364,face2face_faces_c23/454_527,ffpp_test:42,1,face2face,h264_crf35,4.753557205200195,0.9914527119273032
xception_deepfakebench,external,1,official,365,face2face_faces_c23/527_454,ffpp_test:42,1,face2face,h264_crf35,0.42624568939208984,0.6049768182957034
xception_deepfakebench,external,1,official,366,faceswap_faces_c23/454_527,ffpp_test:42,1,faceswap,h264_crf35,4.94964599609375,0.9929639400092138
xception_deepfakebench,external,1,official,367,faceswap_faces_c23/527_454,ffpp_test:42,1,faceswap,h264_crf35,1.4787712097167969,0.8143869074476158
xception_deepfakebench,external,1,official,368,neuraltextures_faces_c23/454_527,ffpp_test:42,1,neuraltextures,h264_crf35,1.2578773498535156,0.7786604889682246
xception_deepfakebench,external,1,official,369,neuraltextures_faces_c23/527_454,ffpp_test:42,1,neuraltextures,h264_crf35,0.060637712478637695,0.5151547848112148
xception_deepfakebench,external,1,official,370,original_faces_c23/425,ffpp_test:39,0,real,h264_crf35,-2.702028751373291,0.06285375016506815
xception_deepfakebench,external,1,official,371,original_faces_c23/485,ffpp_test:39,0,real,h264_crf35,-1.4632949829101562,0.18796388340514908
xception_deepfakebench,external,1,official,372,deepfakes_faces_c23/425_485,ffpp_test:39,1,deepfakes,h264_crf35,1.79937744140625,0.8580731345539042
xception_deepfakebench,external,1,official,373,deepfakes_faces_c23/485_425,ffpp_test:39,1,deepfakes,h264_crf35,-0.28243303298950195,0.42985738681692465
xception_deepfakebench,external,1,official,374,face2face_faces_c23/425_485,ffpp_test:39,1,face2face,h264_crf35,1.2599496841430664,0.7790174460636373
xception_deepfakebench,external,1,official,375,face2face_faces_c23/485_425,ffpp_test:39,1,face2face,h264_crf35,0.5278129577636719,0.6289728747997252
xception_deepfakebench,external,1,official,376,faceswap_faces_c23/425_485,ffpp_test:39,1,faceswap,h264_crf35,2.2461318969726562,0.9043163578372642
xception_deepfakebench,external,1,official,377,faceswap_faces_c23/485_425,ffpp_test:39,1,faceswap,h264_crf35,1.9962539672851562,0.8804032071845589
xception_deepfakebench,external,1,official,378,neuraltextures_faces_c23/425_485,ffpp_test:39,1,neuraltextures,h264_crf35,-0.651707649230957,0.34260482571684825
xception_deepfakebench,external,1,official,379,neuraltextures_faces_c23/485_425,ffpp_test:39,1,neuraltextures,h264_crf35,-0.3814544677734375,0.4057761450763371
xception_deepfakebench,external,1,official,380,original_faces_c23/388,ffpp_test:26,0,real,h264_crf35,1.7193832397460938,0.8480493766704124
xception_deepfakebench,external,1,official,381,original_faces_c23/308,ffpp_test:26,0,real,h264_crf35,-0.1311798095703125,0.46725199517204263
xception_deepfakebench,external,1,official,382,deepfakes_faces_c23/388_308,ffpp_test:26,1,deepfakes,h264_crf35,0.6076812744140625,0.6474116881603967
xception_deepfakebench,external,1,official,383,deepfakes_faces_c23/308_388,ffpp_test:26,1,deepfakes,h264_crf35,3.1844482421875,0.9602448244465943
xception_deepfakebench,external,1,official,384,face2face_faces_c23/388_308,ffpp_test:26,1,face2face,h264_crf35,3.2490692138671875,0.9626396517603187
xception_deepfakebench,external,1,official,385,face2face_faces_c23/308_388,ffpp_test:26,1,face2face,h264_crf35,1.8635482788085938,0.865709993013111
xception_deepfakebench,external,1,official,386,faceswap_faces_c23/388_308,ffpp_test:26,1,faceswap,h264_crf35,3.397533416748047,0.967627359494876
xception_deepfakebench,external,1,official,387,faceswap_faces_c23/308_388,ffpp_test:26,1,faceswap,h264_crf35,4.182464599609375,0.9849685434961156
xception_deepfakebench,external,1,official,388,neuraltextures_faces_c23/388_308,ffpp_test:26,1,neuraltextures,h264_crf35,2.177186965942383,0.898182105291676
xception_deepfakebench,external,1,official,389,neuraltextures_faces_c23/308_388,ffpp_test:26,1,neuraltextures,h264_crf35,0.464599609375,0.6141047625012857
xception_deepfakebench,external,1,official,390,original_faces_c23/384,ffpp_test:32,0,real,h264_crf35,-1.275848388671875,0.21825774831697065
xception_deepfakebench,external,1,official,391,original_faces_c23/932,ffpp_test:32,0,real,h264_crf35,1.4873409271240234,0.8156788248080661
xception_deepfakebench,external,1,official,392,deepfakes_faces_c23/384_932,ffpp_test:32,1,deepfakes,h264_crf35,4.293670654296875,0.9865292280348416
xception_deepfakebench,external,1,official,393,deepfakes_faces_c23/932_384,ffpp_test:32,1,deepfakes,h264_crf35,3.795684814453125,0.9780261825919512
xception_deepfakebench,external,1,official,394,face2face_faces_c23/384_932,ffpp_test:32,1,face2face,h264_crf35,3.634185791015625,0.9742738838629609
xception_deepfakebench,external,1,official,395,face2face_faces_c23/932_384,ffpp_test:32,1,face2face,h264_crf35,0.37308382987976074,0.5922039297535941
xception_deepfakebench,external,1,official,396,faceswap_faces_c23/384_932,ffpp_test:32,1,faceswap,h264_crf35,3.507080078125,0.9708885489423202
xception_deepfakebench,external,1,official,397,faceswap_faces_c23/932_384,ffpp_test:32,1,faceswap,h264_crf35,2.819000244140625,0.9436939672944559
xception_deepfakebench,external,1,official,398,neuraltextures_faces_c23/384_932,ffpp_test:32,1,neuraltextures,h264_crf35,0.46027374267578125,0.6130791135016199
xception_deepfakebench,external,1,official,399,neuraltextures_faces_c23/932_384,ffpp_test:32,1,neuraltextures,h264_crf35,1.1452569961547852,0.7586435219095458
xception_deepfakebench,external,1,official,400,original_faces_c23/035,ffpp_test:5,0,real,h264_crf35,-0.43459486961364746,0.39302965456820593
xception_deepfakebench,external,1,official,401,original_faces_c23/036,ffpp_test:5,0,real,h264_crf35,-0.8989791870117188,0.28926031992279194
xception_deepfakebench,external,1,official,402,deepfakes_faces_c23/035_036,ffpp_test:5,1,deepfakes,h264_crf35,2.734710693359375,0.9390440371671086
xception_deepfakebench,external,1,official,403,deepfakes_faces_c23/036_035,ffpp_test:5,1,deepfakes,h264_crf35,2.3602046966552734,0.9137419405709817
xception_deepfakebench,external,1,official,404,face2face_faces_c23/035_036,ffpp_test:5,1,face2face,h264_crf35,0.39203500747680664,0.5967724897811489
xception_deepfakebench,external,1,official,405,face2face_faces_c23/036_035,ffpp_test:5,1,face2face,h264_crf35,0.9765148162841797,0.7264161326191968
xception_deepfakebench,external,1,official,406,faceswap_faces_c23/035_036,ffpp_test:5,1,faceswap,h264_crf35,0.2579765319824219,0.56413881364977
xception_deepfakebench,external,1,official,407,faceswap_faces_c23/036_035,ffpp_test:5,1,faceswap,h264_crf35,0.2593050003051758,0.5644654378156894
xception_deepfakebench,external,1,official,408,neuraltextures_faces_c23/035_036,ffpp_test:5,1,neuraltextures,h264_crf35,0.6519775390625,0.6574559581128006
xception_deepfakebench,external,1,official,409,neuraltextures_faces_c23/036_035,ffpp_test:5,1,neuraltextures,h264_crf35,0.5733451843261719,0.6395347001219286
xception_deepfakebench,external,1,official,410,original_faces_c23/257,ffpp_test:23,0,real,h264_crf35,-0.20411300659179688,0.4491481754488109
xception_deepfakebench,external,1,official,411,original_faces_c23/420,ffpp_test:23,0,real,h264_crf35,-0.08793044090270996,0.4780315425251873
xception_deepfakebench,external,1,official,412,deepfakes_faces_c23/257_420,ffpp_test:23,1,deepfakes,h264_crf35,2.8261184692382812,0.9440710065070869
xception_deepfakebench,external,1,official,413,deepfakes_faces_c23/420_257,ffpp_test:23,1,deepfakes,h264_crf35,0.5138912200927734,0.625718223353749
xception_deepfakebench,external,1,official,414,face2face_faces_c23/257_420,ffpp_test:23,1,face2face,h264_crf35,2.9382171630859375,0.949703634924177
xception_deepfakebench,external,1,official,415,face2face_faces_c23/420_257,ffpp_test:23,1,face2face,h264_crf35,0.4922218322753906,0.6206296993956527
xception_deepfakebench,external,1,official,416,faceswap_faces_c23/257_420,ffpp_test:23,1,faceswap,h264_crf35,2.5499420166015625,0.9275696191656182
xception_deepfakebench,external,1,official,417,faceswap_faces_c23/420_257,ffpp_test:23,1,faceswap,h264_crf35,0.811241626739502,0.6923740243041893
xception_deepfakebench,external,1,official,418,neuraltextures_faces_c23/257_420,ffpp_test:23,1,neuraltextures,h264_crf35,1.2855448722839355,0.7833921580359502
xception_deepfakebench,external,1,official,419,neuraltextures_faces_c23/420_257,ffpp_test:23,1,neuraltextures,h264_crf35,-0.3474264144897461,0.4140066476714195
xception_deepfakebench,external,1,official,420,original_faces_c23/924,ffpp_test:67,0,real,h264_crf35,-0.22091150283813477,0.444995635645312
xception_deepfakebench,external,1,official,421,original_faces_c23/917,ffpp_test:67,0,real,h264_crf35,-0.3142251968383789,0.4220837527028881
xception_deepfakebench,external,1,official,422,deepfakes_faces_c23/924_917,ffpp_test:67,1,deepfakes,h264_crf35,6.05987548828125,0.9976707465225567
xception_deepfakebench,external,1,official,423,deepfakes_faces_c23/917_924,ffpp_test:67,1,deepfakes,h264_crf35,1.3589706420898438,0.7955923491518354
xception_deepfakebench,external,1,official,424,face2face_faces_c23/924_917,ffpp_test:67,1,face2face,h264_crf35,4.76251220703125,0.9915282656759158
xception_deepfakebench,external,1,official,425,face2face_faces_c23/917_924,ffpp_test:67,1,face2face,h264_crf35,2.340269088745117,0.9121576485864591
xception_deepfakebench,external,1,official,426,faceswap_faces_c23/924_917,ffpp_test:67,1,faceswap,h264_crf35,4.988922119140625,0.993233098783376
xception_deepfakebench,external,1,official,427,faceswap_faces_c23/917_924,ffpp_test:67,1,faceswap,h264_crf35,0.46008872985839844,0.6130352251169946
xception_deepfakebench,external,1,official,428,neuraltextures_faces_c23/924_917,ffpp_test:67,1,neuraltextures,h264_crf35,2.3798446655273438,0.915277389682778
xception_deepfakebench,external,1,official,429,neuraltextures_faces_c23/917_924,ffpp_test:67,1,neuraltextures,h264_crf35,3.36993408203125,0.9667515724264464
xception_deepfakebench,external,1,official,430,original_faces_c23/114,ffpp_test:9,0,real,h264_crf35,-0.5131938457489014,0.3744451124941934
xception_deepfakebench,external,1,official,431,original_faces_c23/102,ffpp_test:9,0,real,h264_crf35,-1.0168571472167969,0.26564004207828956
xception_deepfakebench,external,1,official,432,deepfakes_faces_c23/114_102,ffpp_test:9,1,deepfakes,h264_crf35,0.3897285461425781,0.5962173505993486
xception_deepfakebench,external,1,official,433,deepfakes_faces_c23/102_114,ffpp_test:9,1,deepfakes,h264_crf35,5.03289794921875,0.9935223447325313
xception_deepfakebench,external,1,official,434,face2face_faces_c23/114_102,ffpp_test:9,1,face2face,h264_crf35,3.0595703125,0.955193910564615
xception_deepfakebench,external,1,official,435,face2face_faces_c23/102_114,ffpp_test:9,1,face2face,h264_crf35,-0.12860679626464844,0.46789254273693776
xception_deepfakebench,external,1,official,436,faceswap_faces_c23/114_102,ffpp_test:9,1,faceswap,h264_crf35,2.8093109130859375,0.9431768993809204
xception_deepfakebench,external,1,official,437,faceswap_faces_c23/102_114,ffpp_test:9,1,faceswap,h264_crf35,1.1859111785888672,0.7660089843433857
xception_deepfakebench,external,1,official,438,neuraltextures_faces_c23/114_102,ffpp_test:9,1,neuraltextures,h264_crf35,1.2714996337890625,0.7809993524056128
xception_deepfakebench,external,1,official,439,neuraltextures_faces_c23/102_114,ffpp_test:9,1,neuraltextures,h264_crf35,2.031373977661133,0.8840519905658075
xception_deepfakebench,external,1,official,440,original_faces_c23/732,ffpp_test:56,0,real,h264_crf35,-0.6064186096191406,0.3528765936925223
xception_deepfakebench,external,1,official,441,original_faces_c23/691,ffpp_test:56,0,real,h264_crf35,-1.5366849899291992,0.17701769654143618
xception_deepfakebench,external,1,official,442,deepfakes_faces_c23/732_691,ffpp_test:56,1,deepfakes,h264_crf35,1.1006088256835938,0.7503741638081404
xception_deepfakebench,external,1,official,443,deepfakes_faces_c23/691_732,ffpp_test:56,1,deepfakes,h264_crf35,3.4406890869140625,0.9689522528828993
xception_deepfakebench,external,1,official,444,face2face_faces_c23/732_691,ffpp_test:56,1,face2face,h264_crf35,6.3507080078125,0.9982575306358649
xception_deepfakebench,external,1,official,445,face2face_faces_c23/691_732,ffpp_test:56,1,face2face,h264_crf35,1.366249918937683,0.7967735958338924
xception_deepfakebench,external,1,official,446,faceswap_faces_c23/732_691,ffpp_test:56,1,faceswap,h264_crf35,1.845376968383789,0.8635833918329073
xception_deepfakebench,external,1,official,447,faceswap_faces_c23/691_732,ffpp_test:56,1,faceswap,h264_crf35,2.4736671447753906,0.9222750470958
xception_deepfakebench,external,1,official,448,neuraltextures_faces_c23/732_691,ffpp_test:56,1,neuraltextures,h264_crf35,0.4219188690185547,0.6039423270672442
xception_deepfakebench,external,1,official,449,neuraltextures_faces_c23/691_732,ffpp_test:56,1,neuraltextures,h264_crf35,0.7436227798461914,0.6777875499310775
xception_deepfakebench,external,1,official,450,original_faces_c23/550,ffpp_test:41,0,real,h264_crf35,-0.0072021484375,0.4981994706735477
xception_deepfakebench,external,1,official,451,original_faces_c23/452,ffpp_test:41,0,real,h264_crf35,3.027585029602051,0.9538048831802214
xception_deepfakebench,external,1,official,452,deepfakes_faces_c23/550_452,ffpp_test:41,1,deepfakes,h264_crf35,4.159271240234375,0.9846212632822701
xception_deepfakebench,external,1,official,453,deepfakes_faces_c23/452_550,ffpp_test:41,1,deepfakes,h264_crf35,2.0812387466430664,0.8890662665943175
xception_deepfakebench,external,1,official,454,face2face_faces_c23/550_452,ffpp_test:41,1,face2face,h264_crf35,1.7786369323730469,0.8555284730565417
xception_deepfakebench,external,1,official,455,face2face_faces_c23/452_550,ffpp_test:41,1,face2face,h264_crf35,3.9736328125,0.9815421066906236
xception_deepfakebench,external,1,official,456,faceswap_faces_c23/550_452,ffpp_test:41,1,faceswap,h264_crf35,3.72235107421875,0.9763936726535388
xception_deepfakebench,external,1,official,457,faceswap_faces_c23/452_550,ffpp_test:41,1,faceswap,h264_crf35,2.4158172607421875,0.9180255237820768
xception_deepfakebench,external,1,official,458,neuraltextures_faces_c23/550_452,ffpp_test:41,1,neuraltextures,h264_crf35,1.59429931640625,0.8312201272520053
xception_deepfakebench,external,1,official,459,neuraltextures_faces_c23/452_550,ffpp_test:41,1,neuraltextures,h264_crf35,3.51251220703125,0.9710416903937972
xception_deepfakebench,external,1,official,460,original_faces_c23/280,ffpp_test:22,0,real,h264_crf35,-1.117391586303711,0.24649543798981374
xception_deepfakebench,external,1,official,461,original_faces_c23/249,ffpp_test:22,0,real,h264_crf35,-2.4615478515625,0.07859816785085427
xception_deepfakebench,external,1,official,462,deepfakes_faces_c23/280_249,ffpp_test:22,1,deepfakes,h264_crf35,-0.6353378295898438,0.3463011883906684
xception_deepfakebench,external,1,official,463,deepfakes_faces_c23/249_280,ffpp_test:22,1,deepfakes,h264_crf35,3.5560989379882812,0.972242493334037
xception_deepfakebench,external,1,official,464,face2face_faces_c23/280_249,ffpp_test:22,1,face2face,h264_crf35,0.822566032409668,0.6947807659166023
xception_deepfakebench,external,1,official,465,face2face_faces_c23/249_280,ffpp_test:22,1,face2face,h264_crf35,2.6680145263671875,0.9351126628944475
xception_deepfakebench,external,1,official,466,faceswap_faces_c23/280_249,ffpp_test:22,1,faceswap,h264_crf35,0.5100997686386108,0.6248298622750729
xception_deepfakebench,external,1,official,467,faceswap_faces_c23/249_280,ffpp_test:22,1,faceswap,h264_crf35,4.156707763671875,0.984582398266231
xception_deepfakebench,external,1,official,468,neuraltextures_faces_c23/280_249,ffpp_test:22,1,neuraltextures,h264_crf35,-0.5643386840820312,0.36254416748740326
xception_deepfakebench,external,1,official,469,neuraltextures_faces_c23/249_280,ffpp_test:22,1,neuraltextures,h264_crf35,-0.31122779846191406,0.42281507551653114
xception_deepfakebench,external,1,official,470,original_faces_c23/842,ffpp_test:58,0,real,h264_crf35,-0.17766189575195312,0.4557009850608955
xception_deepfakebench,external,1,official,471,original_faces_c23/714,ffpp_test:58,0,real,h264_crf35,-2.466522216796875,0.07823867616412107
xception_deepfakebench,external,1,official,472,deepfakes_faces_c23/842_714,ffpp_test:58,1,deepfakes,h264_crf35,0.46254777908325195,0.613618405850107
xception_deepfakebench,external,1,official,473,deepfakes_faces_c23/714_842,ffpp_test:58,1,deepfakes,h264_crf35,4.666175365447998,0.9906795052580878
xception_deepfakebench,external,1,official,474,face2face_faces_c23/842_714,ffpp_test:58,1,face2face,h264_crf35,3.6061859130859375,0.9735626890697903
xception_deepfakebench,external,1,official,475,face2face_faces_c23/714_842,ffpp_test:58,1,face2face,h264_crf35,2.0729522705078125,0.8882463539677403
xception_deepfakebench,external,1,official,476,faceswap_faces_c23/842_714,ffpp_test:58,1,faceswap,h264_crf35,1.9094772338867188,0.8709604064116105
xception_deepfakebench,external,1,official,477,faceswap_faces_c23/714_842,ffpp_test:58,1,faceswap,h264_crf35,1.3840198516845703,0.7996358301550237
xception_deepfakebench,external,1,official,478,neuraltextures_faces_c23/842_714,ffpp_test:58,1,neuraltextures,h264_crf35,0.5570716857910156,0.6357747145191409
xception_deepfakebench,external,1,official,479,neuraltextures_faces_c23/714_842,ffpp_test:58,1,neuraltextures,h264_crf35,0.3090248107910156,0.5766472106784697
xception_deepfakebench,external,1,official,480,original_faces_c23/625,ffpp_test:52,0,real,h264_crf35,-0.18941879272460938,0.4527863841361813
xception_deepfakebench,external,1,official,481,original_faces_c23/650,ffpp_test:52,0,real,h264_crf35,-0.7107257843017578,0.3294384882301653
xception_deepfakebench,external,1,official,482,deepfakes_faces_c23/625_650,ffpp_test:52,1,deepfakes,h264_crf35,5.43463134765625,0.9956561086194669
xception_deepfakebench,external,1,official,483,deepfakes_faces_c23/650_625,ffpp_test:52,1,deepfakes,h264_crf35,1.4393539428710938,0.8083545858539806
xception_deepfakebench,external,1,official,484,face2face_faces_c23/625_650,ffpp_test:52,1,face2face,h264_crf35,3.564849853515625,0.9724776811048713
xception_deepfakebench,external,1,official,485,face2face_faces_c23/650_625,ffpp_test:52,1,face2face,h264_crf35,0.3331432342529297,0.5825239770316352
xception_deepfakebench,external,1,official,486,faceswap_faces_c23/625_650,ffpp_test:52,1,faceswap,h264_crf35,2.6188507080078125,0.9320649695394251
xception_deepfakebench,external,1,official,487,faceswap_faces_c23/650_625,ffpp_test:52,1,faceswap,h264_crf35,1.8261184692382812,0.8612986764435691
xception_deepfakebench,external,1,official,488,neuraltextures_faces_c23/625_650,ffpp_test:52,1,neuraltextures,h264_crf35,1.4097652435302734,0.8037289137357685
xception_deepfakebench,external,1,official,489,neuraltextures_faces_c23/650_625,ffpp_test:52,1,neuraltextures,h264_crf35,0.027710437774658203,0.5069271661866913
xception_deepfakebench,external,1,official,490,original_faces_c23/024,ffpp_test:3,0,real,h264_crf35,-0.3374290466308594,0.4164341272372893
xception_deepfakebench,external,1,official,491,original_faces_c23/073,ffpp_test:3,0,real,h264_crf35,-0.6667251586914062,0.33923051993787595
xception_deepfakebench,external,1,official,492,deepfakes_faces_c23/024_073,ffpp_test:3,1,deepfakes,h264_crf35,0.8318014144897461,0.6967356946591967
xception_deepfakebench,external,1,official,493,deepfakes_faces_c23/073_024,ffpp_test:3,1,deepfakes,h264_crf35,2.1174850463867188,0.8925910531700769
xception_deepfakebench,external,1,official,494,face2face_faces_c23/024_073,ffpp_test:3,1,face2face,h264_crf35,1.3997020721435547,0.8021366076509177
xception_deepfakebench,external,1,official,495,face2face_faces_c23/073_024,ffpp_test:3,1,face2face,h264_crf35,1.4668083190917969,0.8125717814653649
xception_deepfakebench,external,1,official,496,faceswap_faces_c23/024_073,ffpp_test:3,1,faceswap,h264_crf35,2.4566650390625,0.9210474880430229
xception_deepfakebench,external,1,official,497,faceswap_faces_c23/073_024,ffpp_test:3,1,faceswap,h264_crf35,4.109619140625,0.9838510445830424
xception_deepfakebench,external,1,official,498,neuraltextures_faces_c23/024_073,ffpp_test:3,1,neuraltextures,h264_crf35,0.6204237937927246,0.6503149277184698
xception_deepfakebench,external,1,official,499,neuraltextures_faces_c23/073_024,ffpp_test:3,1,neuraltextures,h264_crf35,0.77520751953125,0.6846463066984021
xception_deepfakebench,external,1,official,500,original_faces_c23/044,ffpp_test:6,0,real,h264_crf35,-1.0176572799682617,0.26548398512562643
xception_deepfakebench,external,1,official,501,original_faces_c23/945,ffpp_test:6,0,real,h264_crf35,2.901522636413574,0.947921654967432
xception_deepfakebench,external,1,official,502,deepfakes_faces_c23/044_945,ffpp_test:6,1,deepfakes,h264_crf35,5.20404052734375,0.9945357030316078
xception_deepfakebench,external,1,official,503,deepfakes_faces_c23/945_044,ffpp_test:6,1,deepfakes,h264_crf35,6.01519775390625,0.9975645802226473
xception_deepfakebench,external,1,official,504,face2face_faces_c23/044_945,ffpp_test:6,1,face2face,h264_crf35,-0.06272125244140625,0.4843248253393917
xception_deepfakebench,external,1,official,505,face2face_faces_c23/945_044,ffpp_test:6,1,face2face,h264_crf35,5.340087890625,0.9952274373650046
xception_deepfakebench,external,1,official,506,faceswap_faces_c23/044_945,ffpp_test:6,1,faceswap,h264_crf35,3.785736083984375,0.977811354840335
xception_deepfakebench,external,1,official,507,faceswap_faces_c23/945_044,ffpp_test:6,1,faceswap,h264_crf35,3.990936279296875,0.9818529988319018
xception_deepfakebench,external,1,official,508,neuraltextures_faces_c23/044_945,ffpp_test:6,1,neuraltextures,h264_crf35,1.1540803909301758,0.7602554276169698
xception_deepfakebench,external,1,official,509,neuraltextures_faces_c23/945_044,ffpp_test:6,1,neuraltextures,h264_crf35,2.2021942138671875,0.9004463790324729
xception_deepfakebench,external,1,official,510,original_faces_c23/896,ffpp_test:10,0,real,h264_crf35,2.4100260734558105,0.9175886535608893
xception_deepfakebench,external,1,official,511,original_faces_c23/128,ffpp_test:10,0,real,h264_crf35,-2.3407554626464844,0.08780338799443597
xception_deepfakebench,external,1,official,512,deepfakes_faces_c23/896_128,ffpp_test:10,1,deepfakes,h264_crf35,0.7167339324951172,0.671887401695531
xception_deepfakebench,external,1,official,513,deepfakes_faces_c23/128_896,ffpp_test:10,1,deepfakes,h264_crf35,4.44134521484375,0.9883570735022184
xception_deepfakebench,external,1,official,514,face2face_faces_c23/896_128,ffpp_test:10,1,face2face,h264_crf35,4.139472961425781,0.984318578898773
xception_deepfakebench,external,1,official,515,face2face_faces_c23/128_896,ffpp_test:10,1,face2face,h264_crf35,1.9346389770507812,0.8737619960097732
xception_deepfakebench,external,1,official,516,faceswap_faces_c23/896_128,ffpp_test:10,1,faceswap,h264_crf35,2.0557212829589844,0.886524447250247
xception_deepfakebench,external,1,official,517,faceswap_faces_c23/128_896,ffpp_test:10,1,faceswap,h264_crf35,3.4489402770996094,0.9691995217219973
xception_deepfakebench,external,1,official,518,neuraltextures_faces_c23/896_128,ffpp_test:10,1,neuraltextures,h264_crf35,3.669677734375,0.9751486473459801
xception_deepfakebench,external,1,official,519,neuraltextures_faces_c23/128_896,ffpp_test:10,1,neuraltextures,h264_crf35,-1.6517009735107422,0.1608791906474391
xception_deepfakebench,external,1,official,520,original_faces_c23/862,ffpp_test:7,0,real,h264_crf35,-2.209806442260742,0.0988733173275671
xception_deepfakebench,external,1,official,521,original_faces_c23/047,ffpp_test:7,0,real,h264_crf35,0.5207393169403076,0.6273206270834624
xception_deepfakebench,external,1,official,522,deepfakes_faces_c23/862_047,ffpp_test:7,1,deepfakes,h264_crf35,5.15753173828125,0.9942770514500827
xception_deepfakebench,external,1,official,523,deepfakes_faces_c23/047_862,ffpp_test:7,1,deepfakes,h264_crf35,1.3198223114013672,0.789152142250835
xception_deepfakebench,external,1,official,524,face2face_faces_c23/862_047,ffpp_test:7,1,face2face,h264_crf35,0.7230795621871948,0.6732847968445498
xception_deepfakebench,external,1,official,525,face2face_faces_c23/047_862,ffpp_test:7,1,face2face,h264_crf35,4.5523681640625,0.9895677696357543
xception_deepfakebench,external,1,official,526,faceswap_faces_c23/862_047,ffpp_test:7,1,faceswap,h264_crf35,2.4133987426757812,0.9178433349191877
xception_deepfakebench,external,1,official,527,faceswap_faces_c23/047_862,ffpp_test:7,1,faceswap,h264_crf35,3.9983139038085938,0.9819839847999323
xception_deepfakebench,external,1,official,528,neuraltextures_faces_c23/862_047,ffpp_test:7,1,neuraltextures,h264_crf35,0.3776817321777344,0.5933138434670368
xception_deepfakebench,external,1,official,529,neuraltextures_faces_c23/047_862,ffpp_test:7,1,neuraltextures,h264_crf35,2.23976469039917,0.9037639942665798
xception_deepfakebench,external,1,official,530,original_faces_c23/607,ffpp_test:49,0,real,h264_crf35,-3.5966949462890625,0.026682694084889016
xception_deepfakebench,external,1,official,531,original_faces_c23/683,ffpp_test:49,0,real,h264_crf35,-0.7228856086730957,0.3267578690052285
xception_deepfakebench,external,1,official,532,deepfakes_faces_c23/607_683,ffpp_test:49,1,deepfakes,h264_crf35,1.5588150024414062,0.8261832477823328
xception_deepfakebench,external,1,official,533,deepfakes_faces_c23/683_607,ffpp_test:49,1,deepfakes,h264_crf35,2.6808242797851562,0.935885601241016
xception_deepfakebench,external,1,official,534,face2face_faces_c23/607_683,ffpp_test:49,1,face2face,h264_crf35,-0.3763134479522705,0.4070163553990846
xception_deepfakebench,external,1,official,535,face2face_faces_c23/683_607,ffpp_test:49,1,face2face,h264_crf35,0.17206406593322754,0.5429102019119695
xception_deepfakebench,external,1,official,536,faceswap_faces_c23/607_683,ffpp_test:49,1,faceswap,h264_crf35,0.9361143112182617,0.7183140985897903
xception_deepfakebench,external,1,official,537,faceswap_faces_c23/683_607,ffpp_test:49,1,faceswap,h264_crf35,5.910888671875,0.9972975453375958
xception_deepfakebench,external,1,official,538,neuraltextures_faces_c23/607_683,ffpp_test:49,1,neuraltextures,h264_crf35,-1.9841079711914062,0.12088160656738897
xception_deepfakebench,external,1,official,539,neuraltextures_faces_c23/683_607,ffpp_test:49,1,neuraltextures,h264_crf35,0.14120054244995117,0.5352416023323805
xception_deepfakebench,external,1,official,540,original_faces_c23/517,ffpp_test:45,0,real,h264_crf35,0.5888404846191406,0.6430990548203739
xception_deepfakebench,external,1,official,541,original_faces_c23/521,ffpp_test:45,0,real,h264_crf35,-1.0645866394042969,0.25643391807260457
xception_deepfakebench,external,1,official,542,deepfakes_faces_c23/517_521,ffpp_test:45,1,deepfakes,h264_crf35,4.9736328125,0.9931295588701758
xception_deepfakebench,external,1,official,543,deepfakes_faces_c23/521_517,ffpp_test:45,1,deepfakes,h264_crf35,3.26171875,0.9630919338027948
xception_deepfakebench,external,1,official,544,face2face_faces_c23/517_521,ffpp_test:45,1,face2face,h264_crf35,3.238922119140625,0.9622729979466885
xception_deepfakebench,external,1,official,545,face2face_faces_c23/521_517,ffpp_test:45,1,face2face,h264_crf35,0.7768096923828125,0.6849921226372694
xception_deepfakebench,external,1,official,546,faceswap_faces_c23/517_521,ffpp_test:45,1,faceswap,h264_crf35,2.5976638793945312,0.9307110794911303
xception_deepfakebench,external,1,official,547,faceswap_faces_c23/521_517,ffpp_test:45,1,faceswap,h264_crf35,3.2503890991210938,0.9626870918676846
xception_deepfakebench,external,1,official,548,neuraltextures_faces_c23/517_521,ffpp_test:45,1,neuraltextures,h264_crf35,2.2486801147460938,0.9045366236893206
xception_deepfakebench,external,1,official,549,neuraltextures_faces_c23/521_517,ffpp_test:45,1,neuraltextures,h264_crf35,0.03690910339355469,0.5092262284784866
xception_deepfakebench,external,1,official,550,original_faces_c23/682,ffpp_test:55,0,real,h264_crf35,-1.5590667724609375,0.17378059988183572
xception_deepfakebench,external,1,official,551,original_faces_c23/669,ffpp_test:55,0,real,h264_crf35,-0.451495885848999,0.3890051647068097
xception_deepfakebench,external,1,official,552,deepfakes_faces_c23/682_669,ffpp_test:55,1,deepfakes,h264_crf35,3.807861328125,0.978286350097306
xception_deepfakebench,external,1,official,553,deepfakes_faces_c23/669_682,ffpp_test:55,1,deepfakes,h264_crf35,1.3563990592956543,0.7951738271757098
xception_deepfakebench,external,1,official,554,face2face_faces_c23/682_669,ffpp_test:55,1,face2face,h264_crf35,0.1219484806060791,0.5304493939937391
xception_deepfakebench,external,1,official,555,face2face_faces_c23/669_682,ffpp_test:55,1,face2face,h264_crf35,2.30194091796875,0.9090376574541555
xception_deepfakebench,external,1,official,556,faceswap_faces_c23/682_669,ffpp_test:55,1,faceswap,h264_crf35,2.3820343017578125,0.9154470300218192
xception_deepfakebench,external,1,official,557,faceswap_faces_c23/669_682,ffpp_test:55,1,faceswap,h264_crf35,3.047576904296875,0.9546777992043947
xception_deepfakebench,external,1,official,558,neuraltextures_faces_c23/682_669,ffpp_test:55,1,neuraltextures,h264_crf35,0.5540027618408203,0.6350637627652865
xception_deepfakebench,external,1,official,559,neuraltextures_faces_c23/669_682,ffpp_test:55,1,neuraltextures,h264_crf35,1.0050774812698364,0.7320557000777483
xception_deepfakebench,external,1,official,560,original_faces_c23/138,ffpp_test:12,0,real,h264_crf35,0.329958438873291,0.581749264345127
xception_deepfakebench,external,1,official,561,original_faces_c23/142,ffpp_test:12,0,real,h264_crf35,-2.2194061279296875,0.09802129784895343
xception_deepfakebench,external,1,official,562,deepfakes_faces_c23/138_142,ffpp_test:12,1,deepfakes,h264_crf35,3.793426513671875,0.9779775970917125
xception_deepfakebench,external,1,official,563,deepfakes_faces_c23/142_138,ffpp_test:12,1,deepfakes,h264_crf35,1.9964752197265625,0.8804265016456883
xception_deepfakebench,external,1,official,564,face2face_faces_c23/138_142,ffpp_test:12,1,face2face,h264_crf35,4.54522705078125,0.9894937907543755
xception_deepfakebench,external,1,official,565,face2face_faces_c23/142_138,ffpp_test:12,1,face2face,h264_crf35,0.6563072204589844,0.6584303695491545
xception_deepfakebench,external,1,official,566,faceswap_faces_c23/138_142,ffpp_test:12,1,faceswap,h264_crf35,2.6965808868408203,0.9368245881730674
xception_deepfakebench,external,1,official,567,faceswap_faces_c23/142_138,ffpp_test:12,1,faceswap,h264_crf35,2.390315055847168,0.9160857904443944
xception_deepfakebench,external,1,official,568,neuraltextures_faces_c23/138_142,ffpp_test:12,1,neuraltextures,h264_crf35,3.2668704986572266,0.963274620896957
xception_deepfakebench,external,1,official,569,neuraltextures_faces_c23/142_138,ffpp_test:12,1,neuraltextures,h264_crf35,-1.1016216278076172,0.24943617352312025
xception_deepfakebench,external,1,official,570,original_faces_c23/552,ffpp_test:47,0,real,h264_crf35,1.911726951599121,0.8712130375922648
xception_deepfakebench,external,1,official,571,original_faces_c23/851,ffpp_test:47,0,real,h264_crf35,0.8660125732421875,0.70391532060473
xception_deepfakebench,external,1,official,572,deepfakes_faces_c23/552_851,ffpp_test:47,1,deepfakes,h264_crf35,2.3413314819335938,0.9122427367144897
xception_deepfakebench,external,1,official,573,deepfakes_faces_c23/851_552,ffpp_test:47,1,deepfakes,h264_crf35,2.042449951171875,0.8851825024418909
xception_deepfakebench,external,1,official,574,face2face_faces_c23/552_851,ffpp_test:47,1,face2face,h264_crf35,2.080657958984375,0.8890089720492971
xception_deepfakebench,external,1,official,575,face2face_faces_c23/851_552,ffpp_test:47,1,face2face,h264_crf35,1.8138198852539062,0.859822908511214
xception_deepfakebench,external,1,official,576,faceswap_faces_c23/552_851,ffpp_test:47,1,faceswap,h264_crf35,4.6650390625,0.9906690072127495
xception_deepfakebench,external,1,official,577,faceswap_faces_c23/851_552,ffpp_test:47,1,faceswap,h264_crf35,2.4554901123046875,0.9209620062510622
xception_deepfakebench,external,1,official,578,neuraltextures_faces_c23/552_851,ffpp_test:47,1,neuraltextures,h264_crf35,1.3756661415100098,0.7982940615944162
xception_deepfakebench,external,1,official,579,neuraltextures_faces_c23/851_552,ffpp_test:47,1,neuraltextures,h264_crf35,1.2765183448791504,0.7818565389079242
xception_deepfakebench,external,1,official,580,original_faces_c23/376,ffpp_test:31,0,real,h264_crf35,-2.2865066528320312,0.09224665669905184
xception_deepfakebench,external,1,official,581,original_faces_c23/381,ffpp_test:31,0,real,h264_crf35,-2.794647216796875,0.057614116547779315
xception_deepfakebench,external,1,official,582,deepfakes_faces_c23/376_381,ffpp_test:31,1,deepfakes,h264_crf35,1.7498717308044434,0.8519366227436754
xception_deepfakebench,external,1,official,583,deepfakes_faces_c23/381_376,ffpp_test:31,1,deepfakes,h264_crf35,2.6659469604492188,0.9349870963400836
xception_deepfakebench,external,1,official,584,face2face_faces_c23/376_381,ffpp_test:31,1,face2face,h264_crf35,2.2956390380859375,0.9085152214253023
xception_deepfakebench,external,1,official,585,face2face_faces_c23/381_376,ffpp_test:31,1,face2face,h264_crf35,-1.0893487930297852,0.25174092474499526
xception_deepfakebench,external,1,official,586,faceswap_faces_c23/376_381,ffpp_test:31,1,faceswap,h264_crf35,3.0504112243652344,0.9548002769261292
xception_deepfakebench,external,1,official,587,faceswap_faces_c23/381_376,ffpp_test:31,1,faceswap,h264_crf35,2.7956085205078125,0.9424380549869119
xception_deepfakebench,external,1,official,588,neuraltextures_faces_c23/376_381,ffpp_test:31,1,neuraltextures,h264_crf35,-0.745513916015625,0.32179958077763177
xception_deepfakebench,external,1,official,589,neuraltextures_faces_c23/381_376,ffpp_test:31,1,neuraltextures,h264_crf35,-1.3395094871520996,0.20759073479102905
xception_deepfakebench,external,1,official,590,original_faces_c23/000,ffpp_test:0,0,real,h264_crf35,-0.45183277130126953,0.38892509671785064
xception_deepfakebench,external,1,official,591,original_faces_c23/003,ffpp_test:0,0,real,h264_crf35,-2.7443056106567383,0.06040905466393232
xception_deepfakebench,external,1,official,592,deepfakes_faces_c23/000_003,ffpp_test:0,1,deepfakes,h264_crf35,2.744924545288086,0.9396260663856497
xception_deepfakebench,external,1,official,593,deepfakes_faces_c23/003_000,ffpp_test:0,1,deepfakes,h264_crf35,0.3318667411804199,0.5822135142829029
xception_deepfakebench,external,1,official,594,face2face_faces_c23/000_003,ffpp_test:0,1,face2face,h264_crf35,3.59619140625,0.9733042254965241
xception_deepfakebench,external,1,official,595,face2face_faces_c23/003_000,ffpp_test:0,1,face2face,h264_crf35,2.8595352172851562,0.9458094825249346
xception_deepfakebench,external,1,official,596,faceswap_faces_c23/000_003,ffpp_test:0,1,faceswap,h264_crf35,1.1645355224609375,0.7621558658380762
xception_deepfakebench,external,1,official,597,faceswap_faces_c23/003_000,ffpp_test:0,1,faceswap,h264_crf35,2.914989471435547,0.9485824652654391
xception_deepfakebench,external,1,official,598,neuraltextures_faces_c23/000_003,ffpp_test:0,1,neuraltextures,h264_crf35,2.1951446533203125,0.8998126510374664
xception_deepfakebench,external,1,official,599,neuraltextures_faces_c23/003_000,ffpp_test:0,1,neuraltextures,h264_crf35,-1.9169998168945312,0.12819649939225128
xception_deepfakebench,external,1,official,600,original_faces_c23/048,ffpp_test:4,0,real,h264_crf35,-3.179351806640625,0.03995018745888338
xception_deepfakebench,external,1,official,601,original_faces_c23/029,ffpp_test:4,0,real,h264_crf35,1.1894769668579102,0.7666475071166391
xception_deepfakebench,external,1,official,602,deepfakes_faces_c23/048_029,ffpp_test:4,1,deepfakes,h264_crf35,5.3038330078125,0.995052105683373
xception_deepfakebench,external,1,official,603,deepfakes_faces_c23/029_048,ffpp_test:4,1,deepfakes,h264_crf35,1.1908845901489258,0.7668992351413513
xception_deepfakebench,external,1,official,604,face2face_faces_c23/048_029,ffpp_test:4,1,face2face,h264_crf35,-1.3645744323730469,0.20349784296003642
xception_deepfakebench,external,1,official,605,face2face_faces_c23/029_048,ffpp_test:4,1,face2face,h264_crf35,4.604583740234375,0.9900932593437944
xception_deepfakebench,external,1,official,606,faceswap_faces_c23/048_029,ffpp_test:4,1,faceswap,h264_crf35,0.9289817810058594,0.7168686652821626
xception_deepfakebench,external,1,official,607,faceswap_faces_c23/029_048,ffpp_test:4,1,faceswap,h264_crf35,-0.07192230224609375,0.48202717128428346
xception_deepfakebench,external,1,official,608,neuraltextures_faces_c23/048_029,ffpp_test:4,1,neuraltextures,h264_crf35,-1.8635635375976562,0.13428823306793952
xception_deepfakebench,external,1,official,609,neuraltextures_faces_c23/029_048,ffpp_test:4,1,neuraltextures,h264_crf35,2.8045806884765625,0.9429228545203296
xception_deepfakebench,external,1,official,610,original_faces_c23/724,ffpp_test:59,0,real,h264_crf35,0.5559701919555664,0.635519608722652
xception_deepfakebench,external,1,official,611,original_faces_c23/725,ffpp_test:59,0,real,h264_crf35,0.26149940490722656,0.5650048429531753
xception_deepfakebench,external,1,official,612,deepfakes_faces_c23/724_725,ffpp_test:59,1,deepfakes,h264_crf35,2.9273338317871094,0.9491812230779794
xception_deepfakebench,external,1,official,613,deepfakes_faces_c23/725_724,ffpp_test:59,1,deepfakes,h264_crf35,3.12384033203125,0.9578654936681011
xception_deepfakebench,external,1,official,614,face2face_faces_c23/724_725,ffpp_test:59,1,face2face,h264_crf35,2.2118911743164062,0.9013122715814759
xception_deepfakebench,external,1,official,615,face2face_faces_c23/725_724,ffpp_test:59,1,face2face,h264_crf35,0.4948081970214844,0.621238464763008
xception_deepfakebench,external,1,official,616,faceswap_faces_c23/724_725,ffpp_test:59,1,faceswap,h264_crf35,3.78228759765625,0.9777364120037515
xception_deepfakebench,external,1,official,617,faceswap_faces_c23/725_724,ffpp_test:59,1,faceswap,h264_crf35,3.245025634765625,0.9624939538855387
xception_deepfakebench,external,1,official,618,neuraltextures_faces_c23/724_725,ffpp_test:59,1,neuraltextures,h264_crf35,1.6160106658935547,0.8342442168081601
xception_deepfakebench,external,1,official,619,neuraltextures_faces_c23/725_724,ffpp_test:59,1,neuraltextures,h264_crf35,0.5058078765869141,0.6238232298820743
xception_deepfakebench,external,1,official,620,original_faces_c23/608,ffpp_test:50,0,real,h264_crf35,-0.9548249244689941,0.2779155266771677
xception_deepfakebench,external,1,official,621,original_faces_c23/675,ffpp_test:50,0,real,h264_crf35,-0.22504043579101562,0.44397612739979253
xception_deepfakebench,external,1,official,622,deepfakes_faces_c23/608_675,ffpp_test:50,1,deepfakes,h264_crf35,2.7059478759765625,0.9373767035285254
xception_deepfakebench,external,1,official,623,deepfakes_faces_c23/675_608,ffpp_test:50,1,deepfakes,h264_crf35,1.5608749389648438,0.8264788651790532
xception_deepfakebench,external,1,official,624,face2face_faces_c23/608_675,ffpp_test:50,1,face2face,h264_crf35,0.7070159912109375,0.6697414679980827
xception_deepfakebench,external,1,official,625,face2face_faces_c23/675_608,ffpp_test:50,1,face2face,h264_crf35,2.1665267944335938,0.8972030754229896
xception_deepfakebench,external,1,official,626,faceswap_faces_c23/608_675,ffpp_test:50,1,faceswap,h264_crf35,4.371002197265625,0.9875191719123638
xception_deepfakebench,external,1,official,627,faceswap_faces_c23/675_608,ffpp_test:50,1,faceswap,h264_crf35,1.5832087993621826,0.8296584822797111
xception_deepfakebench,external,1,official,628,neuraltextures_faces_c23/608_675,ffpp_test:50,1,neuraltextures,h264_crf35,0.7841720581054688,0.686578590655845
xception_deepfakebench,external,1,official,629,neuraltextures_faces_c23/675_608,ffpp_test:50,1,neuraltextures,h264_crf35,1.3518733978271484,0.7944357370546216
xception_deepfakebench,external,1,official,630,original_faces_c23/386,ffpp_test:14,0,real,h264_crf35,-0.4586801528930664,0.38729897494549387
xception_deepfakebench,external,1,official,631,original_faces_c23/154,ffpp_test:14,0,real,h264_crf35,-1.8948554992675781,0.1306918390920191
xception_deepfakebench,external,1,official,632,deepfakes_faces_c23/386_154,ffpp_test:14,1,deepfakes,h264_crf35,4.443603515625,0.9883830319625739
xception_deepfakebench,external,1,official,633,deepfakes_faces_c23/154_386,ffpp_test:14,1,deepfakes,h264_crf35,2.421201705932617,0.9184298174068358
xception_deepfakebench,external,1,official,634,face2face_faces_c23/386_154,ffpp_test:14,1,face2face,h264_crf35,0.2421954870223999,0.560254621391971
xception_deepfakebench,external,1,official,635,face2face_faces_c23/154_386,ffpp_test:14,1,face2face,h264_crf35,0.96282958984375,0.7236879783249405
xception_deepfakebench,external,1,official,636,faceswap_faces_c23/386_154,ffpp_test:14,1,faceswap,h264_crf35,2.4206695556640625,0.9183899416995935
xception_deepfakebench,external,1,official,637,faceswap_faces_c23/154_386,ffpp_test:14,1,faceswap,h264_crf35,1.3124122619628906,0.7879165346302447
xception_deepfakebench,external,1,official,638,neuraltextures_faces_c23/386_154,ffpp_test:14,1,neuraltextures,h264_crf35,0.6895170211791992,0.6658594770973576
xception_deepfakebench,external,1,official,639,neuraltextures_faces_c23/154_386,ffpp_test:14,1,neuraltextures,h264_crf35,0.9031238555908203,0.7115910326345738
xception_deepfakebench,external,1,official,640,original_faces_c23/220,ffpp_test:20,0,real,h264_crf35,-0.1292259693145752,0.4677383908425016
xception_deepfakebench,external,1,official,641,original_faces_c23/219,ffpp_test:20,0,real,h264_crf35,-0.5130510330200195,0.37447856497207727
xception_deepfakebench,external,1,official,642,deepfakes_faces_c23/220_219,ffpp_test:20,1,deepfakes,h264_crf35,1.5602703094482422,0.8263921372051918
xception_deepfakebench,external,1,official,643,deepfakes_faces_c23/219_220,ffpp_test:20,1,deepfakes,h264_crf35,5.228107452392578,0.9946649487391063
xception_deepfakebench,external,1,official,644,face2face_faces_c23/220_219,ffpp_test:20,1,face2face,h264_crf35,2.890899658203125,0.9473947367361146
xception_deepfakebench,external,1,official,645,face2face_faces_c23/219_220,ffpp_test:20,1,face2face,h264_crf35,0.6587613821029663,0.6589820952607883
xception_deepfakebench,external,1,official,646,faceswap_faces_c23/220_219,ffpp_test:20,1,faceswap,h264_crf35,3.110565185546875,0.9573264510028748
xception_deepfakebench,external,1,official,647,faceswap_faces_c23/219_220,ffpp_test:20,1,faceswap,h264_crf35,0.767481803894043,0.6829759057756721
xception_deepfakebench,external,1,official,648,neuraltextures_faces_c23/220_219,ffpp_test:20,1,neuraltextures,h264_crf35,1.5277328491210938,0.8216743607888204
xception_deepfakebench,external,1,official,649,neuraltextures_faces_c23/219_220,ffpp_test:20,1,neuraltextures,h264_crf35,-0.08070886135101318,0.47983373026347437
xception_deepfakebench,external,1,official,650,original_faces_c23/801,ffpp_test:63,0,real,h264_crf35,-3.084491729736328,0.043751507900790576
xception_deepfakebench,external,1,official,651,original_faces_c23/855,ffpp_test:63,0,real,h264_crf35,-1.8109745979309082,0.140520378009078
xception_deepfakebench,external,1,official,652,deepfakes_faces_c23/801_855,ffpp_test:63,1,deepfakes,h264_crf35,4.21783447265625,0.9854833286513719
xception_deepfakebench,external,1,official,653,deepfakes_faces_c23/855_801,ffpp_test:63,1,deepfakes,h264_crf35,2.7611236572265625,0.9405385065962247
xception_deepfakebench,external,1,official,654,face2face_faces_c23/801_855,ffpp_test:63,1,face2face,h264_crf35,-1.32844877243042,0.20941607220591163
xception_deepfakebench,external,1,official,655,face2face_faces_c23/855_801,ffpp_test:63,1,face2face,h264_crf35,-0.1598968505859375,0.46011073856598156
xception_deepfakebench,external,1,official,656,faceswap_faces_c23/801_855,ffpp_test:63,1,faceswap,h264_crf35,0.8843722343444824,0.7077274354656037
xception_deepfakebench,external,1,official,657,faceswap_faces_c23/855_801,ffpp_test:63,1,faceswap,h264_crf35,0.677581787109375,0.6631987638160329
xception_deepfakebench,external,1,official,658,neuraltextures_faces_c23/801_855,ffpp_test:63,1,neuraltextures,h264_crf35,-2.5532913208007812,0.07220568243345353
xception_deepfakebench,external,1,official,659,neuraltextures_faces_c23/855_801,ffpp_test:63,1,neuraltextures,h264_crf35,-0.6745362281799316,0.3374818487574912
xception_deepfakebench,external,1,official,660,original_faces_c23/161,ffpp_test:13,0,real,h264_crf35,-2.466064453125,0.07827169525773371
xception_deepfakebench,external,1,official,661,original_faces_c23/141,ffpp_test:13,0,real,h264_crf35,-0.9818439483642578,0.27252605725924994
xception_deepfakebench,external,1,official,662,deepfakes_faces_c23/161_141,ffpp_test:13,1,deepfakes,h264_crf35,3.167572021484375,0.9595955521438758
xception_deepfakebench,external,1,official,663,deepfakes_faces_c23/141_161,ffpp_test:13,1,deepfakes,h264_crf35,0.8917961120605469,0.7092606879310235
xception_deepfakebench,external,1,official,664,face2face_faces_c23/161_141,ffpp_test:13,1,face2face,h264_crf35,2.214597225189209,0.9015527093858225
xception_deepfakebench,external,1,official,665,face2face_faces_c23/141_161,ffpp_test:13,1,face2face,h264_crf35,0.4849700927734375,0.6189208009713284
xception_deepfakebench,external,1,official,666,faceswap_faces_c23/161_141,ffpp_test:13,1,faceswap,h264_crf35,4.8453369140625,0.992196407806065
xception_deepfakebench,external,1,official,667,faceswap_faces_c23/141_161,ffpp_test:13,1,faceswap,h264_crf35,2.4961013793945312,0.9238680598506611
xception_deepfakebench,external,1,official,668,neuraltextures_faces_c23/161_141,ffpp_test:13,1,neuraltextures,h264_crf35,0.7371864318847656,0.6763803002234389
xception_deepfakebench,external,1,official,669,neuraltextures_faces_c23/141_161,ffpp_test:13,1,neuraltextures,h264_crf35,1.089011549949646,0.74819554432375
xception_deepfakebench,external,1,official,670,original_faces_c23/949,ffpp_test:66,0,real,h264_crf35,-0.2572822570800781,0.43603190657176777
xception_deepfakebench,external,1,official,671,original_faces_c23/868,ffpp_test:66,0,real,h264_crf35,-1.5303077697753906,0.17794865985789998
xception_deepfakebench,external,1,official,672,deepfakes_faces_c23/949_868,ffpp_test:66,1,deepfakes,h264_crf35,2.526031494140625,0.9259466948401928
xception_deepfakebench,external,1,official,673,deepfakes_faces_c23/868_949,ffpp_test:66,1,deepfakes,h264_crf35,2.6388626098632812,0.9333212164152849
xception_deepfakebench,external,1,official,674,face2face_faces_c23/949_868,ffpp_test:66,1,face2face,h264_crf35,3.677337646484375,0.9753336017761628
xception_deepfakebench,external,1,official,675,face2face_faces_c23/868_949,ffpp_test:66,1,face2face,h264_crf35,-0.1642627716064453,0.45902639572432663
xception_deepfakebench,external,1,official,676,faceswap_faces_c23/949_868,ffpp_test:66,1,faceswap,h264_crf35,1.8637866973876953,0.8657377082346892
xception_deepfakebench,external,1,official,677,faceswap_faces_c23/868_949,ffpp_test:66,1,faceswap,h264_crf35,2.6095962524414062,0.9314766303988081
xception_deepfakebench,external,1,official,678,neuraltextures_faces_c23/949_868,ffpp_test:66,1,neuraltextures,h264_crf35,-0.11730194091796875,0.4707080945004797
xception_deepfakebench,external,1,official,679,neuraltextures_faces_c23/868_949,ffpp_test:66,1,neuraltextures,h264_crf35,-0.41176700592041016,0.398488502057907
xception_deepfakebench,external,1,official,680,original_faces_c23/880,ffpp_test:11,0,real,h264_crf35,-0.4988384246826172,0.3778136821140153
xception_deepfakebench,external,1,official,681,original_faces_c23/135,ffpp_test:11,0,real,h264_crf35,-1.7835350036621094,0.14386718137534457
xception_deepfakebench,external,1,official,682,deepfakes_faces_c23/880_135,ffpp_test:11,1,deepfakes,h264_crf35,0.05423927307128906,0.5135564949444802
xception_deepfakebench,external,1,official,683,deepfakes_faces_c23/135_880,ffpp_test:11,1,deepfakes,h264_crf35,6.20458984375,0.997983935516109
xception_deepfakebench,external,1,official,684,face2face_faces_c23/880_135,ffpp_test:11,1,face2face,h264_crf35,0.5692805051803589,0.6385971389042991
xception_deepfakebench,external,1,official,685,face2face_faces_c23/135_880,ffpp_test:11,1,face2face,h264_crf35,2.453704833984375,0.9208319563735553
xception_deepfakebench,external,1,official,686,faceswap_faces_c23/880_135,ffpp_test:11,1,faceswap,h264_crf35,0.6667156219482422,0.6607673423675939
xception_deepfakebench,external,1,official,687,faceswap_faces_c23/135_880,ffpp_test:11,1,faceswap,h264_crf35,3.82086181640625,0.9785607982723696
xception_deepfakebench,external,1,official,688,neuraltextures_faces_c23/880_135,ffpp_test:11,1,neuraltextures,h264_crf35,-0.4362964630126953,0.39262380093574056
xception_deepfakebench,external,1,official,689,neuraltextures_faces_c23/135_880,ffpp_test:11,1,neuraltextures,h264_crf35,-1.3383595943450928,0.20777995210443495
xception_deepfakebench,external,1,official,690,original_faces_c23/429,ffpp_test:35,0,real,h264_crf35,-0.7058887481689453,0.33050791213877523
xception_deepfakebench,external,1,official,691,original_faces_c23/404,ffpp_test:35,0,real,h264_crf35,-0.6742877960205078,0.3375373974124925
xception_deepfakebench,external,1,official,692,deepfakes_faces_c23/429_404,ffpp_test:35,1,deepfakes,h264_crf35,5.97637939453125,0.9974684263613067
xception_deepfakebench,external,1,official,693,deepfakes_faces_c23/404_429,ffpp_test:35,1,deepfakes,h264_crf35,-1.04632568359375,0.2599312943832565
xception_deepfakebench,external,1,official,694,face2face_faces_c23/429_404,ffpp_test:35,1,face2face,h264_crf35,1.572847843170166,0.8281892119299714
xception_deepfakebench,external,1,official,695,face2face_faces_c23/404_429,ffpp_test:35,1,face2face,h264_crf35,2.684079170227051,0.9360806299782526
xception_deepfakebench,external,1,official,696,faceswap_faces_c23/429_404,ffpp_test:35,1,faceswap,h264_crf35,4.438873291015625,0.9883285937975101
xception_deepfakebench,external,1,official,697,faceswap_faces_c23/404_429,ffpp_test:35,1,faceswap,h264_crf35,0.5514545440673828,0.6344729904636527
xception_deepfakebench,external,1,official,698,neuraltextures_faces_c23/429_404,ffpp_test:35,1,neuraltextures,h264_crf35,1.3804454803466797,0.7990625368156713
xception_deepfakebench,external,1,official,699,neuraltextures_faces_c23/404_429,ffpp_test:35,1,neuraltextures,h264_crf35,1.6569766998291016,0.8398317433956548
xception_deepfakebench,external,1,official,0,original_faces_c23/953,ffpp_test:68,0,real,h265_crf32,-0.18300533294677734,0.454375928543493
xception_deepfakebench,external,1,official,1,original_faces_c23/974,ffpp_test:68,0,real,h265_crf32,-1.4551830291748047,0.18920517416322774
xception_deepfakebench,external,1,official,2,deepfakes_faces_c23/953_974,ffpp_test:68,1,deepfakes,h265_crf32,4.2159423828125,0.9854562356531791
xception_deepfakebench,external,1,official,3,deepfakes_faces_c23/974_953,ffpp_test:68,1,deepfakes,h265_crf32,3.6829071044921875,0.9754672374872413
xception_deepfakebench,external,1,official,4,face2face_faces_c23/953_974,ffpp_test:68,1,face2face,h265_crf32,5.8551025390625,0.997142944368339
xception_deepfakebench,external,1,official,5,face2face_faces_c23/974_953,ffpp_test:68,1,face2face,h265_crf32,4.4735107421875,0.9887214588103655
xception_deepfakebench,external,1,official,6,faceswap_faces_c23/953_974,ffpp_test:68,1,faceswap,h265_crf32,1.923996925354004,0.8725834802037448
xception_deepfakebench,external,1,official,7,faceswap_faces_c23/974_953,ffpp_test:68,1,faceswap,h265_crf32,1.9488883018493652,0.8753253718437123
xception_deepfakebench,external,1,official,8,neuraltextures_faces_c23/953_974,ffpp_test:68,1,neuraltextures,h265_crf32,-0.7041378021240234,0.330895463143783
xception_deepfakebench,external,1,official,9,neuraltextures_faces_c23/974_953,ffpp_test:68,1,neuraltextures,h265_crf32,0.6633000373840332,0.6600013060008976
xception_deepfakebench,external,1,official,10,original_faces_c23/012,ffpp_test:1,0,real,h265_crf32,1.0328140258789062,0.7374610896122189
xception_deepfakebench,external,1,official,11,original_faces_c23/026,ffpp_test:1,0,real,h265_crf32,-0.3779754638671875,0.40661528321456036
xception_deepfakebench,external,1,official,12,deepfakes_faces_c23/012_026,ffpp_test:1,1,deepfakes,h265_crf32,1.4742355346679688,0.8137003129731724
xception_deepfakebench,external,1,official,13,deepfakes_faces_c23/026_012,ffpp_test:1,1,deepfakes,h265_crf32,7.7734375,0.9995794125678485
xception_deepfakebench,external,1,official,14,face2face_faces_c23/012_026,ffpp_test:1,1,face2face,h265_crf32,1.7620658874511719,0.8534682092553496
xception_deepfakebench,external,1,official,15,face2face_faces_c23/026_012,ffpp_test:1,1,face2face,h265_crf32,0.3101234436035156,0.5769153920293865
xception_deepfakebench,external,1,official,16,faceswap_faces_c23/012_026,ffpp_test:1,1,faceswap,h265_crf32,3.95904541015625,0.9812759589911109
xception_deepfakebench,external,1,official,17,faceswap_faces_c23/026_012,ffpp_test:1,1,faceswap,h265_crf32,7.28045654296875,0.9993116032238879
xception_deepfakebench,external,1,official,18,neuraltextures_faces_c23/012_026,ffpp_test:1,1,neuraltextures,h265_crf32,1.5499191284179688,0.82490205116017
xception_deepfakebench,external,1,official,19,neuraltextures_faces_c23/026_012,ffpp_test:1,1,neuraltextures,h265_crf32,-0.029485225677490234,0.49262922757216693
xception_deepfakebench,external,1,official,20,original_faces_c23/078,ffpp_test:8,0,real,h265_crf32,-1.6453046798706055,0.16174454569573932
xception_deepfakebench,external,1,official,21,original_faces_c23/955,ffpp_test:8,0,real,h265_crf32,1.8094139099121094,0.8592910250584207
xception_deepfakebench,external,1,official,22,deepfakes_faces_c23/078_955,ffpp_test:8,1,deepfakes,h265_crf32,7.656494140625,0.999527260939798
xception_deepfakebench,external,1,official,23,deepfakes_faces_c23/955_078,ffpp_test:8,1,deepfakes,h265_crf32,2.934417724609375,0.9495218381082551
xception_deepfakebench,external,1,official,24,face2face_faces_c23/078_955,ffpp_test:8,1,face2face,h265_crf32,1.7296218872070312,0.8493640490935116
xception_deepfakebench,external,1,official,25,face2face_faces_c23/955_078,ffpp_test:8,1,face2face,h265_crf32,4.01641845703125,0.9823015010352774
xception_deepfakebench,external,1,official,26,faceswap_faces_c23/078_955,ffpp_test:8,1,faceswap,h265_crf32,4.23565673828125,0.9857360991063376
xception_deepfakebench,external,1,official,27,faceswap_faces_c23/955_078,ffpp_test:8,1,faceswap,h265_crf32,2.0546622276306152,0.8864178638803267
xception_deepfakebench,external,1,official,28,neuraltextures_faces_c23/078_955,ffpp_test:8,1,neuraltextures,h265_crf32,-0.15036582946777344,0.46247921106024814
xception_deepfakebench,external,1,official,29,neuraltextures_faces_c23/955_078,ffpp_test:8,1,neuraltextures,h265_crf32,4.0635986328125,0.9831033459848347
xception_deepfakebench,external,1,official,30,original_faces_c23/623,ffpp_test:51,0,real,h265_crf32,0.1587049961090088,0.5395931801965219
xception_deepfakebench,external,1,official,31,original_faces_c23/630,ffpp_test:51,0,real,h265_crf32,-0.2673596143722534,0.4335554203316574
xception_deepfakebench,external,1,official,32,deepfakes_faces_c23/623_630,ffpp_test:51,1,deepfakes,h265_crf32,7.2891845703125,0.999317581343022
xception_deepfakebench,external,1,official,33,deepfakes_faces_c23/630_623,ffpp_test:51,1,deepfakes,h265_crf32,0.5943984985351562,0.6443737278733465
xception_deepfakebench,external,1,official,34,face2face_faces_c23/623_630,ffpp_test:51,1,face2face,h265_crf32,1.3041648864746094,0.7865350921450196
xception_deepfakebench,external,1,official,35,face2face_faces_c23/630_623,ffpp_test:51,1,face2face,h265_crf32,3.2709579467773438,0.9634189475194775
xception_deepfakebench,external,1,official,36,faceswap_faces_c23/623_630,ffpp_test:51,1,faceswap,h265_crf32,8.3607177734375,0.999766178282144
xception_deepfakebench,external,1,official,37,faceswap_faces_c23/630_623,ffpp_test:51,1,faceswap,h265_crf32,5.28741455078125,0.9949706102809254
xception_deepfakebench,external,1,official,38,neuraltextures_faces_c23/623_630,ffpp_test:51,1,neuraltextures,h265_crf32,3.3177490234375,0.9650327126785301
xception_deepfakebench,external,1,official,39,neuraltextures_faces_c23/630_623,ffpp_test:51,1,neuraltextures,h265_crf32,2.7988739013671875,0.9426149415106512
xception_deepfakebench,external,1,official,40,original_faces_c23/919,ffpp_test:2,0,real,h265_crf32,0.8298707008361816,0.6963275895014674
xception_deepfakebench,external,1,official,41,original_faces_c23/015,ffpp_test:2,0,real,h265_crf32,2.7237396240234375,0.9384130163394875
xception_deepfakebench,external,1,official,42,deepfakes_faces_c23/919_015,ffpp_test:2,1,deepfakes,h265_crf32,6.0718994140625,0.9976985215196331
xception_deepfakebench,external,1,official,43,deepfakes_faces_c23/015_919,ffpp_test:2,1,deepfakes,h265_crf32,3.2349700927734375,0.9621292624589511
xception_deepfakebench,external,1,official,44,face2face_faces_c23/919_015,ffpp_test:2,1,face2face,h265_crf32,4.0211334228515625,0.9823832858188716
xception_deepfakebench,external,1,official,45,face2face_faces_c23/015_919,ffpp_test:2,1,face2face,h265_crf32,2.826915740966797,0.9441130883036389
xception_deepfakebench,external,1,official,46,faceswap_faces_c23/919_015,ffpp_test:2,1,faceswap,h265_crf32,4.449920654296875,0.9884553421072971
xception_deepfakebench,external,1,official,47,faceswap_faces_c23/015_919,ffpp_test:2,1,faceswap,h265_crf32,4.1530303955078125,0.9845264765991323
xception_deepfakebench,external,1,official,48,neuraltextures_faces_c23/919_015,ffpp_test:2,1,neuraltextures,h265_crf32,0.9719257354736328,0.7255031712689423
xception_deepfakebench,external,1,official,49,neuraltextures_faces_c23/015_919,ffpp_test:2,1,neuraltextures,h265_crf32,4.03125,0.9825575152637948
xception_deepfakebench,external,1,official,50,original_faces_c23/367,ffpp_test:30,0,real,h265_crf32,0.22557640075683594,0.5561561776463293
xception_deepfakebench,external,1,official,51,original_faces_c23/371,ffpp_test:30,0,real,h265_crf32,-0.2293539047241211,0.44291155765220197
xception_deepfakebench,external,1,official,52,deepfakes_faces_c23/367_371,ffpp_test:30,1,deepfakes,h265_crf32,5.68682861328125,0.9966211275068804
xception_deepfakebench,external,1,official,53,deepfakes_faces_c23/371_367,ffpp_test:30,1,deepfakes,h265_crf32,7.890625,0.9996259043952698
xception_deepfakebench,external,1,official,54,face2face_faces_c23/367_371,ffpp_test:30,1,face2face,h265_crf32,2.573394775390625,0.9291295603863666
xception_deepfakebench,external,1,official,55,face2face_faces_c23/371_367,ffpp_test:30,1,face2face,h265_crf32,4.9229583740234375,0.9927750111591027
xception_deepfakebench,external,1,official,56,faceswap_faces_c23/367_371,ffpp_test:30,1,faceswap,h265_crf32,3.7271881103515625,0.9765049052974816
xception_deepfakebench,external,1,official,57,faceswap_faces_c23/371_367,ffpp_test:30,1,faceswap,h265_crf32,2.221942901611328,0.9022027576385974
xception_deepfakebench,external,1,official,58,neuraltextures_faces_c23/367_371,ffpp_test:30,1,neuraltextures,h265_crf32,-0.039069175720214844,0.49023394828052347
xception_deepfakebench,external,1,official,59,neuraltextures_faces_c23/371_367,ffpp_test:30,1,neuraltextures,h265_crf32,3.3374805450439453,0.9656924693095509
xception_deepfakebench,external,1,official,60,original_faces_c23/847,ffpp_test:65,0,real,h265_crf32,0.2739744186401367,0.5680683575537004
xception_deepfakebench,external,1,official,61,original_faces_c23/906,ffpp_test:65,0,real,h265_crf32,1.8944969177246094,0.869267416532141
xception_deepfakebench,external,1,official,62,deepfakes_faces_c23/847_906,ffpp_test:65,1,deepfakes,h265_crf32,5.616943359375,0.9963774334162916
xception_deepfakebench,external,1,official,63,deepfakes_faces_c23/906_847,ffpp_test:65,1,deepfakes,h265_crf32,6.51519775390625,0.9985214263733464
xception_deepfakebench,external,1,official,64,face2face_faces_c23/847_906,ffpp_test:65,1,face2face,h265_crf32,1.3331184387207031,0.7913559932838589
xception_deepfakebench,external,1,official,65,face2face_faces_c23/906_847,ffpp_test:65,1,face2face,h265_crf32,6.43756103515625,0.9984022518719408
xception_deepfakebench,external,1,official,66,faceswap_faces_c23/847_906,ffpp_test:65,1,faceswap,h265_crf32,3.6774368286132812,0.9753359877840598
xception_deepfakebench,external,1,official,67,faceswap_faces_c23/906_847,ffpp_test:65,1,faceswap,h265_crf32,6.65087890625,0.998708784113011
xception_deepfakebench,external,1,official,68,neuraltextures_faces_c23/847_906,ffpp_test:65,1,neuraltextures,h265_crf32,1.4401915073394775,0.8084843056951988
xception_deepfakebench,external,1,official,69,neuraltextures_faces_c23/906_847,ffpp_test:65,1,neuraltextures,h265_crf32,3.88128662109375,0.9797924926578344
xception_deepfakebench,external,1,official,70,original_faces_c23/529,ffpp_test:46,0,real,h265_crf32,-0.10132026672363281,0.47469158053914984
xception_deepfakebench,external,1,official,71,original_faces_c23/633,ffpp_test:46,0,real,h265_crf32,3.041748046875,0.9544249261635891
xception_deepfakebench,external,1,official,72,deepfakes_faces_c23/529_633,ffpp_test:46,1,deepfakes,h265_crf32,5.418701171875,0.9955866633957531
xception_deepfakebench,external,1,official,73,deepfakes_faces_c23/633_529,ffpp_test:46,1,deepfakes,h265_crf32,4.6563720703125,0.9905885485269396
xception_deepfakebench,external,1,official,74,face2face_faces_c23/529_633,ffpp_test:46,1,face2face,h265_crf32,4.2811737060546875,0.9863621384603964
xception_deepfakebench,external,1,official,75,face2face_faces_c23/633_529,ffpp_test:46,1,face2face,h265_crf32,3.7774658203125,0.9776312098036567
xception_deepfakebench,external,1,official,76,faceswap_faces_c23/529_633,ffpp_test:46,1,faceswap,h265_crf32,8.463134765625,0.9997889353034147
xception_deepfakebench,external,1,official,77,faceswap_faces_c23/633_529,ffpp_test:46,1,faceswap,h265_crf32,4.676544189453125,0.9907747615755296
xception_deepfakebench,external,1,official,78,neuraltextures_faces_c23/529_633,ffpp_test:46,1,neuraltextures,h265_crf32,2.63555908203125,0.9331153343508447
xception_deepfakebench,external,1,official,79,neuraltextures_faces_c23/633_529,ffpp_test:46,1,neuraltextures,h265_crf32,1.56158447265625,0.8265805969357337
xception_deepfakebench,external,1,official,80,original_faces_c23/418,ffpp_test:36,0,real,h265_crf32,1.163909673690796,0.7620423969259748
xception_deepfakebench,external,1,official,81,original_faces_c23/507,ffpp_test:36,0,real,h265_crf32,1.067366361618042,0.744095748078098
xception_deepfakebench,external,1,official,82,deepfakes_faces_c23/418_507,ffpp_test:36,1,deepfakes,h265_crf32,3.157928466796875,0.9592199913057913
xception_deepfakebench,external,1,official,83,deepfakes_faces_c23/507_418,ffpp_test:36,1,deepfakes,h265_crf32,5.938934326171875,0.9973720880857939
xception_deepfakebench,external,1,official,84,face2face_faces_c23/418_507,ffpp_test:36,1,face2face,h265_crf32,7.160888671875,0.9992242379605285
xception_deepfakebench,external,1,official,85,face2face_faces_c23/507_418,ffpp_test:36,1,face2face,h265_crf32,3.7674560546875,0.9774112622429438
xception_deepfakebench,external,1,official,86,faceswap_faces_c23/418_507,ffpp_test:36,1,faceswap,h265_crf32,4.4248046875,0.9881651899547623
xception_deepfakebench,external,1,official,87,faceswap_faces_c23/507_418,ffpp_test:36,1,faceswap,h265_crf32,4.61785888671875,0.9902226263384549
xception_deepfakebench,external,1,official,88,neuraltextures_faces_c23/418_507,ffpp_test:36,1,neuraltextures,h265_crf32,3.2135009765625,0.9613391937188551
xception_deepfakebench,external,1,official,89,neuraltextures_faces_c23/507_418,ffpp_test:36,1,neuraltextures,h265_crf32,3.0670623779296875,0.9555134684586191
xception_deepfakebench,external,1,official,90,original_faces_c23/227,ffpp_test:16,0,real,h265_crf32,1.7056875228881836,0.846276099137015
xception_deepfakebench,external,1,official,91,original_faces_c23/169,ffpp_test:16,0,real,h265_crf32,2.666778564453125,0.9350376281268926
xception_deepfakebench,external,1,official,92,deepfakes_faces_c23/227_169,ffpp_test:16,1,deepfakes,h265_crf32,8.7003173828125,0.9998334947807013
xception_deepfakebench,external,1,official,93,deepfakes_faces_c23/169_227,ffpp_test:16,1,deepfakes,h265_crf32,4.36859130859375,0.987489422620466
xception_deepfakebench,external,1,official,94,face2face_faces_c23/227_169,ffpp_test:16,1,face2face,h265_crf32,2.1133480072021484,0.8921937811847078
xception_deepfakebench,external,1,official,95,face2face_faces_c23/169_227,ffpp_test:16,1,face2face,h265_crf32,6.83697509765625,0.9989278055761984
xception_deepfakebench,external,1,official,96,faceswap_faces_c23/227_169,ffpp_test:16,1,faceswap,h265_crf32,3.2626953125,0.9631266308634338
xception_deepfakebench,external,1,official,97,faceswap_faces_c23/169_227,ffpp_test:16,1,faceswap,h265_crf32,5.09051513671875,0.993882801945227
xception_deepfakebench,external,1,official,98,neuraltextures_faces_c23/227_169,ffpp_test:16,1,neuraltextures,h265_crf32,1.4842653274536133,0.8152159689721652
xception_deepfakebench,external,1,official,99,neuraltextures_faces_c23/169_227,ffpp_test:16,1,neuraltextures,h265_crf32,5.66131591796875,0.9965341169181609
xception_deepfakebench,external,1,official,100,original_faces_c23/389,ffpp_test:33,0,real,h265_crf32,-0.19305419921875,0.4518857918601899
xception_deepfakebench,external,1,official,101,original_faces_c23/480,ffpp_test:33,0,real,h265_crf32,-0.010356903076171875,0.4974107973752459
xception_deepfakebench,external,1,official,102,deepfakes_faces_c23/389_480,ffpp_test:33,1,deepfakes,h265_crf32,5.037017822265625,0.9935488051418901
xception_deepfakebench,external,1,official,103,deepfakes_faces_c23/480_389,ffpp_test:33,1,deepfakes,h265_crf32,3.0841064453125,0.9562323700001687
xception_deepfakebench,external,1,official,104,face2face_faces_c23/389_480,ffpp_test:33,1,face2face,h265_crf32,3.2412033081054688,0.962355726214838
xception_deepfakebench,external,1,official,105,face2face_faces_c23/480_389,ffpp_test:33,1,face2face,h265_crf32,1.6285362243652344,0.8359690175052673
xception_deepfakebench,external,1,official,106,faceswap_faces_c23/389_480,ffpp_test:33,1,faceswap,h265_crf32,1.1370410919189453,0.7571359657913758
xception_deepfakebench,external,1,official,107,faceswap_faces_c23/480_389,ffpp_test:33,1,faceswap,h265_crf32,3.4608154296875,0.969552048151598
xception_deepfakebench,external,1,official,108,neuraltextures_faces_c23/389_480,ffpp_test:33,1,neuraltextures,h265_crf32,1.4316188097000122,0.8071534197636578
xception_deepfakebench,external,1,official,109,neuraltextures_faces_c23/480_389,ffpp_test:33,1,neuraltextures,h265_crf32,-0.7018013000488281,0.33141297748584275
xception_deepfakebench,external,1,official,110,original_faces_c23/821,ffpp_test:64,0,real,h265_crf32,1.88330078125,0.8679898011617655
xception_deepfakebench,external,1,official,111,original_faces_c23/812,ffpp_test:64,0,real,h265_crf32,0.20810699462890625,0.5518397915036289
xception_deepfakebench,external,1,official,112,deepfakes_faces_c23/821_812,ffpp_test:64,1,deepfakes,h265_crf32,3.011171340942383,0.9530762667197715
xception_deepfakebench,external,1,official,113,deepfakes_faces_c23/812_821,ffpp_test:64,1,deepfakes,h265_crf32,5.972900390625,0.997459626081475
xception_deepfakebench,external,1,official,114,face2face_faces_c23/821_812,ffpp_test:64,1,face2face,h265_crf32,4.162078857421875,0.9846637190762156
xception_deepfakebench,external,1,official,115,face2face_faces_c23/812_821,ffpp_test:64,1,face2face,h265_crf32,4.682708740234375,0.9908309362628971
xception_deepfakebench,external,1,official,116,faceswap_faces_c23/821_812,ffpp_test:64,1,faceswap,h265_crf32,4.6606903076171875,0.9906287217495983
xception_deepfakebench,external,1,official,117,faceswap_faces_c23/812_821,ffpp_test:64,1,faceswap,h265_crf32,4.48980712890625,0.9889017454258078
xception_deepfakebench,external,1,official,118,neuraltextures_faces_c23/821_812,ffpp_test:64,1,neuraltextures,h265_crf32,1.6215591430664062,0.83501004246607
xception_deepfakebench,external,1,official,119,neuraltextures_faces_c23/812_821,ffpp_test:64,1,neuraltextures,h265_crf32,1.7360725402832031,0.8501875177149696
xception_deepfakebench,external,1,official,120,original_faces_c23/670,ffpp_test:54,0,real,h265_crf32,-0.9184284210205078,0.28527822253943236
xception_deepfakebench,external,1,official,121,original_faces_c23/661,ffpp_test:54,0,real,h265_crf32,1.2450952529907227,0.7764496713618062
xception_deepfakebench,external,1,official,122,deepfakes_faces_c23/670_661,ffpp_test:54,1,deepfakes,h265_crf32,8.0584716796875,0.9996836900718197
xception_deepfakebench,external,1,official,123,deepfakes_faces_c23/661_670,ffpp_test:54,1,deepfakes,h265_crf32,5.8623046875,0.9971633892265003
xception_deepfakebench,external,1,official,124,face2face_faces_c23/670_661,ffpp_test:54,1,face2face,h265_crf32,3.6942977905273438,0.9757383556451898
xception_deepfakebench,external,1,official,125,face2face_faces_c23/661_670,ffpp_test:54,1,face2face,h265_crf32,4.054168701171875,0.9829459882109574
xception_deepfakebench,external,1,official,126,faceswap_faces_c23/670_661,ffpp_test:54,1,faceswap,h265_crf32,5.33624267578125,0.9952091385971481
xception_deepfakebench,external,1,official,127,faceswap_faces_c23/661_670,ffpp_test:54,1,faceswap,h265_crf32,3.8199005126953125,0.9785406212604976
xception_deepfakebench,external,1,official,128,neuraltextures_faces_c23/670_661,ffpp_test:54,1,neuraltextures,h265_crf32,3.144775390625,0.9587023633398098
xception_deepfakebench,external,1,official,129,neuraltextures_faces_c23/661_670,ffpp_test:54,1,neuraltextures,h265_crf32,2.281771659851074,0.9073560819405417
xception_deepfakebench,external,1,official,130,original_faces_c23/158,ffpp_test:15,0,real,h265_crf32,1.6253013610839844,0.8355249552366577
xception_deepfakebench,external,1,official,131,original_faces_c23/379,ffpp_test:15,0,real,h265_crf32,-0.03304100036621094,0.4917405013079725
xception_deepfakebench,external,1,official,132,deepfakes_faces_c23/158_379,ffpp_test:15,1,deepfakes,h265_crf32,0.8772878646850586,0.7062598849357942
xception_deepfakebench,external,1,official,133,deepfakes_faces_c23/379_158,ffpp_test:15,1,deepfakes,h265_crf32,4.235107421875,0.9857283734136574
xception_deepfakebench,external,1,official,134,face2face_faces_c23/158_379,ffpp_test:15,1,face2face,h265_crf32,3.430419921875,0.9686418253217989
xception_deepfakebench,external,1,official,135,face2face_faces_c23/379_158,ffpp_test:15,1,face2face,h265_crf32,2.216461181640625,0.9017180218460861
xception_deepfakebench,external,1,official,136,faceswap_faces_c23/158_379,ffpp_test:15,1,faceswap,h265_crf32,2.53704833984375,0.9266985776033693
xception_deepfakebench,external,1,official,137,faceswap_faces_c23/379_158,ffpp_test:15,1,faceswap,h265_crf32,3.624420166015625,0.9740279784971358
xception_deepfakebench,external,1,official,138,neuraltextures_faces_c23/158_379,ffpp_test:15,1,neuraltextures,h265_crf32,1.6971759796142578,0.8451655416121313
xception_deepfakebench,external,1,official,139,neuraltextures_faces_c23/379_158,ffpp_test:15,1,neuraltextures,h265_crf32,1.1686534881591797,0.7629015411490375
xception_deepfakebench,external,1,official,140,original_faces_c23/423,ffpp_test:37,0,real,h265_crf32,2.0148086547851562,0.8823431450696912
xception_deepfakebench,external,1,official,141,original_faces_c23/421,ffpp_test:37,0,real,h265_crf32,1.7491416931152344,0.8518445116798999
xception_deepfakebench,external,1,official,142,deepfakes_faces_c23/423_421,ffpp_test:37,1,deepfakes,h265_crf32,4.635009765625,0.9903872888396918
xception_deepfakebench,external,1,official,143,deepfakes_faces_c23/421_423,ffpp_test:37,1,deepfakes,h265_crf32,6.3421630859375,0.998242603854348
xception_deepfakebench,external,1,official,144,face2face_faces_c23/423_421,ffpp_test:37,1,face2face,h265_crf32,3.667694091796875,0.9751005308868209
xception_deepfakebench,external,1,official,145,face2face_faces_c23/421_423,ffpp_test:37,1,face2face,h265_crf32,4.2667236328125,0.9861663856110179
xception_deepfakebench,external,1,official,146,faceswap_faces_c23/423_421,ffpp_test:37,1,faceswap,h265_crf32,2.5298423767089844,0.926207581026749
xception_deepfakebench,external,1,official,147,faceswap_faces_c23/421_423,ffpp_test:37,1,faceswap,h265_crf32,4.157684326171875,0.9845972153736287
xception_deepfakebench,external,1,official,148,neuraltextures_faces_c23/423_421,ffpp_test:37,1,neuraltextures,h265_crf32,2.010282516479492,0.8818724560759519
xception_deepfakebench,external,1,official,149,neuraltextures_faces_c23/421_423,ffpp_test:37,1,neuraltextures,h265_crf32,1.3230838775634766,0.7896943258241985
xception_deepfakebench,external,1,official,150,original_faces_c23/352,ffpp_test:28,0,real,h265_crf32,0.6921596527099609,0.6664471799262958
xception_deepfakebench,external,1,official,151,original_faces_c23/319,ffpp_test:28,0,real,h265_crf32,-1.4208602905273438,0.19452675260348165
xception_deepfakebench,external,1,official,152,deepfakes_faces_c23/352_319,ffpp_test:28,1,deepfakes,h265_crf32,2.0014266967773438,0.8809467906262433
xception_deepfakebench,external,1,official,153,deepfakes_faces_c23/319_352,ffpp_test:28,1,deepfakes,h265_crf32,5.689697265625,0.9966307738175352
xception_deepfakebench,external,1,official,154,face2face_faces_c23/352_319,ffpp_test:28,1,face2face,h265_crf32,3.4624710083007812,0.9696008843039458
xception_deepfakebench,external,1,official,155,face2face_faces_c23/319_352,ffpp_test:28,1,face2face,h265_crf32,0.34710896015167236,0.5859163341715143
xception_deepfakebench,external,1,official,156,faceswap_faces_c23/352_319,ffpp_test:28,1,faceswap,h265_crf32,3.688568115234375,0.975602346579759
xception_deepfakebench,external,1,official,157,faceswap_faces_c23/319_352,ffpp_test:28,1,faceswap,h265_crf32,3.7147064208984375,0.9762168273288517
xception_deepfakebench,external,1,official,158,neuraltextures_faces_c23/352_319,ffpp_test:28,1,neuraltextures,h265_crf32,2.9057464599609375,0.9481297749870388
xception_deepfakebench,external,1,official,159,neuraltextures_faces_c23/319_352,ffpp_test:28,1,neuraltextures,h265_crf32,-1.0316886901855469,0.2627568473567738
xception_deepfakebench,external,1,official,160,original_faces_c23/579,ffpp_test:48,0,real,h265_crf32,0.03929710388183594,0.5098230118940211
xception_deepfakebench,external,1,official,161,original_faces_c23/701,ffpp_test:48,0,real,h265_crf32,-0.5816125869750977,0.3585616218937199
xception_deepfakebench,external,1,official,162,deepfakes_faces_c23/579_701,ffpp_test:48,1,deepfakes,h265_crf32,3.860198974609375,0.9793707231818142
xception_deepfakebench,external,1,official,163,deepfakes_faces_c23/701_579,ffpp_test:48,1,deepfakes,h265_crf32,0.17987442016601562,0.544847750171836
xception_deepfakebench,external,1,official,164,face2face_faces_c23/579_701,ffpp_test:48,1,face2face,h265_crf32,1.8093557357788086,0.8592839910793119
xception_deepfakebench,external,1,official,165,face2face_faces_c23/701_579,ffpp_test:48,1,face2face,h265_crf32,3.566497802734375,0.9725217538775707
xception_deepfakebench,external,1,official,166,faceswap_faces_c23/579_701,ffpp_test:48,1,faceswap,h265_crf32,3.7856407165527344,0.9778092856247643
xception_deepfakebench,external,1,official,167,faceswap_faces_c23/701_579,ffpp_test:48,1,faceswap,h265_crf32,1.4760055541992188,0.8139684850010431
xception_deepfakebench,external,1,official,168,neuraltextures_faces_c23/579_701,ffpp_test:48,1,neuraltextures,h265_crf32,1.1332483291625977,0.7564378684357088
xception_deepfakebench,external,1,official,169,neuraltextures_faces_c23/701_579,ffpp_test:48,1,neuraltextures,h265_crf32,0.031147360801696777,0.5077862107226621
xception_deepfakebench,external,1,official,170,original_faces_c23/488,ffpp_test:34,0,real,h265_crf32,0.6362502574920654,0.6539053350273135
xception_deepfakebench,external,1,official,171,original_faces_c23/399,ffpp_test:34,0,real,h265_crf32,2.504383087158203,0.9244485200165965
xception_deepfakebench,external,1,official,172,deepfakes_faces_c23/488_399,ffpp_test:34,1,deepfakes,h265_crf32,2.726776123046875,0.9385882744010243
xception_deepfakebench,external,1,official,173,deepfakes_faces_c23/399_488,ffpp_test:34,1,deepfakes,h265_crf32,4.08953857421875,0.9835288818891005
xception_deepfakebench,external,1,official,174,face2face_faces_c23/488_399,ffpp_test:34,1,face2face,h265_crf32,3.7486572265625,0.9769924663016466
xception_deepfakebench,external,1,official,175,face2face_faces_c23/399_488,ffpp_test:34,1,face2face,h265_crf32,8.6630859375,0.9998271797934957
xception_deepfakebench,external,1,official,176,faceswap_faces_c23/488_399,ffpp_test:34,1,faceswap,h265_crf32,3.36895751953125,0.9667201684958645
xception_deepfakebench,external,1,official,177,faceswap_faces_c23/399_488,ffpp_test:34,1,faceswap,h265_crf32,6.3896484375,0.9983239674839566
xception_deepfakebench,external,1,official,178,neuraltextures_faces_c23/488_399,ffpp_test:34,1,neuraltextures,h265_crf32,1.3584527969360352,0.7955081216083072
xception_deepfakebench,external,1,official,179,neuraltextures_faces_c23/399_488,ffpp_test:34,1,neuraltextures,h265_crf32,4.87237548828125,0.992402997331203
xception_deepfakebench,external,1,official,180,original_faces_c23/695,ffpp_test:38,0,real,h265_crf32,0.19992351531982422,0.5498150660144278
xception_deepfakebench,external,1,official,181,original_faces_c23/422,ffpp_test:38,0,real,h265_crf32,2.4003524780273438,0.9168541777690072
xception_deepfakebench,external,1,official,182,deepfakes_faces_c23/695_422,ffpp_test:38,1,deepfakes,h265_crf32,5.82269287109375,0.9970491090124209
xception_deepfakebench,external,1,official,183,deepfakes_faces_c23/422_695,ffpp_test:38,1,deepfakes,h265_crf32,4.13189697265625,0.9842012095276481
xception_deepfakebench,external,1,official,184,face2face_faces_c23/695_422,ffpp_test:38,1,face2face,h265_crf32,2.312408447265625,0.909899500606877
xception_deepfakebench,external,1,official,185,face2face_faces_c23/422_695,ffpp_test:38,1,face2face,h265_crf32,7.0845947265625,0.9991627872096787
xception_deepfakebench,external,1,official,186,faceswap_faces_c23/695_422,ffpp_test:38,1,faceswap,h265_crf32,4.8818359375,0.9924739911407863
xception_deepfakebench,external,1,official,187,faceswap_faces_c23/422_695,ffpp_test:38,1,faceswap,h265_crf32,3.967193603515625,0.9814250838025311
xception_deepfakebench,external,1,official,188,neuraltextures_faces_c23/695_422,ffpp_test:38,1,neuraltextures,h265_crf32,1.121633529663086,0.7542915936976856
xception_deepfakebench,external,1,official,189,neuraltextures_faces_c23/422_695,ffpp_test:38,1,neuraltextures,h265_crf32,2.4674072265625,0.9218251246078841
xception_deepfakebench,external,1,official,190,original_faces_c23/288,ffpp_test:25,0,real,h265_crf32,2.285247802734375,0.9076478765824952
xception_deepfakebench,external,1,official,191,original_faces_c23/321,ffpp_test:25,0,real,h265_crf32,-0.24063074588775635,0.44013091918338587
xception_deepfakebench,external,1,official,192,deepfakes_faces_c23/288_321,ffpp_test:25,1,deepfakes,h265_crf32,3.141845703125,0.958586214732924
xception_deepfakebench,external,1,official,193,deepfakes_faces_c23/321_288,ffpp_test:25,1,deepfakes,h265_crf32,6.5330810546875,0.9985475950574285
xception_deepfakebench,external,1,official,194,face2face_faces_c23/288_321,ffpp_test:25,1,face2face,h265_crf32,4.69415283203125,0.9909343238769944
xception_deepfakebench,external,1,official,195,face2face_faces_c23/321_288,ffpp_test:25,1,face2face,h265_crf32,2.641521453857422,0.9334864930000875
xception_deepfakebench,external,1,official,196,faceswap_faces_c23/288_321,ffpp_test:25,1,faceswap,h265_crf32,4.12774658203125,0.9841365444610196
xception_deepfakebench,external,1,official,197,faceswap_faces_c23/321_288,ffpp_test:25,1,faceswap,h265_crf32,7.23052978515625,0.9992763868707208
xception_deepfakebench,external,1,official,198,neuraltextures_faces_c23/288_321,ffpp_test:25,1,neuraltextures,h265_crf32,4.06341552734375,0.9831003041220564
xception_deepfakebench,external,1,official,199,neuraltextures_faces_c23/321_288,ffpp_test:25,1,neuraltextures,h265_crf32,1.6089859008789062,0.8332705444913091
xception_deepfakebench,external,1,official,200,original_faces_c23/705,ffpp_test:57,0,real,h265_crf32,1.4660606384277344,0.8124578839235689
xception_deepfakebench,external,1,official,201,original_faces_c23/707,ffpp_test:57,0,real,h265_crf32,-1.8447561264038086,0.13648976428200202
xception_deepfakebench,external,1,official,202,deepfakes_faces_c23/705_707,ffpp_test:57,1,deepfakes,h265_crf32,3.0946273803710938,0.9566705849625791
xception_deepfakebench,external,1,official,203,deepfakes_faces_c23/707_705,ffpp_test:57,1,deepfakes,h265_crf32,5.39404296875,0.9954769839708133
xception_deepfakebench,external,1,official,204,face2face_faces_c23/705_707,ffpp_test:57,1,face2face,h265_crf32,5.68231201171875,0.9966058838850056
xception_deepfakebench,external,1,official,205,face2face_faces_c23/707_705,ffpp_test:57,1,face2face,h265_crf32,2.8457069396972656,0.94509634432081
xception_deepfakebench,external,1,official,206,faceswap_faces_c23/705_707,ffpp_test:57,1,faceswap,h265_crf32,6.3658447265625,0.9982836623624556
xception_deepfakebench,external,1,official,207,faceswap_faces_c23/707_705,ffpp_test:57,1,faceswap,h265_crf32,6.0225830078125,0.9975824568407384
xception_deepfakebench,external,1,official,208,neuraltextures_faces_c23/705_707,ffpp_test:57,1,neuraltextures,h265_crf32,3.3021240234375,0.9645016053838162
xception_deepfakebench,external,1,official,209,neuraltextures_faces_c23/707_705,ffpp_test:57,1,neuraltextures,h265_crf32,0.1302351951599121,0.5325128570032753
xception_deepfakebench,external,1,official,210,original_faces_c23/306,ffpp_test:24,0,real,h265_crf32,3.475311279296875,0.969977077871428
xception_deepfakebench,external,1,official,211,original_faces_c23/278,ffpp_test:24,0,real,h265_crf32,0.12991023063659668,0.5324319585338295
xception_deepfakebench,external,1,official,212,deepfakes_faces_c23/306_278,ffpp_test:24,1,deepfakes,h265_crf32,4.42584228515625,0.988177318252866
xception_deepfakebench,external,1,official,213,deepfakes_faces_c23/278_306,ffpp_test:24,1,deepfakes,h265_crf32,5.62701416015625,0.9964136022927225
xception_deepfakebench,external,1,official,214,face2face_faces_c23/306_278,ffpp_test:24,1,face2face,h265_crf32,4.9248046875,0.9927882423332401
xception_deepfakebench,external,1,official,215,face2face_faces_c23/278_306,ffpp_test:24,1,face2face,h265_crf32,4.4860687255859375,0.9888606410588157
xception_deepfakebench,external,1,official,216,faceswap_faces_c23/306_278,ffpp_test:24,1,faceswap,h265_crf32,4.6607666015625,0.9906294299946777
xception_deepfakebench,external,1,official,217,faceswap_faces_c23/278_306,ffpp_test:24,1,faceswap,h265_crf32,3.7973098754882812,0.9780610796114428
xception_deepfakebench,external,1,official,218,neuraltextures_faces_c23/306_278,ffpp_test:24,1,neuraltextures,h265_crf32,3.71356201171875,0.9761902424850444
xception_deepfakebench,external,1,official,219,neuraltextures_faces_c23/278_306,ffpp_test:24,1,neuraltextures,h265_crf32,1.3224124908447266,0.7895828021126231
xception_deepfakebench,external,1,official,220,original_faces_c23/865,ffpp_test:61,0,real,h265_crf32,2.2383575439453125,0.9036415386610751
xception_deepfakebench,external,1,official,221,original_faces_c23/739,ffpp_test:61,0,real,h265_crf32,-0.010079383850097656,0.49748017537069034
xception_deepfakebench,external,1,official,222,deepfakes_faces_c23/865_739,ffpp_test:61,1,deepfakes,h265_crf32,5.512451171875,0.9959800236123517
xception_deepfakebench,external,1,official,223,deepfakes_faces_c23/739_865,ffpp_test:61,1,deepfakes,h265_crf32,8.8648681640625,0.9998587542701816
xception_deepfakebench,external,1,official,224,face2face_faces_c23/865_739,ffpp_test:61,1,face2face,h265_crf32,2.636445999145508,0.9331706665710935
xception_deepfakebench,external,1,official,225,face2face_faces_c23/739_865,ffpp_test:61,1,face2face,h265_crf32,3.197967529296875,0.9607577200557962
xception_deepfakebench,external,1,official,226,faceswap_faces_c23/865_739,ffpp_test:61,1,faceswap,h265_crf32,4.2455291748046875,0.9858742463346255
xception_deepfakebench,external,1,official,227,faceswap_faces_c23/739_865,ffpp_test:61,1,faceswap,h265_crf32,7.831787109375,0.9996032419647718
xception_deepfakebench,external,1,official,228,neuraltextures_faces_c23/865_739,ffpp_test:61,1,neuraltextures,h265_crf32,1.7697219848632812,0.8544230937603324
xception_deepfakebench,external,1,official,229,neuraltextures_faces_c23/739_865,ffpp_test:61,1,neuraltextures,h265_crf32,-0.10995984077453613,0.472537705163542
xception_deepfakebench,external,1,official,230,original_faces_c23/995,ffpp_test:21,0,real,h265_crf32,2.1435699462890625,0.8950663821537751
xception_deepfakebench,external,1,official,231,original_faces_c23/233,ffpp_test:21,0,real,h265_crf32,-1.4199981689453125,0.1946618706433463
xception_deepfakebench,external,1,official,232,deepfakes_faces_c23/995_233,ffpp_test:21,1,deepfakes,h265_crf32,3.4826202392578125,0.9701891965060914
xception_deepfakebench,external,1,official,233,deepfakes_faces_c23/233_995,ffpp_test:21,1,deepfakes,h265_crf32,7.678672790527344,0.9995376254458207
xception_deepfakebench,external,1,official,234,face2face_faces_c23/995_233,ffpp_test:21,1,face2face,h265_crf32,8.125,0.999704042886487
xception_deepfakebench,external,1,official,235,face2face_faces_c23/233_995,ffpp_test:21,1,face2face,h265_crf32,-1.6964502334594727,0.15492945386562448
xception_deepfakebench,external,1,official,236,faceswap_faces_c23/995_233,ffpp_test:21,1,faceswap,h265_crf32,2.988851547241211,0.9520679281825988
xception_deepfakebench,external,1,official,237,faceswap_faces_c23/233_995,ffpp_test:21,1,faceswap,h265_crf32,5.66680908203125,0.9965530379412766
xception_deepfakebench,external,1,official,238,neuraltextures_faces_c23/995_233,ffpp_test:21,1,neuraltextures,h265_crf32,5.81982421875,0.9970406568658118
xception_deepfakebench,external,1,official,239,neuraltextures_faces_c23/233_995,ffpp_test:21,1,neuraltextures,h265_crf32,-1.3384475708007812,0.20776547089726558
xception_deepfakebench,external,1,official,240,original_faces_c23/755,ffpp_test:62,0,real,h265_crf32,0.3493785858154297,0.5864668794897354
xception_deepfakebench,external,1,official,241,original_faces_c23/759,ffpp_test:62,0,real,h265_crf32,1.8410286903381348,0.8630703233985073
xception_deepfakebench,external,1,official,242,deepfakes_faces_c23/755_759,ffpp_test:62,1,deepfakes,h265_crf32,6.939697265625,0.9990323744360692
xception_deepfakebench,external,1,official,243,deepfakes_faces_c23/759_755,ffpp_test:62,1,deepfakes,h265_crf32,3.518341064453125,0.9712051470118926
xception_deepfakebench,external,1,official,244,face2face_faces_c23/755_759,ffpp_test:62,1,face2face,h265_crf32,1.9863300323486328,0.8793543313344891
xception_deepfakebench,external,1,official,245,face2face_faces_c23/759_755,ffpp_test:62,1,face2face,h265_crf32,6.3616943359375,0.9982765363903048
xception_deepfakebench,external,1,official,246,faceswap_faces_c23/755_759,ffpp_test:62,1,faceswap,h265_crf32,4.416847229003906,0.9880717670750963
xception_deepfakebench,external,1,official,247,faceswap_faces_c23/759_755,ffpp_test:62,1,faceswap,h265_crf32,-0.8659629821777344,0.29609501519713805
xception_deepfakebench,external,1,official,248,neuraltextures_faces_c23/755_759,ffpp_test:62,1,neuraltextures,h265_crf32,-0.5466098785400391,0.36665130015342645
xception_deepfakebench,external,1,official,249,neuraltextures_faces_c23/759_755,ffpp_test:62,1,neuraltextures,h265_crf32,4.353546142578125,0.9873021839503792
xception_deepfakebench,external,1,official,250,original_faces_c23/467,ffpp_test:43,0,real,h265_crf32,0.660064697265625,0.6592749216449201
xception_deepfakebench,external,1,official,251,original_faces_c23/462,ffpp_test:43,0,real,h265_crf32,-0.980499267578125,0.2727927292919559
xception_deepfakebench,external,1,official,252,deepfakes_faces_c23/467_462,ffpp_test:43,1,deepfakes,h265_crf32,2.1911659240722656,0.8994533982099774
xception_deepfakebench,external,1,official,253,deepfakes_faces_c23/462_467,ffpp_test:43,1,deepfakes,h265_crf32,6.93505859375,0.9990278798856259
xception_deepfakebench,external,1,official,254,face2face_faces_c23/467_462,ffpp_test:43,1,face2face,h265_crf32,5.114471435546875,0.994026741008565
xception_deepfakebench,external,1,official,255,face2face_faces_c23/462_467,ffpp_test:43,1,face2face,h265_crf32,4.859405517578125,0.9923045858632786
xception_deepfakebench,external,1,official,256,faceswap_faces_c23/467_462,ffpp_test:43,1,faceswap,h265_crf32,5.1508331298828125,0.9942388085746716
xception_deepfakebench,external,1,official,257,faceswap_faces_c23/462_467,ffpp_test:43,1,faceswap,h265_crf32,6.4586181640625,0.9984354920246329
xception_deepfakebench,external,1,official,258,neuraltextures_faces_c23/467_462,ffpp_test:43,1,neuraltextures,h265_crf32,3.46484375,0.969670743015721
xception_deepfakebench,external,1,official,259,neuraltextures_faces_c23/462_467,ffpp_test:43,1,neuraltextures,h265_crf32,2.4364013671875,0.919561304612558
xception_deepfakebench,external,1,official,260,original_faces_c23/314,ffpp_test:27,0,real,h265_crf32,2.643890380859375,0.9336334274439537
xception_deepfakebench,external,1,official,261,original_faces_c23/347,ffpp_test:27,0,real,h265_crf32,-0.22714710235595703,0.44345613446252674
xception_deepfakebench,external,1,official,262,deepfakes_faces_c23/314_347,ffpp_test:27,1,deepfakes,h265_crf32,4.95355224609375,0.9929911787485401
xception_deepfakebench,external,1,official,263,deepfakes_faces_c23/347_314,ffpp_test:27,1,deepfakes,h265_crf32,6.4715576171875,0.9984555744292173
xception_deepfakebench,external,1,official,264,face2face_faces_c23/314_347,ffpp_test:27,1,face2face,h265_crf32,5.06768798828125,0.9937424416333283
xception_deepfakebench,external,1,official,265,face2face_faces_c23/347_314,ffpp_test:27,1,face2face,h265_crf32,3.0186767578125,0.9534107840910724
xception_deepfakebench,external,1,official,266,faceswap_faces_c23/314_347,ffpp_test:27,1,faceswap,h265_crf32,3.039794921875,0.9543398937153366
xception_deepfakebench,external,1,official,267,faceswap_faces_c23/347_314,ffpp_test:27,1,faceswap,h265_crf32,5.63623046875,0.9964463868734538
xception_deepfakebench,external,1,official,268,neuraltextures_faces_c23/314_347,ffpp_test:27,1,neuraltextures,h265_crf32,3.077423095703125,0.9559518038412572
xception_deepfakebench,external,1,official,269,neuraltextures_faces_c23/347_314,ffpp_test:27,1,neuraltextures,h265_crf32,0.1777341365814209,0.5443169333235206
xception_deepfakebench,external,1,official,270,original_faces_c23/741,ffpp_test:60,0,real,h265_crf32,-1.7569198608398438,0.14717652531228892
xception_deepfakebench,external,1,official,271,original_faces_c23/731,ffpp_test:60,0,real,h265_crf32,0.09906482696533203,0.5247459722997813
xception_deepfakebench,external,1,official,272,deepfakes_faces_c23/741_731,ffpp_test:60,1,deepfakes,h265_crf32,1.0514984130859375,0.7410625317969957
xception_deepfakebench,external,1,official,273,deepfakes_faces_c23/731_741,ffpp_test:60,1,deepfakes,h265_crf32,6.45904541015625,0.9984361592666877
xception_deepfakebench,external,1,official,274,face2face_faces_c23/741_731,ffpp_test:60,1,face2face,h265_crf32,3.099803924560547,0.956884656414687
xception_deepfakebench,external,1,official,275,face2face_faces_c23/731_741,ffpp_test:60,1,face2face,h265_crf32,3.1089859008789062,0.9572618866306807
xception_deepfakebench,external,1,official,276,faceswap_faces_c23/741_731,ffpp_test:60,1,faceswap,h265_crf32,1.8787460327148438,0.8674670267856809
xception_deepfakebench,external,1,official,277,faceswap_faces_c23/731_741,ffpp_test:60,1,faceswap,h265_crf32,1.9145927429199219,0.8715342399813559
xception_deepfakebench,external,1,official,278,neuraltextures_faces_c23/741_731,ffpp_test:60,1,neuraltextures,h265_crf32,0.2655986547470093,0.566012063695987
xception_deepfakebench,external,1,official,279,neuraltextures_faces_c23/731_741,ffpp_test:60,1,neuraltextures,h265_crf32,2.2805404663085938,0.9072525346330245
xception_deepfakebench,external,1,official,280,original_faces_c23/970,ffpp_test:69,0,real,h265_crf32,-0.29590797424316406,0.4265581163135388
xception_deepfakebench,external,1,official,281,original_faces_c23/973,ffpp_test:69,0,real,h265_crf32,-0.2109355926513672,0.4474607634919282
xception_deepfakebench,external,1,official,282,deepfakes_faces_c23/970_973,ffpp_test:69,1,deepfakes,h265_crf32,4.7451171875,0.9913808917854933
xception_deepfakebench,external,1,official,283,deepfakes_faces_c23/973_970,ffpp_test:69,1,deepfakes,h265_crf32,5.74951171875,0.9968257725362877
xception_deepfakebench,external,1,official,284,face2face_faces_c23/970_973,ffpp_test:69,1,face2face,h265_crf32,4.8072509765625,0.9918959234782395
xception_deepfakebench,external,1,official,285,face2face_faces_c23/973_970,ffpp_test:69,1,face2face,h265_crf32,4.8173828125,0.9919769626559403
xception_deepfakebench,external,1,official,286,faceswap_faces_c23/970_973,ffpp_test:69,1,faceswap,h265_crf32,4.9910888671875,0.9932476461832443
xception_deepfakebench,external,1,official,287,faceswap_faces_c23/973_970,ffpp_test:69,1,faceswap,h265_crf32,4.66107177734375,0.9906322624448326
xception_deepfakebench,external,1,official,288,neuraltextures_faces_c23/970_973,ffpp_test:69,1,neuraltextures,h265_crf32,2.561553955078125,0.9283458953382333
xception_deepfakebench,external,1,official,289,neuraltextures_faces_c23/973_970,ffpp_test:69,1,neuraltextures,h265_crf32,1.718475341796875,0.847932346486815
xception_deepfakebench,external,1,official,290,original_faces_c23/634,ffpp_test:53,0,real,h265_crf32,-2.1547088623046875,0.10389201685943637
xception_deepfakebench,external,1,official,291,original_faces_c23/660,ffpp_test:53,0,real,h265_crf32,1.3708515167236328,0.7975176940691241
xception_deepfakebench,external,1,official,292,deepfakes_faces_c23/634_660,ffpp_test:53,1,deepfakes,h265_crf32,4.018310546875,0.9823343655125873
xception_deepfakebench,external,1,official,293,deepfakes_faces_c23/660_634,ffpp_test:53,1,deepfakes,h265_crf32,3.90423583984375,0.9802418999177667
xception_deepfakebench,external,1,official,294,face2face_faces_c23/634_660,ffpp_test:53,1,face2face,h265_crf32,1.1828899383544922,0.7654670244511131
xception_deepfakebench,external,1,official,295,face2face_faces_c23/660_634,ffpp_test:53,1,face2face,h265_crf32,5.565216064453125,0.9961858502396922
xception_deepfakebench,external,1,official,296,faceswap_faces_c23/634_660,ffpp_test:53,1,faceswap,h265_crf32,2.8063831329345703,0.9430197834914674
xception_deepfakebench,external,1,official,297,faceswap_faces_c23/660_634,ffpp_test:53,1,faceswap,h265_crf32,4.8370361328125,0.9921318740897442
xception_deepfakebench,external,1,official,298,neuraltextures_faces_c23/634_660,ffpp_test:53,1,neuraltextures,h265_crf32,1.4919281005859375,0.8163674935735031
xception_deepfakebench,external,1,official,299,neuraltextures_faces_c23/660_634,ffpp_test:53,1,neuraltextures,h265_crf32,2.54559326171875,0.9272769076523554
xception_deepfakebench,external,1,official,300,original_faces_c23/494,ffpp_test:40,0,real,h265_crf32,0.5992107391357422,0.645475715026906
xception_deepfakebench,external,1,official,301,original_faces_c23/445,ffpp_test:40,0,real,h265_crf32,0.8683404922485352,0.7044002716655071
xception_deepfakebench,external,1,official,302,deepfakes_faces_c23/494_445,ffpp_test:40,1,deepfakes,h265_crf32,3.4630126953125,0.9696168464729468
xception_deepfakebench,external,1,official,303,deepfakes_faces_c23/445_494,ffpp_test:40,1,deepfakes,h265_crf32,3.423858642578125,0.9684419135262817
xception_deepfakebench,external,1,official,304,face2face_faces_c23/494_445,ffpp_test:40,1,face2face,h265_crf32,3.5140228271484375,0.9710841384048547
xception_deepfakebench,external,1,official,305,face2face_faces_c23/445_494,ffpp_test:40,1,face2face,h265_crf32,3.16473388671875,0.9594853685369252
xception_deepfakebench,external,1,official,306,faceswap_faces_c23/494_445,ffpp_test:40,1,faceswap,h265_crf32,3.7304153442382812,0.9765788342158
xception_deepfakebench,external,1,official,307,faceswap_faces_c23/445_494,ffpp_test:40,1,faceswap,h265_crf32,3.579498291015625,0.9728670424479432
xception_deepfakebench,external,1,official,308,neuraltextures_faces_c23/494_445,ffpp_test:40,1,neuraltextures,h265_crf32,-0.04554939270019531,0.4886146202389279
xception_deepfakebench,external,1,official,309,neuraltextures_faces_c23/445_494,ffpp_test:40,1,neuraltextures,h265_crf32,3.72259521484375,0.9763992992131296
xception_deepfakebench,external,1,official,310,original_faces_c23/706,ffpp_test:44,0,real,h265_crf32,-0.054534912109375,0.48636964992465026
xception_deepfakebench,external,1,official,311,original_faces_c23/479,ffpp_test:44,0,real,h265_crf32,-1.1116752624511719,0.2475586997912831
xception_deepfakebench,external,1,official,312,deepfakes_faces_c23/706_479,ffpp_test:44,1,deepfakes,h265_crf32,2.503643035888672,0.9243968160413366
xception_deepfakebench,external,1,official,313,deepfakes_faces_c23/479_706,ffpp_test:44,1,deepfakes,h265_crf32,6.06231689453125,0.9976764130431651
xception_deepfakebench,external,1,official,314,face2face_faces_c23/706_479,ffpp_test:44,1,face2face,h265_crf32,2.0858612060546875,0.8895213486839799
xception_deepfakebench,external,1,official,315,face2face_faces_c23/479_706,ffpp_test:44,1,face2face,h265_crf32,4.58831787109375,0.9899324354774873
xception_deepfakebench,external,1,official,316,faceswap_faces_c23/706_479,ffpp_test:44,1,faceswap,h265_crf32,1.9621772766113281,0.8767683905924826
xception_deepfakebench,external,1,official,317,faceswap_faces_c23/479_706,ffpp_test:44,1,faceswap,h265_crf32,1.0165138244628906,0.7342929787061238
xception_deepfakebench,external,1,official,318,neuraltextures_faces_c23/706_479,ffpp_test:44,1,neuraltextures,h265_crf32,1.6015348434448242,0.8322327913710935
xception_deepfakebench,external,1,official,319,neuraltextures_faces_c23/479_706,ffpp_test:44,1,neuraltextures,h265_crf32,2.8531494140625,0.9454812518627539
xception_deepfakebench,external,1,official,320,original_faces_c23/186,ffpp_test:17,0,real,h265_crf32,1.5480880737304688,0.8246374187204824
xception_deepfakebench,external,1,official,321,original_faces_c23/170,ffpp_test:17,0,real,h265_crf32,0.577235221862793,0.6404309831093109
xception_deepfakebench,external,1,official,322,deepfakes_faces_c23/186_170,ffpp_test:17,1,deepfakes,h265_crf32,2.2542724609375,0.9050184321992156
xception_deepfakebench,external,1,official,323,deepfakes_faces_c23/170_186,ffpp_test:17,1,deepfakes,h265_crf32,5.3232421875,0.9951467526920852
xception_deepfakebench,external,1,official,324,face2face_faces_c23/186_170,ffpp_test:17,1,face2face,h265_crf32,3.5338516235351562,0.9716357550020658
xception_deepfakebench,external,1,official,325,face2face_faces_c23/170_186,ffpp_test:17,1,face2face,h265_crf32,5.39703369140625,0.9954904299393785
xception_deepfakebench,external,1,official,326,faceswap_faces_c23/186_170,ffpp_test:17,1,faceswap,h265_crf32,5.194427490234375,0.9944832124378015
xception_deepfakebench,external,1,official,327,faceswap_faces_c23/170_186,ffpp_test:17,1,faceswap,h265_crf32,2.797149658203125,0.9425216025151181
xception_deepfakebench,external,1,official,328,neuraltextures_faces_c23/186_170,ffpp_test:17,1,neuraltextures,h265_crf32,2.3945083618164062,0.9164075789196856
xception_deepfakebench,external,1,official,329,neuraltextures_faces_c23/170_186,ffpp_test:17,1,neuraltextures,h265_crf32,1.8085136413574219,0.8591821384111554
xception_deepfakebench,external,1,official,330,original_faces_c23/176,ffpp_test:18,0,real,h265_crf32,-0.3629608154296875,0.4102430254442091
xception_deepfakebench,external,1,official,331,original_faces_c23/190,ffpp_test:18,0,real,h265_crf32,1.333989143371582,0.7914997203255799
xception_deepfakebench,external,1,official,332,deepfakes_faces_c23/176_190,ffpp_test:18,1,deepfakes,h265_crf32,8.225830078125,0.9997324215309494
xception_deepfakebench,external,1,official,333,deepfakes_faces_c23/190_176,ffpp_test:18,1,deepfakes,h265_crf32,0.47328245639801025,0.6161603749632893
xception_deepfakebench,external,1,official,334,face2face_faces_c23/176_190,ffpp_test:18,1,face2face,h265_crf32,6.6468505859375,0.9987035789480735
xception_deepfakebench,external,1,official,335,face2face_faces_c23/190_176,ffpp_test:18,1,face2face,h265_crf32,4.368408203125,0.9874871603220692
xception_deepfakebench,external,1,official,336,faceswap_faces_c23/176_190,ffpp_test:18,1,faceswap,h265_crf32,4.80059814453125,0.9918422699668682
xception_deepfakebench,external,1,official,337,faceswap_faces_c23/190_176,ffpp_test:18,1,faceswap,h265_crf32,1.6095123291015625,0.8333436687252121
xception_deepfakebench,external,1,official,338,neuraltextures_faces_c23/176_190,ffpp_test:18,1,neuraltextures,h265_crf32,1.3140544891357422,0.788190827719094
xception_deepfakebench,external,1,official,339,neuraltextures_faces_c23/190_176,ffpp_test:18,1,neuraltextures,h265_crf32,1.3499717712402344,0.7941250131039813
xception_deepfakebench,external,1,official,340,original_faces_c23/380,ffpp_test:29,0,real,h265_crf32,2.2830581665039062,0.9074641703448405
xception_deepfakebench,external,1,official,341,original_faces_c23/358,ffpp_test:29,0,real,h265_crf32,-0.0738525390625,0.4815452524585104
xception_deepfakebench,external,1,official,342,deepfakes_faces_c23/380_358,ffpp_test:29,1,deepfakes,h265_crf32,5.01556396484375,0.9934098287676005
xception_deepfakebench,external,1,official,343,deepfakes_faces_c23/358_380,ffpp_test:29,1,deepfakes,h265_crf32,1.5900840759277344,0.8306279316310385
xception_deepfakebench,external,1,official,344,face2face_faces_c23/380_358,ffpp_test:29,1,face2face,h265_crf32,3.986328125,0.9817707096048713
xception_deepfakebench,external,1,official,345,face2face_faces_c23/358_380,ffpp_test:29,1,face2face,h265_crf32,2.5257186889648438,0.9259252431148406
xception_deepfakebench,external,1,official,346,faceswap_faces_c23/380_358,ffpp_test:29,1,faceswap,h265_crf32,1.92169189453125,0.8723269831331047
xception_deepfakebench,external,1,official,347,faceswap_faces_c23/358_380,ffpp_test:29,1,faceswap,h265_crf32,0.7198925018310547,0.6725833447988582
xception_deepfakebench,external,1,official,348,neuraltextures_faces_c23/380_358,ffpp_test:29,1,neuraltextures,h265_crf32,3.248626708984375,0.96262373401175
xception_deepfakebench,external,1,official,349,neuraltextures_faces_c23/358_380,ffpp_test:29,1,neuraltextures,h265_crf32,1.7408447265625,0.850794329657647
xception_deepfakebench,external,1,official,350,original_faces_c23/214,ffpp_test:19,0,real,h265_crf32,-0.4669914245605469,0.3853285798102145
xception_deepfakebench,external,1,official,351,original_faces_c23/255,ffpp_test:19,0,real,h265_crf32,1.077540397644043,0.7460282442941483
xception_deepfakebench,external,1,official,352,deepfakes_faces_c23/214_255,ffpp_test:19,1,deepfakes,h265_crf32,7.1104736328125,0.9991841579662464
xception_deepfakebench,external,1,official,353,deepfakes_faces_c23/255_214,ffpp_test:19,1,deepfakes,h265_crf32,1.4436016082763672,0.8090117615959835
xception_deepfakebench,external,1,official,354,face2face_faces_c23/214_255,ffpp_test:19,1,face2face,h265_crf32,4.634979248046875,0.990386998298633
xception_deepfakebench,external,1,official,355,face2face_faces_c23/255_214,ffpp_test:19,1,face2face,h265_crf32,4.684906005859375,0.9908508768898294
xception_deepfakebench,external,1,official,356,faceswap_faces_c23/214_255,ffpp_test:19,1,faceswap,h265_crf32,3.981414794921875,0.981682567354115
xception_deepfakebench,external,1,official,357,faceswap_faces_c23/255_214,ffpp_test:19,1,faceswap,h265_crf32,3.91497802734375,0.9804488817927586
xception_deepfakebench,external,1,official,358,neuraltextures_faces_c23/214_255,ffpp_test:19,1,neuraltextures,h265_crf32,0.7192459106445312,0.6724409398416353
xception_deepfakebench,external,1,official,359,neuraltextures_faces_c23/255_214,ffpp_test:19,1,neuraltextures,h265_crf32,1.6673192977905273,0.8412180866136991
xception_deepfakebench,external,1,official,360,original_faces_c23/454,ffpp_test:42,0,real,h265_crf32,2.030651092529297,0.8839778713245436
xception_deepfakebench,external,1,official,361,original_faces_c23/527,ffpp_test:42,0,real,h265_crf32,0.8217997550964355,0.6946182445529097
xception_deepfakebench,external,1,official,362,deepfakes_faces_c23/454_527,ffpp_test:42,1,deepfakes,h265_crf32,7.544921875,0.9994714908944804
xception_deepfakebench,external,1,official,363,deepfakes_faces_c23/527_454,ffpp_test:42,1,deepfakes,h265_crf32,5.59796142578125,0.9963082695988088
xception_deepfakebench,external,1,official,364,face2face_faces_c23/454_527,ffpp_test:42,1,face2face,h265_crf32,5.80096435546875,0.9969844843250854
xception_deepfakebench,external,1,official,365,face2face_faces_c23/527_454,ffpp_test:42,1,face2face,h265_crf32,3.38739013671875,0.9673081132354878
xception_deepfakebench,external,1,official,366,faceswap_faces_c23/454_527,ffpp_test:42,1,faceswap,h265_crf32,6.218017578125,0.9980107722621638
xception_deepfakebench,external,1,official,367,faceswap_faces_c23/527_454,ffpp_test:42,1,faceswap,h265_crf32,4.0228118896484375,0.9824123104718027
xception_deepfakebench,external,1,official,368,neuraltextures_faces_c23/454_527,ffpp_test:42,1,neuraltextures,h265_crf32,3.254669189453125,0.9628405314188395
xception_deepfakebench,external,1,official,369,neuraltextures_faces_c23/527_454,ffpp_test:42,1,neuraltextures,h265_crf32,0.9658756256103516,0.7242966596689722
xception_deepfakebench,external,1,official,370,original_faces_c23/425,ffpp_test:39,0,real,h265_crf32,-0.13446807861328125,0.4664335432275136
xception_deepfakebench,external,1,official,371,original_faces_c23/485,ffpp_test:39,0,real,h265_crf32,0.708592414855957,0.6700900603795605
xception_deepfakebench,external,1,official,372,deepfakes_faces_c23/425_485,ffpp_test:39,1,deepfakes,h265_crf32,3.2376785278320312,0.9622278250484148
xception_deepfakebench,external,1,official,373,deepfakes_faces_c23/485_425,ffpp_test:39,1,deepfakes,h265_crf32,1.371286392211914,0.7975879100781417
xception_deepfakebench,external,1,official,374,face2face_faces_c23/425_485,ffpp_test:39,1,face2face,h265_crf32,2.4827194213867188,0.9229214731321524
xception_deepfakebench,external,1,official,375,face2face_faces_c23/485_425,ffpp_test:39,1,face2face,h265_crf32,1.1912117004394531,0.7669577058411188
xception_deepfakebench,external,1,official,376,faceswap_faces_c23/425_485,ffpp_test:39,1,faceswap,h265_crf32,4.3590240478515625,0.9873706751550194
xception_deepfakebench,external,1,official,377,faceswap_faces_c23/485_425,ffpp_test:39,1,faceswap,h265_crf32,4.334197998046875,0.9870573233559179
xception_deepfakebench,external,1,official,378,neuraltextures_faces_c23/425_485,ffpp_test:39,1,neuraltextures,h265_crf32,1.3931934833526611,0.8011015752172373
xception_deepfakebench,external,1,official,379,neuraltextures_faces_c23/485_425,ffpp_test:39,1,neuraltextures,h265_crf32,0.8081018924713135,0.6917048816711416
xception_deepfakebench,external,1,official,380,original_faces_c23/388,ffpp_test:26,0,real,h265_crf32,0.11419296264648438,0.5285172585623971
xception_deepfakebench,external,1,official,381,original_faces_c23/308,ffpp_test:26,0,real,h265_crf32,0.23150312900543213,0.5576186786403208
xception_deepfakebench,external,1,official,382,deepfakes_faces_c23/388_308,ffpp_test:26,1,deepfakes,h265_crf32,1.9669570922851562,0.8772838991961525
xception_deepfakebench,external,1,official,383,deepfakes_faces_c23/308_388,ffpp_test:26,1,deepfakes,h265_crf32,5.0665283203125,0.993735226221917
xception_deepfakebench,external,1,official,384,face2face_faces_c23/388_308,ffpp_test:26,1,face2face,h265_crf32,3.73590087890625,0.9767039752683397
xception_deepfakebench,external,1,official,385,face2face_faces_c23/308_388,ffpp_test:26,1,face2face,h265_crf32,3.4256973266601562,0.9684980593333489
xception_deepfakebench,external,1,official,386,faceswap_faces_c23/388_308,ffpp_test:26,1,faceswap,h265_crf32,5.75921630859375,0.9968563317503719
xception_deepfakebench,external,1,official,387,faceswap_faces_c23/308_388,ffpp_test:26,1,faceswap,h265_crf32,3.336761474609375,0.9656686381500297
xception_deepfakebench,external,1,official,388,neuraltextures_faces_c23/388_308,ffpp_test:26,1,neuraltextures,h265_crf32,2.9846954345703125,0.951877908948685
xception_deepfakebench,external,1,official,389,neuraltextures_faces_c23/308_388,ffpp_test:26,1,neuraltextures,h265_crf32,1.7041053771972656,0.8460701604917064
xception_deepfakebench,external,1,official,390,original_faces_c23/384,ffpp_test:32,0,real,h265_crf32,-0.0600738525390625,0.4849860518731176
xception_deepfakebench,external,1,official,391,original_faces_c23/932,ffpp_test:32,0,real,h265_crf32,5.12469482421875,0.9940871376213455
xception_deepfakebench,external,1,official,392,deepfakes_faces_c23/384_932,ffpp_test:32,1,deepfakes,h265_crf32,5.494140625,0.9959060417369294
xception_deepfakebench,external,1,official,393,deepfakes_faces_c23/932_384,ffpp_test:32,1,deepfakes,h265_crf32,5.4600830078125,0.995764810438487
xception_deepfakebench,external,1,official,394,face2face_faces_c23/384_932,ffpp_test:32,1,face2face,h265_crf32,4.9224853515625,0.9927716174781105
xception_deepfakebench,external,1,official,395,face2face_faces_c23/932_384,ffpp_test:32,1,face2face,h265_crf32,4.8980712890625,0.9925942944309502
xception_deepfakebench,external,1,official,396,faceswap_faces_c23/384_932,ffpp_test:32,1,faceswap,h265_crf32,6.380126953125,0.9983079600824755
xception_deepfakebench,external,1,official,397,faceswap_faces_c23/932_384,ffpp_test:32,1,faceswap,h265_crf32,5.03717041015625,0.9935497830920647
xception_deepfakebench,external,1,official,398,neuraltextures_faces_c23/384_932,ffpp_test:32,1,neuraltextures,h265_crf32,5.94573974609375,0.9973898648921912
xception_deepfakebench,external,1,official,399,neuraltextures_faces_c23/932_384,ffpp_test:32,1,neuraltextures,h265_crf32,3.305511474609375,0.9646174034966793
xception_deepfakebench,external,1,official,400,original_faces_c23/035,ffpp_test:5,0,real,h265_crf32,2.2645263671875,0.9058962055916258
xception_deepfakebench,external,1,official,401,original_faces_c23/036,ffpp_test:5,0,real,h265_crf32,-0.012584686279296875,0.49685386995225234
xception_deepfakebench,external,1,official,402,deepfakes_faces_c23/035_036,ffpp_test:5,1,deepfakes,h265_crf32,3.552581787109375,0.9721474180695121
xception_deepfakebench,external,1,official,403,deepfakes_faces_c23/036_035,ffpp_test:5,1,deepfakes,h265_crf32,5.70281982421875,0.996674551790204
xception_deepfakebench,external,1,official,404,face2face_faces_c23/035_036,ffpp_test:5,1,face2face,h265_crf32,3.9923095703125,0.9818774515173064
xception_deepfakebench,external,1,official,405,face2face_faces_c23/036_035,ffpp_test:5,1,face2face,h265_crf32,2.1474876403808594,0.8954337728888301
xception_deepfakebench,external,1,official,406,faceswap_faces_c23/035_036,ffpp_test:5,1,faceswap,h265_crf32,3.1186370849609375,0.9576549938152374
xception_deepfakebench,external,1,official,407,faceswap_faces_c23/036_035,ffpp_test:5,1,faceswap,h265_crf32,2.7231674194335938,0.9383799380347277
xception_deepfakebench,external,1,official,408,neuraltextures_faces_c23/035_036,ffpp_test:5,1,neuraltextures,h265_crf32,2.1562957763671875,0.8962556295650163
xception_deepfakebench,external,1,official,409,neuraltextures_faces_c23/036_035,ffpp_test:5,1,neuraltextures,h265_crf32,3.296905517578125,0.9643224990827298
xception_deepfakebench,external,1,official,410,original_faces_c23/257,ffpp_test:23,0,real,h265_crf32,0.9373977184295654,0.718573709088107
xception_deepfakebench,external,1,official,411,original_faces_c23/420,ffpp_test:23,0,real,h265_crf32,0.3804607391357422,0.5939842228033346
xception_deepfakebench,external,1,official,412,deepfakes_faces_c23/257_420,ffpp_test:23,1,deepfakes,h265_crf32,5.414039611816406,0.9955661337673207
xception_deepfakebench,external,1,official,413,deepfakes_faces_c23/420_257,ffpp_test:23,1,deepfakes,h265_crf32,0.9483985900878906,0.7207930075428323
xception_deepfakebench,external,1,official,414,face2face_faces_c23/257_420,ffpp_test:23,1,face2face,h265_crf32,4.235095977783203,0.9857282124178826
xception_deepfakebench,external,1,official,415,face2face_faces_c23/420_257,ffpp_test:23,1,face2face,h265_crf32,1.2690315246582031,0.7805769158287341
xception_deepfakebench,external,1,official,416,faceswap_faces_c23/257_420,ffpp_test:23,1,faceswap,h265_crf32,3.9020614624023438,0.9801997431850097
xception_deepfakebench,external,1,official,417,faceswap_faces_c23/420_257,ffpp_test:23,1,faceswap,h265_crf32,1.6623139381408691,0.8405483772259609
xception_deepfakebench,external,1,official,418,neuraltextures_faces_c23/257_420,ffpp_test:23,1,neuraltextures,h265_crf32,1.1444358825683594,0.7584931411857472
xception_deepfakebench,external,1,official,419,neuraltextures_faces_c23/420_257,ffpp_test:23,1,neuraltextures,h265_crf32,1.0624799728393555,0.7431641860233399
xception_deepfakebench,external,1,official,420,original_faces_c23/924,ffpp_test:67,0,real,h265_crf32,1.1774978637695312,0.7644976147992678
xception_deepfakebench,external,1,official,421,original_faces_c23/917,ffpp_test:67,0,real,h265_crf32,2.1857738494873047,0.8989647038480455
xception_deepfakebench,external,1,official,422,deepfakes_faces_c23/924_917,ffpp_test:67,1,deepfakes,h265_crf32,7.77392578125,0.9995796177963651
xception_deepfakebench,external,1,official,423,deepfakes_faces_c23/917_924,ffpp_test:67,1,deepfakes,h265_crf32,3.07550048828125,0.9558707757735516
xception_deepfakebench,external,1,official,424,face2face_faces_c23/924_917,ffpp_test:67,1,face2face,h265_crf32,8.2314453125,0.9997339194374925
xception_deepfakebench,external,1,official,425,face2face_faces_c23/917_924,ffpp_test:67,1,face2face,h265_crf32,2.804931640625,0.9429417395992853
xception_deepfakebench,external,1,official,426,faceswap_faces_c23/924_917,ffpp_test:67,1,faceswap,h265_crf32,4.337432861328125,0.9870985842189893
xception_deepfakebench,external,1,official,427,faceswap_faces_c23/917_924,ffpp_test:67,1,faceswap,h265_crf32,1.7549018859863281,0.8525700069916744
xception_deepfakebench,external,1,official,428,neuraltextures_faces_c23/924_917,ffpp_test:67,1,neuraltextures,h265_crf32,4.615966796875,0.9902042905454241
xception_deepfakebench,external,1,official,429,neuraltextures_faces_c23/917_924,ffpp_test:67,1,neuraltextures,h265_crf32,3.53411865234375,0.9716431133130697
xception_deepfakebench,external,1,official,430,original_faces_c23/114,ffpp_test:9,0,real,h265_crf32,0.7497973442077637,0.6791345398894646
xception_deepfakebench,external,1,official,431,original_faces_c23/102,ffpp_test:9,0,real,h265_crf32,-0.9738121032714844,0.27412132159898445
xception_deepfakebench,external,1,official,432,deepfakes_faces_c23/114_102,ffpp_test:9,1,deepfakes,h265_crf32,4.17425537109375,0.9848465165357154
xception_deepfakebench,external,1,official,433,deepfakes_faces_c23/102_114,ffpp_test:9,1,deepfakes,h265_crf32,5.154754638671875,0.9942612274971722
xception_deepfakebench,external,1,official,434,face2face_faces_c23/114_102,ffpp_test:9,1,face2face,h265_crf32,7.28564453125,0.9993151629306293
xception_deepfakebench,external,1,official,435,face2face_faces_c23/102_114,ffpp_test:9,1,face2face,h265_crf32,5.24505615234375,0.9947541386186247
xception_deepfakebench,external,1,official,436,faceswap_faces_c23/114_102,ffpp_test:9,1,faceswap,h265_crf32,3.969757080078125,0.9814717580676208
xception_deepfakebench,external,1,official,437,faceswap_faces_c23/102_114,ffpp_test:9,1,faceswap,h265_crf32,4.28887939453125,0.9864654068465325
xception_deepfakebench,external,1,official,438,neuraltextures_faces_c23/114_102,ffpp_test:9,1,neuraltextures,h265_crf32,2.6683998107910156,0.9351360368673487
xception_deepfakebench,external,1,official,439,neuraltextures_faces_c23/102_114,ffpp_test:9,1,neuraltextures,h265_crf32,1.9493207931518555,0.8753725623328366
xception_deepfakebench,external,1,official,440,original_faces_c23/732,ffpp_test:56,0,real,h265_crf32,2.1560287475585938,0.8962307982049486
xception_deepfakebench,external,1,official,441,original_faces_c23/691,ffpp_test:56,0,real,h265_crf32,0.23809814453125,0.5592449137924456
xception_deepfakebench,external,1,official,442,deepfakes_faces_c23/732_691,ffpp_test:56,1,deepfakes,h265_crf32,2.99713134765625,0.9524443623102118
xception_deepfakebench,external,1,official,443,deepfakes_faces_c23/691_732,ffpp_test:56,1,deepfakes,h265_crf32,6.3828125,0.9983124903809688
xception_deepfakebench,external,1,official,444,face2face_faces_c23/732_691,ffpp_test:56,1,face2face,h265_crf32,7.697021484375,0.9995460282375999
xception_deepfakebench,external,1,official,445,face2face_faces_c23/691_732,ffpp_test:56,1,face2face,h265_crf32,1.971954345703125,0.8778208742834868
xception_deepfakebench,external,1,official,446,faceswap_faces_c23/732_691,ffpp_test:56,1,faceswap,h265_crf32,2.47283935546875,0.9222156872793311
xception_deepfakebench,external,1,official,447,faceswap_faces_c23/691_732,ffpp_test:56,1,faceswap,h265_crf32,3.964447021484375,0.9813749476556554
xception_deepfakebench,external,1,official,448,neuraltextures_faces_c23/732_691,ffpp_test:56,1,neuraltextures,h265_crf32,2.87322998046875,0.9465071224470083
xception_deepfakebench,external,1,official,449,neuraltextures_faces_c23/691_732,ffpp_test:56,1,neuraltextures,h265_crf32,1.063323974609375,0.7433252485713648
xception_deepfakebench,external,1,official,450,original_faces_c23/550,ffpp_test:41,0,real,h265_crf32,0.7503318786621094,0.679251009573759
xception_deepfakebench,external,1,official,451,original_faces_c23/452,ffpp_test:41,0,real,h265_crf32,5.856201171875,0.997146072546664
xception_deepfakebench,external,1,official,452,deepfakes_faces_c23/550_452,ffpp_test:41,1,deepfakes,h265_crf32,3.770721435546875,0.977483244631328
xception_deepfakebench,external,1,official,453,deepfakes_faces_c23/452_550,ffpp_test:41,1,deepfakes,h265_crf32,5.60321044921875,0.9963275258306621
xception_deepfakebench,external,1,official,454,face2face_faces_c23/550_452,ffpp_test:41,1,face2face,h265_crf32,4.60296630859375,0.9900773820260539
xception_deepfakebench,external,1,official,455,face2face_faces_c23/452_550,ffpp_test:41,1,face2face,h265_crf32,7.582275390625,0.9994908585395935
xception_deepfakebench,external,1,official,456,faceswap_faces_c23/550_452,ffpp_test:41,1,faceswap,h265_crf32,4.38226318359375,0.9876572049582079
xception_deepfakebench,external,1,official,457,faceswap_faces_c23/452_550,ffpp_test:41,1,faceswap,h265_crf32,4.95880126953125,0.9930276159916348
xception_deepfakebench,external,1,official,458,neuraltextures_faces_c23/550_452,ffpp_test:41,1,neuraltextures,h265_crf32,1.7749176025390625,0.8550681575734523
xception_deepfakebench,external,1,official,459,neuraltextures_faces_c23/452_550,ffpp_test:41,1,neuraltextures,h265_crf32,7.1162109375,0.9991888215127738
xception_deepfakebench,external,1,official,460,original_faces_c23/280,ffpp_test:22,0,real,h265_crf32,0.9026346206665039,0.7114906169325639
xception_deepfakebench,external,1,official,461,original_faces_c23/249,ffpp_test:22,0,real,h265_crf32,0.40120410919189453,0.5989769258762422
xception_deepfakebench,external,1,official,462,deepfakes_faces_c23/280_249,ffpp_test:22,1,deepfakes,h265_crf32,1.1076643466949463,0.7516934170894267
xception_deepfakebench,external,1,official,463,deepfakes_faces_c23/249_280,ffpp_test:22,1,deepfakes,h265_crf32,6.5155029296875,0.9985218768624994
xception_deepfakebench,external,1,official,464,face2face_faces_c23/280_249,ffpp_test:22,1,face2face,h265_crf32,4.878692626953125,0.9924504762157049
xception_deepfakebench,external,1,official,465,face2face_faces_c23/249_280,ffpp_test:22,1,face2face,h265_crf32,6.147705078125,0.997866179360499
xception_deepfakebench,external,1,official,466,faceswap_faces_c23/280_249,ffpp_test:22,1,faceswap,h265_crf32,4.1576690673828125,0.9845969839641592
xception_deepfakebench,external,1,official,467,faceswap_faces_c23/249_280,ffpp_test:22,1,faceswap,h265_crf32,7.5159912109375,0.9994559858895281
xception_deepfakebench,external,1,official,468,neuraltextures_faces_c23/280_249,ffpp_test:22,1,neuraltextures,h265_crf32,1.060570240020752,0.7427995038295931
xception_deepfakebench,external,1,official,469,neuraltextures_faces_c23/249_280,ffpp_test:22,1,neuraltextures,h265_crf32,1.8100528717041016,0.8593682641680324
xception_deepfakebench,external,1,official,470,original_faces_c23/842,ffpp_test:58,0,real,h265_crf32,-0.08666467666625977,0.47834738145019656
xception_deepfakebench,external,1,official,471,original_faces_c23/714,ffpp_test:58,0,real,h265_crf32,-2.1554412841796875,0.10382384928633204
xception_deepfakebench,external,1,official,472,deepfakes_faces_c23/842_714,ffpp_test:58,1,deepfakes,h265_crf32,2.8237152099609375,0.9439439766479616
xception_deepfakebench,external,1,official,473,deepfakes_faces_c23/714_842,ffpp_test:58,1,deepfakes,h265_crf32,6.21575927734375,0.998006283877776
xception_deepfakebench,external,1,official,474,face2face_faces_c23/842_714,ffpp_test:58,1,face2face,h265_crf32,4.10870361328125,0.9838364920865952
xception_deepfakebench,external,1,official,475,face2face_faces_c23/714_842,ffpp_test:58,1,face2face,h265_crf32,4.69622802734375,0.9909529473925497
xception_deepfakebench,external,1,official,476,faceswap_faces_c23/842_714,ffpp_test:58,1,faceswap,h265_crf32,0.9690685272216797,0.7249337965802106
xception_deepfakebench,external,1,official,477,faceswap_faces_c23/714_842,ffpp_test:58,1,faceswap,h265_crf32,4.66278076171875,0.9906481085003594
xception_deepfakebench,external,1,official,478,neuraltextures_faces_c23/842_714,ffpp_test:58,1,neuraltextures,h265_crf32,-0.06333160400390625,0.4841723888820687
xception_deepfakebench,external,1,official,479,neuraltextures_faces_c23/714_842,ffpp_test:58,1,neuraltextures,h265_crf32,1.4948272705078125,0.8168017142286024
xception_deepfakebench,external,1,official,480,original_faces_c23/625,ffpp_test:52,0,real,h265_crf32,1.9841651916503906,0.8791244740756039
xception_deepfakebench,external,1,official,481,original_faces_c23/650,ffpp_test:52,0,real,h265_crf32,0.17463898658752441,0.5435491199643618
xception_deepfakebench,external,1,official,482,deepfakes_faces_c23/625_650,ffpp_test:52,1,deepfakes,h265_crf32,6.984375,0.9990746151133504
xception_deepfakebench,external,1,official,483,deepfakes_faces_c23/650_625,ffpp_test:52,1,deepfakes,h265_crf32,3.2674407958984375,0.9632947907594491
xception_deepfakebench,external,1,official,484,face2face_faces_c23/625_650,ffpp_test:52,1,face2face,h265_crf32,5.15289306640625,0.9942505958864442
xception_deepfakebench,external,1,official,485,face2face_faces_c23/650_625,ffpp_test:52,1,face2face,h265_crf32,2.1608119010925293,0.8966747946828507
xception_deepfakebench,external,1,official,486,faceswap_faces_c23/625_650,ffpp_test:52,1,faceswap,h265_crf32,3.5726318359375,0.97268520056842
xception_deepfakebench,external,1,official,487,faceswap_faces_c23/650_625,ffpp_test:52,1,faceswap,h265_crf32,3.773529052734375,0.9775449568155133
xception_deepfakebench,external,1,official,488,neuraltextures_faces_c23/625_650,ffpp_test:52,1,neuraltextures,h265_crf32,3.4307861328125,0.9686529470114221
xception_deepfakebench,external,1,official,489,neuraltextures_faces_c23/650_625,ffpp_test:52,1,neuraltextures,h265_crf32,0.23082351684570312,0.5574510252944638
xception_deepfakebench,external,1,official,490,original_faces_c23/024,ffpp_test:3,0,real,h265_crf32,3.0738525390625,0.9558012100045349
xception_deepfakebench,external,1,official,491,original_faces_c23/073,ffpp_test:3,0,real,h265_crf32,-0.9495620727539062,0.2789729012114362
xception_deepfakebench,external,1,official,492,deepfakes_faces_c23/024_073,ffpp_test:3,1,deepfakes,h265_crf32,4.814697265625,0.9919555610158176
xception_deepfakebench,external,1,official,493,deepfakes_faces_c23/073_024,ffpp_test:3,1,deepfakes,h265_crf32,5.1583251953125,0.9942815646061928
xception_deepfakebench,external,1,official,494,face2face_faces_c23/024_073,ffpp_test:3,1,face2face,h265_crf32,4.274658203125,0.9862742144494065
xception_deepfakebench,external,1,official,495,face2face_faces_c23/073_024,ffpp_test:3,1,face2face,h265_crf32,3.4477996826171875,0.9691654546857322
xception_deepfakebench,external,1,official,496,faceswap_faces_c23/024_073,ffpp_test:3,1,faceswap,h265_crf32,3.9832916259765625,0.981716285857875
xception_deepfakebench,external,1,official,497,faceswap_faces_c23/073_024,ffpp_test:3,1,faceswap,h265_crf32,4.82440185546875,0.9920326324223131
xception_deepfakebench,external,1,official,498,neuraltextures_faces_c23/024_073,ffpp_test:3,1,neuraltextures,h265_crf32,4.182373046875,0.9849671879508392
xception_deepfakebench,external,1,official,499,neuraltextures_faces_c23/073_024,ffpp_test:3,1,neuraltextures,h265_crf32,0.1356416940689087,0.5338585267762577
xception_deepfakebench,external,1,official,500,original_faces_c23/044,ffpp_test:6,0,real,h265_crf32,1.2991104125976562,0.7856852288705749
xception_deepfakebench,external,1,official,501,original_faces_c23/945,ffpp_test:6,0,real,h265_crf32,4.13330078125,0.9842230227817454
xception_deepfakebench,external,1,official,502,deepfakes_faces_c23/044_945,ffpp_test:6,1,deepfakes,h265_crf32,7.467529296875,0.9994289880794379
xception_deepfakebench,external,1,official,503,deepfakes_faces_c23/945_044,ffpp_test:6,1,deepfakes,h265_crf32,5.72515869140625,0.9967477760207498
xception_deepfakebench,external,1,official,504,face2face_faces_c23/044_945,ffpp_test:6,1,face2face,h265_crf32,2.548896312713623,0.9274993329454022
xception_deepfakebench,external,1,official,505,face2face_faces_c23/945_044,ffpp_test:6,1,face2face,h265_crf32,5.34075927734375,0.9952306252477031
xception_deepfakebench,external,1,official,506,faceswap_faces_c23/044_945,ffpp_test:6,1,faceswap,h265_crf32,5.3248291015625,0.9951544109811494
xception_deepfakebench,external,1,official,507,faceswap_faces_c23/945_044,ffpp_test:6,1,faceswap,h265_crf32,4.620147705078125,0.990244761320758
xception_deepfakebench,external,1,official,508,neuraltextures_faces_c23/044_945,ffpp_test:6,1,neuraltextures,h265_crf32,2.2196502685546875,0.9020002852678983
xception_deepfakebench,external,1,official,509,neuraltextures_faces_c23/945_044,ffpp_test:6,1,neuraltextures,h265_crf32,3.66973876953125,0.9751501264145921
xception_deepfakebench,external,1,official,510,original_faces_c23/896,ffpp_test:10,0,real,h265_crf32,2.6794281005859375,0.9358017742623428
xception_deepfakebench,external,1,official,511,original_faces_c23/128,ffpp_test:10,0,real,h265_crf32,1.3416748046875,0.7927652275415394
xception_deepfakebench,external,1,official,512,deepfakes_faces_c23/896_128,ffpp_test:10,1,deepfakes,h265_crf32,4.69342041015625,0.9909277418062409
xception_deepfakebench,external,1,official,513,deepfakes_faces_c23/128_896,ffpp_test:10,1,deepfakes,h265_crf32,5.91192626953125,0.997300340377896
xception_deepfakebench,external,1,official,514,face2face_faces_c23/896_128,ffpp_test:10,1,face2face,h265_crf32,6.4658203125,0.9984467019248836
xception_deepfakebench,external,1,official,515,face2face_faces_c23/128_896,ffpp_test:10,1,face2face,h265_crf32,5.349853515625,0.995273598375902
xception_deepfakebench,external,1,official,516,faceswap_faces_c23/896_128,ffpp_test:10,1,faceswap,h265_crf32,4.967529296875,0.9930877875347097
xception_deepfakebench,external,1,official,517,faceswap_faces_c23/128_896,ffpp_test:10,1,faceswap,h265_crf32,5.36029052734375,0.995322441810262
xception_deepfakebench,external,1,official,518,neuraltextures_faces_c23/896_128,ffpp_test:10,1,neuraltextures,h265_crf32,5.34173583984375,0.9952352583853672
xception_deepfakebench,external,1,official,519,neuraltextures_faces_c23/128_896,ffpp_test:10,1,neuraltextures,h265_crf32,2.8212051391601562,0.9438110113026066
xception_deepfakebench,external,1,official,520,original_faces_c23/862,ffpp_test:7,0,real,h265_crf32,-0.7104091644287109,0.32950843611392283
xception_deepfakebench,external,1,official,521,original_faces_c23/047,ffpp_test:7,0,real,h265_crf32,2.5998382568359375,0.9308511694162551
xception_deepfakebench,external,1,official,522,deepfakes_faces_c23/862_047,ffpp_test:7,1,deepfakes,h265_crf32,7.41595458984375,0.9993987838195314
xception_deepfakebench,external,1,official,523,deepfakes_faces_c23/047_862,ffpp_test:7,1,deepfakes,h265_crf32,1.6453323364257812,0.8382592040347508
xception_deepfakebench,external,1,official,524,face2face_faces_c23/862_047,ffpp_test:7,1,face2face,h265_crf32,3.33209228515625,0.9655135047982186
xception_deepfakebench,external,1,official,525,face2face_faces_c23/047_862,ffpp_test:7,1,face2face,h265_crf32,4.77459716796875,0.9916291782542835
xception_deepfakebench,external,1,official,526,faceswap_faces_c23/862_047,ffpp_test:7,1,faceswap,h265_crf32,4.152679443359375,0.9845211292520598
xception_deepfakebench,external,1,official,527,faceswap_faces_c23/047_862,ffpp_test:7,1,faceswap,h265_crf32,5.86083984375,0.9971592428026376
xception_deepfakebench,external,1,official,528,neuraltextures_faces_c23/862_047,ffpp_test:7,1,neuraltextures,h265_crf32,2.2752914428710938,0.906809908421727
xception_deepfakebench,external,1,official,529,neuraltextures_faces_c23/047_862,ffpp_test:7,1,neuraltextures,h265_crf32,2.9031143188476562,0.9480001742696645
xception_deepfakebench,external,1,official,530,original_faces_c23/607,ffpp_test:49,0,real,h265_crf32,-1.7392578125,0.14940723067340791
xception_deepfakebench,external,1,official,531,original_faces_c23/683,ffpp_test:49,0,real,h265_crf32,0.703233003616333,0.6689041805170599
xception_deepfakebench,external,1,official,532,deepfakes_faces_c23/607_683,ffpp_test:49,1,deepfakes,h265_crf32,2.7470855712890625,0.9397485426551374
xception_deepfakebench,external,1,official,533,deepfakes_faces_c23/683_607,ffpp_test:49,1,deepfakes,h265_crf32,3.7593994140625,0.9772326979587285
xception_deepfakebench,external,1,official,534,face2face_faces_c23/607_683,ffpp_test:49,1,face2face,h265_crf32,0.517730712890625,0.6266169781664696
xception_deepfakebench,external,1,official,535,face2face_faces_c23/683_607,ffpp_test:49,1,face2face,h265_crf32,1.5858078002929688,0.8300254721899426
xception_deepfakebench,external,1,official,536,faceswap_faces_c23/607_683,ffpp_test:49,1,faceswap,h265_crf32,1.4874553680419922,0.8156960300213933
xception_deepfakebench,external,1,official,537,faceswap_faces_c23/683_607,ffpp_test:49,1,faceswap,h265_crf32,7.2320556640625,0.9992774893776141
xception_deepfakebench,external,1,official,538,neuraltextures_faces_c23/607_683,ffpp_test:49,1,neuraltextures,h265_crf32,-1.075960636138916,0.2542711895984434
xception_deepfakebench,external,1,official,539,neuraltextures_faces_c23/683_607,ffpp_test:49,1,neuraltextures,h265_crf32,1.0615158081054688,0.7429801116221393
xception_deepfakebench,external,1,official,540,original_faces_c23/517,ffpp_test:45,0,real,h265_crf32,1.2256889343261719,0.7730631463729046
xception_deepfakebench,external,1,official,541,original_faces_c23/521,ffpp_test:45,0,real,h265_crf32,-1.009408712387085,0.2670955826413815
xception_deepfakebench,external,1,official,542,deepfakes_faces_c23/517_521,ffpp_test:45,1,deepfakes,h265_crf32,5.3948974609375,0.9954808297432898
xception_deepfakebench,external,1,official,543,deepfakes_faces_c23/521_517,ffpp_test:45,1,deepfakes,h265_crf32,4.858917236328125,0.9923008563561303
xception_deepfakebench,external,1,official,544,face2face_faces_c23/517_521,ffpp_test:45,1,face2face,h265_crf32,5.048828125,0.9936240646266155
xception_deepfakebench,external,1,official,545,face2face_faces_c23/521_517,ffpp_test:45,1,face2face,h265_crf32,3.459136962890625,0.9695024592739284
xception_deepfakebench,external,1,official,546,faceswap_faces_c23/517_521,ffpp_test:45,1,faceswap,h265_crf32,3.53125,0.9715639669551474
xception_deepfakebench,external,1,official,547,faceswap_faces_c23/521_517,ffpp_test:45,1,faceswap,h265_crf32,4.4617919921875,0.9885900278673551
xception_deepfakebench,external,1,official,548,neuraltextures_faces_c23/517_521,ffpp_test:45,1,neuraltextures,h265_crf32,1.5935258865356445,0.8311115924808222
xception_deepfakebench,external,1,official,549,neuraltextures_faces_c23/521_517,ffpp_test:45,1,neuraltextures,h265_crf32,1.3972549438476562,0.801747928243986
xception_deepfakebench,external,1,official,550,original_faces_c23/682,ffpp_test:55,0,real,h265_crf32,-0.5991287231445312,0.35454305347533416
xception_deepfakebench,external,1,official,551,original_faces_c23/669,ffpp_test:55,0,real,h265_crf32,1.1969184875488281,0.7679761460223943
xception_deepfakebench,external,1,official,552,deepfakes_faces_c23/682_669,ffpp_test:55,1,deepfakes,h265_crf32,6.86126708984375,0.998953510581251
xception_deepfakebench,external,1,official,553,deepfakes_faces_c23/669_682,ffpp_test:55,1,deepfakes,h265_crf32,2.766216278076172,0.940822677464361
xception_deepfakebench,external,1,official,554,face2face_faces_c23/682_669,ffpp_test:55,1,face2face,h265_crf32,1.2443180084228516,0.7763147316981969
xception_deepfakebench,external,1,official,555,face2face_faces_c23/669_682,ffpp_test:55,1,face2face,h265_crf32,4.957916259765625,0.9930214857132348
xception_deepfakebench,external,1,official,556,faceswap_faces_c23/682_669,ffpp_test:55,1,faceswap,h265_crf32,2.4866256713867188,0.923198895044548
xception_deepfakebench,external,1,official,557,faceswap_faces_c23/669_682,ffpp_test:55,1,faceswap,h265_crf32,4.053802490234375,0.9829398482680088
xception_deepfakebench,external,1,official,558,neuraltextures_faces_c23/682_669,ffpp_test:55,1,neuraltextures,h265_crf32,0.6124064922332764,0.6484895598599285
xception_deepfakebench,external,1,official,559,neuraltextures_faces_c23/669_682,ffpp_test:55,1,neuraltextures,h265_crf32,1.301046371459961,0.786011032975043
xception_deepfakebench,external,1,official,560,original_faces_c23/138,ffpp_test:12,0,real,h265_crf32,1.0649981498718262,0.7436445390529101
xception_deepfakebench,external,1,official,561,original_faces_c23/142,ffpp_test:12,0,real,h265_crf32,-0.8792819976806641,0.2933265887191895
xception_deepfakebench,external,1,official,562,deepfakes_faces_c23/138_142,ffpp_test:12,1,deepfakes,h265_crf32,5.115570068359375,0.994033260688628
xception_deepfakebench,external,1,official,563,deepfakes_faces_c23/142_138,ffpp_test:12,1,deepfakes,h265_crf32,2.7788925170898438,0.9415245005573188
xception_deepfakebench,external,1,official,564,face2face_faces_c23/138_142,ffpp_test:12,1,face2face,h265_crf32,5.48760986328125,0.9958793281088311
xception_deepfakebench,external,1,official,565,face2face_faces_c23/142_138,ffpp_test:12,1,face2face,h265_crf32,1.2121526002883911,0.7706796052355689
xception_deepfakebench,external,1,official,566,faceswap_faces_c23/138_142,ffpp_test:12,1,faceswap,h265_crf32,5.89520263671875,0.9972549376045805
xception_deepfakebench,external,1,official,567,faceswap_faces_c23/142_138,ffpp_test:12,1,faceswap,h265_crf32,4.020050048828125,0.9823645267502981
xception_deepfakebench,external,1,official,568,neuraltextures_faces_c23/138_142,ffpp_test:12,1,neuraltextures,h265_crf32,5.81671142578125,0.9970314580794616
xception_deepfakebench,external,1,official,569,neuraltextures_faces_c23/142_138,ffpp_test:12,1,neuraltextures,h265_crf32,1.476618766784668,0.8140613220982865
xception_deepfakebench,external,1,official,570,original_faces_c23/552,ffpp_test:47,0,real,h265_crf32,1.4755311012268066,0.8138966308312965
xception_deepfakebench,external,1,official,571,original_faces_c23/851,ffpp_test:47,0,real,h265_crf32,2.3523330688476562,0.913119493722126
xception_deepfakebench,external,1,official,572,deepfakes_faces_c23/552_851,ffpp_test:47,1,deepfakes,h265_crf32,3.9336395263671875,0.9808034127024168
xception_deepfakebench,external,1,official,573,deepfakes_faces_c23/851_552,ffpp_test:47,1,deepfakes,h265_crf32,4.966823577880859,0.9930829414872709
xception_deepfakebench,external,1,official,574,face2face_faces_c23/552_851,ffpp_test:47,1,face2face,h265_crf32,5.305419921875,0.9950599125813787
xception_deepfakebench,external,1,official,575,face2face_faces_c23/851_552,ffpp_test:47,1,face2face,h265_crf32,3.31585693359375,0.9649688086997332
xception_deepfakebench,external,1,official,576,faceswap_faces_c23/552_851,ffpp_test:47,1,faceswap,h265_crf32,5.3924560546875,0.9954698331766207
xception_deepfakebench,external,1,official,577,faceswap_faces_c23/851_552,ffpp_test:47,1,faceswap,h265_crf32,4.72021484375,0.9911654810108332
xception_deepfakebench,external,1,official,578,neuraltextures_faces_c23/552_851,ffpp_test:47,1,neuraltextures,h265_crf32,2.9932861328125,0.9522698934518604
xception_deepfakebench,external,1,official,579,neuraltextures_faces_c23/851_552,ffpp_test:47,1,neuraltextures,h265_crf32,4.02191162109375,0.9823967485476801
xception_deepfakebench,external,1,official,580,original_faces_c23/376,ffpp_test:31,0,real,h265_crf32,-0.36617088317871094,0.40946659419898124
xception_deepfakebench,external,1,official,581,original_faces_c23/381,ffpp_test:31,0,real,h265_crf32,-1.4107818603515625,0.19611076575145572
xception_deepfakebench,external,1,official,582,deepfakes_faces_c23/376_381,ffpp_test:31,1,deepfakes,h265_crf32,3.546142578125,0.9719725337062242
xception_deepfakebench,external,1,official,583,deepfakes_faces_c23/381_376,ffpp_test:31,1,deepfakes,h265_crf32,3.8128738403320312,0.9783925718401263
xception_deepfakebench,external,1,official,584,face2face_faces_c23/376_381,ffpp_test:31,1,face2face,h265_crf32,2.142536163330078,0.8949692469556876
xception_deepfakebench,external,1,official,585,face2face_faces_c23/381_376,ffpp_test:31,1,face2face,h265_crf32,1.2706084251403809,0.7808468824723883
xception_deepfakebench,external,1,official,586,faceswap_faces_c23/376_381,ffpp_test:31,1,faceswap,h265_crf32,5.395233154296875,0.9954823396917397
xception_deepfakebench,external,1,official,587,faceswap_faces_c23/381_376,ffpp_test:31,1,faceswap,h265_crf32,6.021240234375,0.9975792163112174
xception_deepfakebench,external,1,official,588,neuraltextures_faces_c23/376_381,ffpp_test:31,1,neuraltextures,h265_crf32,0.8883428573608398,0.7085480781566627
xception_deepfakebench,external,1,official,589,neuraltextures_faces_c23/381_376,ffpp_test:31,1,neuraltextures,h265_crf32,-0.6637845039367676,0.33988998833561423
xception_deepfakebench,external,1,official,590,original_faces_c23/000,ffpp_test:0,0,real,h265_crf32,2.472808837890625,0.9222134981058168
xception_deepfakebench,external,1,official,591,original_faces_c23/003,ffpp_test:0,0,real,h265_crf32,0.014890670776367188,0.5037225989093806
xception_deepfakebench,external,1,official,592,deepfakes_faces_c23/000_003,ffpp_test:0,1,deepfakes,h265_crf32,5.649169921875,0.996491912204072
xception_deepfakebench,external,1,official,593,deepfakes_faces_c23/003_000,ffpp_test:0,1,deepfakes,h265_crf32,1.788919448852539,0.8567947466938465
xception_deepfakebench,external,1,official,594,face2face_faces_c23/000_003,ffpp_test:0,1,face2face,h265_crf32,3.482513427734375,0.9701861071352973
xception_deepfakebench,external,1,official,595,face2face_faces_c23/003_000,ffpp_test:0,1,face2face,h265_crf32,3.99505615234375,0.9819262599029223
xception_deepfakebench,external,1,official,596,faceswap_faces_c23/000_003,ffpp_test:0,1,faceswap,h265_crf32,3.5423660278320312,0.9718694696153911
xception_deepfakebench,external,1,official,597,faceswap_faces_c23/003_000,ffpp_test:0,1,faceswap,h265_crf32,4.43682861328125,0.9883049844975814
xception_deepfakebench,external,1,official,598,neuraltextures_faces_c23/000_003,ffpp_test:0,1,neuraltextures,h265_crf32,2.801025390625,0.9427312091324104
xception_deepfakebench,external,1,official,599,neuraltextures_faces_c23/003_000,ffpp_test:0,1,neuraltextures,h265_crf32,1.6132856607437134,0.8338670576167202
xception_deepfakebench,external,1,official,600,original_faces_c23/048,ffpp_test:4,0,real,h265_crf32,-1.409787893295288,0.19626751331676126
xception_deepfakebench,external,1,official,601,original_faces_c23/029,ffpp_test:4,0,real,h265_crf32,1.6105356216430664,0.8334857371653562
xception_deepfakebench,external,1,official,602,deepfakes_faces_c23/048_029,ffpp_test:4,1,deepfakes,h265_crf32,6.4423828125,0.9984099250936014
xception_deepfakebench,external,1,official,603,deepfakes_faces_c23/029_048,ffpp_test:4,1,deepfakes,h265_crf32,4.567626953125,0.9897241211897368
xception_deepfakebench,external,1,official,604,face2face_faces_c23/048_029,ffpp_test:4,1,face2face,h265_crf32,3.8501434326171875,0.9791665816198974
xception_deepfakebench,external,1,official,605,face2face_faces_c23/029_048,ffpp_test:4,1,face2face,h265_crf32,2.030364990234375,0.8839485251650161
xception_deepfakebench,external,1,official,606,faceswap_faces_c23/048_029,ffpp_test:4,1,faceswap,h265_crf32,1.0671117305755615,0.7440472589176581
xception_deepfakebench,external,1,official,607,faceswap_faces_c23/029_048,ffpp_test:4,1,faceswap,h265_crf32,3.2322006225585938,0.9620282232827183
xception_deepfakebench,external,1,official,608,neuraltextures_faces_c23/048_029,ffpp_test:4,1,neuraltextures,h265_crf32,1.3866596221923828,0.8000584353676995
xception_deepfakebench,external,1,official,609,neuraltextures_faces_c23/029_048,ffpp_test:4,1,neuraltextures,h265_crf32,4.71697998046875,0.9911371099740331
xception_deepfakebench,external,1,official,610,original_faces_c23/724,ffpp_test:59,0,real,h265_crf32,2.0815887451171875,0.8891007813475774
xception_deepfakebench,external,1,official,611,original_faces_c23/725,ffpp_test:59,0,real,h265_crf32,0.7613992691040039,0.6816574531339417
xception_deepfakebench,external,1,official,612,deepfakes_faces_c23/724_725,ffpp_test:59,1,deepfakes,h265_crf32,4.111572265625,0.9838820468508751
xception_deepfakebench,external,1,official,613,deepfakes_faces_c23/725_724,ffpp_test:59,1,deepfakes,h265_crf32,4.6651611328125,0.9906701355540224
xception_deepfakebench,external,1,official,614,face2face_faces_c23/724_725,ffpp_test:59,1,face2face,h265_crf32,4.408447265625,0.9879723585561276
xception_deepfakebench,external,1,official,615,face2face_faces_c23/725_724,ffpp_test:59,1,face2face,h265_crf32,5.79864501953125,0.9969775033780821
xception_deepfakebench,external,1,official,616,faceswap_faces_c23/724_725,ffpp_test:59,1,faceswap,h265_crf32,6.2808837890625,0.9981317512517462
xception_deepfakebench,external,1,official,617,faceswap_faces_c23/725_724,ffpp_test:59,1,faceswap,h265_crf32,5.09735107421875,0.9939242229224436
xception_deepfakebench,external,1,official,618,neuraltextures_faces_c23/724_725,ffpp_test:59,1,neuraltextures,h265_crf32,3.508056640625,0.9709161377909109
xception_deepfakebench,external,1,official,619,neuraltextures_faces_c23/725_724,ffpp_test:59,1,neuraltextures,h265_crf32,0.6433906555175781,0.6555195202217544
xception_deepfakebench,external,1,official,620,original_faces_c23/608,ffpp_test:50,0,real,h265_crf32,0.45915794372558594,0.6128143979853126
xception_deepfakebench,external,1,official,621,original_faces_c23/675,ffpp_test:50,0,real,h265_crf32,1.4335412979125977,0.8074524913885682
xception_deepfakebench,external,1,official,622,deepfakes_faces_c23/608_675,ffpp_test:50,1,deepfakes,h265_crf32,8.1085205078125,0.9996991267343855
xception_deepfakebench,external,1,official,623,deepfakes_faces_c23/675_608,ffpp_test:50,1,deepfakes,h265_crf32,5.014930725097656,0.9934056818155078
xception_deepfakebench,external,1,official,624,face2face_faces_c23/608_675,ffpp_test:50,1,face2face,h265_crf32,5.19281005859375,0.9944743315365421
xception_deepfakebench,external,1,official,625,face2face_faces_c23/675_608,ffpp_test:50,1,face2face,h265_crf32,5.16339111328125,0.9943102960680048
xception_deepfakebench,external,1,official,626,faceswap_faces_c23/608_675,ffpp_test:50,1,faceswap,h265_crf32,6.19622802734375,0.9979670412918061
xception_deepfakebench,external,1,official,627,faceswap_faces_c23/675_608,ffpp_test:50,1,faceswap,h265_crf32,4.594696044921875,0.9899958034569837
xception_deepfakebench,external,1,official,628,neuraltextures_faces_c23/608_675,ffpp_test:50,1,neuraltextures,h265_crf32,0.1587059497833252,0.5395934171200931
xception_deepfakebench,external,1,official,629,neuraltextures_faces_c23/675_608,ffpp_test:50,1,neuraltextures,h265_crf32,2.98150634765625,0.9517316178071348
xception_deepfakebench,external,1,official,630,original_faces_c23/386,ffpp_test:14,0,real,h265_crf32,-0.07408761978149414,0.48148656259690176
xception_deepfakebench,external,1,official,631,original_faces_c23/154,ffpp_test:14,0,real,h265_crf32,-0.49590301513671875,0.3785039573978297
xception_deepfakebench,external,1,official,632,deepfakes_faces_c23/386_154,ffpp_test:14,1,deepfakes,h265_crf32,4.98468017578125,0.9932045284804647
xception_deepfakebench,external,1,official,633,deepfakes_faces_c23/154_386,ffpp_test:14,1,deepfakes,h265_crf32,3.7440948486328125,0.9768896888288581
xception_deepfakebench,external,1,official,634,face2face_faces_c23/386_154,ffpp_test:14,1,face2face,h265_crf32,1.5265216827392578,0.8214968247546818
xception_deepfakebench,external,1,official,635,face2face_faces_c23/154_386,ffpp_test:14,1,face2face,h265_crf32,4.6756591796875,0.9907666689537863
xception_deepfakebench,external,1,official,636,faceswap_faces_c23/386_154,ffpp_test:14,1,faceswap,h265_crf32,2.4012861251831055,0.9169253244189481
xception_deepfakebench,external,1,official,637,faceswap_faces_c23/154_386,ffpp_test:14,1,faceswap,h265_crf32,3.3717041015625,0.9668084191312158
xception_deepfakebench,external,1,official,638,neuraltextures_faces_c23/386_154,ffpp_test:14,1,neuraltextures,h265_crf32,1.3090248107910156,0.787349925681882
xception_deepfakebench,external,1,official,639,neuraltextures_faces_c23/154_386,ffpp_test:14,1,neuraltextures,h265_crf32,0.9637150764465332,0.7238650084156233
xception_deepfakebench,external,1,official,640,original_faces_c23/220,ffpp_test:20,0,real,h265_crf32,-0.1674262285232544,0.45824094488504274
xception_deepfakebench,external,1,official,641,original_faces_c23/219,ffpp_test:20,0,real,h265_crf32,0.6372776031494141,0.654137800080538
xception_deepfakebench,external,1,official,642,deepfakes_faces_c23/220_219,ffpp_test:20,1,deepfakes,h265_crf32,3.570404052734375,0.9726259488923507
xception_deepfakebench,external,1,official,643,deepfakes_faces_c23/219_220,ffpp_test:20,1,deepfakes,h265_crf32,6.277618408203125,0.9981256521901238
xception_deepfakebench,external,1,official,644,face2face_faces_c23/220_219,ffpp_test:20,1,face2face,h265_crf32,3.3241119384765625,0.9652467923732169
xception_deepfakebench,external,1,official,645,face2face_faces_c23/219_220,ffpp_test:20,1,face2face,h265_crf32,3.7709579467773438,0.9774884495968204
xception_deepfakebench,external,1,official,646,faceswap_faces_c23/220_219,ffpp_test:20,1,faceswap,h265_crf32,4.772674560546875,0.9916132040746004
xception_deepfakebench,external,1,official,647,faceswap_faces_c23/219_220,ffpp_test:20,1,faceswap,h265_crf32,2.086078643798828,0.8895427151595144
xception_deepfakebench,external,1,official,648,neuraltextures_faces_c23/220_219,ffpp_test:20,1,neuraltextures,h265_crf32,1.5294723510742188,0.8219290997617279
xception_deepfakebench,external,1,official,649,neuraltextures_faces_c23/219_220,ffpp_test:20,1,neuraltextures,h265_crf32,0.8177738189697266,0.6937635794358263
xception_deepfakebench,external,1,official,650,original_faces_c23/801,ffpp_test:63,0,real,h265_crf32,-1.0098419189453125,0.2670107886176276
xception_deepfakebench,external,1,official,651,original_faces_c23/855,ffpp_test:63,0,real,h265_crf32,0.22535943984985352,0.5561026209570293
xception_deepfakebench,external,1,official,652,deepfakes_faces_c23/801_855,ffpp_test:63,1,deepfakes,h265_crf32,8.3453369140625,0.9997625549636799
xception_deepfakebench,external,1,official,653,deepfakes_faces_c23/855_801,ffpp_test:63,1,deepfakes,h265_crf32,3.5972900390625,0.9733327565552155
xception_deepfakebench,external,1,official,654,face2face_faces_c23/801_855,ffpp_test:63,1,face2face,h265_crf32,1.2398052215576172,0.775530108442194
xception_deepfakebench,external,1,official,655,face2face_faces_c23/855_801,ffpp_test:63,1,face2face,h265_crf32,3.3876495361328125,0.9673163152618901
xception_deepfakebench,external,1,official,656,faceswap_faces_c23/801_855,ffpp_test:63,1,faceswap,h265_crf32,4.2657470703125,0.9861530567785494
xception_deepfakebench,external,1,official,657,faceswap_faces_c23/855_801,ffpp_test:63,1,faceswap,h265_crf32,3.4063262939453125,0.9679016636704297
xception_deepfakebench,external,1,official,658,neuraltextures_faces_c23/801_855,ffpp_test:63,1,neuraltextures,h265_crf32,2.3672752380371094,0.9142975959025463
xception_deepfakebench,external,1,official,659,neuraltextures_faces_c23/855_801,ffpp_test:63,1,neuraltextures,h265_crf32,2.64068603515625,0.9334346035153536
xception_deepfakebench,external,1,official,660,original_faces_c23/161,ffpp_test:13,0,real,h265_crf32,-0.7923145294189453,0.3116719112522642
xception_deepfakebench,external,1,official,661,original_faces_c23/141,ffpp_test:13,0,real,h265_crf32,1.5883069038391113,0.8303777629432066
xception_deepfakebench,external,1,official,662,deepfakes_faces_c23/161_141,ffpp_test:13,1,deepfakes,h265_crf32,5.490478515625,0.9958910834442845
xception_deepfakebench,external,1,official,663,deepfakes_faces_c23/141_161,ffpp_test:13,1,deepfakes,h265_crf32,3.6590957641601562,0.9748909129024989
xception_deepfakebench,external,1,official,664,face2face_faces_c23/161_141,ffpp_test:13,1,face2face,h265_crf32,2.649444580078125,0.9339767492484964
xception_deepfakebench,external,1,official,665,face2face_faces_c23/141_161,ffpp_test:13,1,face2face,h265_crf32,2.2500991821289062,0.9046590900041052
xception_deepfakebench,external,1,official,666,faceswap_faces_c23/161_141,ffpp_test:13,1,faceswap,h265_crf32,6.5677490234375,0.9985970147537683
xception_deepfakebench,external,1,official,667,faceswap_faces_c23/141_161,ffpp_test:13,1,faceswap,h265_crf32,3.3822860717773438,0.9671463211896306
xception_deepfakebench,external,1,official,668,neuraltextures_faces_c23/161_141,ffpp_test:13,1,neuraltextures,h265_crf32,2.86102294921875,0.9458856840422264
xception_deepfakebench,external,1,official,669,neuraltextures_faces_c23/141_161,ffpp_test:13,1,neuraltextures,h265_crf32,1.8456306457519531,0.8636132740760598
xception_deepfakebench,external,1,official,670,original_faces_c23/949,ffpp_test:66,0,real,h265_crf32,0.30804598331451416,0.5764082363101886
xception_deepfakebench,external,1,official,671,original_faces_c23/868,ffpp_test:66,0,real,h265_crf32,0.035645484924316406,0.5089104277848205
xception_deepfakebench,external,1,official,672,deepfakes_faces_c23/949_868,ffpp_test:66,1,deepfakes,h265_crf32,3.71624755859375,0.9762525824963629
xception_deepfakebench,external,1,official,673,deepfakes_faces_c23/868_949,ffpp_test:66,1,deepfakes,h265_crf32,5.8203125,0.997042097231751
xception_deepfakebench,external,1,official,674,face2face_faces_c23/949_868,ffpp_test:66,1,face2face,h265_crf32,3.6844482421875,0.9755040912963693
xception_deepfakebench,external,1,official,675,face2face_faces_c23/868_949,ffpp_test:66,1,face2face,h265_crf32,2.4948577880859375,0.923780544657124
xception_deepfakebench,external,1,official,676,faceswap_faces_c23/949_868,ffpp_test:66,1,faceswap,h265_crf32,2.152254104614258,0.8958792266496368
xception_deepfakebench,external,1,official,677,faceswap_faces_c23/868_949,ffpp_test:66,1,faceswap,h265_crf32,3.858306884765625,0.9793324612551485
xception_deepfakebench,external,1,official,678,neuraltextures_faces_c23/949_868,ffpp_test:66,1,neuraltextures,h265_crf32,2.468151092529297,0.9218787134231335
xception_deepfakebench,external,1,official,679,neuraltextures_faces_c23/868_949,ffpp_test:66,1,neuraltextures,h265_crf32,2.5783443450927734,0.9294547873150609
xception_deepfakebench,external,1,official,680,original_faces_c23/880,ffpp_test:11,0,real,h265_crf32,0.7662640810012817,0.682712185908795
xception_deepfakebench,external,1,official,681,original_faces_c23/135,ffpp_test:11,0,real,h265_crf32,-0.6269874572753906,0.3481939361471234
xception_deepfakebench,external,1,official,682,deepfakes_faces_c23/880_135,ffpp_test:11,1,deepfakes,h265_crf32,1.2775611877441406,0.7820343506645796
xception_deepfakebench,external,1,official,683,deepfakes_faces_c23/135_880,ffpp_test:11,1,deepfakes,h265_crf32,7.33837890625,0.99935031881406
xception_deepfakebench,external,1,official,684,face2face_faces_c23/880_135,ffpp_test:11,1,face2face,h265_crf32,2.123790740966797,0.8931940995165244
xception_deepfakebench,external,1,official,685,face2face_faces_c23/135_880,ffpp_test:11,1,face2face,h265_crf32,3.73992919921875,0.9767954571315024
xception_deepfakebench,external,1,official,686,faceswap_faces_c23/880_135,ffpp_test:11,1,faceswap,h265_crf32,2.2474822998046875,0.9044331420946096
xception_deepfakebench,external,1,official,687,faceswap_faces_c23/135_880,ffpp_test:11,1,faceswap,h265_crf32,5.697357177734375,0.9966563972404783
xception_deepfakebench,external,1,official,688,neuraltextures_faces_c23/880_135,ffpp_test:11,1,neuraltextures,h265_crf32,0.8687453269958496,0.7044845595948906
xception_deepfakebench,external,1,official,689,neuraltextures_faces_c23/135_880,ffpp_test:11,1,neuraltextures,h265_crf32,0.5865535736083984,0.6425739853181639
xception_deepfakebench,external,1,official,690,original_faces_c23/429,ffpp_test:35,0,real,h265_crf32,2.1642112731933594,0.896989319051484
xception_deepfakebench,external,1,official,691,original_faces_c23/404,ffpp_test:35,0,real,h265_crf32,2.3690967559814453,0.914440217829423
xception_deepfakebench,external,1,official,692,deepfakes_faces_c23/429_404,ffpp_test:35,1,deepfakes,h265_crf32,7.9056396484375,0.9996314772970205
xception_deepfakebench,external,1,official,693,deepfakes_faces_c23/404_429,ffpp_test:35,1,deepfakes,h265_crf32,1.0162385702133179,0.7342392712670066
xception_deepfakebench,external,1,official,694,face2face_faces_c23/429_404,ffpp_test:35,1,face2face,h265_crf32,1.7457199096679688,0.8514121438745401
xception_deepfakebench,external,1,official,695,face2face_faces_c23/404_429,ffpp_test:35,1,face2face,h265_crf32,6.839599609375,0.9989306128682902
xception_deepfakebench,external,1,official,696,faceswap_faces_c23/429_404,ffpp_test:35,1,faceswap,h265_crf32,7.3897705078125,0.9993828434600871
xception_deepfakebench,external,1,official,697,faceswap_faces_c23/404_429,ffpp_test:35,1,faceswap,h265_crf32,2.02883243560791,0.8837912177691222
xception_deepfakebench,external,1,official,698,neuraltextures_faces_c23/429_404,ffpp_test:35,1,neuraltextures,h265_crf32,1.4800539016723633,0.8145807220981011
xception_deepfakebench,external,1,official,699,neuraltextures_faces_c23/404_429,ffpp_test:35,1,neuraltextures,h265_crf32,3.335784912109375,0.9656362477203275
xception_deepfakebench,external,1,official,0,original_faces_c23/953,ffpp_test:68,0,real,resize075_then_h264_crf30,-3.96722412109375,0.018574359873590112
xception_deepfakebench,external,1,official,1,original_faces_c23/974,ffpp_test:68,0,real,resize075_then_h264_crf30,-2.5506629943847656,0.07238195743331928
xception_deepfakebench,external,1,official,2,deepfakes_faces_c23/953_974,ffpp_test:68,1,deepfakes,resize075_then_h264_crf30,2.0159130096435547,0.8824577438549734
xception_deepfakebench,external,1,official,3,deepfakes_faces_c23/974_953,ffpp_test:68,1,deepfakes,resize075_then_h264_crf30,1.9570465087890625,0.8762129613199994
xception_deepfakebench,external,1,official,4,face2face_faces_c23/953_974,ffpp_test:68,1,face2face,resize075_then_h264_crf30,1.0770454406738281,0.7459344533266866
xception_deepfakebench,external,1,official,5,face2face_faces_c23/974_953,ffpp_test:68,1,face2face,resize075_then_h264_crf30,2.798309326171875,0.9425843948690645
xception_deepfakebench,external,1,official,6,faceswap_faces_c23/953_974,ffpp_test:68,1,faceswap,resize075_then_h264_crf30,-0.5954074859619141,0.3553950900713482
xception_deepfakebench,external,1,official,7,faceswap_faces_c23/974_953,ffpp_test:68,1,faceswap,resize075_then_h264_crf30,1.6820640563964844,0.8431776527968655
xception_deepfakebench,external,1,official,8,neuraltextures_faces_c23/953_974,ffpp_test:68,1,neuraltextures,resize075_then_h264_crf30,-1.753103256225586,0.14765621407474153
xception_deepfakebench,external,1,official,9,neuraltextures_faces_c23/974_953,ffpp_test:68,1,neuraltextures,resize075_then_h264_crf30,1.4700469970703125,0.8130645292499911
xception_deepfakebench,external,1,official,10,original_faces_c23/012,ffpp_test:1,0,real,resize075_then_h264_crf30,-0.6276674270629883,0.34803962959308576
xception_deepfakebench,external,1,official,11,original_faces_c23/026,ffpp_test:1,0,real,resize075_then_h264_crf30,-0.6673069000244141,0.3391001329697536
xception_deepfakebench,external,1,official,12,deepfakes_faces_c23/012_026,ffpp_test:1,1,deepfakes,resize075_then_h264_crf30,0.4395502805709839,0.6081518663933279
xception_deepfakebench,external,1,official,13,deepfakes_faces_c23/026_012,ffpp_test:1,1,deepfakes,resize075_then_h264_crf30,6.15771484375,0.9978873869629502
xception_deepfakebench,external,1,official,14,face2face_faces_c23/012_026,ffpp_test:1,1,face2face,resize075_then_h264_crf30,1.3739166259765625,0.7980122064412228
xception_deepfakebench,external,1,official,15,face2face_faces_c23/026_012,ffpp_test:1,1,face2face,resize075_then_h264_crf30,0.32174086570739746,0.5797484557753033
xception_deepfakebench,external,1,official,16,faceswap_faces_c23/012_026,ffpp_test:1,1,faceswap,resize075_then_h264_crf30,1.3351802825927734,0.7916962232930501
xception_deepfakebench,external,1,official,17,faceswap_faces_c23/026_012,ffpp_test:1,1,faceswap,resize075_then_h264_crf30,5.70343017578125,0.9966765741199534
xception_deepfakebench,external,1,official,18,neuraltextures_faces_c23/012_026,ffpp_test:1,1,neuraltextures,resize075_then_h264_crf30,2.0849342346191406,0.8894302194118681
xception_deepfakebench,external,1,official,19,neuraltextures_faces_c23/026_012,ffpp_test:1,1,neuraltextures,resize075_then_h264_crf30,0.5385322570800781,0.6314709173175864
xception_deepfakebench,external,1,official,20,original_faces_c23/078,ffpp_test:8,0,real,resize075_then_h264_crf30,-1.3533172607421875,0.20532856940282068
xception_deepfakebench,external,1,official,21,original_faces_c23/955,ffpp_test:8,0,real,resize075_then_h264_crf30,0.8444514274597168,0.6994019090038668
xception_deepfakebench,external,1,official,22,deepfakes_faces_c23/078_955,ffpp_test:8,1,deepfakes,resize075_then_h264_crf30,2.41961669921875,0.9183109954910368
xception_deepfakebench,external,1,official,23,deepfakes_faces_c23/955_078,ffpp_test:8,1,deepfakes,resize075_then_h264_crf30,1.5152225494384766,0.8198338990907714
xception_deepfakebench,external,1,official,24,face2face_faces_c23/078_955,ffpp_test:8,1,face2face,resize075_then_h264_crf30,-0.5649337768554688,0.362406649292826
xception_deepfakebench,external,1,official,25,face2face_faces_c23/955_078,ffpp_test:8,1,face2face,resize075_then_h264_crf30,2.251995086669922,0.9048224882989532
xception_deepfakebench,external,1,official,26,faceswap_faces_c23/078_955,ffpp_test:8,1,faceswap,resize075_then_h264_crf30,1.9365310668945312,0.8739705496980293
xception_deepfakebench,external,1,official,27,faceswap_faces_c23/955_078,ffpp_test:8,1,faceswap,resize075_then_h264_crf30,1.842397689819336,0.8632320312743847
xception_deepfakebench,external,1,official,28,neuraltextures_faces_c23/078_955,ffpp_test:8,1,neuraltextures,resize075_then_h264_crf30,-0.13158392906188965,0.46715140002240635
xception_deepfakebench,external,1,official,29,neuraltextures_faces_c23/955_078,ffpp_test:8,1,neuraltextures,resize075_then_h264_crf30,2.3938140869140625,0.9163543788013946
xception_deepfakebench,external,1,official,30,original_faces_c23/623,ffpp_test:51,0,real,resize075_then_h264_crf30,-0.5169887542724609,0.37355663281384494
xception_deepfakebench,external,1,official,31,original_faces_c23/630,ffpp_test:51,0,real,resize075_then_h264_crf30,1.4360427856445312,0.807841106022768
xception_deepfakebench,external,1,official,32,deepfakes_faces_c23/623_630,ffpp_test:51,1,deepfakes,resize075_then_h264_crf30,6.8463134765625,0.9989377609424215
xception_deepfakebench,external,1,official,33,deepfakes_faces_c23/630_623,ffpp_test:51,1,deepfakes,resize075_then_h264_crf30,0.38504695892333984,0.5950897890417156
xception_deepfakebench,external,1,official,34,face2face_faces_c23/623_630,ffpp_test:51,1,face2face,resize075_then_h264_crf30,1.7821910381317139,0.8559672039325562
xception_deepfakebench,external,1,official,35,face2face_faces_c23/630_623,ffpp_test:51,1,face2face,resize075_then_h264_crf30,2.6631011962890625,0.9348138987973748
xception_deepfakebench,external,1,official,36,faceswap_faces_c23/623_630,ffpp_test:51,1,faceswap,resize075_then_h264_crf30,5.235382080078125,0.9947034136090505
xception_deepfakebench,external,1,official,37,faceswap_faces_c23/630_623,ffpp_test:51,1,faceswap,resize075_then_h264_crf30,3.907470703125,0.9803044546018465
xception_deepfakebench,external,1,official,38,neuraltextures_faces_c23/623_630,ffpp_test:51,1,neuraltextures,resize075_then_h264_crf30,2.0693511962890625,0.8878883940903076
xception_deepfakebench,external,1,official,39,neuraltextures_faces_c23/630_623,ffpp_test:51,1,neuraltextures,resize075_then_h264_crf30,2.4972076416015625,0.923945833286437
xception_deepfakebench,external,1,official,40,original_faces_c23/919,ffpp_test:2,0,real,resize075_then_h264_crf30,-0.48506617546081543,0.3810565374322218
xception_deepfakebench,external,1,official,41,original_faces_c23/015,ffpp_test:2,0,real,resize075_then_h264_crf30,0.8784034252166748,0.7064912623578012
xception_deepfakebench,external,1,official,42,deepfakes_faces_c23/919_015,ffpp_test:2,1,deepfakes,resize075_then_h264_crf30,4.564910888671875,0.9896964612657536
xception_deepfakebench,external,1,official,43,deepfakes_faces_c23/015_919,ffpp_test:2,1,deepfakes,resize075_then_h264_crf30,0.03809070587158203,0.5095215252624963
xception_deepfakebench,external,1,official,44,face2face_faces_c23/919_015,ffpp_test:2,1,face2face,resize075_then_h264_crf30,2.6327362060546875,0.9329389399877409
xception_deepfakebench,external,1,official,45,face2face_faces_c23/015_919,ffpp_test:2,1,face2face,resize075_then_h264_crf30,2.1487550735473633,0.8955523858943965
xception_deepfakebench,external,1,official,46,faceswap_faces_c23/919_015,ffpp_test:2,1,faceswap,resize075_then_h264_crf30,3.9017333984375,0.9801933750486321
xception_deepfakebench,external,1,official,47,faceswap_faces_c23/015_919,ffpp_test:2,1,faceswap,resize075_then_h264_crf30,3.416311264038086,0.9682104319263948
xception_deepfakebench,external,1,official,48,neuraltextures_faces_c23/919_015,ffpp_test:2,1,neuraltextures,resize075_then_h264_crf30,1.6982574462890625,0.8453070103291465
xception_deepfakebench,external,1,official,49,neuraltextures_faces_c23/015_919,ffpp_test:2,1,neuraltextures,resize075_then_h264_crf30,1.5283203125,0.821760422950383
xception_deepfakebench,external,1,official,50,original_faces_c23/367,ffpp_test:30,0,real,resize075_then_h264_crf30,0.26474905014038086,0.5658033530822335
xception_deepfakebench,external,1,official,51,original_faces_c23/371,ffpp_test:30,0,real,resize075_then_h264_crf30,-1.740814208984375,0.1492095443870692
xception_deepfakebench,external,1,official,52,deepfakes_faces_c23/367_371,ffpp_test:30,1,deepfakes,resize075_then_h264_crf30,3.216693878173828,0.9614576869313424
xception_deepfakebench,external,1,official,53,deepfakes_faces_c23/371_367,ffpp_test:30,1,deepfakes,resize075_then_h264_crf30,7.0169677734375,0.9991042631762906
xception_deepfakebench,external,1,official,54,face2face_faces_c23/367_371,ffpp_test:30,1,face2face,resize075_then_h264_crf30,1.6470012664794922,0.8384853510383774
xception_deepfakebench,external,1,official,55,face2face_faces_c23/371_367,ffpp_test:30,1,face2face,resize075_then_h264_crf30,1.8023147583007812,0.858430475569685
xception_deepfakebench,external,1,official,56,faceswap_faces_c23/367_371,ffpp_test:30,1,faceswap,resize075_then_h264_crf30,1.3958206176757812,0.8015198460222395
xception_deepfakebench,external,1,official,57,faceswap_faces_c23/371_367,ffpp_test:30,1,faceswap,resize075_then_h264_crf30,1.0101509094238281,0.733049681417519
xception_deepfakebench,external,1,official,58,neuraltextures_faces_c23/367_371,ffpp_test:30,1,neuraltextures,resize075_then_h264_crf30,-0.35441112518310547,0.4123131450005389
xception_deepfakebench,external,1,official,59,neuraltextures_faces_c23/371_367,ffpp_test:30,1,neuraltextures,resize075_then_h264_crf30,2.5312461853027344,0.926303469882725
xception_deepfakebench,external,1,official,60,original_faces_c23/847,ffpp_test:65,0,real,resize075_then_h264_crf30,-1.3830337524414062,0.2005222077404274
xception_deepfakebench,external,1,official,61,original_faces_c23/906,ffpp_test:65,0,real,resize075_then_h264_crf30,-0.44953155517578125,0.389472148775709
xception_deepfakebench,external,1,official,62,deepfakes_faces_c23/847_906,ffpp_test:65,1,deepfakes,resize075_then_h264_crf30,3.4903564453125,0.9704121319468071
xception_deepfakebench,external,1,official,63,deepfakes_faces_c23/906_847,ffpp_test:65,1,deepfakes,resize075_then_h264_crf30,3.4886550903320312,0.9703632428015823
xception_deepfakebench,external,1,official,64,face2face_faces_c23/847_906,ffpp_test:65,1,face2face,resize075_then_h264_crf30,-0.17188036441802979,0.4571353855791297
xception_deepfakebench,external,1,official,65,face2face_faces_c23/906_847,ffpp_test:65,1,face2face,resize075_then_h264_crf30,3.3631591796875,0.9665331169826924
xception_deepfakebench,external,1,official,66,faceswap_faces_c23/847_906,ffpp_test:65,1,faceswap,resize075_then_h264_crf30,2.3670425415039062,0.9142793606255728
xception_deepfakebench,external,1,official,67,faceswap_faces_c23/906_847,ffpp_test:65,1,faceswap,resize075_then_h264_crf30,5.44732666015625,0.9957106720514447
xception_deepfakebench,external,1,official,68,neuraltextures_faces_c23/847_906,ffpp_test:65,1,neuraltextures,resize075_then_h264_crf30,1.2806715965270996,0.7825640753243748
xception_deepfakebench,external,1,official,69,neuraltextures_faces_c23/906_847,ffpp_test:65,1,neuraltextures,resize075_then_h264_crf30,0.4698333740234375,0.6153443174990324
xception_deepfakebench,external,1,official,70,original_faces_c23/529,ffpp_test:46,0,real,resize075_then_h264_crf30,-0.7245779037475586,0.3263856950126677
xception_deepfakebench,external,1,official,71,original_faces_c23/633,ffpp_test:46,0,real,resize075_then_h264_crf30,-0.29125547409057617,0.4276965340444003
xception_deepfakebench,external,1,official,72,deepfakes_faces_c23/529_633,ffpp_test:46,1,deepfakes,resize075_then_h264_crf30,4.28515625,0.986415607486941
xception_deepfakebench,external,1,official,73,deepfakes_faces_c23/633_529,ffpp_test:46,1,deepfakes,resize075_then_h264_crf30,3.27740478515625,0.9636454751094451
xception_deepfakebench,external,1,official,74,face2face_faces_c23/529_633,ffpp_test:46,1,face2face,resize075_then_h264_crf30,3.938145637512207,0.9808880705570063
xception_deepfakebench,external,1,official,75,face2face_faces_c23/633_529,ffpp_test:46,1,face2face,resize075_then_h264_crf30,3.34326171875,0.9658834878225023
xception_deepfakebench,external,1,official,76,faceswap_faces_c23/529_633,ffpp_test:46,1,faceswap,resize075_then_h264_crf30,5.44696044921875,0.9957091077063414
xception_deepfakebench,external,1,official,77,faceswap_faces_c23/633_529,ffpp_test:46,1,faceswap,resize075_then_h264_crf30,2.9953231811523438,0.9523623960036784
xception_deepfakebench,external,1,official,78,neuraltextures_faces_c23/529_633,ffpp_test:46,1,neuraltextures,resize075_then_h264_crf30,0.057586669921875,0.5143926902508875
xception_deepfakebench,external,1,official,79,neuraltextures_faces_c23/633_529,ffpp_test:46,1,neuraltextures,resize075_then_h264_crf30,0.8778457641601562,0.7063756116890757
xception_deepfakebench,external,1,official,80,original_faces_c23/418,ffpp_test:36,0,real,resize075_then_h264_crf30,1.1068639755249023,0.751543997378997
xception_deepfakebench,external,1,official,81,original_faces_c23/507,ffpp_test:36,0,real,resize075_then_h264_crf30,-0.12565863132476807,0.46862661369571096
xception_deepfakebench,external,1,official,82,deepfakes_faces_c23/418_507,ffpp_test:36,1,deepfakes,resize075_then_h264_crf30,1.3468704223632812,0.7936175095678111
xception_deepfakebench,external,1,official,83,deepfakes_faces_c23/507_418,ffpp_test:36,1,deepfakes,resize075_then_h264_crf30,4.998779296875,0.9932990288833401
xception_deepfakebench,external,1,official,84,face2face_faces_c23/418_507,ffpp_test:36,1,face2face,resize075_then_h264_crf30,3.826202392578125,0.9786725553299496
xception_deepfakebench,external,1,official,85,face2face_faces_c23/507_418,ffpp_test:36,1,face2face,resize075_then_h264_crf30,2.7959728240966797,0.9424578147496108
xception_deepfakebench,external,1,official,86,faceswap_faces_c23/418_507,ffpp_test:36,1,faceswap,resize075_then_h264_crf30,3.748779296875,0.9769952100612062
xception_deepfakebench,external,1,official,87,faceswap_faces_c23/507_418,ffpp_test:36,1,faceswap,resize075_then_h264_crf30,2.3337669372558594,0.9116352586050107
xception_deepfakebench,external,1,official,88,neuraltextures_faces_c23/418_507,ffpp_test:36,1,neuraltextures,resize075_then_h264_crf30,1.7758674621582031,0.8551858307539513
xception_deepfakebench,external,1,official,89,neuraltextures_faces_c23/507_418,ffpp_test:36,1,neuraltextures,resize075_then_h264_crf30,2.7609405517578125,0.9405282654458945
xception_deepfakebench,external,1,official,90,original_faces_c23/227,ffpp_test:16,0,real,resize075_then_h264_crf30,0.8222799301147461,0.6947200915534714
xception_deepfakebench,external,1,official,91,original_faces_c23/169,ffpp_test:16,0,real,resize075_then_h264_crf30,0.6543779373168945,0.657996341592544
xception_deepfakebench,external,1,official,92,deepfakes_faces_c23/227_169,ffpp_test:16,1,deepfakes,resize075_then_h264_crf30,6.55242919921875,0.9985753866398751
xception_deepfakebench,external,1,official,93,deepfakes_faces_c23/169_227,ffpp_test:16,1,deepfakes,resize075_then_h264_crf30,2.6366519927978516,0.9331835118427654
xception_deepfakebench,external,1,official,94,face2face_faces_c23/227_169,ffpp_test:16,1,face2face,resize075_then_h264_crf30,1.4279136657714844,0.8065760325688393
xception_deepfakebench,external,1,official,95,face2face_faces_c23/169_227,ffpp_test:16,1,face2face,resize075_then_h264_crf30,3.583099365234375,0.9729619374479019
xception_deepfakebench,external,1,official,96,faceswap_faces_c23/227_169,ffpp_test:16,1,faceswap,resize075_then_h264_crf30,2.665008544921875,0.9349300303116523
xception_deepfakebench,external,1,official,97,faceswap_faces_c23/169_227,ffpp_test:16,1,faceswap,resize075_then_h264_crf30,3.1217498779296875,0.9577810438343058
xception_deepfakebench,external,1,official,98,neuraltextures_faces_c23/227_169,ffpp_test:16,1,neuraltextures,resize075_then_h264_crf30,0.5886979103088379,0.6430663301177508
xception_deepfakebench,external,1,official,99,neuraltextures_faces_c23/169_227,ffpp_test:16,1,neuraltextures,resize075_then_h264_crf30,2.5642852783203125,0.9285273699682445
xception_deepfakebench,external,1,official,100,original_faces_c23/389,ffpp_test:33,0,real,resize075_then_h264_crf30,-2.4564666748046875,0.0789669380148107
xception_deepfakebench,external,1,official,101,original_faces_c23/480,ffpp_test:33,0,real,resize075_then_h264_crf30,-2.240602493286133,0.0961631627766902
xception_deepfakebench,external,1,official,102,deepfakes_faces_c23/389_480,ffpp_test:33,1,deepfakes,resize075_then_h264_crf30,4.341646194458008,0.9871521309132907
xception_deepfakebench,external,1,official,103,deepfakes_faces_c23/480_389,ffpp_test:33,1,deepfakes,resize075_then_h264_crf30,1.547811508178711,0.8245974208340403
xception_deepfakebench,external,1,official,104,face2face_faces_c23/389_480,ffpp_test:33,1,face2face,resize075_then_h264_crf30,1.2021446228027344,0.7689060802439264
xception_deepfakebench,external,1,official,105,face2face_faces_c23/480_389,ffpp_test:33,1,face2face,resize075_then_h264_crf30,-0.20210742950439453,0.44964443392840214
xception_deepfakebench,external,1,official,106,faceswap_faces_c23/389_480,ffpp_test:33,1,faceswap,resize075_then_h264_crf30,-0.69256591796875,0.33346251530918125
xception_deepfakebench,external,1,official,107,faceswap_faces_c23/480_389,ffpp_test:33,1,faceswap,resize075_then_h264_crf30,2.0959789752960205,0.8905117417496748
xception_deepfakebench,external,1,official,108,neuraltextures_faces_c23/389_480,ffpp_test:33,1,neuraltextures,resize075_then_h264_crf30,0.6881496906280518,0.6655551898960577
xception_deepfakebench,external,1,official,109,neuraltextures_faces_c23/480_389,ffpp_test:33,1,neuraltextures,resize075_then_h264_crf30,1.2209396362304688,0.7722288656759358
xception_deepfakebench,external,1,official,110,original_faces_c23/821,ffpp_test:64,0,real,resize075_then_h264_crf30,-0.336043119430542,0.41677096971209554
xception_deepfakebench,external,1,official,111,original_faces_c23/812,ffpp_test:64,0,real,resize075_then_h264_crf30,-0.827217698097229,0.304233694479606
xception_deepfakebench,external,1,official,112,deepfakes_faces_c23/821_812,ffpp_test:64,1,deepfakes,resize075_then_h264_crf30,1.3909387588500977,0.8007420683647505
xception_deepfakebench,external,1,official,113,deepfakes_faces_c23/812_821,ffpp_test:64,1,deepfakes,resize075_then_h264_crf30,3.5294189453125,0.9715133359252771
xception_deepfakebench,external,1,official,114,face2face_faces_c23/821_812,ffpp_test:64,1,face2face,resize075_then_h264_crf30,4.0064697265625,0.9821277072695134
xception_deepfakebench,external,1,official,115,face2face_faces_c23/812_821,ffpp_test:64,1,face2face,resize075_then_h264_crf30,2.25732421875,0.9052804374665036
xception_deepfakebench,external,1,official,116,faceswap_faces_c23/821_812,ffpp_test:64,1,faceswap,resize075_then_h264_crf30,1.6102294921875,0.8334432459584744
xception_deepfakebench,external,1,official,117,faceswap_faces_c23/812_821,ffpp_test:64,1,faceswap,resize075_then_h264_crf30,1.2342529296875,0.7745620694899258
xception_deepfakebench,external,1,official,118,neuraltextures_faces_c23/821_812,ffpp_test:64,1,neuraltextures,resize075_then_h264_crf30,0.23522472381591797,0.5585365240991277
xception_deepfakebench,external,1,official,119,neuraltextures_faces_c23/812_821,ffpp_test:64,1,neuraltextures,resize075_then_h264_crf30,-0.6187406778335571,0.3500679187461505
xception_deepfakebench,external,1,official,120,original_faces_c23/670,ffpp_test:54,0,real,resize075_then_h264_crf30,-2.0671749114990234,0.11232842188323504
xception_deepfakebench,external,1,official,121,original_faces_c23/661,ffpp_test:54,0,real,resize075_then_h264_crf30,-1.2163028717041016,0.2285877308303101
xception_deepfakebench,external,1,official,122,deepfakes_faces_c23/670_661,ffpp_test:54,1,deepfakes,resize075_then_h264_crf30,5.92010498046875,0.9973222711849165
xception_deepfakebench,external,1,official,123,deepfakes_faces_c23/661_670,ffpp_test:54,1,deepfakes,resize075_then_h264_crf30,3.8550262451171875,0.9792659553019089
xception_deepfakebench,external,1,official,124,face2face_faces_c23/670_661,ffpp_test:54,1,face2face,resize075_then_h264_crf30,1.4569716453552246,0.8110690588040043
xception_deepfakebench,external,1,official,125,face2face_faces_c23/661_670,ffpp_test:54,1,face2face,resize075_then_h264_crf30,2.7302093505859375,0.9387858690272817
xception_deepfakebench,external,1,official,126,faceswap_faces_c23/670_661,ffpp_test:54,1,faceswap,resize075_then_h264_crf30,5.93310546875,0.9973567662392046
xception_deepfakebench,external,1,official,127,faceswap_faces_c23/661_670,ffpp_test:54,1,faceswap,resize075_then_h264_crf30,1.2056007385253906,0.7695196249666725
xception_deepfakebench,external,1,official,128,neuraltextures_faces_c23/670_661,ffpp_test:54,1,neuraltextures,resize075_then_h264_crf30,2.1174697875976562,0.8925895902666454
xception_deepfakebench,external,1,official,129,neuraltextures_faces_c23/661_670,ffpp_test:54,1,neuraltextures,resize075_then_h264_crf30,0.7365798950195312,0.676247521174474
xception_deepfakebench,external,1,official,130,original_faces_c23/158,ffpp_test:15,0,real,resize075_then_h264_crf30,0.4306979179382324,0.6060403124707876
xception_deepfakebench,external,1,official,131,original_faces_c23/379,ffpp_test:15,0,real,resize075_then_h264_crf30,-1.2696590423583984,0.21931562400042498
xception_deepfakebench,external,1,official,132,deepfakes_faces_c23/158_379,ffpp_test:15,1,deepfakes,resize075_then_h264_crf30,-0.7481074333190918,0.3212338213954821
xception_deepfakebench,external,1,official,133,deepfakes_faces_c23/379_158,ffpp_test:15,1,deepfakes,resize075_then_h264_crf30,2.954296112060547,0.9504661423658959
xception_deepfakebench,external,1,official,134,face2face_faces_c23/158_379,ffpp_test:15,1,face2face,resize075_then_h264_crf30,1.2615699768066406,0.7792962521480022
xception_deepfakebench,external,1,official,135,face2face_faces_c23/379_158,ffpp_test:15,1,face2face,resize075_then_h264_crf30,-0.5829215049743652,0.3582606328215212
xception_deepfakebench,external,1,official,136,faceswap_faces_c23/158_379,ffpp_test:15,1,faceswap,resize075_then_h264_crf30,1.8583831787109375,0.8651083830370486
xception_deepfakebench,external,1,official,137,faceswap_faces_c23/379_158,ffpp_test:15,1,faceswap,resize075_then_h264_crf30,0.5299487113952637,0.6294711496351733
xception_deepfakebench,external,1,official,138,neuraltextures_faces_c23/158_379,ffpp_test:15,1,neuraltextures,resize075_then_h264_crf30,1.331838607788086,0.7911445994447964
xception_deepfakebench,external,1,official,139,neuraltextures_faces_c23/379_158,ffpp_test:15,1,neuraltextures,resize075_then_h264_crf30,-0.516904354095459,0.3735763836851531
xception_deepfakebench,external,1,official,140,original_faces_c23/423,ffpp_test:37,0,real,resize075_then_h264_crf30,0.80078125,0.6901415732701115
xception_deepfakebench,external,1,official,141,original_faces_c23/421,ffpp_test:37,0,real,resize075_then_h264_crf30,-1.7973607778549194,0.14217263944780795
xception_deepfakebench,external,1,official,142,deepfakes_faces_c23/423_421,ffpp_test:37,1,deepfakes,resize075_then_h264_crf30,4.16387939453125,0.9846908854159053
xception_deepfakebench,external,1,official,143,deepfakes_faces_c23/421_423,ffpp_test:37,1,deepfakes,resize075_then_h264_crf30,2.93060302734375,0.9493386853754282
xception_deepfakebench,external,1,official,144,face2face_faces_c23/423_421,ffpp_test:37,1,face2face,resize075_then_h264_crf30,1.843317985534668,0.8633406473634654
xception_deepfakebench,external,1,official,145,face2face_faces_c23/421_423,ffpp_test:37,1,face2face,resize075_then_h264_crf30,2.4014930725097656,0.9169410869142668
xception_deepfakebench,external,1,official,146,faceswap_faces_c23/423_421,ffpp_test:37,1,faceswap,resize075_then_h264_crf30,1.556528091430664,0.8258545920773904
xception_deepfakebench,external,1,official,147,faceswap_faces_c23/421_423,ffpp_test:37,1,faceswap,resize075_then_h264_crf30,2.7024383544921875,0.9371703724318026
xception_deepfakebench,external,1,official,148,neuraltextures_faces_c23/423_421,ffpp_test:37,1,neuraltextures,resize075_then_h264_crf30,0.5224094390869141,0.6277110009345511
xception_deepfakebench,external,1,official,149,neuraltextures_faces_c23/421_423,ffpp_test:37,1,neuraltextures,resize075_then_h264_crf30,0.6379461288452148,0.6542890327731231
xception_deepfakebench,external,1,official,150,original_faces_c23/352,ffpp_test:28,0,real,resize075_then_h264_crf30,-0.24626731872558594,0.4387424514039564
xception_deepfakebench,external,1,official,151,original_faces_c23/319,ffpp_test:28,0,real,resize075_then_h264_crf30,-2.7943267822265625,0.05763151692275023
xception_deepfakebench,external,1,official,152,deepfakes_faces_c23/352_319,ffpp_test:28,1,deepfakes,resize075_then_h264_crf30,0.893463134765625,0.7096043246692202
xception_deepfakebench,external,1,official,153,deepfakes_faces_c23/319_352,ffpp_test:28,1,deepfakes,resize075_then_h264_crf30,2.606689453125,0.9312908625899349
xception_deepfakebench,external,1,official,154,face2face_faces_c23/352_319,ffpp_test:28,1,face2face,resize075_then_h264_crf30,2.4008102416992188,0.9168890676230558
xception_deepfakebench,external,1,official,155,face2face_faces_c23/319_352,ffpp_test:28,1,face2face,resize075_then_h264_crf30,-1.663177490234375,0.15933591768181243
xception_deepfakebench,external,1,official,156,faceswap_faces_c23/352_319,ffpp_test:28,1,faceswap,resize075_then_h264_crf30,2.5317611694335938,0.9263386177383488
xception_deepfakebench,external,1,official,157,faceswap_faces_c23/319_352,ffpp_test:28,1,faceswap,resize075_then_h264_crf30,2.9699478149414062,0.9511978546019341
xception_deepfakebench,external,1,official,158,neuraltextures_faces_c23/352_319,ffpp_test:28,1,neuraltextures,resize075_then_h264_crf30,2.1874942779541016,0.899120858267029
xception_deepfakebench,external,1,official,159,neuraltextures_faces_c23/319_352,ffpp_test:28,1,neuraltextures,resize075_then_h264_crf30,-2.15142822265625,0.10419783651174298
xception_deepfakebench,external,1,official,160,original_faces_c23/579,ffpp_test:48,0,real,resize075_then_h264_crf30,-0.8762540817260742,0.2939546261513162
xception_deepfakebench,external,1,official,161,original_faces_c23/701,ffpp_test:48,0,real,resize075_then_h264_crf30,-1.0839729309082031,0.25275491291847935
xception_deepfakebench,external,1,official,162,deepfakes_faces_c23/579_701,ffpp_test:48,1,deepfakes,resize075_then_h264_crf30,2.7703704833984375,0.9410535412649297
xception_deepfakebench,external,1,official,163,deepfakes_faces_c23/701_579,ffpp_test:48,1,deepfakes,resize075_then_h264_crf30,0.6756939888000488,0.6627769637246541
xception_deepfakebench,external,1,official,164,face2face_faces_c23/579_701,ffpp_test:48,1,face2face,resize075_then_h264_crf30,1.7124309539794922,0.8471513243498172
xception_deepfakebench,external,1,official,165,face2face_faces_c23/701_579,ffpp_test:48,1,face2face,resize075_then_h264_crf30,2.069782257080078,0.887931295825517
xception_deepfakebench,external,1,official,166,faceswap_faces_c23/579_701,ffpp_test:48,1,faceswap,resize075_then_h264_crf30,2.5359764099121094,0.9266257298868927
xception_deepfakebench,external,1,official,167,faceswap_faces_c23/701_579,ffpp_test:48,1,faceswap,resize075_then_h264_crf30,3.2918901443481445,0.9641495446832884
xception_deepfakebench,external,1,official,168,neuraltextures_faces_c23/579_701,ffpp_test:48,1,neuraltextures,resize075_then_h264_crf30,1.1884937286376953,0.7664715605619805
xception_deepfakebench,external,1,official,169,neuraltextures_faces_c23/701_579,ffpp_test:48,1,neuraltextures,resize075_then_h264_crf30,0.12167930603027344,0.5303823493700868
xception_deepfakebench,external,1,official,170,original_faces_c23/488,ffpp_test:34,0,real,resize075_then_h264_crf30,-0.5270724296569824,0.37119995577942955
xception_deepfakebench,external,1,official,171,original_faces_c23/399,ffpp_test:34,0,real,resize075_then_h264_crf30,1.4791221618652344,0.8144399518273698
xception_deepfakebench,external,1,official,172,deepfakes_faces_c23/488_399,ffpp_test:34,1,deepfakes,resize075_then_h264_crf30,2.90802001953125,0.9482414741227336
xception_deepfakebench,external,1,official,173,deepfakes_faces_c23/399_488,ffpp_test:34,1,deepfakes,resize075_then_h264_crf30,2.110661506652832,0.891935110326292
xception_deepfakebench,external,1,official,174,face2face_faces_c23/488_399,ffpp_test:34,1,face2face,resize075_then_h264_crf30,2.4699745178222656,0.9220099325276653
xception_deepfakebench,external,1,official,175,face2face_faces_c23/399_488,ffpp_test:34,1,face2face,resize075_then_h264_crf30,6.362060546875,0.9982771663388064
xception_deepfakebench,external,1,official,176,faceswap_faces_c23/488_399,ffpp_test:34,1,faceswap,resize075_then_h264_crf30,1.9993896484375,0.8807329800833302
xception_deepfakebench,external,1,official,177,faceswap_faces_c23/399_488,ffpp_test:34,1,faceswap,resize075_then_h264_crf30,5.02679443359375,0.9934829458100523
xception_deepfakebench,external,1,official,178,neuraltextures_faces_c23/488_399,ffpp_test:34,1,neuraltextures,resize075_then_h264_crf30,0.8678455352783203,0.7042972010378817
xception_deepfakebench,external,1,official,179,neuraltextures_faces_c23/399_488,ffpp_test:34,1,neuraltextures,resize075_then_h264_crf30,3.011260986328125,0.9530802756686068
xception_deepfakebench,external,1,official,180,original_faces_c23/695,ffpp_test:38,0,real,resize075_then_h264_crf30,-1.3001995086669922,0.21413144189027006
xception_deepfakebench,external,1,official,181,original_faces_c23/422,ffpp_test:38,0,real,resize075_then_h264_crf30,0.8270149230957031,0.6957233813058905
xception_deepfakebench,external,1,official,182,deepfakes_faces_c23/695_422,ffpp_test:38,1,deepfakes,resize075_then_h264_crf30,3.154266357421875,0.9590764994229688
xception_deepfakebench,external,1,official,183,deepfakes_faces_c23/422_695,ffpp_test:38,1,deepfakes,resize075_then_h264_crf30,3.80743408203125,0.9782772726094896
xception_deepfakebench,external,1,official,184,face2face_faces_c23/695_422,ffpp_test:38,1,face2face,resize075_then_h264_crf30,0.922392725944519,0.715529389146951
xception_deepfakebench,external,1,official,185,face2face_faces_c23/422_695,ffpp_test:38,1,face2face,resize075_then_h264_crf30,5.57257080078125,0.9962136935760707
xception_deepfakebench,external,1,official,186,faceswap_faces_c23/695_422,ffpp_test:38,1,faceswap,resize075_then_h264_crf30,2.4080123901367188,0.9174362512971052
xception_deepfakebench,external,1,official,187,faceswap_faces_c23/422_695,ffpp_test:38,1,faceswap,resize075_then_h264_crf30,3.06561279296875,0.9554518095518907
xception_deepfakebench,external,1,official,188,neuraltextures_faces_c23/695_422,ffpp_test:38,1,neuraltextures,resize075_then_h264_crf30,-0.00914764404296875,0.4977131049364012
xception_deepfakebench,external,1,official,189,neuraltextures_faces_c23/422_695,ffpp_test:38,1,neuraltextures,resize075_then_h264_crf30,1.2344226837158203,0.7745917098217675
xception_deepfakebench,external,1,official,190,original_faces_c23/288,ffpp_test:25,0,real,resize075_then_h264_crf30,0.30782318115234375,0.5763538356114799
xception_deepfakebench,external,1,official,191,original_faces_c23/321,ffpp_test:25,0,real,resize075_then_h264_crf30,0.8646087646484375,0.7036226571351212
xception_deepfakebench,external,1,official,192,deepfakes_faces_c23/288_321,ffpp_test:25,1,deepfakes,resize075_then_h264_crf30,3.4819717407226562,0.9701704348338738
xception_deepfakebench,external,1,official,193,deepfakes_faces_c23/321_288,ffpp_test:25,1,deepfakes,resize075_then_h264_crf30,4.75701904296875,0.9914819984881503
xception_deepfakebench,external,1,official,194,face2face_faces_c23/288_321,ffpp_test:25,1,face2face,resize075_then_h264_crf30,3.43310546875,0.9687232957928479
xception_deepfakebench,external,1,official,195,face2face_faces_c23/321_288,ffpp_test:25,1,face2face,resize075_then_h264_crf30,1.768463134765625,0.8542664427375268
xception_deepfakebench,external,1,official,196,faceswap_faces_c23/288_321,ffpp_test:25,1,faceswap,resize075_then_h264_crf30,3.0537109375,0.9549424681658311
xception_deepfakebench,external,1,official,197,faceswap_faces_c23/321_288,ffpp_test:25,1,faceswap,resize075_then_h264_crf30,3.2168121337890625,0.9614620688672729
xception_deepfakebench,external,1,official,198,neuraltextures_faces_c23/288_321,ffpp_test:25,1,neuraltextures,resize075_then_h264_crf30,2.4210586547851562,0.9184190998757777
xception_deepfakebench,external,1,official,199,neuraltextures_faces_c23/321_288,ffpp_test:25,1,neuraltextures,resize075_then_h264_crf30,1.208204746246338,0.7699811454490519
xception_deepfakebench,external,1,official,200,original_faces_c23/705,ffpp_test:57,0,real,resize075_then_h264_crf30,0.33438587188720703,0.5828261427957603
xception_deepfakebench,external,1,official,201,original_faces_c23/707,ffpp_test:57,0,real,resize075_then_h264_crf30,-2.5989112854003906,0.06920852103954687
xception_deepfakebench,external,1,official,202,deepfakes_faces_c23/705_707,ffpp_test:57,1,deepfakes,resize075_then_h264_crf30,1.61016845703125,0.8334347731540994
xception_deepfakebench,external,1,official,203,deepfakes_faces_c23/707_705,ffpp_test:57,1,deepfakes,resize075_then_h264_crf30,4.016876220703125,0.9823094576198979
xception_deepfakebench,external,1,official,204,face2face_faces_c23/705_707,ffpp_test:57,1,face2face,resize075_then_h264_crf30,2.5225830078125,0.9257098865501658
xception_deepfakebench,external,1,official,205,face2face_faces_c23/707_705,ffpp_test:57,1,face2face,resize075_then_h264_crf30,1.8076133728027344,0.8590731813218604
xception_deepfakebench,external,1,official,206,faceswap_faces_c23/705_707,ffpp_test:57,1,faceswap,resize075_then_h264_crf30,3.125946044921875,0.957950396644968
xception_deepfakebench,external,1,official,207,faceswap_faces_c23/707_705,ffpp_test:57,1,faceswap,resize075_then_h264_crf30,4.578521728515625,0.9898343350329509
xception_deepfakebench,external,1,official,208,neuraltextures_faces_c23/705_707,ffpp_test:57,1,neuraltextures,resize075_then_h264_crf30,1.672607421875,0.8419231486376442
xception_deepfakebench,external,1,official,209,neuraltextures_faces_c23/707_705,ffpp_test:57,1,neuraltextures,resize075_then_h264_crf30,-0.5243847370147705,0.37182750845877505
xception_deepfakebench,external,1,official,210,original_faces_c23/306,ffpp_test:24,0,real,resize075_then_h264_crf30,1.4014339447021484,0.8024113353315884
xception_deepfakebench,external,1,official,211,original_faces_c23/278,ffpp_test:24,0,real,resize075_then_h264_crf30,-0.22040748596191406,0.4451201184197558
xception_deepfakebench,external,1,official,212,deepfakes_faces_c23/306_278,ffpp_test:24,1,deepfakes,resize075_then_h264_crf30,4.911376953125,0.9926914642063629
xception_deepfakebench,external,1,official,213,deepfakes_faces_c23/278_306,ffpp_test:24,1,deepfakes,resize075_then_h264_crf30,3.70184326171875,0.9759163399633105
xception_deepfakebench,external,1,official,214,face2face_faces_c23/306_278,ffpp_test:24,1,face2face,resize075_then_h264_crf30,3.8262176513671875,0.9786728738179916
xception_deepfakebench,external,1,official,215,face2face_faces_c23/278_306,ffpp_test:24,1,face2face,resize075_then_h264_crf30,4.87005615234375,0.9923854912041036
xception_deepfakebench,external,1,official,216,faceswap_faces_c23/306_278,ffpp_test:24,1,faceswap,resize075_then_h264_crf30,4.26019287109375,0.9860770078964708
xception_deepfakebench,external,1,official,217,faceswap_faces_c23/278_306,ffpp_test:24,1,faceswap,resize075_then_h264_crf30,3.893768310546875,0.9800381453640189
xception_deepfakebench,external,1,official,218,neuraltextures_faces_c23/306_278,ffpp_test:24,1,neuraltextures,resize075_then_h264_crf30,3.3633346557617188,0.9665387926164244
xception_deepfakebench,external,1,official,219,neuraltextures_faces_c23/278_306,ffpp_test:24,1,neuraltextures,resize075_then_h264_crf30,1.075943946838379,0.7457256458076084
xception_deepfakebench,external,1,official,220,original_faces_c23/865,ffpp_test:61,0,real,resize075_then_h264_crf30,-0.8761005401611328,0.2939864939902008
xception_deepfakebench,external,1,official,221,original_faces_c23/739,ffpp_test:61,0,real,resize075_then_h264_crf30,-1.1002445220947266,0.24969408113317812
xception_deepfakebench,external,1,official,222,deepfakes_faces_c23/865_739,ffpp_test:61,1,deepfakes,resize075_then_h264_crf30,4.405670166015625,0.9879393135849671
xception_deepfakebench,external,1,official,223,deepfakes_faces_c23/739_865,ffpp_test:61,1,deepfakes,resize075_then_h264_crf30,8.357666015625,0.9997654637925771
xception_deepfakebench,external,1,official,224,face2face_faces_c23/865_739,ffpp_test:61,1,face2face,resize075_then_h264_crf30,1.5644283294677734,0.8269878713837414
xception_deepfakebench,external,1,official,225,face2face_faces_c23/739_865,ffpp_test:61,1,face2face,resize075_then_h264_crf30,4.587921142578125,0.9899284808297026
xception_deepfakebench,external,1,official,226,faceswap_faces_c23/865_739,ffpp_test:61,1,faceswap,resize075_then_h264_crf30,2.4391984939575195,0.9197679606979421
xception_deepfakebench,external,1,official,227,faceswap_faces_c23/739_865,ffpp_test:61,1,faceswap,resize075_then_h264_crf30,5.7877197265625,0.9969444021267257
xception_deepfakebench,external,1,official,228,neuraltextures_faces_c23/865_739,ffpp_test:61,1,neuraltextures,resize075_then_h264_crf30,0.6181621551513672,0.6498004441441453
xception_deepfakebench,external,1,official,229,neuraltextures_faces_c23/739_865,ffpp_test:61,1,neuraltextures,resize075_then_h264_crf30,-0.44380760192871094,0.39083406886008354
xception_deepfakebench,external,1,official,230,original_faces_c23/995,ffpp_test:21,0,real,resize075_then_h264_crf30,1.4731063842773438,0.813529082044498
xception_deepfakebench,external,1,official,231,original_faces_c23/233,ffpp_test:21,0,real,resize075_then_h264_crf30,-4.418445587158203,0.011909409443779734
xception_deepfakebench,external,1,official,232,deepfakes_faces_c23/995_233,ffpp_test:21,1,deepfakes,resize075_then_h264_crf30,2.793717384338379,0.9423353776781814
xception_deepfakebench,external,1,official,233,deepfakes_faces_c23/233_995,ffpp_test:21,1,deepfakes,resize075_then_h264_crf30,4.53125,0.9893474891602738
xception_deepfakebench,external,1,official,234,face2face_faces_c23/995_233,ffpp_test:21,1,face2face,resize075_then_h264_crf30,5.8778076171875,0.9972069040005358
xception_deepfakebench,external,1,official,235,face2face_faces_c23/233_995,ffpp_test:21,1,face2face,resize075_then_h264_crf30,-2.617919921875,0.06799399141763277
xception_deepfakebench,external,1,official,236,faceswap_faces_c23/995_233,ffpp_test:21,1,faceswap,resize075_then_h264_crf30,1.2504920959472656,0.7773850337146175
xception_deepfakebench,external,1,official,237,faceswap_faces_c23/233_995,ffpp_test:21,1,faceswap,resize075_then_h264_crf30,2.080657958984375,0.8890089720492971
xception_deepfakebench,external,1,official,238,neuraltextures_faces_c23/995_233,ffpp_test:21,1,neuraltextures,resize075_then_h264_crf30,1.9414329528808594,0.8745094839365556
xception_deepfakebench,external,1,official,239,neuraltextures_faces_c23/233_995,ffpp_test:21,1,neuraltextures,resize075_then_h264_crf30,-2.7673873901367188,0.05911215409266745
xception_deepfakebench,external,1,official,240,original_faces_c23/755,ffpp_test:62,0,real,resize075_then_h264_crf30,-0.4421520233154297,0.39122830481240184
xception_deepfakebench,external,1,official,241,original_faces_c23/759,ffpp_test:62,0,real,resize075_then_h264_crf30,0.5848464965820312,0.6421818210473159
xception_deepfakebench,external,1,official,242,deepfakes_faces_c23/755_759,ffpp_test:62,1,deepfakes,resize075_then_h264_crf30,6.9337158203125,0.9990265749432812
xception_deepfakebench,external,1,official,243,deepfakes_faces_c23/759_755,ffpp_test:62,1,deepfakes,resize075_then_h264_crf30,2.076366424560547,0.8885848102162082
xception_deepfakebench,external,1,official,244,face2face_faces_c23/755_759,ffpp_test:62,1,face2face,resize075_then_h264_crf30,1.0568981170654297,0.7420973253449098
xception_deepfakebench,external,1,official,245,face2face_faces_c23/759_755,ffpp_test:62,1,face2face,resize075_then_h264_crf30,3.3562164306640625,0.9663078120534859
xception_deepfakebench,external,1,official,246,faceswap_faces_c23/755_759,ffpp_test:62,1,faceswap,resize075_then_h264_crf30,0.9918079376220703,0.7294448759421077
xception_deepfakebench,external,1,official,247,faceswap_faces_c23/759_755,ffpp_test:62,1,faceswap,resize075_then_h264_crf30,-0.2135334014892578,0.44681857021172855
xception_deepfakebench,external,1,official,248,neuraltextures_faces_c23/755_759,ffpp_test:62,1,neuraltextures,resize075_then_h264_crf30,1.3177986145019531,0.7888152201847827
xception_deepfakebench,external,1,official,249,neuraltextures_faces_c23/759_755,ffpp_test:62,1,neuraltextures,resize075_then_h264_crf30,3.1225719451904297,0.957814272863325
xception_deepfakebench,external,1,official,250,original_faces_c23/467,ffpp_test:43,0,real,resize075_then_h264_crf30,-0.01593303680419922,0.49601682506321104
xception_deepfakebench,external,1,official,251,original_faces_c23/462,ffpp_test:43,0,real,resize075_then_h264_crf30,-0.7843074798583984,0.3133922688861514
xception_deepfakebench,external,1,official,252,deepfakes_faces_c23/467_462,ffpp_test:43,1,deepfakes,resize075_then_h264_crf30,0.3490428924560547,0.5863854636059841
xception_deepfakebench,external,1,official,253,deepfakes_faces_c23/462_467,ffpp_test:43,1,deepfakes,resize075_then_h264_crf30,4.1794586181640625,0.9849239734613756
xception_deepfakebench,external,1,official,254,face2face_faces_c23/467_462,ffpp_test:43,1,face2face,resize075_then_h264_crf30,2.599700927734375,0.9308423293938856
xception_deepfakebench,external,1,official,255,face2face_faces_c23/462_467,ffpp_test:43,1,face2face,resize075_then_h264_crf30,1.4876232147216797,0.8157212620855527
xception_deepfakebench,external,1,official,256,faceswap_faces_c23/467_462,ffpp_test:43,1,faceswap,resize075_then_h264_crf30,2.3881072998046875,0.9159159184860625
xception_deepfakebench,external,1,official,257,faceswap_faces_c23/462_467,ffpp_test:43,1,faceswap,resize075_then_h264_crf30,5.211151123046875,0.9945742095578717
xception_deepfakebench,external,1,official,258,neuraltextures_faces_c23/467_462,ffpp_test:43,1,neuraltextures,resize075_then_h264_crf30,0.9280805587768555,0.716685710279393
xception_deepfakebench,external,1,official,259,neuraltextures_faces_c23/462_467,ffpp_test:43,1,neuraltextures,resize075_then_h264_crf30,0.60614013671875,0.6470598131059322
xception_deepfakebench,external,1,official,260,original_faces_c23/314,ffpp_test:27,0,real,resize075_then_h264_crf30,0.9492416381835938,0.7209626397643865
xception_deepfakebench,external,1,official,261,original_faces_c23/347,ffpp_test:27,0,real,resize075_then_h264_crf30,-0.8854405879974365,0.2920516253689576
xception_deepfakebench,external,1,official,262,deepfakes_faces_c23/314_347,ffpp_test:27,1,deepfakes,resize075_then_h264_crf30,2.5293426513671875,0.9261734189745495
xception_deepfakebench,external,1,official,263,deepfakes_faces_c23/347_314,ffpp_test:27,1,deepfakes,resize075_then_h264_crf30,4.56024169921875,0.9896487387559798
xception_deepfakebench,external,1,official,264,face2face_faces_c23/314_347,ffpp_test:27,1,face2face,resize075_then_h264_crf30,2.773895263671875,0.941248763381026
xception_deepfakebench,external,1,official,265,face2face_faces_c23/347_314,ffpp_test:27,1,face2face,resize075_then_h264_crf30,2.2342453002929688,0.9032828763511938
xception_deepfakebench,external,1,official,266,faceswap_faces_c23/314_347,ffpp_test:27,1,faceswap,resize075_then_h264_crf30,1.169403076171875,0.7630371019913443
xception_deepfakebench,external,1,official,267,faceswap_faces_c23/347_314,ffpp_test:27,1,faceswap,resize075_then_h264_crf30,4.60296630859375,0.9900773820260539
xception_deepfakebench,external,1,official,268,neuraltextures_faces_c23/314_347,ffpp_test:27,1,neuraltextures,resize075_then_h264_crf30,1.4241142272949219,0.805982587313896
xception_deepfakebench,external,1,official,269,neuraltextures_faces_c23/347_314,ffpp_test:27,1,neuraltextures,resize075_then_h264_crf30,-0.7579288482666016,0.3190961044723086
xception_deepfakebench,external,1,official,270,original_faces_c23/741,ffpp_test:60,0,real,resize075_then_h264_crf30,-0.9598393440246582,0.2769103620314046
xception_deepfakebench,external,1,official,271,original_faces_c23/731,ffpp_test:60,0,real,resize075_then_h264_crf30,-1.2702441215515137,0.2192154653680155
xception_deepfakebench,external,1,official,272,deepfakes_faces_c23/741_731,ffpp_test:60,1,deepfakes,resize075_then_h264_crf30,1.0079574584960938,0.7326202303742757
xception_deepfakebench,external,1,official,273,deepfakes_faces_c23/731_741,ffpp_test:60,1,deepfakes,resize075_then_h264_crf30,2.395488739013672,0.9164826497957492
xception_deepfakebench,external,1,official,274,face2face_faces_c23/741_731,ffpp_test:60,1,face2face,resize075_then_h264_crf30,-1.4316987991333008,0.19283412964488977
xception_deepfakebench,external,1,official,275,face2face_faces_c23/731_741,ffpp_test:60,1,face2face,resize075_then_h264_crf30,2.2010440826416016,0.9003432306716641
xception_deepfakebench,external,1,official,276,faceswap_faces_c23/741_731,ffpp_test:60,1,faceswap,resize075_then_h264_crf30,0.1899566650390625,0.5473468815700461
xception_deepfakebench,external,1,official,277,faceswap_faces_c23/731_741,ffpp_test:60,1,faceswap,resize075_then_h264_crf30,0.8154826164245605,0.693276584462724
xception_deepfakebench,external,1,official,278,neuraltextures_faces_c23/741_731,ffpp_test:60,1,neuraltextures,resize075_then_h264_crf30,0.34867119789123535,0.5862953108225825
xception_deepfakebench,external,1,official,279,neuraltextures_faces_c23/731_741,ffpp_test:60,1,neuraltextures,resize075_then_h264_crf30,1.832244873046875,0.8620289379639424
xception_deepfakebench,external,1,official,280,original_faces_c23/970,ffpp_test:69,0,real,resize075_then_h264_crf30,-2.36749267578125,0.08568536775374387
xception_deepfakebench,external,1,official,281,original_faces_c23/973,ffpp_test:69,0,real,resize075_then_h264_crf30,-0.4299592971801758,0.3941360510676606
xception_deepfakebench,external,1,official,282,deepfakes_faces_c23/970_973,ffpp_test:69,1,deepfakes,resize075_then_h264_crf30,3.3037338256835938,0.9645566810143942
xception_deepfakebench,external,1,official,283,deepfakes_faces_c23/973_970,ffpp_test:69,1,deepfakes,resize075_then_h264_crf30,4.92578125,0.9927952309111313
xception_deepfakebench,external,1,official,284,face2face_faces_c23/970_973,ffpp_test:69,1,face2face,resize075_then_h264_crf30,3.1281661987304688,0.9580397367539498
xception_deepfakebench,external,1,official,285,face2face_faces_c23/973_970,ffpp_test:69,1,face2face,resize075_then_h264_crf30,2.433314323425293,0.9193326652443362
xception_deepfakebench,external,1,official,286,faceswap_faces_c23/970_973,ffpp_test:69,1,faceswap,resize075_then_h264_crf30,2.0475540161132812,0.885700232244027
xception_deepfakebench,external,1,official,287,faceswap_faces_c23/973_970,ffpp_test:69,1,faceswap,resize075_then_h264_crf30,2.8784189224243164,0.9467692379054843
xception_deepfakebench,external,1,official,288,neuraltextures_faces_c23/970_973,ffpp_test:69,1,neuraltextures,resize075_then_h264_crf30,0.7709808349609375,0.6837330298327737
xception_deepfakebench,external,1,official,289,neuraltextures_faces_c23/973_970,ffpp_test:69,1,neuraltextures,resize075_then_h264_crf30,1.4639301300048828,0.8121330420819528
xception_deepfakebench,external,1,official,290,original_faces_c23/634,ffpp_test:53,0,real,resize075_then_h264_crf30,-1.638397216796875,0.16268327156056686
xception_deepfakebench,external,1,official,291,original_faces_c23/660,ffpp_test:53,0,real,resize075_then_h264_crf30,-0.14970779418945312,0.4626427975244919
xception_deepfakebench,external,1,official,292,deepfakes_faces_c23/634_660,ffpp_test:53,1,deepfakes,resize075_then_h264_crf30,1.8142223358154297,0.8598714078371226
xception_deepfakebench,external,1,official,293,deepfakes_faces_c23/660_634,ffpp_test:53,1,deepfakes,resize075_then_h264_crf30,3.947357177734375,0.9810599934169826
xception_deepfakebench,external,1,official,294,face2face_faces_c23/634_660,ffpp_test:53,1,face2face,resize075_then_h264_crf30,-0.1853799819946289,0.45378727329846485
xception_deepfakebench,external,1,official,295,face2face_faces_c23/660_634,ffpp_test:53,1,face2face,resize075_then_h264_crf30,5.664154052734375,0.9965439056675961
xception_deepfakebench,external,1,official,296,faceswap_faces_c23/634_660,ffpp_test:53,1,faceswap,resize075_then_h264_crf30,0.8633599281311035,0.7033621612903758
xception_deepfakebench,external,1,official,297,faceswap_faces_c23/660_634,ffpp_test:53,1,faceswap,resize075_then_h264_crf30,2.6293277740478516,0.9327253803452737
xception_deepfakebench,external,1,official,298,neuraltextures_faces_c23/634_660,ffpp_test:53,1,neuraltextures,resize075_then_h264_crf30,-1.428971290588379,0.1932590196801797
xception_deepfakebench,external,1,official,299,neuraltextures_faces_c23/660_634,ffpp_test:53,1,neuraltextures,resize075_then_h264_crf30,1.6444549560546875,0.8381402128735208
xception_deepfakebench,external,1,official,300,original_faces_c23/494,ffpp_test:40,0,real,resize075_then_h264_crf30,-0.7631988525390625,0.3179521639599399
xception_deepfakebench,external,1,official,301,original_faces_c23/445,ffpp_test:40,0,real,resize075_then_h264_crf30,-0.4803009033203125,0.38218107381135674
xception_deepfakebench,external,1,official,302,deepfakes_faces_c23/494_445,ffpp_test:40,1,deepfakes,resize075_then_h264_crf30,1.7503852844238281,0.8520013910047962
xception_deepfakebench,external,1,official,303,deepfakes_faces_c23/445_494,ffpp_test:40,1,deepfakes,resize075_then_h264_crf30,2.53631591796875,0.9266488098616762
xception_deepfakebench,external,1,official,304,face2face_faces_c23/494_445,ffpp_test:40,1,face2face,resize075_then_h264_crf30,0.761444091796875,0.6816671796046329
xception_deepfakebench,external,1,official,305,face2face_faces_c23/445_494,ffpp_test:40,1,face2face,resize075_then_h264_crf30,2.1754302978515625,0.898021343811632
xception_deepfakebench,external,1,official,306,faceswap_faces_c23/494_445,ffpp_test:40,1,faceswap,resize075_then_h264_crf30,2.6282272338867188,0.9326562899350477
xception_deepfakebench,external,1,official,307,faceswap_faces_c23/445_494,ffpp_test:40,1,faceswap,resize075_then_h264_crf30,3.1518707275390625,0.9589823704263329
xception_deepfakebench,external,1,official,308,neuraltextures_faces_c23/494_445,ffpp_test:40,1,neuraltextures,resize075_then_h264_crf30,-0.25027406215667725,0.4377560442265238
xception_deepfakebench,external,1,official,309,neuraltextures_faces_c23/445_494,ffpp_test:40,1,neuraltextures,resize075_then_h264_crf30,1.2272758483886719,0.7733414284048167
xception_deepfakebench,external,1,official,310,original_faces_c23/706,ffpp_test:44,0,real,resize075_then_h264_crf30,0.42432141304016113,0.6045168622166269
xception_deepfakebench,external,1,official,311,original_faces_c23/479,ffpp_test:44,0,real,resize075_then_h264_crf30,-0.9530105590820312,0.2782797774495103
xception_deepfakebench,external,1,official,312,deepfakes_faces_c23/706_479,ffpp_test:44,1,deepfakes,resize075_then_h264_crf30,1.55926513671875,0.8262478795944134
xception_deepfakebench,external,1,official,313,deepfakes_faces_c23/479_706,ffpp_test:44,1,deepfakes,resize075_then_h264_crf30,4.84344482421875,0.9921817442778567
xception_deepfakebench,external,1,official,314,face2face_faces_c23/706_479,ffpp_test:44,1,face2face,resize075_then_h264_crf30,0.5790629386901855,0.6408517600494865
xception_deepfakebench,external,1,official,315,face2face_faces_c23/479_706,ffpp_test:44,1,face2face,resize075_then_h264_crf30,3.0611572265625,0.9552617790728201
xception_deepfakebench,external,1,official,316,faceswap_faces_c23/706_479,ffpp_test:44,1,faceswap,resize075_then_h264_crf30,1.2843780517578125,0.7831940960919195
xception_deepfakebench,external,1,official,317,faceswap_faces_c23/479_706,ffpp_test:44,1,faceswap,resize075_then_h264_crf30,1.2141655683517456,0.7710351683615798
xception_deepfakebench,external,1,official,318,neuraltextures_faces_c23/706_479,ffpp_test:44,1,neuraltextures,resize075_then_h264_crf30,0.06594252586364746,0.5164796601961669
xception_deepfakebench,external,1,official,319,neuraltextures_faces_c23/479_706,ffpp_test:44,1,neuraltextures,resize075_then_h264_crf30,1.1955108642578125,0.7677252287312547
xception_deepfakebench,external,1,official,320,original_faces_c23/186,ffpp_test:17,0,real,resize075_then_h264_crf30,0.41974151134490967,0.6034213941456202
xception_deepfakebench,external,1,official,321,original_faces_c23/170,ffpp_test:17,0,real,resize075_then_h264_crf30,-1.832740306854248,0.13791214816043765
xception_deepfakebench,external,1,official,322,deepfakes_faces_c23/186_170,ffpp_test:17,1,deepfakes,resize075_then_h264_crf30,0.8740291595458984,0.7055833900997057
xception_deepfakebench,external,1,official,323,deepfakes_faces_c23/170_186,ffpp_test:17,1,deepfakes,resize075_then_h264_crf30,4.04998779296875,0.9828757612289499
xception_deepfakebench,external,1,official,324,face2face_faces_c23/186_170,ffpp_test:17,1,face2face,resize075_then_h264_crf30,1.131744384765625,0.7561606754397597
xception_deepfakebench,external,1,official,325,face2face_faces_c23/170_186,ffpp_test:17,1,face2face,resize075_then_h264_crf30,3.9196243286132812,0.9805377476110462
xception_deepfakebench,external,1,official,326,faceswap_faces_c23/186_170,ffpp_test:17,1,faceswap,resize075_then_h264_crf30,1.6507716178894043,0.8389953095165228
xception_deepfakebench,external,1,official,327,faceswap_faces_c23/170_186,ffpp_test:17,1,faceswap,resize075_then_h264_crf30,1.3139781951904297,0.7881780904664774
xception_deepfakebench,external,1,official,328,neuraltextures_faces_c23/186_170,ffpp_test:17,1,neuraltextures,resize075_then_h264_crf30,0.2549571990966797,0.5633962580854242
xception_deepfakebench,external,1,official,329,neuraltextures_faces_c23/170_186,ffpp_test:17,1,neuraltextures,resize075_then_h264_crf30,0.03212261199951172,0.5080299625271847
xception_deepfakebench,external,1,official,330,original_faces_c23/176,ffpp_test:18,0,real,resize075_then_h264_crf30,-1.1572990417480469,0.23915840971036006
xception_deepfakebench,external,1,official,331,original_faces_c23/190,ffpp_test:18,0,real,resize075_then_h264_crf30,0.301912784576416,0.5749100461846149
xception_deepfakebench,external,1,official,332,deepfakes_faces_c23/176_190,ffpp_test:18,1,deepfakes,resize075_then_h264_crf30,6.4388427734375,0.9984042951892657
xception_deepfakebench,external,1,official,333,deepfakes_faces_c23/190_176,ffpp_test:18,1,deepfakes,resize075_then_h264_crf30,0.08481740951538086,0.5211916495203887
xception_deepfakebench,external,1,official,334,face2face_faces_c23/176_190,ffpp_test:18,1,face2face,resize075_then_h264_crf30,5.20416259765625,0.9945363663751593
xception_deepfakebench,external,1,official,335,face2face_faces_c23/190_176,ffpp_test:18,1,face2face,resize075_then_h264_crf30,4.19580078125,0.9851647207816365
xception_deepfakebench,external,1,official,336,faceswap_faces_c23/176_190,ffpp_test:18,1,faceswap,resize075_then_h264_crf30,4.59991455078125,0.9900473561868961
xception_deepfakebench,external,1,official,337,faceswap_faces_c23/190_176,ffpp_test:18,1,faceswap,resize075_then_h264_crf30,0.6674766540527344,0.6609379097756362
xception_deepfakebench,external,1,official,338,neuraltextures_faces_c23/176_190,ffpp_test:18,1,neuraltextures,resize075_then_h264_crf30,-0.3713759183883667,0.40820859306150237
xception_deepfakebench,external,1,official,339,neuraltextures_faces_c23/190_176,ffpp_test:18,1,neuraltextures,resize075_then_h264_crf30,0.8395289182662964,0.6983659914696428
xception_deepfakebench,external,1,official,340,original_faces_c23/380,ffpp_test:29,0,real,resize075_then_h264_crf30,-0.9468116760253906,0.27952647149476734
xception_deepfakebench,external,1,official,341,original_faces_c23/358,ffpp_test:29,0,real,resize075_then_h264_crf30,-0.8158168792724609,0.30665234108657
xception_deepfakebench,external,1,official,342,deepfakes_faces_c23/380_358,ffpp_test:29,1,deepfakes,resize075_then_h264_crf30,2.2108383178710938,0.901218582043907
xception_deepfakebench,external,1,official,343,deepfakes_faces_c23/358_380,ffpp_test:29,1,deepfakes,resize075_then_h264_crf30,0.5255379676818848,0.6284418138792295
xception_deepfakebench,external,1,official,344,face2face_faces_c23/380_358,ffpp_test:29,1,face2face,resize075_then_h264_crf30,2.0163345336914062,0.8825014598412974
xception_deepfakebench,external,1,official,345,face2face_faces_c23/358_380,ffpp_test:29,1,face2face,resize075_then_h264_crf30,1.2032947540283203,0.7691103833005322
xception_deepfakebench,external,1,official,346,faceswap_faces_c23/380_358,ffpp_test:29,1,faceswap,resize075_then_h264_crf30,0.9717788696289062,0.725473922214098
xception_deepfakebench,external,1,official,347,faceswap_faces_c23/358_380,ffpp_test:29,1,faceswap,resize075_then_h264_crf30,1.3000593185424805,0.7858449660868535
xception_deepfakebench,external,1,official,348,neuraltextures_faces_c23/380_358,ffpp_test:29,1,neuraltextures,resize075_then_h264_crf30,2.2501983642578125,0.9046676442206459
xception_deepfakebench,external,1,official,349,neuraltextures_faces_c23/358_380,ffpp_test:29,1,neuraltextures,resize075_then_h264_crf30,0.10661506652832031,0.526628548022179
xception_deepfakebench,external,1,official,350,original_faces_c23/214,ffpp_test:19,0,real,resize075_then_h264_crf30,-2.3198909759521484,0.08948894228861909
xception_deepfakebench,external,1,official,351,original_faces_c23/255,ffpp_test:19,0,real,resize075_then_h264_crf30,0.16536521911621094,0.5412473529309803
xception_deepfakebench,external,1,official,352,deepfakes_faces_c23/214_255,ffpp_test:19,1,deepfakes,resize075_then_h264_crf30,5.29254150390625,0.9949962010437016
xception_deepfakebench,external,1,official,353,deepfakes_faces_c23/255_214,ffpp_test:19,1,deepfakes,resize075_then_h264_crf30,-0.2288980484008789,0.4430240389813947
xception_deepfakebench,external,1,official,354,face2face_faces_c23/214_255,ffpp_test:19,1,face2face,resize075_then_h264_crf30,-0.3556480407714844,0.4120134592707742
xception_deepfakebench,external,1,official,355,face2face_faces_c23/255_214,ffpp_test:19,1,face2face,resize075_then_h264_crf30,3.7890844345092773,0.9778838855803476
xception_deepfakebench,external,1,official,356,faceswap_faces_c23/214_255,ffpp_test:19,1,faceswap,resize075_then_h264_crf30,3.083648681640625,0.9562132076620743
xception_deepfakebench,external,1,official,357,faceswap_faces_c23/255_214,ffpp_test:19,1,faceswap,resize075_then_h264_crf30,2.9855422973632812,0.9519166858053679
xception_deepfakebench,external,1,official,358,neuraltextures_faces_c23/214_255,ffpp_test:19,1,neuraltextures,resize075_then_h264_crf30,-0.5238089561462402,0.3719620045617882
xception_deepfakebench,external,1,official,359,neuraltextures_faces_c23/255_214,ffpp_test:19,1,neuraltextures,resize075_then_h264_crf30,0.9148530960083008,0.7139922288490573
xception_deepfakebench,external,1,official,360,original_faces_c23/454,ffpp_test:42,0,real,resize075_then_h264_crf30,0.5996131896972656,0.6455678051393154
xception_deepfakebench,external,1,official,361,original_faces_c23/527,ffpp_test:42,0,real,resize075_then_h264_crf30,-1.4133758544921875,0.19570214145889694
xception_deepfakebench,external,1,official,362,deepfakes_faces_c23/454_527,ffpp_test:42,1,deepfakes,resize075_then_h264_crf30,6.919189453125,0.9990123454782402
xception_deepfakebench,external,1,official,363,deepfakes_faces_c23/527_454,ffpp_test:42,1,deepfakes,resize075_then_h264_crf30,5.02679443359375,0.9934829458100523
xception_deepfakebench,external,1,official,364,face2face_faces_c23/454_527,ffpp_test:42,1,face2face,resize075_then_h264_crf30,5.74249267578125,0.9968034855907796
xception_deepfakebench,external,1,official,365,face2face_faces_c23/527_454,ffpp_test:42,1,face2face,resize075_then_h264_crf30,1.2462215423583984,0.7766451068192537
xception_deepfakebench,external,1,official,366,faceswap_faces_c23/454_527,ffpp_test:42,1,faceswap,resize075_then_h264_crf30,4.9027099609375,0.9926283148664351
xception_deepfakebench,external,1,official,367,faceswap_faces_c23/527_454,ffpp_test:42,1,faceswap,resize075_then_h264_crf30,3.2116737365722656,0.961271224969117
xception_deepfakebench,external,1,official,368,neuraltextures_faces_c23/454_527,ffpp_test:42,1,neuraltextures,resize075_then_h264_crf30,2.179677963256836,0.8984096836685753
xception_deepfakebench,external,1,official,369,neuraltextures_faces_c23/527_454,ffpp_test:42,1,neuraltextures,resize075_then_h264_crf30,-0.016353726387023926,0.4959116595198071
xception_deepfakebench,external,1,official,370,original_faces_c23/425,ffpp_test:39,0,real,resize075_then_h264_crf30,-1.7675762176513672,0.1458440089608782
xception_deepfakebench,external,1,official,371,original_faces_c23/485,ffpp_test:39,0,real,resize075_then_h264_crf30,-1.9835968017578125,0.12093593868457157
xception_deepfakebench,external,1,official,372,deepfakes_faces_c23/425_485,ffpp_test:39,1,deepfakes,resize075_then_h264_crf30,1.883087158203125,0.8679653215597652
xception_deepfakebench,external,1,official,373,deepfakes_faces_c23/485_425,ffpp_test:39,1,deepfakes,resize075_then_h264_crf30,0.6703295707702637,0.6615769516835912
xception_deepfakebench,external,1,official,374,face2face_faces_c23/425_485,ffpp_test:39,1,face2face,resize075_then_h264_crf30,-0.05528879165649414,0.4861813220425796
xception_deepfakebench,external,1,official,375,face2face_faces_c23/485_425,ffpp_test:39,1,face2face,resize075_then_h264_crf30,1.128286361694336,0.7555225145852925
xception_deepfakebench,external,1,official,376,faceswap_faces_c23/425_485,ffpp_test:39,1,faceswap,resize075_then_h264_crf30,3.2618255615234375,0.9630957303225508
xception_deepfakebench,external,1,official,377,faceswap_faces_c23/485_425,ffpp_test:39,1,faceswap,resize075_then_h264_crf30,1.7375030517578125,0.8503696288461832
xception_deepfakebench,external,1,official,378,neuraltextures_faces_c23/425_485,ffpp_test:39,1,neuraltextures,resize075_then_h264_crf30,0.5989360809326172,0.6454128606070997
xception_deepfakebench,external,1,official,379,neuraltextures_faces_c23/485_425,ffpp_test:39,1,neuraltextures,resize075_then_h264_crf30,0.5312938690185547,0.6297848357829927
xception_deepfakebench,external,1,official,380,original_faces_c23/388,ffpp_test:26,0,real,resize075_then_h264_crf30,0.701019287109375,0.6684137224873027
xception_deepfakebench,external,1,official,381,original_faces_c23/308,ffpp_test:26,0,real,resize075_then_h264_crf30,-0.7347707748413086,0.3241486880529847
xception_deepfakebench,external,1,official,382,deepfakes_faces_c23/388_308,ffpp_test:26,1,deepfakes,resize075_then_h264_crf30,1.0159013271331787,0.7341734591642614
xception_deepfakebench,external,1,official,383,deepfakes_faces_c23/308_388,ffpp_test:26,1,deepfakes,resize075_then_h264_crf30,4.346435546875,0.9872127318121593
xception_deepfakebench,external,1,official,384,face2face_faces_c23/388_308,ffpp_test:26,1,face2face,resize075_then_h264_crf30,3.357666015625,0.9663549743387182
xception_deepfakebench,external,1,official,385,face2face_faces_c23/308_388,ffpp_test:26,1,face2face,resize075_then_h264_crf30,1.233367919921875,0.7744074953668525
xception_deepfakebench,external,1,official,386,faceswap_faces_c23/388_308,ffpp_test:26,1,faceswap,resize075_then_h264_crf30,3.1888580322265625,0.9604128256207389
xception_deepfakebench,external,1,official,387,faceswap_faces_c23/308_388,ffpp_test:26,1,faceswap,resize075_then_h264_crf30,3.0028610229492188,0.952703211053157
xception_deepfakebench,external,1,official,388,neuraltextures_faces_c23/388_308,ffpp_test:26,1,neuraltextures,resize075_then_h264_crf30,4.1781005859375,0.9849037951087836
xception_deepfakebench,external,1,official,389,neuraltextures_faces_c23/308_388,ffpp_test:26,1,neuraltextures,resize075_then_h264_crf30,0.42511463165283203,0.6047064861978847
xception_deepfakebench,external,1,official,390,original_faces_c23/384,ffpp_test:32,0,real,resize075_then_h264_crf30,-0.8175344467163086,0.30628727891656804
xception_deepfakebench,external,1,official,391,original_faces_c23/932,ffpp_test:32,0,real,resize075_then_h264_crf30,0.7938950061798096,0.6886670514652228
xception_deepfakebench,external,1,official,392,deepfakes_faces_c23/384_932,ffpp_test:32,1,deepfakes,resize075_then_h264_crf30,4.788116455078125,0.9917406558603428
xception_deepfakebench,external,1,official,393,deepfakes_faces_c23/932_384,ffpp_test:32,1,deepfakes,resize075_then_h264_crf30,4.03369140625,0.9825993074240457
xception_deepfakebench,external,1,official,394,face2face_faces_c23/384_932,ffpp_test:32,1,face2face,resize075_then_h264_crf30,3.1182403564453125,0.9576389027961606
xception_deepfakebench,external,1,official,395,face2face_faces_c23/932_384,ffpp_test:32,1,face2face,resize075_then_h264_crf30,2.2108688354492188,0.9012212987968184
xception_deepfakebench,external,1,official,396,faceswap_faces_c23/384_932,ffpp_test:32,1,faceswap,resize075_then_h264_crf30,4.863525390625,0.992335982292497
xception_deepfakebench,external,1,official,397,faceswap_faces_c23/932_384,ffpp_test:32,1,faceswap,resize075_then_h264_crf30,3.7617034912109375,0.9772839049317401
xception_deepfakebench,external,1,official,398,neuraltextures_faces_c23/384_932,ffpp_test:32,1,neuraltextures,resize075_then_h264_crf30,2.4308087825775146,0.9191466587133692
xception_deepfakebench,external,1,official,399,neuraltextures_faces_c23/932_384,ffpp_test:32,1,neuraltextures,resize075_then_h264_crf30,1.749267578125,0.8518603983492241
xception_deepfakebench,external,1,official,400,original_faces_c23/035,ffpp_test:5,0,real,resize075_then_h264_crf30,1.3417282104492188,0.7927740013579904
xception_deepfakebench,external,1,official,401,original_faces_c23/036,ffpp_test:5,0,real,resize075_then_h264_crf30,-0.4289417266845703,0.39437906575780024
xception_deepfakebench,external,1,official,402,deepfakes_faces_c23/035_036,ffpp_test:5,1,deepfakes,resize075_then_h264_crf30,2.0579395294189453,0.8867474090365499
xception_deepfakebench,external,1,official,403,deepfakes_faces_c23/036_035,ffpp_test:5,1,deepfakes,resize075_then_h264_crf30,1.3173065185546875,0.7887332323523378
xception_deepfakebench,external,1,official,404,face2face_faces_c23/035_036,ffpp_test:5,1,face2face,resize075_then_h264_crf30,1.4546542167663574,0.8107136892026324
xception_deepfakebench,external,1,official,405,face2face_faces_c23/036_035,ffpp_test:5,1,face2face,resize075_then_h264_crf30,2.8548431396484375,0.9455684915659449
xception_deepfakebench,external,1,official,406,faceswap_faces_c23/035_036,ffpp_test:5,1,faceswap,resize075_then_h264_crf30,0.934504508972168,0.7179882584428767
xception_deepfakebench,external,1,official,407,faceswap_faces_c23/036_035,ffpp_test:5,1,faceswap,resize075_then_h264_crf30,0.4136924743652344,0.6019729335680865
xception_deepfakebench,external,1,official,408,neuraltextures_faces_c23/035_036,ffpp_test:5,1,neuraltextures,resize075_then_h264_crf30,-0.7897310256958008,0.3122264263336548
xception_deepfakebench,external,1,official,409,neuraltextures_faces_c23/036_035,ffpp_test:5,1,neuraltextures,resize075_then_h264_crf30,0.7958526611328125,0.6890866268715855
xception_deepfakebench,external,1,official,410,original_faces_c23/257,ffpp_test:23,0,real,resize075_then_h264_crf30,2.2200927734375,0.9020393938704748
xception_deepfakebench,external,1,official,411,original_faces_c23/420,ffpp_test:23,0,real,resize075_then_h264_crf30,-0.254392147064209,0.43674273890571846
xception_deepfakebench,external,1,official,412,deepfakes_faces_c23/257_420,ffpp_test:23,1,deepfakes,resize075_then_h264_crf30,2.5120391845703125,0.9249815136730003
xception_deepfakebench,external,1,official,413,deepfakes_faces_c23/420_257,ffpp_test:23,1,deepfakes,resize075_then_h264_crf30,0.8689489364624023,0.7045269464835819
xception_deepfakebench,external,1,official,414,face2face_faces_c23/257_420,ffpp_test:23,1,face2face,resize075_then_h264_crf30,3.5928421020507812,0.9732170620632025
xception_deepfakebench,external,1,official,415,face2face_faces_c23/420_257,ffpp_test:23,1,face2face,resize075_then_h264_crf30,0.03234744071960449,0.5080861551085001
xception_deepfakebench,external,1,official,416,faceswap_faces_c23/257_420,ffpp_test:23,1,faceswap,resize075_then_h264_crf30,3.0331802368164062,0.9540507892917904
xception_deepfakebench,external,1,official,417,faceswap_faces_c23/420_257,ffpp_test:23,1,faceswap,resize075_then_h264_crf30,2.0010223388671875,0.8809043752204919
xception_deepfakebench,external,1,official,418,neuraltextures_faces_c23/257_420,ffpp_test:23,1,neuraltextures,resize075_then_h264_crf30,1.2323613166809082,0.774231592677797
xception_deepfakebench,external,1,official,419,neuraltextures_faces_c23/420_257,ffpp_test:23,1,neuraltextures,resize075_then_h264_crf30,-0.01569187641143799,0.49607711139284505
xception_deepfakebench,external,1,official,420,original_faces_c23/924,ffpp_test:67,0,real,resize075_then_h264_crf30,-0.7524318695068359,0.3202916396887471
xception_deepfakebench,external,1,official,421,original_faces_c23/917,ffpp_test:67,0,real,resize075_then_h264_crf30,0.35602378845214844,0.5880775657389427
xception_deepfakebench,external,1,official,422,deepfakes_faces_c23/924_917,ffpp_test:67,1,deepfakes,resize075_then_h264_crf30,6.72637939453125,0.9988025698283994
xception_deepfakebench,external,1,official,423,deepfakes_faces_c23/917_924,ffpp_test:67,1,deepfakes,resize075_then_h264_crf30,4.2030487060546875,0.9852702789558294
xception_deepfakebench,external,1,official,424,face2face_faces_c23/924_917,ffpp_test:67,1,face2face,resize075_then_h264_crf30,5.9852294921875,0.9974906762127479
xception_deepfakebench,external,1,official,425,face2face_faces_c23/917_924,ffpp_test:67,1,face2face,resize075_then_h264_crf30,3.19561767578125,0.9606690291325689
xception_deepfakebench,external,1,official,426,faceswap_faces_c23/924_917,ffpp_test:67,1,faceswap,resize075_then_h264_crf30,3.576934814453125,0.9727992928841224
xception_deepfakebench,external,1,official,427,faceswap_faces_c23/917_924,ffpp_test:67,1,faceswap,resize075_then_h264_crf30,1.5643653869628906,0.8269788654520153
xception_deepfakebench,external,1,official,428,neuraltextures_faces_c23/924_917,ffpp_test:67,1,neuraltextures,resize075_then_h264_crf30,3.1858978271484375,0.9603001250156477
xception_deepfakebench,external,1,official,429,neuraltextures_faces_c23/917_924,ffpp_test:67,1,neuraltextures,resize075_then_h264_crf30,3.9256591796875,0.9806525801693946
xception_deepfakebench,external,1,official,430,original_faces_c23/114,ffpp_test:9,0,real,resize075_then_h264_crf30,-0.7054386138916016,0.3306075220430941
xception_deepfakebench,external,1,official,431,original_faces_c23/102,ffpp_test:9,0,real,resize075_then_h264_crf30,-2.7558555603027344,0.059756800732385054
xception_deepfakebench,external,1,official,432,deepfakes_faces_c23/114_102,ffpp_test:9,1,deepfakes,resize075_then_h264_crf30,0.35356807708740234,0.5874825600690627
xception_deepfakebench,external,1,official,433,deepfakes_faces_c23/102_114,ffpp_test:9,1,deepfakes,resize075_then_h264_crf30,4.9422607421875,0.9929121542358784
xception_deepfakebench,external,1,official,434,face2face_faces_c23/114_102,ffpp_test:9,1,face2face,resize075_then_h264_crf30,4.3680419921875,0.9874826345134792
xception_deepfakebench,external,1,official,435,face2face_faces_c23/102_114,ffpp_test:9,1,face2face,resize075_then_h264_crf30,0.8967437744140625,0.7102798879001814
xception_deepfakebench,external,1,official,436,faceswap_faces_c23/114_102,ffpp_test:9,1,faceswap,resize075_then_h264_crf30,2.9954986572265625,0.9523703564163998
xception_deepfakebench,external,1,official,437,faceswap_faces_c23/102_114,ffpp_test:9,1,faceswap,resize075_then_h264_crf30,1.9265214204788208,0.8728638935838005
xception_deepfakebench,external,1,official,438,neuraltextures_faces_c23/114_102,ffpp_test:9,1,neuraltextures,resize075_then_h264_crf30,1.9713115692138672,0.8777519188697617
xception_deepfakebench,external,1,official,439,neuraltextures_faces_c23/102_114,ffpp_test:9,1,neuraltextures,resize075_then_h264_crf30,1.285125732421875,0.7833210262121327
xception_deepfakebench,external,1,official,440,original_faces_c23/732,ffpp_test:56,0,real,resize075_then_h264_crf30,-0.4176979064941406,0.39706775191270655
xception_deepfakebench,external,1,official,441,original_faces_c23/691,ffpp_test:56,0,real,resize075_then_h264_crf30,-1.0036592483520508,0.2682225780619395
xception_deepfakebench,external,1,official,442,deepfakes_faces_c23/732_691,ffpp_test:56,1,deepfakes,resize075_then_h264_crf30,0.4256463050842285,0.6048335685039598
xception_deepfakebench,external,1,official,443,deepfakes_faces_c23/691_732,ffpp_test:56,1,deepfakes,resize075_then_h264_crf30,4.4918212890625,0.9889238292473533
xception_deepfakebench,external,1,official,444,face2face_faces_c23/732_691,ffpp_test:56,1,face2face,resize075_then_h264_crf30,6.429931640625,0.9983900351023235
xception_deepfakebench,external,1,official,445,face2face_faces_c23/691_732,ffpp_test:56,1,face2face,resize075_then_h264_crf30,1.6052627563476562,0.8327526432298216
xception_deepfakebench,external,1,official,446,faceswap_faces_c23/732_691,ffpp_test:56,1,faceswap,resize075_then_h264_crf30,2.13875675201416,0.8946134542739527
xception_deepfakebench,external,1,official,447,faceswap_faces_c23/691_732,ffpp_test:56,1,faceswap,resize075_then_h264_crf30,2.0399208068847656,0.8849252037604414
xception_deepfakebench,external,1,official,448,neuraltextures_faces_c23/732_691,ffpp_test:56,1,neuraltextures,resize075_then_h264_crf30,0.5582780838012695,0.6360540285630595
xception_deepfakebench,external,1,official,449,neuraltextures_faces_c23/691_732,ffpp_test:56,1,neuraltextures,resize075_then_h264_crf30,1.527008056640625,0.821568135370173
xception_deepfakebench,external,1,official,450,original_faces_c23/550,ffpp_test:41,0,real,resize075_then_h264_crf30,0.07884955406188965,0.519702181787007
xception_deepfakebench,external,1,official,451,original_faces_c23/452,ffpp_test:41,0,real,resize075_then_h264_crf30,2.6607894897460938,0.9346728889534393
xception_deepfakebench,external,1,official,452,deepfakes_faces_c23/550_452,ffpp_test:41,1,deepfakes,resize075_then_h264_crf30,5.8044891357421875,0.996995062761398
xception_deepfakebench,external,1,official,453,deepfakes_faces_c23/452_550,ffpp_test:41,1,deepfakes,resize075_then_h264_crf30,3.026123046875,0.9537404238177498
xception_deepfakebench,external,1,official,454,face2face_faces_c23/550_452,ffpp_test:41,1,face2face,resize075_then_h264_crf30,2.660980224609375,0.9346845341594269
xception_deepfakebench,external,1,official,455,face2face_faces_c23/452_550,ffpp_test:41,1,face2face,resize075_then_h264_crf30,5.46356201171875,0.9957794570005213
xception_deepfakebench,external,1,official,456,faceswap_faces_c23/550_452,ffpp_test:41,1,faceswap,resize075_then_h264_crf30,3.797119140625,0.9780569865250397
xception_deepfakebench,external,1,official,457,faceswap_faces_c23/452_550,ffpp_test:41,1,faceswap,resize075_then_h264_crf30,3.492584228515625,0.9704760300173447
xception_deepfakebench,external,1,official,458,neuraltextures_faces_c23/550_452,ffpp_test:41,1,neuraltextures,resize075_then_h264_crf30,1.6458473205566406,0.8383290137870371
xception_deepfakebench,external,1,official,459,neuraltextures_faces_c23/452_550,ffpp_test:41,1,neuraltextures,resize075_then_h264_crf30,4.23077392578125,0.985667281522315
xception_deepfakebench,external,1,official,460,original_faces_c23/280,ffpp_test:22,0,real,resize075_then_h264_crf30,-0.9068279266357422,0.28764937989262784
xception_deepfakebench,external,1,official,461,original_faces_c23/249,ffpp_test:22,0,real,resize075_then_h264_crf30,-2.316802978515625,0.08974087355558916
xception_deepfakebench,external,1,official,462,deepfakes_faces_c23/280_249,ffpp_test:22,1,deepfakes,resize075_then_h264_crf30,-0.3145003318786621,0.42201664071071304
xception_deepfakebench,external,1,official,463,deepfakes_faces_c23/249_280,ffpp_test:22,1,deepfakes,resize075_then_h264_crf30,3.928314208984375,0.9807028900658896
xception_deepfakebench,external,1,official,464,face2face_faces_c23/280_249,ffpp_test:22,1,face2face,resize075_then_h264_crf30,0.8016910552978516,0.690336097994922
xception_deepfakebench,external,1,official,465,face2face_faces_c23/249_280,ffpp_test:22,1,face2face,resize075_then_h264_crf30,2.2190513610839844,0.9019473316328949
xception_deepfakebench,external,1,official,466,faceswap_faces_c23/280_249,ffpp_test:22,1,faceswap,resize075_then_h264_crf30,0.9998626708984375,0.7310315772331156
xception_deepfakebench,external,1,official,467,faceswap_faces_c23/249_280,ffpp_test:22,1,faceswap,resize075_then_h264_crf30,3.715484619140625,0.9762348884782946
xception_deepfakebench,external,1,official,468,neuraltextures_faces_c23/280_249,ffpp_test:22,1,neuraltextures,resize075_then_h264_crf30,-0.9355132579803467,0.2818075338506342
xception_deepfakebench,external,1,official,469,neuraltextures_faces_c23/249_280,ffpp_test:22,1,neuraltextures,resize075_then_h264_crf30,0.26767897605895996,0.5665230084808892
xception_deepfakebench,external,1,official,470,original_faces_c23/842,ffpp_test:58,0,real,resize075_then_h264_crf30,-1.5548858642578125,0.1743817174415688
xception_deepfakebench,external,1,official,471,original_faces_c23/714,ffpp_test:58,0,real,resize075_then_h264_crf30,-1.8674774169921875,0.13383387632083826
xception_deepfakebench,external,1,official,472,deepfakes_faces_c23/842_714,ffpp_test:58,1,deepfakes,resize075_then_h264_crf30,1.256387710571289,0.7784036455536845
xception_deepfakebench,external,1,official,473,deepfakes_faces_c23/714_842,ffpp_test:58,1,deepfakes,resize075_then_h264_crf30,4.789218902587891,0.9917496812545732
xception_deepfakebench,external,1,official,474,face2face_faces_c23/842_714,ffpp_test:58,1,face2face,resize075_then_h264_crf30,3.2253570556640625,0.961777436335714
xception_deepfakebench,external,1,official,475,face2face_faces_c23/714_842,ffpp_test:58,1,face2face,resize075_then_h264_crf30,2.8248519897460938,0.9440040975768189
xception_deepfakebench,external,1,official,476,faceswap_faces_c23/842_714,ffpp_test:58,1,faceswap,resize075_then_h264_crf30,0.06266069412231445,0.5156600499463339
xception_deepfakebench,external,1,official,477,faceswap_faces_c23/714_842,ffpp_test:58,1,faceswap,resize075_then_h264_crf30,1.8625192642211914,0.8655903186609933
xception_deepfakebench,external,1,official,478,neuraltextures_faces_c23/842_714,ffpp_test:58,1,neuraltextures,resize075_then_h264_crf30,-0.7087860107421875,0.3298671429089479
xception_deepfakebench,external,1,official,479,neuraltextures_faces_c23/714_842,ffpp_test:58,1,neuraltextures,resize075_then_h264_crf30,1.4019489288330078,0.8024929720028153
xception_deepfakebench,external,1,official,480,original_faces_c23/625,ffpp_test:52,0,real,resize075_then_h264_crf30,1.0782127380371094,0.74615561162445
xception_deepfakebench,external,1,official,481,original_faces_c23/650,ffpp_test:52,0,real,resize075_then_h264_crf30,-1.451857089996338,0.18971592258736175
xception_deepfakebench,external,1,official,482,deepfakes_faces_c23/625_650,ffpp_test:52,1,deepfakes,resize075_then_h264_crf30,6.637939453125,0.9986919899197937
xception_deepfakebench,external,1,official,483,deepfakes_faces_c23/650_625,ffpp_test:52,1,deepfakes,resize075_then_h264_crf30,2.82855224609375,0.9441993734172428
xception_deepfakebench,external,1,official,484,face2face_faces_c23/625_650,ffpp_test:52,1,face2face,resize075_then_h264_crf30,3.728055953979492,0.9765248080674462
xception_deepfakebench,external,1,official,485,face2face_faces_c23/650_625,ffpp_test:52,1,face2face,resize075_then_h264_crf30,0.6889190673828125,0.6657264247865103
xception_deepfakebench,external,1,official,486,faceswap_faces_c23/625_650,ffpp_test:52,1,faceswap,resize075_then_h264_crf30,2.3202285766601562,0.9105385618317422
xception_deepfakebench,external,1,official,487,faceswap_faces_c23/650_625,ffpp_test:52,1,faceswap,resize075_then_h264_crf30,2.591747283935547,0.9303285566005867
xception_deepfakebench,external,1,official,488,neuraltextures_faces_c23/625_650,ffpp_test:52,1,neuraltextures,resize075_then_h264_crf30,3.311187744140625,0.9648106282603741
xception_deepfakebench,external,1,official,489,neuraltextures_faces_c23/650_625,ffpp_test:52,1,neuraltextures,resize075_then_h264_crf30,-0.7536585330963135,0.3200246478978491
xception_deepfakebench,external,1,official,490,original_faces_c23/024,ffpp_test:3,0,real,resize075_then_h264_crf30,0.531722903251648,0.6298848620729842
xception_deepfakebench,external,1,official,491,original_faces_c23/073,ffpp_test:3,0,real,resize075_then_h264_crf30,-1.75811767578125,0.14702624438564582
xception_deepfakebench,external,1,official,492,deepfakes_faces_c23/024_073,ffpp_test:3,1,deepfakes,resize075_then_h264_crf30,1.0530033111572266,0.7413512001899136
xception_deepfakebench,external,1,official,493,deepfakes_faces_c23/073_024,ffpp_test:3,1,deepfakes,resize075_then_h264_crf30,3.026280403137207,0.9537473658218035
xception_deepfakebench,external,1,official,494,face2face_faces_c23/024_073,ffpp_test:3,1,face2face,resize075_then_h264_crf30,2.062885284423828,0.887243144380527
xception_deepfakebench,external,1,official,495,face2face_faces_c23/073_024,ffpp_test:3,1,face2face,resize075_then_h264_crf30,0.8730807304382324,0.7053863293251444
xception_deepfakebench,external,1,official,496,faceswap_faces_c23/024_073,ffpp_test:3,1,faceswap,resize075_then_h264_crf30,3.381521224975586,0.967122010021649
xception_deepfakebench,external,1,official,497,faceswap_faces_c23/073_024,ffpp_test:3,1,faceswap,resize075_then_h264_crf30,4.7708740234375,0.9915982167218365
xception_deepfakebench,external,1,official,498,neuraltextures_faces_c23/024_073,ffpp_test:3,1,neuraltextures,resize075_then_h264_crf30,2.172607421875,0.8977625370103377
xception_deepfakebench,external,1,official,499,neuraltextures_faces_c23/073_024,ffpp_test:3,1,neuraltextures,resize075_then_h264_crf30,-0.3874562978744507,0.4043297948832347
xception_deepfakebench,external,1,official,500,original_faces_c23/044,ffpp_test:6,0,real,resize075_then_h264_crf30,-0.6081657409667969,0.3524777306587489
xception_deepfakebench,external,1,official,501,original_faces_c23/945,ffpp_test:6,0,real,resize075_then_h264_crf30,2.70220947265625,0.9371568940479615
xception_deepfakebench,external,1,official,502,deepfakes_faces_c23/044_945,ffpp_test:6,1,deepfakes,resize075_then_h264_crf30,5.46826171875,0.9957991626495378
xception_deepfakebench,external,1,official,503,deepfakes_faces_c23/945_044,ffpp_test:6,1,deepfakes,resize075_then_h264_crf30,5.5631103515625,0.9961778410034449
xception_deepfakebench,external,1,official,504,face2face_faces_c23/044_945,ffpp_test:6,1,face2face,resize075_then_h264_crf30,1.8705549240112305,0.8665224737415131
xception_deepfakebench,external,1,official,505,face2face_faces_c23/945_044,ffpp_test:6,1,face2face,resize075_then_h264_crf30,4.99530029296875,0.9932758326106126
xception_deepfakebench,external,1,official,506,faceswap_faces_c23/044_945,ffpp_test:6,1,faceswap,resize075_then_h264_crf30,3.636260986328125,0.9743258459853941
xception_deepfakebench,external,1,official,507,faceswap_faces_c23/945_044,ffpp_test:6,1,faceswap,resize075_then_h264_crf30,4.3431396484375,0.9871710583194835
xception_deepfakebench,external,1,official,508,neuraltextures_faces_c23/044_945,ffpp_test:6,1,neuraltextures,resize075_then_h264_crf30,0.8534998893737793,0.7013008083872683
xception_deepfakebench,external,1,official,509,neuraltextures_faces_c23/945_044,ffpp_test:6,1,neuraltextures,resize075_then_h264_crf30,3.581085205078125,0.9729089004188771
xception_deepfakebench,external,1,official,510,original_faces_c23/896,ffpp_test:10,0,real,resize075_then_h264_crf30,2.1976394653320312,0.900037333723362
xception_deepfakebench,external,1,official,511,original_faces_c23/128,ffpp_test:10,0,real,resize075_then_h264_crf30,-1.5841245651245117,0.17021213593098258
xception_deepfakebench,external,1,official,512,deepfakes_faces_c23/896_128,ffpp_test:10,1,deepfakes,resize075_then_h264_crf30,2.112762451171875,0.8921374471056485
xception_deepfakebench,external,1,official,513,deepfakes_faces_c23/128_896,ffpp_test:10,1,deepfakes,resize075_then_h264_crf30,4.95745849609375,0.9930183127798111
xception_deepfakebench,external,1,official,514,face2face_faces_c23/896_128,ffpp_test:10,1,face2face,resize075_then_h264_crf30,4.090972900390625,0.9835521016077087
xception_deepfakebench,external,1,official,515,face2face_faces_c23/128_896,ffpp_test:10,1,face2face,resize075_then_h264_crf30,2.308349609375,0.9095661932667692
xception_deepfakebench,external,1,official,516,faceswap_faces_c23/896_128,ffpp_test:10,1,faceswap,resize075_then_h264_crf30,4.096954345703125,0.9836485862777601
xception_deepfakebench,external,1,official,517,faceswap_faces_c23/128_896,ffpp_test:10,1,faceswap,resize075_then_h264_crf30,4.71893310546875,0.9911542504390686
xception_deepfakebench,external,1,official,518,neuraltextures_faces_c23/896_128,ffpp_test:10,1,neuraltextures,resize075_then_h264_crf30,3.9672927856445312,0.9814268917953699
xception_deepfakebench,external,1,official,519,neuraltextures_faces_c23/128_896,ffpp_test:10,1,neuraltextures,resize075_then_h264_crf30,-0.0739448070526123,0.48152221692464364
xception_deepfakebench,external,1,official,520,original_faces_c23/862,ffpp_test:7,0,real,resize075_then_h264_crf30,-1.1102180480957031,0.2478302398901436
xception_deepfakebench,external,1,official,521,original_faces_c23/047,ffpp_test:7,0,real,resize075_then_h264_crf30,2.3500099182128906,0.9129350159088623
xception_deepfakebench,external,1,official,522,deepfakes_faces_c23/862_047,ffpp_test:7,1,deepfakes,resize075_then_h264_crf30,6.19482421875,0.997964191216853
xception_deepfakebench,external,1,official,523,deepfakes_faces_c23/047_862,ffpp_test:7,1,deepfakes,resize075_then_h264_crf30,1.8580763339996338,0.8650725715151864
xception_deepfakebench,external,1,official,524,face2face_faces_c23/862_047,ffpp_test:7,1,face2face,resize075_then_h264_crf30,2.2949466705322266,0.9084576587998985
xception_deepfakebench,external,1,official,525,face2face_faces_c23/047_862,ffpp_test:7,1,face2face,resize075_then_h264_crf30,4.1405029296875,0.9843344690604956
xception_deepfakebench,external,1,official,526,faceswap_faces_c23/862_047,ffpp_test:7,1,faceswap,resize075_then_h264_crf30,3.11968994140625,0.957697668584942
xception_deepfakebench,external,1,official,527,faceswap_faces_c23/047_862,ffpp_test:7,1,faceswap,resize075_then_h264_crf30,5.0811767578125,0.993825764027061
xception_deepfakebench,external,1,official,528,neuraltextures_faces_c23/862_047,ffpp_test:7,1,neuraltextures,resize075_then_h264_crf30,1.4805870056152344,0.8146612280650565
xception_deepfakebench,external,1,official,529,neuraltextures_faces_c23/047_862,ffpp_test:7,1,neuraltextures,resize075_then_h264_crf30,2.622833251953125,0.9323167101655481
xception_deepfakebench,external,1,official,530,original_faces_c23/607,ffpp_test:49,0,real,resize075_then_h264_crf30,-3.024169921875,0.046345823736464696
xception_deepfakebench,external,1,official,531,original_faces_c23/683,ffpp_test:49,0,real,resize075_then_h264_crf30,-0.9444942474365234,0.27999342010635997
xception_deepfakebench,external,1,official,532,deepfakes_faces_c23/607_683,ffpp_test:49,1,deepfakes,resize075_then_h264_crf30,2.2206153869628906,0.9020855645602565
xception_deepfakebench,external,1,official,533,deepfakes_faces_c23/683_607,ffpp_test:49,1,deepfakes,resize075_then_h264_crf30,2.905345916748047,0.9481100728539036
xception_deepfakebench,external,1,official,534,face2face_faces_c23/607_683,ffpp_test:49,1,face2face,resize075_then_h264_crf30,-1.9474260807037354,0.12483428921002475
xception_deepfakebench,external,1,official,535,face2face_faces_c23/683_607,ffpp_test:49,1,face2face,resize075_then_h264_crf30,0.8472728729248047,0.6999947526066727
xception_deepfakebench,external,1,official,536,faceswap_faces_c23/607_683,ffpp_test:49,1,faceswap,resize075_then_h264_crf30,0.4119586944580078,0.6015574439116292
xception_deepfakebench,external,1,official,537,faceswap_faces_c23/683_607,ffpp_test:49,1,faceswap,resize075_then_h264_crf30,5.36456298828125,0.9953422909794708
xception_deepfakebench,external,1,official,538,neuraltextures_faces_c23/607_683,ffpp_test:49,1,neuraltextures,resize075_then_h264_crf30,-1.1230812072753906,0.24544019861780791
xception_deepfakebench,external,1,official,539,neuraltextures_faces_c23/683_607,ffpp_test:49,1,neuraltextures,resize075_then_h264_crf30,0.7938423156738281,0.6886557542584905
xception_deepfakebench,external,1,official,540,original_faces_c23/517,ffpp_test:45,0,real,resize075_then_h264_crf30,-0.13630008697509766,0.46597763343698445
xception_deepfakebench,external,1,official,541,original_faces_c23/521,ffpp_test:45,0,real,resize075_then_h264_crf30,-0.5616025924682617,0.3631767318937955
xception_deepfakebench,external,1,official,542,deepfakes_faces_c23/517_521,ffpp_test:45,1,deepfakes,resize075_then_h264_crf30,3.9674072265625,0.981428977726417
xception_deepfakebench,external,1,official,543,deepfakes_faces_c23/521_517,ffpp_test:45,1,deepfakes,resize075_then_h264_crf30,4.310089111328125,0.986745684078348
xception_deepfakebench,external,1,official,544,face2face_faces_c23/517_521,ffpp_test:45,1,face2face,resize075_then_h264_crf30,4.892578125,0.9925538054876888
xception_deepfakebench,external,1,official,545,face2face_faces_c23/521_517,ffpp_test:45,1,face2face,resize075_then_h264_crf30,0.5006008148193359,0.6226005145228806
xception_deepfakebench,external,1,official,546,faceswap_faces_c23/517_521,ffpp_test:45,1,faceswap,resize075_then_h264_crf30,2.1663055419921875,0.897182667579559
xception_deepfakebench,external,1,official,547,faceswap_faces_c23/521_517,ffpp_test:45,1,faceswap,resize075_then_h264_crf30,2.9997406005859375,0.9525624066475166
xception_deepfakebench,external,1,official,548,neuraltextures_faces_c23/517_521,ffpp_test:45,1,neuraltextures,resize075_then_h264_crf30,2.6706390380859375,0.935271728577138
xception_deepfakebench,external,1,official,549,neuraltextures_faces_c23/521_517,ffpp_test:45,1,neuraltextures,resize075_then_h264_crf30,-0.28655385971069336,0.4288477478075707
xception_deepfakebench,external,1,official,550,original_faces_c23/682,ffpp_test:55,0,real,resize075_then_h264_crf30,-2.1415252685546875,0.10512581438673632
xception_deepfakebench,external,1,official,551,original_faces_c23/669,ffpp_test:55,0,real,resize075_then_h264_crf30,0.16930663585662842,0.5422258410673998
xception_deepfakebench,external,1,official,552,deepfakes_faces_c23/682_669,ffpp_test:55,1,deepfakes,resize075_then_h264_crf30,5.1043701171875,0.9939664633386985
xception_deepfakebench,external,1,official,553,deepfakes_faces_c23/669_682,ffpp_test:55,1,deepfakes,resize075_then_h264_crf30,1.963623046875,0.8769245146077993
xception_deepfakebench,external,1,official,554,face2face_faces_c23/682_669,ffpp_test:55,1,face2face,resize075_then_h264_crf30,0.3821249008178711,0.5943855007724539
xception_deepfakebench,external,1,official,555,face2face_faces_c23/669_682,ffpp_test:55,1,face2face,resize075_then_h264_crf30,1.7219009399414062,0.8483735274056297
xception_deepfakebench,external,1,official,556,faceswap_faces_c23/682_669,ffpp_test:55,1,faceswap,resize075_then_h264_crf30,2.1319751739501953,0.8939723724471754
xception_deepfakebench,external,1,official,557,faceswap_faces_c23/669_682,ffpp_test:55,1,faceswap,resize075_then_h264_crf30,3.019195556640625,0.9534338230203381
xception_deepfakebench,external,1,official,558,neuraltextures_faces_c23/682_669,ffpp_test:55,1,neuraltextures,resize075_then_h264_crf30,1.3834991455078125,0.7995523904439414
xception_deepfakebench,external,1,official,559,neuraltextures_faces_c23/669_682,ffpp_test:55,1,neuraltextures,resize075_then_h264_crf30,1.5046920776367188,0.818273240426552
xception_deepfakebench,external,1,official,560,original_faces_c23/138,ffpp_test:12,0,real,resize075_then_h264_crf30,0.8746309280395508,0.7057083832932636
xception_deepfakebench,external,1,official,561,original_faces_c23/142,ffpp_test:12,0,real,resize075_then_h264_crf30,-1.6045726537704468,0.1673434933471603
xception_deepfakebench,external,1,official,562,deepfakes_faces_c23/138_142,ffpp_test:12,1,deepfakes,resize075_then_h264_crf30,3.40264892578125,0.9677872182833565
xception_deepfakebench,external,1,official,563,deepfakes_faces_c23/142_138,ffpp_test:12,1,deepfakes,resize075_then_h264_crf30,2.4257049560546875,0.9187665500178003
xception_deepfakebench,external,1,official,564,face2face_faces_c23/138_142,ffpp_test:12,1,face2face,resize075_then_h264_crf30,5.32244873046875,0.9951429190320205
xception_deepfakebench,external,1,official,565,face2face_faces_c23/142_138,ffpp_test:12,1,face2face,resize075_then_h264_crf30,-0.053821563720703125,0.48654785621653485
xception_deepfakebench,external,1,official,566,faceswap_faces_c23/138_142,ffpp_test:12,1,faceswap,resize075_then_h264_crf30,4.144855499267578,0.9844014449172758
xception_deepfakebench,external,1,official,567,faceswap_faces_c23/142_138,ffpp_test:12,1,faceswap,resize075_then_h264_crf30,2.8731842041015625,0.946504804678553
xception_deepfakebench,external,1,official,568,neuraltextures_faces_c23/138_142,ffpp_test:12,1,neuraltextures,resize075_then_h264_crf30,4.079222679138184,0.9833609299814708
xception_deepfakebench,external,1,official,569,neuraltextures_faces_c23/142_138,ffpp_test:12,1,neuraltextures,resize075_then_h264_crf30,0.03680229187011719,0.5091995346634952
xception_deepfakebench,external,1,official,570,original_faces_c23/552,ffpp_test:47,0,real,resize075_then_h264_crf30,1.2911911010742188,0.7843487271578726
xception_deepfakebench,external,1,official,571,original_faces_c23/851,ffpp_test:47,0,real,resize075_then_h264_crf30,1.9244728088378906,0.8726363802867181
xception_deepfakebench,external,1,official,572,deepfakes_faces_c23/552_851,ffpp_test:47,1,deepfakes,resize075_then_h264_crf30,3.9966964721679688,0.9819553477892143
xception_deepfakebench,external,1,official,573,deepfakes_faces_c23/851_552,ffpp_test:47,1,deepfakes,resize075_then_h264_crf30,3.373809814453125,0.9668759248662581
xception_deepfakebench,external,1,official,574,face2face_faces_c23/552_851,ffpp_test:47,1,face2face,resize075_then_h264_crf30,2.4981765747070312,0.924013892186129
xception_deepfakebench,external,1,official,575,face2face_faces_c23/851_552,ffpp_test:47,1,face2face,resize075_then_h264_crf30,3.16259765625,0.9594022448711912
xception_deepfakebench,external,1,official,576,faceswap_faces_c23/552_851,ffpp_test:47,1,faceswap,resize075_then_h264_crf30,3.9565277099609375,0.9812296440534494
xception_deepfakebench,external,1,official,577,faceswap_faces_c23/851_552,ffpp_test:47,1,faceswap,resize075_then_h264_crf30,2.80377197265625,0.9428793143709822
xception_deepfakebench,external,1,official,578,neuraltextures_faces_c23/552_851,ffpp_test:47,1,neuraltextures,resize075_then_h264_crf30,1.0922130346298218,0.748798221347209
xception_deepfakebench,external,1,official,579,neuraltextures_faces_c23/851_552,ffpp_test:47,1,neuraltextures,resize075_then_h264_crf30,3.1674041748046875,0.9595890439023798
xception_deepfakebench,external,1,official,580,original_faces_c23/376,ffpp_test:31,0,real,resize075_then_h264_crf30,-1.7279798984527588,0.15084615530245873
xception_deepfakebench,external,1,official,581,original_faces_c23/381,ffpp_test:31,0,real,resize075_then_h264_crf30,-2.759176254272461,0.05957049699943343
xception_deepfakebench,external,1,official,582,deepfakes_faces_c23/376_381,ffpp_test:31,1,deepfakes,resize075_then_h264_crf30,2.6464614868164062,0.9337925609329959
xception_deepfakebench,external,1,official,583,deepfakes_faces_c23/381_376,ffpp_test:31,1,deepfakes,resize075_then_h264_crf30,2.9215879440307617,0.9489033467022089
xception_deepfakebench,external,1,official,584,face2face_faces_c23/376_381,ffpp_test:31,1,face2face,resize075_then_h264_crf30,1.7813282012939453,0.8558607943893858
xception_deepfakebench,external,1,official,585,face2face_faces_c23/381_376,ffpp_test:31,1,face2face,resize075_then_h264_crf30,0.12762451171875,0.5318628910591108
xception_deepfakebench,external,1,official,586,faceswap_faces_c23/376_381,ffpp_test:31,1,faceswap,resize075_then_h264_crf30,3.4802169799804688,0.9701196105564139
xception_deepfakebench,external,1,official,587,faceswap_faces_c23/381_376,ffpp_test:31,1,faceswap,resize075_then_h264_crf30,2.818147659301758,0.9436486474923139
xception_deepfakebench,external,1,official,588,neuraltextures_faces_c23/376_381,ffpp_test:31,1,neuraltextures,resize075_then_h264_crf30,1.9697837829589844,0.8775878874414156
xception_deepfakebench,external,1,official,589,neuraltextures_faces_c23/381_376,ffpp_test:31,1,neuraltextures,resize075_then_h264_crf30,-0.768553614616394,0.31679207148737093
xception_deepfakebench,external,1,official,590,original_faces_c23/000,ffpp_test:0,0,real,resize075_then_h264_crf30,0.4643392562866211,0.614043062166924
xception_deepfakebench,external,1,official,591,original_faces_c23/003,ffpp_test:0,0,real,resize075_then_h264_crf30,-2.759183883666992,0.05957006958805158
xception_deepfakebench,external,1,official,592,deepfakes_faces_c23/000_003,ffpp_test:0,1,deepfakes,resize075_then_h264_crf30,4.4603271484375,0.9885734929140393
xception_deepfakebench,external,1,official,593,deepfakes_faces_c23/003_000,ffpp_test:0,1,deepfakes,resize075_then_h264_crf30,2.2087669372558594,0.9010340268687339
xception_deepfakebench,external,1,official,594,face2face_faces_c23/000_003,ffpp_test:0,1,face2face,resize075_then_h264_crf30,3.86004638671875,0.9793676401148512
xception_deepfakebench,external,1,official,595,face2face_faces_c23/003_000,ffpp_test:0,1,face2face,resize075_then_h264_crf30,3.807159423828125,0.9782714351222833
xception_deepfakebench,external,1,official,596,faceswap_faces_c23/000_003,ffpp_test:0,1,faceswap,resize075_then_h264_crf30,2.3189010620117188,0.9104303660746698
xception_deepfakebench,external,1,official,597,faceswap_faces_c23/003_000,ffpp_test:0,1,faceswap,resize075_then_h264_crf30,2.830976963043213,0.9443269867676023
xception_deepfakebench,external,1,official,598,neuraltextures_faces_c23/000_003,ffpp_test:0,1,neuraltextures,resize075_then_h264_crf30,1.96368408203125,0.8769311018531215
xception_deepfakebench,external,1,official,599,neuraltextures_faces_c23/003_000,ffpp_test:0,1,neuraltextures,resize075_then_h264_crf30,-0.7163352966308594,0.32820048548366787
xception_deepfakebench,external,1,official,600,original_faces_c23/048,ffpp_test:4,0,real,resize075_then_h264_crf30,-3.39471435546875,0.03246106312684935
xception_deepfakebench,external,1,official,601,original_faces_c23/029,ffpp_test:4,0,real,resize075_then_h264_crf30,1.0897197723388672,0.748328949238492
xception_deepfakebench,external,1,official,602,deepfakes_faces_c23/048_029,ffpp_test:4,1,deepfakes,resize075_then_h264_crf30,5.59600830078125,0.9963010788386698
xception_deepfakebench,external,1,official,603,deepfakes_faces_c23/029_048,ffpp_test:4,1,deepfakes,resize075_then_h264_crf30,3.288604736328125,0.964035810564233
xception_deepfakebench,external,1,official,604,face2face_faces_c23/048_029,ffpp_test:4,1,face2face,resize075_then_h264_crf30,-1.317082405090332,0.21130411479012184
xception_deepfakebench,external,1,official,605,face2face_faces_c23/029_048,ffpp_test:4,1,face2face,resize075_then_h264_crf30,2.531036376953125,0.9262891459608694
xception_deepfakebench,external,1,official,606,faceswap_faces_c23/048_029,ffpp_test:4,1,faceswap,resize075_then_h264_crf30,1.239349365234375,0.7754507415659628
xception_deepfakebench,external,1,official,607,faceswap_faces_c23/029_048,ffpp_test:4,1,faceswap,resize075_then_h264_crf30,2.1596813201904297,0.8965700003853373
xception_deepfakebench,external,1,official,608,neuraltextures_faces_c23/048_029,ffpp_test:4,1,neuraltextures,resize075_then_h264_crf30,-0.9456024169921875,0.27977007080874833
xception_deepfakebench,external,1,official,609,neuraltextures_faces_c23/029_048,ffpp_test:4,1,neuraltextures,resize075_then_h264_crf30,3.0377197265625,0.9542493812313405
xception_deepfakebench,external,1,official,610,original_faces_c23/724,ffpp_test:59,0,real,resize075_then_h264_crf30,0.4958912134170532,0.6214932663768605
xception_deepfakebench,external,1,official,611,original_faces_c23/725,ffpp_test:59,0,real,resize075_then_h264_crf30,0.000995635986328125,0.5002489089760203
xception_deepfakebench,external,1,official,612,deepfakes_faces_c23/724_725,ffpp_test:59,1,deepfakes,resize075_then_h264_crf30,2.8710479736328125,0.9463965367110084
xception_deepfakebench,external,1,official,613,deepfakes_faces_c23/725_724,ffpp_test:59,1,deepfakes,resize075_then_h264_crf30,3.29046630859375,0.9641002969772828
xception_deepfakebench,external,1,official,614,face2face_faces_c23/724_725,ffpp_test:59,1,face2face,resize075_then_h264_crf30,1.5452651977539062,0.8242288269164199
xception_deepfakebench,external,1,official,615,face2face_faces_c23/725_724,ffpp_test:59,1,face2face,resize075_then_h264_crf30,2.4573745727539062,0.9210990692207137
xception_deepfakebench,external,1,official,616,faceswap_faces_c23/724_725,ffpp_test:59,1,faceswap,resize075_then_h264_crf30,3.7783966064453125,0.9776515555860027
xception_deepfakebench,external,1,official,617,faceswap_faces_c23/725_724,ffpp_test:59,1,faceswap,resize075_then_h264_crf30,2.6233062744140625,0.9323465528496112
xception_deepfakebench,external,1,official,618,neuraltextures_faces_c23/724_725,ffpp_test:59,1,neuraltextures,resize075_then_h264_crf30,2.169830322265625,0.8975073593102777
xception_deepfakebench,external,1,official,619,neuraltextures_faces_c23/725_724,ffpp_test:59,1,neuraltextures,resize075_then_h264_crf30,-0.07001018524169922,0.48250459914032323
xception_deepfakebench,external,1,official,620,original_faces_c23/608,ffpp_test:50,0,real,resize075_then_h264_crf30,-1.439004898071289,0.19169949309607034
xception_deepfakebench,external,1,official,621,original_faces_c23/675,ffpp_test:50,0,real,resize075_then_h264_crf30,-0.20421600341796875,0.44912269271608113
xception_deepfakebench,external,1,official,622,deepfakes_faces_c23/608_675,ffpp_test:50,1,deepfakes,resize075_then_h264_crf30,4.54541015625,0.9894956941168813
xception_deepfakebench,external,1,official,623,deepfakes_faces_c23/675_608,ffpp_test:50,1,deepfakes,resize075_then_h264_crf30,2.6078720092773438,0.9313664936372915
xception_deepfakebench,external,1,official,624,face2face_faces_c23/608_675,ffpp_test:50,1,face2face,resize075_then_h264_crf30,2.3595962524414062,0.9136939723803083
xception_deepfakebench,external,1,official,625,face2face_faces_c23/675_608,ffpp_test:50,1,face2face,resize075_then_h264_crf30,1.78240966796875,0.8559941561280718
xception_deepfakebench,external,1,official,626,faceswap_faces_c23/608_675,ffpp_test:50,1,faceswap,resize075_then_h264_crf30,6.23309326171875,0.9980404779864276
xception_deepfakebench,external,1,official,627,faceswap_faces_c23/675_608,ffpp_test:50,1,faceswap,resize075_then_h264_crf30,1.50722074508667,0.8186489561200183
xception_deepfakebench,external,1,official,628,neuraltextures_faces_c23/608_675,ffpp_test:50,1,neuraltextures,resize075_then_h264_crf30,1.113800048828125,0.7528368790391518
xception_deepfakebench,external,1,official,629,neuraltextures_faces_c23/675_608,ffpp_test:50,1,neuraltextures,resize075_then_h264_crf30,2.5609664916992188,0.9283068075604894
xception_deepfakebench,external,1,official,630,original_faces_c23/386,ffpp_test:14,0,real,resize075_then_h264_crf30,-0.8844852447509766,0.29224918895827645
xception_deepfakebench,external,1,official,631,original_faces_c23/154,ffpp_test:14,0,real,resize075_then_h264_crf30,-0.8874015808105469,0.2916463408483237
xception_deepfakebench,external,1,official,632,deepfakes_faces_c23/386_154,ffpp_test:14,1,deepfakes,resize075_then_h264_crf30,4.83551025390625,0.9921199537965536
xception_deepfakebench,external,1,official,633,deepfakes_faces_c23/154_386,ffpp_test:14,1,deepfakes,resize075_then_h264_crf30,2.8786849975585938,0.9467826457661017
xception_deepfakebench,external,1,official,634,face2face_faces_c23/386_154,ffpp_test:14,1,face2face,resize075_then_h264_crf30,0.20728683471679688,0.5516369469808562
xception_deepfakebench,external,1,official,635,face2face_faces_c23/154_386,ffpp_test:14,1,face2face,resize075_then_h264_crf30,0.3032188415527344,0.5752292001999845
xception_deepfakebench,external,1,official,636,faceswap_faces_c23/386_154,ffpp_test:14,1,faceswap,resize075_then_h264_crf30,1.6413040161132812,0.8377122970181956
xception_deepfakebench,external,1,official,637,faceswap_faces_c23/154_386,ffpp_test:14,1,faceswap,resize075_then_h264_crf30,0.5825405120849609,0.6416517683922199
xception_deepfakebench,external,1,official,638,neuraltextures_faces_c23/386_154,ffpp_test:14,1,neuraltextures,resize075_then_h264_crf30,0.5555257797241211,0.6354166613477514
xception_deepfakebench,external,1,official,639,neuraltextures_faces_c23/154_386,ffpp_test:14,1,neuraltextures,resize075_then_h264_crf30,-0.5767104625701904,0.35968986691172544
xception_deepfakebench,external,1,official,640,original_faces_c23/220,ffpp_test:20,0,real,resize075_then_h264_crf30,-0.2226886749267578,0.44455676243828124
xception_deepfakebench,external,1,official,641,original_faces_c23/219,ffpp_test:20,0,real,resize075_then_h264_crf30,-0.3251070976257324,0.4194316157469214
xception_deepfakebench,external,1,official,642,deepfakes_faces_c23/220_219,ffpp_test:20,1,deepfakes,resize075_then_h264_crf30,2.1589584350585938,0.8965029464118143
xception_deepfakebench,external,1,official,643,deepfakes_faces_c23/219_220,ffpp_test:20,1,deepfakes,resize075_then_h264_crf30,5.255298614501953,0.9948073173442369
xception_deepfakebench,external,1,official,644,face2face_faces_c23/220_219,ffpp_test:20,1,face2face,resize075_then_h264_crf30,2.7688446044921875,0.9409688410691766
xception_deepfakebench,external,1,official,645,face2face_faces_c23/219_220,ffpp_test:20,1,face2face,resize075_then_h264_crf30,2.04142427444458,0.8850782171711595
xception_deepfakebench,external,1,official,646,faceswap_faces_c23/220_219,ffpp_test:20,1,faceswap,resize075_then_h264_crf30,2.80279541015625,0.942826695999685
xception_deepfakebench,external,1,official,647,faceswap_faces_c23/219_220,ffpp_test:20,1,faceswap,resize075_then_h264_crf30,0.13886547088623047,0.5346606869909959
xception_deepfakebench,external,1,official,648,neuraltextures_faces_c23/220_219,ffpp_test:20,1,neuraltextures,resize075_then_h264_crf30,2.500946044921875,0.9242081146376439
xception_deepfakebench,external,1,official,649,neuraltextures_faces_c23/219_220,ffpp_test:20,1,neuraltextures,resize075_then_h264_crf30,0.8138532638549805,0.6929300030838863
xception_deepfakebench,external,1,official,650,original_faces_c23/801,ffpp_test:63,0,real,resize075_then_h264_crf30,-3.62646484375,0.025920346421037927
xception_deepfakebench,external,1,official,651,original_faces_c23/855,ffpp_test:63,0,real,resize075_then_h264_crf30,-1.7844457626342773,0.14375504010598505
xception_deepfakebench,external,1,official,652,deepfakes_faces_c23/801_855,ffpp_test:63,1,deepfakes,resize075_then_h264_crf30,4.49237060546875,0.9889298445629654
xception_deepfakebench,external,1,official,653,deepfakes_faces_c23/855_801,ffpp_test:63,1,deepfakes,resize075_then_h264_crf30,2.8958282470703125,0.9476398265741113
xception_deepfakebench,external,1,official,654,face2face_faces_c23/801_855,ffpp_test:63,1,face2face,resize075_then_h264_crf30,-1.9362516403198242,0.1260602312456063
xception_deepfakebench,external,1,official,655,face2face_faces_c23/855_801,ffpp_test:63,1,face2face,resize075_then_h264_crf30,1.7960205078125,0.8576638233751337
xception_deepfakebench,external,1,official,656,faceswap_faces_c23/801_855,ffpp_test:63,1,faceswap,resize075_then_h264_crf30,0.7805595397949219,0.6858006950439144
xception_deepfakebench,external,1,official,657,faceswap_faces_c23/855_801,ffpp_test:63,1,faceswap,resize075_then_h264_crf30,0.11310958862304688,0.5282472877788638
xception_deepfakebench,external,1,official,658,neuraltextures_faces_c23/801_855,ffpp_test:63,1,neuraltextures,resize075_then_h264_crf30,-1.5491997003555298,0.17520188635333728
xception_deepfakebench,external,1,official,659,neuraltextures_faces_c23/855_801,ffpp_test:63,1,neuraltextures,resize075_then_h264_crf30,0.03931903839111328,0.5098284934036641
xception_deepfakebench,external,1,official,660,original_faces_c23/161,ffpp_test:13,0,real,resize075_then_h264_crf30,-1.2793292999267578,0.217664413195483
xception_deepfakebench,external,1,official,661,original_faces_c23/141,ffpp_test:13,0,real,resize075_then_h264_crf30,-0.5265436172485352,0.37132339457846747
xception_deepfakebench,external,1,official,662,deepfakes_faces_c23/161_141,ffpp_test:13,1,deepfakes,resize075_then_h264_crf30,3.225311279296875,0.9617757534876737
xception_deepfakebench,external,1,official,663,deepfakes_faces_c23/141_161,ffpp_test:13,1,deepfakes,resize075_then_h264_crf30,2.3164825439453125,0.9102329475204475
xception_deepfakebench,external,1,official,664,face2face_faces_c23/161_141,ffpp_test:13,1,face2face,resize075_then_h264_crf30,2.861968994140625,0.9459340878350166
xception_deepfakebench,external,1,official,665,face2face_faces_c23/141_161,ffpp_test:13,1,face2face,resize075_then_h264_crf30,0.9029970169067383,0.7115650009298808
xception_deepfakebench,external,1,official,666,faceswap_faces_c23/161_141,ffpp_test:13,1,faceswap,resize075_then_h264_crf30,4.348785400390625,0.9872423618483556
xception_deepfakebench,external,1,official,667,faceswap_faces_c23/141_161,ffpp_test:13,1,faceswap,resize075_then_h264_crf30,2.9326820373535156,0.9494385814765317
xception_deepfakebench,external,1,official,668,neuraltextures_faces_c23/161_141,ffpp_test:13,1,neuraltextures,resize075_then_h264_crf30,2.7114715576171875,0.937700170289447
xception_deepfakebench,external,1,official,669,neuraltextures_faces_c23/141_161,ffpp_test:13,1,neuraltextures,resize075_then_h264_crf30,2.5780029296875,0.9294323979072442
xception_deepfakebench,external,1,official,670,original_faces_c23/949,ffpp_test:66,0,real,resize075_then_h264_crf30,-1.0363130569458008,0.26186201828610606
xception_deepfakebench,external,1,official,671,original_faces_c23/868,ffpp_test:66,0,real,resize075_then_h264_crf30,0.12899398803710938,0.5322038548549167
xception_deepfakebench,external,1,official,672,deepfakes_faces_c23/949_868,ffpp_test:66,1,deepfakes,resize075_then_h264_crf30,2.1299667358398438,0.893781850404728
xception_deepfakebench,external,1,official,673,deepfakes_faces_c23/868_949,ffpp_test:66,1,deepfakes,resize075_then_h264_crf30,2.620342254638672,0.9321593532238062
xception_deepfakebench,external,1,official,674,face2face_faces_c23/949_868,ffpp_test:66,1,face2face,resize075_then_h264_crf30,0.29921722412109375,0.5742511496003277
xception_deepfakebench,external,1,official,675,face2face_faces_c23/868_949,ffpp_test:66,1,face2face,resize075_then_h264_crf30,1.6015961170196533,0.8322413462975431
xception_deepfakebench,external,1,official,676,faceswap_faces_c23/949_868,ffpp_test:66,1,faceswap,resize075_then_h264_crf30,2.2552242279052734,0.9051002146220675
xception_deepfakebench,external,1,official,677,faceswap_faces_c23/868_949,ffpp_test:66,1,faceswap,resize075_then_h264_crf30,1.4689712524414062,0.8129009711109055
xception_deepfakebench,external,1,official,678,neuraltextures_faces_c23/949_868,ffpp_test:66,1,neuraltextures,resize075_then_h264_crf30,1.1014375686645508,0.7505293657455943
xception_deepfakebench,external,1,official,679,neuraltextures_faces_c23/868_949,ffpp_test:66,1,neuraltextures,resize075_then_h264_crf30,1.2778205871582031,0.7820785637783803
xception_deepfakebench,external,1,official,680,original_faces_c23/880,ffpp_test:11,0,real,resize075_then_h264_crf30,-0.5667088031768799,0.36199659764214404
xception_deepfakebench,external,1,official,681,original_faces_c23/135,ffpp_test:11,0,real,resize075_then_h264_crf30,-2.0000534057617188,0.11919731487374603
xception_deepfakebench,external,1,official,682,deepfakes_faces_c23/880_135,ffpp_test:11,1,deepfakes,resize075_then_h264_crf30,0.02316761016845703,0.5057916434947585
xception_deepfakebench,external,1,official,683,deepfakes_faces_c23/135_880,ffpp_test:11,1,deepfakes,resize075_then_h264_crf30,6.490478515625,0.9984844777613333
xception_deepfakebench,external,1,official,684,face2face_faces_c23/880_135,ffpp_test:11,1,face2face,resize075_then_h264_crf30,0.9873237609863281,0.7285589910657321
xception_deepfakebench,external,1,official,685,face2face_faces_c23/135_880,ffpp_test:11,1,face2face,resize075_then_h264_crf30,2.6218338012695312,0.9322536153098195
xception_deepfakebench,external,1,official,686,faceswap_faces_c23/880_135,ffpp_test:11,1,faceswap,resize075_then_h264_crf30,0.3487851619720459,0.5863229528939969
xception_deepfakebench,external,1,official,687,faceswap_faces_c23/135_880,ffpp_test:11,1,faceswap,resize075_then_h264_crf30,3.772794723510742,0.9775288320373134
xception_deepfakebench,external,1,official,688,neuraltextures_faces_c23/880_135,ffpp_test:11,1,neuraltextures,resize075_then_h264_crf30,0.450927734375,0.6108597884549196
xception_deepfakebench,external,1,official,689,neuraltextures_faces_c23/135_880,ffpp_test:11,1,neuraltextures,resize075_then_h264_crf30,-0.4180583953857422,0.3969814522899691
xception_deepfakebench,external,1,official,690,original_faces_c23/429,ffpp_test:35,0,real,resize075_then_h264_crf30,-1.7610397338867188,0.14666016829324996
xception_deepfakebench,external,1,official,691,original_faces_c23/404,ffpp_test:35,0,real,resize075_then_h264_crf30,-0.4657173156738281,0.38563039714884667
xception_deepfakebench,external,1,official,692,deepfakes_faces_c23/429_404,ffpp_test:35,1,deepfakes,resize075_then_h264_crf30,5.935791015625,0.9973638365564068
xception_deepfakebench,external,1,official,693,deepfakes_faces_c23/404_429,ffpp_test:35,1,deepfakes,resize075_then_h264_crf30,-0.05970573425292969,0.485077998971073
xception_deepfakebench,external,1,official,694,face2face_faces_c23/429_404,ffpp_test:35,1,face2face,resize075_then_h264_crf30,1.8937454223632812,0.8691819917140068
xception_deepfakebench,external,1,official,695,face2face_faces_c23/404_429,ffpp_test:35,1,face2face,resize075_then_h264_crf30,3.351806640625,0.9661639468117345
xception_deepfakebench,external,1,official,696,faceswap_faces_c23/429_404,ffpp_test:35,1,faceswap,resize075_then_h264_crf30,4.5162353515625,0.9891880810195576
xception_deepfakebench,external,1,official,697,faceswap_faces_c23/404_429,ffpp_test:35,1,faceswap,resize075_then_h264_crf30,0.9574241638183594,0.7226057835218793
xception_deepfakebench,external,1,official,698,neuraltextures_faces_c23/429_404,ffpp_test:35,1,neuraltextures,resize075_then_h264_crf30,1.6788253784179688,0.8427489292004131
xception_deepfakebench,external,1,official,699,neuraltextures_faces_c23/404_429,ffpp_test:35,1,neuraltextures,resize075_then_h264_crf30,1.175280213356018,0.7640981126055022
xception_deepfakebench,external,1,official,0,original_faces_c23/953,ffpp_test:68,0,real,h264_crf30_then_resize075,-4.92022705078125,0.0072446064361749545
xception_deepfakebench,external,1,official,1,original_faces_c23/974,ffpp_test:68,0,real,h264_crf30_then_resize075,-2.7299652099609375,0.061228162495592056
xception_deepfakebench,external,1,official,2,deepfakes_faces_c23/953_974,ffpp_test:68,1,deepfakes,h264_crf30_then_resize075,3.4820480346679688,0.9701726426833098
xception_deepfakebench,external,1,official,3,deepfakes_faces_c23/974_953,ffpp_test:68,1,deepfakes,h264_crf30_then_resize075,2.541195869445801,0.9269798142172044
xception_deepfakebench,external,1,official,4,face2face_faces_c23/953_974,ffpp_test:68,1,face2face,h264_crf30_then_resize075,1.2529754638671875,0.7778145032049957
xception_deepfakebench,external,1,official,5,face2face_faces_c23/974_953,ffpp_test:68,1,face2face,h264_crf30_then_resize075,2.0352020263671875,0.8844438046211259
xception_deepfakebench,external,1,official,6,faceswap_faces_c23/953_974,ffpp_test:68,1,faceswap,h264_crf30_then_resize075,0.15681076049804688,0.5391225555796892
xception_deepfakebench,external,1,official,7,faceswap_faces_c23/974_953,ffpp_test:68,1,faceswap,h264_crf30_then_resize075,0.9819679260253906,0.7274985213138221
xception_deepfakebench,external,1,official,8,neuraltextures_faces_c23/953_974,ffpp_test:68,1,neuraltextures,h264_crf30_then_resize075,-2.702880859375,0.06280357700662464
xception_deepfakebench,external,1,official,9,neuraltextures_faces_c23/974_953,ffpp_test:68,1,neuraltextures,h264_crf30_then_resize075,0.9352343082427979,0.7181360055046777
xception_deepfakebench,external,1,official,10,original_faces_c23/012,ffpp_test:1,0,real,h264_crf30_then_resize075,-1.5288314819335938,0.17816471825895733
xception_deepfakebench,external,1,official,11,original_faces_c23/026,ffpp_test:1,0,real,h264_crf30_then_resize075,-2.6092681884765625,0.06854431220512658
xception_deepfakebench,external,1,official,12,deepfakes_faces_c23/012_026,ffpp_test:1,1,deepfakes,h264_crf30_then_resize075,-0.2505683898925781,0.437683603937086
xception_deepfakebench,external,1,official,13,deepfakes_faces_c23/026_012,ffpp_test:1,1,deepfakes,h264_crf30_then_resize075,6.3887939453125,0.9983225371186244
xception_deepfakebench,external,1,official,14,face2face_faces_c23/012_026,ffpp_test:1,1,face2face,h264_crf30_then_resize075,0.4764566421508789,0.6169108140465368
xception_deepfakebench,external,1,official,15,face2face_faces_c23/026_012,ffpp_test:1,1,face2face,h264_crf30_then_resize075,0.7673187255859375,0.6829405950365236
xception_deepfakebench,external,1,official,16,faceswap_faces_c23/012_026,ffpp_test:1,1,faceswap,h264_crf30_then_resize075,0.4216179847717285,0.6038703545107831
xception_deepfakebench,external,1,official,17,faceswap_faces_c23/026_012,ffpp_test:1,1,faceswap,h264_crf30_then_resize075,4.818878173828125,0.991988854989406
xception_deepfakebench,external,1,official,18,neuraltextures_faces_c23/012_026,ffpp_test:1,1,neuraltextures,h264_crf30_then_resize075,0.8584942817687988,0.7023459706873685
xception_deepfakebench,external,1,official,19,neuraltextures_faces_c23/026_012,ffpp_test:1,1,neuraltextures,h264_crf30_then_resize075,0.4967164993286133,0.6216873866533423
xception_deepfakebench,external,1,official,20,original_faces_c23/078,ffpp_test:8,0,real,h264_crf30_then_resize075,-2.997882843017578,0.04752161095550964
xception_deepfakebench,external,1,official,21,original_faces_c23/955,ffpp_test:8,0,real,h264_crf30_then_resize075,-0.3924274444580078,0.40313307969984513
xception_deepfakebench,external,1,official,22,deepfakes_faces_c23/078_955,ffpp_test:8,1,deepfakes,h264_crf30_then_resize075,5.0274658203125,0.9934872913186391
xception_deepfakebench,external,1,official,23,deepfakes_faces_c23/955_078,ffpp_test:8,1,deepfakes,h264_crf30_then_resize075,0.058349609375,0.51458326496972
xception_deepfakebench,external,1,official,24,face2face_faces_c23/078_955,ffpp_test:8,1,face2face,h264_crf30_then_resize075,0.4442734718322754,0.609276841108182
xception_deepfakebench,external,1,official,25,face2face_faces_c23/955_078,ffpp_test:8,1,face2face,h264_crf30_then_resize075,2.5480499267578125,0.927442397699617
xception_deepfakebench,external,1,official,26,faceswap_faces_c23/078_955,ffpp_test:8,1,faceswap,h264_crf30_then_resize075,2.922943115234375,0.9489690132845419
xception_deepfakebench,external,1,official,27,faceswap_faces_c23/955_078,ffpp_test:8,1,faceswap,h264_crf30_then_resize075,1.96710205078125,0.8772995041191178
xception_deepfakebench,external,1,official,28,neuraltextures_faces_c23/078_955,ffpp_test:8,1,neuraltextures,h264_crf30_then_resize075,-1.8316059112548828,0.13804707456834228
xception_deepfakebench,external,1,official,29,neuraltextures_faces_c23/955_078,ffpp_test:8,1,neuraltextures,h264_crf30_then_resize075,3.4168701171875,0.9682276283626121
xception_deepfakebench,external,1,official,30,original_faces_c23/623,ffpp_test:51,0,real,h264_crf30_then_resize075,-0.961888313293457,0.27650028243064173
xception_deepfakebench,external,1,official,31,original_faces_c23/630,ffpp_test:51,0,real,h264_crf30_then_resize075,-0.96612548828125,0.27565344779870415
xception_deepfakebench,external,1,official,32,deepfakes_faces_c23/623_630,ffpp_test:51,1,deepfakes,h264_crf30_then_resize075,5.7377471923828125,0.9967883293692127
xception_deepfakebench,external,1,official,33,deepfakes_faces_c23/630_623,ffpp_test:51,1,deepfakes,h264_crf30_then_resize075,0.1714930534362793,0.542768496716475
xception_deepfakebench,external,1,official,34,face2face_faces_c23/623_630,ffpp_test:51,1,face2face,h264_crf30_then_resize075,0.8478174209594727,0.7001090963812867
xception_deepfakebench,external,1,official,35,face2face_faces_c23/630_623,ffpp_test:51,1,face2face,h264_crf30_then_resize075,4.3414306640625,0.987149397097071
xception_deepfakebench,external,1,official,36,faceswap_faces_c23/623_630,ffpp_test:51,1,faceswap,h264_crf30_then_resize075,6.55413818359375,0.9985778157430975
xception_deepfakebench,external,1,official,37,faceswap_faces_c23/630_623,ffpp_test:51,1,faceswap,h264_crf30_then_resize075,4.701690673828125,0.9910017900170298
xception_deepfakebench,external,1,official,38,neuraltextures_faces_c23/623_630,ffpp_test:51,1,neuraltextures,h264_crf30_then_resize075,1.710226058959961,0.8468656028212078
xception_deepfakebench,external,1,official,39,neuraltextures_faces_c23/630_623,ffpp_test:51,1,neuraltextures,h264_crf30_then_resize075,1.2927570343017578,0.784613480247521
xception_deepfakebench,external,1,official,40,original_faces_c23/919,ffpp_test:2,0,real,h264_crf30_then_resize075,-1.7882928848266602,0.1432821483389241
xception_deepfakebench,external,1,official,41,original_faces_c23/015,ffpp_test:2,0,real,h264_crf30_then_resize075,-0.15909671783447266,0.46030950495344136
xception_deepfakebench,external,1,official,42,deepfakes_faces_c23/919_015,ffpp_test:2,1,deepfakes,h264_crf30_then_resize075,4.7232666015625,0.9911921636216129
xception_deepfakebench,external,1,official,43,deepfakes_faces_c23/015_919,ffpp_test:2,1,deepfakes,h264_crf30_then_resize075,0.3478412628173828,0.5860939930748561
xception_deepfakebench,external,1,official,44,face2face_faces_c23/919_015,ffpp_test:2,1,face2face,h264_crf30_then_resize075,3.623870849609375,0.974014078559677
xception_deepfakebench,external,1,official,45,face2face_faces_c23/015_919,ffpp_test:2,1,face2face,h264_crf30_then_resize075,1.8584747314453125,0.8651190665057922
xception_deepfakebench,external,1,official,46,faceswap_faces_c23/919_015,ffpp_test:2,1,faceswap,h264_crf30_then_resize075,4.13671875,0.9842760094722643
xception_deepfakebench,external,1,official,47,faceswap_faces_c23/015_919,ffpp_test:2,1,faceswap,h264_crf30_then_resize075,2.592487335205078,0.9303765094769271
xception_deepfakebench,external,1,official,48,neuraltextures_faces_c23/919_015,ffpp_test:2,1,neuraltextures,h264_crf30_then_resize075,0.8354581594467163,0.6975077905122793
xception_deepfakebench,external,1,official,49,neuraltextures_faces_c23/015_919,ffpp_test:2,1,neuraltextures,h264_crf30_then_resize075,1.6367835998535156,0.8370968060388911
xception_deepfakebench,external,1,official,50,original_faces_c23/367,ffpp_test:30,0,real,h264_crf30_then_resize075,-1.7990264892578125,0.1419696110440503
xception_deepfakebench,external,1,official,51,original_faces_c23/371,ffpp_test:30,0,real,h264_crf30_then_resize075,-2.761280059814453,0.05945274706279209
xception_deepfakebench,external,1,official,52,deepfakes_faces_c23/367_371,ffpp_test:30,1,deepfakes,h264_crf30_then_resize075,2.421875,0.9184802440252811
xception_deepfakebench,external,1,official,53,deepfakes_faces_c23/371_367,ffpp_test:30,1,deepfakes,h264_crf30_then_resize075,8.1666259765625,0.9997161060800231
xception_deepfakebench,external,1,official,54,face2face_faces_c23/367_371,ffpp_test:30,1,face2face,h264_crf30_then_resize075,1.9676742553710938,0.8773610858336554
xception_deepfakebench,external,1,official,55,face2face_faces_c23/371_367,ffpp_test:30,1,face2face,h264_crf30_then_resize075,3.2337722778320312,0.9620855940539809
xception_deepfakebench,external,1,official,56,faceswap_faces_c23/367_371,ffpp_test:30,1,faceswap,h264_crf30_then_resize075,1.93841552734375,0.874177969294599
xception_deepfakebench,external,1,official,57,faceswap_faces_c23/371_367,ffpp_test:30,1,faceswap,h264_crf30_then_resize075,-0.09366226196289062,0.4766015374924812
xception_deepfakebench,external,1,official,58,neuraltextures_faces_c23/367_371,ffpp_test:30,1,neuraltextures,h264_crf30_then_resize075,0.6051063537597656,0.6468236886884965
xception_deepfakebench,external,1,official,59,neuraltextures_faces_c23/371_367,ffpp_test:30,1,neuraltextures,h264_crf30_then_resize075,2.4257073402404785,0.9187667279603198
xception_deepfakebench,external,1,official,60,original_faces_c23/847,ffpp_test:65,0,real,h264_crf30_then_resize075,-2.5917282104492188,0.06967267970208274
xception_deepfakebench,external,1,official,61,original_faces_c23/906,ffpp_test:65,0,real,h264_crf30_then_resize075,-0.9687862396240234,0.2751224964921291
xception_deepfakebench,external,1,official,62,deepfakes_faces_c23/847_906,ffpp_test:65,1,deepfakes,h264_crf30_then_resize075,4.359466552734375,0.9873761919236114
xception_deepfakebench,external,1,official,63,deepfakes_faces_c23/906_847,ffpp_test:65,1,deepfakes,h264_crf30_then_resize075,4.411441802978516,0.9880078906276358
xception_deepfakebench,external,1,official,64,face2face_faces_c23/847_906,ffpp_test:65,1,face2face,h264_crf30_then_resize075,-0.8239631652832031,0.30492303810637256
xception_deepfakebench,external,1,official,65,face2face_faces_c23/906_847,ffpp_test:65,1,face2face,h264_crf30_then_resize075,2.5902271270751953,0.9302299596066848
xception_deepfakebench,external,1,official,66,faceswap_faces_c23/847_906,ffpp_test:65,1,faceswap,h264_crf30_then_resize075,2.7148170471191406,0.9378953230234257
xception_deepfakebench,external,1,official,67,faceswap_faces_c23/906_847,ffpp_test:65,1,faceswap,h264_crf30_then_resize075,5.051666259765625,0.9936420198462356
xception_deepfakebench,external,1,official,68,neuraltextures_faces_c23/847_906,ffpp_test:65,1,neuraltextures,h264_crf30_then_resize075,-1.0877413749694824,0.2520438307677293
xception_deepfakebench,external,1,official,69,neuraltextures_faces_c23/906_847,ffpp_test:65,1,neuraltextures,h264_crf30_then_resize075,0.6341886520385742,0.6534386186874155
xception_deepfakebench,external,1,official,70,original_faces_c23/529,ffpp_test:46,0,real,h264_crf30_then_resize075,-1.8568954467773438,0.1350653234556838
xception_deepfakebench,external,1,official,71,original_faces_c23/633,ffpp_test:46,0,real,h264_crf30_then_resize075,0.012871265411376953,0.5032177719290851
xception_deepfakebench,external,1,official,72,deepfakes_faces_c23/529_633,ffpp_test:46,1,deepfakes,h264_crf30_then_resize075,5.0286102294921875,0.9934946918014543
xception_deepfakebench,external,1,official,73,deepfakes_faces_c23/633_529,ffpp_test:46,1,deepfakes,h264_crf30_then_resize075,3.344850540161133,0.9659358048440836
xception_deepfakebench,external,1,official,74,face2face_faces_c23/529_633,ffpp_test:46,1,face2face,h264_crf30_then_resize075,3.5784912109375,0.9728404461333369
xception_deepfakebench,external,1,official,75,face2face_faces_c23/633_529,ffpp_test:46,1,face2face,h264_crf30_then_resize075,3.7860774993896484,0.9778187610862596
xception_deepfakebench,external,1,official,76,faceswap_faces_c23/529_633,ffpp_test:46,1,faceswap,h264_crf30_then_resize075,5.515380859375,0.9959917365145559
xception_deepfakebench,external,1,official,77,faceswap_faces_c23/633_529,ffpp_test:46,1,faceswap,h264_crf30_then_resize075,3.362727165222168,0.9665191398583981
xception_deepfakebench,external,1,official,78,neuraltextures_faces_c23/529_633,ffpp_test:46,1,neuraltextures,h264_crf30_then_resize075,-0.5632781982421875,0.36278928772380514
xception_deepfakebench,external,1,official,79,neuraltextures_faces_c23/633_529,ffpp_test:46,1,neuraltextures,h264_crf30_then_resize075,0.5544030666351318,0.6351565314987991
xception_deepfakebench,external,1,official,80,original_faces_c23/418,ffpp_test:36,0,real,h264_crf30_then_resize075,0.6152207851409912,0.6491308119240531
xception_deepfakebench,external,1,official,81,original_faces_c23/507,ffpp_test:36,0,real,h264_crf30_then_resize075,0.35001182556152344,0.5866204465822568
xception_deepfakebench,external,1,official,82,deepfakes_faces_c23/418_507,ffpp_test:36,1,deepfakes,h264_crf30_then_resize075,2.7707061767578125,0.9410721600141627
xception_deepfakebench,external,1,official,83,deepfakes_faces_c23/507_418,ffpp_test:36,1,deepfakes,h264_crf30_then_resize075,5.388671875,0.9954527358356361
xception_deepfakebench,external,1,official,84,face2face_faces_c23/418_507,ffpp_test:36,1,face2face,h264_crf30_then_resize075,6.6319580078125,0.998684153009282
xception_deepfakebench,external,1,official,85,face2face_faces_c23/507_418,ffpp_test:36,1,face2face,h264_crf30_then_resize075,3.6159820556640625,0.9738136596239
xception_deepfakebench,external,1,official,86,faceswap_faces_c23/418_507,ffpp_test:36,1,faceswap,h264_crf30_then_resize075,3.2344512939453125,0.9621103546894653
xception_deepfakebench,external,1,official,87,faceswap_faces_c23/507_418,ffpp_test:36,1,faceswap,h264_crf30_then_resize075,3.1965179443359375,0.9607030308170159
xception_deepfakebench,external,1,official,88,neuraltextures_faces_c23/418_507,ffpp_test:36,1,neuraltextures,h264_crf30_then_resize075,2.2995200157165527,0.9088372790923298
xception_deepfakebench,external,1,official,89,neuraltextures_faces_c23/507_418,ffpp_test:36,1,neuraltextures,h264_crf30_then_resize075,2.598529815673828,0.9307669011372756
xception_deepfakebench,external,1,official,90,original_faces_c23/227,ffpp_test:16,0,real,h264_crf30_then_resize075,0.18177580833435059,0.5453192325657922
xception_deepfakebench,external,1,official,91,original_faces_c23/169,ffpp_test:16,0,real,h264_crf30_then_resize075,0.6245841979980469,0.6512604335389769
xception_deepfakebench,external,1,official,92,deepfakes_faces_c23/227_169,ffpp_test:16,1,deepfakes,h264_crf30_then_resize075,7.1883544921875,0.999245239092797
xception_deepfakebench,external,1,official,93,deepfakes_faces_c23/169_227,ffpp_test:16,1,deepfakes,h264_crf30_then_resize075,2.403087615966797,0.9170624468417958
xception_deepfakebench,external,1,official,94,face2face_faces_c23/227_169,ffpp_test:16,1,face2face,h264_crf30_then_resize075,-0.35817909240722656,0.41140042767899954
xception_deepfakebench,external,1,official,95,face2face_faces_c23/169_227,ffpp_test:16,1,face2face,h264_crf30_then_resize075,4.1529541015625,0.9845253142870718
xception_deepfakebench,external,1,official,96,faceswap_faces_c23/227_169,ffpp_test:16,1,faceswap,h264_crf30_then_resize075,1.6085662841796875,0.8332122386780461
xception_deepfakebench,external,1,official,97,faceswap_faces_c23/169_227,ffpp_test:16,1,faceswap,h264_crf30_then_resize075,3.100860595703125,0.9569282298330635
xception_deepfakebench,external,1,official,98,neuraltextures_faces_c23/227_169,ffpp_test:16,1,neuraltextures,h264_crf30_then_resize075,0.09122848510742188,0.5227913164821575
xception_deepfakebench,external,1,official,99,neuraltextures_faces_c23/169_227,ffpp_test:16,1,neuraltextures,h264_crf30_then_resize075,2.1032333374023438,0.8912170451028082
xception_deepfakebench,external,1,official,100,original_faces_c23/389,ffpp_test:33,0,real,h264_crf30_then_resize075,-2.5674400329589844,0.0712635497986808
xception_deepfakebench,external,1,official,101,original_faces_c23/480,ffpp_test:33,0,real,h264_crf30_then_resize075,-3.0755767822265625,0.04412600611970295
xception_deepfakebench,external,1,official,102,deepfakes_faces_c23/389_480,ffpp_test:33,1,deepfakes,h264_crf30_then_resize075,3.7424545288085938,0.9768526276170623
xception_deepfakebench,external,1,official,103,deepfakes_faces_c23/480_389,ffpp_test:33,1,deepfakes,h264_crf30_then_resize075,0.161224365234375,0.5402190103071672
xception_deepfakebench,external,1,official,104,face2face_faces_c23/389_480,ffpp_test:33,1,face2face,h264_crf30_then_resize075,2.2520675659179688,0.9048287299382709
xception_deepfakebench,external,1,official,105,face2face_faces_c23/480_389,ffpp_test:33,1,face2face,h264_crf30_then_resize075,-0.5680246353149414,0.3616927547689724
xception_deepfakebench,external,1,official,106,faceswap_faces_c23/389_480,ffpp_test:33,1,faceswap,h264_crf30_then_resize075,0.630842924118042,0.6526805681018213
xception_deepfakebench,external,1,official,107,faceswap_faces_c23/480_389,ffpp_test:33,1,faceswap,h264_crf30_then_resize075,1.3933486938476562,0.8011263049666998
xception_deepfakebench,external,1,official,108,neuraltextures_faces_c23/389_480,ffpp_test:33,1,neuraltextures,h264_crf30_then_resize075,0.1980762481689453,0.5493577913463403
xception_deepfakebench,external,1,official,109,neuraltextures_faces_c23/480_389,ffpp_test:33,1,neuraltextures,h264_crf30_then_resize075,-0.5817279815673828,0.35853508212628726
xception_deepfakebench,external,1,official,110,original_faces_c23/821,ffpp_test:64,0,real,h264_crf30_then_resize075,-1.0680503845214844,0.25577402389977494
xception_deepfakebench,external,1,official,111,original_faces_c23/812,ffpp_test:64,0,real,h264_crf30_then_resize075,-1.0971488952636719,0.25027448663482993
xception_deepfakebench,external,1,official,112,deepfakes_faces_c23/821_812,ffpp_test:64,1,deepfakes,h264_crf30_then_resize075,0.35690081119537354,0.5882900013591869
xception_deepfakebench,external,1,official,113,deepfakes_faces_c23/812_821,ffpp_test:64,1,deepfakes,h264_crf30_then_resize075,3.95269775390625,0.9811589736437194
xception_deepfakebench,external,1,official,114,face2face_faces_c23/821_812,ffpp_test:64,1,face2face,h264_crf30_then_resize075,2.8972549438476562,0.9477105720570348
xception_deepfakebench,external,1,official,115,face2face_faces_c23/812_821,ffpp_test:64,1,face2face,h264_crf30_then_resize075,1.7137327194213867,0.8473198085317436
xception_deepfakebench,external,1,official,116,faceswap_faces_c23/821_812,ffpp_test:64,1,faceswap,h264_crf30_then_resize075,2.8007049560546875,0.9427139067114095
xception_deepfakebench,external,1,official,117,faceswap_faces_c23/812_821,ffpp_test:64,1,faceswap,h264_crf30_then_resize075,1.527547836303711,0.8216472500603202
xception_deepfakebench,external,1,official,118,neuraltextures_faces_c23/821_812,ffpp_test:64,1,neuraltextures,h264_crf30_then_resize075,0.8134269714355469,0.6928392899702445
xception_deepfakebench,external,1,official,119,neuraltextures_faces_c23/812_821,ffpp_test:64,1,neuraltextures,h264_crf30_then_resize075,0.4255361557006836,0.604807241404308
xception_deepfakebench,external,1,official,120,original_faces_c23/670,ffpp_test:54,0,real,h264_crf30_then_resize075,-2.6937713623046875,0.06334189572248643
xception_deepfakebench,external,1,official,121,original_faces_c23/661,ffpp_test:54,0,real,h264_crf30_then_resize075,-1.4769349098205566,0.18589082950863675
xception_deepfakebench,external,1,official,122,deepfakes_faces_c23/670_661,ffpp_test:54,1,deepfakes,h264_crf30_then_resize075,6.51141357421875,0.9985158289050454
xception_deepfakebench,external,1,official,123,deepfakes_faces_c23/661_670,ffpp_test:54,1,deepfakes,h264_crf30_then_resize075,5.04656982421875,0.993609741692043
xception_deepfakebench,external,1,official,124,face2face_faces_c23/670_661,ffpp_test:54,1,face2face,h264_crf30_then_resize075,1.7753636837005615,0.8551234301411769
xception_deepfakebench,external,1,official,125,face2face_faces_c23/661_670,ffpp_test:54,1,face2face,h264_crf30_then_resize075,3.0769710540771484,0.9559327653702296
xception_deepfakebench,external,1,official,126,faceswap_faces_c23/670_661,ffpp_test:54,1,faceswap,h264_crf30_then_resize075,4.632537841796875,0.9903637268162171
xception_deepfakebench,external,1,official,127,faceswap_faces_c23/661_670,ffpp_test:54,1,faceswap,h264_crf30_then_resize075,2.1219940185546875,0.8930225739430507
xception_deepfakebench,external,1,official,128,neuraltextures_faces_c23/670_661,ffpp_test:54,1,neuraltextures,h264_crf30_then_resize075,0.016633987426757812,0.5041584009749613
xception_deepfakebench,external,1,official,129,neuraltextures_faces_c23/661_670,ffpp_test:54,1,neuraltextures,h264_crf30_then_resize075,-0.06568384170532227,0.4835849408652134
xception_deepfakebench,external,1,official,130,original_faces_c23/158,ffpp_test:15,0,real,h264_crf30_then_resize075,-0.9610481262207031,0.27666839162811624
xception_deepfakebench,external,1,official,131,original_faces_c23/379,ffpp_test:15,0,real,h264_crf30_then_resize075,-3.05096435546875,0.045175857760557415
xception_deepfakebench,external,1,official,132,deepfakes_faces_c23/158_379,ffpp_test:15,1,deepfakes,h264_crf30_then_resize075,-1.0307235717773438,0.2629438487345621
xception_deepfakebench,external,1,official,133,deepfakes_faces_c23/379_158,ffpp_test:15,1,deepfakes,h264_crf30_then_resize075,2.3342514038085938,0.9116742777110501
xception_deepfakebench,external,1,official,134,face2face_faces_c23/158_379,ffpp_test:15,1,face2face,h264_crf30_then_resize075,1.1268095970153809,0.7552496410555297
xception_deepfakebench,external,1,official,135,face2face_faces_c23/379_158,ffpp_test:15,1,face2face,h264_crf30_then_resize075,-0.5224592685699463,0.372277354492636
xception_deepfakebench,external,1,official,136,faceswap_faces_c23/158_379,ffpp_test:15,1,faceswap,h264_crf30_then_resize075,2.196774959564209,0.8999595271222708
xception_deepfakebench,external,1,official,137,faceswap_faces_c23/379_158,ffpp_test:15,1,faceswap,h264_crf30_then_resize075,1.1622161865234375,0.7617351742313985
xception_deepfakebench,external,1,official,138,neuraltextures_faces_c23/158_379,ffpp_test:15,1,neuraltextures,h264_crf30_then_resize075,1.0277938842773438,0.736487970797353
xception_deepfakebench,external,1,official,139,neuraltextures_faces_c23/379_158,ffpp_test:15,1,neuraltextures,h264_crf30_then_resize075,-1.0124835968017578,0.26649408824243703
xception_deepfakebench,external,1,official,140,original_faces_c23/423,ffpp_test:37,0,real,h264_crf30_then_resize075,0.6450510025024414,0.6558943524086254
xception_deepfakebench,external,1,official,141,original_faces_c23/421,ffpp_test:37,0,real,h264_crf30_then_resize075,-1.3597726821899414,0.20427724986810775
xception_deepfakebench,external,1,official,142,deepfakes_faces_c23/423_421,ffpp_test:37,1,deepfakes,h264_crf30_then_resize075,4.99884033203125,0.9932994351252651
xception_deepfakebench,external,1,official,143,deepfakes_faces_c23/421_423,ffpp_test:37,1,deepfakes,h264_crf30_then_resize075,3.3604736328125,0.9664461390766783
xception_deepfakebench,external,1,official,144,face2face_faces_c23/423_421,ffpp_test:37,1,face2face,h264_crf30_then_resize075,2.12591552734375,0.8933966314552433
xception_deepfakebench,external,1,official,145,face2face_faces_c23/421_423,ffpp_test:37,1,face2face,h264_crf30_then_resize075,2.1943845748901367,0.8997441092597142
xception_deepfakebench,external,1,official,146,faceswap_faces_c23/423_421,ffpp_test:37,1,faceswap,h264_crf30_then_resize075,2.117931365966797,0.8926338353420716
xception_deepfakebench,external,1,official,147,faceswap_faces_c23/421_423,ffpp_test:37,1,faceswap,h264_crf30_then_resize075,2.7433624267578125,0.9395373882042419
xception_deepfakebench,external,1,official,148,neuraltextures_faces_c23/423_421,ffpp_test:37,1,neuraltextures,h264_crf30_then_resize075,-0.6231575012207031,0.3490636681214079
xception_deepfakebench,external,1,official,149,neuraltextures_faces_c23/421_423,ffpp_test:37,1,neuraltextures,h264_crf30_then_resize075,-0.590179443359375,0.3565936827257926
xception_deepfakebench,external,1,official,150,original_faces_c23/352,ffpp_test:28,0,real,h264_crf30_then_resize075,-0.9679527282714844,0.27528875490504284
xception_deepfakebench,external,1,official,151,original_faces_c23/319,ffpp_test:28,0,real,h264_crf30_then_resize075,-3.291259765625,0.035872250859896336
xception_deepfakebench,external,1,official,152,deepfakes_faces_c23/352_319,ffpp_test:28,1,deepfakes,h264_crf30_then_resize075,-0.5617895126342773,0.363133502216929
xception_deepfakebench,external,1,official,153,deepfakes_faces_c23/319_352,ffpp_test:28,1,deepfakes,h264_crf30_then_resize075,3.7142333984375,0.9762058424398156
xception_deepfakebench,external,1,official,154,face2face_faces_c23/352_319,ffpp_test:28,1,face2face,h264_crf30_then_resize075,2.953296661376953,0.9504190667828815
xception_deepfakebench,external,1,official,155,face2face_faces_c23/319_352,ffpp_test:28,1,face2face,h264_crf30_then_resize075,-0.024072647094726562,0.49398212883269776
xception_deepfakebench,external,1,official,156,faceswap_faces_c23/352_319,ffpp_test:28,1,faceswap,h264_crf30_then_resize075,0.5808238983154297,0.6412569632843628
xception_deepfakebench,external,1,official,157,faceswap_faces_c23/319_352,ffpp_test:28,1,faceswap,h264_crf30_then_resize075,0.8863677978515625,0.7081400452277937
xception_deepfakebench,external,1,official,158,neuraltextures_faces_c23/352_319,ffpp_test:28,1,neuraltextures,h264_crf30_then_resize075,1.4679203033447266,0.8127410765630845
xception_deepfakebench,external,1,official,159,neuraltextures_faces_c23/319_352,ffpp_test:28,1,neuraltextures,h264_crf30_then_resize075,-1.7189569473266602,0.15200556421700095
xception_deepfakebench,external,1,official,160,original_faces_c23/579,ffpp_test:48,0,real,h264_crf30_then_resize075,-2.169769287109375,0.10249825532174882
xception_deepfakebench,external,1,official,161,original_faces_c23/701,ffpp_test:48,0,real,h264_crf30_then_resize075,-1.3873214721679688,0.19983571286908866
xception_deepfakebench,external,1,official,162,deepfakes_faces_c23/579_701,ffpp_test:48,1,deepfakes,h264_crf30_then_resize075,4.6451416015625,0.9904832693253592
xception_deepfakebench,external,1,official,163,deepfakes_faces_c23/701_579,ffpp_test:48,1,deepfakes,h264_crf30_then_resize075,-1.2386932373046875,0.22466352859725333
xception_deepfakebench,external,1,official,164,face2face_faces_c23/579_701,ffpp_test:48,1,face2face,h264_crf30_then_resize075,1.6461715698242188,0.8383729555972198
xception_deepfakebench,external,1,official,165,face2face_faces_c23/701_579,ffpp_test:48,1,face2face,h264_crf30_then_resize075,3.760406494140625,0.9772550936695159
xception_deepfakebench,external,1,official,166,faceswap_faces_c23/579_701,ffpp_test:48,1,faceswap,h264_crf30_then_resize075,2.527925491333008,0.9260764603901006
xception_deepfakebench,external,1,official,167,faceswap_faces_c23/701_579,ffpp_test:48,1,faceswap,h264_crf30_then_resize075,1.2646675109863281,0.7798285472837169
xception_deepfakebench,external,1,official,168,neuraltextures_faces_c23/579_701,ffpp_test:48,1,neuraltextures,h264_crf30_then_resize075,-0.3739643096923828,0.4075834530240994
xception_deepfakebench,external,1,official,169,neuraltextures_faces_c23/701_579,ffpp_test:48,1,neuraltextures,h264_crf30_then_resize075,-0.14575731754302979,0.46362504723838405
xception_deepfakebench,external,1,official,170,original_faces_c23/488,ffpp_test:34,0,real,h264_crf30_then_resize075,-2.2632598876953125,0.09421181510903497
xception_deepfakebench,external,1,official,171,original_faces_c23/399,ffpp_test:34,0,real,h264_crf30_then_resize075,1.7522709369659424,0.8522390046141944
xception_deepfakebench,external,1,official,172,deepfakes_faces_c23/488_399,ffpp_test:34,1,deepfakes,h264_crf30_then_resize075,3.05267333984375,0.954897802007103
xception_deepfakebench,external,1,official,173,deepfakes_faces_c23/399_488,ffpp_test:34,1,deepfakes,h264_crf30_then_resize075,3.3423385620117188,0.9658530543433573
xception_deepfakebench,external,1,official,174,face2face_faces_c23/488_399,ffpp_test:34,1,face2face,h264_crf30_then_resize075,3.1047210693359375,0.9570870650266378
xception_deepfakebench,external,1,official,175,face2face_faces_c23/399_488,ffpp_test:34,1,face2face,h264_crf30_then_resize075,7.5362548828125,0.9994668928553319
xception_deepfakebench,external,1,official,176,faceswap_faces_c23/488_399,ffpp_test:34,1,faceswap,h264_crf30_then_resize075,2.0662841796875,0.8875827319082628
xception_deepfakebench,external,1,official,177,faceswap_faces_c23/399_488,ffpp_test:34,1,faceswap,h264_crf30_then_resize075,5.50830078125,0.9959633719575156
xception_deepfakebench,external,1,official,178,neuraltextures_faces_c23/488_399,ffpp_test:34,1,neuraltextures,h264_crf30_then_resize075,-0.08591485023498535,0.4785344895415381
xception_deepfakebench,external,1,official,179,neuraltextures_faces_c23/399_488,ffpp_test:34,1,neuraltextures,h264_crf30_then_resize075,2.8282318115234375,0.9441824883045141
xception_deepfakebench,external,1,official,180,original_faces_c23/695,ffpp_test:38,0,real,h264_crf30_then_resize075,-1.8672866821289062,0.13385598830245463
xception_deepfakebench,external,1,official,181,original_faces_c23/422,ffpp_test:38,0,real,h264_crf30_then_resize075,-0.012295961380004883,0.4969260483843006
xception_deepfakebench,external,1,official,182,deepfakes_faces_c23/695_422,ffpp_test:38,1,deepfakes,h264_crf30_then_resize075,2.3757476806640625,0.9149591492587896
xception_deepfakebench,external,1,official,183,deepfakes_faces_c23/422_695,ffpp_test:38,1,deepfakes,h264_crf30_then_resize075,3.0845947265625,0.9562528010072224
xception_deepfakebench,external,1,official,184,face2face_faces_c23/695_422,ffpp_test:38,1,face2face,h264_crf30_then_resize075,0.60064697265625,0.6458043094212125
xception_deepfakebench,external,1,official,185,face2face_faces_c23/422_695,ffpp_test:38,1,face2face,h264_crf30_then_resize075,5.57366943359375,0.9962178353280983
xception_deepfakebench,external,1,official,186,faceswap_faces_c23/695_422,ffpp_test:38,1,faceswap,h264_crf30_then_resize075,2.9324569702148438,0.9494277760442439
xception_deepfakebench,external,1,official,187,faceswap_faces_c23/422_695,ffpp_test:38,1,faceswap,h264_crf30_then_resize075,2.8215866088867188,0.9438312378989878
xception_deepfakebench,external,1,official,188,neuraltextures_faces_c23/695_422,ffpp_test:38,1,neuraltextures,h264_crf30_then_resize075,-0.6776976585388184,0.33677535491676003
xception_deepfakebench,external,1,official,189,neuraltextures_faces_c23/422_695,ffpp_test:38,1,neuraltextures,h264_crf30_then_resize075,0.8523346185684204,0.701056652563522
xception_deepfakebench,external,1,official,190,original_faces_c23/288,ffpp_test:25,0,real,h264_crf30_then_resize075,-0.023101806640625,0.4942248051862058
xception_deepfakebench,external,1,official,191,original_faces_c23/321,ffpp_test:25,0,real,h264_crf30_then_resize075,-1.4931106567382812,0.18345529385078715
xception_deepfakebench,external,1,official,192,deepfakes_faces_c23/288_321,ffpp_test:25,1,deepfakes,h264_crf30_then_resize075,3.159120559692383,0.9592665968841445
xception_deepfakebench,external,1,official,193,deepfakes_faces_c23/321_288,ffpp_test:25,1,deepfakes,h264_crf30_then_resize075,5.32208251953125,0.9951411486342134
xception_deepfakebench,external,1,official,194,face2face_faces_c23/288_321,ffpp_test:25,1,face2face,h264_crf30_then_resize075,4.33319091796875,0.9870444514303297
xception_deepfakebench,external,1,official,195,face2face_faces_c23/321_288,ffpp_test:25,1,face2face,h264_crf30_then_resize075,1.456742525100708,0.8110339468210129
xception_deepfakebench,external,1,official,196,faceswap_faces_c23/288_321,ffpp_test:25,1,faceswap,h264_crf30_then_resize075,2.770366668701172,0.9410533296565501
xception_deepfakebench,external,1,official,197,faceswap_faces_c23/321_288,ffpp_test:25,1,faceswap,h264_crf30_then_resize075,3.6083831787109375,0.9736191843178892
xception_deepfakebench,external,1,official,198,neuraltextures_faces_c23/288_321,ffpp_test:25,1,neuraltextures,h264_crf30_then_resize075,0.592681884765625,0.6439802577205873
xception_deepfakebench,external,1,official,199,neuraltextures_faces_c23/321_288,ffpp_test:25,1,neuraltextures,h264_crf30_then_resize075,0.4569530487060547,0.6122911061705923
xception_deepfakebench,external,1,official,200,original_faces_c23/705,ffpp_test:57,0,real,h264_crf30_then_resize075,0.3018684387207031,0.5748992085321216
xception_deepfakebench,external,1,official,201,original_faces_c23/707,ffpp_test:57,0,real,h264_crf30_then_resize075,-3.6729736328125,0.024771605592073673
xception_deepfakebench,external,1,official,202,deepfakes_faces_c23/705_707,ffpp_test:57,1,deepfakes,h264_crf30_then_resize075,1.1682310104370117,0.7628251137166451
xception_deepfakebench,external,1,official,203,deepfakes_faces_c23/707_705,ffpp_test:57,1,deepfakes,h264_crf30_then_resize075,3.857269287109375,0.979311449423838
xception_deepfakebench,external,1,official,204,face2face_faces_c23/705_707,ffpp_test:57,1,face2face,h264_crf30_then_resize075,4.84588623046875,0.9922006598463472
xception_deepfakebench,external,1,official,205,face2face_faces_c23/707_705,ffpp_test:57,1,face2face,h264_crf30_then_resize075,2.7984657287597656,0.9425928586431822
xception_deepfakebench,external,1,official,206,faceswap_faces_c23/705_707,ffpp_test:57,1,faceswap,h264_crf30_then_resize075,3.683380126953125,0.9754785547977761
xception_deepfakebench,external,1,official,207,faceswap_faces_c23/707_705,ffpp_test:57,1,faceswap,h264_crf30_then_resize075,4.511962890625,0.989142291325951
xception_deepfakebench,external,1,official,208,neuraltextures_faces_c23/705_707,ffpp_test:57,1,neuraltextures,h264_crf30_then_resize075,1.4030132293701172,0.8026616072044426
xception_deepfakebench,external,1,official,209,neuraltextures_faces_c23/707_705,ffpp_test:57,1,neuraltextures,h264_crf30_then_resize075,-1.335822343826294,0.20819791209226352
xception_deepfakebench,external,1,official,210,original_faces_c23/306,ffpp_test:24,0,real,h264_crf30_then_resize075,1.1303520202636719,0.7559038573366588
xception_deepfakebench,external,1,official,211,original_faces_c23/278,ffpp_test:24,0,real,h264_crf30_then_resize075,-1.2991771697998047,0.21430353050241638
xception_deepfakebench,external,1,official,212,deepfakes_faces_c23/306_278,ffpp_test:24,1,deepfakes,h264_crf30_then_resize075,5.04302978515625,0.9935872251651144
xception_deepfakebench,external,1,official,213,deepfakes_faces_c23/278_306,ffpp_test:24,1,deepfakes,h264_crf30_then_resize075,3.978271484375,0.9816259589817776
xception_deepfakebench,external,1,official,214,face2face_faces_c23/306_278,ffpp_test:24,1,face2face,h264_crf30_then_resize075,2.5568084716796875,0.9280295843860816
xception_deepfakebench,external,1,official,215,face2face_faces_c23/278_306,ffpp_test:24,1,face2face,h264_crf30_then_resize075,3.3027191162109375,0.9645219746929645
xception_deepfakebench,external,1,official,216,faceswap_faces_c23/306_278,ffpp_test:24,1,faceswap,h264_crf30_then_resize075,4.4010162353515625,0.9878837348382258
xception_deepfakebench,external,1,official,217,faceswap_faces_c23/278_306,ffpp_test:24,1,faceswap,h264_crf30_then_resize075,3.6112418174743652,0.9736925087535532
xception_deepfakebench,external,1,official,218,neuraltextures_faces_c23/306_278,ffpp_test:24,1,neuraltextures,h264_crf30_then_resize075,3.8307952880859375,0.9787682104654941
xception_deepfakebench,external,1,official,219,neuraltextures_faces_c23/278_306,ffpp_test:24,1,neuraltextures,h264_crf30_then_resize075,0.8501224517822266,0.7005928288989255
xception_deepfakebench,external,1,official,220,original_faces_c23/865,ffpp_test:61,0,real,h264_crf30_then_resize075,-0.7203636169433594,0.32731291702834087
xception_deepfakebench,external,1,official,221,original_faces_c23/739,ffpp_test:61,0,real,h264_crf30_then_resize075,-1.391845703125,0.19911326432831636
xception_deepfakebench,external,1,official,222,deepfakes_faces_c23/865_739,ffpp_test:61,1,deepfakes,h264_crf30_then_resize075,5.94500732421875,0.997387957467201
xception_deepfakebench,external,1,official,223,deepfakes_faces_c23/739_865,ffpp_test:61,1,deepfakes,h264_crf30_then_resize075,8.48583984375,0.9997936725715367
xception_deepfakebench,external,1,official,224,face2face_faces_c23/865_739,ffpp_test:61,1,face2face,h264_crf30_then_resize075,0.10965394973754883,0.5273860521335109
xception_deepfakebench,external,1,official,225,face2face_faces_c23/739_865,ffpp_test:61,1,face2face,h264_crf30_then_resize075,4.23486328125,0.9857249384488989
xception_deepfakebench,external,1,official,226,faceswap_faces_c23/865_739,ffpp_test:61,1,faceswap,h264_crf30_then_resize075,2.582307815551758,0.9297142245314809
xception_deepfakebench,external,1,official,227,faceswap_faces_c23/739_865,ffpp_test:61,1,faceswap,h264_crf30_then_resize075,6.65264892578125,0.9987110646256461
xception_deepfakebench,external,1,official,228,neuraltextures_faces_c23/865_739,ffpp_test:61,1,neuraltextures,h264_crf30_then_resize075,0.47270774841308594,0.616024443564833
xception_deepfakebench,external,1,official,229,neuraltextures_faces_c23/739_865,ffpp_test:61,1,neuraltextures,h264_crf30_then_resize075,-0.2529945373535156,0.4370865791671675
xception_deepfakebench,external,1,official,230,original_faces_c23/995,ffpp_test:21,0,real,h264_crf30_then_resize075,-0.5715599060058594,0.3608769626489558
xception_deepfakebench,external,1,official,231,original_faces_c23/233,ffpp_test:21,0,real,h264_crf30_then_resize075,-4.980224609375,0.006825609621864596
xception_deepfakebench,external,1,official,232,deepfakes_faces_c23/995_233,ffpp_test:21,1,deepfakes,h264_crf30_then_resize075,1.4168624877929688,0.8048460822245206
xception_deepfakebench,external,1,official,233,deepfakes_faces_c23/233_995,ffpp_test:21,1,deepfakes,h264_crf30_then_resize075,5.4547119140625,0.995742098756652
xception_deepfakebench,external,1,official,234,face2face_faces_c23/995_233,ffpp_test:21,1,face2face,h264_crf30_then_resize075,6.50909423828125,0.9985123877454223
xception_deepfakebench,external,1,official,235,face2face_faces_c23/233_995,ffpp_test:21,1,face2face,h264_crf30_then_resize075,-4.130950927734375,0.01581350744374843
xception_deepfakebench,external,1,official,236,faceswap_faces_c23/995_233,ffpp_test:21,1,faceswap,h264_crf30_then_resize075,-0.07573699951171875,0.4810747956518377
xception_deepfakebench,external,1,official,237,faceswap_faces_c23/233_995,ffpp_test:21,1,faceswap,h264_crf30_then_resize075,2.9042510986328125,0.9480561842577897
xception_deepfakebench,external,1,official,238,neuraltextures_faces_c23/995_233,ffpp_test:21,1,neuraltextures,h264_crf30_then_resize075,2.404022216796875,0.9171335038650259
xception_deepfakebench,external,1,official,239,neuraltextures_faces_c23/233_995,ffpp_test:21,1,neuraltextures,h264_crf30_then_resize075,-4.3138275146484375,0.01320551155785517
xception_deepfakebench,external,1,official,240,original_faces_c23/755,ffpp_test:62,0,real,h264_crf30_then_resize075,-1.1758861541748047,0.2357926827158973
xception_deepfakebench,external,1,official,241,original_faces_c23/759,ffpp_test:62,0,real,h264_crf30_then_resize075,-0.6619453430175781,0.34030275270787486
xception_deepfakebench,external,1,official,242,deepfakes_faces_c23/755_759,ffpp_test:62,1,deepfakes,h264_crf30_then_resize075,4.321380615234375,0.9868925528176766
xception_deepfakebench,external,1,official,243,deepfakes_faces_c23/759_755,ffpp_test:62,1,deepfakes,h264_crf30_then_resize075,-0.014566421508789062,0.49635845901128184
xception_deepfakebench,external,1,official,244,face2face_faces_c23/755_759,ffpp_test:62,1,face2face,h264_crf30_then_resize075,2.1589622497558594,0.8965033003595421
xception_deepfakebench,external,1,official,245,face2face_faces_c23/759_755,ffpp_test:62,1,face2face,h264_crf30_then_resize075,1.838104248046875,0.8627243458783967
xception_deepfakebench,external,1,official,246,faceswap_faces_c23/755_759,ffpp_test:62,1,faceswap,h264_crf30_then_resize075,0.7119995355606079,0.6708428334386131
xception_deepfakebench,external,1,official,247,faceswap_faces_c23/759_755,ffpp_test:62,1,faceswap,h264_crf30_then_resize075,-1.520925521850586,0.17932527204050172
xception_deepfakebench,external,1,official,248,neuraltextures_faces_c23/755_759,ffpp_test:62,1,neuraltextures,h264_crf30_then_resize075,0.6755924224853516,0.662754262906293
xception_deepfakebench,external,1,official,249,neuraltextures_faces_c23/759_755,ffpp_test:62,1,neuraltextures,h264_crf30_then_resize075,1.5381317138671875,0.8231929672469623
xception_deepfakebench,external,1,official,250,original_faces_c23/467,ffpp_test:43,0,real,h264_crf30_then_resize075,-0.9367637634277344,0.2815545105630537
xception_deepfakebench,external,1,official,251,original_faces_c23/462,ffpp_test:43,0,real,h264_crf30_then_resize075,-2.0808639526367188,0.11097070376970508
xception_deepfakebench,external,1,official,252,deepfakes_faces_c23/467_462,ffpp_test:43,1,deepfakes,h264_crf30_then_resize075,0.390380859375,0.5963743800746562
xception_deepfakebench,external,1,official,253,deepfakes_faces_c23/462_467,ffpp_test:43,1,deepfakes,h264_crf30_then_resize075,6.02203369140625,0.9975811316929365
xception_deepfakebench,external,1,official,254,face2face_faces_c23/467_462,ffpp_test:43,1,face2face,h264_crf30_then_resize075,2.653045654296875,0.9341984598163362
xception_deepfakebench,external,1,official,255,face2face_faces_c23/462_467,ffpp_test:43,1,face2face,h264_crf30_then_resize075,2.411256790161133,0.9176816721920196
xception_deepfakebench,external,1,official,256,faceswap_faces_c23/467_462,ffpp_test:43,1,faceswap,h264_crf30_then_resize075,3.0355987548828125,0.9541566956477884
xception_deepfakebench,external,1,official,257,faceswap_faces_c23/462_467,ffpp_test:43,1,faceswap,h264_crf30_then_resize075,5.44744873046875,0.9957111933736106
xception_deepfakebench,external,1,official,258,neuraltextures_faces_c23/467_462,ffpp_test:43,1,neuraltextures,h264_crf30_then_resize075,0.6497431993484497,0.6569525909004669
xception_deepfakebench,external,1,official,259,neuraltextures_faces_c23/462_467,ffpp_test:43,1,neuraltextures,h264_crf30_then_resize075,-0.14342689514160156,0.46420461823755604
xception_deepfakebench,external,1,official,260,original_faces_c23/314,ffpp_test:27,0,real,h264_crf30_then_resize075,-0.14086055755615234,0.4648429726523789
xception_deepfakebench,external,1,official,261,original_faces_c23/347,ffpp_test:27,0,real,h264_crf30_then_resize075,-1.57232666015625,0.171884960845992
xception_deepfakebench,external,1,official,262,deepfakes_faces_c23/314_347,ffpp_test:27,1,deepfakes,h264_crf30_then_resize075,3.327484130859375,0.9653597366848404
xception_deepfakebench,external,1,official,263,deepfakes_faces_c23/347_314,ffpp_test:27,1,deepfakes,h264_crf30_then_resize075,3.0427093505859375,0.9544667226777883
xception_deepfakebench,external,1,official,264,face2face_faces_c23/314_347,ffpp_test:27,1,face2face,h264_crf30_then_resize075,2.7607421875,0.9405171690017883
xception_deepfakebench,external,1,official,265,face2face_faces_c23/347_314,ffpp_test:27,1,face2face,h264_crf30_then_resize075,1.4935379028320312,0.8166086987231594
xception_deepfakebench,external,1,official,266,faceswap_faces_c23/314_347,ffpp_test:27,1,faceswap,h264_crf30_then_resize075,2.3678741455078125,0.9143445131531088
xception_deepfakebench,external,1,official,267,faceswap_faces_c23/347_314,ffpp_test:27,1,faceswap,h264_crf30_then_resize075,4.7674560546875,0.9915696930638305
xception_deepfakebench,external,1,official,268,neuraltextures_faces_c23/314_347,ffpp_test:27,1,neuraltextures,h264_crf30_then_resize075,2.0784759521484375,0.8887934862046232
xception_deepfakebench,external,1,official,269,neuraltextures_faces_c23/347_314,ffpp_test:27,1,neuraltextures,h264_crf30_then_resize075,-1.0861873626708984,0.25233690252076074
xception_deepfakebench,external,1,official,270,original_faces_c23/741,ffpp_test:60,0,real,h264_crf30_then_resize075,-2.4619216918945312,0.07857109841338886
xception_deepfakebench,external,1,official,271,original_faces_c23/731,ffpp_test:60,0,real,h264_crf30_then_resize075,-2.5584564208984375,0.07186042558208594
xception_deepfakebench,external,1,official,272,deepfakes_faces_c23/741_731,ffpp_test:60,1,deepfakes,h264_crf30_then_resize075,-0.22937774658203125,0.4429056748984983
xception_deepfakebench,external,1,official,273,deepfakes_faces_c23/731_741,ffpp_test:60,1,deepfakes,h264_crf30_then_resize075,3.6722412109375,0.9752106944199345
xception_deepfakebench,external,1,official,274,face2face_faces_c23/741_731,ffpp_test:60,1,face2face,h264_crf30_then_resize075,0.6508255004882812,0.6571964632034404
xception_deepfakebench,external,1,official,275,face2face_faces_c23/731_741,ffpp_test:60,1,face2face,h264_crf30_then_resize075,0.6248650550842285,0.6513242191691838
xception_deepfakebench,external,1,official,276,faceswap_faces_c23/741_731,ffpp_test:60,1,faceswap,h264_crf30_then_resize075,0.3280448913574219,0.581283592890241
xception_deepfakebench,external,1,official,277,faceswap_faces_c23/731_741,ffpp_test:60,1,faceswap,h264_crf30_then_resize075,0.14577865600585938,0.5363802591394907
xception_deepfakebench,external,1,official,278,neuraltextures_faces_c23/741_731,ffpp_test:60,1,neuraltextures,h264_crf30_then_resize075,-0.942051887512207,0.2804860572624149
xception_deepfakebench,external,1,official,279,neuraltextures_faces_c23/731_741,ffpp_test:60,1,neuraltextures,h264_crf30_then_resize075,0.3551708459854126,0.587870931446963
xception_deepfakebench,external,1,official,280,original_faces_c23/970,ffpp_test:69,0,real,h264_crf30_then_resize075,-2.4846572875976562,0.07694078498220491
xception_deepfakebench,external,1,official,281,original_faces_c23/973,ffpp_test:69,0,real,h264_crf30_then_resize075,-2.515289306640625,0.0747932693164871
xception_deepfakebench,external,1,official,282,deepfakes_faces_c23/970_973,ffpp_test:69,1,deepfakes,h264_crf30_then_resize075,3.0167694091796875,0.9533259889127729
xception_deepfakebench,external,1,official,283,deepfakes_faces_c23/973_970,ffpp_test:69,1,deepfakes,h264_crf30_then_resize075,5.420654296875,0.9955952368503996
xception_deepfakebench,external,1,official,284,face2face_faces_c23/970_973,ffpp_test:69,1,face2face,h264_crf30_then_resize075,3.9482498168945312,0.9810765726771461
xception_deepfakebench,external,1,official,285,face2face_faces_c23/973_970,ffpp_test:69,1,face2face,h264_crf30_then_resize075,2.8348007202148438,0.9445276739637358
xception_deepfakebench,external,1,official,286,faceswap_faces_c23/970_973,ffpp_test:69,1,faceswap,h264_crf30_then_resize075,0.8060197830200195,0.6912606962801328
xception_deepfakebench,external,1,official,287,faceswap_faces_c23/973_970,ffpp_test:69,1,faceswap,h264_crf30_then_resize075,2.7800140380859375,0.9415862165797648
xception_deepfakebench,external,1,official,288,neuraltextures_faces_c23/970_973,ffpp_test:69,1,neuraltextures,h264_crf30_then_resize075,0.13046741485595703,0.5325706660144018
xception_deepfakebench,external,1,official,289,neuraltextures_faces_c23/973_970,ffpp_test:69,1,neuraltextures,h264_crf30_then_resize075,1.7835044860839844,0.8561290597515431
xception_deepfakebench,external,1,official,290,original_faces_c23/634,ffpp_test:53,0,real,h264_crf30_then_resize075,-3.937591552734375,0.019122319452108225
xception_deepfakebench,external,1,official,291,original_faces_c23/660,ffpp_test:53,0,real,h264_crf30_then_resize075,-0.5648366212844849,0.3624290991431787
xception_deepfakebench,external,1,official,292,deepfakes_faces_c23/634_660,ffpp_test:53,1,deepfakes,h264_crf30_then_resize075,2.24835205078125,0.9045082915667457
xception_deepfakebench,external,1,official,293,deepfakes_faces_c23/660_634,ffpp_test:53,1,deepfakes,h264_crf30_then_resize075,4.35576057434082,0.9873299154183981
xception_deepfakebench,external,1,official,294,face2face_faces_c23/634_660,ffpp_test:53,1,face2face,h264_crf30_then_resize075,-0.2555422782897949,0.4364598289417225
xception_deepfakebench,external,1,official,295,face2face_faces_c23/660_634,ffpp_test:53,1,face2face,h264_crf30_then_resize075,5.70501708984375,0.9966818264426053
xception_deepfakebench,external,1,official,296,faceswap_faces_c23/634_660,ffpp_test:53,1,faceswap,h264_crf30_then_resize075,0.8184723854064941,0.6939119737476768
xception_deepfakebench,external,1,official,297,faceswap_faces_c23/660_634,ffpp_test:53,1,faceswap,h264_crf30_then_resize075,2.2617340087890625,0.9056578919164396
xception_deepfakebench,external,1,official,298,neuraltextures_faces_c23/634_660,ffpp_test:53,1,neuraltextures,h264_crf30_then_resize075,-0.47278499603271484,0.38395728457611245
xception_deepfakebench,external,1,official,299,neuraltextures_faces_c23/660_634,ffpp_test:53,1,neuraltextures,h264_crf30_then_resize075,1.313894271850586,0.7881640788416824
xception_deepfakebench,external,1,official,300,original_faces_c23/494,ffpp_test:40,0,real,h264_crf30_then_resize075,-1.0673608779907227,0.2559052961006204
xception_deepfakebench,external,1,official,301,original_faces_c23/445,ffpp_test:40,0,real,h264_crf30_then_resize075,-1.0036506652832031,0.2682242627434069
xception_deepfakebench,external,1,official,302,deepfakes_faces_c23/494_445,ffpp_test:40,1,deepfakes,h264_crf30_then_resize075,1.8066108226776123,0.858951762437532
xception_deepfakebench,external,1,official,303,deepfakes_faces_c23/445_494,ffpp_test:40,1,deepfakes,h264_crf30_then_resize075,2.65496826171875,0.9343165471433011
xception_deepfakebench,external,1,official,304,face2face_faces_c23/494_445,ffpp_test:40,1,face2face,h264_crf30_then_resize075,1.4793777465820312,0.8144785746067542
xception_deepfakebench,external,1,official,305,face2face_faces_c23/445_494,ffpp_test:40,1,face2face,h264_crf30_then_resize075,1.800445556640625,0.8582031637609656
xception_deepfakebench,external,1,official,306,faceswap_faces_c23/494_445,ffpp_test:40,1,faceswap,h264_crf30_then_resize075,2.7285003662109375,0.938687585211642
xception_deepfakebench,external,1,official,307,faceswap_faces_c23/445_494,ffpp_test:40,1,faceswap,h264_crf30_then_resize075,3.1686697006225586,0.9596380898168464
xception_deepfakebench,external,1,official,308,neuraltextures_faces_c23/494_445,ffpp_test:40,1,neuraltextures,h264_crf30_then_resize075,-0.5331258773803711,0.3697881223210623
xception_deepfakebench,external,1,official,309,neuraltextures_faces_c23/445_494,ffpp_test:40,1,neuraltextures,h264_crf30_then_resize075,0.7015167474746704,0.6685239687811722
xception_deepfakebench,external,1,official,310,original_faces_c23/706,ffpp_test:44,0,real,h264_crf30_then_resize075,-1.6817092895507812,0.1568692634148277
xception_deepfakebench,external,1,official,311,original_faces_c23/479,ffpp_test:44,0,real,h264_crf30_then_resize075,-1.673828125,0.15791445754192152
xception_deepfakebench,external,1,official,312,deepfakes_faces_c23/706_479,ffpp_test:44,1,deepfakes,h264_crf30_then_resize075,1.8749198913574219,0.8670265242257098
xception_deepfakebench,external,1,official,313,deepfakes_faces_c23/479_706,ffpp_test:44,1,deepfakes,h264_crf30_then_resize075,5.434295654296875,0.9956546564967036
xception_deepfakebench,external,1,official,314,face2face_faces_c23/706_479,ffpp_test:44,1,face2face,h264_crf30_then_resize075,0.6147527694702148,0.6490242092359914
xception_deepfakebench,external,1,official,315,face2face_faces_c23/479_706,ffpp_test:44,1,face2face,h264_crf30_then_resize075,3.4817657470703125,0.9701644728491486
xception_deepfakebench,external,1,official,316,faceswap_faces_c23/706_479,ffpp_test:44,1,faceswap,h264_crf30_then_resize075,0.4984760284423828,0.6221011254478691
xception_deepfakebench,external,1,official,317,faceswap_faces_c23/479_706,ffpp_test:44,1,faceswap,h264_crf30_then_resize075,-0.27654170989990234,0.4313018250726204
xception_deepfakebench,external,1,official,318,neuraltextures_faces_c23/706_479,ffpp_test:44,1,neuraltextures,h264_crf30_then_resize075,-0.4184856414794922,0.3968791795559369
xception_deepfakebench,external,1,official,319,neuraltextures_faces_c23/479_706,ffpp_test:44,1,neuraltextures,h264_crf30_then_resize075,0.9513149261474609,0.7213795433907977
xception_deepfakebench,external,1,official,320,original_faces_c23/186,ffpp_test:17,0,real,h264_crf30_then_resize075,-0.8271102905273438,0.3042564305144686
xception_deepfakebench,external,1,official,321,original_faces_c23/170,ffpp_test:17,0,real,h264_crf30_then_resize075,-2.2378158569335938,0.0964056382413706
xception_deepfakebench,external,1,official,322,deepfakes_faces_c23/186_170,ffpp_test:17,1,deepfakes,h264_crf30_then_resize075,0.3901405334472656,0.5963165294054025
xception_deepfakebench,external,1,official,323,deepfakes_faces_c23/170_186,ffpp_test:17,1,deepfakes,h264_crf30_then_resize075,4.361991882324219,0.9874076300515203
xception_deepfakebench,external,1,official,324,face2face_faces_c23/186_170,ffpp_test:17,1,face2face,h264_crf30_then_resize075,2.024658203125,0.8833618188509998
xception_deepfakebench,external,1,official,325,face2face_faces_c23/170_186,ffpp_test:17,1,face2face,h264_crf30_then_resize075,4.234203338623047,0.9857156492313329
xception_deepfakebench,external,1,official,326,faceswap_faces_c23/186_170,ffpp_test:17,1,faceswap,h264_crf30_then_resize075,1.286285400390625,0.783517791053442
xception_deepfakebench,external,1,official,327,faceswap_faces_c23/170_186,ffpp_test:17,1,faceswap,h264_crf30_then_resize075,0.8750762939453125,0.7058008702184575
xception_deepfakebench,external,1,official,328,neuraltextures_faces_c23/186_170,ffpp_test:17,1,neuraltextures,h264_crf30_then_resize075,0.07069635391235352,0.5176667309351181
xception_deepfakebench,external,1,official,329,neuraltextures_faces_c23/170_186,ffpp_test:17,1,neuraltextures,h264_crf30_then_resize075,-0.9978618621826172,0.26936201240630353
xception_deepfakebench,external,1,official,330,original_faces_c23/176,ffpp_test:18,0,real,h264_crf30_then_resize075,-2.0711669921875,0.11193098414253984
xception_deepfakebench,external,1,official,331,original_faces_c23/190,ffpp_test:18,0,real,h264_crf30_then_resize075,0.15557146072387695,0.5388146125855277
xception_deepfakebench,external,1,official,332,deepfakes_faces_c23/176_190,ffpp_test:18,1,deepfakes,h264_crf30_then_resize075,7.753662109375,0.9995710161070481
xception_deepfakebench,external,1,official,333,deepfakes_faces_c23/190_176,ffpp_test:18,1,deepfakes,h264_crf30_then_resize075,-0.09901809692382812,0.47526568160831373
xception_deepfakebench,external,1,official,334,face2face_faces_c23/176_190,ffpp_test:18,1,face2face,h264_crf30_then_resize075,7.0665283203125,0.9991475373367404
xception_deepfakebench,external,1,official,335,face2face_faces_c23/190_176,ffpp_test:18,1,face2face,h264_crf30_then_resize075,5.358642578125,0.9953147632222515
xception_deepfakebench,external,1,official,336,faceswap_faces_c23/176_190,ffpp_test:18,1,faceswap,h264_crf30_then_resize075,4.161493301391602,0.9846548740381534
xception_deepfakebench,external,1,official,337,faceswap_faces_c23/190_176,ffpp_test:18,1,faceswap,h264_crf30_then_resize075,0.745836615562439,0.6782708426089782
xception_deepfakebench,external,1,official,338,neuraltextures_faces_c23/176_190,ffpp_test:18,1,neuraltextures,h264_crf30_then_resize075,0.16803359985351562,0.5419098349731458
xception_deepfakebench,external,1,official,339,neuraltextures_faces_c23/190_176,ffpp_test:18,1,neuraltextures,h264_crf30_then_resize075,0.9340143203735352,0.7178889939018553
xception_deepfakebench,external,1,official,340,original_faces_c23/380,ffpp_test:29,0,real,h264_crf30_then_resize075,-1.271291732788086,0.2190362089267248
xception_deepfakebench,external,1,official,341,original_faces_c23/358,ffpp_test:29,0,real,h264_crf30_then_resize075,-2.0007591247558594,0.11912324182940938
xception_deepfakebench,external,1,official,342,deepfakes_faces_c23/380_358,ffpp_test:29,1,deepfakes,h264_crf30_then_resize075,2.3618860244750977,0.9138743666541467
xception_deepfakebench,external,1,official,343,deepfakes_faces_c23/358_380,ffpp_test:29,1,deepfakes,h264_crf30_then_resize075,0.7365779876708984,0.6762471035855059
xception_deepfakebench,external,1,official,344,face2face_faces_c23/380_358,ffpp_test:29,1,face2face,h264_crf30_then_resize075,2.206226348876953,0.9008072473252093
xception_deepfakebench,external,1,official,345,face2face_faces_c23/358_380,ffpp_test:29,1,face2face,h264_crf30_then_resize075,0.814854621887207,0.6931430288845137
xception_deepfakebench,external,1,official,346,faceswap_faces_c23/380_358,ffpp_test:29,1,faceswap,h264_crf30_then_resize075,0.8108844757080078,0.6922979486817525
xception_deepfakebench,external,1,official,347,faceswap_faces_c23/358_380,ffpp_test:29,1,faceswap,h264_crf30_then_resize075,-1.1086325645446777,0.2481259086819467
xception_deepfakebench,external,1,official,348,neuraltextures_faces_c23/380_358,ffpp_test:29,1,neuraltextures,h264_crf30_then_resize075,1.681243896484375,0.843069173264334
xception_deepfakebench,external,1,official,349,neuraltextures_faces_c23/358_380,ffpp_test:29,1,neuraltextures,h264_crf30_then_resize075,-0.4290342330932617,0.3943569713528248
xception_deepfakebench,external,1,official,350,original_faces_c23/214,ffpp_test:19,0,real,h264_crf30_then_resize075,-3.101947784423828,0.04302698220576082
xception_deepfakebench,external,1,official,351,original_faces_c23/255,ffpp_test:19,0,real,h264_crf30_then_resize075,-0.3589906692504883,0.41120391839329284
xception_deepfakebench,external,1,official,352,deepfakes_faces_c23/214_255,ffpp_test:19,1,deepfakes,h264_crf30_then_resize075,6.94696044921875,0.9990393702900034
xception_deepfakebench,external,1,official,353,deepfakes_faces_c23/255_214,ffpp_test:19,1,deepfakes,h264_crf30_then_resize075,0.934417724609375,0.7179706859155455
xception_deepfakebench,external,1,official,354,face2face_faces_c23/214_255,ffpp_test:19,1,face2face,h264_crf30_then_resize075,2.5003623962402344,0.9241672213973948
xception_deepfakebench,external,1,official,355,face2face_faces_c23/255_214,ffpp_test:19,1,face2face,h264_crf30_then_resize075,5.88653564453125,0.9972311089338444
xception_deepfakebench,external,1,official,356,faceswap_faces_c23/214_255,ffpp_test:19,1,faceswap,h264_crf30_then_resize075,1.6718318462371826,0.8418199010177275
xception_deepfakebench,external,1,official,357,faceswap_faces_c23/255_214,ffpp_test:19,1,faceswap,h264_crf30_then_resize075,2.0856075286865234,0.8894964165543325
xception_deepfakebench,external,1,official,358,neuraltextures_faces_c23/214_255,ffpp_test:19,1,neuraltextures,h264_crf30_then_resize075,-1.6185493469238281,0.16540503015523705
xception_deepfakebench,external,1,official,359,neuraltextures_faces_c23/255_214,ffpp_test:19,1,neuraltextures,h264_crf30_then_resize075,0.379669189453125,0.5937933129756255
xception_deepfakebench,external,1,official,360,original_faces_c23/454,ffpp_test:42,0,real,h264_crf30_then_resize075,1.5052223205566406,0.8183520753796104
xception_deepfakebench,external,1,official,361,original_faces_c23/527,ffpp_test:42,0,real,h264_crf30_then_resize075,-1.3292388916015625,0.2092852893349223
xception_deepfakebench,external,1,official,362,deepfakes_faces_c23/454_527,ffpp_test:42,1,deepfakes,h264_crf30_then_resize075,6.433349609375,0.9983955197044437
xception_deepfakebench,external,1,official,363,deepfakes_faces_c23/527_454,ffpp_test:42,1,deepfakes,h264_crf30_then_resize075,6.5736083984375,0.9986051999009872
xception_deepfakebench,external,1,official,364,face2face_faces_c23/454_527,ffpp_test:42,1,face2face,h264_crf30_then_resize075,7.45294189453125,0.9994206023103573
xception_deepfakebench,external,1,official,365,face2face_faces_c23/527_454,ffpp_test:42,1,face2face,h264_crf30_then_resize075,1.3874006271362305,0.8001769438204881
xception_deepfakebench,external,1,official,366,faceswap_faces_c23/454_527,ffpp_test:42,1,faceswap,h264_crf30_then_resize075,5.68878173828125,0.9966276981934089
xception_deepfakebench,external,1,official,367,faceswap_faces_c23/527_454,ffpp_test:42,1,faceswap,h264_crf30_then_resize075,2.6112194061279297,0.9315801603880143
xception_deepfakebench,external,1,official,368,neuraltextures_faces_c23/454_527,ffpp_test:42,1,neuraltextures,h264_crf30_then_resize075,1.7277679443359375,0.8491266931478936
xception_deepfakebench,external,1,official,369,neuraltextures_faces_c23/527_454,ffpp_test:42,1,neuraltextures,h264_crf30_then_resize075,-0.04661369323730469,0.48834868631414824
xception_deepfakebench,external,1,official,370,original_faces_c23/425,ffpp_test:39,0,real,h264_crf30_then_resize075,-2.6737060546875,0.06454284645494605
xception_deepfakebench,external,1,official,371,original_faces_c23/485,ffpp_test:39,0,real,h264_crf30_then_resize075,-2.7605743408203125,0.059492221811893904
xception_deepfakebench,external,1,official,372,deepfakes_faces_c23/425_485,ffpp_test:39,1,deepfakes,h264_crf30_then_resize075,2.456390380859375,0.9210275128597435
xception_deepfakebench,external,1,official,373,deepfakes_faces_c23/485_425,ffpp_test:39,1,deepfakes,h264_crf30_then_resize075,-0.1422119140625,0.46450681984649567
xception_deepfakebench,external,1,official,374,face2face_faces_c23/425_485,ffpp_test:39,1,face2face,h264_crf30_then_resize075,1.4082183837890625,0.803484783899996
xception_deepfakebench,external,1,official,375,face2face_faces_c23/485_425,ffpp_test:39,1,face2face,h264_crf30_then_resize075,-0.9562234878540039,0.2776349522854158
xception_deepfakebench,external,1,official,376,faceswap_faces_c23/425_485,ffpp_test:39,1,faceswap,h264_crf30_then_resize075,3.28936767578125,0.9640622528971825
xception_deepfakebench,external,1,official,377,faceswap_faces_c23/485_425,ffpp_test:39,1,faceswap,h264_crf30_then_resize075,2.3055152893066406,0.9093327839629167
xception_deepfakebench,external,1,official,378,neuraltextures_faces_c23/425_485,ffpp_test:39,1,neuraltextures,h264_crf30_then_resize075,-0.356342077255249,0.4118453333979347
xception_deepfakebench,external,1,official,379,neuraltextures_faces_c23/485_425,ffpp_test:39,1,neuraltextures,h264_crf30_then_resize075,-0.734004020690918,0.324316688371642
xception_deepfakebench,external,1,official,380,original_faces_c23/388,ffpp_test:26,0,real,h264_crf30_then_resize075,0.24018192291259766,0.5597584808220496
xception_deepfakebench,external,1,official,381,original_faces_c23/308,ffpp_test:26,0,real,h264_crf30_then_resize075,-1.885986328125,0.1317027834503273
xception_deepfakebench,external,1,official,382,deepfakes_faces_c23/388_308,ffpp_test:26,1,deepfakes,h264_crf30_then_resize075,-0.4844646453857422,0.3811984199229482
xception_deepfakebench,external,1,official,383,deepfakes_faces_c23/308_388,ffpp_test:26,1,deepfakes,h264_crf30_then_resize075,3.59490966796875,0.9732709017382409
xception_deepfakebench,external,1,official,384,face2face_faces_c23/388_308,ffpp_test:26,1,face2face,h264_crf30_then_resize075,3.35791015625,0.9663629111884152
xception_deepfakebench,external,1,official,385,face2face_faces_c23/308_388,ffpp_test:26,1,face2face,h264_crf30_then_resize075,1.4351657629013062,0.8077049256450336
xception_deepfakebench,external,1,official,386,faceswap_faces_c23/388_308,ffpp_test:26,1,faceswap,h264_crf30_then_resize075,2.396312713623047,0.9165456969875452
xception_deepfakebench,external,1,official,387,faceswap_faces_c23/308_388,ffpp_test:26,1,faceswap,h264_crf30_then_resize075,3.2677230834960938,0.9633047705612535
xception_deepfakebench,external,1,official,388,neuraltextures_faces_c23/388_308,ffpp_test:26,1,neuraltextures,h264_crf30_then_resize075,2.636260986328125,0.9331591276599206
xception_deepfakebench,external,1,official,389,neuraltextures_faces_c23/308_388,ffpp_test:26,1,neuraltextures,h264_crf30_then_resize075,-0.4658164978027344,0.38560689922570585
xception_deepfakebench,external,1,official,390,original_faces_c23/384,ffpp_test:32,0,real,h264_crf30_then_resize075,-1.8227462768554688,0.13910466771305974
xception_deepfakebench,external,1,official,391,original_faces_c23/932,ffpp_test:32,0,real,h264_crf30_then_resize075,-0.02581930160522461,0.4935455331598868
xception_deepfakebench,external,1,official,392,deepfakes_faces_c23/384_932,ffpp_test:32,1,deepfakes,h264_crf30_then_resize075,5.0589599609375,0.9936879327018646
xception_deepfakebench,external,1,official,393,deepfakes_faces_c23/932_384,ffpp_test:32,1,deepfakes,h264_crf30_then_resize075,3.84771728515625,0.9791170321203657
xception_deepfakebench,external,1,official,394,face2face_faces_c23/384_932,ffpp_test:32,1,face2face,h264_crf30_then_resize075,1.0471909046173096,0.7402351110288673
xception_deepfakebench,external,1,official,395,face2face_faces_c23/932_384,ffpp_test:32,1,face2face,h264_crf30_then_resize075,1.578948974609375,0.8290556156458551
xception_deepfakebench,external,1,official,396,faceswap_faces_c23/384_932,ffpp_test:32,1,faceswap,h264_crf30_then_resize075,4.7305908203125,0.9912558764458528
xception_deepfakebench,external,1,official,397,faceswap_faces_c23/932_384,ffpp_test:32,1,faceswap,h264_crf30_then_resize075,2.591064453125,0.9302842843209841
xception_deepfakebench,external,1,official,398,neuraltextures_faces_c23/384_932,ffpp_test:32,1,neuraltextures,h264_crf30_then_resize075,2.0237998962402344,0.8832733552004918
xception_deepfakebench,external,1,official,399,neuraltextures_faces_c23/932_384,ffpp_test:32,1,neuraltextures,h264_crf30_then_resize075,1.2338643074035645,0.7744942027088455
xception_deepfakebench,external,1,official,400,original_faces_c23/035,ffpp_test:5,0,real,h264_crf30_then_resize075,-0.3776845932006836,0.40668546618969137
xception_deepfakebench,external,1,official,401,original_faces_c23/036,ffpp_test:5,0,real,h264_crf30_then_resize075,-1.4961624145507812,0.18299858375649106
xception_deepfakebench,external,1,official,402,deepfakes_faces_c23/035_036,ffpp_test:5,1,deepfakes,h264_crf30_then_resize075,2.9832229614257812,0.951810415423986
xception_deepfakebench,external,1,official,403,deepfakes_faces_c23/036_035,ffpp_test:5,1,deepfakes,h264_crf30_then_resize075,2.7083816528320312,0.937519418183783
xception_deepfakebench,external,1,official,404,face2face_faces_c23/035_036,ffpp_test:5,1,face2face,h264_crf30_then_resize075,1.256662368774414,0.7784510181117683
xception_deepfakebench,external,1,official,405,face2face_faces_c23/036_035,ffpp_test:5,1,face2face,h264_crf30_then_resize075,2.2016124725341797,0.9003942180203628
xception_deepfakebench,external,1,official,406,faceswap_faces_c23/035_036,ffpp_test:5,1,faceswap,h264_crf30_then_resize075,0.6700344085693359,0.6615108638144513
xception_deepfakebench,external,1,official,407,faceswap_faces_c23/036_035,ffpp_test:5,1,faceswap,h264_crf30_then_resize075,0.6277618408203125,0.6519817933407137
xception_deepfakebench,external,1,official,408,neuraltextures_faces_c23/035_036,ffpp_test:5,1,neuraltextures,h264_crf30_then_resize075,0.44945836067199707,0.6105104466313166
xception_deepfakebench,external,1,official,409,neuraltextures_faces_c23/036_035,ffpp_test:5,1,neuraltextures,h264_crf30_then_resize075,0.815587043762207,0.693298789878217
xception_deepfakebench,external,1,official,410,original_faces_c23/257,ffpp_test:23,0,real,h264_crf30_then_resize075,0.19060468673706055,0.5475074293751675
xception_deepfakebench,external,1,official,411,original_faces_c23/420,ffpp_test:23,0,real,h264_crf30_then_resize075,-0.5038880109786987,0.3766274077603126
xception_deepfakebench,external,1,official,412,deepfakes_faces_c23/257_420,ffpp_test:23,1,deepfakes,h264_crf30_then_resize075,3.641529083251953,0.9744572986097906
xception_deepfakebench,external,1,official,413,deepfakes_faces_c23/420_257,ffpp_test:23,1,deepfakes,h264_crf30_then_resize075,0.9302740097045898,0.7171308728148982
xception_deepfakebench,external,1,official,414,face2face_faces_c23/257_420,ffpp_test:23,1,face2face,h264_crf30_then_resize075,3.1986160278320312,0.960782162652977
xception_deepfakebench,external,1,official,415,face2face_faces_c23/420_257,ffpp_test:23,1,face2face,h264_crf30_then_resize075,-0.1127176284790039,0.47185039058874173
xception_deepfakebench,external,1,official,416,faceswap_faces_c23/257_420,ffpp_test:23,1,faceswap,h264_crf30_then_resize075,1.826395034790039,0.8613317125664843
xception_deepfakebench,external,1,official,417,faceswap_faces_c23/420_257,ffpp_test:23,1,faceswap,h264_crf30_then_resize075,1.0162391662597656,0.7342393875747042
xception_deepfakebench,external,1,official,418,neuraltextures_faces_c23/257_420,ffpp_test:23,1,neuraltextures,h264_crf30_then_resize075,1.231581211090088,0.7740952033638502
xception_deepfakebench,external,1,official,419,neuraltextures_faces_c23/420_257,ffpp_test:23,1,neuraltextures,h264_crf30_then_resize075,-0.0541841983795166,0.48645726361718467
xception_deepfakebench,external,1,official,420,original_faces_c23/924,ffpp_test:67,0,real,h264_crf30_then_resize075,-1.1027965545654297,0.249216271120224
xception_deepfakebench,external,1,official,421,original_faces_c23/917,ffpp_test:67,0,real,h264_crf30_then_resize075,-1.1053147315979004,0.24874539887045516
xception_deepfakebench,external,1,official,422,deepfakes_faces_c23/924_917,ffpp_test:67,1,deepfakes,h264_crf30_then_resize075,7.1776123046875,0.9992370938244185
xception_deepfakebench,external,1,official,423,deepfakes_faces_c23/917_924,ffpp_test:67,1,deepfakes,h264_crf30_then_resize075,2.733734130859375,0.9389881144313462
xception_deepfakebench,external,1,official,424,face2face_faces_c23/924_917,ffpp_test:67,1,face2face,h264_crf30_then_resize075,7.0723876953125,0.9991525134094739
xception_deepfakebench,external,1,official,425,face2face_faces_c23/917_924,ffpp_test:67,1,face2face,h264_crf30_then_resize075,2.835592269897461,0.9445691327356919
xception_deepfakebench,external,1,official,426,faceswap_faces_c23/924_917,ffpp_test:67,1,faceswap,h264_crf30_then_resize075,3.376800537109375,0.9669715747274575
xception_deepfakebench,external,1,official,427,faceswap_faces_c23/917_924,ffpp_test:67,1,faceswap,h264_crf30_then_resize075,-0.11383819580078125,0.47157114553401003
xception_deepfakebench,external,1,official,428,neuraltextures_faces_c23/924_917,ffpp_test:67,1,neuraltextures,h264_crf30_then_resize075,3.3544082641601562,0.9662488938709367
xception_deepfakebench,external,1,official,429,neuraltextures_faces_c23/917_924,ffpp_test:67,1,neuraltextures,h264_crf30_then_resize075,3.506488800048828,0.9708718324200389
xception_deepfakebench,external,1,official,430,original_faces_c23/114,ffpp_test:9,0,real,h264_crf30_then_resize075,-1.9773712158203125,0.12159934688035934
xception_deepfakebench,external,1,official,431,original_faces_c23/102,ffpp_test:9,0,real,h264_crf30_then_resize075,-3.0533905029296875,0.045071321294888965
xception_deepfakebench,external,1,official,432,deepfakes_faces_c23/114_102,ffpp_test:9,1,deepfakes,h264_crf30_then_resize075,1.5870475769042969,0.8302003122667251
xception_deepfakebench,external,1,official,433,deepfakes_faces_c23/102_114,ffpp_test:9,1,deepfakes,h264_crf30_then_resize075,4.97918701171875,0.993167352881599
xception_deepfakebench,external,1,official,434,face2face_faces_c23/114_102,ffpp_test:9,1,face2face,h264_crf30_then_resize075,4.425014495849609,0.9881676433591066
xception_deepfakebench,external,1,official,435,face2face_faces_c23/102_114,ffpp_test:9,1,face2face,h264_crf30_then_resize075,1.6919355392456055,0.8444785325579099
xception_deepfakebench,external,1,official,436,faceswap_faces_c23/114_102,ffpp_test:9,1,faceswap,h264_crf30_then_resize075,3.682342529296875,0.9754537230638568
xception_deepfakebench,external,1,official,437,faceswap_faces_c23/102_114,ffpp_test:9,1,faceswap,h264_crf30_then_resize075,2.397128105163574,0.9166080448476773
xception_deepfakebench,external,1,official,438,neuraltextures_faces_c23/114_102,ffpp_test:9,1,neuraltextures,h264_crf30_then_resize075,1.0470123291015625,0.740200771789278
xception_deepfakebench,external,1,official,439,neuraltextures_faces_c23/102_114,ffpp_test:9,1,neuraltextures,h264_crf30_then_resize075,0.7576980590820312,0.6808537489956138
xception_deepfakebench,external,1,official,440,original_faces_c23/732,ffpp_test:56,0,real,h264_crf30_then_resize075,-0.313140869140625,0.4223482740598365
xception_deepfakebench,external,1,official,441,original_faces_c23/691,ffpp_test:56,0,real,h264_crf30_then_resize075,-0.8929214477539062,0.29050731129361634
xception_deepfakebench,external,1,official,442,deepfakes_faces_c23/732_691,ffpp_test:56,1,deepfakes,h264_crf30_then_resize075,1.30478036403656,0.7866384111515607
xception_deepfakebench,external,1,official,443,deepfakes_faces_c23/691_732,ffpp_test:56,1,deepfakes,h264_crf30_then_resize075,3.968719482421875,0.9814528799807749
xception_deepfakebench,external,1,official,444,face2face_faces_c23/732_691,ffpp_test:56,1,face2face,h264_crf30_then_resize075,6.126220703125,0.9978199405727388
xception_deepfakebench,external,1,official,445,face2face_faces_c23/691_732,ffpp_test:56,1,face2face,h264_crf30_then_resize075,2.1685218811035156,0.8973869359396055
xception_deepfakebench,external,1,official,446,faceswap_faces_c23/732_691,ffpp_test:56,1,faceswap,h264_crf30_then_resize075,2.2387733459472656,0.9036777379241063
xception_deepfakebench,external,1,official,447,faceswap_faces_c23/691_732,ffpp_test:56,1,faceswap,h264_crf30_then_resize075,3.15093994140625,0.9589457421373822
xception_deepfakebench,external,1,official,448,neuraltextures_faces_c23/732_691,ffpp_test:56,1,neuraltextures,h264_crf30_then_resize075,0.8946428298950195,0.7098473596344528
xception_deepfakebench,external,1,official,449,neuraltextures_faces_c23/691_732,ffpp_test:56,1,neuraltextures,h264_crf30_then_resize075,0.33820366859436035,0.5837541066766534
xception_deepfakebench,external,1,official,450,original_faces_c23/550,ffpp_test:41,0,real,h264_crf30_then_resize075,-0.07184982299804688,0.48204526770742756
xception_deepfakebench,external,1,official,451,original_faces_c23/452,ffpp_test:41,0,real,h264_crf30_then_resize075,2.587143898010254,0.9300295856764195
xception_deepfakebench,external,1,official,452,deepfakes_faces_c23/550_452,ffpp_test:41,1,deepfakes,h264_crf30_then_resize075,4.0760498046875,0.9833089350409814
xception_deepfakebench,external,1,official,453,deepfakes_faces_c23/452_550,ffpp_test:41,1,deepfakes,h264_crf30_then_resize075,2.457489013671875,0.921107385879308
xception_deepfakebench,external,1,official,454,face2face_faces_c23/550_452,ffpp_test:41,1,face2face,h264_crf30_then_resize075,1.97137451171875,0.8777586726594812
xception_deepfakebench,external,1,official,455,face2face_faces_c23/452_550,ffpp_test:41,1,face2face,h264_crf30_then_resize075,7.4818115234375,0.9994370808810924
xception_deepfakebench,external,1,official,456,faceswap_faces_c23/550_452,ffpp_test:41,1,faceswap,h264_crf30_then_resize075,4.4769287109375,0.9887595101280179
xception_deepfakebench,external,1,official,457,faceswap_faces_c23/452_550,ffpp_test:41,1,faceswap,h264_crf30_then_resize075,3.1004409790039062,0.9569109313459808
xception_deepfakebench,external,1,official,458,neuraltextures_faces_c23/550_452,ffpp_test:41,1,neuraltextures,h264_crf30_then_resize075,0.6058368682861328,0.6469905515709783
xception_deepfakebench,external,1,official,459,neuraltextures_faces_c23/452_550,ffpp_test:41,1,neuraltextures,h264_crf30_then_resize075,4.9364013671875,0.9928707989279834
xception_deepfakebench,external,1,official,460,original_faces_c23/280,ffpp_test:22,0,real,h264_crf30_then_resize075,-1.4357147216796875,0.1922098257538938
xception_deepfakebench,external,1,official,461,original_faces_c23/249,ffpp_test:22,0,real,h264_crf30_then_resize075,-2.7488861083984375,0.06014958942332336
xception_deepfakebench,external,1,official,462,deepfakes_faces_c23/280_249,ffpp_test:22,1,deepfakes,h264_crf30_then_resize075,-0.5418319702148438,0.36776152230395487
xception_deepfakebench,external,1,official,463,deepfakes_faces_c23/249_280,ffpp_test:22,1,deepfakes,h264_crf30_then_resize075,4.6258544921875,0.9902997353552336
xception_deepfakebench,external,1,official,464,face2face_faces_c23/280_249,ffpp_test:22,1,face2face,h264_crf30_then_resize075,2.0525970458984375,0.8862097728466215
xception_deepfakebench,external,1,official,465,face2face_faces_c23/249_280,ffpp_test:22,1,face2face,h264_crf30_then_resize075,4.4139404296875,0.988037459033581
xception_deepfakebench,external,1,official,466,faceswap_faces_c23/280_249,ffpp_test:22,1,faceswap,h264_crf30_then_resize075,1.4386634826660156,0.8082475987461017
xception_deepfakebench,external,1,official,467,faceswap_faces_c23/249_280,ffpp_test:22,1,faceswap,h264_crf30_then_resize075,3.62030029296875,0.9739235523194075
xception_deepfakebench,external,1,official,468,neuraltextures_faces_c23/280_249,ffpp_test:22,1,neuraltextures,h264_crf30_then_resize075,-1.3828620910644531,0.2005497287144194
xception_deepfakebench,external,1,official,469,neuraltextures_faces_c23/249_280,ffpp_test:22,1,neuraltextures,h264_crf30_then_resize075,0.6298561096191406,0.6524568347699004
xception_deepfakebench,external,1,official,470,original_faces_c23/842,ffpp_test:58,0,real,h264_crf30_then_resize075,-2.064178466796875,0.11262754687507025
xception_deepfakebench,external,1,official,471,original_faces_c23/714,ffpp_test:58,0,real,h264_crf30_then_resize075,-3.235107421875,0.03786573406063796
xception_deepfakebench,external,1,official,472,deepfakes_faces_c23/842_714,ffpp_test:58,1,deepfakes,h264_crf30_then_resize075,0.9152698516845703,0.7140773258209101
xception_deepfakebench,external,1,official,473,deepfakes_faces_c23/714_842,ffpp_test:58,1,deepfakes,h264_crf30_then_resize075,4.748443603515625,0.9914092689991116
xception_deepfakebench,external,1,official,474,face2face_faces_c23/842_714,ffpp_test:58,1,face2face,h264_crf30_then_resize075,3.9212646484375,0.9805690259486092
xception_deepfakebench,external,1,official,475,face2face_faces_c23/714_842,ffpp_test:58,1,face2face,h264_crf30_then_resize075,3.412041664123535,0.9680787549155034
xception_deepfakebench,external,1,official,476,faceswap_faces_c23/842_714,ffpp_test:58,1,faceswap,h264_crf30_then_resize075,0.5411379337310791,0.6320770903961163
xception_deepfakebench,external,1,official,477,faceswap_faces_c23/714_842,ffpp_test:58,1,faceswap,h264_crf30_then_resize075,2.2114315032958984,0.9012713770086154
xception_deepfakebench,external,1,official,478,neuraltextures_faces_c23/842_714,ffpp_test:58,1,neuraltextures,h264_crf30_then_resize075,-1.544647216796875,0.17586072142712014
xception_deepfakebench,external,1,official,479,neuraltextures_faces_c23/714_842,ffpp_test:58,1,neuraltextures,h264_crf30_then_resize075,1.1781387329101562,0.7646129779687852
xception_deepfakebench,external,1,official,480,original_faces_c23/625,ffpp_test:52,0,real,h264_crf30_then_resize075,-1.1600828170776367,0.23865223718811668
xception_deepfakebench,external,1,official,481,original_faces_c23/650,ffpp_test:52,0,real,h264_crf30_then_resize075,-2.1874122619628906,0.10088658103525133
xception_deepfakebench,external,1,official,482,deepfakes_faces_c23/625_650,ffpp_test:52,1,deepfakes,h264_crf30_then_resize075,6.11785888671875,0.9978016751301695
xception_deepfakebench,external,1,official,483,deepfakes_faces_c23/650_625,ffpp_test:52,1,deepfakes,h264_crf30_then_resize075,2.8070068359375,0.9430532879601606
xception_deepfakebench,external,1,official,484,face2face_faces_c23/625_650,ffpp_test:52,1,face2face,h264_crf30_then_resize075,3.296478271484375,0.9643077969281861
xception_deepfakebench,external,1,official,485,face2face_faces_c23/650_625,ffpp_test:52,1,face2face,h264_crf30_then_resize075,1.7077035903930664,0.84653819207102
xception_deepfakebench,external,1,official,486,faceswap_faces_c23/625_650,ffpp_test:52,1,faceswap,h264_crf30_then_resize075,3.2369155883789062,0.9622000858990968
xception_deepfakebench,external,1,official,487,faceswap_faces_c23/650_625,ffpp_test:52,1,faceswap,h264_crf30_then_resize075,2.5640869140625,0.9285142045454037
xception_deepfakebench,external,1,official,488,neuraltextures_faces_c23/625_650,ffpp_test:52,1,neuraltextures,h264_crf30_then_resize075,3.00335693359375,0.9527255516730229
xception_deepfakebench,external,1,official,489,neuraltextures_faces_c23/650_625,ffpp_test:52,1,neuraltextures,h264_crf30_then_resize075,-0.6858711242675781,0.3349521907392524
xception_deepfakebench,external,1,official,490,original_faces_c23/024,ffpp_test:3,0,real,h264_crf30_then_resize075,-0.7836275100708008,0.31353860168449094
xception_deepfakebench,external,1,official,491,original_faces_c23/073,ffpp_test:3,0,real,h264_crf30_then_resize075,-2.6668968200683594,0.06495518912905975
xception_deepfakebench,external,1,official,492,deepfakes_faces_c23/024_073,ffpp_test:3,1,deepfakes,h264_crf30_then_resize075,1.103640079498291,0.7509415253491541
xception_deepfakebench,external,1,official,493,deepfakes_faces_c23/073_024,ffpp_test:3,1,deepfakes,h264_crf30_then_resize075,3.46990966796875,0.9698193746298881
xception_deepfakebench,external,1,official,494,face2face_faces_c23/024_073,ffpp_test:3,1,face2face,h264_crf30_then_resize075,0.7708091735839844,0.6836959082327536
xception_deepfakebench,external,1,official,495,face2face_faces_c23/073_024,ffpp_test:3,1,face2face,h264_crf30_then_resize075,1.5803890228271484,0.829259606040688
xception_deepfakebench,external,1,official,496,faceswap_faces_c23/024_073,ffpp_test:3,1,faceswap,h264_crf30_then_resize075,1.4809885025024414,0.8147218417436756
xception_deepfakebench,external,1,official,497,faceswap_faces_c23/073_024,ffpp_test:3,1,faceswap,h264_crf30_then_resize075,3.97186279296875,0.9815100115461235
xception_deepfakebench,external,1,official,498,neuraltextures_faces_c23/024_073,ffpp_test:3,1,neuraltextures,h264_crf30_then_resize075,1.2619013786315918,0.7793532458662743
xception_deepfakebench,external,1,official,499,neuraltextures_faces_c23/073_024,ffpp_test:3,1,neuraltextures,h264_crf30_then_resize075,-1.4163589477539062,0.1952330203792303
xception_deepfakebench,external,1,official,500,original_faces_c23/044,ffpp_test:6,0,real,h264_crf30_then_resize075,-1.6266193389892578,0.16429400436474095
xception_deepfakebench,external,1,official,501,original_faces_c23/945,ffpp_test:6,0,real,h264_crf30_then_resize075,3.337005615234375,0.9656767311555521
xception_deepfakebench,external,1,official,502,deepfakes_faces_c23/044_945,ffpp_test:6,1,deepfakes,h264_crf30_then_resize075,6.918212890625,0.9990113814547622
xception_deepfakebench,external,1,official,503,deepfakes_faces_c23/945_044,ffpp_test:6,1,deepfakes,h264_crf30_then_resize075,6.1793212890625,0.9979324500656795
xception_deepfakebench,external,1,official,504,face2face_faces_c23/044_945,ffpp_test:6,1,face2face,h264_crf30_then_resize075,1.0448853969573975,0.7397915461886041
xception_deepfakebench,external,1,official,505,face2face_faces_c23/945_044,ffpp_test:6,1,face2face,h264_crf30_then_resize075,6.4609375,0.9984391107821522
xception_deepfakebench,external,1,official,506,faceswap_faces_c23/044_945,ffpp_test:6,1,faceswap,h264_crf30_then_resize075,4.595611572265625,0.9900048668763554
xception_deepfakebench,external,1,official,507,faceswap_faces_c23/945_044,ffpp_test:6,1,faceswap,h264_crf30_then_resize075,4.6475067138671875,0.9905055374158678
xception_deepfakebench,external,1,official,508,neuraltextures_faces_c23/044_945,ffpp_test:6,1,neuraltextures,h264_crf30_then_resize075,0.43184661865234375,0.606314537596021
xception_deepfakebench,external,1,official,509,neuraltextures_faces_c23/945_044,ffpp_test:6,1,neuraltextures,h264_crf30_then_resize075,2.993896484375,0.9522976274599229
xception_deepfakebench,external,1,official,510,original_faces_c23/896,ffpp_test:10,0,real,h264_crf30_then_resize075,2.8520050048828125,0.9454222315444683
xception_deepfakebench,external,1,official,511,original_faces_c23/128,ffpp_test:10,0,real,h264_crf30_then_resize075,-1.7236248254776,0.15140485220244757
xception_deepfakebench,external,1,official,512,deepfakes_faces_c23/896_128,ffpp_test:10,1,deepfakes,h264_crf30_then_resize075,1.6920623779296875,0.84449519013037
xception_deepfakebench,external,1,official,513,deepfakes_faces_c23/128_896,ffpp_test:10,1,deepfakes,h264_crf30_then_resize075,5.41326904296875,0.9955627310176386
xception_deepfakebench,external,1,official,514,face2face_faces_c23/896_128,ffpp_test:10,1,face2face,h264_crf30_then_resize075,5.362548828125,0.9953329439809144
xception_deepfakebench,external,1,official,515,face2face_faces_c23/128_896,ffpp_test:10,1,face2face,h264_crf30_then_resize075,1.9417495727539062,0.8745442265193734
xception_deepfakebench,external,1,official,516,faceswap_faces_c23/896_128,ffpp_test:10,1,faceswap,h264_crf30_then_resize075,3.4125823974609375,0.9680954605793596
xception_deepfakebench,external,1,official,517,faceswap_faces_c23/128_896,ffpp_test:10,1,faceswap,h264_crf30_then_resize075,3.3064098358154297,0.9646480523703529
xception_deepfakebench,external,1,official,518,neuraltextures_faces_c23/896_128,ffpp_test:10,1,neuraltextures,h264_crf30_then_resize075,4.22125244140625,0.9855321448475315
xception_deepfakebench,external,1,official,519,neuraltextures_faces_c23/128_896,ffpp_test:10,1,neuraltextures,h264_crf30_then_resize075,-0.14943766593933105,0.462709953283962
xception_deepfakebench,external,1,official,520,original_faces_c23/862,ffpp_test:7,0,real,h264_crf30_then_resize075,-3.124919891357422,0.042090957722253526
xception_deepfakebench,external,1,official,521,original_faces_c23/047,ffpp_test:7,0,real,h264_crf30_then_resize075,0.856488823890686,0.7019265474084666
xception_deepfakebench,external,1,official,522,deepfakes_faces_c23/862_047,ffpp_test:7,1,deepfakes,h264_crf30_then_resize075,5.74737548828125,0.9968190059999407
xception_deepfakebench,external,1,official,523,deepfakes_faces_c23/047_862,ffpp_test:7,1,deepfakes,h264_crf30_then_resize075,3.0677108764648438,0.955541026355603
xception_deepfakebench,external,1,official,524,face2face_faces_c23/862_047,ffpp_test:7,1,face2face,h264_crf30_then_resize075,2.621368408203125,0.932224216653861
xception_deepfakebench,external,1,official,525,face2face_faces_c23/047_862,ffpp_test:7,1,face2face,h264_crf30_then_resize075,4.853057861328125,0.9922559621391096
xception_deepfakebench,external,1,official,526,faceswap_faces_c23/862_047,ffpp_test:7,1,faceswap,h264_crf30_then_resize075,3.444610595703125,0.9690700100019923
xception_deepfakebench,external,1,official,527,faceswap_faces_c23/047_862,ffpp_test:7,1,faceswap,h264_crf30_then_resize075,5.7718505859375,0.9968956773544863
xception_deepfakebench,external,1,official,528,neuraltextures_faces_c23/862_047,ffpp_test:7,1,neuraltextures,h264_crf30_then_resize075,0.05162489414215088,0.5129033579026305
xception_deepfakebench,external,1,official,529,neuraltextures_faces_c23/047_862,ffpp_test:7,1,neuraltextures,h264_crf30_then_resize075,0.9553878307342529,0.72219742237725
xception_deepfakebench,external,1,official,530,original_faces_c23/607,ffpp_test:49,0,real,h264_crf30_then_resize075,-3.6044960021972656,0.026480841324108387
xception_deepfakebench,external,1,official,531,original_faces_c23/683,ffpp_test:49,0,real,h264_crf30_then_resize075,-0.5371208190917969,0.3688576069428907
xception_deepfakebench,external,1,official,532,deepfakes_faces_c23/607_683,ffpp_test:49,1,deepfakes,h264_crf30_then_resize075,2.3376007080078125,0.911943606442317
xception_deepfakebench,external,1,official,533,deepfakes_faces_c23/683_607,ffpp_test:49,1,deepfakes,h264_crf30_then_resize075,2.4985837936401367,0.9240424789947571
xception_deepfakebench,external,1,official,534,face2face_faces_c23/607_683,ffpp_test:49,1,face2face,h264_crf30_then_resize075,0.00957036018371582,0.502392571784295
xception_deepfakebench,external,1,official,535,face2face_faces_c23/683_607,ffpp_test:49,1,face2face,h264_crf30_then_resize075,-0.26914525032043457,0.4331169468564723
xception_deepfakebench,external,1,official,536,faceswap_faces_c23/607_683,ffpp_test:49,1,faceswap,h264_crf30_then_resize075,-0.46668243408203125,0.3854017669414643
xception_deepfakebench,external,1,official,537,faceswap_faces_c23/683_607,ffpp_test:49,1,faceswap,h264_crf30_then_resize075,6.09808349609375,0.9977578681462475
xception_deepfakebench,external,1,official,538,neuraltextures_faces_c23/607_683,ffpp_test:49,1,neuraltextures,h264_crf30_then_resize075,-1.0098533630371094,0.2670085488314162
xception_deepfakebench,external,1,official,539,neuraltextures_faces_c23/683_607,ffpp_test:49,1,neuraltextures,h264_crf30_then_resize075,0.7944879531860352,0.6887941678919318
xception_deepfakebench,external,1,official,540,original_faces_c23/517,ffpp_test:45,0,real,h264_crf30_then_resize075,-0.5260322093963623,0.37144278667382263
xception_deepfakebench,external,1,official,541,original_faces_c23/521,ffpp_test:45,0,real,h264_crf30_then_resize075,-1.8118629455566406,0.14041312261466762
xception_deepfakebench,external,1,official,542,deepfakes_faces_c23/517_521,ffpp_test:45,1,deepfakes,h264_crf30_then_resize075,4.86553955078125,0.9923512853651714
xception_deepfakebench,external,1,official,543,deepfakes_faces_c23/521_517,ffpp_test:45,1,deepfakes,h264_crf30_then_resize075,3.9436416625976562,0.9809908308390902
xception_deepfakebench,external,1,official,544,face2face_faces_c23/517_521,ffpp_test:45,1,face2face,h264_crf30_then_resize075,5.69921875,0.9966625950548095
xception_deepfakebench,external,1,official,545,face2face_faces_c23/521_517,ffpp_test:45,1,face2face,h264_crf30_then_resize075,1.8454999923706055,0.8635978842858804
xception_deepfakebench,external,1,official,546,faceswap_faces_c23/517_521,ffpp_test:45,1,faceswap,h264_crf30_then_resize075,1.6878185272216797,0.8439370595107673
xception_deepfakebench,external,1,official,547,faceswap_faces_c23/521_517,ffpp_test:45,1,faceswap,h264_crf30_then_resize075,2.5685958862304688,0.9288129125152268
xception_deepfakebench,external,1,official,548,neuraltextures_faces_c23/517_521,ffpp_test:45,1,neuraltextures,h264_crf30_then_resize075,2.2676773071289062,0.9061644744457735
xception_deepfakebench,external,1,official,549,neuraltextures_faces_c23/521_517,ffpp_test:45,1,neuraltextures,h264_crf30_then_resize075,-0.4182415008544922,0.3969376200153192
xception_deepfakebench,external,1,official,550,original_faces_c23/682,ffpp_test:55,0,real,h264_crf30_then_resize075,-1.7178230285644531,0.1521517838832968
xception_deepfakebench,external,1,official,551,original_faces_c23/669,ffpp_test:55,0,real,h264_crf30_then_resize075,-1.168677568435669,0.237094103171191
xception_deepfakebench,external,1,official,552,deepfakes_faces_c23/682_669,ffpp_test:55,1,deepfakes,h264_crf30_then_resize075,5.118408203125,0.9940500704748546
xception_deepfakebench,external,1,official,553,deepfakes_faces_c23/669_682,ffpp_test:55,1,deepfakes,h264_crf30_then_resize075,1.766970157623291,0.8540804757933365
xception_deepfakebench,external,1,official,554,face2face_faces_c23/682_669,ffpp_test:55,1,face2face,h264_crf30_then_resize075,0.050498008728027344,0.5126218201078035
xception_deepfakebench,external,1,official,555,face2face_faces_c23/669_682,ffpp_test:55,1,face2face,h264_crf30_then_resize075,3.85064697265625,0.9791768510500333
xception_deepfakebench,external,1,official,556,faceswap_faces_c23/682_669,ffpp_test:55,1,faceswap,h264_crf30_then_resize075,2.7152328491210938,0.9379195381185254
xception_deepfakebench,external,1,official,557,faceswap_faces_c23/669_682,ffpp_test:55,1,faceswap,h264_crf30_then_resize075,3.63970947265625,0.9744119688856091
xception_deepfakebench,external,1,official,558,neuraltextures_faces_c23/682_669,ffpp_test:55,1,neuraltextures,h264_crf30_then_resize075,-0.0599977970123291,0.48500504863215094
xception_deepfakebench,external,1,official,559,neuraltextures_faces_c23/669_682,ffpp_test:55,1,neuraltextures,h264_crf30_then_resize075,-0.1891624927520752,0.45284988857261443
xception_deepfakebench,external,1,official,560,original_faces_c23/138,ffpp_test:12,0,real,h264_crf30_then_resize075,0.8779220581054688,0.706391435498978
xception_deepfakebench,external,1,official,561,original_faces_c23/142,ffpp_test:12,0,real,h264_crf30_then_resize075,-2.804271697998047,0.05709377742091549
xception_deepfakebench,external,1,official,562,deepfakes_faces_c23/138_142,ffpp_test:12,1,deepfakes,h264_crf30_then_resize075,3.2674312591552734,0.9632944535583966
xception_deepfakebench,external,1,official,563,deepfakes_faces_c23/142_138,ffpp_test:12,1,deepfakes,h264_crf30_then_resize075,2.6421737670898438,0.9335269833258478
xception_deepfakebench,external,1,official,564,face2face_faces_c23/138_142,ffpp_test:12,1,face2face,h264_crf30_then_resize075,6.5404052734375,0.9985581786456631
xception_deepfakebench,external,1,official,565,face2face_faces_c23/142_138,ffpp_test:12,1,face2face,h264_crf30_then_resize075,1.0456047058105469,0.7399299892679658
xception_deepfakebench,external,1,official,566,faceswap_faces_c23/138_142,ffpp_test:12,1,faceswap,h264_crf30_then_resize075,3.4451446533203125,0.9690860134754866
xception_deepfakebench,external,1,official,567,faceswap_faces_c23/142_138,ffpp_test:12,1,faceswap,h264_crf30_then_resize075,3.21209716796875,0.9612869857574515
xception_deepfakebench,external,1,official,568,neuraltextures_faces_c23/138_142,ffpp_test:12,1,neuraltextures,h264_crf30_then_resize075,4.26165771484375,0.9860971046318909
xception_deepfakebench,external,1,official,569,neuraltextures_faces_c23/142_138,ffpp_test:12,1,neuraltextures,h264_crf30_then_resize075,-0.5762910842895508,0.35978646089205124
xception_deepfakebench,external,1,official,570,original_faces_c23/552,ffpp_test:47,0,real,h264_crf30_then_resize075,-1.1058979034423828,0.24863643686027265
xception_deepfakebench,external,1,official,571,original_faces_c23/851,ffpp_test:47,0,real,h264_crf30_then_resize075,0.3829662799835205,0.5945883339145289
xception_deepfakebench,external,1,official,572,deepfakes_faces_c23/552_851,ffpp_test:47,1,deepfakes,h264_crf30_then_resize075,3.5232391357421875,0.9713418093608945
xception_deepfakebench,external,1,official,573,deepfakes_faces_c23/851_552,ffpp_test:47,1,deepfakes,h264_crf30_then_resize075,3.5,0.9706877692486436
xception_deepfakebench,external,1,official,574,face2face_faces_c23/552_851,ffpp_test:47,1,face2face,h264_crf30_then_resize075,2.9824371337890625,0.9517743587940257
xception_deepfakebench,external,1,official,575,face2face_faces_c23/851_552,ffpp_test:47,1,face2face,h264_crf30_then_resize075,2.414764404296875,0.9179462565468699
xception_deepfakebench,external,1,official,576,faceswap_faces_c23/552_851,ffpp_test:47,1,faceswap,h264_crf30_then_resize075,4.8378143310546875,0.9921379465493491
xception_deepfakebench,external,1,official,577,faceswap_faces_c23/851_552,ffpp_test:47,1,faceswap,h264_crf30_then_resize075,3.91937255859375,0.9805329423833109
xception_deepfakebench,external,1,official,578,neuraltextures_faces_c23/552_851,ffpp_test:47,1,neuraltextures,h264_crf30_then_resize075,1.3370001316070557,0.7919961813103076
xception_deepfakebench,external,1,official,579,neuraltextures_faces_c23/851_552,ffpp_test:47,1,neuraltextures,h264_crf30_then_resize075,1.7550888061523438,0.85259350025962
xception_deepfakebench,external,1,official,580,original_faces_c23/376,ffpp_test:31,0,real,h264_crf30_then_resize075,-3.46649169921875,0.030280829291486
xception_deepfakebench,external,1,official,581,original_faces_c23/381,ffpp_test:31,0,real,h264_crf30_then_resize075,-3.652731418609619,0.025265349253728576
xception_deepfakebench,external,1,official,582,deepfakes_faces_c23/376_381,ffpp_test:31,1,deepfakes,h264_crf30_then_resize075,1.8021774291992188,0.8584137854728516
xception_deepfakebench,external,1,official,583,deepfakes_faces_c23/381_376,ffpp_test:31,1,deepfakes,h264_crf30_then_resize075,2.903423309326172,0.9480154041076919
xception_deepfakebench,external,1,official,584,face2face_faces_c23/376_381,ffpp_test:31,1,face2face,h264_crf30_then_resize075,1.861419677734375,0.8654623372444629
xception_deepfakebench,external,1,official,585,face2face_faces_c23/381_376,ffpp_test:31,1,face2face,h264_crf30_then_resize075,0.12266159057617188,0.5306270064510707
xception_deepfakebench,external,1,official,586,faceswap_faces_c23/376_381,ffpp_test:31,1,faceswap,h264_crf30_then_resize075,3.273426055908203,0.963505831372011
xception_deepfakebench,external,1,official,587,faceswap_faces_c23/381_376,ffpp_test:31,1,faceswap,h264_crf30_then_resize075,4.199378967285156,0.9852169259792407
xception_deepfakebench,external,1,official,588,neuraltextures_faces_c23/376_381,ffpp_test:31,1,neuraltextures,h264_crf30_then_resize075,-0.8360795974731445,0.30236110795596194
xception_deepfakebench,external,1,official,589,neuraltextures_faces_c23/381_376,ffpp_test:31,1,neuraltextures,h264_crf30_then_resize075,-1.5579681396484375,0.17393839911174142
xception_deepfakebench,external,1,official,590,original_faces_c23/000,ffpp_test:0,0,real,h264_crf30_then_resize075,0.191986083984375,0.5478496384219577
xception_deepfakebench,external,1,official,591,original_faces_c23/003,ffpp_test:0,0,real,h264_crf30_then_resize075,-2.6521215438842773,0.0658583696180112
xception_deepfakebench,external,1,official,592,deepfakes_faces_c23/000_003,ffpp_test:0,1,deepfakes,h264_crf30_then_resize075,4.02655029296875,0.9824767876038184
xception_deepfakebench,external,1,official,593,deepfakes_faces_c23/003_000,ffpp_test:0,1,deepfakes,h264_crf30_then_resize075,2.027111053466797,0.8836143075870182
xception_deepfakebench,external,1,official,594,face2face_faces_c23/000_003,ffpp_test:0,1,face2face,h264_crf30_then_resize075,2.2101287841796875,0.901155398781069
xception_deepfakebench,external,1,official,595,face2face_faces_c23/003_000,ffpp_test:0,1,face2face,h264_crf30_then_resize075,3.5367908477783203,0.9717166469891572
xception_deepfakebench,external,1,official,596,faceswap_faces_c23/000_003,ffpp_test:0,1,faceswap,h264_crf30_then_resize075,2.3493881225585938,0.9128855799932016
xception_deepfakebench,external,1,official,597,faceswap_faces_c23/003_000,ffpp_test:0,1,faceswap,h264_crf30_then_resize075,2.9955596923828125,0.9523731249593816
xception_deepfakebench,external,1,official,598,neuraltextures_faces_c23/000_003,ffpp_test:0,1,neuraltextures,h264_crf30_then_resize075,1.393326759338379,0.8011228102729263
xception_deepfakebench,external,1,official,599,neuraltextures_faces_c23/003_000,ffpp_test:0,1,neuraltextures,h264_crf30_then_resize075,-0.3451957702636719,0.4145479170358254
xception_deepfakebench,external,1,official,600,original_faces_c23/048,ffpp_test:4,0,real,h264_crf30_then_resize075,-2.891937255859375,0.05255357552314907
xception_deepfakebench,external,1,official,601,original_faces_c23/029,ffpp_test:4,0,real,h264_crf30_then_resize075,-0.7333822250366211,0.3244529606767835
xception_deepfakebench,external,1,official,602,deepfakes_faces_c23/048_029,ffpp_test:4,1,deepfakes,h264_crf30_then_resize075,5.76934814453125,0.996887923446967
xception_deepfakebench,external,1,official,603,deepfakes_faces_c23/029_048,ffpp_test:4,1,deepfakes,h264_crf30_then_resize075,1.69171142578125,0.8444490964466136
xception_deepfakebench,external,1,official,604,face2face_faces_c23/048_029,ffpp_test:4,1,face2face,h264_crf30_then_resize075,-0.4500436782836914,0.38935038119766363
xception_deepfakebench,external,1,official,605,face2face_faces_c23/029_048,ffpp_test:4,1,face2face,h264_crf30_then_resize075,2.2325286865234375,0.9031328041016513
xception_deepfakebench,external,1,official,606,faceswap_faces_c23/048_029,ffpp_test:4,1,faceswap,h264_crf30_then_resize075,0.48590087890625,0.6191403098677467
xception_deepfakebench,external,1,official,607,faceswap_faces_c23/029_048,ffpp_test:4,1,faceswap,h264_crf30_then_resize075,1.983642578125,0.8790689277366037
xception_deepfakebench,external,1,official,608,neuraltextures_faces_c23/048_029,ffpp_test:4,1,neuraltextures,h264_crf30_then_resize075,0.7006206512451172,0.6683253641719452
xception_deepfakebench,external,1,official,609,neuraltextures_faces_c23/029_048,ffpp_test:4,1,neuraltextures,h264_crf30_then_resize075,3.82733154296875,0.9786961108830788
xception_deepfakebench,external,1,official,610,original_faces_c23/724,ffpp_test:59,0,real,h264_crf30_then_resize075,0.2335948944091797,0.558134613142921
xception_deepfakebench,external,1,official,611,original_faces_c23/725,ffpp_test:59,0,real,h264_crf30_then_resize075,-0.5459551811218262,0.3668033460284722
xception_deepfakebench,external,1,official,612,deepfakes_faces_c23/724_725,ffpp_test:59,1,deepfakes,h264_crf30_then_resize075,3.0540618896484375,0.9549575662962181
xception_deepfakebench,external,1,official,613,deepfakes_faces_c23/725_724,ffpp_test:59,1,deepfakes,h264_crf30_then_resize075,4.21771240234375,0.9854815822176014
xception_deepfakebench,external,1,official,614,face2face_faces_c23/724_725,ffpp_test:59,1,face2face,h264_crf30_then_resize075,3.678558349609375,0.9753629523776152
xception_deepfakebench,external,1,official,615,face2face_faces_c23/725_724,ffpp_test:59,1,face2face,h264_crf30_then_resize075,2.39141845703125,0.9161705728457857
xception_deepfakebench,external,1,official,616,faceswap_faces_c23/724_725,ffpp_test:59,1,faceswap,h264_crf30_then_resize075,4.7570343017578125,0.9914821273544501
xception_deepfakebench,external,1,official,617,faceswap_faces_c23/725_724,ffpp_test:59,1,faceswap,h264_crf30_then_resize075,2.7264556884765625,0.9385698018521189
xception_deepfakebench,external,1,official,618,neuraltextures_faces_c23/724_725,ffpp_test:59,1,neuraltextures,h264_crf30_then_resize075,2.4626598358154297,0.9214823248735757
xception_deepfakebench,external,1,official,619,neuraltextures_faces_c23/725_724,ffpp_test:59,1,neuraltextures,h264_crf30_then_resize075,0.2604360580444336,0.5647434815060826
xception_deepfakebench,external,1,official,620,original_faces_c23/608,ffpp_test:50,0,real,h264_crf30_then_resize075,-0.6852898597717285,0.3350816851849332
xception_deepfakebench,external,1,official,621,original_faces_c23/675,ffpp_test:50,0,real,h264_crf30_then_resize075,-1.938939094543457,0.1257644543864266
xception_deepfakebench,external,1,official,622,deepfakes_faces_c23/608_675,ffpp_test:50,1,deepfakes,h264_crf30_then_resize075,3.60089111328125,0.9734260672538876
xception_deepfakebench,external,1,official,623,deepfakes_faces_c23/675_608,ffpp_test:50,1,deepfakes,h264_crf30_then_resize075,2.027812957763672,0.8836864720351386
xception_deepfakebench,external,1,official,624,face2face_faces_c23/608_675,ffpp_test:50,1,face2face,h264_crf30_then_resize075,1.463357925415039,0.8120457235385877
xception_deepfakebench,external,1,official,625,face2face_faces_c23/675_608,ffpp_test:50,1,face2face,h264_crf30_then_resize075,1.7670974731445312,0.8540963420316529
xception_deepfakebench,external,1,official,626,faceswap_faces_c23/608_675,ffpp_test:50,1,faceswap,h264_crf30_then_resize075,4.6443634033203125,0.9904759311016821
xception_deepfakebench,external,1,official,627,faceswap_faces_c23/675_608,ffpp_test:50,1,faceswap,h264_crf30_then_resize075,1.394561767578125,0.8013195048527628
xception_deepfakebench,external,1,official,628,neuraltextures_faces_c23/608_675,ffpp_test:50,1,neuraltextures,h264_crf30_then_resize075,-0.12226390838623047,0.46947204227023187
xception_deepfakebench,external,1,official,629,neuraltextures_faces_c23/675_608,ffpp_test:50,1,neuraltextures,h264_crf30_then_resize075,-0.4421730041503906,0.3912233078452337
xception_deepfakebench,external,1,official,630,original_faces_c23/386,ffpp_test:14,0,real,h264_crf30_then_resize075,-1.4041786193847656,0.19715386484265546
xception_deepfakebench,external,1,official,631,original_faces_c23/154,ffpp_test:14,0,real,h264_crf30_then_resize075,-2.8762969970703125,0.05333780272848162
xception_deepfakebench,external,1,official,632,deepfakes_faces_c23/386_154,ffpp_test:14,1,deepfakes,h264_crf30_then_resize075,4.416015625,0.9880619618525307
xception_deepfakebench,external,1,official,633,deepfakes_faces_c23/154_386,ffpp_test:14,1,deepfakes,h264_crf30_then_resize075,3.8376617431640625,0.978910434162193
xception_deepfakebench,external,1,official,634,face2face_faces_c23/386_154,ffpp_test:14,1,face2face,h264_crf30_then_resize075,0.13382291793823242,0.5334058900391612
xception_deepfakebench,external,1,official,635,face2face_faces_c23/154_386,ffpp_test:14,1,face2face,h264_crf30_then_resize075,2.160989761352539,0.8966912721145879
xception_deepfakebench,external,1,official,636,faceswap_faces_c23/386_154,ffpp_test:14,1,faceswap,h264_crf30_then_resize075,1.6573610305786133,0.8398834346585979
xception_deepfakebench,external,1,official,637,faceswap_faces_c23/154_386,ffpp_test:14,1,faceswap,h264_crf30_then_resize075,1.2725486755371094,0.781178726946467
xception_deepfakebench,external,1,official,638,neuraltextures_faces_c23/386_154,ffpp_test:14,1,neuraltextures,h264_crf30_then_resize075,0.29606151580810547,0.5734794404954007
xception_deepfakebench,external,1,official,639,neuraltextures_faces_c23/154_386,ffpp_test:14,1,neuraltextures,h264_crf30_then_resize075,-0.6683127880096436,0.33887473867178597
xception_deepfakebench,external,1,official,640,original_faces_c23/220,ffpp_test:20,0,real,h264_crf30_then_resize075,-0.37965965270996094,0.40620898731572375
xception_deepfakebench,external,1,official,641,original_faces_c23/219,ffpp_test:20,0,real,h264_crf30_then_resize075,-1.4154503345489502,0.19537581857341285
xception_deepfakebench,external,1,official,642,deepfakes_faces_c23/220_219,ffpp_test:20,1,deepfakes,h264_crf30_then_resize075,2.128711700439453,0.8936626436492825
xception_deepfakebench,external,1,official,643,deepfakes_faces_c23/219_220,ffpp_test:20,1,deepfakes,h264_crf30_then_resize075,6.411277770996094,0.9983597708917535
xception_deepfakebench,external,1,official,644,face2face_faces_c23/220_219,ffpp_test:20,1,face2face,h264_crf30_then_resize075,1.4354467391967773,0.8077485624579959
xception_deepfakebench,external,1,official,645,face2face_faces_c23/219_220,ffpp_test:20,1,face2face,h264_crf30_then_resize075,2.4453582763671875,0.9202213472276591
xception_deepfakebench,external,1,official,646,faceswap_faces_c23/220_219,ffpp_test:20,1,faceswap,h264_crf30_then_resize075,2.8481950759887695,0.9452253089428817
xception_deepfakebench,external,1,official,647,faceswap_faces_c23/219_220,ffpp_test:20,1,faceswap,h264_crf30_then_resize075,0.1616353988647461,0.5403211021504328
xception_deepfakebench,external,1,official,648,neuraltextures_faces_c23/220_219,ffpp_test:20,1,neuraltextures,h264_crf30_then_resize075,1.960174560546875,0.8765518426479616
xception_deepfakebench,external,1,official,649,neuraltextures_faces_c23/219_220,ffpp_test:20,1,neuraltextures,h264_crf30_then_resize075,0.3101692199707031,0.5769265652698817
xception_deepfakebench,external,1,official,650,original_faces_c23/801,ffpp_test:63,0,real,h264_crf30_then_resize075,-3.614593505859375,0.026221772557032175
xception_deepfakebench,external,1,official,651,original_faces_c23/855,ffpp_test:63,0,real,h264_crf30_then_resize075,-3.762237548828125,0.022704241971190194
xception_deepfakebench,external,1,official,652,deepfakes_faces_c23/801_855,ffpp_test:63,1,deepfakes,h264_crf30_then_resize075,4.55908203125,0.9896368522385004
xception_deepfakebench,external,1,official,653,deepfakes_faces_c23/855_801,ffpp_test:63,1,deepfakes,h264_crf30_then_resize075,2.374053955078125,0.9148272696695152
xception_deepfakebench,external,1,official,654,face2face_faces_c23/801_855,ffpp_test:63,1,face2face,h264_crf30_then_resize075,-1.8164339065551758,0.13986232634555532
xception_deepfakebench,external,1,official,655,face2face_faces_c23/855_801,ffpp_test:63,1,face2face,h264_crf30_then_resize075,1.6349239349365234,0.8368430524483653
xception_deepfakebench,external,1,official,656,faceswap_faces_c23/801_855,ffpp_test:63,1,faceswap,h264_crf30_then_resize075,-0.45288848876953125,0.3886742218484831
xception_deepfakebench,external,1,official,657,faceswap_faces_c23/855_801,ffpp_test:63,1,faceswap,h264_crf30_then_resize075,0.7431545257568359,0.6776852786651536
xception_deepfakebench,external,1,official,658,neuraltextures_faces_c23/801_855,ffpp_test:63,1,neuraltextures,h264_crf30_then_resize075,-1.2363033294677734,0.22508010014894148
xception_deepfakebench,external,1,official,659,neuraltextures_faces_c23/855_801,ffpp_test:63,1,neuraltextures,h264_crf30_then_resize075,-0.12520039081573486,0.4687407244202306
xception_deepfakebench,external,1,official,660,original_faces_c23/161,ffpp_test:13,0,real,h264_crf30_then_resize075,-2.728626251220703,0.061305170102980554
xception_deepfakebench,external,1,official,661,original_faces_c23/141,ffpp_test:13,0,real,h264_crf30_then_resize075,-1.7685089111328125,0.1457278584128966
xception_deepfakebench,external,1,official,662,deepfakes_faces_c23/161_141,ffpp_test:13,1,deepfakes,h264_crf30_then_resize075,4.205474853515625,0.9853054476201991
xception_deepfakebench,external,1,official,663,deepfakes_faces_c23/141_161,ffpp_test:13,1,deepfakes,h264_crf30_then_resize075,1.4519386291503906,0.8102966116034133
xception_deepfakebench,external,1,official,664,face2face_faces_c23/161_141,ffpp_test:13,1,face2face,h264_crf30_then_resize075,3.007749080657959,0.9529229792198686
xception_deepfakebench,external,1,official,665,face2face_faces_c23/141_161,ffpp_test:13,1,face2face,h264_crf30_then_resize075,1.2387773990631104,0.7753511311852129
xception_deepfakebench,external,1,official,666,faceswap_faces_c23/161_141,ffpp_test:13,1,faceswap,h264_crf30_then_resize075,4.847412109375,0.9922124590122853
xception_deepfakebench,external,1,official,667,faceswap_faces_c23/141_161,ffpp_test:13,1,faceswap,h264_crf30_then_resize075,2.6519126892089844,0.9341287802590538
xception_deepfakebench,external,1,official,668,neuraltextures_faces_c23/161_141,ffpp_test:13,1,neuraltextures,h264_crf30_then_resize075,1.750258445739746,0.8519853965642087
xception_deepfakebench,external,1,official,669,neuraltextures_faces_c23/141_161,ffpp_test:13,1,neuraltextures,h264_crf30_then_resize075,1.284155249595642,0.7831562616517679
xception_deepfakebench,external,1,official,670,original_faces_c23/949,ffpp_test:66,0,real,h264_crf30_then_resize075,-1.4369049072265625,0.19202509903890727
xception_deepfakebench,external,1,official,671,original_faces_c23/868,ffpp_test:66,0,real,h264_crf30_then_resize075,-2.501251220703125,0.07577051133650875
xception_deepfakebench,external,1,official,672,deepfakes_faces_c23/949_868,ffpp_test:66,1,deepfakes,h264_crf30_then_resize075,2.834136962890625,0.9444928860379117
xception_deepfakebench,external,1,official,673,deepfakes_faces_c23/868_949,ffpp_test:66,1,deepfakes,h264_crf30_then_resize075,4.128387451171875,0.9841465464822666
xception_deepfakebench,external,1,official,674,face2face_faces_c23/949_868,ffpp_test:66,1,face2face,h264_crf30_then_resize075,3.6657257080078125,0.97505269482116
xception_deepfakebench,external,1,official,675,face2face_faces_c23/868_949,ffpp_test:66,1,face2face,h264_crf30_then_resize075,0.0010433197021484375,0.5002608299018774
xception_deepfakebench,external,1,official,676,faceswap_faces_c23/949_868,ffpp_test:66,1,faceswap,h264_crf30_then_resize075,1.76953125,0.8543993677396563
xception_deepfakebench,external,1,official,677,faceswap_faces_c23/868_949,ffpp_test:66,1,faceswap,h264_crf30_then_resize075,1.564666748046875,0.8270219814000226
xception_deepfakebench,external,1,official,678,neuraltextures_faces_c23/949_868,ffpp_test:66,1,neuraltextures,h264_crf30_then_resize075,0.47818565368652344,0.6173193518777393
xception_deepfakebench,external,1,official,679,neuraltextures_faces_c23/868_949,ffpp_test:66,1,neuraltextures,h264_crf30_then_resize075,-0.4762156009674072,0.3831461532701469
xception_deepfakebench,external,1,official,680,original_faces_c23/880,ffpp_test:11,0,real,h264_crf30_then_resize075,-0.927922248840332,0.2833464352288862
xception_deepfakebench,external,1,official,681,original_faces_c23/135,ffpp_test:11,0,real,h264_crf30_then_resize075,-2.21207332611084,0.09867152748112874
xception_deepfakebench,external,1,official,682,deepfakes_faces_c23/880_135,ffpp_test:11,1,deepfakes,h264_crf30_then_resize075,0.6885945796966553,0.6656542111169609
xception_deepfakebench,external,1,official,683,deepfakes_faces_c23/135_880,ffpp_test:11,1,deepfakes,h264_crf30_then_resize075,7.1461181640625,0.9992127036079996
xception_deepfakebench,external,1,official,684,face2face_faces_c23/880_135,ffpp_test:11,1,face2face,h264_crf30_then_resize075,0.018392324447631836,0.5045979514973061
xception_deepfakebench,external,1,official,685,face2face_faces_c23/135_880,ffpp_test:11,1,face2face,h264_crf30_then_resize075,3.74884033203125,0.97699658182117
xception_deepfakebench,external,1,official,686,faceswap_faces_c23/880_135,ffpp_test:11,1,faceswap,h264_crf30_then_resize075,0.7022950649261475,0.6686964210446574
xception_deepfakebench,external,1,official,687,faceswap_faces_c23/135_880,ffpp_test:11,1,faceswap,h264_crf30_then_resize075,3.754852294921875,0.9771313094814933
xception_deepfakebench,external,1,official,688,neuraltextures_faces_c23/880_135,ffpp_test:11,1,neuraltextures,h264_crf30_then_resize075,-0.3691864013671875,0.4087376302995294
xception_deepfakebench,external,1,official,689,neuraltextures_faces_c23/135_880,ffpp_test:11,1,neuraltextures,h264_crf30_then_resize075,-0.3529777526855469,0.4126605105461368
xception_deepfakebench,external,1,official,690,original_faces_c23/429,ffpp_test:35,0,real,h264_crf30_then_resize075,-1.798614501953125,0.14201980436770587
xception_deepfakebench,external,1,official,691,original_faces_c23/404,ffpp_test:35,0,real,h264_crf30_then_resize075,-0.9386720657348633,0.2811686571438363
xception_deepfakebench,external,1,official,692,deepfakes_faces_c23/429_404,ffpp_test:35,1,deepfakes,h264_crf30_then_resize075,6.6439208984375,0.998699780216067
xception_deepfakebench,external,1,official,693,deepfakes_faces_c23/404_429,ffpp_test:35,1,deepfakes,h264_crf30_then_resize075,-2.1150970458984375,0.10763810457371993
xception_deepfakebench,external,1,official,694,face2face_faces_c23/429_404,ffpp_test:35,1,face2face,h264_crf30_then_resize075,0.6605243682861328,0.6593781706743583
xception_deepfakebench,external,1,official,695,face2face_faces_c23/404_429,ffpp_test:35,1,face2face,h264_crf30_then_resize075,4.671173095703125,0.9907255394310431
xception_deepfakebench,external,1,official,696,faceswap_faces_c23/429_404,ffpp_test:35,1,faceswap,h264_crf30_then_resize075,4.762359619140625,0.9915269838469849
xception_deepfakebench,external,1,official,697,faceswap_faces_c23/404_429,ffpp_test:35,1,faceswap,h264_crf30_then_resize075,1.1426692008972168,0.7581693703738244
xception_deepfakebench,external,1,official,698,neuraltextures_faces_c23/429_404,ffpp_test:35,1,neuraltextures,h264_crf30_then_resize075,0.503565788269043,0.623296938041709
xception_deepfakebench,external,1,official,699,neuraltextures_faces_c23/404_429,ffpp_test:35,1,neuraltextures,h264_crf30_then_resize075,1.0128898620605469,0.7335853189205469
